"IndividualId","Time [min]","Organism|PeripheralVenousBlood|Compound1|Plasma (Peripheral Venous Blood) [µmol/l]"
0,0,0
0,10,23.574865
0,20,37.504753
0,30,36.482887
0,40,32.129993
0,50,28.24022
0,60,25.457039
0,70,23.583435
0,80,22.315666
0,90,21.419662
0,100,20.744257
0,110,20.199
0,120,19.73159
0,130,19.312288
0,140,18.924255
0,150,18.55777
0,160,18.20716
0,170,17.86901
0,180,17.541176
0,190,17.222246
0,200,16.91126
0,210,16.607525
0,220,16.310522
0,230,16.01985
0,240,15.735184
0,250,15.456257
0,260,15.182843
0,270,14.91475
0,280,14.651808
0,290,14.393863
0,300,14.14078
0,310,13.892433
0,320,13.648707
0,330,13.409493
0,340,13.17469
0,350,12.944201
0,360,12.717936
0,370,12.495804
0,380,12.277722
0,390,12.06361
0,400,11.853387
0,410,11.646977
0,420,11.444306
0,430,11.245301
0,440,11.049892
0,450,10.85801
0,460,10.669588
0,470,10.48456
0,480,10.302861
0,490,10.12443
0,500,9.949203
0,510,9.777122
0,520,9.608126
0,530,9.442159
0,540,9.279163
0,550,9.119084
0,560,8.961866
0,570,8.807458
0,580,8.655805
0,590,8.506858
0,600,8.360565
0,610,8.216878
0,620,8.0757475
0,630,7.937128
0,640,7.800972
0,650,7.667234
0,660,7.535869
0,670,7.406834
0,680,7.2800856
0,690,7.1555815
0,700,7.033281
0,710,6.913143
0,720,6.7951283
0,730,6.679198
0,740,6.565313
0,750,6.453436
0,760,6.343531
0,770,6.2355614
0,780,6.129492
0,790,6.025287
0,800,5.9229145
0,810,5.822339
0,820,5.723529
0,830,5.626452
0,840,5.531076
0,850,5.4373703
0,860,5.345305
0,870,5.25485
0,880,5.165976
0,890,5.0786543
0,900,4.9928565
0,910,4.9085555
0,920,4.825724
0,930,4.744336
0,940,4.6643643
0,950,4.585784
0,960,4.50857
0,970,4.432698
0,980,4.3581424
0,990,4.284881
0,1000,4.21289
0,1010,4.1421466
0,1020,4.0726285
0,1030,4.0043135
0,1040,3.9371798
0,1050,3.8712068
0,1060,3.8063734
0,1070,3.742659
0,1080,3.680044
0,1090,3.6185086
0,1100,3.5580332
0,1110,3.4985995
0,1120,3.4401884
0,1130,3.382782
0,1140,3.3263621
0,1150,3.2709115
0,1160,3.2164125
0,1170,3.1628487
0,1180,3.110203
0,1190,3.0584598
0,1200,3.0076022
0,1210,2.9576154
0,1220,2.9084833
0,1230,2.8601909
0,1240,2.8127236
0,1250,2.7660668
0,1260,2.720206
0,1270,2.6751275
0,1280,2.630817
0,1290,2.5872612
0,1300,2.544447
0,1310,2.5023608
0,1320,2.4609907
0,1330,2.4203231
0,1340,2.3803465
0,1350,2.3410482
0,1360,2.3024168
0,1370,2.26444
0,1380,2.227107
0,1390,2.190406
0,1400,2.1543262
0,1410,2.118857
0,1420,2.083987
0,1430,2.0497065
0,1440,2.0160048
0,1450,1.9828718
0,1460,1.9502978
0,1470,1.918273
0,1480,1.8867878
0,1490,1.8558327
0,1500,1.8253988
0,1510,1.7954768
0,1520,1.766058
0,1530,1.7371335
0,1540,1.7086948
0,1550,1.6807334
0,1560,1.6532413
0,1570,1.6262101
0,1580,1.599632
0,1590,1.5734992
0,1600,1.5478039
0,1610,1.5225385
0,1620,1.4976957
0,1630,1.4732683
0,1640,1.4492489
0,1650,1.4256307
0,1660,1.4024067
0,1670,1.3795702
0,1680,1.3571144
0,1690,1.3350329
0,1700,1.3133193
0,1710,1.2919672
0,1720,1.2709705
0,1730,1.2503229
0,1740,1.2300186
0,1750,1.2100518
0,1760,1.1904166
0,1770,1.1711073
0,1780,1.1521186
0,1790,1.1334447
0,1800,1.1150802
0,1810,1.0970203
0,1820,1.0792594
0,1830,1.0617925
0,1840,1.0446146
0,1850,1.0277208
0,1860,1.0111063
0,1870,0.99476635
0,1880,0.9786962
0,1890,0.96289146
0,1900,0.94734746
0,1910,0.9320598
0,1920,0.91702425
0,1930,0.90223646
0,1940,0.8876922
0,1950,0.87338746
0,1960,0.85931814
0,1970,0.84548026
0,1980,0.8318699
0,1990,0.81848323
0,2000,0.8053165
0,2010,0.79236597
0,2020,0.77962804
0,2030,0.76709914
0,2040,0.7547757
0,2050,0.74265426
0,2060,0.7307315
0,2070,0.71900403
0,2080,0.70746857
0,2090,0.69612193
0,2100,0.6849609
0,2110,0.67398244
0,2120,0.6631834
0,2130,0.65256083
0,2140,0.6421118
0,2150,0.6318334
0,2160,0.62172264
0,2170,0.6117769
0,2180,0.6019934
0,2190,0.5923693
0,2200,0.5829021
0,2210,0.5735891
0,2220,0.5644277
0,2230,0.55541545
0,2240,0.54654986
0,2250,0.53782845
0,2260,0.5292488
0,2270,0.52080864
0,2280,0.51250553
0,2290,0.5043373
0,2300,0.4963017
0,2310,0.4883965
0,2320,0.48061955
0,2330,0.4729687
0,2340,0.46544185
0,2350,0.45803702
0,2360,0.4507521
0,2370,0.4435852
0,2380,0.4365343
0,2390,0.42959747
0,2400,0.42277288
0,2410,0.41605863
0,2420,0.40945294
0,2430,0.40295398
0,2440,0.39656004
0,2450,0.39026934
0,2460,0.38408017
0,2470,0.3779909
0,2480,0.3719999
0,2490,0.36610547
0,2500,0.36030608
0,2510,0.3546002
0,2520,0.3489862
0,2530,0.34346265
0,2540,0.33802804
0,2550,0.33268088
0,2560,0.3274198
0,2570,0.32224333
0,2580,0.31715012
0,2590,0.31213877
0,2600,0.30720794
0,2610,0.30235636
0,2620,0.2975827
0,2630,0.2928857
0,2640,0.28826407
0,2650,0.2837166
0,2660,0.27924207
0,2670,0.2748393
0,2680,0.27050716
0,2690,0.2662444
0,2700,0.26205
0,2710,0.25792274
0,2720,0.25386158
0,2730,0.24986546
0,2740,0.24593328
0,2750,0.242064
0,2760,0.23825663
0,2770,0.23451014
0,2780,0.23082353
0,2790,0.22719586
0,2800,0.22362614
0,2810,0.22011344
0,2820,0.21665683
0,2830,0.21325542
0,2840,0.20990829
0,2850,0.20661457
0,2860,0.20337337
0,2870,0.20018388
0,2880,0.19704524
0,2890,0.19395663
0,2900,0.19091722
0,2910,0.18792625
0,2920,0.18498291
0,2930,0.18208644
0,2940,0.17923607
0,2950,0.17643106
0,2960,0.1736707
0,2970,0.17095423
0,2980,0.16828097
0,2990,0.16565022
0,3000,0.16306126
0,3010,0.16051346
0,3020,0.15800615
0,3030,0.15553865
0,3040,0.15311033
0,3050,0.15072057
0,3060,0.14836873
0,3070,0.14605422
0,3080,0.14377643
0,3090,0.14153478
0,3100,0.13932866
0,3110,0.13715751
0,3120,0.13502078
0,3130,0.13291791
0,3140,0.13084836
0,3150,0.12881158
0,3160,0.12680706
0,3170,0.124834284
0,3180,0.12289273
0,3190,0.1209819
0,3200,0.11910131
0,3210,0.117250465
0,3220,0.11542889
0,3230,0.11363612
0,3240,0.11187169
0,3250,0.110135145
0,3260,0.10842605
0,3270,0.10674395
0,3280,0.10508841
0,3290,0.10345903
0,3300,0.101855375
0,3310,0.10027703
0,3320,0.0987236
0,3330,0.09719467
0,3340,0.09568987
0,3350,0.09420881
0,3360,0.0927511
0,3370,0.09131637
0,3380,0.08990426
0,3390,0.08851441
0,3400,0.08714646
0,3410,0.08580006
0,3420,0.08447487
0,3430,0.08317054
0,3440,0.08188676
0,3450,0.08062319
0,3460,0.0793795
0,3470,0.07815538
0,3480,0.07695053
0,3490,0.075764626
0,3500,0.07459738
0,3510,0.07344849
0,3520,0.07231766
0,3530,0.07120461
0,3540,0.07010905
0,3550,0.0690307
0,3560,0.0679693
0,3570,0.06692458
0,3580,0.06589626
0,3590,0.06488408
0,3600,0.063887805
0,3610,0.06290717
0,3620,0.061941914
0,3630,0.060991812
0,3640,0.060056616
0,3650,0.059136093
0,3660,0.058230005
0,3670,0.057338126
0,3680,0.05646023
0,3690,0.055596102
0,3700,0.054745514
0,3710,0.05390826
0,3720,0.05308412
0,3730,0.052272893
0,3740,0.051474374
0,3750,0.05068836
0,3760,0.049914658
0,3770,0.049153063
0,3780,0.048403397
0,3790,0.04766546
0,3800,0.04693907
0,3810,0.04622405
0,3820,0.045520213
0,3830,0.044827387
0,3840,0.044145394
0,3850,0.043474067
0,3860,0.042813238
0,3870,0.04216274
0,3880,0.041522406
0,3890,0.04089208
0,3900,0.040271603
0,3910,0.03966082
0,3920,0.039059576
0,3930,0.038467724
0,3940,0.037885115
0,3950,0.037311602
0,3960,0.036747046
0,3970,0.0361913
0,3980,0.035644226
0,3990,0.03510569
0,4000,0.034575555
0,4010,0.034053694
0,4020,0.033539973
0,4030,0.03303426
0,4040,0.032536436
0,4050,0.032046374
0,4060,0.031563953
0,4070,0.031089049
0,4080,0.030621547
0,4090,0.030161332
0,4100,0.029708287
0,4110,0.029262299
0,4120,0.028823256
0,4130,0.028391054
0,4140,0.027965583
0,4150,0.027546734
0,4160,0.027134407
0,4170,0.026728498
0,4180,0.026328906
0,4190,0.025935534
0,4200,0.025548283
0,4210,0.025167055
0,4220,0.024791759
0,4230,0.0244223
0,4240,0.024058584
0,4250,0.023700526
0,4260,0.023348035
0,4270,0.023001023
0,4280,0.022659404
0,4290,0.022323096
0,4300,0.021992013
0,4310,0.021666074
0,4320,0.021345198
0,4330,0.021029308
0,4340,0.020718323
0,4350,0.020412168
0,4360,0.020110765
0,4370,0.019814042
0,4380,0.019521926
0,4390,0.019234343
0,4400,0.018951222
0,4410,0.018672496
0,4420,0.018398095
0,4430,0.01812795
0,4440,0.017861994
0,4450,0.017600164
0,4460,0.017342394
0,4470,0.01708862
0,4480,0.016838782
0,4490,0.016592816
0,4500,0.016350662
0,4510,0.01611226
0,4520,0.015877552
0,4530,0.015646482
0,4540,0.0154189905
0,4550,0.015195023
0,4560,0.014974524
0,4570,0.0147574395
0,4580,0.014543716
0,4590,0.014333301
0,4600,0.014126144
0,4610,0.013922192
0,4620,0.013721397
0,4630,0.013523709
0,4640,0.013329078
0,4650,0.01313746
0,4660,0.012948805
0,4670,0.012763066
0,4680,0.012580201
0,4690,0.012400162
0,4700,0.012222907
0,4710,0.012048391
0,4720,0.011876573
0,4730,0.011707409
0,4740,0.01154086
0,4750,0.011376883
0,4760,0.011215438
0,4770,0.011056488
0,4780,0.010899992
0,4790,0.010745913
0,4800,0.0105942115
0,4810,0.0104448525
0,4820,0.010297798
0,4830,0.010153013
0,4840,0.010010462
0,4850,0.009870111
0,4860,0.009731924
0,4870,0.009595869
0,4880,0.009461911
0,4890,0.00933002
0,4900,0.009200161
0,4910,0.009072305
0,4920,0.008946419
0,4930,0.008822472
0,4940,0.008700435
0,4950,0.008580279
0,4960,0.008461974
0,4970,0.008345489
0,4980,0.0082308
0,4990,0.008117875
0,5000,0.008006689
0,5010,0.007897214
0,5020,0.0077894246
0,5030,0.0076832934
0,5040,0.007578795
0,5050,0.0074759037
0,5060,0.007374595
0,5070,0.007274844
0,5080,0.0071766274
0,5090,0.0070799203
0,5100,0.0069846995
0,5110,0.006890942
0,5120,0.006798625
0,5130,0.006707726
0,5140,0.006618224
0,5150,0.006530096
0,5160,0.0064433212
0,5170,0.006357879
0,5180,0.006273748
0,5190,0.006190908
0,5200,0.0061093397
0,5210,0.0060290224
0,5220,0.0059499373
0,5230,0.0058720647
0,5240,0.0057953866
0,5250,0.005719884
0,5260,0.0056455387
0,5270,0.0055723325
0,5280,0.005500248
0,5290,0.005429268
0,5300,0.005359375
0,5310,0.0052905525
0,5320,0.005222784
0,5330,0.0051560523
0,5340,0.005090342
0,5350,0.0050256373
0,5360,0.0049619223
0,5370,0.0048991824
0,5380,0.0048374017
0,5390,0.0047765654
0,5400,0.004716659
0,5410,0.004657668
0,5420,0.0045995787
0,5430,0.004542377
0,5440,0.0044860486
0,5450,0.0044305804
0,5460,0.0043759593
0,5470,0.0043221717
0,5480,0.0042692046
0,5490,0.004217046
0,5500,0.0041656825
0,5510,0.004115103
0,5520,0.004065294
0,5530,0.004016244
0,5540,0.0039679417
0,5550,0.0039203754
0,5560,0.0038735333
0,5570,0.0038274047
0,5580,0.0037819783
0,5590,0.0037372431
0,5600,0.0036931888
0,5610,0.0036498045
0,5620,0.0036070799
0,5630,0.003565005
0,5640,0.0035235696
0,5650,0.0034827637
0,5660,0.0034425778
0,5670,0.003403002
0,5680,0.0033640272
0,5690,0.003325644
0,5700,0.0032878432
0,5710,0.003250616
0,5720,0.003213953
0,5730,0.0031778459
0,5740,0.003142286
0,5750,0.003107265
0,5760,0.0030727745
0,5770,0.0030388061
0,5780,0.003005352
0,5790,0.0029724042
0,5800,0.0029399546
0,5810,0.0029079958
0,5820,0.0028765202
0,5830,0.0028455202
0,5840,0.0028149884
0,5850,0.0027849178
0,5860,0.0027553013
0,5870,0.0027261316
0,5880,0.002697402
0,5890,0.0026691053
0,5900,0.0026412355
0,5910,0.0026137857
0,5920,0.0025867491
0,5930,0.0025601198
0,5940,0.0025338915
0,5950,0.0025080575
0,5960,0.0024826122
0,5970,0.0024575493
0,5980,0.0024328632
0,5990,0.0024085478
0,6000,0.0023845977
0,6010,0.0023610068
0,6020,0.00233777
0,6030,0.0023148817
0,6040,0.0022923362
0,6050,0.0022701288
0,6060,0.0022482537
0,6070,0.0022267064
0,6080,0.002205481
0,6090,0.0021845733
0,6100,0.0021639783
0,6110,0.0021436908
0,6120,0.0021237063
0,6130,0.00210402
0,6140,0.0020846275
0,6150,0.0020655242
0,6160,0.0020467055
0,6170,0.002028167
0,6180,0.0020099047
0,6190,0.0019919141
0,6200,0.001974191
0,6210,0.0019567313
0,6220,0.001939531
0,6230,0.001922586
0,6240,0.0019058925
0,6250,0.0018894466
0,6260,0.0018732444
0,6270,0.0018572821
0,6280,0.0018415563
0,6290,0.0018260629
0,6300,0.0018107988
0,6310,0.00179576
0,6320,0.0017809434
0,6330,0.0017663455
0,6340,0.0017519627
0,6350,0.001737792
0,6360,0.00172383
0,6370,0.0017100734
0,6380,0.0016965192
0,6390,0.0016831642
0,6400,0.0016700053
0,6410,0.0016570394
0,6420,0.0016442639
0,6430,0.0016316754
0,6440,0.0016192714
0,6450,0.0016070488
0,6460,0.0015950048
0,6470,0.001583137
0,6480,0.0015714423
0,6490,0.0015599182
0,6500,0.0015485621
0,6510,0.0015373713
0,6520,0.0015263435
0,6530,0.0015154759
0,6540,0.0015047662
0,6550,0.0014942118
0,6560,0.0014838106
0,6570,0.0014735601
0,6580,0.001463458
0,6590,0.0014535019
0,6600,0.0014436897
0,6610,0.0014340191
0,6620,0.0014244879
0,6630,0.0014150941
0,6640,0.0014058355
0,6650,0.00139671
0,6660,0.0013877156
0,6670,0.0013788503
0,6680,0.0013701121
0,6690,0.001361499
0,6700,0.001353009
0,6710,0.0013446404
0,6720,0.0013363913
0,6730,0.0013282597
0,6740,0.001320244
0,6750,0.0013123424
0,6760,0.001304553
0,6770,0.0012968741
0,6780,0.0012893042
0,6790,0.0012818414
0,6800,0.0012744842
0,6810,0.001267231
0,6820,0.00126008
0,6830,0.0012530298
0,6840,0.0012460788
0,6850,0.0012392255
0,6860,0.0012324684
0,6870,0.001225806
0,6880,0.0012192369
0,6890,0.0012127596
0,6900,0.0012063727
0,6910,0.0012000749
0,6920,0.0011938649
0,6930,0.001187741
0,6940,0.0011817022
0,6950,0.0011757471
0,6960,0.0011698744
0,6970,0.001164083
0,6980,0.0011583713
0,6990,0.0011527385
0,7000,0.0011471831
0,7010,0.0011417039
0,7020,0.0011362999
0,7030,0.00113097
0,7040,0.0011257128
0,7050,0.0011205274
0,7060,0.0011154126
0,7070,0.0011103674
0,7080,0.0011053906
0,7090,0.0011004813
0,7100,0.0010956384
0,7110,0.0010908609
0,7120,0.0010861477
0,7130,0.001081498
0,7140,0.0010769108
0,7150,0.001072385
0,7160,0.0010679197
0,7170,0.001063514
0,7180,0.0010591671
0,7190,0.001054878
0,7200,0.0010506457
0,7210,0.0010464696
0,7220,0.0010423486
0,7230,0.0010382821
0,7240,0.0010342689
0,7250,0.0010303085
0,7260,0.0010264
0,7270,0.0010225427
0,7280,0.0010187357
0,7290,0.0010149782
0,7300,0.0010112695
0,7310,0.0010076088
0,7320,0.0010039955
0,7330,0.0010004288
0,7340,0.000996908
0,7350,0.0009934325
0,7360,0.0009900014
0,7370,0.000986614
0,7380,0.0009832699
0,7390,0.0009799683
0,7400,0.0009767085
0,7410,0.00097348995
0,7420,0.000970312
0,7430,0.000967174
0,7440,0.0009640753
0,7450,0.00096101547
0,7460,0.00095799373
0,7470,0.0009550096
0,7480,0.0009520625
0,7490,0.0009491518
0,7500,0.00094627705
0,7510,0.0009434376
0,7520,0.00094063306
0,7530,0.00093786273
0,7540,0.0009351262
0,7550,0.00093242293
0,7560,0.00092975236
0,7570,0.0009271141
0,7580,0.00092450756
0,7590,0.0009219323
0,7600,0.00091938785
0,7610,0.00091687375
0,7620,0.0009143895
0,7630,0.00091193465
0,7640,0.00090950885
0,7650,0.0009071115
0,7660,0.0009047423
0,7670,0.00090240076
0,7680,0.0009000865
0,7690,0.0008977991
0,7700,0.0008955381
0,7710,0.00089330313
0,7720,0.00089109386
0,7730,0.0008889098
0,7740,0.00088675064
0,7750,0.00088461593
0,7760,0.0008825054
0,7770,0.0008804186
0,7780,0.00087835523
0,7790,0.0008763149
0,7800,0.0008742972
0,7810,0.000872302
0,7820,0.0008703287
0,7830,0.00086837716
0,7840,0.00086644694
0,7850,0.0008645378
0,7860,0.00086264935
0,7870,0.0008607813
0,7880,0.0008589334
0,7890,0.00085710525
0,7900,0.0008552966
0,7910,0.0008535072
0,7920,0.0008517367
0,7930,0.0008499848
0,7940,0.0008482513
0,7950,0.00084653584
0,7960,0.0008448382
0,7970,0.00084315817
0,7980,0.00084149535
0,7990,0.0008398495
0,8000,0.00083822047
0,8010,0.00083660794
0,8020,0.00083501165
0,8030,0.00083343143
0,8040,0.0008318669
0,8050,0.000830318
0,8060,0.00082878437
0,8070,0.00082726585
0,8080,0.00082576217
0,8090,0.0008242731
0,8100,0.00082279847
0,8110,0.000821338
0,8120,0.0008198915
0,8130,0.00081845885
0,8140,0.00081703975
0,8150,0.000815634
0,8160,0.0008142414
0,8170,0.00081286184
0,8180,0.000811495
0,8190,0.00081014074
0,8200,0.00080879894
0,8210,0.00080746936
0,8220,0.0008061518
0,8230,0.00080484606
0,8240,0.00080355204
0,8250,0.0008022695
0,8260,0.0008009983
0,8270,0.0007997383
0,8280,0.0007984893
0,8290,0.0007972511
0,8300,0.00079602364
0,8310,0.0007948067
0,8320,0.00079360005
0,8330,0.0007924037
0,8340,0.0007912174
0,8350,0.00079004094
0,8360,0.00078887434
0,8370,0.0007877173
0,8380,0.0007865698
0,8390,0.0007854316
0,8400,0.0007843026
0,8410,0.00078318274
0,8420,0.00078207324
0,8430,0.0007809715
0,8440,0.0007798783
0,8450,0.00077879336
0,8460,0.0007777167
0,8470,0.00077664823
0,8480,0.00077558804
0,8490,0.00077453523
0,8500,0.00077348994
0,8510,0.0007724526
0,8520,0.0007714231
0,8530,0.0007704015
0,8540,0.0007693878
0,8550,0.0007683806
0,8560,0.00076738035
0,8570,0.0007663874
0,8580,0.00076540175
0,8590,0.00076442346
0,8600,0.00076345244
0,8610,0.0007624874
0,8620,0.0007615287
0,8630,0.00076057663
0,8640,0.0007596314
0,8650,0.0007586929
0,8660,0.0007577612
0,8670,0.00075683533
0,8680,0.0007559154
0,8690,0.0007550016
0,8700,0.0007540938
0,8710,0.000753192
0,8720,0.000752296
0,8730,0.00075140584
0,8740,0.0007505213
0,8750,0.00074964244
0,8760,0.00074876903
0,8770,0.0007479011
0,8780,0.0007470385
0,8790,0.0007461812
0,8800,0.000745329
0,8810,0.0007444819
0,8820,0.00074363983
0,8830,0.00074280263
0,8840,0.00074197026
0,8850,0.0007411428
0,8860,0.00074032
0,8870,0.0007395019
0,8880,0.0007386884
0,8890,0.00073787937
0,8900,0.00073707476
0,8910,0.00073627464
0,8920,0.0007354788
0,8930,0.00073468726
0,8940,0.0007338999
0,8950,0.00073311664
0,8960,0.0007323375
0,8970,0.0007315623
0,8980,0.00073079125
0,8990,0.00073002407
0,9000,0.0007292607
0,9010,0.0007285012
0,9020,0.00072774536
0,9030,0.00072699325
0,9040,0.0007262449
0,9050,0.0007255001
0,9060,0.00072475884
0,9070,0.0007240211
0,9080,0.00072328676
0,9090,0.0007225559
0,9100,0.00072182843
0,9110,0.00072110427
0,9120,0.00072038337
0,9130,0.0007196657
0,9140,0.0007189512
0,9150,0.00071823987
0,9160,0.00071753166
0,9170,0.0007168265
0,9180,0.00071612437
0,9190,0.0007154252
0,9200,0.00071472896
0,9210,0.0007140356
0,9220,0.0007133452
0,9230,0.0007126575
0,9240,0.0007119727
0,9250,0.0007112906
0,9260,0.0007106112
0,9270,0.0007099345
0,9280,0.0007092604
0,9290,0.000708589
0,9300,0.0007079201
0,9310,0.00070725376
0,9320,0.0007065899
0,9330,0.00070592854
0,9340,0.00070526963
0,9350,0.0007046131
0,9360,0.000703959
0,9370,0.0007033072
0,9380,0.00070265774
0,9390,0.0007020106
0,9400,0.00070136564
0,9410,0.000700723
0,9420,0.0007000825
0,9430,0.0006994442
0,9440,0.000698808
0,9450,0.00069817394
0,9460,0.00069754204
0,9470,0.0006969121
0,9480,0.0006962843
0,9490,0.00069565844
0,9500,0.00069503457
0,9510,0.00069441274
0,9520,0.00069379277
0,9530,0.0006931748
0,9540,0.00069255865
0,9550,0.0006919444
0,9560,0.0006913319
0,9570,0.0006907213
0,9580,0.00069011253
0,9590,0.00068950554
0,9600,0.0006889003
0,9610,0.00068829674
0,9620,0.00068769493
0,9630,0.0006870948
0,9640,0.0006864964
0,9650,0.00068589963
0,9660,0.00068530446
0,9670,0.0006847109
0,9680,0.000684119
0,9690,0.0006835286
0,9700,0.00068293983
0,9710,0.0006823526
0,9720,0.00068176683
0,9730,0.0006811826
0,9740,0.0006805998
0,9750,0.0006800185
0,9760,0.0006794387
0,9770,0.0006788603
0,9780,0.00067828334
0,9790,0.0006777077
0,9800,0.00067713356
0,9810,0.00067656074
0,9820,0.0006759893
0,9830,0.00067541917
0,9840,0.00067485037
0,9850,0.0006742829
0,9860,0.0006737167
0,9870,0.0006731518
0,9880,0.0006725882
0,9890,0.00067202584
0,9900,0.0006714647
0,9910,0.0006709048
0,9920,0.0006703461
0,9930,0.0006697886
0,9940,0.00066923234
0,9950,0.0006686772
0,9960,0.00066812325
0,9970,0.00066757045
0,9980,0.00066701876
0,9990,0.00066646823
0,10000,0.0006659188
0,10010,0.0006653705
0,10020,0.0006648233
0,10030,0.0006642771
0,10040,0.00066373206
0,10050,0.00066318805
0,10060,0.0006626451
0,10070,0.0006621031
0,10080,0.00066156226
0,10090,0.0006610223
0,10100,0.0006604835
0,10110,0.0006599456
0,10120,0.0006594087
0,10130,0.00065887277
0,10140,0.00065833784
0,10150,0.00065780384
0,10160,0.0006572708
0,10170,0.0006567387
0,10180,0.00065620756
0,10190,0.0006556773
0,10200,0.00065514795
0,10210,0.00065461954
0,10220,0.000654092
0,10230,0.00065356534
0,10240,0.0006530396
0,10250,0.00065251475
0,10260,0.0006519907
0,10270,0.00065146753
0,10280,0.00065094524
0,10290,0.00065042375
0,10300,0.0006499031
0,10310,0.0006493833
0,10320,0.0006488643
0,10330,0.0006483461
0,10340,0.00064782874
0,10350,0.00064731215
0,10360,0.00064679637
0,10370,0.00064628135
0,10380,0.00064576714
0,10390,0.0006452537
0,10400,0.000644741
0,10410,0.00064422906
0,10420,0.0006437179
0,10430,0.00064320746
0,10440,0.00064269773
0,10450,0.00064218877
0,10460,0.00064168056
0,10470,0.00064117304
0,10480,0.0006406662
0,10490,0.0006401602
0,10500,0.00063965475
0,10510,0.0006391501
0,10520,0.00063864613
0,10530,0.0006381428
0,10540,0.0006376402
0,10550,0.00063713826
0,10560,0.00063663704
0,10570,0.00063613645
0,10580,0.0006356365
0,10590,0.00063513726
0,10600,0.0006346386
0,10610,0.0006341406
0,10620,0.00063364336
0,10630,0.0006331467
0,10640,0.0006326506
0,10650,0.00063215516
0,10660,0.0006316604
0,10670,0.0006311662
0,10680,0.0006306727
0,10690,0.00063017977
0,10700,0.00062968745
0,10710,0.0006291957
0,10720,0.0006287046
0,10730,0.0006282141
0,10740,0.00062772416
0,10750,0.0006272348
0,10760,0.00062674604
0,10770,0.00062625785
0,10780,0.0006257703
0,10790,0.0006252833
0,10800,0.00062479684
0,10810,0.0006243109
0,10820,0.00062382565
0,10830,0.0006233409
0,10840,0.00062285666
0,10850,0.000622373
0,10860,0.00062188995
0,10870,0.0006214074
0,10880,0.0006209254
0,10890,0.00062044396
0,10900,0.00061996304
0,10910,0.00061948266
0,10920,0.0006190028
0,10930,0.00061852345
0,10940,0.00061804464
0,10950,0.0006175664
0,10960,0.00061708863
0,10970,0.0006166114
0,10980,0.00061613467
0,10990,0.0006156585
0,11000,0.00061518274
0,11010,0.00061470753
0,11020,0.00061423285
0,11030,0.00061375863
0,11040,0.00061328494
0,11050,0.00061281177
0,11060,0.00061233906
0,11070,0.0006118668
0,11080,0.0006113951
0,11090,0.00061092386
0,11100,0.00061045313
0,11110,0.0006099829
0,11120,0.0006095131
0,11130,0.00060904375
0,11140,0.0006085749
0,11150,0.00060810655
0,11160,0.0006076386
0,11170,0.0006071712
0,11180,0.00060670427
0,11190,0.00060623774
0,11200,0.0006057717
0,11210,0.0006053061
0,11220,0.00060484104
0,11230,0.0006043764
0,11240,0.00060391217
0,11250,0.00060344837
0,11260,0.0006029851
0,11270,0.0006025222
0,11280,0.0006020598
0,11290,0.0006015978
0,11300,0.0006011363
0,11310,0.00060067524
0,11320,0.0006002146
0,11330,0.0005997544
0,11340,0.0005992946
0,11350,0.0005988353
0,11360,0.0005983764
0,11370,0.00059791794
0,11380,0.0005974599
0,11390,0.0005970023
0,11400,0.0005965451
0,11410,0.00059608836
0,11420,0.000595632
0,11430,0.00059517607
0,11440,0.0005947206
0,11450,0.0005942655
0,11460,0.00059381087
0,11470,0.0005933566
0,11480,0.00059290277
0,11490,0.0005924494
0,11500,0.00059199636
0,11510,0.0005915438
0,11520,0.0005910916
0,11530,0.00059063983
0,11540,0.0005901884
0,11550,0.0005897375
0,11560,0.0005892869
0,11570,0.00058883673
0,11580,0.000588387
0,11590,0.00058793765
0,11600,0.0005874887
0,11610,0.00058704015
0,11620,0.00058659195
0,11630,0.0005861442
0,11640,0.00058569683
0,11650,0.00058524986
0,11660,0.00058480323
0,11670,0.00058435707
0,11680,0.00058391126
0,11690,0.0005834658
0,11700,0.0005830208
0,11710,0.00058257615
0,11720,0.0005821319
0,11730,0.000581688
0,11740,0.00058124453
0,11750,0.0005808014
0,11760,0.00058035867
0,11770,0.00057991635
0,11780,0.0005794744
0,11790,0.00057903276
0,11800,0.00057859154
0,11810,0.0005781507
0,11820,0.0005777102
0,11830,0.00057727017
0,11840,0.00057683047
0,11850,0.0005763911
0,11860,0.0005759521
0,11870,0.0005755135
0,11880,0.0005750753
0,11890,0.00057463744
0,11900,0.00057419995
0,11910,0.0005737628
0,11920,0.0005733261
0,11930,0.0005728897
0,11940,0.00057245366
0,11950,0.000572018
0,11960,0.0005715827
0,11970,0.0005711478
0,11980,0.0005707132
0,11990,0.00057027896
0,12000,0.00056984514
0,12010,0.0005694116
0,12020,0.0005689785
0,12030,0.0005685457
0,12040,0.0005681133
0,12050,0.0005676813
0,12060,0.00056724955
0,12070,0.00056681817
0,12080,0.0005663872
0,12090,0.0005659566
0,12100,0.00056552625
0,12110,0.0005650963
0,12120,0.00056466676
0,12130,0.00056423753
0,12140,0.0005638086
0,12150,0.0005633801
0,12160,0.0005629519
0,12170,0.0005625241
0,12180,0.0005620966
0,12190,0.00056166947
0,12200,0.00056124263
0,12210,0.0005608162
0,12220,0.0005603901
0,12230,0.00055996433
0,12240,0.00055953895
0,12250,0.00055911386
0,12260,0.0005586891
0,12270,0.0005582647
0,12280,0.0005578407
0,12290,0.000557417
0,12300,0.00055699365
0,12310,0.0005565706
0,12320,0.00055614795
0,12330,0.0005557256
0,12340,0.0005553036
0,12350,0.00055488193
0,12360,0.00055446057
0,12370,0.0005540396
0,12380,0.00055361894
0,12390,0.0005531986
0,12400,0.00055277866
0,12410,0.000552359
0,12420,0.00055193965
0,12430,0.0005515207
0,12440,0.00055110204
0,12450,0.0005506837
0,12460,0.0005502658
0,12470,0.0005498481
0,12480,0.0005494308
0,12490,0.0005490138
0,12500,0.00054859713
0,12510,0.0005481808
0,12520,0.00054776476
0,12530,0.0005473491
0,12540,0.0005469338
0,12550,0.0005465188
0,12560,0.0005461041
0,12570,0.0005456897
0,12580,0.0005452757
0,12590,0.00054486195
0,12600,0.0005444486
0,12610,0.0005440355
0,12620,0.0005436228
0,12630,0.00054321036
0,12640,0.0005427983
0,12650,0.00054238655
0,12660,0.00054197514
0,12670,0.000541564
0,12680,0.0005411532
0,12690,0.0005407427
0,12700,0.0005403326
0,12710,0.00053992274
0,12720,0.00053951325
0,12730,0.00053910405
0,12740,0.0005386952
0,12750,0.00053828664
0,12760,0.0005378784
0,12770,0.0005374705
0,12780,0.00053706294
0,12790,0.00053665566
0,12800,0.00053624867
0,12810,0.00053584203
0,12820,0.00053543574
0,12830,0.00053502974
0,12840,0.00053462404
0,12850,0.0005342187
0,12860,0.0005338136
0,12870,0.0005334089
0,12880,0.00053300447
0,12890,0.00053260033
0,12900,0.00053219654
0,12910,0.00053179305
0,12920,0.00053138984
0,12930,0.000530987
0,12940,0.0005305844
0,12950,0.0005301822
0,12960,0.0005297803
0,12970,0.00052937865
0,12980,0.00052897737
0,12990,0.0005285764
0,13000,0.0005281757
0,13010,0.0005277753
0,13020,0.00052737526
0,13030,0.0005269755
0,13040,0.00052657607
0,13050,0.00052617694
0,13060,0.0005257781
0,13070,0.0005253796
0,13080,0.00052498135
0,13090,0.00052458345
0,13100,0.0005241859
0,13110,0.00052378856
0,13120,0.0005233916
0,13130,0.0005229949
0,13140,0.00052259857
0,13150,0.00052220246
0,13160,0.0005218067
0,13170,0.00052141125
0,13180,0.00052101613
0,13190,0.00052062125
0,13200,0.0005202267
0,13210,0.0005198325
0,13220,0.00051943853
0,13230,0.00051904493
0,13240,0.00051865156
0,13250,0.00051825854
0,13260,0.0005178658
0,13270,0.0005174734
0,13280,0.0005170813
0,13290,0.00051668944
0,13300,0.00051629794
0,13310,0.0005159067
0,13320,0.0005155158
0,13330,0.00051512517
0,13340,0.0005147349
0,13350,0.00051434484
0,13360,0.00051395514
0,13370,0.00051356567
0,13380,0.00051317655
0,13390,0.0005127877
0,13400,0.00051239925
0,13410,0.000512011
0,13420,0.00051162305
0,13430,0.00051123544
0,13440,0.00051084807
0,13450,0.00051046105
0,13460,0.0005100743
0,13470,0.0005096879
0,13480,0.00050930167
0,13490,0.0005089158
0,13500,0.0005085303
0,13510,0.000508145
0,13520,0.00050776004
0,13530,0.00050737534
0,13540,0.000506991
0,13550,0.0005066069
0,13560,0.00050622306
0,13570,0.0005058396
0,13580,0.00050545635
0,13590,0.00050507346
0,13600,0.0005046908
0,13610,0.0005043085
0,13620,0.0005039265
0,13630,0.0005035447
0,13640,0.00050316326
0,13650,0.00050278206
0,13660,0.0005024012
0,13670,0.00050202064
0,13680,0.0005016403
0,13690,0.00050126034
0,13700,0.0005008806
0,13710,0.0005005012
0,13720,0.0005001221
0,13730,0.0004997432
0,13740,0.0004993647
0,13750,0.0004989864
0,13760,0.0004986084
0,13770,0.00049823074
0,13780,0.0004978533
0,13790,0.0004974762
0,13800,0.00049709936
0,13810,0.0004967228
0,13820,0.00049634656
0,13830,0.0004959706
0,13840,0.0004955949
0,13850,0.00049521954
0,13860,0.00049484445
0,13870,0.0004944696
0,13880,0.0004940951
0,13890,0.0004937208
0,13900,0.0004933469
0,13910,0.0004929732
0,13920,0.0004925998
0,13930,0.0004922267
0,13940,0.00049185386
0,13950,0.00049148133
0,13960,0.00049110904
0,13970,0.0004907371
0,13980,0.0004903654
0,13990,0.00048999395
0,14000,0.0004896228
0,14010,0.000489252
0,14020,0.00048888143
0,14030,0.00048851117
0,14040,0.00048814117
0,14050,0.00048777144
0,14060,0.000487402
0,14070,0.00048703284
0,14080,0.00048666398
0,14090,0.00048629538
0,14100,0.00048592707
0,14110,0.00048555902
0,14120,0.00048519127
0,14130,0.0004848238
0,14140,0.0004844566
0,14150,0.0004840897
0,14160,0.00048372307
0,14170,0.0004833567
0,14180,0.0004829906
0,14190,0.0004826248
0,14200,0.0004822593
0,14210,0.00048189404
0,14220,0.00048152907
0,14230,0.0004811644
0,14240,0.00048079996
0,14250,0.00048043585
0,14260,0.000480072
0,14270,0.0004797084
0,14280,0.0004793451
0,14290,0.00047898205
0,14300,0.0004786193
0,14310,0.0004782568
0,14320,0.00047789462
0,14330,0.00047753268
0,14340,0.00047717104
0,14350,0.00047680966
0,14360,0.00047644856
0,14370,0.0004760877
0,14380,0.00047572717
0,14390,0.0004753669
0,14400,0.00047500688
0,14410,0.00047464712
0,14420,0.00047428766
0,14430,0.0004739285
0,14440,0.00047356955
0,14450,0.0004732109
0,14460,0.00047285255
0,14470,0.00047249443
0,14480,0.00047213663
0,14490,0.00047177906
0,14500,0.00047142178
0,14510,0.00047106476
0,14520,0.000470708
0,14530,0.00047035154
0,14540,0.00046999534
0,14550,0.0004696394
0,14560,0.00046928375
0,14570,0.00046892837
0,14580,0.00046857324
0,14590,0.00046821838
0,14600,0.0004678638
0,14610,0.00046750947
0,14620,0.00046715545
0,14630,0.00046680166
0,14640,0.00046644814
0,14650,0.0004660949
0,14660,0.00046574193
0,14670,0.00046538922
0,14680,0.0004650368
0,14690,0.00046468462
0,14700,0.00046433273
0,14710,0.0004639811
0,14720,0.00046362972
0,14730,0.00046327861
0,14740,0.00046292777
0,14750,0.0004625772
0,14760,0.00046222692
0,14770,0.00046187686
0,14780,0.0004615271
0,14790,0.00046117758
0,14800,0.00046082833
0,14810,0.00046047938
0,14820,0.00046013066
0,14830,0.0004597822
0,14840,0.00045943403
0,14850,0.0004590861
0,14860,0.00045873845
0,14870,0.00045839106
0,14880,0.0004580439
0,14890,0.00045769705
0,14900,0.00045735046
0,14910,0.00045700412
0,14920,0.00045665805
0,14930,0.00045631223
0,14940,0.00045596668
0,14950,0.00045562137
0,14960,0.00045527634
0,14970,0.00045493158
0,14980,0.00045458708
0,14990,0.00045424284
0,15000,0.00045389886
0,15010,0.0004535551
0,15020,0.00045321166
0,15030,0.00045286847
0,15040,0.0004525255
0,15050,0.00045218284
0,15060,0.0004518404
0,15070,0.00045149826
0,15080,0.00045115635
0,15090,0.0004508147
0,15100,0.0004504733
0,15110,0.00045013218
0,15120,0.00044979132
0,15130,0.00044945072
0,15140,0.00044911035
0,15150,0.00044877027
0,15160,0.00044843042
0,15170,0.00044809084
0,15180,0.00044775152
0,15190,0.00044741246
0,15200,0.00044707366
0,15210,0.0004467351
0,15220,0.00044639682
0,15230,0.00044605878
0,15240,0.000445721
0,15250,0.00044538348
0,15260,0.0004450462
0,15270,0.00044470918
0,15280,0.00044437245
0,15290,0.00044403592
0,15300,0.00044369968
0,15310,0.00044336368
0,15320,0.00044302794
0,15330,0.00044269246
0,15340,0.00044235724
0,15350,0.00044202225
0,15360,0.00044168753
0,15370,0.00044135307
0,15380,0.00044101884
0,15390,0.0004406849
0,15400,0.00044035117
0,15410,0.00044001773
0,15420,0.00043968452
0,15430,0.00043935157
0,15440,0.00043901888
0,15450,0.00043868643
0,15460,0.00043835424
0,15470,0.00043802228
0,15480,0.0004376906
0,15490,0.00043735915
0,15500,0.00043702798
0,15510,0.00043669704
0,15520,0.00043636633
0,15530,0.00043603592
0,15540,0.00043570573
0,15550,0.00043537578
0,15560,0.0004350461
0,15570,0.00043471667
0,15580,0.00043438748
0,15590,0.00043405854
0,15600,0.00043372985
0,15610,0.0004334014
0,15620,0.00043307323
0,15630,0.0004327453
0,15640,0.00043241758
0,15650,0.00043209014
0,15660,0.00043176295
0,15670,0.000431436
0,15680,0.0004311093
0,15690,0.00043078285
0,15700,0.00043045662
0,15710,0.00043013066
0,15720,0.00042980496
0,15730,0.0004294795
0,15740,0.0004291543
0,15750,0.0004288293
0,15760,0.00042850457
0,15770,0.0004281801
0,15780,0.00042785585
0,15790,0.00042753186
0,15800,0.0004272081
0,15810,0.00042688462
0,15820,0.00042656137
0,15830,0.00042623837
0,15840,0.0004259156
0,15850,0.00042559308
0,15860,0.00042527082
0,15870,0.00042494878
0,15880,0.00042462698
0,15890,0.00042430544
0,15900,0.00042398414
0,15910,0.0004236631
0,15920,0.00042334228
0,15930,0.0004230217
0,15940,0.00042270139
0,15950,0.0004223813
0,15960,0.00042206145
0,15970,0.00042174183
0,15980,0.00042142248
0,15990,0.00042110338
0,16000,0.0004207845
0,16010,0.00042046586
0,16020,0.00042014747
0,16030,0.00041982933
0,16040,0.0004195114
0,16050,0.00041919373
0,16060,0.0004188763
0,16070,0.00041855912
0,16080,0.00041824218
0,16090,0.00041792548
0,16100,0.000417609
0,16110,0.00041729276
0,16120,0.00041697678
0,16130,0.00041666103
0,16140,0.00041634552
0,16150,0.00041603026
0,16160,0.0004157152
0,16170,0.00041540043
0,16180,0.00041508587
0,16190,0.00041477155
0,16200,0.00041445746
0,16210,0.00041414364
0,16220,0.00041383004
0,16230,0.00041351665
0,16240,0.00041320352
0,16250,0.00041289066
0,16260,0.000412578
0,16270,0.00041226557
0,16280,0.0004119534
0,16290,0.00041164143
0,16300,0.00041132973
0,16310,0.00041101826
0,16320,0.00041070703
0,16330,0.00041039602
0,16340,0.00041008525
0,16350,0.00040977474
0,16360,0.00040946444
0,16370,0.00040915437
0,16380,0.00040884456
0,16390,0.00040853495
0,16400,0.0004082256
0,16410,0.0004079165
0,16420,0.0004076076
0,16430,0.00040729894
0,16440,0.00040699053
0,16450,0.00040668235
0,16460,0.0004063744
0,16470,0.00040606665
0,16480,0.00040575917
0,16490,0.00040545192
0,16500,0.0004051449
0,16510,0.00040483812
0,16520,0.00040453157
0,16530,0.00040422523
0,16540,0.00040391914
0,16550,0.0004036133
0,16560,0.00040330767
0,16570,0.00040300225
0,16580,0.0004026971
0,16590,0.00040239215
0,16600,0.00040208746
0,16610,0.00040178298
0,16620,0.00040147876
0,16630,0.00040117474
0,16640,0.00040087095
0,16650,0.0004005674
0,16660,0.00040026408
0,16670,0.000399961
0,16680,0.0003996581
0,16690,0.0003993555
0,16700,0.0003990531
0,16710,0.0003987509
0,16720,0.00039844896
0,16730,0.00039814724
0,16740,0.00039784575
0,16750,0.0003975445
0,16760,0.00039724345
0,16770,0.00039694266
0,16780,0.00039664208
0,16790,0.00039634173
0,16800,0.0003960416
0,16810,0.00039574172
0,16820,0.00039544204
0,16830,0.00039514262
0,16840,0.0003948434
0,16850,0.00039454442
0,16860,0.00039424564
0,16870,0.00039394712
0,16880,0.0003936488
0,16890,0.00039335073
0,16900,0.00039305288
0,16910,0.00039275523
0,16920,0.00039245782
0,16930,0.00039216064
0,16940,0.0003918637
0,16950,0.00039156695
0,16960,0.00039127047
0,16970,0.00039097416
0,16980,0.00039067812
0,16990,0.00039038228
0,17000,0.00039008667
0,17010,0.0003897913
0,17020,0.00038949613
0,17030,0.0003892012
0,17040,0.00038890648
0,17050,0.00038861198
0,17060,0.0003883177
0,17070,0.00038802368
0,17080,0.00038772984
0,17090,0.00038743624
0,17100,0.00038714288
0,17110,0.00038684972
0,17120,0.00038655679
0,17130,0.0003862641
0,17140,0.0003859716
0,17150,0.0003856793
0,17160,0.00038538728
0,17170,0.00038509545
0,17180,0.00038480383
0,17190,0.00038451244
0,17200,0.0003842213
0,17210,0.00038393034
0,17220,0.00038363962
0,17230,0.0003833491
0,17240,0.00038305882
0,17250,0.00038276878
0,17260,0.00038247893
0,17270,0.00038218932
0,17280,0.0003818999
0,17290,0.0003816107
0,17300,0.00038132176
0,17310,0.000381033
0,17320,0.0003807445
0,17330,0.00038045616
0,17340,0.0003801681
0,17350,0.0003798802
0,17360,0.00037959253
0,17370,0.0003793051
0,17380,0.00037901787
0,17390,0.00037873088
0,17400,0.0003784441
0,17410,0.00037815754
0,17420,0.00037787118
0,17430,0.00037758503
0,17440,0.00037729912
0,17450,0.00037701344
0,17460,0.00037672793
0,17470,0.00037644268
0,17480,0.0003761576
0,17490,0.00037587277
0,17500,0.00037558816
0,17510,0.00037530376
0,17520,0.00037501956
0,17530,0.0003747356
0,17540,0.00037445183
0,17550,0.00037416827
0,17560,0.00037388495
0,17570,0.00037360183
0,17580,0.00037331894
0,17590,0.00037303625
0,17600,0.00037275377
0,17610,0.00037247152
0,17620,0.00037218948
0,17630,0.00037190763
0,17640,0.00037162603
0,17650,0.00037134462
0,17660,0.00037106342
0,17670,0.00037078245
0,17680,0.0003705017
0,17690,0.00037022113
0,17700,0.00036994077
0,17710,0.00036966064
0,17720,0.00036938072
0,17730,0.00036910104
0,17740,0.00036882152
0,17750,0.00036854224
0,17760,0.0003682632
0,17770,0.00036798432
0,17780,0.00036770568
0,17790,0.00036742724
0,17800,0.000367149
0,17810,0.00036687098
0,17820,0.0003665932
0,17830,0.0003663156
0,17840,0.0003660382
0,17850,0.00036576105
0,17860,0.00036548407
0,17870,0.00036520732
0,17880,0.00036493078
0,17890,0.00036465444
0,17900,0.00036437833
0,17910,0.0003641024
0,17920,0.0003638267
0,17930,0.0003635512
0,17940,0.0003632759
0,17950,0.0003630008
0,17960,0.00036272593
0,17970,0.00036245128
0,17980,0.00036217683
0,17990,0.00036190258
0,18000,0.00036162854
0,18010,0.0003613547
0,18020,0.00036108107
0,18030,0.00036080764
0,18040,0.00036053444
0,18050,0.00036026142
0,18060,0.00035998863
0,18070,0.00035971604
0,18080,0.00035944366
0,18090,0.00035917145
0,18100,0.0003588995
0,18110,0.00035862773
0,18120,0.00035835616
0,18130,0.0003580848
0,18140,0.00035781364
0,18150,0.0003575427
0,18160,0.00035727196
0,18170,0.00035700144
0,18180,0.0003567311
0,18190,0.00035646098
0,18200,0.00035619104
0,18210,0.00035592134
0,18220,0.0003556518
0,18230,0.0003553825
0,18240,0.0003551134
0,18250,0.0003548445
0,18260,0.0003545758
0,18270,0.0003543073
0,18280,0.00035403902
0,18290,0.00035377094
0,18300,0.00035350304
0,18310,0.00035323537
0,18320,0.00035296788
0,18330,0.00035270062
0,18340,0.00035243353
0,18350,0.00035216665
0,18360,0.0003519
0,18370,0.00035163353
0,18380,0.00035136726
0,18390,0.0003511012
0,18400,0.00035083533
0,18410,0.00035056967
0,18420,0.0003503042
0,18430,0.00035003896
0,18440,0.00034977388
0,18450,0.00034950904
0,18460,0.00034924436
0,18470,0.00034897993
0,18480,0.00034871566
0,18490,0.0003484516
0,18500,0.00034818775
0,18510,0.0003479241
0,18520,0.00034766062
0,18530,0.00034739738
0,18540,0.0003471343
0,18550,0.00034687144
0,18560,0.00034660878
0,18570,0.00034634632
0,18580,0.00034608407
0,18590,0.00034582202
0,18600,0.00034556014
0,18610,0.00034529847
0,18620,0.000345037
0,18630,0.00034477573
0,18640,0.00034451464
0,18650,0.00034425379
0,18660,0.0003439931
0,18670,0.00034373262
0,18680,0.00034347235
0,18690,0.00034321225
0,18700,0.00034295235
0,18710,0.00034269266
0,18720,0.00034243317
0,18730,0.00034217388
0,18740,0.00034191477
0,18750,0.00034165586
0,18760,0.00034139716
0,18770,0.00034113863
0,18780,0.00034088033
0,18790,0.0003406222
0,18800,0.00034036426
0,18810,0.00034010655
0,18820,0.000339849
0,18830,0.00033959164
0,18840,0.0003393345
0,18850,0.00033907755
0,18860,0.0003388208
0,18870,0.00033856422
0,18880,0.00033830787
0,18890,0.00033805167
0,18900,0.0003377957
0,18910,0.0003375399
0,18920,0.00033728432
0,18930,0.00033702893
0,18940,0.00033677372
0,18950,0.0003365187
0,18960,0.00033626388
0,18970,0.00033600925
0,18980,0.00033575483
0,18990,0.00033550058
0,19000,0.00033524653
0,19010,0.00033499266
0,19020,0.000334739
0,19030,0.00033448552
0,19040,0.00033423223
0,19050,0.00033397914
0,19060,0.00033372626
0,19070,0.00033347355
0,19080,0.00033322105
0,19090,0.00033296872
0,19100,0.0003327166
0,19110,0.00033246464
0,19120,0.0003322129
0,19130,0.00033196132
0,19140,0.00033170995
0,19150,0.00033145878
0,19160,0.0003312078
0,19170,0.00033095697
0,19180,0.0003307064
0,19190,0.00033045595
0,19200,0.00033020572
0,19210,0.00032995568
0,19220,0.00032970583
0,19230,0.00032945618
0,19240,0.0003292067
0,19250,0.00032895742
0,19260,0.00032870832
0,19270,0.00032845943
0,19280,0.0003282107
0,19290,0.00032796216
0,19300,0.00032771382
0,19310,0.00032746568
0,19320,0.0003272177
0,19330,0.00032696992
0,19340,0.00032672234
0,19350,0.00032647492
0,19360,0.00032622772
0,19370,0.00032598068
0,19380,0.00032573385
0,19390,0.0003254872
0,19400,0.00032524072
0,19410,0.00032499444
0,19420,0.00032474834
0,19430,0.00032450244
0,19440,0.00032425672
0,19450,0.0003240112
0,19460,0.00032376582
0,19470,0.00032352068
0,19480,0.0003232757
0,19490,0.0003230309
0,19500,0.0003227863
0,19510,0.00032254186
0,19520,0.00032229762
0,19530,0.0003220536
0,19540,0.00032180973
0,19550,0.00032156604
0,19560,0.00032132253
0,19570,0.00032107922
0,19580,0.0003208361
0,19590,0.00032059316
0,19600,0.00032035037
0,19610,0.0003201078
0,19620,0.00031986542
0,19630,0.0003196232
0,19640,0.0003193812
0,19650,0.00031913933
0,19660,0.00031889766
0,19670,0.00031865618
0,19680,0.00031841488
0,19690,0.00031817378
0,19700,0.00031793286
0,19710,0.00031769212
0,19720,0.00031745154
0,19730,0.00031721115
0,19740,0.00031697095
0,19750,0.00031673093
0,19760,0.0003164911
0,19770,0.00031625145
0,19780,0.00031601198
0,19790,0.0003157727
0,19800,0.00031553357
0,19810,0.00031529463
0,19820,0.0003150559
0,19830,0.00031481733
0,19840,0.00031457894
0,19850,0.00031434072
0,19860,0.00031410268
0,19870,0.00031386485
0,19880,0.00031362718
0,19890,0.0003133897
0,19900,0.00031315238
0,19910,0.00031291528
0,19920,0.0003126783
0,19930,0.00031244155
0,19940,0.00031220497
0,19950,0.00031196856
0,19960,0.00031173232
0,19970,0.00031149626
0,19980,0.0003112604
0,19990,0.0003110247
0,20000,0.00031078918
0,20010,0.00031055385
0,20020,0.0003103187
0,20030,0.0003100837
0,20040,0.0003098489
0,20050,0.00030961426
0,20060,0.00030937983
0,20070,0.00030914554
0,20080,0.00030891146
0,20090,0.00030867755
0,20100,0.0003084438
0,20110,0.00030821023
0,20120,0.00030797685
0,20130,0.00030774364
0,20140,0.0003075106
0,20150,0.00030727778
0,20160,0.0003070451
0,20170,0.00030681258
0,20180,0.00030658024
0,20190,0.0003063481
0,20200,0.00030611613
0,20210,0.00030588434
0,20220,0.0003056527
0,20230,0.00030542127
0,20240,0.00030518998
0,20250,0.0003049589
0,20260,0.00030472796
0,20270,0.00030449723
0,20280,0.00030426664
0,20290,0.00030403625
0,20300,0.000303806
0,20310,0.00030357597
0,20320,0.00030334608
0,20330,0.0003031164
0,20340,0.00030288685
0,20350,0.0003026575
0,20360,0.00030242832
0,20370,0.00030219933
0,20380,0.0003019705
0,20390,0.00030174182
0,20400,0.00030151336
0,20410,0.00030128504
0,20420,0.0003010569
0,20430,0.00030082892
0,20440,0.00030060112
0,20450,0.0003003735
0,20460,0.00030014606
0,20470,0.0002999188
0,20480,0.00029969166
0,20490,0.00029946474
0,20500,0.00029923796
0,20510,0.0002990114
0,20520,0.00029878496
0,20530,0.0002985587
0,20540,0.00029833263
0,20550,0.00029810672
0,20560,0.000297881
0,20570,0.00029765544
0,20580,0.00029743003
0,20590,0.00029720482
0,20600,0.00029697976
0,20610,0.00029675488
0,20620,0.00029653017
0,20630,0.00029630563
0,20640,0.00029608127
0,20650,0.00029585705
0,20660,0.00029563304
0,20670,0.00029540918
0,20680,0.00029518548
0,20690,0.00029496197
0,20700,0.0002947386
0,20710,0.00029451543
0,20720,0.0002942924
0,20730,0.00029406956
0,20740,0.00029384688
0,20750,0.00029362438
0,20760,0.00029340203
0,20770,0.00029317985
0,20780,0.00029295785
0,20790,0.00029273602
0,20800,0.00029251436
0,20810,0.00029229285
0,20820,0.00029207152
0,20830,0.00029185036
0,20840,0.00029162937
0,20850,0.00029140853
0,20860,0.00029118787
0,20870,0.00029096738
0,20880,0.00029074703
0,20890,0.0002905269
0,20900,0.0002903069
0,20910,0.00029008707
0,20920,0.0002898674
0,20930,0.0002896479
0,20940,0.00028942857
0,20950,0.00028920942
0,20960,0.0002889904
0,20970,0.00028877158
0,20980,0.00028855292
0,20990,0.0002883344
0,21000,0.00028811608
0,21010,0.0002878979
0,21020,0.0002876799
0,21030,0.00028746208
0,21040,0.0002872444
0,21050,0.0002870269
0,21060,0.00028680955
0,21070,0.00028659237
0,21080,0.00028637535
0,21090,0.0002861585
0,21100,0.00028594182
0,21110,0.00028572528
0,21120,0.00028550893
0,21130,0.00028529274
0,21140,0.0002850767
0,21150,0.00028486084
0,21160,0.00028464512
0,21170,0.00028442958
0,21180,0.0002842142
0,21190,0.000283999
0,21200,0.00028378394
0,21210,0.00028356907
0,21220,0.00028335434
0,21230,0.00028313976
0,21240,0.00028292538
0,21250,0.00028271112
0,21260,0.00028249706
0,21270,0.00028228314
0,21280,0.00028206938
0,21290,0.00028185578
0,21300,0.00028164237
0,21310,0.0002814291
0,21320,0.000281216
0,21330,0.00028100304
0,21340,0.00028079026
0,21350,0.00028057763
0,21360,0.00028036517
0,21370,0.0002801529
0,21380,0.00027994075
0,21390,0.00027972876
0,21400,0.00027951694
0,21410,0.0002793053
0,21420,0.0002790938
0,21430,0.00027888245
0,21440,0.00027867127
0,21450,0.00027846027
0,21460,0.0002782494
0,21470,0.0002780387
0,21480,0.00027782816
0,21490,0.0002776178
0,21500,0.00027740758
0,21510,0.0002771975
0,21520,0.00027698762
0,21530,0.00027677786
0,21540,0.0002765683
0,21550,0.00027635886
0,21560,0.0002761496
0,21570,0.0002759405
0,21580,0.00027573152
0,21590,0.00027552273
0,21600,0.00027531412
0,21610,0.00027510565
0,21620,0.00027489732
0,21630,0.00027468917
0,21640,0.00027448116
0,21650,0.0002742733
0,21660,0.00027406562
0,21670,0.00027385808
0,21680,0.00027365072
0,21690,0.0002734435
0,21700,0.00027323645
0,21710,0.00027302955
0,21720,0.0002728228
0,21730,0.00027261622
0,21740,0.0002724098
0,21750,0.0002722035
0,21760,0.00027199739
0,21770,0.00027179142
0,21780,0.00027158562
0,21790,0.00027137995
0,21800,0.00027117447
0,21810,0.00027096912
0,21820,0.00027076394
0,21830,0.0002705589
0,21840,0.00027035404
0,21850,0.00027014932
0,21860,0.00026994475
0,21870,0.00026974035
0,21880,0.00026953607
0,21890,0.000269332
0,21900,0.00026912804
0,21910,0.00026892425
0,21920,0.0002687206
0,21930,0.00026851712
0,21940,0.0002683138
0,21950,0.00026811063
0,21960,0.0002679076
0,21970,0.00026770475
0,21980,0.00026750204
0,21990,0.00026729947
0,22000,0.00026709706
0,22010,0.00026689481
0,22020,0.00026669272
0,22030,0.00026649077
0,22040,0.00026628896
0,22050,0.00026608733
0,22060,0.00026588584
0,22070,0.0002656845
0,22080,0.0002654833
0,22090,0.0002652823
0,22100,0.0002650814
0,22110,0.00026488068
0,22120,0.0002646801
0,22130,0.0002644797
0,22140,0.00026427943
0,22150,0.0002640793
0,22160,0.00026387934
0,22170,0.0002636795
0,22180,0.00026347986
0,22190,0.00026328032
0,22200,0.00026308096
0,22210,0.00026288175
0,22220,0.0002626827
0,22230,0.00026248378
0,22240,0.00026228503
0,22250,0.00026208643
0,22260,0.00026188797
0,22270,0.00026168965
0,22280,0.00026149148
0,22290,0.0002612935
0,22300,0.0002610956
0,22310,0.0002608979
0,22320,0.00026070036
0,22330,0.00026050294
0,22340,0.00026030568
0,22350,0.0002601086
0,22360,0.0002599116
0,22370,0.0002597148
0,22380,0.00025951816
0,22390,0.00025932162
0,22400,0.00025912526
0,22410,0.00025892904
0,22420,0.000258733
0,22430,0.00025853707
0,22440,0.0002583413
0,22450,0.00025814568
0,22460,0.0002579502
0,22470,0.00025775487
0,22480,0.00025755967
0,22490,0.00025736465
0,22500,0.00025716977
0,22510,0.00025697504
0,22520,0.00025678045
0,22530,0.000256586
0,22540,0.0002563917
0,22550,0.00025619756
0,22560,0.00025600358
0,22570,0.00025580972
0,22580,0.000255616
0,22590,0.00025542246
0,22600,0.00025522904
0,22610,0.00025503576
0,22620,0.00025484266
0,22630,0.00025464967
0,22640,0.00025445686
0,22650,0.00025426416
0,22660,0.00025407164
0,22670,0.00025387923
0,22680,0.000253687
0,22690,0.0002534949
0,22700,0.00025330295
0,22710,0.00025311115
0,22720,0.00025291948
0,22730,0.00025272797
0,22740,0.00025253659
0,22750,0.00025234537
0,22760,0.00025215428
0,22770,0.00025196333
0,22780,0.00025177255
0,22790,0.0002515819
0,22800,0.00025139138
0,22810,0.00025120104
0,22820,0.00025101082
0,22830,0.00025082074
0,22840,0.0002506308
0,22850,0.00025044102
0,22860,0.00025025138
0,22870,0.0002500619
0,22880,0.00024987254
0,22890,0.00024968333
0,22900,0.00024949427
0,22910,0.00024930533
0,22920,0.00024911657
0,22930,0.0002489279
0,22940,0.00024873944
0,22950,0.00024855108
0,22960,0.00024836286
0,22970,0.0002481748
0,22980,0.00024798687
0,22990,0.0002477991
0,23000,0.00024761146
0,23010,0.00024742394
0,23020,0.0002472366
0,23030,0.00024704938
0,23040,0.0002468623
0,23050,0.0002466754
0,23060,0.0002464886
0,23070,0.00024630193
0,23080,0.00024611544
0,23090,0.00024592908
0,23100,0.00024574285
0,23110,0.00024555676
0,23120,0.00024537081
0,23130,0.00024518502
0,23140,0.00024499936
0,23150,0.00024481385
0,23160,0.00024462846
0,23170,0.00024444322
0,23180,0.00024425812
0,23190,0.00024407316
0,23200,0.00024388835
0,23210,0.00024370367
0,23220,0.00024351913
0,23230,0.00024333473
0,23240,0.00024315047
0,23250,0.00024296634
0,23260,0.00024278236
0,23270,0.00024259853
0,23280,0.00024241483
0,23290,0.00024223127
0,23300,0.00024204784
0,23310,0.00024186456
0,23320,0.00024168141
0,23330,0.0002414984
0,23340,0.00024131553
0,23350,0.0002411328
0,23360,0.0002409502
0,23370,0.00024076775
0,23380,0.00024058545
0,23390,0.00024040326
0,23400,0.00024022123
0,23410,0.00024003931
0,23420,0.00023985756
0,23430,0.00023967592
0,23440,0.00023949445
0,23450,0.00023931309
0,23460,0.00023913187
0,23470,0.0002389508
0,23480,0.00023876986
0,23490,0.00023858905
0,23500,0.0002384084
0,23510,0.00023822786
0,23520,0.00023804746
0,23530,0.0002378672
0,23540,0.0002376871
0,23550,0.0002375071
0,23560,0.00023732726
0,23570,0.00023714756
0,23580,0.00023696797
0,23590,0.00023678855
0,23600,0.00023660924
0,23610,0.00023643007
0,23620,0.00023625104
0,23630,0.00023607214
0,23640,0.00023589339
0,23650,0.00023571476
0,23660,0.00023553627
0,23670,0.00023535792
0,23680,0.0002351797
0,23690,0.00023500161
0,23700,0.00023482366
0,23710,0.00023464585
0,23720,0.00023446817
0,23730,0.00023429062
0,23740,0.0002341132
0,23750,0.00023393593
0,23760,0.0002337588
0,23770,0.00023358178
0,23780,0.0002334049
0,23790,0.00023322817
0,23800,0.00023305156
0,23810,0.00023287509
0,23820,0.00023269875
0,23830,0.00023252255
0,23840,0.00023234647
0,23850,0.00023217054
0,23860,0.00023199472
0,23870,0.00023181905
0,23880,0.00023164351
0,23890,0.0002314681
0,23900,0.00023129284
0,23910,0.0002311177
0,23920,0.00023094268
0,23930,0.00023076781
0,23940,0.00023059307
0,23950,0.00023041846
0,23960,0.00023024397
0,23970,0.00023006962
0,23980,0.00022989542
0,23990,0.00022972134
0,24000,0.00022954738
0,24010,0.00022937356
0,24020,0.00022919987
0,24030,0.00022902632
0,24040,0.00022885289
0,24050,0.0002286796
0,24060,0.00022850644
0,24070,0.0002283334
0,24080,0.0002281605
0,24090,0.00022798774
0,24100,0.0002278151
0,24110,0.0002276426
0,24120,0.00022747021
0,24130,0.00022729796
0,24140,0.00022712586
0,24150,0.00022695387
0,24160,0.00022678201
0,24170,0.00022661028
0,24180,0.00022643869
0,24190,0.00022626722
0,24200,0.00022609589
0,24210,0.00022592468
0,24220,0.00022575361
0,24230,0.00022558265
0,24240,0.00022541184
0,24250,0.00022524115
0,24260,0.00022507059
0,24270,0.00022490017
0,24280,0.00022472987
0,24290,0.0002245597
0,24300,0.00022438965
0,24310,0.00022421974
0,24320,0.00022404995
0,24330,0.0002238803
0,24340,0.00022371077
0,24350,0.00022354137
0,24360,0.0002233721
0,24370,0.00022320295
0,24380,0.00022303393
0,24390,0.00022286506
0,24400,0.0002226963
0,24410,0.00022252765
0,24420,0.00022235916
0,24430,0.00022219078
0,24440,0.00022202253
0,24450,0.00022185441
0,24460,0.00022168641
0,24470,0.00022151855
0,24480,0.00022135081
0,24490,0.00022118319
0,24500,0.00022101571
0,24510,0.00022084835
0,24520,0.00022068112
0,24530,0.00022051402
0,24540,0.00022034704
0,24550,0.00022018018
0,24560,0.00022001346
0,24570,0.00021984686
0,24580,0.00021968038
0,24590,0.00021951404
0,24600,0.00021934781
0,24610,0.00021918172
0,24620,0.00021901574
0,24630,0.0002188499
0,24640,0.00021868419
0,24650,0.00021851859
0,24660,0.00021835312
0,24670,0.00021818778
0,24680,0.00021802256
0,24690,0.00021785747
0,24700,0.0002176925
0,24710,0.00021752766
0,24720,0.00021736295
0,24730,0.00021719835
0,24740,0.00021703388
0,24750,0.00021686954
0,24760,0.00021670532
0,24770,0.00021654122
0,24780,0.00021637724
0,24790,0.0002162134
0,24800,0.00021604968
0,24810,0.00021588609
0,24820,0.00021572261
0,24830,0.00021555925
0,24840,0.00021539602
0,24850,0.00021523293
0,24860,0.00021506994
0,24870,0.0002149071
0,24880,0.00021474436
0,24890,0.00021458174
0,24900,0.00021441925
0,24910,0.0002142569
0,24920,0.00021409466
0,24930,0.00021393254
0,24940,0.00021377055
0,24950,0.00021360867
0,24960,0.00021344691
0,24970,0.0002132853
0,24980,0.00021312379
0,24990,0.0002129624
0,25000,0.00021280114
0,25010,0.00021264
0,25020,0.00021247899
0,25030,0.00021231809
0,25040,0.00021215732
0,25050,0.00021199667
0,25060,0.00021183613
0,25070,0.00021167572
0,25080,0.00021151545
0,25090,0.00021135528
0,25100,0.00021119523
0,25110,0.00021103531
0,25120,0.00021087551
0,25130,0.00021071584
0,25140,0.00021055627
0,25150,0.00021039683
0,25160,0.00021023751
0,25170,0.00021007832
0,25180,0.00020991924
0,25190,0.00020976028
0,25200,0.00020960145
0,25210,0.00020944273
0,25220,0.00020928413
0,25230,0.00020912566
0,25240,0.0002089673
0,25250,0.00020880907
0,25260,0.00020865095
0,25270,0.00020849296
0,25280,0.00020833508
0,25290,0.00020817733
0,25300,0.00020801969
0,25310,0.00020786216
0,25320,0.00020770477
0,25330,0.00020754749
0,25340,0.00020739033
0,25350,0.00020723329
0,25360,0.00020707636
0,25370,0.00020691956
0,25380,0.00020676288
0,25390,0.0002066063
0,25400,0.00020644985
0,25410,0.00020629354
0,25420,0.00020613732
0,25430,0.00020598123
0,25440,0.00020582526
0,25450,0.00020566939
0,25460,0.00020551366
0,25470,0.00020535804
0,25480,0.00020520254
0,25490,0.00020504715
0,25500,0.00020489188
0,25510,0.00020473673
0,25520,0.00020458171
0,25530,0.00020442679
0,25540,0.00020427199
0,25550,0.00020411731
0,25560,0.00020396274
0,25570,0.0002038083
0,25580,0.00020365397
0,25590,0.00020349976
0,25600,0.00020334567
0,25610,0.00020319168
0,25620,0.00020303782
0,25630,0.00020288408
0,25640,0.00020273044
0,25650,0.00020257694
0,25660,0.00020242354
0,25670,0.00020227025
0,25680,0.0002021171
0,25690,0.00020196405
0,25700,0.00020181111
0,25710,0.0002016583
0,25720,0.0002015056
0,25730,0.00020135302
0,25740,0.00020120054
0,25750,0.00020104818
0,25760,0.00020089594
0,25770,0.00020074383
0,25780,0.00020059182
0,25790,0.00020043993
0,25800,0.00020028814
0,25810,0.00020013648
0,25820,0.00019998493
0,25830,0.00019983349
0,25840,0.00019968218
0,25850,0.00019953097
0,25860,0.00019937988
0,25870,0.0001992289
0,25880,0.00019907804
0,25890,0.0001989273
0,25900,0.00019877666
0,25910,0.00019862615
0,25920,0.00019847574
0,25930,0.00019832545
0,25940,0.00019817527
0,25950,0.00019802521
0,25960,0.00019787526
0,25970,0.00019772543
0,25980,0.0001975757
0,25990,0.0001974261
0,26000,0.00019727659
0,26010,0.00019712721
0,26020,0.00019697794
0,26030,0.00019682878
0,26040,0.00019667974
0,26050,0.0001965308
0,26060,0.000196382
0,26070,0.00019623329
0,26080,0.0001960847
0,26090,0.00019593621
0,26100,0.00019578784
0,26110,0.00019563959
0,26120,0.00019549145
0,26130,0.00019534341
0,26140,0.00019519549
0,26150,0.00019504769
0,26160,0.00019489999
0,26170,0.00019475241
0,26180,0.00019460493
0,26190,0.00019445758
0,26200,0.00019431033
0,26210,0.00019416319
0,26220,0.00019401616
0,26230,0.00019386926
0,26240,0.00019372244
0,26250,0.00019357576
0,26260,0.00019342918
0,26270,0.0001932827
0,26280,0.00019313635
0,26290,0.0001929901
0,26300,0.00019284396
0,26310,0.00019269793
0,26320,0.00019255202
0,26330,0.00019240621
0,26340,0.00019226052
0,26350,0.00019211494
0,26360,0.00019196946
0,26370,0.0001918241
0,26380,0.00019167885
0,26390,0.00019153369
0,26400,0.00019138867
0,26410,0.00019124374
0,26420,0.00019109892
0,26430,0.00019095422
0,26440,0.00019080962
0,26450,0.00019066513
0,26460,0.00019052076
0,26470,0.0001903765
0,26480,0.00019023233
0,26490,0.00019008829
0,26500,0.00018994435
0,26510,0.00018980051
0,26520,0.0001896568
0,26530,0.00018951319
0,26540,0.00018936968
0,26550,0.00018922628
0,26560,0.00018908299
0,26570,0.00018893981
0,26580,0.00018879674
0,26590,0.00018865378
0,26600,0.00018851092
0,26610,0.00018836818
0,26620,0.00018822555
0,26630,0.00018808301
0,26640,0.00018794059
0,26650,0.00018779829
0,26660,0.00018765607
0,26670,0.00018751397
0,26680,0.00018737199
0,26690,0.0001872301
0,26700,0.00018708833
0,26710,0.00018694667
0,26720,0.0001868051
0,26730,0.00018666364
0,26740,0.0001865223
0,26750,0.00018638106
0,26760,0.00018623992
0,26770,0.0001860989
0,26780,0.00018595798
0,26790,0.00018581717
0,26800,0.00018567646
0,26810,0.00018553586
0,26820,0.00018539537
0,26830,0.00018525499
0,26840,0.00018511471
0,26850,0.00018497453
0,26860,0.00018483447
0,26870,0.00018469451
0,26880,0.00018455465
0,26890,0.0001844149
0,26900,0.00018427525
0,26910,0.00018413572
0,26920,0.00018399628
0,26930,0.00018385696
0,26940,0.00018371774
0,26950,0.00018357862
0,26960,0.00018343961
0,26970,0.0001833007
0,26980,0.0001831619
0,26990,0.0001830232
0,27000,0.00018288461
0,27010,0.00018274614
0,27020,0.00018260775
0,27030,0.00018246948
0,27040,0.0001823313
0,27050,0.00018219324
0,27060,0.00018205527
0,27070,0.00018191742
0,27080,0.00018177967
0,27090,0.00018164203
0,27100,0.00018150448
0,27110,0.00018136704
0,27120,0.0001812297
0,27130,0.00018109247
0,27140,0.00018095534
0,27150,0.00018081832
0,27160,0.0001806814
0,27170,0.00018054458
0,27180,0.00018040786
0,27190,0.00018027125
0,27200,0.00018013475
0,27210,0.00017999834
0,27220,0.00017986205
0,27230,0.00017972584
0,27240,0.00017958976
0,27250,0.00017945377
0,27260,0.00017931788
0,27270,0.0001791821
0,27280,0.00017904642
0,27290,0.00017891084
0,27300,0.00017877536
0,27310,0.00017863998
0,27320,0.00017850472
0,27330,0.00017836955
0,27340,0.00017823448
0,27350,0.00017809952
0,27360,0.00017796466
0,27370,0.00017782989
0,27380,0.00017769524
0,27390,0.00017756068
0,27400,0.00017742623
0,27410,0.00017729188
0,27420,0.00017715762
0,27430,0.00017702348
0,27440,0.00017688943
0,27450,0.00017675548
0,27460,0.00017662164
0,27470,0.0001764879
0,27480,0.00017635425
0,27490,0.00017622072
0,27500,0.00017608728
0,27510,0.00017595394
0,27520,0.0001758207
0,27530,0.00017568757
0,27540,0.00017555454
0,27550,0.00017542159
0,27560,0.00017528876
0,27570,0.00017515603
0,27580,0.0001750234
0,27590,0.00017489087
0,27600,0.00017475843
0,27610,0.0001746261
0,27620,0.00017449386
0,27630,0.00017436173
0,27640,0.0001742297
0,27650,0.00017409778
0,27660,0.00017396595
0,27670,0.00017383421
0,27680,0.00017370257
0,27690,0.00017357105
0,27700,0.00017343962
0,27710,0.00017330829
0,27720,0.00017317705
0,27730,0.00017304592
0,27740,0.00017291488
0,27750,0.00017278394
0,27760,0.0001726531
0,27770,0.00017252237
0,27780,0.00017239174
0,27790,0.00017226119
0,27800,0.00017213075
0,27810,0.00017200041
0,27820,0.00017187017
0,27830,0.00017174002
0,27840,0.00017160998
0,27850,0.00017148003
0,27860,0.00017135018
0,27870,0.00017122042
0,27880,0.00017109078
0,27890,0.00017096123
0,27900,0.00017083176
0,27910,0.0001707024
0,27920,0.00017057314
0,27930,0.00017044398
0,27940,0.00017031492
0,27950,0.00017018596
0,27960,0.00017005709
0,27970,0.00016992832
0,27980,0.00016979963
0,27990,0.00016967105
0,28000,0.00016954257
0,28010,0.0001694142
0,28020,0.00016928591
0,28030,0.00016915772
0,28040,0.00016902963
0,28050,0.00016890164
0,28060,0.00016877374
0,28070,0.00016864594
0,28080,0.00016851824
0,28090,0.00016839063
0,28100,0.00016826313
0,28110,0.00016813571
0,28120,0.0001680084
0,28130,0.00016788117
0,28140,0.00016775406
0,28150,0.00016762702
0,28160,0.0001675001
0,28170,0.00016737326
0,28180,0.00016724652
0,28190,0.00016711987
0,28200,0.00016699333
0,28210,0.00016686687
0,28220,0.00016674052
0,28230,0.00016661426
0,28240,0.0001664881
0,28250,0.00016636202
0,28260,0.00016623604
0,28270,0.00016611017
0,28280,0.00016598438
0,28290,0.0001658587
0,28300,0.0001657331
0,28310,0.0001656076
0,28320,0.00016548221
0,28330,0.0001653569
0,28340,0.00016523169
0,28350,0.00016510657
0,28360,0.00016498155
0,28370,0.00016485661
0,28380,0.00016473178
0,28390,0.00016460705
0,28400,0.0001644824
0,28410,0.00016435784
0,28420,0.0001642334
0,28430,0.00016410903
0,28440,0.00016398476
0,28450,0.00016386059
0,28460,0.0001637365
0,28470,0.00016361252
0,28480,0.00016348863
0,28490,0.00016336484
0,28500,0.00016324113
0,28510,0.00016311753
0,28520,0.00016299401
0,28530,0.00016287058
0,28540,0.00016274725
0,28550,0.00016262401
0,28560,0.00016250087
0,28570,0.00016237782
0,28580,0.00016225486
0,28590,0.000162132
0,28600,0.00016200922
0,28610,0.00016188655
0,28620,0.00016176396
0,28630,0.00016164148
0,28640,0.00016151907
0,28650,0.00016139678
0,28660,0.00016127455
0,28670,0.00016115243
0,28680,0.0001610304
0,28690,0.00016090847
0,28700,0.00016078663
0,28710,0.00016066487
0,28720,0.00016054322
0,28730,0.00016042165
0,28740,0.00016030017
0,28750,0.00016017878
0,28760,0.00016005749
0,28770,0.00015993629
0,28780,0.00015981519
0,28790,0.00015969417
0,28800,0.00015957325
0,28810,0.00015945241
0,28820,0.00015933167
0,28830,0.00015921102
0,28840,0.00015909046
0,28850,0.00015897
0,28860,0.00015884962
0,28870,0.00015872934
0,28880,0.00015860914
0,28890,0.00015848904
0,28900,0.00015836902
0,28910,0.00015824911
0,28920,0.00015812927
0,28930,0.00015800953
0,28940,0.00015788988
0,28950,0.00015777032
0,28960,0.00015765085
0,28970,0.00015753148
0,28980,0.0001574122
0,28990,0.00015729299
0,29000,0.00015717388
0,29010,0.00015705488
0,29020,0.00015693594
0,29030,0.00015681711
0,29040,0.00015669837
0,29050,0.00015657971
0,29060,0.00015646114
0,29070,0.00015634266
0,29080,0.00015622428
0,29090,0.00015610598
0,29100,0.00015598777
0,29110,0.00015586965
0,29120,0.00015575162
0,29130,0.0001556337
0,29140,0.00015551584
0,29150,0.00015539808
0,29160,0.0001552804
0,29170,0.00015516282
0,29180,0.00015504533
0,29190,0.00015492793
0,29200,0.00015481061
0,29210,0.00015469338
0,29220,0.00015457625
0,29230,0.0001544592
0,29240,0.00015434224
0,29250,0.00015422536
0,29260,0.00015410858
0,29270,0.00015399189
0,29280,0.00015387528
0,29290,0.00015375877
0,29300,0.00015364234
0,29310,0.000153526
0,29320,0.00015340974
0,29330,0.00015329357
0,29340,0.00015317749
0,29350,0.0001530615
0,29360,0.00015294559
0,29370,0.00015282979
0,29380,0.00015271406
0,29390,0.00015259841
0,29400,0.00015248287
0,29410,0.0001523674
0,29420,0.00015225202
0,29430,0.00015213674
0,29440,0.00015202153
0,29450,0.00015190642
0,29460,0.00015179139
0,29470,0.00015167645
0,29480,0.0001515616
0,29490,0.00015144683
0,29500,0.00015133215
0,29510,0.00015121757
0,29520,0.00015110306
0,29530,0.00015098864
0,29540,0.0001508743
0,29550,0.00015076005
0,29560,0.0001506459
0,29570,0.00015053182
0,29580,0.00015041784
0,29590,0.00015030394
0,29600,0.00015019013
0,29610,0.00015007639
0,29620,0.00014996275
0,29630,0.00014984919
0,29640,0.00014973573
0,29650,0.00014962234
0,29660,0.00014950904
0,29670,0.00014939583
0,29680,0.0001492827
0,29690,0.00014916966
0,29700,0.00014905671
0,29710,0.00014894384
0,29720,0.00014883105
0,29730,0.00014871836
0,29740,0.00014860574
0,29750,0.00014849321
0,29760,0.00014838077
0,29770,0.00014826842
0,29780,0.00014815615
0,29790,0.00014804395
0,29800,0.00014793185
0,29810,0.00014781984
0,29820,0.0001477079
0,29830,0.00014759605
0,29840,0.00014748429
0,29850,0.00014737262
0,29860,0.00014726102
0,29870,0.0001471495
0,29880,0.00014703808
0,29890,0.00014692674
0,29900,0.00014681548
0,29910,0.0001467043
0,29920,0.00014659321
0,29930,0.00014648221
0,29940,0.0001463713
0,29950,0.00014626046
0,29960,0.0001461497
0,29970,0.00014603903
0,29980,0.00014592845
0,29990,0.00014581795
0,30000,0.00014570754
0,30010,0.00014559721
0,30020,0.00014548695
0,30030,0.00014537679
0,30040,0.0001452667
0,30050,0.00014515671
0,30060,0.00014504678
0,30070,0.00014493696
0,30080,0.00014482721
0,30090,0.00014471753
0,30100,0.00014460796
0,30110,0.00014449845
0,30120,0.00014438904
0,30130,0.0001442797
0,30140,0.00014417045
0,30150,0.00014406127
0,30160,0.00014395219
0,30170,0.00014384318
0,30180,0.00014373426
0,30190,0.00014362542
0,30200,0.00014351666
0,30210,0.00014340799
0,30220,0.0001432994
0,30230,0.00014319089
0,30240,0.00014308246
0,30250,0.00014297411
0,30260,0.00014286586
0,30270,0.00014275766
0,30280,0.00014264957
0,30290,0.00014254155
0,30300,0.00014243361
0,30310,0.00014232576
0,30320,0.00014221799
0,30330,0.0001421103
0,30340,0.00014200268
0,30350,0.00014189516
0,30360,0.0001417877
0,30370,0.00014168034
0,30380,0.00014157307
0,30390,0.00014146586
0,30400,0.00014135873
0,30410,0.0001412517
0,30420,0.00014114473
0,30430,0.00014103786
0,30440,0.00014093106
0,30450,0.00014082434
0,30460,0.0001407177
0,30470,0.00014061116
0,30480,0.00014050468
0,30490,0.00014039829
0,30500,0.00014029197
0,30510,0.00014018574
0,30520,0.00014007959
0,30530,0.00013997352
0,30540,0.00013986752
0,30550,0.00013976161
0,30560,0.00013965578
0,30570,0.00013955003
0,30580,0.00013944435
0,30590,0.00013933876
0,30600,0.00013923326
0,30610,0.00013912782
0,30620,0.00013902248
0,30630,0.0001389172
0,30640,0.00013881201
0,30650,0.00013870689
0,30660,0.00013860187
0,30670,0.00013849691
0,30680,0.00013839205
0,30690,0.00013828724
0,30700,0.00013818253
0,30710,0.0001380779
0,30720,0.00013797334
0,30730,0.00013786886
0,30740,0.00013776447
0,30750,0.00013766014
0,30760,0.00013755591
0,30770,0.00013745175
0,30780,0.00013734766
0,30790,0.00013724365
0,30800,0.00013713974
0,30810,0.0001370359
0,30820,0.00013693213
0,30830,0.00013682843
0,30840,0.00013672482
0,30850,0.0001366213
0,30860,0.00013651783
0,30870,0.00013641446
0,30880,0.00013631117
0,30890,0.00013620795
0,30900,0.0001361048
0,30910,0.00013600175
0,30920,0.00013589876
0,30930,0.00013579585
0,30940,0.00013569303
0,30950,0.00013559028
0,30960,0.0001354876
0,30970,0.00013538501
0,30980,0.00013528249
0,30990,0.00013518005
0,31000,0.00013507769
0,31010,0.0001349754
0,31020,0.0001348732
0,31030,0.00013477106
0,31040,0.00013466901
0,31050,0.00013456705
0,31060,0.00013446514
0,31070,0.00013436332
0,31080,0.00013426159
0,31090,0.00013415991
0,31100,0.00013405833
0,31110,0.00013395681
0,31120,0.00013385537
0,31130,0.00013375402
0,31140,0.00013365273
0,31150,0.00013355153
0,31160,0.0001334504
0,31170,0.00013334934
0,31180,0.00013324837
0,31190,0.00013314748
0,31200,0.00013304665
0,31210,0.0001329459
0,31220,0.00013284523
0,31230,0.00013274464
0,31240,0.00013264413
0,31250,0.00013254368
0,31260,0.00013244331
0,31270,0.00013234302
0,31280,0.00013224281
0,31290,0.00013214267
0,31300,0.00013204261
0,31310,0.00013194262
0,31320,0.00013184271
0,31330,0.00013174288
0,31340,0.00013164312
0,31350,0.00013154343
0,31360,0.00013144383
0,31370,0.00013134429
0,31380,0.00013124484
0,31390,0.00013114545
0,31400,0.00013104615
0,31410,0.00013094692
0,31420,0.00013084777
0,31430,0.00013074868
0,31440,0.00013064967
0,31450,0.00013055075
0,31460,0.00013045188
0,31470,0.0001303531
0,31480,0.0001302544
0,31490,0.00013015576
0,31500,0.0001300572
0,31510,0.00012995873
0,31520,0.00012986032
0,31530,0.00012976199
0,31540,0.00012966372
0,31550,0.00012956554
0,31560,0.00012946743
0,31570,0.0001293694
0,31580,0.00012927143
0,31590,0.00012917354
0,31600,0.00012907574
0,31610,0.00012897799
0,31620,0.00012888033
0,31630,0.00012878273
0,31640,0.00012868522
0,31650,0.00012858777
0,31660,0.0001284904
0,31670,0.0001283931
0,31680,0.00012829588
0,31690,0.00012819874
0,31700,0.00012810166
0,31710,0.00012800466
0,31720,0.00012790773
0,31730,0.00012781087
0,31740,0.0001277141
0,31750,0.00012761739
0,31760,0.00012752075
0,31770,0.00012742418
0,31780,0.0001273277
0,31790,0.00012723128
0,31800,0.00012713493
0,31810,0.00012703867
0,31820,0.00012694247
0,31830,0.00012684635
0,31840,0.0001267503
0,31850,0.00012665431
0,31860,0.00012655841
0,31870,0.00012646258
0,31880,0.00012636681
0,31890,0.00012627113
0,31900,0.00012617551
0,31910,0.00012607996
0,31920,0.0001259845
0,31930,0.0001258891
0,31940,0.00012579377
0,31950,0.00012569851
0,31960,0.00012560334
0,31970,0.00012550823
0,31980,0.0001254132
0,31990,0.00012531823
0,32000,0.00012522332
0,32010,0.0001251285
0,32020,0.00012503375
0,32030,0.00012493908
0,32040,0.00012484446
0,32050,0.00012474993
0,32060,0.00012465547
0,32070,0.00012456108
0,32080,0.00012446675
0,32090,0.0001243725
0,32100,0.00012427833
0,32110,0.00012418423
0,32120,0.00012409019
0,32130,0.00012399621
0,32140,0.00012390233
0,32150,0.00012380851
0,32160,0.00012371475
0,32170,0.00012362108
0,32180,0.00012352747
0,32190,0.00012343393
0,32200,0.00012334046
0,32210,0.00012324707
0,32220,0.00012315373
0,32230,0.00012306048
0,32240,0.00012296729
0,32250,0.00012287419
0,32260,0.00012278114
0,32270,0.00012268817
0,32280,0.00012259526
0,32290,0.00012250243
0,32300,0.00012240966
0,32310,0.00012231698
0,32320,0.00012222436
0,32330,0.00012213181
0,32340,0.000122039324
0,32350,0.00012194691
0,32360,0.000121854566
0,32370,0.0001217623
0,32380,0.0001216701
0,32390,0.00012157796
0,32400,0.0001214859
0,32410,0.00012139391
0,32420,0.000121301986
0,32430,0.000121210134
0,32440,0.00012111835
0,32450,0.000121026635
0,32460,0.000120934994
0,32470,0.00012084342
0,32480,0.00012075191
0,32490,0.00012066047
0,32500,0.00012056911
0,32510,0.00012047781
0,32520,0.00012038658
0,32530,0.00012029542
0,32540,0.00012020433
0,32550,0.000120113305
0,32560,0.000120022356
0,32570,0.00011993147
0,32580,0.00011984065
0,32590,0.00011974991
0,32600,0.00011965923
0,32610,0.00011956862
0,32620,0.00011947808
0,32630,0.00011938761
0,32640,0.000119297205
0,32650,0.00011920687
0,32660,0.0001191166
0,32670,0.00011902641
0,32680,0.000118936274
0,32690,0.00011884621
0,32700,0.00011875622
0,32710,0.00011866629
0,32720,0.000118576434
0,32730,0.00011848665
0,32740,0.00011839693
0,32750,0.000118307275
0,32760,0.000118217686
0,32770,0.00011812817
0,32780,0.00011803872
0,32790,0.00011794934
0,32800,0.00011786002
0,32810,0.000117770775
0,32820,0.0001176816
0,32830,0.000117592484
0,32840,0.00011750344
0,32850,0.00011741446
0,32860,0.00011732556
0,32870,0.00011723671
0,32880,0.00011714794
0,32890,0.00011705923
0,32900,0.000116970594
0,32910,0.000116882016
0,32920,0.00011679351
0,32930,0.00011670507
0,32940,0.0001166167
0,32950,0.0001165284
0,32960,0.000116440155
0,32970,0.000116351985
0,32980,0.00011626388
0,32990,0.00011617584
0,33000,0.000116087875
0,33010,0.00011599997
0,33020,0.00011591213
0,33030,0.000115824354
0,33040,0.00011573665
0,33050,0.00011564901
0,33060,0.00011556144
0,33070,0.00011547394
0,33080,0.000115386494
0,33090,0.00011529912
0,33100,0.00011521181
0,33110,0.000115124574
0,33120,0.000115037394
0,33130,0.000114950286
0,33140,0.000114863244
0,33150,0.00011477627
0,33160,0.000114689356
0,33170,0.00011460251
0,33180,0.00011451573
0,33190,0.000114429015
0,33200,0.000114342365
0,33210,0.00011425578
0,33220,0.00011416926
0,33230,0.00011408281
0,33240,0.00011399643
0,33250,0.00011391011
0,33260,0.00011382385
0,33270,0.00011373766
0,33280,0.000113651535
0,33290,0.000113565475
0,33300,0.00011347948
0,33310,0.00011339355
0,33320,0.00011330769
0,33330,0.00011322188
0,33340,0.00011313615
0,33350,0.00011305048
0,33360,0.00011296487
0,33370,0.00011287934
0,33380,0.00011279386
0,33390,0.00011270845
0,33400,0.00011262311
0,33410,0.000112537826
0,33420,0.00011245261
0,33430,0.00011236745
0,33440,0.00011228237
0,33450,0.00011219735
0,33460,0.000112112386
0,33470,0.00011202749
0,33480,0.00011194266
0,33490,0.000111857895
0,33500,0.000111773195
0,33510,0.000111688554
0,33520,0.00011160398
0,33530,0.000111519475
0,33540,0.00011143502
0,33550,0.000111350644
0,33560,0.00011126633
0,33570,0.000111182075
0,33580,0.000111097885
0,33590,0.00011101376
0,33600,0.00011092969
0,33610,0.00011084569
0,33620,0.00011076176
0,33630,0.00011067789
0,33640,0.00011059408
0,33650,0.00011051034
0,33660,0.000110426656
0,33670,0.00011034303
0,33680,0.00011025948
0,33690,0.00011017599
0,33700,0.000110092566
0,33710,0.0001100092
0,33720,0.000109925895
0,33730,0.00010984266
0,33740,0.00010975948
0,33750,0.000109676366
0,33760,0.00010959332
0,33770,0.00010951033
0,33780,0.000109427405
0,33790,0.000109344546
0,33800,0.000109261746
0,33810,0.00010917901
0,33820,0.000109096334
0,33830,0.00010901373
0,33840,0.00010893118
0,33850,0.0001088487
0,33860,0.00010876627
0,33870,0.00010868391
0,33880,0.00010860161
0,33890,0.00010851937
0,33900,0.0001084372
0,33910,0.00010835509
0,33920,0.00010827304
0,33930,0.00010819105
0,33940,0.000108109125
0,33950,0.00010802726
0,33960,0.00010794547
0,33970,0.00010786372
0,33980,0.00010778205
0,33990,0.000107700434
0,34000,0.00010761888
0,34010,0.00010753739
0,34020,0.000107455955
0,34030,0.00010737459
0,34040,0.00010729328
0,34050,0.000107212036
0,34060,0.00010713085
0,34070,0.00010704973
0,34080,0.00010696867
0,34090,0.000106887666
0,34100,0.00010680673
0,34110,0.000106725856
0,34120,0.000106645035
0,34130,0.00010656429
0,34140,0.00010648359
0,34150,0.00010640296
0,34160,0.00010632239
0,34170,0.000106241874
0,34180,0.00010616143
0,34190,0.00010608104
0,34200,0.00010600071
0,34210,0.000105920444
0,34220,0.00010584024
0,34230,0.0001057601
0,34240,0.00010568001
0,34250,0.00010559999
0,34260,0.00010552003
0,34270,0.00010544012
0,34280,0.00010536028
0,34290,0.000105280495
0,34300,0.00010520078
0,34310,0.000105121115
0,34320,0.000105041516
0,34330,0.000104961975
0,34340,0.00010488249
0,34350,0.000104803075
0,34360,0.00010472372
0,34370,0.000104644416
0,34380,0.00010456517
0,34390,0.000104486
0,34400,0.00010440688
0,34410,0.00010432782
0,34420,0.000104248815
0,34430,0.00010416988
0,34440,0.000104091
0,34450,0.00010401218
0,34460,0.00010393342
0,34470,0.00010385471
0,34480,0.000103776074
0,34490,0.00010369749
0,34500,0.00010361897
0,34510,0.00010354051
0,34520,0.0001034621
0,34530,0.00010338376
0,34540,0.00010330547
0,34550,0.00010322725
0,34560,0.00010314908
0,34570,0.000103070975
0,34580,0.000102992926
0,34590,0.000102914935
0,34600,0.00010283701
0,34610,0.000102759135
0,34620,0.000102681326
0,34630,0.00010260357
0,34640,0.000102525875
0,34650,0.00010244824
0,34660,0.000102370665
0,34670,0.00010229315
0,34680,0.00010221569
0,34690,0.000102138285
0,34700,0.00010206095
0,34710,0.00010198366
0,34720,0.00010190644
0,34730,0.000101829275
0,34740,0.000101752164
0,34750,0.00010167511
0,34760,0.000101598125
0,34770,0.00010152119
0,34780,0.00010144432
0,34790,0.0001013675
0,34800,0.000101290745
0,34810,0.00010121404
0,34820,0.0001011374
0,34830,0.00010106082
0,34840,0.00010098429
0,34850,0.00010090782
0,34860,0.000100831414
0,34870,0.00010075506
0,34880,0.000100678764
0,34890,0.00010060253
0,34900,0.00010052635
0,34910,0.00010045023
0,34920,0.00010037416
0,34930,0.00010029816
0,34940,0.00010022221
0,34950,0.00010014632
0,34960,0.00010007049
0,34970,9.999471E-05
0,34980,9.9918994E-05
0,34990,9.984333E-05
0,35000,9.976773E-05
0,35010,9.969218E-05
0,35020,9.961669E-05
0,35030,9.9541256E-05
0,35040,9.9465884E-05
0,35050,9.939056E-05
0,35060,9.93153E-05
0,35070,9.92401E-05
0,35080,9.916495E-05
0,35090,9.908986E-05
0,35100,9.9014826E-05
0,35110,9.8939854E-05
0,35120,9.886493E-05
0,35130,9.879007E-05
0,35140,9.871526E-05
0,35150,9.8640514E-05
0,35160,9.856582E-05
0,35170,9.849118E-05
0,35180,9.84166E-05
0,35190,9.8342076E-05
0,35200,9.8267614E-05
0,35210,9.81932E-05
0,35220,9.811884E-05
0,35230,9.804455E-05
0,35240,9.79703E-05
0,35250,9.789612E-05
0,35260,9.782199E-05
0,35270,9.7747914E-05
0,35280,9.76739E-05
0,35290,9.7599936E-05
0,35300,9.7526034E-05
0,35310,9.745218E-05
0,35320,9.737839E-05
0,35330,9.7304655E-05
0,35340,9.723097E-05
0,35350,9.7157346E-05
0,35360,9.708377E-05
0,35370,9.701026E-05
0,35380,9.6936805E-05
0,35390,9.68634E-05
0,35400,9.679005E-05
0,35410,9.671676E-05
0,35420,9.6643525E-05
0,35430,9.6570344E-05
0,35440,9.649721E-05
0,35450,9.642415E-05
0,35460,9.6351134E-05
0,35470,9.627817E-05
0,35480,9.6205265E-05
0,35490,9.613242E-05
0,35500,9.605962E-05
0,35510,9.5986885E-05
0,35520,9.59142E-05
0,35530,9.584157E-05
0,35540,9.5769E-05
0,35550,9.569648E-05
0,35560,9.562402E-05
0,35570,9.555161E-05
0,35580,9.5479256E-05
0,35590,9.5406955E-05
0,35600,9.533471E-05
0,35610,9.526252E-05
0,35620,9.5190386E-05
0,35630,9.51183E-05
0,35640,9.504628E-05
0,35650,9.4974304E-05
0,35660,9.490239E-05
0,35670,9.4830524E-05
0,35680,9.475872E-05
0,35690,9.468696E-05
0,35700,9.4615265E-05
0,35710,9.454362E-05
0,35720,9.447203E-05
0,35730,9.440049E-05
0,35740,9.432901E-05
0,35750,9.425758E-05
0,35760,9.41862E-05
0,35770,9.411488E-05
0,35780,9.404362E-05
0,35790,9.3972405E-05
0,35800,9.3901246E-05
0,35810,9.3830145E-05
0,35820,9.3759096E-05
0,35830,9.36881E-05
0,35840,9.361716E-05
0,35850,9.354627E-05
0,35860,9.347543E-05
0,35870,9.340465E-05
0,35880,9.333392E-05
0,35890,9.326324E-05
0,35900,9.319262E-05
0,35910,9.312205E-05
0,35920,9.305154E-05
0,35930,9.298108E-05
0,35940,9.291067E-05
0,35950,9.284032E-05
0,35960,9.277002E-05
0,35970,9.269977E-05
0,35980,9.262957E-05
0,35990,9.255943E-05
0,36000,9.248934E-05
0,36010,9.241931E-05
0,36020,9.234932E-05
0,36030,9.227939E-05
0,36040,9.220952E-05
0,36050,9.213969E-05
0,36060,9.2069924E-05
0,36070,9.2000206E-05
0,36080,9.193054E-05
0,36090,9.186093E-05
0,36100,9.179137E-05
0,36110,9.1721864E-05
0,36120,9.165241E-05
0,36130,9.158301E-05
0,36140,9.1513655E-05
0,36150,9.144436E-05
0,36160,9.1375114E-05
0,36170,9.130593E-05
0,36180,9.123678E-05
0,36190,9.11677E-05
0,36200,9.1098664E-05
0,36210,9.102968E-05
0,36220,9.0960755E-05
0,36230,9.0891874E-05
0,36240,9.082305E-05
0,36250,9.075428E-05
0,36260,9.068556E-05
0,36270,9.0616886E-05
0,36280,9.054827E-05
0,36290,9.04797E-05
0,36300,9.041119E-05
0,36310,9.034273E-05
0,36320,9.027431E-05
0,36330,9.0205955E-05
0,36340,9.013765E-05
0,36350,9.00694E-05
0,36360,9.0001195E-05
0,36370,8.993304E-05
0,36380,8.9864945E-05
0,36390,8.979689E-05
0,36400,8.97289E-05
0,36410,8.966095E-05
0,36420,8.959306E-05
0,36430,8.9525216E-05
0,36440,8.9457426E-05
0,36450,8.938969E-05
0,36460,8.9322E-05
0,36470,8.925436E-05
0,36480,8.9186775E-05
0,36490,8.911924E-05
0,36500,8.9051755E-05
0,36510,8.898432E-05
0,36520,8.8916946E-05
0,36530,8.8849614E-05
0,36540,8.878233E-05
0,36550,8.87151E-05
0,36560,8.8647925E-05
0,36570,8.8580804E-05
0,36580,8.851373E-05
0,36590,8.84467E-05
0,36600,8.8379726E-05
0,36610,8.83128E-05
0,36620,8.824593E-05
0,36630,8.8179106E-05
0,36640,8.8112334E-05
0,36650,8.8045614E-05
0,36660,8.7978944E-05
0,36670,8.7912325E-05
0,36680,8.784576E-05
0,36690,8.777923E-05
0,36700,8.771277E-05
0,36710,8.764635E-05
0,36720,8.757998E-05
0,36730,8.751366E-05
0,36740,8.74474E-05
0,36750,8.738118E-05
0,36760,8.731501E-05
0,36770,8.7248896E-05
0,36780,8.718282E-05
0,36790,8.711681E-05
0,36800,8.7050845E-05
0,36810,8.6984925E-05
0,36820,8.6919055E-05
0,36830,8.685324E-05
0,36840,8.678747E-05
0,36850,8.672175E-05
0,36860,8.665609E-05
0,36870,8.6590466E-05
0,36880,8.65249E-05
0,36890,8.645938E-05
0,36900,8.639391E-05
0,36910,8.6328495E-05
0,36920,8.626312E-05
0,36930,8.6197804E-05
0,36940,8.613253E-05
0,36950,8.606731E-05
0,36960,8.600213E-05
0,36970,8.593701E-05
0,36980,8.5871936E-05
0,36990,8.580691E-05
0,37000,8.5741936E-05
0,37010,8.567701E-05
0,37020,8.561213E-05
0,37030,8.5547304E-05
0,37040,8.548253E-05
0,37050,8.54178E-05
0,37060,8.535312E-05
0,37070,8.5288484E-05
0,37080,8.52239E-05
0,37090,8.515937E-05
0,37100,8.5094885E-05
0,37110,8.503045E-05
0,37120,8.4966065E-05
0,37130,8.490172E-05
0,37140,8.483743E-05
0,37150,8.477319E-05
0,37160,8.4709E-05
0,37170,8.464485E-05
0,37180,8.458076E-05
0,37190,8.4516716E-05
0,37200,8.445272E-05
0,37210,8.438877E-05
0,37220,8.432486E-05
0,37230,8.426101E-05
0,37240,8.419721E-05
0,37250,8.413345E-05
0,37260,8.406974E-05
0,37270,8.400608E-05
0,37280,8.394247E-05
0,37290,8.3878906E-05
0,37300,8.3815394E-05
0,37310,8.3751926E-05
0,37320,8.368851E-05
0,37330,8.3625135E-05
0,37340,8.356181E-05
0,37350,8.349853E-05
0,37360,8.343531E-05
0,37370,8.337213E-05
0,37380,8.3309E-05
0,37390,8.324591E-05
0,37400,8.318288E-05
0,37410,8.311989E-05
0,37420,8.305695E-05
0,37430,8.2994055E-05
0,37440,8.293121E-05
0,37450,8.286841E-05
0,37460,8.2805665E-05
0,37470,8.274296E-05
0,37480,8.268031E-05
0,37490,8.26177E-05
0,37500,8.255514E-05
0,37510,8.2492625E-05
0,37520,8.243016E-05
0,37530,8.236774E-05
0,37540,8.230537E-05
0,37550,8.2243045E-05
0,37560,8.218077E-05
0,37570,8.211854E-05
0,37580,8.205636E-05
0,37590,8.199422E-05
0,37600,8.1932136E-05
0,37610,8.1870094E-05
0,37620,8.1808095E-05
0,37630,8.174615E-05
0,37640,8.168425E-05
0,37650,8.16224E-05
0,37660,8.156059E-05
0,37670,8.149883E-05
0,37680,8.1437116E-05
0,37690,8.137545E-05
0,37700,8.131383E-05
0,37710,8.1252256E-05
0,37720,8.119073E-05
0,37730,8.1129256E-05
0,37740,8.106782E-05
0,37750,8.100643E-05
0,37760,8.0945094E-05
0,37770,8.08838E-05
0,37780,8.082255E-05
0,37790,8.076135E-05
0,37800,8.070019E-05
0,37810,8.063909E-05
0,37820,8.057802E-05
0,37830,8.051701E-05
0,37840,8.045604E-05
0,37850,8.039512E-05
0,37860,8.033424E-05
0,37870,8.027341E-05
0,37880,8.021262E-05
0,37890,8.015188E-05
0,37900,8.009119E-05
0,37910,8.003054E-05
0,37920,7.996994E-05
0,37930,7.990939E-05
0,37940,7.9848876E-05
0,37950,7.978841E-05
0,37960,7.972799E-05
0,37970,7.9667625E-05
0,37980,7.96073E-05
0,37990,7.954702E-05
0,38000,7.948678E-05
0,38010,7.9426594E-05
0,38020,7.936645E-05
0,38030,7.930635E-05
0,38040,7.9246296E-05
0,38050,7.918629E-05
0,38060,7.912633E-05
0,38070,7.906641E-05
0,38080,7.900654E-05
0,38090,7.8946716E-05
0,38100,7.888694E-05
0,38110,7.88272E-05
0,38120,7.876751E-05
0,38130,7.870786E-05
0,38140,7.864826E-05
0,38150,7.858871E-05
0,38160,7.85292E-05
0,38170,7.846973E-05
0,38180,7.841032E-05
0,38190,7.835094E-05
0,38200,7.829161E-05
0,38210,7.8232326E-05
0,38220,7.8173085E-05
0,38230,7.8113895E-05
0,38240,7.805474E-05
0,38250,7.799564E-05
0,38260,7.793658E-05
0,38270,7.7877565E-05
0,38280,7.781859E-05
0,38290,7.7759665E-05
0,38300,7.770078E-05
0,38310,7.764195E-05
0,38320,7.758315E-05
0,38330,7.7524404E-05
0,38340,7.74657E-05
0,38350,7.740704E-05
0,38360,7.734843E-05
0,38370,7.728986E-05
0,38380,7.723133E-05
0,38390,7.717285E-05
0,38400,7.711441E-05
0,38410,7.705602E-05
0,38420,7.699767E-05
0,38430,7.693937E-05
0,38440,7.688111E-05
0,38450,7.682289E-05
0,38460,7.6764714E-05
0,38470,7.670659E-05
0,38480,7.66485E-05
0,38490,7.659046E-05
0,38500,7.6532466E-05
0,38510,7.647451E-05
0,38520,7.64166E-05
0,38530,7.6358745E-05
0,38540,7.630092E-05
0,38550,7.6243145E-05
0,38560,7.618541E-05
0,38570,7.612772E-05
0,38580,7.607008E-05
0,38590,7.6012475E-05
0,38600,7.5954915E-05
0,38610,7.58974E-05
0,38620,7.5839926E-05
0,38630,7.57825E-05
0,38640,7.572512E-05
0,38650,7.566778E-05
0,38660,7.561048E-05
0,38670,7.5553224E-05
0,38680,7.549601E-05
0,38690,7.5438846E-05
0,38700,7.538172E-05
0,38710,7.5324635E-05
0,38720,7.52676E-05
0,38730,7.5210606E-05
0,38740,7.515366E-05
0,38750,7.5096745E-05
0,38760,7.503988E-05
0,38770,7.498306E-05
0,38780,7.4926276E-05
0,38790,7.4869546E-05
0,38800,7.481285E-05
0,38810,7.47562E-05
0,38820,7.4699594E-05
0,38830,7.464303E-05
0,38840,7.45865E-05
0,38850,7.453003E-05
0,38860,7.447359E-05
0,38870,7.44172E-05
0,38880,7.436085E-05
0,38890,7.430454E-05
0,38900,7.424827E-05
0,38910,7.419205E-05
0,38920,7.4135874E-05
0,38930,7.407973E-05
0,38940,7.4023636E-05
0,38950,7.396759E-05
0,38960,7.391158E-05
0,38970,7.3855605E-05
0,38980,7.379968E-05
0,38990,7.37438E-05
0,39000,7.368796E-05
0,39010,7.363216E-05
0,39020,7.3576404E-05
0,39030,7.352069E-05
0,39040,7.346502E-05
0,39050,7.3409385E-05
0,39060,7.33538E-05
0,39070,7.329825E-05
0,39080,7.324275E-05
0,39090,7.318729E-05
0,39100,7.313187E-05
0,39110,7.3076495E-05
0,39120,7.302116E-05
0,39130,7.2965864E-05
0,39140,7.291061E-05
0,39150,7.28554E-05
0,39160,7.2800234E-05
0,39170,7.274511E-05
0,39180,7.2690025E-05
0,39190,7.263498E-05
0,39200,7.2579984E-05
0,39210,7.252502E-05
0,39220,7.24701E-05
0,39230,7.241523E-05
0,39240,7.2360395E-05
0,39250,7.23056E-05
0,39260,7.225085E-05
0,39270,7.219613E-05
0,39280,7.214147E-05
0,39290,7.208684E-05
0,39300,7.203226E-05
0,39310,7.197771E-05
0,39320,7.1923205E-05
0,39330,7.1868744E-05
0,39340,7.181432E-05
0,39350,7.175995E-05
0,39360,7.17056E-05
0,39370,7.165131E-05
0,39380,7.159705E-05
0,39390,7.154284E-05
0,39400,7.148866E-05
0,39410,7.143453E-05
0,39420,7.138044E-05
0,39430,7.132639E-05
0,39440,7.127238E-05
0,39450,7.1218405E-05
0,39460,7.1164475E-05
0,39470,7.111059E-05
0,39480,7.105674E-05
0,39490,7.1002934E-05
0,39500,7.094917E-05
0,39510,7.089545E-05
0,39520,7.0841765E-05
0,39530,7.078812E-05
0,39540,7.073452E-05
0,39550,7.068096E-05
0,39560,7.062744E-05
0,39570,7.057395E-05
0,39580,7.052051E-05
0,39590,7.046711E-05
0,39600,7.041375E-05
0,39610,7.036043E-05
0,39620,7.030716E-05
0,39630,7.025392E-05
0,39640,7.020072E-05
0,39650,7.014756E-05
0,39660,7.0094444E-05
0,39670,7.0041366E-05
0,39680,6.998833E-05
0,39690,6.993533E-05
0,39700,6.988237E-05
0,39710,6.982946E-05
0,39720,6.977658E-05
0,39730,6.972374E-05
0,39740,6.967095E-05
0,39750,6.961819E-05
0,39760,6.9565474E-05
0,39770,6.95128E-05
0,39780,6.946016E-05
0,39790,6.9407564E-05
0,39800,6.9355E-05
0,39810,6.9302485E-05
0,39820,6.925001E-05
0,39830,6.919757E-05
0,39840,6.914517E-05
0,39850,6.9092814E-05
0,39860,6.90405E-05
0,39870,6.8988214E-05
0,39880,6.893598E-05
0,39890,6.8883775E-05
0,39900,6.8831614E-05
0,39910,6.8779496E-05
0,39920,6.8727415E-05
0,39930,6.867537E-05
0,39940,6.862337E-05
0,39950,6.8571404E-05
0,39960,6.851948E-05
0,39970,6.84676E-05
0,39980,6.841575E-05
0,39990,6.8363945E-05
0,40000,6.8312176E-05
0,40010,6.826045E-05
0,40020,6.820876E-05
0,40030,6.815711E-05
0,40040,6.81055E-05
0,40050,6.805393E-05
0,40060,6.80024E-05
0,40070,6.79509E-05
0,40080,6.7899455E-05
0,40090,6.7848036E-05
0,40100,6.779666E-05
0,40110,6.774532E-05
0,40120,6.7694025E-05
0,40130,6.7642766E-05
0,40140,6.759154E-05
0,40150,6.7540364E-05
0,40160,6.7489214E-05
0,40170,6.7438115E-05
0,40180,6.7387045E-05
0,40190,6.733602E-05
0,40200,6.728503E-05
0,40210,6.723408E-05
0,40220,6.718317E-05
0,40230,6.71323E-05
0,40240,6.708146E-05
0,40250,6.703067E-05
0,40260,6.697991E-05
0,40270,6.692919E-05
0,40280,6.687851E-05
0,40290,6.6827866E-05
0,40300,6.677726E-05
0,40310,6.67267E-05
0,40320,6.667617E-05
0,40330,6.662568E-05
0,40340,6.657523E-05
0,40350,6.6524815E-05
0,40360,6.6474444E-05
0,40370,6.642411E-05
0,40380,6.637381E-05
0,40390,6.632355E-05
0,40400,6.627333E-05
0,40410,6.622315E-05
0,40420,6.6173E-05
0,40430,6.612289E-05
0,40440,6.607282E-05
0,40450,6.602279E-05
0,40460,6.5972796E-05
0,40470,6.592284E-05
0,40480,6.587292E-05
0,40490,6.582304E-05
0,40500,6.5773194E-05
0,40510,6.572339E-05
0,40520,6.567362E-05
0,40530,6.562389E-05
0,40540,6.5574204E-05
0,40550,6.5524546E-05
0,40560,6.547493E-05
0,40570,6.542535E-05
0,40580,6.537581E-05
0,40590,6.5326305E-05
0,40600,6.5276836E-05
0,40610,6.522741E-05
0,40620,6.5178014E-05
0,40630,6.512866E-05
0,40640,6.5079344E-05
0,40650,6.5030064E-05
0,40660,6.498082E-05
0,40670,6.493161E-05
0,40680,6.488245E-05
0,40690,6.4833315E-05
0,40700,6.4784224E-05
0,40710,6.473517E-05
0,40720,6.468615E-05
0,40730,6.463717E-05
0,40740,6.4588225E-05
0,40750,6.4539316E-05
0,40760,6.449044E-05
0,40770,6.444161E-05
0,40780,6.4392814E-05
0,40790,6.434405E-05
0,40800,6.429533E-05
0,40810,6.424664E-05
0,40820,6.419799E-05
0,40830,6.414938E-05
0,40840,6.410081E-05
0,40850,6.405227E-05
0,40860,6.400376E-05
0,40870,6.3955296E-05
0,40880,6.390687E-05
0,40890,6.385848E-05
0,40900,6.381013E-05
0,40910,6.376181E-05
0,40920,6.371352E-05
0,40930,6.366528E-05
0,40940,6.3617066E-05
0,40950,6.35689E-05
0,40960,6.352076E-05
0,40970,6.347266E-05
0,40980,6.3424595E-05
0,40990,6.337657E-05
0,41000,6.332858E-05
0,41010,6.3280626E-05
0,41020,6.323271E-05
0,41030,6.318482E-05
0,41040,6.3136984E-05
0,41050,6.308917E-05
0,41060,6.30414E-05
0,41070,6.299366E-05
0,41080,6.294596E-05
0,41090,6.2898296E-05
0,41100,6.285067E-05
0,41110,6.2803076E-05
0,41120,6.275552E-05
0,41130,6.2708E-05
0,41140,6.266052E-05
0,41150,6.261307E-05
0,41160,6.2565654E-05
0,41170,6.251828E-05
0,41180,6.247094E-05
0,41190,6.2423635E-05
0,41200,6.237636E-05
0,41210,6.2329134E-05
0,41220,6.2281935E-05
0,41230,6.223477E-05
0,41240,6.2187646E-05
0,41250,6.2140556E-05
0,41260,6.20935E-05
0,41270,6.2046485E-05
0,41280,6.1999504E-05
0,41290,6.195255E-05
0,41300,6.1905645E-05
0,41310,6.1858766E-05
0,41320,6.181192E-05
0,41330,6.176512E-05
0,41340,6.171835E-05
0,41350,6.167161E-05
0,41360,6.1624916E-05
0,41370,6.157825E-05
0,41380,6.1531624E-05
0,41390,6.148503E-05
0,41400,6.143847E-05
0,41410,6.139195E-05
0,41420,6.134546E-05
0,41430,6.1299004E-05
0,41440,6.125259E-05
0,41450,6.120621E-05
0,41460,6.115986E-05
0,41470,6.111355E-05
0,41480,6.106727E-05
0,41490,6.102103E-05
0,41500,6.0974824E-05
0,41510,6.092865E-05
0,41520,6.0882514E-05
0,41530,6.0836413E-05
0,41540,6.0790346E-05
0,41550,6.0744314E-05
0,41560,6.0698316E-05
0,41570,6.0652354E-05
0,41580,6.0606428E-05
0,41590,6.0560535E-05
0,41600,6.0514678E-05
0,41610,6.0468854E-05
0,41620,6.0423066E-05
0,41630,6.037731E-05
0,41640,6.0331593E-05
0,41650,6.0285907E-05
0,41660,6.0240258E-05
0,41670,6.019464E-05
0,41680,6.014906E-05
0,41690,6.0103514E-05
0,41700,6.0058002E-05
0,41710,6.0012524E-05
0,41720,5.9967082E-05
0,41730,5.9921673E-05
0,41740,5.9876296E-05
0,41750,5.983096E-05
0,41760,5.9785652E-05
0,41770,5.974038E-05
0,41780,5.9695143E-05
0,41790,5.964994E-05
0,41800,5.9604772E-05
0,41810,5.955964E-05
0,41820,5.951454E-05
0,41830,5.9469472E-05
0,41840,5.942444E-05
0,41850,5.9379443E-05
0,41860,5.9334478E-05
0,41870,5.928955E-05
0,41880,5.9244652E-05
0,41890,5.9199792E-05
0,41900,5.9154965E-05
0,41910,5.911017E-05
0,41920,5.9065413E-05
0,41930,5.9020684E-05
0,41940,5.8975995E-05
0,41950,5.8931335E-05
0,41960,5.888671E-05
0,41970,5.884212E-05
0,41980,5.8797563E-05
0,41990,5.875304E-05
0,42000,5.8708552E-05
0,42010,5.8664096E-05
0,42020,5.8619673E-05
0,42030,5.8575286E-05
0,42040,5.853093E-05
0,42050,5.848661E-05
0,42060,5.844232E-05
0,42070,5.8398065E-05
0,42080,5.8353846E-05
0,42090,5.830966E-05
0,42100,5.8265505E-05
0,42110,5.8221387E-05
0,42120,5.81773E-05
0,42130,5.8133246E-05
0,42140,5.8089227E-05
0,42150,5.804524E-05
0,42160,5.8001286E-05
0,42170,5.7957364E-05
0,42180,5.791348E-05
0,42190,5.7869624E-05
0,42200,5.7825804E-05
0,42210,5.7782017E-05
0,42220,5.7738263E-05
0,42230,5.7694542E-05
0,42240,5.7650854E-05
0,42250,5.7607198E-05
0,42260,5.756358E-05
0,42270,5.751999E-05
0,42280,5.7476434E-05
0,42290,5.743291E-05
0,42300,5.738942E-05
0,42310,5.7345966E-05
0,42320,5.730254E-05
0,42330,5.725915E-05
0,42340,5.721579E-05
0,42350,5.7172467E-05
0,42360,5.7129175E-05
0,42370,5.7085912E-05
0,42380,5.7042686E-05
0,42390,5.699949E-05
0,42400,5.695633E-05
0,42410,5.6913203E-05
0,42420,5.6870107E-05
0,42430,5.682704E-05
0,42440,5.678401E-05
0,42450,5.6741013E-05
0,42460,5.669805E-05
0,42470,5.6655113E-05
0,42480,5.6612214E-05
0,42490,5.6569344E-05
0,42500,5.652651E-05
0,42510,5.6483706E-05
0,42520,5.6440935E-05
0,42530,5.6398196E-05
0,42540,5.635549E-05
0,42550,5.6312816E-05
0,42560,5.6270175E-05
0,42570,5.6227564E-05
0,42580,5.618499E-05
0,42590,5.6142442E-05
0,42600,5.6099932E-05
0,42610,5.605745E-05
0,42620,5.6015004E-05
0,42630,5.5972585E-05
0,42640,5.5930203E-05
0,42650,5.588785E-05
0,42660,5.5845532E-05
0,42670,5.5803244E-05
0,42680,5.576099E-05
0,42690,5.5718763E-05
0,42700,5.5676574E-05
0,42710,5.5634413E-05
0,42720,5.5592285E-05
0,42730,5.555019E-05
0,42740,5.5508124E-05
0,42750,5.546609E-05
0,42760,5.542409E-05
0,42770,5.5382123E-05
0,42780,5.5340188E-05
0,42790,5.5298282E-05
0,42800,5.525641E-05
0,42810,5.5214565E-05
0,42820,5.5172757E-05
0,42830,5.513098E-05
0,42840,5.5089233E-05
0,42850,5.5047516E-05
0,42860,5.5005832E-05
0,42870,5.496418E-05
0,42880,5.4922562E-05
0,42890,5.4880973E-05
0,42900,5.4839416E-05
0,42910,5.479789E-05
0,42920,5.4756394E-05
0,42930,5.4714932E-05
0,42940,5.46735E-05
0,42950,5.46321E-05
0,42960,5.459073E-05
0,42970,5.4549393E-05
0,42980,5.4508087E-05
0,42990,5.446681E-05
0,43000,5.4425567E-05
0,43010,5.4384356E-05
0,43020,5.4343174E-05
0,43030,5.4302025E-05
0,43040,5.4260905E-05
0,43050,5.4219818E-05
0,43060,5.417876E-05
0,43070,5.4137734E-05
0,43080,5.409674E-05
0,43090,5.4055778E-05
0,43100,5.4014847E-05
0,43110,5.3973945E-05
0,43120,5.3933072E-05
0,43130,5.3892232E-05
0,43140,5.3851425E-05
0,43150,5.3810647E-05
0,43160,5.37699E-05
0,43170,5.3729185E-05
0,43180,5.3688498E-05
0,43190,5.3647844E-05
0,43200,5.3607222E-05
0,43210,5.356663E-05
0,43220,5.3526066E-05
0,43230,5.3485535E-05
0,43240,5.3445034E-05
0,43250,5.3404565E-05
0,43260,5.3364125E-05
0,43270,5.3323714E-05
0,43280,5.3283336E-05
0,43290,5.324299E-05
0,43300,5.3202675E-05
0,43310,5.316239E-05
0,43320,5.312213E-05
0,43330,5.3081905E-05
0,43340,5.304171E-05
0,43350,5.3001546E-05
0,43360,5.296141E-05
0,43370,5.2921307E-05
0,43380,5.2881234E-05
0,43390,5.284119E-05
0,43400,5.2801177E-05
0,43410,5.2761196E-05
0,43420,5.2721243E-05
0,43430,5.2681324E-05
0,43440,5.264143E-05
0,43450,5.260157E-05
0,43460,5.2561736E-05
0,43470,5.2521937E-05
0,43480,5.2482166E-05
0,43490,5.2442425E-05
0,43500,5.2402713E-05
0,43510,5.2363033E-05
0,43520,5.2323383E-05
0,43530,5.228376E-05
0,43540,5.224417E-05
0,43550,5.220461E-05
0,43560,5.216508E-05
0,43570,5.212558E-05
0,43580,5.2086107E-05
0,43590,5.2046667E-05
0,43600,5.2007257E-05
0,43610,5.1967876E-05
0,43620,5.1928524E-05
0,43630,5.18892E-05
0,43640,5.184991E-05
0,43650,5.1810646E-05
0,43660,5.1771414E-05
0,43670,5.173221E-05
0,43680,5.169304E-05
0,43690,5.1653897E-05
0,43700,5.161478E-05
0,43710,5.15757E-05
0,43720,5.1536645E-05
0,43730,5.149762E-05
0,43740,5.1458625E-05
0,43750,5.1419658E-05
0,43760,5.138072E-05
0,43770,5.1341816E-05
0,43780,5.1302937E-05
0,43790,5.126409E-05
0,43800,5.122527E-05
0,43810,5.1186482E-05
0,43820,5.1147723E-05
0,43830,5.1108993E-05
0,43840,5.1070292E-05
0,43850,5.103162E-05
0,43860,5.0992978E-05
0,43870,5.0954364E-05
0,43880,5.091578E-05
0,43890,5.0877225E-05
0,43900,5.08387E-05
0,43910,5.08002E-05
0,43920,5.0761733E-05
0,43930,5.0723298E-05
0,43940,5.068489E-05
0,43950,5.0646508E-05
0,43960,5.0608156E-05
0,43970,5.0569834E-05
0,43980,5.0531544E-05
0,43990,5.049328E-05
0,44000,5.0455044E-05
0,44010,5.041684E-05
0,44020,5.037866E-05
0,44030,5.0340514E-05
0,44040,5.0302395E-05
0,44050,5.02643E-05
0,44060,5.022624E-05
0,44070,5.018821E-05
0,44080,5.0150204E-05
0,44090,5.011223E-05
0,44100,5.0074283E-05
0,44110,5.0036368E-05
0,44120,4.9998478E-05
0,44130,4.9960618E-05
0,44140,4.9922786E-05
0,44150,4.9884984E-05
0,44160,4.9847207E-05
0,44170,4.9809463E-05
0,44180,4.9771745E-05
0,44190,4.973406E-05
0,44200,4.96964E-05
0,44210,4.9658767E-05
0,44220,4.962116E-05
0,44230,4.958359E-05
0,44240,4.954604E-05
0,44250,4.9508526E-05
0,44260,4.9471037E-05
0,44270,4.9433576E-05
0,44280,4.939614E-05
0,44290,4.935874E-05
0,44300,4.9321363E-05
0,44310,4.9284015E-05
0,44320,4.9246697E-05
0,44330,4.9209404E-05
0,44340,4.9172144E-05
0,44350,4.913491E-05
0,44360,4.9097704E-05
0,44370,4.9060523E-05
0,44380,4.9023372E-05
0,44390,4.898625E-05
0,44400,4.8949158E-05
0,44410,4.8912094E-05
0,44420,4.8875056E-05
0,44430,4.8838046E-05
0,44440,4.8801063E-05
0,44450,4.8764112E-05
0,44460,4.8727186E-05
0,44470,4.8690286E-05
0,44480,4.865342E-05
0,44490,4.8616577E-05
0,44500,4.8579765E-05
0,44510,4.8542977E-05
0,44520,4.850622E-05
0,44530,4.846949E-05
0,44540,4.8432787E-05
0,44550,4.8396112E-05
0,44560,4.8359467E-05
0,44570,4.8322847E-05
0,44580,4.8286256E-05
0,44590,4.824969E-05
0,44600,4.8213155E-05
0,44610,4.8176647E-05
0,44620,4.8140166E-05
0,44630,4.8103713E-05
0,44640,4.8067286E-05
0,44650,4.8030888E-05
0,44660,4.799452E-05
0,44670,4.7958176E-05
0,44680,4.792186E-05
0,44690,4.7885573E-05
0,44700,4.7849313E-05
0,44710,4.7813082E-05
0,44720,4.7776877E-05
0,44730,4.7740697E-05
0,44740,4.7704547E-05
0,44750,4.7668425E-05
0,44760,4.763233E-05
0,44770,4.759626E-05
0,44780,4.7560217E-05
0,44790,4.7524205E-05
0,44800,4.7488218E-05
0,44810,4.745226E-05
0,44820,4.7416328E-05
0,44830,4.738042E-05
0,44840,4.7344543E-05
0,44850,4.7308695E-05
0,44860,4.727287E-05
0,44870,4.7237074E-05
0,44880,4.7201305E-05
0,44890,4.7165562E-05
0,44900,4.7129848E-05
0,44910,4.709416E-05
0,44920,4.70585E-05
0,44930,4.7022866E-05
0,44940,4.6987258E-05
0,44950,4.6951678E-05
0,44960,4.6916124E-05
0,44970,4.68806E-05
0,44980,4.68451E-05
0,44990,4.6809626E-05
0,45000,4.677418E-05
0,45010,4.673876E-05
0,45020,4.670337E-05
0,45030,4.6668007E-05
0,45040,4.6632667E-05
0,45050,4.6597357E-05
0,45060,4.6562072E-05
0,45070,4.6526813E-05
0,45080,4.6491583E-05
0,45090,4.645638E-05
0,45100,4.64212E-05
0,45110,4.638605E-05
0,45120,4.6350924E-05
0,45130,4.6315825E-05
0,45140,4.6280755E-05
0,45150,4.624571E-05
0,45160,4.621069E-05
0,45170,4.6175697E-05
0,45180,4.6140733E-05
0,45190,4.6105793E-05
0,45200,4.607088E-05
0,45210,4.6035995E-05
0,45220,4.6001136E-05
0,45230,4.5966302E-05
0,45240,4.5931494E-05
0,45250,4.5896715E-05
0,45260,4.586196E-05
0,45270,4.5827233E-05
0,45280,4.579253E-05
0,45290,4.5757857E-05
0,45300,4.5723205E-05
0,45310,4.5688583E-05
0,45320,4.5653986E-05
0,45330,4.5619418E-05
0,45340,4.558487E-05
0,45350,4.5550354E-05
0,45360,4.5515862E-05
0,45370,4.5481396E-05
0,45380,4.5446955E-05
0,45390,4.5412544E-05
0,45400,4.5378158E-05
0,45410,4.5343793E-05
0,45420,4.5309458E-05
0,45430,4.527515E-05
0,45440,4.5240864E-05
0,45450,4.520661E-05
0,45460,4.5172375E-05
0,45470,4.513817E-05
0,45480,4.5103992E-05
0,45490,4.5069835E-05
0,45500,4.5035707E-05
0,45510,4.5001605E-05
0,45520,4.496753E-05
0,45530,4.493348E-05
0,45540,4.4899454E-05
0,45550,4.4865457E-05
0,45560,4.4831482E-05
0,45570,4.4797536E-05
0,45580,4.4763612E-05
0,45590,4.4729717E-05
0,45600,4.4695847E-05
0,45610,4.4662E-05
0,45620,4.462818E-05
0,45630,4.4594388E-05
0,45640,4.456062E-05
0,45650,4.4526878E-05
0,45660,4.449316E-05
0,45670,4.445947E-05
0,45680,4.4425804E-05
0,45690,4.4392164E-05
0,45700,4.435855E-05
0,45710,4.432496E-05
0,45720,4.4291395E-05
0,45730,4.4257857E-05
0,45740,4.4224344E-05
0,45750,4.4190856E-05
0,45760,4.4157394E-05
0,45770,4.4123957E-05
0,45780,4.4090542E-05
0,45790,4.4057157E-05
0,45800,4.4023796E-05
0,45810,4.399046E-05
0,45820,4.395715E-05
0,45830,4.3923865E-05
0,45840,4.3890603E-05
0,45850,4.385737E-05
0,45860,4.382416E-05
0,45870,4.3790973E-05
0,45880,4.3757813E-05
0,45890,4.3724678E-05
0,45900,4.369157E-05
0,45910,4.3658485E-05
0,45920,4.3625427E-05
0,45930,4.359239E-05
0,45940,4.3559383E-05
0,45950,4.3526397E-05
0,45960,4.3493437E-05
0,45970,4.3460503E-05
0,45980,4.3427593E-05
0,45990,4.339471E-05
0,46000,4.336185E-05
0,46010,4.3329015E-05
0,46020,4.3296208E-05
0,46030,4.3263422E-05
0,46040,4.3230662E-05
0,46050,4.3197924E-05
0,46060,4.3165215E-05
0,46070,4.3132528E-05
0,46080,4.3099866E-05
0,46090,4.306723E-05
0,46100,4.303462E-05
0,46110,4.3002034E-05
0,46120,4.296947E-05
0,46130,4.2936932E-05
0,46140,4.290442E-05
0,46150,4.2871932E-05
0,46160,4.2839467E-05
0,46170,4.2807027E-05
0,46180,4.2774613E-05
0,46190,4.2742224E-05
0,46200,4.2709857E-05
0,46210,4.267752E-05
0,46220,4.2645202E-05
0,46230,4.2612908E-05
0,46240,4.2580643E-05
0,46250,4.25484E-05
0,46260,4.2516178E-05
0,46270,4.2483985E-05
0,46280,4.2451815E-05
0,46290,4.241967E-05
0,46300,4.2387546E-05
0,46310,4.2355452E-05
0,46320,4.232338E-05
0,46330,4.229133E-05
0,46340,4.2259308E-05
0,46350,4.2227304E-05
0,46360,4.219533E-05
0,46370,4.2163378E-05
0,46380,4.213145E-05
0,46390,4.209955E-05
0,46400,4.206767E-05
0,46410,4.2035816E-05
0,46420,4.2003983E-05
0,46430,4.1972176E-05
0,46440,4.1940395E-05
0,46450,4.1908635E-05
0,46460,4.18769E-05
0,46470,4.1845193E-05
0,46480,4.1813506E-05
0,46490,4.1781845E-05
0,46500,4.1750205E-05
0,46510,4.171859E-05
0,46520,4.1687E-05
0,46530,4.1655436E-05
0,46540,4.162389E-05
0,46550,4.159237E-05
0,46560,4.1560877E-05
0,46570,4.1529405E-05
0,46580,4.149796E-05
0,46590,4.1466537E-05
0,46600,4.1435138E-05
0,46610,4.140376E-05
0,46620,4.137241E-05
0,46630,4.134108E-05
0,46640,4.1309777E-05
0,46650,4.1278494E-05
0,46660,4.1247236E-05
0,46670,4.1216004E-05
0,46680,4.1184794E-05
0,46690,4.115361E-05
0,46700,4.1122446E-05
0,46710,4.1091305E-05
0,46720,4.106019E-05
0,46730,4.10291E-05
0,46740,4.099803E-05
0,46750,4.096699E-05
0,46760,4.0935964E-05
0,46770,4.0904968E-05
0,46780,4.0873994E-05
0,46790,4.0843042E-05
0,46800,4.0812116E-05
0,46810,4.078121E-05
0,46820,4.075033E-05
0,46830,4.071947E-05
0,46840,4.068864E-05
0,46850,4.065783E-05
0,46860,4.062704E-05
0,46870,4.059628E-05
0,46880,4.0565537E-05
0,46890,4.053482E-05
0,46900,4.0504125E-05
0,46910,4.0473456E-05
0,46920,4.0442806E-05
0,46930,4.0412182E-05
0,46940,4.0381583E-05
0,46950,4.0351002E-05
0,46960,4.032045E-05
0,46970,4.0289917E-05
0,46980,4.025941E-05
0,46990,4.0228922E-05
0,47000,4.019846E-05
0,47010,4.0168023E-05
0,47020,4.0137606E-05
0,47030,4.010721E-05
0,47040,4.007684E-05
0,47050,4.0046496E-05
0,47060,4.001617E-05
0,47070,3.998587E-05
0,47080,3.995559E-05
0,47090,3.9925333E-05
0,47100,3.98951E-05
0,47110,3.986489E-05
0,47120,3.9834707E-05
0,47130,3.980454E-05
0,47140,3.97744E-05
0,47150,3.9744282E-05
0,47160,3.971419E-05
0,47170,3.9684113E-05
0,47180,3.9654064E-05
0,47190,3.962404E-05
0,47200,3.9594033E-05
0,47210,3.9564053E-05
0,47220,3.9534094E-05
0,47230,3.9504157E-05
0,47240,3.9474242E-05
0,47250,3.9444352E-05
0,47260,3.9414484E-05
0,47270,3.938464E-05
0,47280,3.9354814E-05
0,47290,3.9325016E-05
0,47300,3.9295235E-05
0,47310,3.926548E-05
0,47320,3.9235747E-05
0,47330,3.920604E-05
0,47340,3.917635E-05
0,47350,3.9146686E-05
0,47360,3.9117043E-05
0,47370,3.9087423E-05
0,47380,3.9057824E-05
0,47390,3.9028248E-05
0,47400,3.8998693E-05
0,47410,3.8969163E-05
0,47420,3.8939655E-05
0,47430,3.891017E-05
0,47440,3.8880706E-05
0,47450,3.8851264E-05
0,47460,3.8821843E-05
0,47470,3.879245E-05
0,47480,3.876307E-05
0,47490,3.873372E-05
0,47500,3.870439E-05
0,47510,3.8675083E-05
0,47520,3.8645798E-05
0,47530,3.8616534E-05
0,47540,3.858729E-05
0,47550,3.855807E-05
0,47560,3.8528873E-05
0,47570,3.84997E-05
0,47580,3.8470545E-05
0,47590,3.8441416E-05
0,47600,3.841231E-05
0,47610,3.838322E-05
0,47620,3.8354156E-05
0,47630,3.8325114E-05
0,47640,3.8296093E-05
0,47650,3.826709E-05
0,47660,3.8238115E-05
0,47670,3.820916E-05
0,47680,3.8180227E-05
0,47690,3.8151316E-05
0,47700,3.8122427E-05
0,47710,3.809356E-05
0,47720,3.8064714E-05
0,47730,3.803589E-05
0,47740,3.800709E-05
0,47750,3.797831E-05
0,47760,3.794955E-05
0,47770,3.7920814E-05
0,47780,3.78921E-05
0,47790,3.7863407E-05
0,47800,3.7834736E-05
0,47810,3.7806087E-05
0,47820,3.777746E-05
0,47830,3.7748854E-05
0,47840,3.7720267E-05
0,47850,3.7691705E-05
0,47860,3.7663165E-05
0,47870,3.7634643E-05
0,47880,3.7606147E-05
0,47890,3.757767E-05
0,47900,3.7549216E-05
0,47910,3.7520782E-05
0,47920,3.749237E-05
0,47930,3.7463982E-05
0,47940,3.7435613E-05
0,47950,3.7407266E-05
0,47960,3.737894E-05
0,47970,3.7350634E-05
0,47980,3.7322352E-05
0,47990,3.729409E-05
0,48000,3.726585E-05
0,48010,3.723763E-05
0,48020,3.7209433E-05
0,48030,3.7181257E-05
0,48040,3.7153102E-05
0,48050,3.712497E-05
0,48060,3.709686E-05
0,48070,3.7068767E-05
0,48080,3.70407E-05
0,48090,3.701265E-05
0,48100,3.6984624E-05
0,48110,3.695662E-05
0,48120,3.692863E-05
0,48130,3.690067E-05
0,48140,3.6872727E-05
0,48150,3.6844805E-05
0,48160,3.6816906E-05
0,48170,3.6789028E-05
0,48180,3.676117E-05
0,48190,3.6733334E-05
0,48200,3.6705518E-05
0,48210,3.6677724E-05
0,48220,3.664995E-05
0,48230,3.6622198E-05
0,48240,3.6594465E-05
0,48250,3.6566755E-05
0,48260,3.6539066E-05
0,48270,3.65114E-05
0,48280,3.648375E-05
0,48290,3.6456124E-05
0,48300,3.642852E-05
0,48310,3.6400936E-05
0,48320,3.637337E-05
0,48330,3.6345828E-05
0,48340,3.6318306E-05
0,48350,3.6290803E-05
0,48360,3.6263325E-05
0,48370,3.6235866E-05
0,48380,3.6208425E-05
0,48390,3.618101E-05
0,48400,3.615361E-05
0,48410,3.6126235E-05
0,48420,3.6098878E-05
0,48430,3.6071542E-05
0,48440,3.604423E-05
0,48450,3.6016936E-05
0,48460,3.5989662E-05
0,48470,3.596241E-05
0,48480,3.593518E-05
0,48490,3.5907968E-05
0,48500,3.5880777E-05
0,48510,3.585361E-05
0,48520,3.582646E-05
0,48530,3.579933E-05
0,48540,3.577222E-05
0,48550,3.574513E-05
0,48560,3.5718065E-05
0,48570,3.569102E-05
0,48580,3.5663994E-05
0,48590,3.563699E-05
0,48600,3.5610003E-05
0,48610,3.5583038E-05
0,48620,3.555609E-05
0,48630,3.552917E-05
0,48640,3.5502264E-05
0,48650,3.5475383E-05
0,48660,3.544852E-05
0,48670,3.5421675E-05
0,48680,3.5394856E-05
0,48690,3.536805E-05
0,48700,3.5341272E-05
0,48710,3.5314508E-05
0,48720,3.528777E-05
0,48730,3.5261048E-05
0,48740,3.523435E-05
0,48750,3.5207668E-05
0,48760,3.5181005E-05
0,48770,3.5154368E-05
0,48780,3.5127745E-05
0,48790,3.5101148E-05
0,48800,3.507457E-05
0,48810,3.5048008E-05
0,48820,3.502147E-05
0,48830,3.499495E-05
0,48840,3.496845E-05
0,48850,3.494197E-05
0,48860,3.4915513E-05
0,48870,3.4889075E-05
0,48880,3.4862656E-05
0,48890,3.4836256E-05
0,48900,3.4809877E-05
0,48910,3.478352E-05
0,48920,3.475718E-05
0,48930,3.473086E-05
0,48940,3.470456E-05
0,48950,3.467828E-05
0,48960,3.465202E-05
0,48970,3.4625784E-05
0,48980,3.459956E-05
0,48990,3.4573364E-05
0,49000,3.454718E-05
0,49010,3.4521025E-05
0,49020,3.4494882E-05
0,49030,3.446876E-05
0,49040,3.4442663E-05
0,49050,3.4416582E-05
0,49060,3.439052E-05
0,49070,3.436448E-05
0,49080,3.4338456E-05
0,49090,3.4312456E-05
0,49100,3.4286473E-05
0,49110,3.426051E-05
0,49120,3.4234567E-05
0,49130,3.4208642E-05
0,49140,3.418274E-05
0,49150,3.4156856E-05
0,49160,3.4130993E-05
0,49170,3.4105145E-05
0,49180,3.4079323E-05
0,49190,3.4053515E-05
0,49200,3.402773E-05
0,49210,3.400196E-05
0,49220,3.3976215E-05
0,49230,3.3950488E-05
0,49240,3.3924778E-05
0,49250,3.389909E-05
0,49260,3.387342E-05
0,49270,3.3847773E-05
0,49280,3.382214E-05
0,49290,3.379653E-05
0,49300,3.377094E-05
0,49310,3.3745368E-05
0,49320,3.3719814E-05
0,49330,3.369428E-05
0,49340,3.3668766E-05
0,49350,3.364327E-05
0,49360,3.3617795E-05
0,49370,3.359234E-05
0,49380,3.3566903E-05
0,49390,3.3541484E-05
0,49400,3.3516084E-05
0,49410,3.3490705E-05
0,49420,3.3465345E-05
0,49430,3.3440007E-05
0,49440,3.3414683E-05
0,49450,3.338938E-05
0,49460,3.3364096E-05
0,49470,3.3338834E-05
0,49480,3.331359E-05
0,49490,3.3288365E-05
0,49500,3.3263157E-05
0,49510,3.3237968E-05
0,49520,3.32128E-05
0,49530,3.318765E-05
0,49540,3.316252E-05
0,49550,3.3137407E-05
0,49560,3.3112316E-05
0,49570,3.3087243E-05
0,49580,3.3062188E-05
0,49590,3.303715E-05
0,49600,3.3012137E-05
0,49610,3.2987136E-05
0,49620,3.2962158E-05
0,49630,3.2937198E-05
0,49640,3.291226E-05
0,49650,3.2887336E-05
0,49660,3.2862434E-05
0,49670,3.283755E-05
0,49680,3.2812684E-05
0,49690,3.2787837E-05
0,49700,3.2763008E-05
0,49710,3.27382E-05
0,49720,3.2713408E-05
0,49730,3.2688637E-05
0,49740,3.2663884E-05
0,49750,3.2639153E-05
0,49760,3.2614436E-05
0,49770,3.2589738E-05
0,49780,3.256506E-05
0,49790,3.2540403E-05
0,49800,3.2515763E-05
0,49810,3.249114E-05
0,49820,3.2466538E-05
0,49830,3.2441952E-05
0,49840,3.2417385E-05
0,49850,3.239284E-05
0,49860,3.236831E-05
0,49870,3.23438E-05
0,49880,3.231931E-05
0,49890,3.2294836E-05
0,49900,3.227038E-05
0,49910,3.2245945E-05
0,49920,3.2221527E-05
0,49930,3.2197127E-05
0,49940,3.217275E-05
0,49950,3.2148386E-05
0,49960,3.2124044E-05
0,49970,3.2099717E-05
0,49980,3.207541E-05
0,49990,3.205112E-05
0,50000,3.2026852E-05
0,50010,3.20026E-05
0,50020,3.197837E-05
0,50030,3.1954154E-05
0,50040,3.1929958E-05
0,50050,3.1905776E-05
0,50060,3.1881616E-05
0,50070,3.1857475E-05
0,50080,3.183335E-05
0,50090,3.180925E-05
0,50100,3.1785163E-05
0,50110,3.1761094E-05
0,50120,3.1737043E-05
0,50130,3.171301E-05
0,50140,3.1688996E-05
0,50150,3.1665E-05
0,50160,3.1641022E-05
0,50170,3.1617063E-05
0,50180,3.159312E-05
0,50190,3.1569198E-05
0,50200,3.1545293E-05
0,50210,3.1521406E-05
0,50220,3.1497537E-05
0,50230,3.1473686E-05
0,50240,3.1449854E-05
0,50250,3.142604E-05
0,50260,3.1402244E-05
0,50270,3.1378466E-05
0,50280,3.1354706E-05
0,50290,3.133096E-05
0,50300,3.1307238E-05
0,50310,3.128353E-05
0,50320,3.1259842E-05
0,50330,3.123617E-05
0,50340,3.121252E-05
0,50350,3.1188883E-05
0,50360,3.1165266E-05
0,50370,3.1141666E-05
0,50380,3.1118085E-05
0,50390,3.109452E-05
0,50400,3.1070977E-05
0,50410,3.104745E-05
0,50420,3.1023937E-05
0,50430,3.1000447E-05
0,50440,3.097697E-05
0,50450,3.0953517E-05
0,50460,3.0930078E-05
0,50470,3.0906656E-05
0,50480,3.0883253E-05
0,50490,3.085987E-05
0,50500,3.0836498E-05
0,50510,3.081315E-05
0,50520,3.0789815E-05
0,50530,3.0766503E-05
0,50540,3.0743206E-05
0,50550,3.0719926E-05
0,50560,3.069666E-05
0,50570,3.067342E-05
0,50580,3.0650193E-05
0,50590,3.0626983E-05
0,50600,3.060379E-05
0,50610,3.0580617E-05
0,50620,3.055746E-05
0,50630,3.053432E-05
0,50640,3.05112E-05
0,50650,3.0488096E-05
0,50660,3.046501E-05
0,50670,3.044194E-05
0,50680,3.0418889E-05
0,50690,3.0395855E-05
0,50700,3.037284E-05
0,50710,3.034984E-05
0,50720,3.0326859E-05
0,50730,3.0303894E-05
0,50740,3.0280948E-05
0,50750,3.0258017E-05
0,50760,3.0235105E-05
0,50770,3.021221E-05
0,50780,3.0189332E-05
0,50790,3.0166473E-05
0,50800,3.014363E-05
0,50810,3.0120804E-05
0,50820,3.0097995E-05
0,50830,3.0075205E-05
0,50840,3.0052432E-05
0,50850,3.0029674E-05
0,50860,3.0006935E-05
0,50870,2.9984214E-05
0,50880,2.996151E-05
0,50890,2.9938821E-05
0,50900,2.9916151E-05
0,50910,2.9893497E-05
0,50920,2.9870862E-05
0,50930,2.9848243E-05
0,50940,2.982564E-05
0,50950,2.9803055E-05
0,50960,2.9780487E-05
0,50970,2.9757937E-05
0,50980,2.9735404E-05
0,50990,2.9712888E-05
0,51000,2.9690387E-05
0,51010,2.9667906E-05
0,51020,2.964544E-05
0,51030,2.9622992E-05
0,51040,2.960056E-05
0,51050,2.9578146E-05
0,51060,2.955575E-05
0,51070,2.9533368E-05
0,51080,2.9511006E-05
0,51090,2.9488658E-05
0,51100,2.946633E-05
0,51110,2.9444016E-05
0,51120,2.942172E-05
0,51130,2.9399442E-05
0,51140,2.9377179E-05
0,51150,2.9354935E-05
0,51160,2.9332707E-05
0,51170,2.9310495E-05
0,51180,2.92883E-05
0,51190,2.9266123E-05
0,51200,2.924396E-05
0,51210,2.9221817E-05
0,51220,2.919969E-05
0,51230,2.9177578E-05
0,51240,2.9155484E-05
0,51250,2.9133407E-05
0,51260,2.9111347E-05
0,51270,2.9089302E-05
0,51280,2.9067276E-05
0,51290,2.9045264E-05
0,51300,2.9023271E-05
0,51310,2.9001294E-05
0,51320,2.8979333E-05
0,51330,2.8957389E-05
0,51340,2.8935461E-05
0,51350,2.8913551E-05
0,51360,2.8891656E-05
0,51370,2.886978E-05
0,51380,2.8847919E-05
0,51390,2.8826074E-05
0,51400,2.8804247E-05
0,51410,2.8782435E-05
0,51420,2.876064E-05
0,51430,2.8738861E-05
0,51440,2.87171E-05
0,51450,2.8695355E-05
0,51460,2.8673625E-05
0,51470,2.8651913E-05
0,51480,2.8630217E-05
0,51490,2.8608538E-05
0,51500,2.8586875E-05
0,51510,2.8565228E-05
0,51520,2.8543598E-05
0,51530,2.8521983E-05
0,51540,2.8500386E-05
0,51550,2.8478804E-05
0,51560,2.845724E-05
0,51570,2.8435692E-05
0,51580,2.8414159E-05
0,51590,2.8392644E-05
0,51600,2.8371143E-05
0,51610,2.834966E-05
0,51620,2.8328193E-05
0,51630,2.8306742E-05
0,51640,2.8285307E-05
0,51650,2.8263888E-05
0,51660,2.8242486E-05
0,51670,2.82211E-05
0,51680,2.819973E-05
0,51690,2.8178378E-05
0,51700,2.8157041E-05
0,51710,2.8135719E-05
0,51720,2.8114413E-05
0,51730,2.8093125E-05
0,51740,2.8071852E-05
0,51750,2.8050596E-05
0,51760,2.8029355E-05
0,51770,2.800813E-05
0,51780,2.7986922E-05
0,51790,2.7965729E-05
0,51800,2.7944552E-05
0,51810,2.7923392E-05
0,51820,2.7902248E-05
0,51830,2.788112E-05
0,51840,2.7860007E-05
0,51850,2.783891E-05
0,51860,2.781783E-05
0,51870,2.7796767E-05
0,51880,2.7775717E-05
0,51890,2.7754686E-05
0,51900,2.773367E-05
0,51910,2.7712667E-05
0,51920,2.7691683E-05
0,51930,2.7670714E-05
0,51940,2.7649761E-05
0,51950,2.7628825E-05
0,51960,2.7607903E-05
0,51970,2.7586997E-05
0,51980,2.7566108E-05
0,51990,2.7545235E-05
0,52000,2.7524376E-05
0,52010,2.7503535E-05
0,52020,2.7482707E-05
0,52030,2.7461896E-05
0,52040,2.7441101E-05
0,52050,2.7420323E-05
0,52060,2.739956E-05
0,52070,2.7378812E-05
0,52080,2.7358079E-05
0,52090,2.7337364E-05
0,52100,2.7316662E-05
0,52110,2.7295979E-05
0,52120,2.727531E-05
0,52130,2.7254655E-05
0,52140,2.7234017E-05
0,52150,2.7213395E-05
0,52160,2.7192787E-05
0,52170,2.7172196E-05
0,52180,2.7151622E-05
0,52190,2.7131062E-05
0,52200,2.7110518E-05
0,52210,2.7089989E-05
0,52220,2.7069475E-05
0,52230,2.7048978E-05
0,52240,2.7028495E-05
0,52250,2.7008029E-05
0,52260,2.6987578E-05
0,52270,2.6967142E-05
0,52280,2.6946722E-05
0,52290,2.6926316E-05
0,52300,2.6905927E-05
0,52310,2.6885553E-05
0,52320,2.6865195E-05
0,52330,2.6844853E-05
0,52340,2.6824524E-05
0,52350,2.6804213E-05
0,52360,2.6783915E-05
0,52370,2.6763633E-05
0,52380,2.6743368E-05
0,52390,2.6723117E-05
0,52400,2.670288E-05
0,52410,2.6682661E-05
0,52420,2.6662456E-05
0,52430,2.6642267E-05
0,52440,2.6622092E-05
0,52450,2.6601934E-05
0,52460,2.658179E-05
0,52470,2.6561662E-05
0,52480,2.654155E-05
0,52490,2.6521451E-05
0,52500,2.6501368E-05
0,52510,2.64813E-05
0,52520,2.6461248E-05
0,52530,2.644121E-05
0,52540,2.6421189E-05
0,52550,2.6401181E-05
0,52560,2.638119E-05
0,52570,2.6361215E-05
0,52580,2.6341253E-05
0,52590,2.6321306E-05
0,52600,2.6301375E-05
0,52610,2.628146E-05
0,52620,2.6261558E-05
0,52630,2.6241672E-05
0,52640,2.62218E-05
0,52650,2.6201946E-05
0,52660,2.6182104E-05
0,52670,2.6162279E-05
0,52680,2.6142468E-05
0,52690,2.6122672E-05
0,52700,2.610289E-05
0,52710,2.6083126E-05
0,52720,2.6063375E-05
0,52730,2.6043639E-05
0,52740,2.6023918E-05
0,52750,2.6004212E-05
0,52760,2.598452E-05
0,52770,2.5964844E-05
0,52780,2.5945183E-05
0,52790,2.5925538E-05
0,52800,2.5905905E-05
0,52810,2.588629E-05
0,52820,2.5866686E-05
0,52830,2.58471E-05
0,52840,2.5827529E-05
0,52850,2.580797E-05
0,52860,2.5788428E-05
0,52870,2.57689E-05
0,52880,2.5749387E-05
0,52890,2.5729889E-05
0,52900,2.5710406E-05
0,52910,2.5690937E-05
0,52920,2.5671483E-05
0,52930,2.5652045E-05
0,52940,2.563262E-05
0,52950,2.561321E-05
0,52960,2.5593816E-05
0,52970,2.5574434E-05
0,52980,2.555507E-05
0,52990,2.5535719E-05
0,53000,2.5516381E-05
0,53010,2.549706E-05
0,53020,2.5477753E-05
0,53030,2.5458461E-05
0,53040,2.5439183E-05
0,53050,2.541992E-05
0,53060,2.5400672E-05
0,53070,2.5381438E-05
0,53080,2.5362218E-05
0,53090,2.5343013E-05
0,53100,2.5323823E-05
0,53110,2.5304646E-05
0,53120,2.5285484E-05
0,53130,2.5266338E-05
0,53140,2.5247205E-05
0,53150,2.5228088E-05
0,53160,2.5208985E-05
0,53170,2.5189896E-05
0,53180,2.517082E-05
0,53190,2.5151761E-05
0,53200,2.5132716E-05
0,53210,2.5113684E-05
0,53220,2.5094669E-05
0,53230,2.5075666E-05
0,53240,2.5056677E-05
0,53250,2.5037703E-05
0,53260,2.5018744E-05
0,53270,2.49998E-05
0,53280,2.4980869E-05
0,53290,2.4961953E-05
0,53300,2.494305E-05
0,53310,2.4924164E-05
0,53320,2.490529E-05
0,53330,2.488643E-05
0,53340,2.4867586E-05
0,53350,2.4848756E-05
0,53360,2.482994E-05
0,53370,2.481114E-05
0,53380,2.479235E-05
0,53390,2.4773577E-05
0,53400,2.4754818E-05
0,53410,2.4736073E-05
0,53420,2.4717343E-05
0,53430,2.4698626E-05
0,53440,2.4679923E-05
0,53450,2.4661234E-05
0,53460,2.464256E-05
0,53470,2.4623901E-05
0,53480,2.4605255E-05
0,53490,2.4586623E-05
0,53500,2.4568006E-05
0,53510,2.4549401E-05
0,53520,2.4530813E-05
0,53530,2.4512237E-05
0,53540,2.4493676E-05
0,53550,2.4475128E-05
0,53560,2.4456596E-05
0,53570,2.4438075E-05
0,53580,2.441957E-05
0,53590,2.440108E-05
0,53600,2.4382603E-05
0,53610,2.4364139E-05
0,53620,2.434569E-05
0,53630,2.4327255E-05
0,53640,2.4308834E-05
0,53650,2.4290426E-05
0,53660,2.4272033E-05
0,53670,2.4253653E-05
0,53680,2.4235289E-05
0,53690,2.4216937E-05
0,53700,2.41986E-05
0,53710,2.4180275E-05
0,53720,2.4161965E-05
0,53730,2.414367E-05
0,53740,2.4125387E-05
0,53750,2.410712E-05
0,53760,2.4088864E-05
0,53770,2.4070623E-05
0,53780,2.4052397E-05
0,53790,2.4034183E-05
0,53800,2.4015984E-05
0,53810,2.3997798E-05
0,53820,2.3979626E-05
0,53830,2.396147E-05
0,53840,2.3943325E-05
0,53850,2.3925193E-05
0,53860,2.3907078E-05
0,53870,2.3888973E-05
0,53880,2.3870885E-05
0,53890,2.3852808E-05
0,53900,2.3834747E-05
0,53910,2.38167E-05
0,53920,2.3798664E-05
0,53930,2.3780643E-05
0,53940,2.3762635E-05
0,53950,2.3744642E-05
0,53960,2.3726661E-05
0,53970,2.3708695E-05
0,53980,2.3690744E-05
0,53990,2.3672803E-05
0,54000,2.3654879E-05
0,54010,2.3636965E-05
0,54020,2.3619066E-05
0,54030,2.3601182E-05
0,54040,2.358331E-05
0,54050,2.3565453E-05
0,54060,2.3547609E-05
0,54070,2.3529778E-05
0,54080,2.351196E-05
0,54090,2.3494156E-05
0,54100,2.3476367E-05
0,54110,2.345859E-05
0,54120,2.3440825E-05
0,54130,2.3423076E-05
0,54140,2.3405339E-05
0,54150,2.3387616E-05
0,54160,2.3369907E-05
0,54170,2.335221E-05
0,54180,2.3334527E-05
0,54190,2.3316858E-05
0,54200,2.32992E-05
0,54210,2.3281558E-05
0,54220,2.3263929E-05
0,54230,2.3246314E-05
0,54240,2.322871E-05
0,54250,2.3211122E-05
0,54260,2.3193545E-05
0,54270,2.3175982E-05
0,54280,2.3158433E-05
0,54290,2.3140896E-05
0,54300,2.3123373E-05
0,54310,2.3105864E-05
0,54320,2.3088367E-05
0,54330,2.3070885E-05
0,54340,2.3053415E-05
0,54350,2.3035958E-05
0,54360,2.3018514E-05
0,54370,2.3001085E-05
0,54380,2.2983668E-05
0,54390,2.2966264E-05
0,54400,2.2948872E-05
0,54410,2.2931496E-05
0,54420,2.2914131E-05
0,54430,2.289678E-05
0,54440,2.2879442E-05
0,54450,2.2862116E-05
0,54460,2.2844804E-05
0,54470,2.2827506E-05
0,54480,2.281022E-05
0,54490,2.2792949E-05
0,54500,2.2775688E-05
0,54510,2.2758442E-05
0,54520,2.274121E-05
0,54530,2.2723989E-05
0,54540,2.2706781E-05
0,54550,2.2689586E-05
0,54560,2.2672406E-05
0,54570,2.2655238E-05
0,54580,2.2638083E-05
0,54590,2.2620941E-05
0,54600,2.2603812E-05
0,54610,2.2586695E-05
0,54620,2.2569591E-05
0,54630,2.2552502E-05
0,54640,2.2535425E-05
0,54650,2.251836E-05
0,54660,2.2501308E-05
0,54670,2.248427E-05
0,54680,2.2467244E-05
0,54690,2.2450231E-05
0,54700,2.243323E-05
0,54710,2.2416245E-05
0,54720,2.239927E-05
0,54730,2.2382308E-05
0,54740,2.236536E-05
0,54750,2.2348424E-05
0,54760,2.2331502E-05
0,54770,2.2314593E-05
0,54780,2.2297694E-05
0,54790,2.228081E-05
0,54800,2.226394E-05
0,54810,2.224708E-05
0,54820,2.2230233E-05
0,54830,2.22134E-05
0,54840,2.219658E-05
0,54850,2.2179773E-05
0,54860,2.2162976E-05
0,54870,2.2146194E-05
0,54880,2.2129425E-05
0,54890,2.2112668E-05
0,54900,2.2095923E-05
0,54910,2.2079192E-05
0,54920,2.2062473E-05
0,54930,2.2045766E-05
0,54940,2.2029073E-05
0,54950,2.2012393E-05
0,54960,2.1995724E-05
0,54970,2.1979067E-05
0,54980,2.1962425E-05
0,54990,2.1945794E-05
0,55000,2.1929176E-05
0,55010,2.191257E-05
0,55020,2.1895978E-05
0,55030,2.1879398E-05
0,55040,2.186283E-05
0,55050,2.1846276E-05
0,55060,2.1829732E-05
0,55070,2.1813203E-05
0,55080,2.1796684E-05
0,55090,2.178018E-05
0,55100,2.1763688E-05
0,55110,2.1747208E-05
0,55120,2.173074E-05
0,55130,2.1714284E-05
0,55140,2.1697842E-05
0,55150,2.1681411E-05
0,55160,2.1664995E-05
0,55170,2.164859E-05
0,55180,2.1632197E-05
0,55190,2.1615815E-05
0,55200,2.1599448E-05
0,55210,2.1583091E-05
0,55220,2.1566748E-05
0,55230,2.1550417E-05
0,55240,2.1534099E-05
0,55250,2.1517793E-05
0,55260,2.1501499E-05
0,55270,2.1485217E-05
0,55280,2.1468948E-05
0,55290,2.1452692E-05
0,55300,2.1436446E-05
0,55310,2.1420215E-05
0,55320,2.1403996E-05
0,55330,2.1387787E-05
0,55340,2.1371592E-05
0,55350,2.1355409E-05
0,55360,2.1339238E-05
0,55370,2.132308E-05
0,55380,2.1306932E-05
0,55390,2.1290798E-05
0,55400,2.1274676E-05
0,55410,2.1258567E-05
0,55420,2.124247E-05
0,55430,2.1226384E-05
0,55440,2.1210311E-05
0,55450,2.119425E-05
0,55460,2.11782E-05
0,55470,2.1162165E-05
0,55480,2.114614E-05
0,55490,2.1130127E-05
0,55500,2.1114127E-05
0,55510,2.1098138E-05
0,55520,2.1082162E-05
0,55530,2.1066198E-05
0,55540,2.1050248E-05
0,55550,2.1034308E-05
0,55560,2.1018379E-05
0,55570,2.1002463E-05
0,55580,2.098656E-05
0,55590,2.0970669E-05
0,55600,2.0954789E-05
0,55610,2.0938922E-05
0,55620,2.0923066E-05
0,55630,2.0907222E-05
0,55640,2.0891392E-05
0,55650,2.0875572E-05
0,55660,2.0859763E-05
0,55670,2.0843969E-05
0,55680,2.0828185E-05
0,55690,2.0812413E-05
0,55700,2.0796653E-05
0,55710,2.0780906E-05
0,55720,2.076517E-05
0,55730,2.0749445E-05
0,55740,2.0733734E-05
0,55750,2.0718033E-05
0,55760,2.0702346E-05
0,55770,2.0686668E-05
0,55780,2.0671005E-05
0,55790,2.0655352E-05
0,55800,2.063971E-05
0,55810,2.0624082E-05
0,55820,2.0608464E-05
0,55830,2.0592859E-05
0,55840,2.0577267E-05
0,55850,2.0561685E-05
0,55860,2.0546115E-05
0,55870,2.0530557E-05
0,55880,2.051501E-05
0,55890,2.0499476E-05
0,55900,2.0483953E-05
0,55910,2.0468442E-05
0,55920,2.0452942E-05
0,55930,2.0437456E-05
0,55940,2.042198E-05
0,55950,2.0406516E-05
0,55960,2.0391062E-05
0,55970,2.0375623E-05
0,55980,2.0360194E-05
0,55990,2.0344776E-05
0,56000,2.0329371E-05
0,56010,2.0313977E-05
0,56020,2.0298594E-05
0,56030,2.0283223E-05
0,56040,2.0267864E-05
0,56050,2.0252517E-05
0,56060,2.0237181E-05
0,56070,2.0221858E-05
0,56080,2.0206546E-05
0,56090,2.0191244E-05
0,56100,2.0175954E-05
0,56110,2.0160676E-05
0,56120,2.0145411E-05
0,56130,2.0130155E-05
0,56140,2.0114912E-05
0,56150,2.0099682E-05
0,56160,2.008446E-05
0,56170,2.0069252E-05
0,56180,2.0054056E-05
0,56190,2.0038871E-05
0,56200,2.0023697E-05
0,56210,2.0008534E-05
0,56220,1.9993384E-05
0,56230,1.9978244E-05
0,56240,1.9963116E-05
0,56250,1.9947998E-05
0,56260,1.9932893E-05
0,56270,1.99178E-05
0,56280,1.9902718E-05
0,56290,1.9887646E-05
0,56300,1.9872587E-05
0,56310,1.985754E-05
0,56320,1.9842502E-05
0,56330,1.9827477E-05
0,56340,1.9812464E-05
0,56350,1.979746E-05
0,56360,1.978247E-05
0,56370,1.976749E-05
0,56380,1.9752522E-05
0,56390,1.9737565E-05
0,56400,1.9722618E-05
0,56410,1.9707684E-05
0,56420,1.9692761E-05
0,56430,1.967785E-05
0,56440,1.9662948E-05
0,56450,1.964806E-05
0,56460,1.963318E-05
0,56470,1.9618314E-05
0,56480,1.960346E-05
0,56490,1.9588615E-05
0,56500,1.9573781E-05
0,56510,1.955896E-05
0,56520,1.954415E-05
0,56530,1.952935E-05
0,56540,1.9514562E-05
0,56550,1.9499785E-05
0,56560,1.948502E-05
0,56570,1.9470264E-05
0,56580,1.9455521E-05
0,56590,1.944079E-05
0,56600,1.9426068E-05
0,56610,1.9411358E-05
0,56620,1.9396659E-05
0,56630,1.938197E-05
0,56640,1.9367295E-05
0,56650,1.935263E-05
0,56660,1.9337975E-05
0,56670,1.9323332E-05
0,56680,1.93087E-05
0,56690,1.9294079E-05
0,56700,1.9279469E-05
0,56710,1.926487E-05
0,56720,1.9250281E-05
0,56730,1.9235706E-05
0,56740,1.922114E-05
0,56750,1.9206585E-05
0,56760,1.919204E-05
0,56770,1.9177509E-05
0,56780,1.9162986E-05
0,56790,1.9148476E-05
0,56800,1.9133975E-05
0,56810,1.9119487E-05
0,56820,1.910501E-05
0,56830,1.9090543E-05
0,56840,1.9076087E-05
0,56850,1.9061641E-05
0,56860,1.9047207E-05
0,56870,1.9032785E-05
0,56880,1.9018373E-05
0,56890,1.9003972E-05
0,56900,1.8989582E-05
0,56910,1.89752E-05
0,56920,1.8960833E-05
0,56930,1.8946475E-05
0,56940,1.8932129E-05
0,56950,1.8917794E-05
0,56960,1.8903467E-05
0,56970,1.8889154E-05
0,56980,1.887485E-05
0,56990,1.8860557E-05
0,57000,1.8846276E-05
0,57010,1.8832005E-05
0,57020,1.8817746E-05
0,57030,1.8803496E-05
0,57040,1.8789257E-05
0,57050,1.877503E-05
0,57060,1.8760813E-05
0,57070,1.8746607E-05
0,57080,1.8732411E-05
0,57090,1.8718227E-05
0,57100,1.8704051E-05
0,57110,1.8689889E-05
0,57120,1.8675737E-05
0,57130,1.8661594E-05
0,57140,1.8647464E-05
0,57150,1.8633344E-05
0,57160,1.8619234E-05
0,57170,1.8605135E-05
0,57180,1.8591047E-05
0,57190,1.857697E-05
0,57200,1.8562901E-05
0,57210,1.8548846E-05
0,57220,1.85348E-05
0,57230,1.8520765E-05
0,57240,1.850674E-05
0,57250,1.8492727E-05
0,57260,1.8478724E-05
0,57270,1.846473E-05
0,57280,1.8450748E-05
0,57290,1.8436778E-05
0,57300,1.8422817E-05
0,57310,1.8408866E-05
0,57320,1.8394927E-05
0,57330,1.8380997E-05
0,57340,1.8367078E-05
0,57350,1.835317E-05
0,57360,1.8339273E-05
0,57370,1.8325387E-05
0,57380,1.831151E-05
0,57390,1.8297644E-05
0,57400,1.8283788E-05
0,57410,1.8269944E-05
0,57420,1.8256109E-05
0,57430,1.8242285E-05
0,57440,1.8228471E-05
0,57450,1.8214669E-05
0,57460,1.8200875E-05
0,57470,1.8187093E-05
0,57480,1.8173321E-05
0,57490,1.815956E-05
0,57500,1.8145809E-05
0,57510,1.8132068E-05
0,57520,1.8118339E-05
0,57530,1.810462E-05
0,57540,1.809091E-05
0,57550,1.8077211E-05
0,57560,1.8063523E-05
0,57570,1.8049845E-05
0,57580,1.8036177E-05
0,57590,1.802252E-05
0,57600,1.8008872E-05
0,57610,1.7995235E-05
0,57620,1.7981609E-05
0,57630,1.7967992E-05
0,57640,1.7954388E-05
0,57650,1.794079E-05
0,57660,1.7927206E-05
0,57670,1.7913631E-05
0,57680,1.7900067E-05
0,57690,1.7886512E-05
0,57700,1.7872968E-05
0,57710,1.7859435E-05
0,57720,1.784591E-05
0,57730,1.7832397E-05
0,57740,1.7818893E-05
0,57750,1.7805402E-05
0,57760,1.7791917E-05
0,57770,1.7778446E-05
0,57780,1.7764984E-05
0,57790,1.775153E-05
0,57800,1.773809E-05
0,57810,1.7724657E-05
0,57820,1.7711236E-05
0,57830,1.7697825E-05
0,57840,1.7684422E-05
0,57850,1.7671033E-05
0,57860,1.765765E-05
0,57870,1.764428E-05
0,57880,1.763092E-05
0,57890,1.7617569E-05
0,57900,1.7604229E-05
0,57910,1.7590897E-05
0,57920,1.7577579E-05
0,57930,1.7564267E-05
0,57940,1.7550967E-05
0,57950,1.7537677E-05
0,57960,1.7524397E-05
0,57970,1.7511127E-05
0,57980,1.7497867E-05
0,57990,1.7484617E-05
0,58000,1.7471379E-05
0,58010,1.7458147E-05
0,58020,1.7444929E-05
0,58030,1.743172E-05
0,58040,1.7418519E-05
0,58050,1.740533E-05
0,58060,1.7392149E-05
0,58070,1.737898E-05
0,58080,1.7365819E-05
0,58090,1.735267E-05
0,58100,1.733953E-05
0,58110,1.73264E-05
0,58120,1.731328E-05
0,58130,1.730017E-05
0,58140,1.728707E-05
0,58150,1.727398E-05
0,58160,1.72609E-05
0,58170,1.7247829E-05
0,58180,1.7234768E-05
0,58190,1.7221717E-05
0,58200,1.7208677E-05
0,58210,1.7195645E-05
0,58220,1.7182625E-05
0,58230,1.7169614E-05
0,58240,1.7156613E-05
0,58250,1.714362E-05
0,58260,1.713064E-05
0,58270,1.7117667E-05
0,58280,1.7104705E-05
0,58290,1.7091754E-05
0,58300,1.7078812E-05
0,58310,1.7065879E-05
0,58320,1.7052957E-05
0,58330,1.7040044E-05
0,58340,1.702714E-05
0,58350,1.7014247E-05
0,58360,1.7001363E-05
0,58370,1.698849E-05
0,58380,1.6975624E-05
0,58390,1.6962771E-05
0,58400,1.6949925E-05
0,58410,1.693709E-05
0,58420,1.6924265E-05
0,58430,1.691145E-05
0,58440,1.6898644E-05
0,58450,1.6885848E-05
0,58460,1.6873062E-05
0,58470,1.6860286E-05
0,58480,1.6847518E-05
0,58490,1.6834761E-05
0,58500,1.6822012E-05
0,58510,1.6809276E-05
0,58520,1.6796546E-05
0,58530,1.6783828E-05
0,58540,1.6771119E-05
0,58550,1.6758418E-05
0,58560,1.674573E-05
0,58570,1.6733049E-05
0,58580,1.6720378E-05
0,58590,1.6707718E-05
0,58600,1.6695065E-05
0,58610,1.6682423E-05
0,58620,1.6669792E-05
0,58630,1.6657168E-05
0,58640,1.6644555E-05
0,58650,1.6631951E-05
0,58660,1.6619357E-05
0,58670,1.6606773E-05
0,58680,1.6594198E-05
0,58690,1.6581633E-05
0,58700,1.6569076E-05
0,58710,1.6556529E-05
0,58720,1.6543992E-05
0,58730,1.6531465E-05
0,58740,1.6518947E-05
0,58750,1.6506438E-05
0,58760,1.649394E-05
0,58770,1.648145E-05
0,58780,1.646897E-05
0,58790,1.6456499E-05
0,58800,1.6444037E-05
0,58810,1.6431584E-05
0,58820,1.6419142E-05
0,58830,1.640671E-05
0,58840,1.6394286E-05
0,58850,1.6381871E-05
0,58860,1.6369468E-05
0,58870,1.6357071E-05
0,58880,1.6344686E-05
0,58890,1.633231E-05
0,58900,1.6319942E-05
0,58910,1.6307584E-05
0,58920,1.6295235E-05
0,58930,1.6282896E-05
0,58940,1.6270567E-05
0,58950,1.6258246E-05
0,58960,1.6245935E-05
0,58970,1.6233633E-05
0,58980,1.622134E-05
0,58990,1.6209056E-05
0,59000,1.6196784E-05
0,59010,1.6184518E-05
0,59020,1.6172264E-05
0,59030,1.6160016E-05
0,59040,1.614778E-05
0,59050,1.6135553E-05
0,59060,1.6123335E-05
0,59070,1.6111126E-05
0,59080,1.6098926E-05
0,59090,1.6086735E-05
0,59100,1.6074553E-05
0,59110,1.6062382E-05
0,59120,1.6050219E-05
0,59130,1.6038066E-05
0,59140,1.602592E-05
0,59150,1.6013786E-05
0,59160,1.6001659E-05
0,59170,1.5989543E-05
0,59180,1.5977435E-05
0,59190,1.5965337E-05
0,59200,1.5953246E-05
0,59210,1.5941167E-05
0,59220,1.5929096E-05
0,59230,1.5917034E-05
0,59240,1.5904981E-05
0,59250,1.5892938E-05
0,59260,1.5880903E-05
0,59270,1.5868878E-05
0,59280,1.5856862E-05
0,59290,1.5844855E-05
0,59300,1.5832855E-05
0,59310,1.5820866E-05
0,59320,1.5808886E-05
0,59330,1.5796915E-05
0,59340,1.5784954E-05
0,59350,1.5773001E-05
0,59360,1.5761058E-05
0,59370,1.5749123E-05
0,59380,1.5737198E-05
0,59390,1.572528E-05
0,59400,1.5713373E-05
0,59410,1.5701475E-05
0,59420,1.5689584E-05
0,59430,1.5677704E-05
0,59440,1.5665833E-05
0,59450,1.565397E-05
0,59460,1.5642116E-05
0,59470,1.5630272E-05
0,59480,1.5618436E-05
0,59490,1.5606609E-05
0,59500,1.5594791E-05
0,59510,1.5582982E-05
0,59520,1.5571182E-05
0,59530,1.5559392E-05
0,59540,1.554761E-05
0,59550,1.5535838E-05
0,59560,1.5524072E-05
0,59570,1.5512318E-05
0,59580,1.5500571E-05
0,59590,1.5488833E-05
0,59600,1.5477106E-05
0,59610,1.5465386E-05
0,59620,1.5453676E-05
0,59630,1.5441972E-05
0,59640,1.543028E-05
0,59650,1.5418596E-05
0,59660,1.540692E-05
0,59670,1.5395253E-05
0,59680,1.5383595E-05
0,59690,1.5371947E-05
0,59700,1.5360307E-05
0,59710,1.5348676E-05
0,59720,1.5337053E-05
0,59730,1.532544E-05
0,59740,1.5313835E-05
0,59750,1.530224E-05
0,59760,1.5290652E-05
0,59770,1.5279073E-05
0,59780,1.5267504E-05
0,59790,1.5255942E-05
0,59800,1.524439E-05
0,59810,1.5232847E-05
0,59820,1.5221312E-05
0,59830,1.5209786E-05
0,59840,1.5198269E-05
0,59850,1.5186761E-05
0,59860,1.517526E-05
0,59870,1.516377E-05
0,59880,1.5152287E-05
0,59890,1.5140813E-05
0,59900,1.5129348E-05
0,59910,1.5117892E-05
0,59920,1.5106444E-05
0,59930,1.5095005E-05
0,59940,1.5083575E-05
0,59950,1.50721535E-05
0,59960,1.506074E-05
0,59970,1.5049336E-05
0,59980,1.503794E-05
0,59990,1.5026553E-05
0,60000,1.50151745E-05
0,60010,1.5003805E-05
0,60020,1.49924435E-05
0,60030,1.498109E-05
0,60040,1.4969746E-05
0,60050,1.4958411E-05
0,60060,1.4947084E-05
0,60070,1.4935766E-05
0,60080,1.4924456E-05
0,60090,1.4913155E-05
0,60100,1.4901862E-05
0,60110,1.4890578E-05
0,60120,1.4879302E-05
0,60130,1.4868036E-05
0,60140,1.4856777E-05
0,60150,1.4845527E-05
0,60160,1.4834286E-05
0,60170,1.4823053E-05
0,60180,1.4811829E-05
0,60190,1.4800613E-05
0,60200,1.4789405E-05
0,60210,1.4778206E-05
0,60220,1.4767015E-05
0,60230,1.4755834E-05
0,60240,1.474466E-05
0,60250,1.4733495E-05
0,60260,1.4722338E-05
0,60270,1.47111905E-05
0,60280,1.4700051E-05
0,60290,1.468892E-05
0,60300,1.4677797E-05
0,60310,1.4666683E-05
0,60320,1.4655576E-05
0,60330,1.4644479E-05
0,60340,1.463339E-05
0,60350,1.4622308E-05
0,60360,1.4611236E-05
0,60370,1.4600172E-05
0,60380,1.4589116E-05
0,60390,1.457807E-05
0,60400,1.456703E-05
0,60410,1.4556E-05
0,60420,1.4544978E-05
0,60430,1.4533964E-05
0,60440,1.4522959E-05
0,60450,1.4511961E-05
0,60460,1.4500973E-05
0,60470,1.4489991E-05
0,60480,1.4479019E-05
0,60490,1.4468055E-05
0,60500,1.44571E-05
0,60510,1.4446153E-05
0,60520,1.4435213E-05
0,60530,1.4424283E-05
0,60540,1.4413361E-05
0,60550,1.4402446E-05
0,60560,1.439154E-05
0,60570,1.4380643E-05
0,60580,1.4369753E-05
0,60590,1.4358872E-05
0,60600,1.4347999E-05
0,60610,1.4337134E-05
0,60620,1.4326279E-05
0,60630,1.431543E-05
0,60640,1.430459E-05
0,60650,1.4293758E-05
0,60660,1.4282935E-05
0,60670,1.4272119E-05
0,60680,1.4261312E-05
0,60690,1.4250513E-05
0,60700,1.4239722E-05
0,60710,1.4228939E-05
0,60720,1.4218164E-05
0,60730,1.4207399E-05
0,60740,1.419664E-05
0,60750,1.418589E-05
0,60760,1.4175148E-05
0,60770,1.4164414E-05
0,60780,1.4153688E-05
0,60790,1.4142971E-05
0,60800,1.4132262E-05
0,60810,1.41215605E-05
0,60820,1.4110868E-05
0,60830,1.4100182E-05
0,60840,1.4089505E-05
0,60850,1.4078836E-05
0,60860,1.4068175E-05
0,60870,1.4057522E-05
0,60880,1.4046877E-05
0,60890,1.4036241E-05
0,60900,1.40256125E-05
0,60910,1.4014991E-05
0,60920,1.4004379E-05
0,60930,1.3993775E-05
0,60940,1.3983178E-05
0,60950,1.397259E-05
0,60960,1.396201E-05
0,60970,1.3951437E-05
0,60980,1.3940873E-05
0,60990,1.39303165E-05
0,61000,1.3919768E-05
0,61010,1.3909227E-05
0,61020,1.3898695E-05
0,61030,1.38881705E-05
0,61040,1.3877654E-05
0,61050,1.3867146E-05
0,61060,1.3856645E-05
0,61070,1.3846153E-05
0,61080,1.3835668E-05
0,61090,1.3825191E-05
0,61100,1.38147225E-05
0,61110,1.38042615E-05
0,61120,1.3793809E-05
0,61130,1.3783363E-05
0,61140,1.3772926E-05
0,61150,1.3762497E-05
0,61160,1.3752076E-05
0,61170,1.3741662E-05
0,61180,1.3731256E-05
0,61190,1.3720859E-05
0,61200,1.3710469E-05
0,61210,1.3700087E-05
0,61220,1.3689713E-05
0,61230,1.3679347E-05
0,61240,1.3668989E-05
0,61250,1.3658638E-05
0,61260,1.3648295E-05
0,61270,1.363796E-05
0,61280,1.3627634E-05
0,61290,1.3617314E-05
0,61300,1.3607003E-05
0,61310,1.3596699E-05
0,61320,1.3586404E-05
0,61330,1.3576116E-05
0,61340,1.3565836E-05
0,61350,1.3555563E-05
0,61360,1.3545298E-05
0,61370,1.3535041E-05
0,61380,1.3524792E-05
0,61390,1.3514551E-05
0,61400,1.3504317E-05
0,61410,1.3494092E-05
0,61420,1.3483874E-05
0,61430,1.3473663E-05
0,61440,1.346346E-05
0,61450,1.3453266E-05
0,61460,1.3443078E-05
0,61470,1.3432899E-05
0,61480,1.34227275E-05
0,61490,1.3412563E-05
0,61500,1.3402407E-05
0,61510,1.3392259E-05
0,61520,1.3382118E-05
0,61530,1.3371984E-05
0,61540,1.3361859E-05
0,61550,1.3351741E-05
0,61560,1.334163E-05
0,61570,1.3331528E-05
0,61580,1.3321433E-05
0,61590,1.3311345E-05
0,61600,1.3301265E-05
0,61610,1.3291194E-05
0,61620,1.3281129E-05
0,61630,1.3271072E-05
0,61640,1.3261023E-05
0,61650,1.3250981E-05
0,61660,1.3240948E-05
0,61670,1.3230921E-05
0,61680,1.32209025E-05
0,61690,1.3210891E-05
0,61700,1.3200887E-05
0,61710,1.3190891E-05
0,61720,1.3180903E-05
0,61730,1.3170922E-05
0,61740,1.3160949E-05
0,61750,1.3150982E-05
0,61760,1.3141024E-05
0,61770,1.31310735E-05
0,61780,1.312113E-05
0,61790,1.3111195E-05
0,61800,1.3101267E-05
0,61810,1.3091346E-05
0,61820,1.3081433E-05
0,61830,1.3071527E-05
0,61840,1.3061629E-05
0,61850,1.3051738E-05
0,61860,1.3041856E-05
0,61870,1.30319795E-05
0,61880,1.30221115E-05
0,61890,1.3012251E-05
0,61900,1.3002397E-05
0,61910,1.2992552E-05
0,61920,1.2982714E-05
0,61930,1.2972882E-05
0,61940,1.2963059E-05
0,61950,1.2953244E-05
0,61960,1.2943435E-05
0,61970,1.2933634E-05
0,61980,1.292384E-05
0,61990,1.29140535E-05
0,62000,1.2904275E-05
0,62010,1.2894503E-05
0,62020,1.288474E-05
0,62030,1.28749825E-05
0,62040,1.2865234E-05
0,62050,1.2855491E-05
0,62060,1.2845757E-05
0,62070,1.283603E-05
0,62080,1.282631E-05
0,62090,1.28165975E-05
0,62100,1.2806892E-05
0,62110,1.2797195E-05
0,62120,1.2787505E-05
0,62130,1.2777821E-05
0,62140,1.2768146E-05
0,62150,1.2758477E-05
0,62160,1.27488165E-05
0,62170,1.2739162E-05
0,62180,1.2729516E-05
0,62190,1.2719877E-05
0,62200,1.2710245E-05
0,62210,1.2700621E-05
0,62220,1.2691004E-05
0,62230,1.2681394E-05
0,62240,1.26717905E-05
0,62250,1.2662195E-05
0,62260,1.2652607E-05
0,62270,1.2643026E-05
0,62280,1.2633453E-05
0,62290,1.26238865E-05
0,62300,1.2614327E-05
0,62310,1.2604775E-05
0,62320,1.259523E-05
0,62330,1.2585693E-05
0,62340,1.2576163E-05
0,62350,1.256664E-05
0,62360,1.2557124E-05
0,62370,1.2547615E-05
0,62380,1.2538114E-05
0,62390,1.252862E-05
0,62400,1.2519133E-05
0,62410,1.2509653E-05
0,62420,1.2500181E-05
0,62430,1.2490715E-05
0,62440,1.2481257E-05
0,62450,1.2471805E-05
0,62460,1.2462361E-05
0,62470,1.2452925E-05
0,62480,1.24434955E-05
0,62490,1.2434072E-05
0,62500,1.2424657E-05
0,62510,1.2415248E-05
0,62520,1.2405848E-05
0,62530,1.2396454E-05
0,62540,1.2387067E-05
0,62550,1.2377687E-05
0,62560,1.2368314E-05
0,62570,1.2358949E-05
0,62580,1.234959E-05
0,62590,1.2340239E-05
0,62600,1.2330895E-05
0,62610,1.2321557E-05
0,62620,1.2312227E-05
0,62630,1.2302904E-05
0,62640,1.2293587E-05
0,62650,1.22842785E-05
0,62660,1.2274976E-05
0,62670,1.2265682E-05
0,62680,1.2256393E-05
0,62690,1.2247113E-05
0,62700,1.2237839E-05
0,62710,1.2228572E-05
0,62720,1.2219312E-05
0,62730,1.2210059E-05
0,62740,1.2200814E-05
0,62750,1.21915755E-05
0,62760,1.2182343E-05
0,62770,1.2173118E-05
0,62780,1.21639005E-05
0,62790,1.215469E-05
0,62800,1.2145486E-05
0,62810,1.2136289E-05
0,62820,1.21271E-05
0,62830,1.2117916E-05
0,62840,1.21087405E-05
0,62850,1.2099571E-05
0,62860,1.2090409E-05
0,62870,1.2081254E-05
0,62880,1.2072105E-05
0,62890,1.2062964E-05
0,62900,1.205383E-05
0,62910,1.2044702E-05
0,62920,1.2035582E-05
0,62930,1.20264685E-05
0,62940,1.2017362E-05
0,62950,1.2008261E-05
0,62960,1.1999168E-05
0,62970,1.1990082E-05
0,62980,1.1981003E-05
0,62990,1.1971931E-05
0,63000,1.1962866E-05
0,63010,1.1953807E-05
0,63020,1.1944755E-05
0,63030,1.193571E-05
0,63040,1.1926672E-05
0,63050,1.1917641E-05
0,63060,1.1908616E-05
0,63070,1.18995995E-05
0,63080,1.1890588E-05
0,63090,1.1881584E-05
0,63100,1.18725875E-05
0,63110,1.1863597E-05
0,63120,1.1854614E-05
0,63130,1.1845637E-05
0,63140,1.1836667E-05
0,63150,1.1827704E-05
0,63160,1.1818748E-05
0,63170,1.1809799E-05
0,63180,1.1800856E-05
0,63190,1.179192E-05
0,63200,1.178299E-05
0,63210,1.1774068E-05
0,63220,1.17651525E-05
0,63230,1.1756244E-05
0,63240,1.1747342E-05
0,63250,1.1738446E-05
0,63260,1.1729558E-05
0,63270,1.17206755E-05
0,63280,1.1711801E-05
0,63290,1.1702932E-05
0,63300,1.169407E-05
0,63310,1.1685215E-05
0,63320,1.1676367E-05
0,63330,1.16675255E-05
0,63340,1.1658691E-05
0,63350,1.1649862E-05
0,63360,1.164104E-05
0,63370,1.1632225E-05
0,63380,1.1623418E-05
0,63390,1.1614616E-05
0,63400,1.1605821E-05
0,63410,1.1597032E-05
0,63420,1.1588251E-05
0,63430,1.1579476E-05
0,63440,1.1570708E-05
0,63450,1.1561946E-05
0,63460,1.1553191E-05
0,63470,1.1544443E-05
0,63480,1.1535701E-05
0,63490,1.1526966E-05
0,63500,1.1518237E-05
0,63510,1.1509515E-05
0,63520,1.1500801E-05
0,63530,1.1492091E-05
0,63540,1.1483389E-05
0,63550,1.1474694E-05
0,63560,1.1466005E-05
0,63570,1.1457322E-05
0,63580,1.1448647E-05
0,63590,1.1439977E-05
0,63600,1.1431315E-05
0,63610,1.1422659E-05
0,63620,1.1414009E-05
0,63630,1.1405366E-05
0,63640,1.139673E-05
0,63650,1.13881E-05
0,63660,1.1379477E-05
0,63670,1.1370859E-05
0,63680,1.1362249E-05
0,63690,1.1353645E-05
0,63700,1.1345048E-05
0,63710,1.1336458E-05
0,63720,1.1327873E-05
0,63730,1.13192955E-05
0,63740,1.1310724E-05
0,63750,1.130216E-05
0,63760,1.1293601E-05
0,63770,1.1285049E-05
0,63780,1.1276504E-05
0,63790,1.1267965E-05
0,63800,1.12594325E-05
0,63810,1.1250907E-05
0,63820,1.1242388E-05
0,63830,1.1233874E-05
0,63840,1.1225367E-05
0,63850,1.1216867E-05
0,63860,1.12083735E-05
0,63870,1.1199886E-05
0,63880,1.1191406E-05
0,63890,1.1182931E-05
0,63900,1.1174463E-05
0,63910,1.1166002E-05
0,63920,1.1157546E-05
0,63930,1.1149097E-05
0,63940,1.1140655E-05
0,63950,1.1132219E-05
0,63960,1.112379E-05
0,63970,1.1115367E-05
0,63980,1.1106949E-05
0,63990,1.1098539E-05
0,64000,1.1090135E-05
0,64010,1.1081737E-05
0,64020,1.1073345E-05
0,64030,1.1064961E-05
0,64040,1.10565825E-05
0,64050,1.104821E-05
0,64060,1.1039844E-05
0,64070,1.1031484E-05
0,64080,1.102313E-05
0,64090,1.1014784E-05
0,64100,1.1006443E-05
0,64110,1.0998108E-05
0,64120,1.0989781E-05
0,64130,1.0981459E-05
0,64140,1.0973144E-05
0,64150,1.09648345E-05
0,64160,1.0956532E-05
0,64170,1.0948235E-05
0,64180,1.0939944E-05
0,64190,1.0931661E-05
0,64200,1.0923382E-05
0,64210,1.09151115E-05
0,64220,1.0906846E-05
0,64230,1.0898587E-05
0,64240,1.0890334E-05
0,64250,1.0882088E-05
0,64260,1.0873848E-05
0,64270,1.0865614E-05
0,64280,1.0857386E-05
0,64290,1.0849165E-05
0,64300,1.08409495E-05
0,64310,1.083274E-05
0,64320,1.0824538E-05
0,64330,1.081634E-05
0,64340,1.080815E-05
0,64350,1.0799966E-05
0,64360,1.0791789E-05
0,64370,1.0783617E-05
0,64380,1.077545E-05
0,64390,1.0767291E-05
0,64400,1.0759138E-05
0,64410,1.075099E-05
0,64420,1.074285E-05
0,64430,1.0734715E-05
0,64440,1.0726587E-05
0,64450,1.0718464E-05
0,64460,1.0710348E-05
0,64470,1.0702238E-05
0,64480,1.0694133E-05
0,64490,1.0686036E-05
0,64500,1.0677944E-05
0,64510,1.0669858E-05
0,64520,1.0661779E-05
0,64530,1.0653705E-05
0,64540,1.0645638E-05
0,64550,1.0637577E-05
0,64560,1.0629522E-05
0,64570,1.0621473E-05
0,64580,1.061343E-05
0,64590,1.0605393E-05
0,64600,1.0597363E-05
0,64610,1.0589338E-05
0,64620,1.058132E-05
0,64630,1.0573307E-05
0,64640,1.0565301E-05
0,64650,1.0557301E-05
0,64660,1.0549306E-05
0,64670,1.0541318E-05
0,64680,1.0533336E-05
0,64690,1.0525359E-05
0,64700,1.05173895E-05
0,64710,1.0509426E-05
0,64720,1.0501468E-05
0,64730,1.0493515E-05
0,64740,1.048557E-05
0,64750,1.047763E-05
0,64760,1.0469696E-05
0,64770,1.04617675E-05
0,64780,1.0453846E-05
0,64790,1.044593E-05
0,64800,1.043802E-05
0,64810,1.0430116E-05
0,64820,1.0422218E-05
0,64830,1.0414326E-05
0,64840,1.040644E-05
0,64850,1.039856E-05
0,64860,1.0390686E-05
0,64870,1.0382818E-05
0,64880,1.0374955E-05
0,64890,1.0367099E-05
0,64900,1.0359249E-05
0,64910,1.0351405E-05
0,64920,1.0343567E-05
0,64930,1.0335734E-05
0,64940,1.0327908E-05
0,64950,1.0320087E-05
0,64960,1.0312272E-05
0,64970,1.0304464E-05
0,64980,1.0296661E-05
0,64990,1.0288864E-05
0,65000,1.0281073E-05
0,65010,1.0273288E-05
0,65020,1.02655085E-05
0,65030,1.0257735E-05
0,65040,1.0249968E-05
0,65050,1.0242206E-05
0,65060,1.0234451E-05
0,65070,1.0226701E-05
0,65080,1.0218957E-05
0,65090,1.0211219E-05
0,65100,1.0203486E-05
0,65110,1.019576E-05
0,65120,1.018804E-05
0,65130,1.0180325E-05
0,65140,1.0172616E-05
0,65150,1.0164914E-05
0,65160,1.0157216E-05
0,65170,1.0149525E-05
0,65180,1.0141839E-05
0,65190,1.013416E-05
0,65200,1.0126486E-05
0,65210,1.0118818E-05
0,65220,1.01111555E-05
0,65230,1.0103499E-05
0,65240,1.0095849E-05
0,65250,1.0088203E-05
0,65260,1.0080565E-05
0,65270,1.0072931E-05
0,65280,1.0065304E-05
0,65290,1.0057683E-05
0,65300,1.00500665E-05
0,65310,1.0042456E-05
0,65320,1.0034852E-05
0,65330,1.0027253E-05
0,65340,1.001966E-05
0,65350,1.0012073E-05
0,65360,1.0004492E-05
0,65370,9.996916E-06
0,65380,9.989346E-06
0,65390,9.981782E-06
0,65400,9.974224E-06
0,65410,9.96667E-06
0,65420,9.959123E-06
0,65430,9.951582E-06
0,65440,9.944047E-06
0,65450,9.936517E-06
0,65460,9.928993E-06
0,65470,9.921474E-06
0,65480,9.913962E-06
0,65490,9.906455E-06
0,65500,9.898953E-06
0,65510,9.891457E-06
0,65520,9.883967E-06
0,65530,9.876482E-06
0,65540,9.869003E-06
0,65550,9.861531E-06
0,65560,9.854063E-06
0,65570,9.846602E-06
0,65580,9.839146E-06
0,65590,9.831695E-06
0,65600,9.82425E-06
0,65610,9.816811E-06
0,65620,9.809377E-06
0,65630,9.801949E-06
0,65640,9.794528E-06
0,65650,9.787111E-06
0,65660,9.779699E-06
0,65670,9.772294E-06
0,65680,9.7648945E-06
0,65690,9.7575E-06
0,65700,9.7501115E-06
0,65710,9.742728E-06
0,65720,9.73535E-06
0,65730,9.727979E-06
0,65740,9.720613E-06
0,65750,9.7132515E-06
0,65760,9.705896E-06
0,65770,9.698547E-06
0,65780,9.691204E-06
0,65790,9.683865E-06
0,65800,9.676532E-06
0,65810,9.669205E-06
0,65820,9.661882E-06
0,65830,9.654566E-06
0,65840,9.647256E-06
0,65850,9.639951E-06
0,65860,9.632651E-06
0,65870,9.625357E-06
0,65880,9.618068E-06
0,65890,9.610785E-06
0,65900,9.603508E-06
0,65910,9.596236E-06
0,65920,9.588969E-06
0,65930,9.581709E-06
0,65940,9.574453E-06
0,65950,9.567203E-06
0,65960,9.559958E-06
0,65970,9.552719E-06
0,65980,9.545485E-06
0,65990,9.5382575E-06
0,66000,9.531035E-06
0,66010,9.523817E-06
0,66020,9.516606E-06
0,66030,9.5094E-06
0,66040,9.502199E-06
0,66050,9.495004E-06
0,66060,9.487814E-06
0,66070,9.480629E-06
0,66080,9.4734505E-06
0,66090,9.466276E-06
0,66100,9.459109E-06
0,66110,9.451946E-06
0,66120,9.444789E-06
0,66130,9.437637E-06
0,66140,9.4304905E-06
0,66150,9.423349E-06
0,66160,9.416214E-06
0,66170,9.409084E-06
0,66180,9.401959E-06
0,66190,9.394839E-06
0,66200,9.387725E-06
0,66210,9.380617E-06
0,66220,9.373513E-06
0,66230,9.366416E-06
0,66240,9.3593235E-06
0,66250,9.352236E-06
0,66260,9.3451545E-06
0,66270,9.338078E-06
0,66280,9.331007E-06
0,66290,9.323941E-06
0,66300,9.316881E-06
0,66310,9.309826E-06
0,66320,9.302777E-06
0,66330,9.295732E-06
0,66340,9.288693E-06
0,66350,9.281659E-06
0,66360,9.274631E-06
0,66370,9.267608E-06
0,66380,9.260591E-06
0,66390,9.253577E-06
0,66400,9.246571E-06
0,66410,9.239569E-06
0,66420,9.232573E-06
0,66430,9.225581E-06
0,66440,9.218596E-06
0,66450,9.211615E-06
0,66460,9.204639E-06
0,66470,9.19767E-06
0,66480,9.190705E-06
0,66490,9.1837455E-06
0,66500,9.1767915E-06
0,66510,9.169842E-06
0,66520,9.162899E-06
0,66530,9.1559605E-06
0,66540,9.149027E-06
0,66550,9.1421E-06
0,66560,9.135177E-06
0,66570,9.128259E-06
0,66580,9.121347E-06
0,66590,9.11444E-06
0,66600,9.107539E-06
0,66610,9.100642E-06
0,66620,9.093751E-06
0,66630,9.086865E-06
0,66640,9.079984E-06
0,66650,9.073108E-06
0,66660,9.066238E-06
0,66670,9.059373E-06
0,66680,9.052513E-06
0,66690,9.045658E-06
0,66700,9.0388085E-06
0,66710,9.031964E-06
0,66720,9.025125E-06
0,66730,9.018291E-06
0,66740,9.011462E-06
0,66750,9.004638E-06
0,66760,8.997819E-06
0,66770,8.991006E-06
0,66780,8.984198E-06
0,66790,8.977395E-06
0,66800,8.970597E-06
0,66810,8.963804E-06
0,66820,8.957017E-06
0,66830,8.950234E-06
0,66840,8.943457E-06
0,66850,8.936685E-06
0,66860,8.929917E-06
0,66870,8.923155E-06
0,66880,8.916399E-06
0,66890,8.909647E-06
0,66900,8.9029E-06
0,66910,8.896159E-06
0,66920,8.889422E-06
0,66930,8.882691E-06
0,66940,8.875965E-06
0,66950,8.869244E-06
0,66960,8.8625275E-06
0,66970,8.855816E-06
0,66980,8.849111E-06
0,66990,8.84241E-06
0,67000,8.835715E-06
0,67010,8.8290235E-06
0,67020,8.822338E-06
0,67030,8.815658E-06
0,67040,8.808982E-06
0,67050,8.802312E-06
0,67060,8.795647E-06
0,67070,8.788986E-06
0,67080,8.782331E-06
0,67090,8.775681E-06
0,67100,8.769036E-06
0,67110,8.762396E-06
0,67120,8.75576E-06
0,67130,8.74913E-06
0,67140,8.742505E-06
0,67150,8.735885E-06
0,67160,8.72927E-06
0,67170,8.72266E-06
0,67180,8.716055E-06
0,67190,8.709455E-06
0,67200,8.70286E-06
0,67210,8.69627E-06
0,67220,8.689684E-06
0,67230,8.683105E-06
0,67240,8.676529E-06
0,67250,8.669959E-06
0,67260,8.6633945E-06
0,67270,8.656834E-06
0,67280,8.650279E-06
0,67290,8.6437285E-06
0,67300,8.637184E-06
0,67310,8.630644E-06
0,67320,8.624108E-06
0,67330,8.617578E-06
0,67340,8.611052E-06
0,67350,8.604532E-06
0,67360,8.598016E-06
0,67370,8.591505E-06
0,67380,8.585E-06
0,67390,8.578499E-06
0,67400,8.572003E-06
0,67410,8.565512E-06
0,67420,8.559026E-06
0,67430,8.552545E-06
0,67440,8.546069E-06
0,67450,8.539598E-06
0,67460,8.533131E-06
0,67470,8.526669E-06
0,67480,8.520213E-06
0,67490,8.513761E-06
0,67500,8.507314E-06
0,67510,8.500872E-06
0,67520,8.494435E-06
0,67530,8.488003E-06
0,67540,8.481576E-06
0,67550,8.475153E-06
0,67560,8.468735E-06
0,67570,8.4623225E-06
0,67580,8.455915E-06
0,67590,8.449512E-06
0,67600,8.443114E-06
0,67610,8.43672E-06
0,67620,8.430332E-06
0,67630,8.423948E-06
0,67640,8.417569E-06
0,67650,8.411195E-06
0,67660,8.404826E-06
0,67670,8.398461E-06
0,67680,8.392102E-06
0,67690,8.385748E-06
0,67700,8.3793975E-06
0,67710,8.373053E-06
0,67720,8.366712E-06
0,67730,8.360376E-06
0,67740,8.354046E-06
0,67750,8.34772E-06
0,67760,8.341399E-06
0,67770,8.335082E-06
0,67780,8.328771E-06
0,67790,8.322464E-06
0,67800,8.316162E-06
0,67810,8.309865E-06
0,67820,8.303573E-06
0,67830,8.297285E-06
0,67840,8.291002E-06
0,67850,8.284724E-06
0,67860,8.278451E-06
0,67870,8.272182E-06
0,67880,8.265918E-06
0,67890,8.259659E-06
0,67900,8.253404E-06
0,67910,8.247154E-06
0,67920,8.24091E-06
0,67930,8.23467E-06
0,67940,8.228434E-06
0,67950,8.222203E-06
0,67960,8.215977E-06
0,67970,8.209756E-06
0,67980,8.203539E-06
0,67990,8.197327E-06
0,68000,8.19112E-06
0,68010,8.1849175E-06
0,68020,8.178719E-06
0,68030,8.172527E-06
0,68040,8.1663375E-06
0,68050,8.160154E-06
0,68060,8.153975E-06
0,68070,8.147801E-06
0,68080,8.141631E-06
0,68090,8.135466E-06
0,68100,8.129306E-06
0,68110,8.12315E-06
0,68120,8.116998E-06
0,68130,8.110852E-06
0,68140,8.10471E-06
0,68150,8.098574E-06
0,68160,8.092441E-06
0,68170,8.086313E-06
0,68180,8.08019E-06
0,68190,8.074071E-06
0,68200,8.067957E-06
0,68210,8.061848E-06
0,68220,8.055744E-06
0,68230,8.049644E-06
0,68240,8.043548E-06
0,68250,8.0374575E-06
0,68260,8.031371E-06
0,68270,8.025289E-06
0,68280,8.019213E-06
0,68290,8.01314E-06
0,68300,8.007072E-06
0,68310,8.0010095E-06
0,68320,7.9949505E-06
0,68330,7.988897E-06
0,68340,7.982848E-06
0,68350,7.976802E-06
0,68360,7.970762E-06
0,68370,7.964727E-06
0,68380,7.958695E-06
0,68390,7.952669E-06
0,68400,7.946647E-06
0,68410,7.94063E-06
0,68420,7.934616E-06
0,68430,7.928608E-06
0,68440,7.922605E-06
0,68450,7.916606E-06
0,68460,7.910611E-06
0,68470,7.90462E-06
0,68480,7.898635E-06
0,68490,7.892654E-06
0,68500,7.886678E-06
0,68510,7.880705E-06
0,68520,7.874738E-06
0,68530,7.868775E-06
0,68540,7.862816E-06
0,68550,7.856863E-06
0,68560,7.850913E-06
0,68570,7.844968E-06
0,68580,7.839028E-06
0,68590,7.833092E-06
0,68600,7.8271605E-06
0,68610,7.821233E-06
0,68620,7.815312E-06
0,68630,7.8093935E-06
0,68640,7.80348E-06
0,68650,7.797571E-06
0,68660,7.791667E-06
0,68670,7.785767E-06
0,68680,7.77987E-06
0,68690,7.77398E-06
0,68700,7.7680925E-06
0,68710,7.762211E-06
0,68720,7.756333E-06
0,68730,7.750459E-06
0,68740,7.744591E-06
0,68750,7.738727E-06
0,68760,7.732866E-06
0,68770,7.727011E-06
0,68780,7.72116E-06
0,68790,7.715313E-06
0,68800,7.709471E-06
0,68810,7.703633E-06
0,68820,7.697799E-06
0,68830,7.6919705E-06
0,68840,7.686146E-06
0,68850,7.680326E-06
0,68860,7.67451E-06
0,68870,7.668699E-06
0,68880,7.662892E-06
0,68890,7.65709E-06
0,68900,7.6512915E-06
0,68910,7.645497E-06
0,68920,7.639708E-06
0,68930,7.633923E-06
0,68940,7.6281426E-06
0,68950,7.6223664E-06
0,68960,7.6165943E-06
0,68970,7.6108267E-06
0,68980,7.6050637E-06
0,68990,7.599305E-06
0,69000,7.5935504E-06
0,69010,7.5878006E-06
0,69020,7.582055E-06
0,69030,7.5763137E-06
0,69040,7.5705766E-06
0,69050,7.564844E-06
0,69060,7.5591156E-06
0,69070,7.5533917E-06
0,69080,7.547672E-06
0,69090,7.5419566E-06
0,69100,7.536246E-06
0,69110,7.5305393E-06
0,69120,7.5248367E-06
0,69130,7.5191388E-06
0,69140,7.5134453E-06
0,69150,7.5077555E-06
0,69160,7.5020707E-06
0,69170,7.49639E-06
0,69180,7.4907134E-06
0,69190,7.4850414E-06
0,69200,7.4793734E-06
0,69210,7.47371E-06
0,69220,7.4680506E-06
0,69230,7.4623954E-06
0,69240,7.4567447E-06
0,69250,7.4510986E-06
0,69260,7.445456E-06
0,69270,7.439818E-06
0,69280,7.4341847E-06
0,69290,7.4285554E-06
0,69300,7.42293E-06
0,69310,7.4173095E-06
0,69320,7.411693E-06
0,69330,7.4060804E-06
0,69340,7.4004724E-06
0,69350,7.3948686E-06
0,69360,7.389269E-06
0,69370,7.3836736E-06
0,69380,7.3780825E-06
0,69390,7.3724955E-06
0,69400,7.366913E-06
0,69410,7.3613346E-06
0,69420,7.3557603E-06
0,69430,7.35019E-06
0,69440,7.3446245E-06
0,69450,7.339063E-06
0,69460,7.333506E-06
0,69470,7.3279525E-06
0,69480,7.3224037E-06
0,69490,7.316859E-06
0,69500,7.3113183E-06
0,69510,7.305782E-06
0,69520,7.3002498E-06
0,69530,7.294722E-06
0,69540,7.2891985E-06
0,69550,7.2836788E-06
0,69560,7.278163E-06
0,69570,7.272652E-06
0,69580,7.267145E-06
0,69590,7.261642E-06
0,69600,7.2561434E-06
0,69610,7.250649E-06
0,69620,7.2451585E-06
0,69630,7.2396724E-06
0,69640,7.2341904E-06
0,69650,7.228712E-06
0,69660,7.2232388E-06
0,69670,7.217769E-06
0,69680,7.2123034E-06
0,69690,7.206842E-06
0,69700,7.201385E-06
0,69710,7.1959316E-06
0,69720,7.190483E-06
0,69730,7.185038E-06
0,69740,7.179597E-06
0,69750,7.1741606E-06
0,69760,7.168728E-06
0,69770,7.1633E-06
0,69780,7.1578756E-06
0,69790,7.1524555E-06
0,69800,7.1470395E-06
0,69810,7.1416275E-06
0,69820,7.1362197E-06
0,69830,7.130816E-06
0,69840,7.1254162E-06
0,69850,7.1200207E-06
0,69860,7.114629E-06
0,69870,7.109242E-06
0,69880,7.1038585E-06
0,69890,7.0984793E-06
0,69900,7.093104E-06
0,69910,7.087733E-06
0,69920,7.082366E-06
0,69930,7.0770034E-06
0,69940,7.071644E-06
0,69950,7.0662895E-06
0,69960,7.0609385E-06
0,69970,7.055592E-06
0,69980,7.050249E-06
0,69990,7.0449105E-06
0,70000,7.039576E-06
0,70010,7.0342453E-06
0,70020,7.028919E-06
0,70030,7.0235965E-06
0,70040,7.018278E-06
0,70050,7.0129636E-06
0,70060,7.007653E-06
0,70070,7.002347E-06
0,70080,6.9970447E-06
0,70090,6.991746E-06
0,70100,6.986452E-06
0,70110,6.9811613E-06
0,70120,6.9758753E-06
0,70130,6.970593E-06
0,70140,6.9653147E-06
0,70150,6.96004E-06
0,70160,6.95477E-06
0,70170,6.9495036E-06
0,70180,6.9442412E-06
0,70190,6.938983E-06
0,70200,6.9337284E-06
0,70210,6.928478E-06
0,70220,6.9232315E-06
0,70230,6.917989E-06
0,70240,6.9127505E-06
0,70250,6.9075163E-06
0,70260,6.902286E-06
0,70270,6.897059E-06
0,70280,6.891836E-06
0,70290,6.8866175E-06
0,70300,6.881403E-06
0,70310,6.876192E-06
0,70320,6.8709855E-06
0,70330,6.8657823E-06
0,70340,6.8605837E-06
0,70350,6.8553886E-06
0,70360,6.850197E-06
0,70370,6.8450104E-06
0,70380,6.839827E-06
0,70390,6.8346476E-06
0,70400,6.829472E-06
0,70410,6.8243007E-06
0,70420,6.8191334E-06
0,70430,6.81397E-06
0,70440,6.8088098E-06
0,70450,6.8036543E-06
0,70460,6.7985025E-06
0,70470,6.7933543E-06
0,70480,6.78821E-06
0,70490,6.78307E-06
0,70500,6.777934E-06
0,70510,6.772801E-06
0,70520,6.767673E-06
0,70530,6.762548E-06
0,70540,6.7574274E-06
0,70550,6.75231E-06
0,70560,6.7471974E-06
0,70570,6.7420883E-06
0,70580,6.736983E-06
0,70590,6.7318815E-06
0,70600,6.726784E-06
0,70610,6.72169E-06
0,70620,6.7166E-06
0,70630,6.7115143E-06
0,70640,6.706432E-06
0,70650,6.701354E-06
0,70660,6.6962793E-06
0,70670,6.691209E-06
0,70680,6.686142E-06
0,70690,6.681079E-06
0,70700,6.67602E-06
0,70710,6.670965E-06
0,70720,6.6659136E-06
0,70730,6.660866E-06
0,70740,6.655822E-06
0,70750,6.650782E-06
0,70760,6.645746E-06
0,70770,6.6407138E-06
0,70780,6.635685E-06
0,70790,6.63066E-06
0,70800,6.6256393E-06
0,70810,6.620622E-06
0,70820,6.615609E-06
0,70830,6.6105995E-06
0,70840,6.6055936E-06
0,70850,6.600592E-06
0,70860,6.5955937E-06
0,70870,6.5905992E-06
0,70880,6.585609E-06
0,70890,6.580622E-06
0,70900,6.575639E-06
0,70910,6.5706595E-06
0,70920,6.565684E-06
0,70930,6.5607123E-06
0,70940,6.5557447E-06
0,70950,6.55078E-06
0,70960,6.54582E-06
0,70970,6.540863E-06
0,70980,6.5359104E-06
0,70990,6.530961E-06
0,71000,6.5260156E-06
0,71010,6.5210743E-06
0,71020,6.516136E-06
0,71030,6.511202E-06
0,71040,6.5062713E-06
0,71050,6.5013446E-06
0,71060,6.496422E-06
0,71070,6.4915025E-06
0,71080,6.486587E-06
0,71090,6.481675E-06
0,71100,6.476767E-06
0,71110,6.471863E-06
0,71120,6.466962E-06
0,71130,6.462065E-06
0,71140,6.457172E-06
0,71150,6.4522824E-06
0,71160,6.4473966E-06
0,71170,6.4425144E-06
0,71180,6.437636E-06
0,71190,6.432761E-06
0,71200,6.42789E-06
0,71210,6.4230226E-06
0,71220,6.418159E-06
0,71230,6.413299E-06
0,71240,6.4084425E-06
0,71250,6.40359E-06
0,71260,6.398741E-06
0,71270,6.3938955E-06
0,71280,6.3890543E-06
0,71290,6.3842162E-06
0,71300,6.379382E-06
0,71310,6.374551E-06
0,71320,6.3697244E-06
0,71330,6.364901E-06
0,71340,6.3600814E-06
0,71350,6.355265E-06
0,71360,6.350453E-06
0,71370,6.345644E-06
0,71380,6.3408393E-06
0,71390,6.3360376E-06
0,71400,6.33124E-06
0,71410,6.3264456E-06
0,71420,6.321655E-06
0,71430,6.316868E-06
0,71440,6.3120847E-06
0,71450,6.3073053E-06
0,71460,6.302529E-06
0,71470,6.2977565E-06
0,71480,6.292988E-06
0,71490,6.2882227E-06
0,71500,6.283461E-06
0,71510,6.278703E-06
0,71520,6.2739487E-06
0,71530,6.269198E-06
0,71540,6.264451E-06
0,71550,6.259707E-06
0,71560,6.254967E-06
0,71570,6.2502304E-06
0,71580,6.245498E-06
0,71590,6.2407685E-06
0,71600,6.2360427E-06
0,71610,6.2313206E-06
0,71620,6.226602E-06
0,71630,6.2218874E-06
0,71640,6.2171757E-06
0,71650,6.212468E-06
0,71660,6.207764E-06
0,71670,6.203063E-06
0,71680,6.198366E-06
0,71690,6.1936726E-06
0,71700,6.1889823E-06
0,71710,6.184296E-06
0,71720,6.179613E-06
0,71730,6.174934E-06
0,71740,6.1702576E-06
0,71750,6.1655855E-06
0,71760,6.1609167E-06
0,71770,6.1562514E-06
0,71780,6.15159E-06
0,71790,6.146932E-06
0,71800,6.142277E-06
0,71810,6.137626E-06
0,71820,6.1329783E-06
0,71830,6.1283345E-06
0,71840,6.1236938E-06
0,71850,6.1190567E-06
0,71860,6.1144233E-06
0,71870,6.1097935E-06
0,71880,6.105167E-06
0,71890,6.100544E-06
0,71900,6.095924E-06
0,71910,6.0913085E-06
0,71920,6.086696E-06
0,71930,6.0820867E-06
0,71940,6.0774814E-06
0,71950,6.0728794E-06
0,71960,6.0682805E-06
0,71970,6.0636858E-06
0,71980,6.059094E-06
0,71990,6.054506E-06
0,72000,6.0499215E-06
0,72010,6.0453403E-06
0,72020,6.0407624E-06
0,72030,6.036188E-06
0,72040,6.0316174E-06
0,72050,6.0270504E-06
0,72060,6.0224866E-06
0,72070,6.017926E-06
0,72080,6.013369E-06
0,72090,6.0088155E-06
0,72100,6.0042657E-06
0,72110,5.9997187E-06
0,72120,5.995176E-06
0,72130,5.990636E-06
0,72140,5.9861E-06
0,72150,5.981567E-06
0,72160,5.9770377E-06
0,72170,5.9725116E-06
0,72180,5.967989E-06
0,72190,5.96347E-06
0,72200,5.9589543E-06
0,72210,5.954442E-06
0,72220,5.949933E-06
0,72230,5.945428E-06
0,72240,5.940926E-06
0,72250,5.936427E-06
0,72260,5.931932E-06
0,72270,5.92744E-06
0,72280,5.9229515E-06
0,72290,5.9184667E-06
0,72300,5.9139848E-06
0,72310,5.909507E-06
0,72320,5.9050317E-06
0,72330,5.9005606E-06
0,72340,5.8960923E-06
0,72350,5.8916276E-06
0,72360,5.8871665E-06
0,72370,5.8827086E-06
0,72380,5.878254E-06
0,72390,5.873803E-06
0,72400,5.869355E-06
0,72410,5.8649107E-06
0,72420,5.8604696E-06
0,72430,5.8560317E-06
0,72440,5.8515975E-06
0,72450,5.8471664E-06
0,72460,5.8427386E-06
0,72470,5.8383143E-06
0,72480,5.8338937E-06
0,72490,5.829476E-06
0,72500,5.8250616E-06
0,72510,5.820651E-06
0,72520,5.816243E-06
0,72530,5.811839E-06
0,72540,5.8074384E-06
0,72550,5.8030405E-06
0,72560,5.7986463E-06
0,72570,5.7942557E-06
0,72580,5.789868E-06
0,72590,5.7854836E-06
0,72600,5.781103E-06
0,72610,5.776725E-06
0,72620,5.772351E-06
0,72630,5.76798E-06
0,72640,5.7636125E-06
0,72650,5.759248E-06
0,72660,5.754887E-06
0,72670,5.750529E-06
0,72680,5.746175E-06
0,72690,5.7418238E-06
0,72700,5.7374755E-06
0,72710,5.7331313E-06
0,72720,5.72879E-06
0,72730,5.724452E-06
0,72740,5.7201173E-06
0,72750,5.715786E-06
0,72760,5.7114576E-06
0,72770,5.707133E-06
0,72780,5.702811E-06
0,72790,5.6984927E-06
0,72800,5.6941776E-06
0,72810,5.689866E-06
0,72820,5.6855574E-06
0,72830,5.6812523E-06
0,72840,5.67695E-06
0,72850,5.6726512E-06
0,72860,5.668356E-06
0,72870,5.664064E-06
0,72880,5.6597746E-06
0,72890,5.655489E-06
0,72900,5.6512067E-06
0,72910,5.646927E-06
0,72920,5.642651E-06
0,72930,5.6383788E-06
0,72940,5.634109E-06
0,72950,5.6298427E-06
0,72960,5.6255794E-06
0,72970,5.62132E-06
0,72980,5.6170634E-06
0,72990,5.6128097E-06
0,73000,5.6085596E-06
0,73010,5.6043127E-06
0,73020,5.600069E-06
0,73030,5.5958285E-06
0,73040,5.591591E-06
0,73050,5.587357E-06
0,73060,5.583126E-06
0,73070,5.5788983E-06
0,73080,5.574674E-06
0,73090,5.5704527E-06
0,73100,5.5662344E-06
0,73110,5.56202E-06
0,73120,5.557808E-06
0,73130,5.5535993E-06
0,73140,5.5493942E-06
0,73150,5.545192E-06
0,73160,5.540993E-06
0,73170,5.5367973E-06
0,73180,5.5326045E-06
0,73190,5.528415E-06
0,73200,5.524229E-06
0,73210,5.5200458E-06
0,73220,5.5158657E-06
0,73230,5.5116893E-06
0,73240,5.5075157E-06
0,73250,5.503345E-06
0,73260,5.499178E-06
0,73270,5.4950137E-06
0,73280,5.490853E-06
0,73290,5.486695E-06
0,73300,5.48254E-06
0,73310,5.4783886E-06
0,73320,5.4742404E-06
0,73330,5.470095E-06
0,73340,5.465953E-06
0,73350,5.461814E-06
0,73360,5.457678E-06
0,73370,5.4535453E-06
0,73380,5.4494158E-06
0,73390,5.4452894E-06
0,73400,5.441166E-06
0,73410,5.4370457E-06
0,73420,5.432929E-06
0,73430,5.428815E-06
0,73440,5.424704E-06
0,73450,5.420596E-06
0,73460,5.4164916E-06
0,73470,5.4123902E-06
0,73480,5.4082916E-06
0,73490,5.4041966E-06
0,73500,5.4001043E-06
0,73510,5.3960152E-06
0,73520,5.3919293E-06
0,73530,5.387846E-06
0,73540,5.3837666E-06
0,73550,5.37969E-06
0,73560,5.375616E-06
0,73570,5.3715457E-06
0,73580,5.367478E-06
0,73590,5.3634135E-06
0,73600,5.359352E-06
0,73610,5.355294E-06
0,73620,5.351239E-06
0,73630,5.3471867E-06
0,73640,5.3431377E-06
0,73650,5.339092E-06
0,73660,5.335049E-06
0,73670,5.331009E-06
0,73680,5.3269723E-06
0,73690,5.3229387E-06
0,73700,5.318908E-06
0,73710,5.31488E-06
0,73720,5.3108556E-06
0,73730,5.3068343E-06
0,73740,5.3028157E-06
0,73750,5.2988003E-06
0,73760,5.294788E-06
0,73770,5.2907785E-06
0,73780,5.286772E-06
0,73790,5.282769E-06
0,73800,5.2787686E-06
0,73810,5.2747714E-06
0,73820,5.2707774E-06
0,73830,5.266786E-06
0,73840,5.262798E-06
0,73850,5.258813E-06
0,73860,5.2548307E-06
0,73870,5.2508517E-06
0,73880,5.2468754E-06
0,73890,5.2429023E-06
0,73900,5.2389323E-06
0,73910,5.234965E-06
0,73920,5.231001E-06
0,73930,5.22704E-06
0,73940,5.223082E-06
0,73950,5.219127E-06
0,73960,5.215175E-06
0,73970,5.211226E-06
0,73980,5.20728E-06
0,73990,5.203337E-06
0,74000,5.1993966E-06
0,74010,5.1954594E-06
0,74020,5.1915254E-06
0,74030,5.187594E-06
0,74040,5.183666E-06
0,74050,5.179741E-06
0,74060,5.175819E-06
0,74070,5.1718994E-06
0,74080,5.167983E-06
0,74090,5.1640695E-06
0,74100,5.160159E-06
0,74110,5.156252E-06
0,74120,5.1523475E-06
0,74130,5.1484462E-06
0,74140,5.1445477E-06
0,74150,5.140652E-06
0,74160,5.1367592E-06
0,74170,5.13287E-06
0,74180,5.1289826E-06
0,74190,5.125099E-06
0,74200,5.1212182E-06
0,74210,5.11734E-06
0,74220,5.1134652E-06
0,74230,5.109593E-06
0,74240,5.105724E-06
0,74250,5.101858E-06
0,74260,5.0979947E-06
0,74270,5.0941344E-06
0,74280,5.0902768E-06
0,74290,5.0864223E-06
0,74300,5.0825706E-06
0,74310,5.078722E-06
0,74320,5.0748763E-06
0,74330,5.0710337E-06
0,74340,5.067194E-06
0,74350,5.0633566E-06
0,74360,5.0595227E-06
0,74370,5.0556914E-06
0,74380,5.051863E-06
0,74390,5.0480376E-06
0,74400,5.044215E-06
0,74410,5.0403955E-06
0,74420,5.036579E-06
0,74430,5.032765E-06
0,74440,5.028954E-06
0,74450,5.025146E-06
0,74460,5.0213407E-06
0,74470,5.0175386E-06
0,74480,5.013739E-06
0,74490,5.0099425E-06
0,74500,5.006149E-06
0,74510,5.002358E-06
0,74520,4.99857E-06
0,74530,4.9947853E-06
0,74540,4.991003E-06
0,74550,4.9872237E-06
0,74560,4.983447E-06
0,74570,4.9796736E-06
0,74580,4.975903E-06
0,74590,4.972135E-06
0,74600,4.96837E-06
0,74610,4.964608E-06
0,74620,4.9608484E-06
0,74630,4.9570917E-06
0,74640,4.9533382E-06
0,74650,4.9495875E-06
0,74660,4.9458395E-06
0,74670,4.942094E-06
0,74680,4.938352E-06
0,74690,4.9346127E-06
0,74700,4.930876E-06
0,74710,4.927142E-06
0,74720,4.9234113E-06
0,74730,4.9196833E-06
0,74740,4.915958E-06
0,74750,4.9122355E-06
0,74760,4.9085156E-06
0,74770,4.904799E-06
0,74780,4.9010846E-06
0,74790,4.8973734E-06
0,74800,4.893665E-06
0,74810,4.8899597E-06
0,74820,4.8862566E-06
0,74830,4.882557E-06
0,74840,4.8788593E-06
0,74850,4.875165E-06
0,74860,4.8714733E-06
0,74870,4.867785E-06
0,74880,4.8640986E-06
0,74890,4.8604156E-06
0,74900,4.856735E-06
0,74910,4.8530574E-06
0,74920,4.8493825E-06
0,74930,4.8457105E-06
0,74940,4.842041E-06
0,74950,4.8383745E-06
0,74960,4.834711E-06
0,74970,4.83105E-06
0,74980,4.8273914E-06
0,74990,4.823736E-06
0,75000,4.8200836E-06
0,75010,4.816434E-06
0,75020,4.8127863E-06
0,75030,4.809142E-06
0,75040,4.8055003E-06
0,75050,4.801862E-06
0,75060,4.7982257E-06
0,75070,4.7945923E-06
0,75080,4.7909616E-06
0,75090,4.7873336E-06
0,75100,4.783709E-06
0,75110,4.7800863E-06
0,75120,4.7764665E-06
0,75130,4.77285E-06
0,75140,4.7692356E-06
0,75150,4.7656245E-06
0,75160,4.7620156E-06
0,75170,4.75841E-06
0,75180,4.7548065E-06
0,75190,4.7512062E-06
0,75200,4.7476083E-06
0,75210,4.7440135E-06
0,75220,4.740421E-06
0,75230,4.7368317E-06
0,75240,4.7332446E-06
0,75250,4.7296603E-06
0,75260,4.726079E-06
0,75270,4.7225003E-06
0,75280,4.718924E-06
0,75290,4.715351E-06
0,75300,4.7117805E-06
0,75310,4.7082126E-06
0,75320,4.7046474E-06
0,75330,4.701085E-06
0,75340,4.697525E-06
0,75350,4.693968E-06
0,75360,4.690414E-06
0,75370,4.6868618E-06
0,75380,4.683313E-06
0,75390,4.679767E-06
0,75400,4.676223E-06
0,75410,4.672682E-06
0,75420,4.669144E-06
0,75430,4.6656082E-06
0,75440,4.6620753E-06
0,75450,4.658545E-06
0,75460,4.6550176E-06
0,75470,4.6514924E-06
0,75480,4.6479704E-06
0,75490,4.6444507E-06
0,75500,4.6409336E-06
0,75510,4.6374194E-06
0,75520,4.633908E-06
0,75530,4.630399E-06
0,75540,4.626893E-06
0,75550,4.623389E-06
0,75560,4.6198884E-06
0,75570,4.61639E-06
0,75580,4.6128944E-06
0,75590,4.6094015E-06
0,75600,4.605911E-06
0,75610,4.6024234E-06
0,75620,4.598938E-06
0,75630,4.5954557E-06
0,75640,4.591976E-06
0,75650,4.5884985E-06
0,75660,4.5850243E-06
0,75670,4.5815523E-06
0,75680,4.578083E-06
0,75690,4.5746165E-06
0,75700,4.571152E-06
0,75710,4.567691E-06
0,75720,4.5642323E-06
0,75730,4.5607762E-06
0,75740,4.5573224E-06
0,75750,4.5538713E-06
0,75760,4.5504235E-06
0,75770,4.5469774E-06
0,75780,4.5435345E-06
0,75790,4.540094E-06
0,75800,4.536656E-06
0,75810,4.533221E-06
0,75820,4.529788E-06
0,75830,4.526358E-06
0,75840,4.5229303E-06
0,75850,4.5195056E-06
0,75860,4.516083E-06
0,75870,4.5126635E-06
0,75880,4.5092465E-06
0,75890,4.505832E-06
0,75900,4.5024203E-06
0,75910,4.4990106E-06
0,75920,4.495604E-06
0,75930,4.4922E-06
0,75940,4.4887984E-06
0,75950,4.485399E-06
0,75960,4.4820026E-06
0,75970,4.478609E-06
0,75980,4.4752173E-06
0,75990,4.4718286E-06
0,76000,4.4684425E-06
0,76010,4.4650587E-06
0,76020,4.4616777E-06
0,76030,4.4582994E-06
0,76040,4.4549233E-06
0,76050,4.45155E-06
0,76060,4.4481794E-06
0,76070,4.444811E-06
0,76080,4.441445E-06
0,76090,4.438082E-06
0,76100,4.434721E-06
0,76110,4.4313633E-06
0,76120,4.4280077E-06
0,76130,4.424655E-06
0,76140,4.4213043E-06
0,76150,4.4179565E-06
0,76160,4.414611E-06
0,76170,4.411268E-06
0,76180,4.407928E-06
0,76190,4.40459E-06
0,76200,4.4012545E-06
0,76210,4.397922E-06
0,76220,4.3945915E-06
0,76230,4.391264E-06
0,76240,4.387939E-06
0,76250,4.384616E-06
0,76260,4.381296E-06
0,76270,4.3779783E-06
0,76280,4.374663E-06
0,76290,4.3713508E-06
0,76300,4.3680407E-06
0,76310,4.364733E-06
0,76320,4.3614277E-06
0,76330,4.3581254E-06
0,76340,4.3548253E-06
0,76350,4.3515274E-06
0,76360,4.3482323E-06
0,76370,4.34494E-06
0,76380,4.34165E-06
0,76390,4.338362E-06
0,76400,4.335077E-06
0,76410,4.3317946E-06
0,76420,4.3285145E-06
0,76430,4.3252367E-06
0,76440,4.3219616E-06
0,76450,4.3186888E-06
0,76460,4.3154187E-06
0,76470,4.312151E-06
0,76480,4.3088853E-06
0,76490,4.3056225E-06
0,76500,4.3023624E-06
0,76510,4.2991046E-06
0,76520,4.295849E-06
0,76530,4.2925963E-06
0,76540,4.2893457E-06
0,76550,4.2860975E-06
0,76560,4.282852E-06
0,76570,4.279609E-06
0,76580,4.2763686E-06
0,76590,4.2731303E-06
0,76600,4.2698944E-06
0,76610,4.266661E-06
0,76620,4.2634306E-06
0,76630,4.260202E-06
0,76640,4.256976E-06
0,76650,4.2537526E-06
0,76660,4.2505317E-06
0,76670,4.247313E-06
0,76680,4.2440965E-06
0,76690,4.240883E-06
0,76700,4.237672E-06
0,76710,4.2344627E-06
0,76720,4.2312563E-06
0,76730,4.228052E-06
0,76740,4.2248507E-06
0,76750,4.2216516E-06
0,76760,4.2184547E-06
0,76770,4.2152606E-06
0,76780,4.2120687E-06
0,76790,4.208879E-06
0,76800,4.205692E-06
0,76810,4.202507E-06
0,76820,4.1993253E-06
0,76830,4.1961453E-06
0,76840,4.192968E-06
0,76850,4.189793E-06
0,76860,4.18662E-06
0,76870,4.18345E-06
0,76880,4.1802823E-06
0,76890,4.177117E-06
0,76900,4.1739536E-06
0,76910,4.170793E-06
0,76920,4.167635E-06
0,76930,4.164479E-06
0,76940,4.1613257E-06
0,76950,4.1581743E-06
0,76960,4.1550256E-06
0,76970,4.1518797E-06
0,76980,4.1487356E-06
0,76990,4.145594E-06
0,77000,4.142455E-06
0,77010,4.139318E-06
0,77020,4.1361836E-06
0,77030,4.133052E-06
0,77040,4.129922E-06
0,77050,4.126795E-06
0,77060,4.12367E-06
0,77070,4.120547E-06
0,77080,4.117427E-06
0,77090,4.1143094E-06
0,77100,4.111194E-06
0,77110,4.1080807E-06
0,77120,4.10497E-06
0,77130,4.1018616E-06
0,77140,4.0987557E-06
0,77150,4.095652E-06
0,77160,4.0925506E-06
0,77170,4.0894515E-06
0,77180,4.0863547E-06
0,77190,4.0832606E-06
0,77200,4.0801688E-06
0,77210,4.077079E-06
0,77220,4.073992E-06
0,77230,4.070907E-06
0,77240,4.067824E-06
0,77250,4.0647437E-06
0,77260,4.061666E-06
0,77270,4.0585905E-06
0,77280,4.0555174E-06
0,77290,4.052446E-06
0,77300,4.0493774E-06
0,77310,4.0463115E-06
0,77320,4.0432474E-06
0,77330,4.0401856E-06
0,77340,4.0371265E-06
0,77350,4.034069E-06
0,77360,4.0310147E-06
0,77370,4.0279624E-06
0,77380,4.024912E-06
0,77390,4.0218642E-06
0,77400,4.018819E-06
0,77410,4.0157756E-06
0,77420,4.0127347E-06
0,77430,4.0096966E-06
0,77440,4.00666E-06
0,77450,4.003626E-06
0,77460,4.0005943E-06
0,77470,3.9975653E-06
0,77480,3.994538E-06
0,77490,3.9915135E-06
0,77500,3.988491E-06
0,77510,3.985471E-06
0,77520,3.9824527E-06
0,77530,3.979437E-06
0,77540,3.9764236E-06
0,77550,3.9734127E-06
0,77560,3.970404E-06
0,77570,3.9673973E-06
0,77580,3.9643933E-06
0,77590,3.9613915E-06
0,77600,3.9583915E-06
0,77610,3.9553943E-06
0,77620,3.9523993E-06
0,77630,3.949406E-06
0,77640,3.9464157E-06
0,77650,3.943427E-06
0,77660,3.9404413E-06
0,77670,3.937457E-06
0,77680,3.934476E-06
0,77690,3.9314964E-06
0,77700,3.9285196E-06
0,77710,3.9255447E-06
0,77720,3.9225724E-06
0,77730,3.919602E-06
0,77740,3.916634E-06
0,77750,3.913668E-06
0,77760,3.9107044E-06
0,77770,3.907743E-06
0,77780,3.904784E-06
0,77790,3.9018273E-06
0,77800,3.898873E-06
0,77810,3.8959206E-06
0,77820,3.8929707E-06
0,77830,3.8900225E-06
0,77840,3.887077E-06
0,77850,3.8841335E-06
0,77860,3.8811922E-06
0,77870,3.8782537E-06
0,77880,3.875317E-06
0,77890,3.8723824E-06
0,77900,3.86945E-06
0,77910,3.86652E-06
0,77920,3.863592E-06
0,77930,3.8606663E-06
0,77940,3.857743E-06
0,77950,3.854822E-06
0,77960,3.851903E-06
0,77970,3.848986E-06
0,77980,3.8460716E-06
0,77990,3.8431594E-06
0,78000,3.840249E-06
0,78010,3.8373414E-06
0,78020,3.8344356E-06
0,78030,3.831532E-06
0,78040,3.8286307E-06
0,78050,3.8257313E-06
0,78060,3.8228345E-06
0,78070,3.8199396E-06
0,78080,3.8170474E-06
0,78090,3.8141568E-06
0,78100,3.8112687E-06
0,78110,3.8083826E-06
0,78120,3.8054989E-06
0,78130,3.8026171E-06
0,78140,3.799738E-06
0,78150,3.7968605E-06
0,78160,3.7939853E-06
0,78170,3.7911125E-06
0,78180,3.7882419E-06
0,78190,3.7853733E-06
0,78200,3.7825068E-06
0,78210,3.7796426E-06
0,78220,3.7767807E-06
0,78230,3.7739208E-06
0,78240,3.7710631E-06
0,78250,3.7682075E-06
0,78260,3.765354E-06
0,78270,3.762503E-06
0,78280,3.7596537E-06
0,78290,3.7568068E-06
0,78300,3.7539621E-06
0,78310,3.7511195E-06
0,78320,3.7482791E-06
0,78330,3.7454408E-06
0,78340,3.7426046E-06
0,78350,3.7397706E-06
0,78360,3.7369389E-06
0,78370,3.734109E-06
0,78380,3.7312816E-06
0,78390,3.728456E-06
0,78400,3.7256327E-06
0,78410,3.7228117E-06
0,78420,3.7199927E-06
0,78430,3.7171758E-06
0,78440,3.7143611E-06
0,78450,3.7115485E-06
0,78460,3.708738E-06
0,78470,3.7059297E-06
0,78480,3.7031234E-06
0,78490,3.7003192E-06
0,78500,3.6975173E-06
0,78510,3.6947174E-06
0,78520,3.6919196E-06
0,78530,3.689124E-06
0,78540,3.6863305E-06
0,78550,3.6835393E-06
0,78560,3.6807498E-06
0,78570,3.6779627E-06
0,78580,3.6751776E-06
0,78590,3.6723948E-06
0,78600,3.669614E-06
0,78610,3.6668353E-06
0,78620,3.6640586E-06
0,78630,3.661284E-06
0,78640,3.6585116E-06
0,78650,3.6557412E-06
0,78660,3.652973E-06
0,78670,3.650207E-06
0,78680,3.6474428E-06
0,78690,3.6446809E-06
0,78700,3.641921E-06
0,78710,3.6391634E-06
0,78720,3.6364077E-06
0,78730,3.6336542E-06
0,78740,3.6309025E-06
0,78750,3.628153E-06
0,78760,3.6254057E-06
0,78770,3.6226606E-06
0,78780,3.6199174E-06
0,78790,3.6171764E-06
0,78800,3.6144372E-06
0,78810,3.6117003E-06
0,78820,3.6089655E-06
0,78830,3.6062327E-06
0,78840,3.603502E-06
0,78850,3.6007732E-06
0,78860,3.5980468E-06
0,78870,3.5953221E-06
0,78880,3.5925996E-06
0,78890,3.5898793E-06
0,78900,3.5871608E-06
0,78910,3.5844446E-06
0,78920,3.5817304E-06
0,78930,3.579018E-06
0,78940,3.576308E-06
0,78950,3.5736E-06
0,78960,3.570894E-06
0,78970,3.5681899E-06
0,78980,3.565488E-06
0,78990,3.5627882E-06
0,79000,3.5600904E-06
0,79010,3.5573946E-06
0,79020,3.5547007E-06
0,79030,3.552009E-06
0,79040,3.5493194E-06
0,79050,3.5466317E-06
0,79060,3.5439461E-06
0,79070,3.5412625E-06
0,79080,3.538581E-06
0,79090,3.5359014E-06
0,79100,3.5332241E-06
0,79110,3.5305486E-06
0,79120,3.5278752E-06
0,79130,3.5252037E-06
0,79140,3.5225344E-06
0,79150,3.519867E-06
0,79160,3.5172018E-06
0,79170,3.5145383E-06
0,79180,3.5118771E-06
0,79190,3.5092178E-06
0,79200,3.5065605E-06
0,79210,3.5039052E-06
0,79220,3.501252E-06
0,79230,3.4986008E-06
0,79240,3.4959514E-06
0,79250,3.4933043E-06
0,79260,3.490659E-06
0,79270,3.4880159E-06
0,79280,3.4853747E-06
0,79290,3.4827353E-06
0,79300,3.4800983E-06
0,79310,3.477463E-06
0,79320,3.4748298E-06
0,79330,3.4721986E-06
0,79340,3.4695693E-06
0,79350,3.466942E-06
0,79360,3.4643167E-06
0,79370,3.4616935E-06
0,79380,3.459072E-06
0,79390,3.456453E-06
0,79400,3.4538357E-06
0,79410,3.4512202E-06
0,79420,3.448607E-06
0,79430,3.4459956E-06
0,79440,3.443386E-06
0,79450,3.4407788E-06
0,79460,3.4381733E-06
0,79470,3.4355699E-06
0,79480,3.4329682E-06
0,79490,3.4303687E-06
0,79500,3.4277712E-06
0,79510,3.4251755E-06
0,79520,3.422582E-06
0,79530,3.4199902E-06
0,79540,3.4174006E-06
0,79550,3.414813E-06
0,79560,3.412227E-06
0,79570,3.409643E-06
0,79580,3.4070613E-06
0,79590,3.4044815E-06
0,79600,3.4019035E-06
0,79610,3.3993274E-06
0,79620,3.3967533E-06
0,79630,3.3941812E-06
0,79640,3.391611E-06
0,79650,3.3890428E-06
0,79660,3.3864767E-06
0,79670,3.3839124E-06
0,79680,3.3813499E-06
0,79690,3.3787894E-06
0,79700,3.376231E-06
0,79710,3.3736744E-06
0,79720,3.3711196E-06
0,79730,3.368567E-06
0,79740,3.3660162E-06
0,79750,3.3634674E-06
0,79760,3.3609206E-06
0,79770,3.3583756E-06
0,79780,3.3558324E-06
0,79790,3.3532913E-06
0,79800,3.3507522E-06
0,79810,3.348215E-06
0,79820,3.3456795E-06
0,79830,3.343146E-06
0,79840,3.3406145E-06
0,79850,3.338085E-06
0,79860,3.3355573E-06
0,79870,3.3330316E-06
0,79880,3.3305078E-06
0,79890,3.3279857E-06
0,79900,3.3254657E-06
0,79910,3.3229476E-06
0,79920,3.3204312E-06
0,79930,3.317917E-06
0,79940,3.3154045E-06
0,79950,3.312894E-06
0,79960,3.3103854E-06
0,79970,3.3078788E-06
0,79980,3.3053739E-06
0,79990,3.302871E-06
0,80000,3.30037E-06
0,80010,3.2978708E-06
0,80020,3.2953735E-06
0,80030,3.2928783E-06
0,80040,3.2903847E-06
0,80050,3.2878932E-06
0,80060,3.2854036E-06
0,80070,3.2829157E-06
0,80080,3.2804298E-06
0,80090,3.2779458E-06
0,80100,3.2754638E-06
0,80110,3.2729833E-06
0,80120,3.270505E-06
0,80130,3.2680284E-06
0,80140,3.265554E-06
0,80150,3.2630812E-06
0,80160,3.2606101E-06
0,80170,3.2581413E-06
0,80180,3.255674E-06
0,80190,3.2532087E-06
0,80200,3.2507453E-06
0,80210,3.2482837E-06
0,80220,3.245824E-06
0,80230,3.2433663E-06
0,80240,3.2409102E-06
0,80250,3.2384562E-06
0,80260,3.236004E-06
0,80270,3.2335536E-06
0,80280,3.231105E-06
0,80290,3.2286584E-06
0,80300,3.2262135E-06
0,80310,3.2237706E-06
0,80320,3.2213295E-06
0,80330,3.2188902E-06
0,80340,3.2164528E-06
0,80350,3.2140172E-06
0,80360,3.2115834E-06
0,80370,3.2091516E-06
0,80380,3.2067214E-06
0,80390,3.2042933E-06
0,80400,3.2018668E-06
0,80410,3.1994423E-06
0,80420,3.1970196E-06
0,80430,3.1945988E-06
0,80440,3.1921797E-06
0,80450,3.1897625E-06
0,80460,3.1873471E-06
0,80470,3.1849336E-06
0,80480,3.1825218E-06
0,80490,3.1801121E-06
0,80500,3.177704E-06
0,80510,3.1752977E-06
0,80520,3.1728932E-06
0,80530,3.1704908E-06
0,80540,3.16809E-06
0,80550,3.165691E-06
0,80560,3.1632937E-06
0,80570,3.1608986E-06
0,80580,3.158505E-06
0,80590,3.1561133E-06
0,80600,3.1537234E-06
0,80610,3.1513352E-06
0,80620,3.148949E-06
0,80630,3.1465645E-06
0,80640,3.1441818E-06
0,80650,3.141801E-06
0,80660,3.139422E-06
0,80670,3.1370448E-06
0,80680,3.1346692E-06
0,80690,3.1322957E-06
0,80700,3.1299237E-06
0,80710,3.1275538E-06
0,80720,3.1251855E-06
0,80730,3.122819E-06
0,80740,3.1204543E-06
0,80750,3.1180914E-06
0,80760,3.1157304E-06
0,80770,3.113371E-06
0,80780,3.1110135E-06
0,80790,3.1086577E-06
0,80800,3.1063037E-06
0,80810,3.1039515E-06
0,80820,3.1016011E-06
0,80830,3.0992526E-06
0,80840,3.0969056E-06
0,80850,3.0945607E-06
0,80860,3.0922174E-06
0,80870,3.089876E-06
0,80880,3.087536E-06
0,80890,3.0851982E-06
0,80900,3.082862E-06
0,80910,3.0805274E-06
0,80920,3.0781948E-06
0,80930,3.075864E-06
0,80940,3.0735348E-06
0,80950,3.0712074E-06
0,80960,3.0688818E-06
0,80970,3.066558E-06
0,80980,3.064236E-06
0,80990,3.0619155E-06
0,81000,3.059597E-06
0,81010,3.0572803E-06
0,81020,3.0549652E-06
0,81030,3.052652E-06
0,81040,3.0503404E-06
0,81050,3.0480305E-06
0,81060,3.0457225E-06
0,81070,3.0434162E-06
0,81080,3.0411118E-06
0,81090,3.038809E-06
0,81100,3.036508E-06
0,81110,3.0342085E-06
0,81120,3.0319109E-06
0,81130,3.029615E-06
0,81140,3.0273209E-06
0,81150,3.0250285E-06
0,81160,3.022738E-06
0,81170,3.020449E-06
0,81180,3.0181618E-06
0,81190,3.0158765E-06
0,81200,3.0135927E-06
0,81210,3.0113108E-06
0,81220,3.0090305E-06
0,81230,3.006752E-06
0,81240,3.0044753E-06
0,81250,3.0022002E-06
0,81260,2.999927E-06
0,81270,2.9976552E-06
0,81280,2.9953853E-06
0,81290,2.993117E-06
0,81300,2.9908506E-06
0,81310,2.988586E-06
0,81320,2.986323E-06
0,81330,2.9840614E-06
0,81340,2.9818018E-06
0,81350,2.979544E-06
0,81360,2.9772877E-06
0,81370,2.9750333E-06
0,81380,2.9727805E-06
0,81390,2.9705295E-06
0,81400,2.9682801E-06
0,81410,2.9660325E-06
0,81420,2.9637865E-06
0,81430,2.9615424E-06
0,81440,2.9592998E-06
0,81450,2.9570588E-06
0,81460,2.9548196E-06
0,81470,2.9525822E-06
0,81480,2.9503465E-06
0,81490,2.9481123E-06
0,81500,2.94588E-06
0,81510,2.9436492E-06
0,81520,2.9414202E-06
0,81530,2.9391929E-06
0,81540,2.9369673E-06
0,81550,2.9347434E-06
0,81560,2.932521E-06
0,81570,2.9303005E-06
0,81580,2.9280816E-06
0,81590,2.9258645E-06
0,81600,2.923649E-06
0,81610,2.921435E-06
0,81620,2.9192229E-06
0,81630,2.9170124E-06
0,81640,2.9148034E-06
0,81650,2.9125963E-06
0,81660,2.9103908E-06
0,81670,2.9081868E-06
0,81680,2.9059847E-06
0,81690,2.9037842E-06
0,81700,2.9015855E-06
0,81710,2.8993884E-06
0,81720,2.8971929E-06
0,81730,2.894999E-06
0,81740,2.8928068E-06
0,81750,2.8906163E-06
0,81760,2.8884274E-06
0,81770,2.8862403E-06
0,81780,2.8840548E-06
0,81790,2.8818708E-06
0,81800,2.8796885E-06
0,81810,2.877508E-06
0,81820,2.875329E-06
0,81830,2.8731517E-06
0,81840,2.8709762E-06
0,81850,2.8688023E-06
0,81860,2.86663E-06
0,81870,2.8644592E-06
0,81880,2.86229E-06
0,81890,2.8601228E-06
0,81900,2.857957E-06
0,81910,2.855793E-06
0,81920,2.8536303E-06
0,81930,2.8514696E-06
0,81940,2.8493102E-06
0,81950,2.8471527E-06
0,81960,2.8449967E-06
0,81970,2.8428426E-06
0,81980,2.8406898E-06
0,81990,2.8385389E-06
0,82000,2.8363893E-06
0,82010,2.8342415E-06
0,82020,2.8320953E-06
0,82030,2.829951E-06
0,82040,2.827808E-06
0,82050,2.8256668E-06
0,82060,2.823527E-06
0,82070,2.821389E-06
0,82080,2.8192526E-06
0,82090,2.8171178E-06
0,82100,2.8149846E-06
0,82110,2.812853E-06
0,82120,2.810723E-06
0,82130,2.8085947E-06
0,82140,2.8064678E-06
0,82150,2.8043428E-06
0,82160,2.8022193E-06
0,82170,2.8000973E-06
0,82180,2.797977E-06
0,82190,2.7958583E-06
0,82200,2.7937413E-06
0,82210,2.7916258E-06
0,82220,2.7895119E-06
0,82230,2.7873996E-06
0,82240,2.7852889E-06
0,82250,2.7831798E-06
0,82260,2.7810722E-06
0,82270,2.7789663E-06
0,82280,2.776862E-06
0,82290,2.7747594E-06
0,82300,2.7726583E-06
0,82310,2.7705587E-06
0,82320,2.7684607E-06
0,82330,2.7663643E-06
0,82340,2.7642695E-06
0,82350,2.7621763E-06
0,82360,2.760085E-06
0,82370,2.757995E-06
0,82380,2.7559065E-06
0,82390,2.7538197E-06
0,82400,2.7517342E-06
0,82410,2.7496505E-06
0,82420,2.7475685E-06
0,82430,2.745488E-06
0,82440,2.743409E-06
0,82450,2.7413316E-06
0,82460,2.739256E-06
0,82470,2.7371816E-06
0,82480,2.7351089E-06
0,82490,2.7330377E-06
0,82500,2.7309684E-06
0,82510,2.7289004E-06
0,82520,2.7268338E-06
0,82530,2.724769E-06
0,82540,2.7227059E-06
0,82550,2.720644E-06
0,82560,2.718584E-06
0,82570,2.7165254E-06
0,82580,2.7144683E-06
0,82590,2.7124129E-06
0,82600,2.710359E-06
0,82610,2.7083067E-06
0,82620,2.7062558E-06
0,82630,2.7042065E-06
0,82640,2.702159E-06
0,82650,2.7001126E-06
0,82660,2.698068E-06
0,82670,2.6960251E-06
0,82680,2.6939836E-06
0,82690,2.6919436E-06
0,82700,2.6899052E-06
0,82710,2.6878683E-06
0,82720,2.6858331E-06
0,82730,2.6837993E-06
0,82740,2.681767E-06
0,82750,2.6797363E-06
0,82760,2.6777072E-06
0,82770,2.6756795E-06
0,82780,2.6736534E-06
0,82790,2.6716289E-06
0,82800,2.669606E-06
0,82810,2.6675843E-06
0,82820,2.6655644E-06
0,82830,2.663546E-06
0,82840,2.661529E-06
0,82850,2.6595137E-06
0,82860,2.6574999E-06
0,82870,2.6554874E-06
0,82880,2.6534767E-06
0,82890,2.6514674E-06
0,82900,2.6494597E-06
0,82910,2.6474534E-06
0,82920,2.6454486E-06
0,82930,2.6434454E-06
0,82940,2.6414439E-06
0,82950,2.6394437E-06
0,82960,2.6374448E-06
0,82970,2.6354478E-06
0,82980,2.6334521E-06
0,82990,2.631458E-06
0,83000,2.6294654E-06
0,83010,2.6274743E-06
0,83020,2.6254847E-06
0,83030,2.6234966E-06
0,83040,2.62151E-06
0,83050,2.619525E-06
0,83060,2.6175414E-06
0,83070,2.6155594E-06
0,83080,2.6135788E-06
0,83090,2.6115997E-06
0,83100,2.609622E-06
0,83110,2.6076461E-06
0,83120,2.6056714E-06
0,83130,2.6036985E-06
0,83140,2.6017267E-06
0,83150,2.5997567E-06
0,83160,2.5977881E-06
0,83170,2.595821E-06
0,83180,2.5938555E-06
0,83190,2.5918912E-06
0,83200,2.5899285E-06
0,83210,2.5879674E-06
0,83220,2.5860077E-06
0,83230,2.5840495E-06
0,83240,2.5820927E-06
0,83250,2.5801376E-06
0,83260,2.5781837E-06
0,83270,2.5762315E-06
0,83280,2.5742809E-06
0,83290,2.5723314E-06
0,83300,2.5703837E-06
0,83310,2.5684374E-06
0,83320,2.5664924E-06
0,83330,2.564549E-06
0,83340,2.562607E-06
0,83350,2.5606666E-06
0,83360,2.5587276E-06
0,83370,2.55679E-06
0,83380,2.5548538E-06
0,83390,2.5529193E-06
0,83400,2.5509862E-06
0,83410,2.5490544E-06
0,83420,2.5471243E-06
0,83430,2.5451955E-06
0,83440,2.5432682E-06
0,83450,2.5413424E-06
0,83460,2.5394181E-06
0,83470,2.5374952E-06
0,83480,2.5355737E-06
0,83490,2.5336537E-06
0,83500,2.5317352E-06
0,83510,2.529818E-06
0,83520,2.5279023E-06
0,83530,2.5259883E-06
0,83540,2.5240754E-06
0,83550,2.522164E-06
0,83560,2.5202544E-06
0,83570,2.5183458E-06
0,83580,2.516439E-06
0,83590,2.5145334E-06
0,83600,2.5126294E-06
0,83610,2.5107267E-06
0,83620,2.5088254E-06
0,83630,2.5069257E-06
0,83640,2.5050274E-06
0,83650,2.5031306E-06
0,83660,2.5012353E-06
0,83670,2.4993412E-06
0,83680,2.4974486E-06
0,83690,2.4955575E-06
0,83700,2.4936678E-06
0,83710,2.4917795E-06
0,83720,2.4898927E-06
0,83730,2.4880073E-06
0,83740,2.4861233E-06
0,83750,2.4842407E-06
0,83760,2.4823596E-06
0,83770,2.48048E-06
0,83780,2.4786016E-06
0,83790,2.4767248E-06
0,83800,2.4748492E-06
0,83810,2.4729752E-06
0,83820,2.4711026E-06
0,83830,2.4692315E-06
0,83840,2.4673618E-06
0,83850,2.4654933E-06
0,83860,2.4636265E-06
0,83870,2.461761E-06
0,83880,2.4598967E-06
0,83890,2.458034E-06
0,83900,2.4561728E-06
0,83910,2.4543128E-06
0,83920,2.4524545E-06
0,83930,2.4505973E-06
0,83940,2.4487417E-06
0,83950,2.4468875E-06
0,83960,2.4450346E-06
0,83970,2.4431831E-06
0,83980,2.4413332E-06
0,83990,2.4394844E-06
0,84000,2.4376372E-06
0,84010,2.4357914E-06
0,84020,2.433947E-06
0,84030,2.4321039E-06
0,84040,2.4302622E-06
0,84050,2.428422E-06
0,84060,2.426583E-06
0,84070,2.4247456E-06
0,84080,2.4229096E-06
0,84090,2.421075E-06
0,84100,2.4192416E-06
0,84110,2.4174096E-06
0,84120,2.415579E-06
0,84130,2.41375E-06
0,84140,2.4119222E-06
0,84150,2.410096E-06
0,84160,2.4082708E-06
0,84170,2.4064473E-06
0,84180,2.404625E-06
0,84190,2.4028043E-06
0,84200,2.4009848E-06
0,84210,2.3991668E-06
0,84220,2.39735E-06
0,84230,2.3955347E-06
0,84240,2.3937207E-06
0,84250,2.391908E-06
0,84260,2.3900968E-06
0,84270,2.388287E-06
0,84280,2.3864784E-06
0,84290,2.3846715E-06
0,84300,2.3828657E-06
0,84310,2.3810612E-06
0,84320,2.3792584E-06
0,84330,2.3774567E-06
0,84340,2.3756563E-06
0,84350,2.3738576E-06
0,84360,2.37206E-06
0,84370,2.3702637E-06
0,84380,2.3684688E-06
0,84390,2.3666755E-06
0,84400,2.3648834E-06
0,84410,2.3630926E-06
0,84420,2.3613031E-06
0,84430,2.359515E-06
0,84440,2.3577284E-06
0,84450,2.355943E-06
0,84460,2.354159E-06
0,84470,2.3523764E-06
0,84480,2.3505952E-06
0,84490,2.3488153E-06
0,84500,2.3470368E-06
0,84510,2.3452594E-06
0,84520,2.3434836E-06
0,84530,2.341709E-06
0,84540,2.339936E-06
0,84550,2.338164E-06
0,84560,2.3363934E-06
0,84570,2.3346242E-06
0,84580,2.3328564E-06
0,84590,2.33109E-06
0,84600,2.3293248E-06
0,84610,2.3275609E-06
0,84620,2.3257985E-06
0,84630,2.3240373E-06
0,84640,2.3222774E-06
0,84650,2.320519E-06
0,84660,2.3187617E-06
0,84670,2.317006E-06
0,84680,2.3152515E-06
0,84690,2.3134983E-06
0,84700,2.3117466E-06
0,84710,2.309996E-06
0,84720,2.3082468E-06
0,84730,2.3064988E-06
0,84740,2.3047523E-06
0,84750,2.3030072E-06
0,84760,2.3012633E-06
0,84770,2.2995207E-06
0,84780,2.2977795E-06
0,84790,2.2960394E-06
0,84800,2.2943009E-06
0,84810,2.2925635E-06
0,84820,2.2908275E-06
0,84830,2.289093E-06
0,84840,2.2873596E-06
0,84850,2.2856275E-06
0,84860,2.2838967E-06
0,84870,2.2821673E-06
0,84880,2.2804393E-06
0,84890,2.2787124E-06
0,84900,2.2769868E-06
0,84910,2.2752627E-06
0,84920,2.2735398E-06
0,84930,2.2718182E-06
0,84940,2.2700979E-06
0,84950,2.268379E-06
0,84960,2.2666613E-06
0,84970,2.264945E-06
0,84980,2.2632298E-06
0,84990,2.261516E-06
0,85000,2.2598035E-06
0,85010,2.2580923E-06
0,85020,2.2563825E-06
0,85030,2.254674E-06
0,85040,2.2529666E-06
0,85050,2.2512606E-06
0,85060,2.2495558E-06
0,85070,2.2478525E-06
0,85080,2.2461504E-06
0,85090,2.2444494E-06
0,85100,2.2427498E-06
0,85110,2.2410516E-06
0,85120,2.2393547E-06
0,85130,2.237659E-06
0,85140,2.2359645E-06
0,85150,2.2342715E-06
0,85160,2.2325796E-06
0,85170,2.230889E-06
0,85180,2.2291997E-06
0,85190,2.2275117E-06
0,85200,2.225825E-06
0,85210,2.2241395E-06
0,85220,2.2224554E-06
0,85230,2.2207726E-06
0,85240,2.219091E-06
0,85250,2.2174104E-06
0,85260,2.2157315E-06
0,85270,2.2140537E-06
0,85280,2.212377E-06
0,85290,2.2107017E-06
0,85300,2.2090278E-06
0,85310,2.207355E-06
0,85320,2.2056836E-06
0,85330,2.2040133E-06
0,85340,2.2023444E-06
0,85350,2.2006768E-06
0,85360,2.1990104E-06
0,85370,2.197345E-06
0,85380,2.1956812E-06
0,85390,2.1940186E-06
0,85400,2.1923572E-06
0,85410,2.1906972E-06
0,85420,2.1890382E-06
0,85430,2.1873807E-06
0,85440,2.1857245E-06
0,85450,2.1840692E-06
0,85460,2.1824155E-06
0,85470,2.180763E-06
0,85480,2.1791116E-06
0,85490,2.1774615E-06
0,85500,2.1758126E-06
0,85510,2.174165E-06
0,85520,2.1725186E-06
0,85530,2.1708736E-06
0,85540,2.16923E-06
0,85550,2.1675871E-06
0,85560,2.165946E-06
0,85570,2.1643057E-06
0,85580,2.1626668E-06
0,85590,2.1610292E-06
0,85600,2.1593928E-06
0,85610,2.1577578E-06
0,85620,2.1561239E-06
0,85630,2.154491E-06
0,85640,2.1528597E-06
0,85650,2.1512294E-06
0,85660,2.1496005E-06
0,85670,2.1479727E-06
0,85680,2.1463463E-06
0,85690,2.144721E-06
0,85700,2.143097E-06
0,85710,2.1414742E-06
0,85720,2.1398525E-06
0,85730,2.1382323E-06
0,85740,2.1366131E-06
0,85750,2.1349952E-06
0,85760,2.1333785E-06
0,85770,2.131763E-06
0,85780,2.130149E-06
0,85790,2.128536E-06
0,85800,2.126924E-06
0,85810,2.1253136E-06
0,85820,2.1237042E-06
0,85830,2.122096E-06
0,85840,2.1204892E-06
0,85850,2.1188835E-06
0,85860,2.1172789E-06
0,85870,2.1156757E-06
0,85880,2.1140736E-06
0,85890,2.1124729E-06
0,85900,2.110873E-06
0,85910,2.1092749E-06
0,85920,2.1076776E-06
0,85930,2.1060816E-06
0,85940,2.1044868E-06
0,85950,2.1028932E-06
0,85960,2.1013009E-06
0,85970,2.0997097E-06
0,85980,2.0981197E-06
0,85990,2.096531E-06
0,86000,2.0949435E-06
0,86010,2.0933571E-06
0,86020,2.0917719E-06
0,86030,2.090188E-06
0,86040,2.0886052E-06
0,86050,2.0870236E-06
0,86060,2.0854434E-06
0,86070,2.0838643E-06
0,86080,2.0822863E-06
0,86090,2.0807095E-06
0,86100,2.079134E-06
0,86110,2.0775594E-06
0,86120,2.0759865E-06
0,86130,2.0744144E-06
0,86140,2.0728435E-06
0,86150,2.071274E-06
0,86160,2.0697055E-06
0,86170,2.0681382E-06
0,86180,2.0665723E-06
0,86190,2.0650075E-06
0,86200,2.0634436E-06
0,86210,2.061881E-06
0,86220,2.06032E-06
0,86230,2.0587597E-06
0,86240,2.0572008E-06
0,86250,2.055643E-06
0,86260,2.0540865E-06
0,86270,2.052531E-06
0,86280,2.0509767E-06
0,86290,2.0494238E-06
0,86300,2.047872E-06
0,86310,2.0463212E-06
0,86320,2.0447717E-06
0,86330,2.0432233E-06
0,86340,2.0416762E-06
0,86350,2.04013E-06
0,86360,2.0385853E-06
0,86370,2.0370417E-06
0,86380,2.0354992E-06
0,86390,2.0339578E-06
0,86400,2.0324176E-06
0,86410,2.0308787E-06
0,86420,2.0293407E-06
0,86430,2.0278042E-06
0,86440,2.0262685E-06
0,86450,2.0247342E-06
0,86460,2.023201E-06
0,86470,2.021669E-06
0,86480,2.0201383E-06
0,86490,2.0186085E-06
0,86500,2.0170799E-06
0,86510,2.0155526E-06
0,86520,2.0140262E-06
0,86530,2.0125012E-06
0,86540,2.0109774E-06
0,86550,2.0094546E-06
0,86560,2.0079328E-06
0,86570,2.0064124E-06
0,86580,2.004893E-06
0,86590,2.003375E-06
0,86600,2.001858E-06
0,86610,2.0003422E-06
0,86620,1.9988274E-06
0,86630,1.9973138E-06
0,86640,1.9958015E-06
0,86650,1.9942902E-06
0,86660,1.99278E-06
0,86670,1.9912711E-06
0,86680,1.9897632E-06
0,86690,1.9882566E-06
0,86700,1.986751E-06
0,86710,1.9852466E-06
0,86720,1.9837432E-06
0,86730,1.9822412E-06
0,86740,1.98074E-06
0,86750,1.9792403E-06
0,86760,1.9777415E-06
0,86770,1.976244E-06
0,86780,1.9747474E-06
0,86790,1.9732522E-06
0,86800,1.971758E-06
0,86810,1.9702647E-06
0,86820,1.968773E-06
0,86830,1.967282E-06
0,86840,1.9657923E-06
0,86850,1.964304E-06
0,86860,1.9628164E-06
0,86870,1.96133E-06
0,86880,1.959845E-06
0,86890,1.9583608E-06
0,86900,1.956878E-06
0,86910,1.955396E-06
0,86920,1.9539154E-06
0,86930,1.952436E-06
0,86940,1.9509575E-06
0,86950,1.9494803E-06
0,86960,1.948004E-06
0,86970,1.946529E-06
0,86980,1.945055E-06
0,86990,1.9435822E-06
0,87000,1.9421104E-06
0,87010,1.9406398E-06
0,87020,1.9391703E-06
0,87030,1.9377019E-06
0,87040,1.9362346E-06
0,87050,1.9347685E-06
0,87060,1.9333033E-06
0,87070,1.9318395E-06
0,87080,1.9303766E-06
0,87090,1.9289148E-06
0,87100,1.9274542E-06
0,87110,1.9259946E-06
0,87120,1.9245363E-06
0,87130,1.923079E-06
0,87140,1.9216227E-06
0,87150,1.9201677E-06
0,87160,1.9187137E-06
0,87170,1.9172608E-06
0,87180,1.915809E-06
0,87190,1.9143583E-06
0,87200,1.9129086E-06
0,87210,1.9114602E-06
0,87220,1.9100128E-06
0,87230,1.9085664E-06
0,87240,1.9071213E-06
0,87250,1.9056771E-06
0,87260,1.9042341E-06
0,87270,1.9027922E-06
0,87280,1.9013513E-06
0,87290,1.8999116E-06
0,87300,1.8984729E-06
0,87310,1.8970353E-06
0,87320,1.8955989E-06
0,87330,1.8941635E-06
0,87340,1.8927291E-06
0,87350,1.8912959E-06
0,87360,1.8898637E-06
0,87370,1.8884327E-06
0,87380,1.8870027E-06
0,87390,1.8855739E-06
0,87400,1.8841461E-06
0,87410,1.8827193E-06
0,87420,1.8812937E-06
0,87430,1.879869E-06
0,87440,1.8784456E-06
0,87450,1.8770232E-06
0,87460,1.8756018E-06
0,87470,1.8741816E-06
0,87480,1.8727625E-06
0,87490,1.8713444E-06
0,87500,1.8699272E-06
0,87510,1.8685113E-06
0,87520,1.8670964E-06
0,87530,1.8656826E-06
0,87540,1.8642698E-06
0,87550,1.8628582E-06
0,87560,1.8614476E-06
0,87570,1.8600381E-06
0,87580,1.8586296E-06
0,87590,1.8572222E-06
0,87600,1.8558159E-06
0,87610,1.8544106E-06
0,87620,1.8530063E-06
0,87630,1.8516032E-06
0,87640,1.8502011E-06
0,87650,1.8488001E-06
0,87660,1.8474002E-06
0,87670,1.8460013E-06
0,87680,1.8446034E-06
0,87690,1.8432066E-06
0,87700,1.8418109E-06
0,87710,1.8404163E-06
0,87720,1.8390226E-06
0,87730,1.8376301E-06
0,87740,1.8362385E-06
0,87750,1.8348481E-06
0,87760,1.8334588E-06
0,87770,1.8320704E-06
0,87780,1.8306831E-06
0,87790,1.8292968E-06
0,87800,1.8279117E-06
0,87810,1.8265275E-06
0,87820,1.8251444E-06
0,87830,1.8237624E-06
0,87840,1.8223814E-06
0,87850,1.8210014E-06
0,87860,1.8196225E-06
0,87870,1.8182446E-06
0,87880,1.8168678E-06
0,87890,1.815492E-06
0,87900,1.8141174E-06
0,87910,1.8127436E-06
0,87920,1.8113709E-06
0,87930,1.8099993E-06
0,87940,1.8086288E-06
0,87950,1.8072592E-06
0,87960,1.8058907E-06
0,87970,1.8045232E-06
0,87980,1.8031568E-06
0,87990,1.8017914E-06
0,88000,1.8004271E-06
0,88010,1.7990637E-06
0,88020,1.7977014E-06
0,88030,1.7963401E-06
0,88040,1.7949799E-06
0,88050,1.7936208E-06
0,88060,1.7922625E-06
0,88070,1.7909053E-06
0,88080,1.7895493E-06
0,88090,1.7881941E-06
0,88100,1.7868401E-06
0,88110,1.785487E-06
0,88120,1.7841351E-06
0,88130,1.782784E-06
0,88140,1.7814341E-06
0,88150,1.7800851E-06
0,88160,1.7787372E-06
0,88170,1.7773903E-06
0,88180,1.7760444E-06
0,88190,1.7746995E-06
0,88200,1.7733556E-06
0,88210,1.7720129E-06
0,88220,1.770671E-06
0,88230,1.7693302E-06
0,88240,1.7679904E-06
0,88250,1.7666516E-06
0,88260,1.7653139E-06
0,88270,1.7639771E-06
0,88280,1.7626414E-06
0,88290,1.7613067E-06
0,88300,1.759973E-06
0,88310,1.7586403E-06
0,88320,1.7573086E-06
0,88330,1.7559779E-06
0,88340,1.7546482E-06
0,88350,1.7533196E-06
0,88360,1.7519919E-06
0,88370,1.7506653E-06
0,88380,1.7493396E-06
0,88390,1.748015E-06
0,88400,1.7466914E-06
0,88410,1.7453688E-06
0,88420,1.744047E-06
0,88430,1.7427265E-06
0,88440,1.7414068E-06
0,88450,1.7400881E-06
0,88460,1.7387705E-06
0,88470,1.7374539E-06
0,88480,1.7361382E-06
0,88490,1.7348236E-06
0,88500,1.73351E-06
0,88510,1.7321972E-06
0,88520,1.7308856E-06
0,88530,1.7295749E-06
0,88540,1.7282653E-06
0,88550,1.7269566E-06
0,88560,1.7256489E-06
0,88570,1.7243422E-06
0,88580,1.7230365E-06
0,88590,1.7217317E-06
0,88600,1.7204279E-06
0,88610,1.7191252E-06
0,88620,1.7178235E-06
0,88630,1.7165227E-06
0,88640,1.7152229E-06
0,88650,1.713924E-06
0,88660,1.7126263E-06
0,88670,1.7113293E-06
0,88680,1.7100335E-06
0,88690,1.7087386E-06
0,88700,1.7074448E-06
0,88710,1.7061518E-06
0,88720,1.7048599E-06
0,88730,1.703569E-06
0,88740,1.702279E-06
0,88750,1.7009899E-06
0,88760,1.6997019E-06
0,88770,1.6984148E-06
0,88780,1.6971287E-06
0,88790,1.6958436E-06
0,88800,1.6945595E-06
0,88810,1.6932763E-06
0,88820,1.6919942E-06
0,88830,1.6907129E-06
0,88840,1.6894327E-06
0,88850,1.6881534E-06
0,88860,1.6868751E-06
0,88870,1.6855977E-06
0,88880,1.6843213E-06
0,88890,1.6830459E-06
0,88900,1.6817714E-06
0,88910,1.680498E-06
0,88920,1.6792254E-06
0,88930,1.677954E-06
0,88940,1.6766833E-06
0,88950,1.6754137E-06
0,88960,1.674145E-06
0,88970,1.6728773E-06
0,88980,1.6716106E-06
0,88990,1.6703448E-06
0,89000,1.6690799E-06
0,89010,1.667816E-06
0,89020,1.6665532E-06
0,89030,1.6652912E-06
0,89040,1.6640302E-06
0,89050,1.6627702E-06
0,89060,1.6615111E-06
0,89070,1.6602529E-06
0,89080,1.6589958E-06
0,89090,1.6577395E-06
0,89100,1.6564842E-06
0,89110,1.6552299E-06
0,89120,1.6539765E-06
0,89130,1.6527241E-06
0,89140,1.6514725E-06
0,89150,1.650222E-06
0,89160,1.6489724E-06
0,89170,1.6477238E-06
0,89180,1.6464761E-06
0,89190,1.6452293E-06
0,89200,1.6439835E-06
0,89210,1.6427387E-06
0,89220,1.6414947E-06
0,89230,1.6402518E-06
0,89240,1.6390097E-06
0,89250,1.6377686E-06
0,89260,1.6365284E-06
0,89270,1.6352892E-06
0,89280,1.6340509E-06
0,89290,1.6328136E-06
0,89300,1.6315772E-06
0,89310,1.6303417E-06
0,89320,1.6291071E-06
0,89330,1.6278735E-06
0,89340,1.6266409E-06
0,89350,1.6254091E-06
0,89360,1.6241784E-06
0,89370,1.6229485E-06
0,89380,1.6217195E-06
0,89390,1.6204915E-06
0,89400,1.6192645E-06
0,89410,1.6180383E-06
0,89420,1.616813E-06
0,89430,1.6155888E-06
0,89440,1.6143654E-06
0,89450,1.613143E-06
0,89460,1.6119214E-06
0,89470,1.6107009E-06
0,89480,1.6094812E-06
0,89490,1.6082624E-06
0,89500,1.6070446E-06
0,89510,1.6058277E-06
0,89520,1.6046118E-06
0,89530,1.6033968E-06
0,89540,1.6021826E-06
0,89550,1.6009694E-06
0,89560,1.5997571E-06
0,89570,1.5985457E-06
0,89580,1.5973352E-06
0,89590,1.5961257E-06
0,89600,1.5949171E-06
0,89610,1.5937094E-06
0,89620,1.5925026E-06
0,89630,1.5912967E-06
0,89640,1.5900916E-06
0,89650,1.5888876E-06
0,89660,1.5876844E-06
0,89670,1.5864822E-06
0,89680,1.585281E-06
0,89690,1.5840806E-06
0,89700,1.582881E-06
0,89710,1.5816825E-06
0,89720,1.5804848E-06
0,89730,1.579288E-06
0,89740,1.578092E-06
0,89750,1.576897E-06
0,89760,1.575703E-06
0,89770,1.5745098E-06
0,89780,1.5733176E-06
0,89790,1.5721263E-06
0,89800,1.5709358E-06
0,89810,1.5697462E-06
0,89820,1.5685575E-06
0,89830,1.5673698E-06
0,89840,1.566183E-06
0,89850,1.564997E-06
0,89860,1.5638119E-06
0,89870,1.5626277E-06
0,89880,1.5614445E-06
0,89890,1.5602621E-06
0,89900,1.5590807E-06
0,89910,1.5579001E-06
0,89920,1.5567205E-06
0,89930,1.5555416E-06
0,89940,1.5543637E-06
0,89950,1.5531867E-06
0,89960,1.5520106E-06
0,89970,1.5508353E-06
0,89980,1.5496611E-06
0,89990,1.5484876E-06
0,90000,1.547315E-06
0,90010,1.5461434E-06
0,90020,1.5449726E-06
0,90030,1.5438027E-06
0,90040,1.5426338E-06
0,90050,1.5414656E-06
0,90060,1.5402983E-06
0,90070,1.539132E-06
0,90080,1.5379666E-06
0,90090,1.536802E-06
0,90100,1.5356383E-06
0,90110,1.5344754E-06
0,90120,1.5333135E-06
0,90130,1.5321524E-06
0,90140,1.5309922E-06
0,90150,1.5298328E-06
0,90160,1.5286745E-06
0,90170,1.5275169E-06
0,90180,1.5263603E-06
0,90190,1.5252044E-06
0,90200,1.5240495E-06
0,90210,1.5228954E-06
0,90220,1.5217423E-06
0,90230,1.52059E-06
0,90240,1.5194386E-06
0,90250,1.518288E-06
0,90260,1.5171383E-06
0,90270,1.5159894E-06
0,90280,1.5148415E-06
0,90290,1.5136944E-06
0,90300,1.5125482E-06
0,90310,1.5114028E-06
0,90320,1.5102585E-06
0,90330,1.5091148E-06
0,90340,1.5079721E-06
0,90350,1.5068302E-06
0,90360,1.5056892E-06
0,90370,1.504549E-06
0,90380,1.5034097E-06
0,90390,1.5022713E-06
0,90400,1.5011337E-06
0,90410,1.4999971E-06
0,90420,1.4988613E-06
0,90430,1.4977262E-06
0,90440,1.4965922E-06
0,90450,1.4954588E-06
0,90460,1.4943265E-06
0,90470,1.493195E-06
0,90480,1.4920643E-06
0,90490,1.4909344E-06
0,90500,1.4898054E-06
0,90510,1.4886773E-06
0,90520,1.4875501E-06
0,90530,1.4864237E-06
0,90540,1.4852981E-06
0,90550,1.4841734E-06
0,90560,1.4830496E-06
0,90570,1.4819266E-06
0,90580,1.4808044E-06
0,90590,1.4796831E-06
0,90600,1.4785626E-06
0,90610,1.477443E-06
0,90620,1.4763242E-06
0,90630,1.4752063E-06
0,90640,1.4740892E-06
0,90650,1.472973E-06
0,90660,1.4718577E-06
0,90670,1.4707431E-06
0,90680,1.4696294E-06
0,90690,1.4685166E-06
0,90700,1.4674046E-06
0,90710,1.4662935E-06
0,90720,1.4651831E-06
0,90730,1.4640736E-06
0,90740,1.462965E-06
0,90750,1.4618572E-06
0,90760,1.4607502E-06
0,90770,1.4596442E-06
0,90780,1.4585389E-06
0,90790,1.4574345E-06
0,90800,1.4563308E-06
0,90810,1.455228E-06
0,90820,1.4541262E-06
0,90830,1.453025E-06
0,90840,1.4519247E-06
0,90850,1.4508253E-06
0,90860,1.4497267E-06
0,90870,1.448629E-06
0,90880,1.447532E-06
0,90890,1.4464359E-06
0,90900,1.4453406E-06
0,90910,1.4442461E-06
0,90920,1.4431525E-06
0,90930,1.4420598E-06
0,90940,1.4409678E-06
0,90950,1.4398767E-06
0,90960,1.4387863E-06
0,90970,1.4376968E-06
0,90980,1.4366082E-06
0,90990,1.4355203E-06
0,91000,1.4344333E-06
0,91010,1.4333472E-06
0,91020,1.4322618E-06
0,91030,1.4311772E-06
0,91040,1.4300934E-06
0,91050,1.4290106E-06
0,91060,1.4279285E-06
0,91070,1.4268472E-06
0,91080,1.4257668E-06
0,91090,1.4246872E-06
0,91100,1.4236083E-06
0,91110,1.4225303E-06
0,91120,1.4214531E-06
0,91130,1.4203769E-06
0,91140,1.4193013E-06
0,91150,1.4182265E-06
0,91160,1.4171526E-06
0,91170,1.4160795E-06
0,91180,1.4150072E-06
0,91190,1.4139357E-06
0,91200,1.4128651E-06
0,91210,1.4117952E-06
0,91220,1.4107261E-06
0,91230,1.4096579E-06
0,91240,1.4085905E-06
0,91250,1.4075239E-06
0,91260,1.4064581E-06
0,91270,1.405393E-06
0,91280,1.4043288E-06
0,91290,1.4032654E-06
0,91300,1.4022029E-06
0,91310,1.401141E-06
0,91320,1.4000801E-06
0,91330,1.3990199E-06
0,91340,1.3979605E-06
0,91350,1.396902E-06
0,91360,1.3958442E-06
0,91370,1.3947872E-06
0,91380,1.393731E-06
0,91390,1.3926757E-06
0,91400,1.3916211E-06
0,91410,1.3905674E-06
0,91420,1.3895144E-06
0,91430,1.3884622E-06
0,91440,1.3874109E-06
0,91450,1.3863602E-06
0,91460,1.3853104E-06
0,91470,1.3842614E-06
0,91480,1.3832132E-06
0,91490,1.3821658E-06
0,91500,1.3811192E-06
0,91510,1.3800734E-06
0,91520,1.3790284E-06
0,91530,1.3779842E-06
0,91540,1.3769406E-06
0,91550,1.375898E-06
0,91560,1.3748562E-06
0,91570,1.373815E-06
0,91580,1.3727748E-06
0,91590,1.3717353E-06
0,91600,1.3706966E-06
0,91610,1.3696587E-06
0,91620,1.3686215E-06
0,91630,1.3675851E-06
0,91640,1.3665496E-06
0,91650,1.3655148E-06
0,91660,1.3644808E-06
0,91670,1.3634476E-06
0,91680,1.3624151E-06
0,91690,1.3613835E-06
0,91700,1.3603526E-06
0,91710,1.3593225E-06
0,91720,1.3582932E-06
0,91730,1.3572646E-06
0,91740,1.3562369E-06
0,91750,1.35521E-06
0,91760,1.3541837E-06
0,91770,1.3531583E-06
0,91780,1.3521336E-06
0,91790,1.3511097E-06
0,91800,1.3500867E-06
0,91810,1.3490644E-06
0,91820,1.3480428E-06
0,91830,1.347022E-06
0,91840,1.346002E-06
0,91850,1.3449828E-06
0,91860,1.3439643E-06
0,91870,1.3429467E-06
0,91880,1.3419298E-06
0,91890,1.3409136E-06
0,91900,1.3398982E-06
0,91910,1.3388836E-06
0,91920,1.3378698E-06
0,91930,1.3368567E-06
0,91940,1.3358444E-06
0,91950,1.3348329E-06
0,91960,1.3338221E-06
0,91970,1.3328121E-06
0,91980,1.3318029E-06
0,91990,1.3307944E-06
0,92000,1.3297866E-06
0,92010,1.3287797E-06
0,92020,1.3277736E-06
0,92030,1.3267681E-06
0,92040,1.3257635E-06
0,92050,1.3247595E-06
0,92060,1.3237564E-06
0,92070,1.322754E-06
0,92080,1.3217524E-06
0,92090,1.3207515E-06
0,92100,1.3197514E-06
0,92110,1.3187521E-06
0,92120,1.3177535E-06
0,92130,1.3167556E-06
0,92140,1.3157586E-06
0,92150,1.3147622E-06
0,92160,1.3137667E-06
0,92170,1.3127718E-06
0,92180,1.3117777E-06
0,92190,1.3107845E-06
0,92200,1.3097919E-06
0,92210,1.3088E-06
0,92220,1.307809E-06
0,92230,1.3068187E-06
0,92240,1.3058292E-06
0,92250,1.3048403E-06
0,92260,1.3038523E-06
0,92270,1.302865E-06
0,92280,1.3018785E-06
0,92290,1.3008926E-06
0,92300,1.2999076E-06
0,92310,1.2989232E-06
0,92320,1.2979397E-06
0,92330,1.2969568E-06
0,92340,1.2959747E-06
0,92350,1.2949934E-06
0,92360,1.2940128E-06
0,92370,1.2930329E-06
0,92380,1.2920538E-06
0,92390,1.2910754E-06
0,92400,1.2900978E-06
0,92410,1.2891209E-06
0,92420,1.2881447E-06
0,92430,1.2871693E-06
0,92440,1.2861946E-06
0,92450,1.2852207E-06
0,92460,1.2842474E-06
0,92470,1.283275E-06
0,92480,1.2823033E-06
0,92490,1.2813323E-06
0,92500,1.280362E-06
0,92510,1.2793924E-06
0,92520,1.2784237E-06
0,92530,1.2774557E-06
0,92540,1.2764883E-06
0,92550,1.2755218E-06
0,92560,1.2745559E-06
0,92570,1.2735908E-06
0,92580,1.2726264E-06
0,92590,1.2716627E-06
0,92600,1.2706997E-06
0,92610,1.2697375E-06
0,92620,1.268776E-06
0,92630,1.2678153E-06
0,92640,1.2668553E-06
0,92650,1.265896E-06
0,92660,1.2649374E-06
0,92670,1.2639796E-06
0,92680,1.2630225E-06
0,92690,1.262066E-06
0,92700,1.2611104E-06
0,92710,1.2601555E-06
0,92720,1.2592012E-06
0,92730,1.2582477E-06
0,92740,1.2572949E-06
0,92750,1.2563429E-06
0,92760,1.2553916E-06
0,92770,1.2544409E-06
0,92780,1.2534911E-06
0,92790,1.2525419E-06
0,92800,1.2515934E-06
0,92810,1.2506457E-06
0,92820,1.2496986E-06
0,92830,1.2487524E-06
0,92840,1.2478067E-06
0,92850,1.2468619E-06
0,92860,1.2459177E-06
0,92870,1.2449743E-06
0,92880,1.2440315E-06
0,92890,1.2430895E-06
0,92900,1.2421482E-06
0,92910,1.2412077E-06
0,92920,1.2402678E-06
0,92930,1.2393286E-06
0,92940,1.2383902E-06
0,92950,1.2374525E-06
0,92960,1.2365153E-06
0,92970,1.235579E-06
0,92980,1.2346435E-06
0,92990,1.2337085E-06
0,93000,1.2327744E-06
0,93010,1.2318409E-06
0,93020,1.2309081E-06
0,93030,1.229976E-06
0,93040,1.2290446E-06
0,93050,1.228114E-06
0,93060,1.227184E-06
0,93070,1.2262548E-06
0,93080,1.2253262E-06
0,93090,1.2243984E-06
0,93100,1.2234711E-06
0,93110,1.2225447E-06
0,93120,1.221619E-06
0,93130,1.220694E-06
0,93140,1.2197696E-06
0,93150,1.218846E-06
0,93160,1.217923E-06
0,93170,1.2170008E-06
0,93180,1.2160792E-06
0,93190,1.2151584E-06
0,93200,1.2142383E-06
0,93210,1.2133188E-06
0,93220,1.2124001E-06
0,93230,1.211482E-06
0,93240,1.2105646E-06
0,93250,1.209648E-06
0,93260,1.208732E-06
0,93270,1.2078167E-06
0,93280,1.2069021E-06
0,93290,1.2059882E-06
0,93300,1.205075E-06
0,93310,1.2041625E-06
0,93320,1.2032507E-06
0,93330,1.2023395E-06
0,93340,1.2014291E-06
0,93350,1.2005194E-06
0,93360,1.1996102E-06
0,93370,1.1987019E-06
0,93380,1.1977942E-06
0,93390,1.1968872E-06
0,93400,1.1959809E-06
0,93410,1.1950752E-06
0,93420,1.1941703E-06
0,93430,1.193266E-06
0,93440,1.1923624E-06
0,93450,1.1914595E-06
0,93460,1.1905573E-06
0,93470,1.1896559E-06
0,93480,1.188755E-06
0,93490,1.1878549E-06
0,93500,1.1869554E-06
0,93510,1.1860566E-06
0,93520,1.1851585E-06
0,93530,1.184261E-06
0,93540,1.1833642E-06
0,93550,1.1824682E-06
0,93560,1.1815728E-06
0,93570,1.180678E-06
0,93580,1.179784E-06
0,93590,1.1788907E-06
0,93600,1.177998E-06
0,93610,1.177106E-06
0,93620,1.1762147E-06
0,93630,1.175324E-06
0,93640,1.174434E-06
0,93650,1.1735447E-06
0,93660,1.1726561E-06
0,93670,1.1717681E-06
0,93680,1.1708808E-06
0,93690,1.1699942E-06
0,93700,1.1691083E-06
0,93710,1.168223E-06
0,93720,1.1673384E-06
0,93730,1.1664544E-06
0,93740,1.1655711E-06
0,93750,1.1646886E-06
0,93760,1.1638066E-06
0,93770,1.1629253E-06
0,93780,1.1620448E-06
0,93790,1.1611648E-06
0,93800,1.1602855E-06
0,93810,1.1594069E-06
0,93820,1.158529E-06
0,93830,1.1576517E-06
0,93840,1.1567752E-06
0,93850,1.1558992E-06
0,93860,1.1550239E-06
0,93870,1.1541493E-06
0,93880,1.1532753E-06
0,93890,1.1524021E-06
0,93900,1.1515294E-06
0,93910,1.1506575E-06
0,93920,1.1497862E-06
0,93930,1.1489155E-06
0,93940,1.1480455E-06
0,93950,1.1471761E-06
0,93960,1.1463075E-06
0,93970,1.1454395E-06
0,93980,1.1445721E-06
0,93990,1.1437054E-06
0,94000,1.1428394E-06
0,94010,1.141974E-06
0,94020,1.1411092E-06
0,94030,1.1402452E-06
0,94040,1.1393818E-06
0,94050,1.138519E-06
0,94060,1.1376569E-06
0,94070,1.1367954E-06
0,94080,1.1359346E-06
0,94090,1.1350744E-06
0,94100,1.1342149E-06
0,94110,1.133356E-06
0,94120,1.1324979E-06
0,94130,1.1316403E-06
0,94140,1.1307834E-06
0,94150,1.1299271E-06
0,94160,1.1290715E-06
0,94170,1.1282166E-06
0,94180,1.1273622E-06
0,94190,1.1265086E-06
0,94200,1.1256556E-06
0,94210,1.1248031E-06
0,94220,1.1239515E-06
0,94230,1.1231003E-06
0,94240,1.12225E-06
0,94250,1.1214001E-06
0,94260,1.120551E-06
0,94270,1.1197025E-06
0,94280,1.1188546E-06
0,94290,1.1180074E-06
0,94300,1.1171608E-06
0,94310,1.1163148E-06
0,94320,1.1154696E-06
0,94330,1.1146249E-06
0,94340,1.1137809E-06
0,94350,1.1129375E-06
0,94360,1.1120948E-06
0,94370,1.1112526E-06
0,94380,1.1104112E-06
0,94390,1.1095703E-06
0,94400,1.1087301E-06
0,94410,1.1078905E-06
0,94420,1.1070516E-06
0,94430,1.1062133E-06
0,94440,1.1053756E-06
0,94450,1.1045387E-06
0,94460,1.1037023E-06
0,94470,1.1028666E-06
0,94480,1.1020314E-06
0,94490,1.101197E-06
0,94500,1.1003631E-06
0,94510,1.0995299E-06
0,94520,1.0986972E-06
0,94530,1.0978653E-06
0,94540,1.097034E-06
0,94550,1.0962033E-06
0,94560,1.0953731E-06
0,94570,1.0945437E-06
0,94580,1.0937149E-06
0,94590,1.0928867E-06
0,94600,1.0920592E-06
0,94610,1.0912322E-06
0,94620,1.0904059E-06
0,94630,1.0895802E-06
0,94640,1.0887552E-06
0,94650,1.0879307E-06
0,94660,1.087107E-06
0,94670,1.0862838E-06
0,94680,1.0854612E-06
0,94690,1.0846393E-06
0,94700,1.0838179E-06
0,94710,1.0829972E-06
0,94720,1.0821772E-06
0,94730,1.0813577E-06
0,94740,1.0805388E-06
0,94750,1.0797206E-06
0,94760,1.0789031E-06
0,94770,1.0780861E-06
0,94780,1.0772698E-06
0,94790,1.0764539E-06
0,94800,1.0756389E-06
0,94810,1.0748244E-06
0,94820,1.0740105E-06
0,94830,1.0731973E-06
0,94840,1.0723845E-06
0,94850,1.0715726E-06
0,94860,1.0707611E-06
0,94870,1.0699503E-06
0,94880,1.0691401E-06
0,94890,1.0683306E-06
0,94900,1.0675216E-06
0,94910,1.0667131E-06
0,94920,1.0659055E-06
0,94930,1.0650983E-06
0,94940,1.0642918E-06
0,94950,1.0634859E-06
0,94960,1.0626806E-06
0,94970,1.0618759E-06
0,94980,1.0610718E-06
0,94990,1.0602683E-06
0,95000,1.0594655E-06
0,95010,1.0586632E-06
0,95020,1.0578616E-06
0,95030,1.0570606E-06
0,95040,1.0562601E-06
0,95050,1.0554603E-06
0,95060,1.0546611E-06
0,95070,1.0538624E-06
0,95080,1.0530645E-06
0,95090,1.0522671E-06
0,95100,1.0514702E-06
0,95110,1.050674E-06
0,95120,1.0498784E-06
0,95130,1.0490834E-06
0,95140,1.048289E-06
0,95150,1.0474952E-06
0,95160,1.0467021E-06
0,95170,1.0459095E-06
0,95180,1.0451174E-06
0,95190,1.044326E-06
0,95200,1.0435352E-06
0,95210,1.0427451E-06
0,95220,1.0419554E-06
0,95230,1.0411665E-06
0,95240,1.040378E-06
0,95250,1.0395903E-06
0,95260,1.0388031E-06
0,95270,1.0380164E-06
0,95280,1.0372305E-06
0,95290,1.036445E-06
0,95300,1.0356603E-06
0,95310,1.0348759E-06
0,95320,1.0340924E-06
0,95330,1.0333093E-06
0,95340,1.0325268E-06
0,95350,1.031745E-06
0,95360,1.0309637E-06
0,95370,1.0301831E-06
0,95380,1.0294029E-06
0,95390,1.0286235E-06
0,95400,1.0278446E-06
0,95410,1.0270663E-06
0,95420,1.0262886E-06
0,95430,1.0255114E-06
0,95440,1.0247348E-06
0,95450,1.0239589E-06
0,95460,1.0231836E-06
0,95470,1.0224088E-06
0,95480,1.0216346E-06
0,95490,1.020861E-06
0,95500,1.020088E-06
0,95510,1.0193155E-06
0,95520,1.0185437E-06
0,95530,1.0177724E-06
0,95540,1.0170018E-06
0,95550,1.0162316E-06
0,95560,1.0154621E-06
0,95570,1.0146931E-06
0,95580,1.0139248E-06
0,95590,1.0131571E-06
0,95600,1.0123898E-06
0,95610,1.0116232E-06
0,95620,1.0108572E-06
0,95630,1.0100918E-06
0,95640,1.0093269E-06
0,95650,1.0085625E-06
0,95660,1.0077989E-06
0,95670,1.0070357E-06
0,95680,1.0062732E-06
0,95690,1.0055112E-06
0,95700,1.0047498E-06
0,95710,1.003989E-06
0,95720,1.0032287E-06
0,95730,1.002469E-06
0,95740,1.00171E-06
0,95750,1.0009514E-06
0,95760,1.0001935E-06
0,95770,9.994361E-07
0,95780,9.986793E-07
0,95790,9.979232E-07
0,95800,9.971675E-07
0,95810,9.964124E-07
0,95820,9.956578E-07
0,95830,9.94904E-07
0,95840,9.941506E-07
0,95850,9.933977E-07
0,95860,9.926456E-07
0,95870,9.918939E-07
0,95880,9.911428E-07
0,95890,9.903923E-07
0,95900,9.896423E-07
0,95910,9.888929E-07
0,95920,9.881442E-07
0,95930,9.873959E-07
0,95940,9.866482E-07
0,95950,9.859011E-07
0,95960,9.851545E-07
0,95970,9.844085E-07
0,95980,9.836631E-07
0,95990,9.829183E-07
0,96000,9.82174E-07
0,96010,9.814303E-07
0,96020,9.806871E-07
0,96030,9.799445E-07
0,96040,9.792025E-07
0,96050,9.78461E-07
0,96060,9.777201E-07
0,96070,9.769797E-07
0,96080,9.762399E-07
0,96090,9.755007E-07
0,96100,9.74762E-07
0,96110,9.740239E-07
0,96120,9.732863E-07
0,96130,9.725493E-07
0,96140,9.718128E-07
0,96150,9.71077E-07
0,96160,9.703417E-07
0,96170,9.69607E-07
0,96180,9.688727E-07
0,96190,9.68139E-07
0,96200,9.67406E-07
0,96210,9.666734E-07
0,96220,9.659414E-07
0,96230,9.6521E-07
0,96240,9.644791E-07
0,96250,9.637488E-07
0,96260,9.630189E-07
0,96270,9.622897E-07
0,96280,9.615611E-07
0,96290,9.60833E-07
0,96300,9.601054E-07
0,96310,9.593783E-07
0,96320,9.586519E-07
0,96330,9.57926E-07
0,96340,9.572007E-07
0,96350,9.564758E-07
0,96360,9.557515E-07
0,96370,9.550279E-07
0,96380,9.543046E-07
0,96390,9.53582E-07
0,96400,9.528599E-07
0,96410,9.521384E-07
0,96420,9.514174E-07
0,96430,9.50697E-07
0,96440,9.499771E-07
0,96450,9.4925775E-07
0,96460,9.4853897E-07
0,96470,9.478207E-07
0,96480,9.47103E-07
0,96490,9.463858E-07
0,96500,9.4566917E-07
0,96510,9.4495306E-07
0,96520,9.442375E-07
0,96530,9.4352254E-07
0,96540,9.428081E-07
0,96550,9.420942E-07
0,96560,9.413808E-07
0,96570,9.406679E-07
0,96580,9.3995567E-07
0,96590,9.392439E-07
0,96600,9.3853265E-07
0,96610,9.37822E-07
0,96620,9.3711185E-07
0,96630,9.364022E-07
0,96640,9.3569315E-07
0,96650,9.3498466E-07
0,96660,9.342766E-07
0,96670,9.335692E-07
0,96680,9.3286224E-07
0,96690,9.3215584E-07
0,96700,9.3145E-07
0,96710,9.307447E-07
0,96720,9.300399E-07
0,96730,9.2933567E-07
0,96740,9.2863195E-07
0,96750,9.2792874E-07
0,96760,9.272261E-07
0,96770,9.2652397E-07
0,96780,9.258224E-07
0,96790,9.2512136E-07
0,96800,9.244208E-07
0,96810,9.237208E-07
0,96820,9.2302133E-07
0,96830,9.223224E-07
0,96840,9.21624E-07
0,96850,9.2092614E-07
0,96860,9.202288E-07
0,96870,9.1953194E-07
0,96880,9.1883567E-07
0,96890,9.181399E-07
0,96900,9.1744465E-07
0,96910,9.1674997E-07
0,96920,9.1605574E-07
0,96930,9.153621E-07
0,96940,9.1466893E-07
0,96950,9.1397635E-07
0,96960,9.132843E-07
0,96970,9.1259267E-07
0,96980,9.119017E-07
0,96990,9.1121115E-07
0,97000,9.105211E-07
0,97010,9.0983167E-07
0,97020,9.091427E-07
0,97030,9.084543E-07
0,97040,9.077664E-07
0,97050,9.07079E-07
0,97060,9.0639213E-07
0,97070,9.057058E-07
0,97080,9.0502E-07
0,97090,9.043347E-07
0,97100,9.036499E-07
0,97110,9.029656E-07
0,97120,9.0228184E-07
0,97130,9.0159864E-07
0,97140,9.0091595E-07
0,97150,9.002337E-07
0,97160,8.9955205E-07
0,97170,8.988709E-07
0,97180,8.9819025E-07
0,97190,8.975101E-07
0,97200,8.968305E-07
0,97210,8.961514E-07
0,97220,8.954728E-07
0,97230,8.947947E-07
0,97240,8.9411714E-07
0,97250,8.934401E-07
0,97260,8.927636E-07
0,97270,8.9208754E-07
0,97280,8.91412E-07
0,97290,8.90737E-07
0,97300,8.9006255E-07
0,97310,8.8938856E-07
0,97320,8.887151E-07
0,97330,8.880421E-07
0,97340,8.8736965E-07
0,97350,8.8669776E-07
0,97360,8.860263E-07
0,97370,8.853554E-07
0,97380,8.84685E-07
0,97390,8.8401504E-07
0,97400,8.8334565E-07
0,97410,8.826768E-07
0,97420,8.820084E-07
0,97430,8.813405E-07
0,97440,8.8067316E-07
0,97450,8.8000627E-07
0,97460,8.793399E-07
0,97470,8.7867403E-07
0,97480,8.780087E-07
0,97490,8.7734384E-07
0,97500,8.766795E-07
0,97510,8.7601563E-07
0,97520,8.7535227E-07
0,97530,8.746895E-07
0,97540,8.7402714E-07
0,97550,8.733653E-07
0,97560,8.7270394E-07
0,97570,8.7204313E-07
0,97580,8.713828E-07
0,97590,8.7072294E-07
0,97600,8.700636E-07
0,97610,8.694048E-07
0,97620,8.6874644E-07
0,97630,8.680886E-07
0,97640,8.6743125E-07
0,97650,8.667744E-07
0,97660,8.6611806E-07
0,97670,8.654622E-07
0,97680,8.6480685E-07
0,97690,8.64152E-07
0,97700,8.634977E-07
0,97710,8.628438E-07
0,97720,8.621904E-07
0,97730,8.6153756E-07
0,97740,8.6088517E-07
0,97750,8.602333E-07
0,97760,8.595819E-07
0,97770,8.58931E-07
0,97780,8.582806E-07
0,97790,8.576307E-07
0,97800,8.569813E-07
0,97810,8.5633235E-07
0,97820,8.556839E-07
0,97830,8.55036E-07
0,97840,8.543885E-07
0,97850,8.5374154E-07
0,97860,8.5309506E-07
0,97870,8.524491E-07
0,97880,8.518036E-07
0,97890,8.511586E-07
0,97900,8.50514E-07
0,97910,8.4987E-07
0,97920,8.4922647E-07
0,97930,8.485834E-07
0,97940,8.4794084E-07
0,97950,8.4729874E-07
0,97960,8.4665714E-07
0,97970,8.4601606E-07
0,97980,8.4537544E-07
0,97990,8.4473527E-07
0,98000,8.440956E-07
0,98010,8.4345646E-07
0,98020,8.4281777E-07
0,98030,8.421796E-07
0,98040,8.4154186E-07
0,98050,8.409046E-07
0,98060,8.4026783E-07
0,98070,8.396316E-07
0,98080,8.389958E-07
0,98090,8.3836045E-07
0,98100,8.377256E-07
0,98110,8.370913E-07
0,98120,8.3645745E-07
0,98130,8.3582404E-07
0,98140,8.3519114E-07
0,98150,8.345587E-07
0,98160,8.339268E-07
0,98170,8.332953E-07
0,98180,8.326643E-07
0,98190,8.320338E-07
0,98200,8.314037E-07
0,98210,8.307742E-07
0,98220,8.301451E-07
0,98230,8.2951647E-07
0,98240,8.2888835E-07
0,98250,8.282607E-07
0,98260,8.276335E-07
0,98270,8.2700683E-07
0,98280,8.263806E-07
0,98290,8.257548E-07
0,98300,8.251295E-07
0,98310,8.2450475E-07
0,98320,8.238804E-07
0,98330,8.232565E-07
0,98340,8.226331E-07
0,98350,8.2201024E-07
0,98360,8.2138774E-07
0,98370,8.2076576E-07
0,98380,8.201443E-07
0,98390,8.195232E-07
0,98400,8.1890266E-07
0,98410,8.182826E-07
0,98420,8.1766296E-07
0,98430,8.170438E-07
0,98440,8.1642514E-07
0,98450,8.158069E-07
0,98460,8.1518914E-07
0,98470,8.145719E-07
0,98480,8.1395507E-07
0,98490,8.133387E-07
0,98500,8.127228E-07
0,98510,8.1210743E-07
0,98520,8.1149244E-07
0,98530,8.1087796E-07
0,98540,8.1026394E-07
0,98550,8.0965043E-07
0,98560,8.090373E-07
0,98570,8.084247E-07
0,98580,8.078125E-07
0,98590,8.072008E-07
0,98600,8.065896E-07
0,98610,8.059788E-07
0,98620,8.0536853E-07
0,98630,8.0475866E-07
0,98640,8.041493E-07
0,98650,8.035404E-07
0,98660,8.029319E-07
0,98670,8.023239E-07
0,98680,8.0171634E-07
0,98690,8.0110925E-07
0,98700,8.005027E-07
0,98710,7.998965E-07
0,98720,7.992908E-07
0,98730,7.9868556E-07
0,98740,7.9808075E-07
0,98750,7.9747645E-07
0,98760,7.9687254E-07
0,98770,7.9626915E-07
0,98780,7.956662E-07
0,98790,7.9506367E-07
0,98800,7.9446164E-07
0,98810,7.9386007E-07
0,98820,7.9325895E-07
0,98830,7.926583E-07
0,98840,7.92058E-07
0,98850,7.9145826E-07
0,98860,7.9085896E-07
0,98870,7.902601E-07
0,98880,7.8966167E-07
0,98890,7.8906373E-07
0,98900,7.8846625E-07
0,98910,7.8786917E-07
0,98920,7.872726E-07
0,98930,7.866764E-07
0,98940,7.8608076E-07
0,98950,7.854855E-07
0,98960,7.8489074E-07
0,98970,7.842964E-07
0,98980,7.837025E-07
0,98990,7.8310904E-07
0,99000,7.8251605E-07
0,99010,7.819235E-07
0,99020,7.8133144E-07
0,99030,7.807398E-07
0,99040,7.801486E-07
0,99050,7.7955787E-07
0,99060,7.7896755E-07
0,99070,7.783777E-07
0,99080,7.777883E-07
0,99090,7.771993E-07
0,99100,7.766108E-07
0,99110,7.760227E-07
0,99120,7.754351E-07
0,99130,7.7484793E-07
0,99140,7.742612E-07
0,99150,7.736749E-07
0,99160,7.73089E-07
0,99170,7.7250365E-07
0,99180,7.719187E-07
0,99190,7.7133416E-07
0,99200,7.707501E-07
0,99210,7.701665E-07
0,99220,7.6958327E-07
0,99230,7.690005E-07
0,99240,7.684182E-07
0,99250,7.6783635E-07
0,99260,7.672549E-07
0,99270,7.666739E-07
0,99280,7.6609336E-07
0,99290,7.655133E-07
0,99300,7.649336E-07
0,99310,7.643544E-07
0,99320,7.637756E-07
0,99330,7.6319725E-07
0,99340,7.626193E-07
0,99350,7.6204185E-07
0,99360,7.6146483E-07
0,99370,7.608882E-07
0,99380,7.6031205E-07
0,99390,7.5973634E-07
0,99400,7.59161E-07
0,99410,7.5858617E-07
0,99420,7.5801177E-07
0,99430,7.5743776E-07
0,99440,7.568642E-07
0,99450,7.562911E-07
0,99460,7.557184E-07
0,99470,7.551462E-07
0,99480,7.5457433E-07
0,99490,7.5400294E-07
0,99500,7.53432E-07
0,99510,7.5286147E-07
0,99520,7.522914E-07
0,99530,7.5172176E-07
0,99540,7.511525E-07
0,99550,7.5058375E-07
0,99560,7.500154E-07
0,99570,7.4944745E-07
0,99580,7.488799E-07
0,99590,7.4831286E-07
0,99600,7.4774624E-07
0,99610,7.4718E-07
0,99620,7.466142E-07
0,99630,7.460489E-07
0,99640,7.4548393E-07
0,99650,7.449194E-07
0,99660,7.4435536E-07
0,99670,7.437917E-07
0,99680,7.432285E-07
0,99690,7.426657E-07
0,99700,7.4210334E-07
0,99710,7.415414E-07
0,99720,7.409799E-07
0,99730,7.404188E-07
0,99740,7.3985814E-07
0,99750,7.392979E-07
0,99760,7.387381E-07
0,99770,7.381787E-07
0,99780,7.376197E-07
0,99790,7.3706116E-07
0,99800,7.3650307E-07
0,99810,7.359454E-07
0,99820,7.353881E-07
0,99830,7.3483125E-07
0,99840,7.342748E-07
0,99850,7.3371876E-07
0,99860,7.331632E-07
0,99870,7.32608E-07
0,99880,7.3205325E-07
0,99890,7.314989E-07
0,99900,7.3094503E-07
0,99910,7.3039155E-07
0,99920,7.2983846E-07
0,99930,7.2928583E-07
0,99940,7.287336E-07
0,99950,7.2818176E-07
0,99960,7.276304E-07
0,99970,7.270794E-07
0,99980,7.265288E-07
0,99990,7.259787E-07
0,100000,7.2542895E-07
0,100010,7.248796E-07
0,100020,7.2433073E-07
0,100030,7.2378225E-07
0,100040,7.2323417E-07
0,100050,7.2268654E-07
0,100060,7.221393E-07
0,100070,7.2159247E-07
0,100080,7.2104604E-07
0,100090,7.2050005E-07
0,100100,7.1995447E-07
0,100110,7.194093E-07
0,100120,7.1886456E-07
0,100130,7.183202E-07
0,100140,7.177763E-07
0,100150,7.1723275E-07
0,100160,7.1668967E-07
0,100170,7.1614693E-07
0,100180,7.1560464E-07
0,100190,7.150628E-07
0,100200,7.145213E-07
0,100210,7.139803E-07
0,100220,7.1343965E-07
0,100230,7.128994E-07
0,100240,7.1235957E-07
0,100250,7.118201E-07
0,100260,7.1128113E-07
0,100270,7.1074254E-07
0,100280,7.1020435E-07
0,100290,7.0966655E-07
0,100300,7.0912915E-07
0,100310,7.085922E-07
0,100320,7.0805567E-07
0,100330,7.0751946E-07
0,100340,7.069837E-07
0,100350,7.0644836E-07
0,100360,7.0591346E-07
0,100370,7.053789E-07
0,100380,7.0484475E-07
0,100390,7.0431105E-07
0,100400,7.0377774E-07
0,100410,7.0324484E-07
0,100420,7.0271227E-07
0,100430,7.0218016E-07
0,100440,7.0164845E-07
0,100450,7.011172E-07
0,100460,7.0058627E-07
0,100470,7.0005575E-07
0,100480,6.9952563E-07
0,100490,6.9899596E-07
0,100500,6.9846664E-07
0,100510,6.9793776E-07
0,100520,6.974093E-07
0,100530,6.9688116E-07
0,100540,6.963535E-07
0,100550,6.9582615E-07
0,100560,6.9529926E-07
0,100570,6.947728E-07
0,100580,6.942467E-07
0,100590,6.9372095E-07
0,100600,6.9319566E-07
0,100610,6.9267077E-07
0,100620,6.921463E-07
0,100630,6.916221E-07
0,100640,6.910984E-07
0,100650,6.905751E-07
0,100660,6.9005216E-07
0,100670,6.8952966E-07
0,100680,6.8900755E-07
0,100690,6.884858E-07
0,100700,6.879645E-07
0,100710,6.874435E-07
0,100720,6.86923E-07
0,100730,6.864028E-07
0,100740,6.8588304E-07
0,100750,6.8536366E-07
0,100760,6.848447E-07
0,100770,6.843261E-07
0,100780,6.838079E-07
0,100790,6.832901E-07
0,100800,6.8277274E-07
0,100810,6.822557E-07
0,100820,6.817391E-07
0,100830,6.8122284E-07
0,100840,6.8070705E-07
0,100850,6.801916E-07
0,100860,6.7967653E-07
0,100870,6.791618E-07
0,100880,6.7864755E-07
0,100890,6.781337E-07
0,100900,6.7762016E-07
0,100910,6.7710704E-07
0,100920,6.765943E-07
0,100930,6.76082E-07
0,100940,6.7557005E-07
0,100950,6.750585E-07
0,100960,6.745473E-07
0,100970,6.740365E-07
0,100980,6.7352613E-07
0,100990,6.7301613E-07
0,101000,6.725065E-07
0,101010,6.7199727E-07
0,101020,6.714884E-07
0,101030,6.7097994E-07
0,101040,6.704719E-07
0,101050,6.6996415E-07
0,101060,6.694568E-07
0,101070,6.689499E-07
0,101080,6.6844336E-07
0,101090,6.679372E-07
0,101100,6.6743144E-07
0,101110,6.6692604E-07
0,101120,6.66421E-07
0,101130,6.659164E-07
0,101140,6.6541213E-07
0,101150,6.6490827E-07
0,101160,6.6440475E-07
0,101170,6.639017E-07
0,101180,6.6339896E-07
0,101190,6.628966E-07
0,101200,6.6239465E-07
0,101210,6.6189307E-07
0,101220,6.613919E-07
0,101230,6.6089103E-07
0,101240,6.603906E-07
0,101250,6.5989053E-07
0,101260,6.593908E-07
0,101270,6.588915E-07
0,101280,6.583926E-07
0,101290,6.57894E-07
0,101300,6.5739584E-07
0,101310,6.5689807E-07
0,101320,6.5640063E-07
0,101330,6.559036E-07
0,101340,6.5540695E-07
0,101350,6.5491065E-07
0,101360,6.5441475E-07
0,101370,6.539192E-07
0,101380,6.53424E-07
0,101390,6.5292926E-07
0,101400,6.5243484E-07
0,101410,6.5194075E-07
0,101420,6.514471E-07
0,101430,6.5095384E-07
0,101440,6.504609E-07
0,101450,6.4996834E-07
0,101460,6.494762E-07
0,101470,6.489844E-07
0,101480,6.4849297E-07
0,101490,6.480019E-07
0,101500,6.4751123E-07
0,101510,6.470209E-07
0,101520,6.4653096E-07
0,101530,6.4604137E-07
0,101540,6.455522E-07
0,101550,6.450634E-07
0,101560,6.445749E-07
0,101570,6.440868E-07
0,101580,6.435991E-07
0,101590,6.431117E-07
0,101600,6.4262474E-07
0,101610,6.4213816E-07
0,101620,6.416519E-07
0,101630,6.41166E-07
0,101640,6.406805E-07
0,101650,6.4019537E-07
0,101660,6.397106E-07
0,101670,6.392262E-07
0,101680,6.3874216E-07
0,101690,6.382585E-07
0,101700,6.377752E-07
0,101710,6.3729226E-07
0,101720,6.3680966E-07
0,101730,6.3632746E-07
0,101740,6.358456E-07
0,101750,6.3536413E-07
0,101760,6.34883E-07
0,101770,6.344023E-07
0,101780,6.339219E-07
0,101790,6.3344186E-07
0,101800,6.329622E-07
0,101810,6.324829E-07
0,101820,6.3200395E-07
0,101830,6.315254E-07
0,101840,6.310472E-07
0,101850,6.3056933E-07
0,101860,6.3009185E-07
0,101870,6.2961476E-07
0,101880,6.2913796E-07
0,101890,6.286616E-07
0,101900,6.2818555E-07
0,101910,6.277099E-07
0,101920,6.2723456E-07
0,101930,6.267596E-07
0,101940,6.26285E-07
0,101950,6.2581074E-07
0,101960,6.253369E-07
0,101970,6.2486333E-07
0,101980,6.2439017E-07
0,101990,6.239174E-07
0,102000,6.234449E-07
0,102010,6.2297283E-07
0,102020,6.225011E-07
0,102030,6.2202975E-07
0,102040,6.2155874E-07
0,102050,6.210881E-07
0,102060,6.2061775E-07
0,102070,6.2014783E-07
0,102080,6.196782E-07
0,102090,6.19209E-07
0,102100,6.187401E-07
0,102110,6.1827154E-07
0,102120,6.178034E-07
0,102130,6.1733556E-07
0,102140,6.1686814E-07
0,102150,6.16401E-07
0,102160,6.1593425E-07
0,102170,6.1546785E-07
0,102180,6.150018E-07
0,102190,6.1453613E-07
0,102200,6.1407076E-07
0,102210,6.136058E-07
0,102220,6.1314114E-07
0,102230,6.1267684E-07
0,102240,6.122129E-07
0,102250,6.1174933E-07
0,102260,6.112861E-07
0,102270,6.1082324E-07
0,102280,6.103607E-07
0,102290,6.098985E-07
0,102300,6.0943665E-07
0,102310,6.089752E-07
0,102320,6.0851403E-07
0,102330,6.0805326E-07
0,102340,6.075928E-07
0,102350,6.0713273E-07
0,102360,6.0667304E-07
0,102370,6.0621363E-07
0,102380,6.0575456E-07
0,102390,6.052959E-07
0,102400,6.0483757E-07
0,102410,6.043795E-07
0,102420,6.039219E-07
0,102430,6.0346457E-07
0,102440,6.030076E-07
0,102450,6.0255104E-07
0,102460,6.0209476E-07
0,102470,6.016388E-07
0,102480,6.011833E-07
0,102490,6.00728E-07
0,102500,6.0027315E-07
0,102510,5.998186E-07
0,102520,5.993644E-07
0,102530,5.9891056E-07
0,102540,5.98457E-07
0,102550,5.9800385E-07
0,102560,5.9755104E-07
0,102570,5.9709856E-07
0,102580,5.9664643E-07
0,102590,5.9619464E-07
0,102600,5.957432E-07
0,102610,5.95292E-07
0,102620,5.9484125E-07
0,102630,5.943908E-07
0,102640,5.9394074E-07
0,102650,5.93491E-07
0,102660,5.930416E-07
0,102670,5.925925E-07
0,102680,5.921438E-07
0,102690,5.916954E-07
0,102700,5.912474E-07
0,102710,5.907997E-07
0,102720,5.903523E-07
0,102730,5.8990526E-07
0,102740,5.894586E-07
0,102750,5.8901225E-07
0,102760,5.885662E-07
0,102770,5.8812054E-07
0,102780,5.876752E-07
0,102790,5.872302E-07
0,102800,5.867855E-07
0,102810,5.863412E-07
0,102820,5.8589717E-07
0,102830,5.8545356E-07
0,102840,5.8501024E-07
0,102850,5.8456726E-07
0,102860,5.8412456E-07
0,102870,5.8368227E-07
0,102880,5.832403E-07
0,102890,5.8279863E-07
0,102900,5.8235736E-07
0,102910,5.8191637E-07
0,102920,5.814757E-07
0,102930,5.810354E-07
0,102940,5.8059544E-07
0,102950,5.801558E-07
0,102960,5.7971647E-07
0,102970,5.792775E-07
0,102980,5.7883886E-07
0,102990,5.7840055E-07
0,103000,5.7796257E-07
0,103010,5.7752493E-07
0,103020,5.770876E-07
0,103030,5.766506E-07
0,103040,5.7621395E-07
0,103050,5.757776E-07
0,103060,5.7534163E-07
0,103070,5.74906E-07
0,103080,5.744706E-07
0,103090,5.7403565E-07
0,103100,5.7360097E-07
0,103110,5.7316663E-07
0,103120,5.727326E-07
0,103130,5.722989E-07
0,103140,5.7186554E-07
0,103150,5.714325E-07
0,103160,5.709998E-07
0,103170,5.7056747E-07
0,103180,5.701354E-07
0,103190,5.697037E-07
0,103200,5.692723E-07
0,103210,5.688412E-07
0,103220,5.684105E-07
0,103230,5.6798007E-07
0,103240,5.6754993E-07
0,103250,5.671202E-07
0,103260,5.6669074E-07
0,103270,5.6626163E-07
0,103280,5.6583286E-07
0,103290,5.654044E-07
0,103300,5.6497623E-07
0,103310,5.6454843E-07
0,103320,5.6412097E-07
0,103330,5.636938E-07
0,103340,5.6326695E-07
0,103350,5.628404E-07
0,103360,5.6241424E-07
0,103370,5.619883E-07
0,103380,5.615628E-07
0,103390,5.6113754E-07
0,103400,5.6071264E-07
0,103410,5.602881E-07
0,103420,5.598638E-07
0,103430,5.5943985E-07
0,103440,5.5901626E-07
0,103450,5.5859294E-07
0,103460,5.5817E-07
0,103470,5.577473E-07
0,103480,5.5732494E-07
0,103490,5.5690293E-07
0,103500,5.564812E-07
0,103510,5.5605983E-07
0,103520,5.556388E-07
0,103530,5.5521804E-07
0,103540,5.547976E-07
0,103550,5.543775E-07
0,103560,5.539577E-07
0,103570,5.5353826E-07
0,103580,5.531191E-07
0,103590,5.5270027E-07
0,103600,5.5228173E-07
0,103610,5.5186354E-07
0,103620,5.514456E-07
0,103630,5.5102805E-07
0,103640,5.506108E-07
0,103650,5.501939E-07
0,103660,5.4977727E-07
0,103670,5.4936095E-07
0,103680,5.4894497E-07
0,103690,5.485293E-07
0,103700,5.481139E-07
0,103710,5.476989E-07
0,103720,5.472842E-07
0,103730,5.468697E-07
0,103740,5.464556E-07
0,103750,5.4604186E-07
0,103760,5.456284E-07
0,103770,5.452152E-07
0,103780,5.4480233E-07
0,103790,5.443898E-07
0,103800,5.439776E-07
0,103810,5.4356565E-07
0,103820,5.4315404E-07
0,103830,5.427428E-07
0,103840,5.423318E-07
0,103850,5.419211E-07
0,103860,5.4151076E-07
0,103870,5.4110075E-07
0,103880,5.4069096E-07
0,103890,5.402816E-07
0,103900,5.398724E-07
0,103910,5.3946366E-07
0,103920,5.390551E-07
0,103930,5.3864693E-07
0,103940,5.382391E-07
0,103950,5.378315E-07
0,103960,5.374242E-07
0,103970,5.370173E-07
0,103980,5.366106E-07
0,103990,5.362043E-07
0,104000,5.357983E-07
0,104010,5.353926E-07
0,104020,5.349872E-07
0,104030,5.3458206E-07
0,104040,5.341773E-07
0,104050,5.337728E-07
0,104060,5.3336856E-07
0,104070,5.329647E-07
0,104080,5.325611E-07
0,104090,5.3215786E-07
0,104100,5.317549E-07
0,104110,5.313522E-07
0,104120,5.309499E-07
0,104130,5.305478E-07
0,104140,5.3014605E-07
0,104150,5.297446E-07
0,104160,5.293435E-07
0,104170,5.289427E-07
0,104180,5.2854216E-07
0,104190,5.281419E-07
0,104200,5.27742E-07
0,104210,5.2734237E-07
0,104220,5.2694304E-07
0,104230,5.2654406E-07
0,104240,5.261453E-07
0,104250,5.257469E-07
0,104260,5.253488E-07
0,104270,5.2495096E-07
0,104280,5.2455346E-07
0,104290,5.241563E-07
0,104300,5.2375935E-07
0,104310,5.2336276E-07
0,104320,5.2296645E-07
0,104330,5.225705E-07
0,104340,5.2217473E-07
0,104350,5.217793E-07
0,104360,5.2138427E-07
0,104370,5.2098943E-07
0,104380,5.2059494E-07
0,104390,5.2020073E-07
0,104400,5.198068E-07
0,104410,5.194132E-07
0,104420,5.1901986E-07
0,104430,5.1862685E-07
0,104440,5.182342E-07
0,104450,5.178417E-07
0,104460,5.174496E-07
0,104470,5.170578E-07
0,104480,5.1666626E-07
0,104490,5.16275E-07
0,104500,5.158841E-07
0,104510,5.1549347E-07
0,104520,5.151031E-07
0,104530,5.1471307E-07
0,104540,5.143233E-07
0,104550,5.1393386E-07
0,104560,5.1354465E-07
0,104570,5.131558E-07
0,104580,5.127672E-07
0,104590,5.1237896E-07
0,104600,5.1199095E-07
0,104610,5.116033E-07
0,104620,5.112159E-07
0,104630,5.108288E-07
0,104640,5.1044196E-07
0,104650,5.1005543E-07
0,104660,5.096692E-07
0,104670,5.0928327E-07
0,104680,5.0889764E-07
0,104690,5.0851224E-07
0,104700,5.081272E-07
0,104710,5.0774247E-07
0,104720,5.07358E-07
0,104730,5.069738E-07
0,104740,5.065899E-07
0,104750,5.062063E-07
0,104760,5.05823E-07
0,104770,5.0543997E-07
0,104780,5.0505724E-07
0,104790,5.046748E-07
0,104800,5.0429264E-07
0,104810,5.0391077E-07
0,104820,5.035292E-07
0,104830,5.031479E-07
0,104840,5.027669E-07
0,104850,5.023862E-07
0,104860,5.020058E-07
0,104870,5.0162566E-07
0,104880,5.012458E-07
0,104890,5.0086624E-07
0,104900,5.00487E-07
0,104910,5.00108E-07
0,104920,4.997293E-07
0,104930,4.993509E-07
0,104940,4.989728E-07
0,104950,4.9859494E-07
0,104960,4.982174E-07
0,104970,4.978401E-07
0,104980,4.9746313E-07
0,104990,4.9708643E-07
0,105000,4.9671E-07
0,105010,4.9633394E-07
0,105020,4.959581E-07
0,105030,4.955825E-07
0,105040,4.9520725E-07
0,105050,4.9483225E-07
0,105060,4.944576E-07
0,105070,4.9408317E-07
0,105080,4.93709E-07
0,105090,4.9333516E-07
0,105100,4.929616E-07
0,105110,4.925883E-07
0,105120,4.9221535E-07
0,105130,4.918426E-07
0,105140,4.914702E-07
0,105150,4.9109804E-07
0,105160,4.9072617E-07
0,105170,4.903545E-07
0,105180,4.899832E-07
0,105190,4.896122E-07
0,105200,4.892415E-07
0,105210,4.88871E-07
0,105220,4.885008E-07
0,105230,4.881309E-07
0,105240,4.8776127E-07
0,105250,4.8739196E-07
0,105260,4.870229E-07
0,105270,4.866541E-07
0,105280,4.8628556E-07
0,105290,4.859173E-07
0,105300,4.855494E-07
0,105310,4.851817E-07
0,105320,4.8481434E-07
0,105330,4.8444724E-07
0,105340,4.840804E-07
0,105350,4.8371385E-07
0,105360,4.8334755E-07
0,105370,4.8298153E-07
0,105380,4.826158E-07
0,105390,4.8225036E-07
0,105400,4.818852E-07
0,105410,4.815203E-07
0,105420,4.8115567E-07
0,105430,4.8079136E-07
0,105440,4.804273E-07
0,105450,4.800635E-07
0,105460,4.7969996E-07
0,105470,4.7933673E-07
0,105480,4.7897373E-07
0,105490,4.7861107E-07
0,105500,4.7824864E-07
0,105510,4.778865E-07
0,105520,4.775246E-07
0,105530,4.7716304E-07
0,105540,4.7680172E-07
0,105550,4.7644068E-07
0,105560,4.760799E-07
0,105570,4.757194E-07
0,105580,4.7535917E-07
0,105590,4.749992E-07
0,105600,4.7463953E-07
0,105610,4.742801E-07
0,105620,4.7392098E-07
0,105630,4.7356212E-07
0,105640,4.7320353E-07
0,105650,4.728452E-07
0,105660,4.7248716E-07
0,105670,4.7212936E-07
0,105680,4.7177187E-07
0,105690,4.714146E-07
0,105700,4.7105766E-07
0,105710,4.7070097E-07
0,105720,4.7034453E-07
0,105730,4.6998838E-07
0,105740,4.6963248E-07
0,105750,4.6927687E-07
0,105760,4.689215E-07
0,105770,4.6856644E-07
0,105780,4.6821162E-07
0,105790,4.678571E-07
0,105800,4.6750282E-07
0,105810,4.671488E-07
0,105820,4.6679506E-07
0,105830,4.664416E-07
0,105840,4.660884E-07
0,105850,4.6573547E-07
0,105860,4.6538278E-07
0,105870,4.6503038E-07
0,105880,4.6467827E-07
0,105890,4.643264E-07
0,105900,4.639748E-07
0,105910,4.6362345E-07
0,105920,4.6327239E-07
0,105930,4.6292158E-07
0,105940,4.6257105E-07
0,105950,4.6222078E-07
0,105960,4.6187077E-07
0,105970,4.6152104E-07
0,105980,4.6117157E-07
0,105990,4.6082235E-07
0,106000,4.604734E-07
0,106010,4.601247E-07
0,106020,4.597763E-07
0,106030,4.5942815E-07
0,106040,4.5908024E-07
0,106050,4.5873261E-07
0,106060,4.5838527E-07
0,106070,4.5803816E-07
0,106080,4.5769133E-07
0,106090,4.5734475E-07
0,106100,4.5699844E-07
0,106110,4.5665237E-07
0,106120,4.563066E-07
0,106130,4.5596107E-07
0,106140,4.556158E-07
0,106150,4.552708E-07
0,106160,4.5492604E-07
0,106170,4.5458157E-07
0,106180,4.5423735E-07
0,106190,4.538934E-07
0,106200,4.535497E-07
0,106210,4.5320624E-07
0,106220,4.5286308E-07
0,106230,4.5252014E-07
0,106240,4.521775E-07
0,106250,4.518351E-07
0,106260,4.5149295E-07
0,106270,4.5115107E-07
0,106280,4.5080944E-07
0,106290,4.5046806E-07
0,106300,4.5012698E-07
0,106310,4.497861E-07
0,106320,4.4944554E-07
0,106330,4.491052E-07
0,106340,4.4876512E-07
0,106350,4.484253E-07
0,106360,4.4808576E-07
0,106370,4.4774643E-07
0,106380,4.474074E-07
0,106390,4.470686E-07
0,106400,4.4673007E-07
0,106410,4.463918E-07
0,106420,4.4605378E-07
0,106430,4.45716E-07
0,106440,4.453785E-07
0,106450,4.4504125E-07
0,106460,4.4470426E-07
0,106470,4.4436752E-07
0,106480,4.4403103E-07
0,106490,4.436948E-07
0,106500,4.4335883E-07
0,106510,4.430231E-07
0,106520,4.4268762E-07
0,106530,4.4235242E-07
0,106540,4.4201747E-07
0,106550,4.4168274E-07
0,106560,4.413483E-07
0,106570,4.410141E-07
0,106580,4.4068014E-07
0,106590,4.4034644E-07
0,106600,4.40013E-07
0,106610,4.396798E-07
0,106620,4.3934688E-07
0,106630,4.390142E-07
0,106640,4.3868175E-07
0,106650,4.383496E-07
0,106660,4.3801765E-07
0,106670,4.3768597E-07
0,106680,4.3735454E-07
0,106690,4.3702337E-07
0,106700,4.3669243E-07
0,106710,4.3636177E-07
0,106720,4.3603134E-07
0,106730,4.3570117E-07
0,106740,4.3537125E-07
0,106750,4.3504156E-07
0,106760,4.3471215E-07
0,106770,4.3438297E-07
0,106780,4.3405404E-07
0,106790,4.3372538E-07
0,106800,4.3339693E-07
0,106810,4.3306875E-07
0,106820,4.3274082E-07
0,106830,4.3241315E-07
0,106840,4.320857E-07
0,106850,4.317585E-07
0,106860,4.3143157E-07
0,106870,4.311049E-07
0,106880,4.3077844E-07
0,106890,4.3045225E-07
0,106900,4.301263E-07
0,106910,4.298006E-07
0,106920,4.2947514E-07
0,106930,4.2914994E-07
0,106940,4.2882496E-07
0,106950,4.2850024E-07
0,106960,4.2817578E-07
0,106970,4.2785155E-07
0,106980,4.2752757E-07
0,106990,4.2720384E-07
0,107000,4.2688035E-07
0,107010,4.265571E-07
0,107020,4.262341E-07
0,107030,4.2591134E-07
0,107040,4.2558884E-07
0,107050,4.2526656E-07
0,107060,4.2494455E-07
0,107070,4.2462275E-07
0,107080,4.2430122E-07
0,107090,4.2397994E-07
0,107100,4.236589E-07
0,107110,4.233381E-07
0,107120,4.2301753E-07
0,107130,4.226972E-07
0,107140,4.2237713E-07
0,107150,4.220573E-07
0,107160,4.217377E-07
0,107170,4.2141835E-07
0,107180,4.2109923E-07
0,107190,4.2078037E-07
0,107200,4.2046173E-07
0,107210,4.2014335E-07
0,107220,4.198252E-07
0,107230,4.195073E-07
0,107240,4.1918963E-07
0,107250,4.1887222E-07
0,107260,4.1855503E-07
0,107270,4.182381E-07
0,107280,4.179214E-07
0,107290,4.1760495E-07
0,107300,4.1728873E-07
0,107310,4.1697274E-07
0,107320,4.16657E-07
0,107330,4.163415E-07
0,107340,4.160262E-07
0,107350,4.157112E-07
0,107360,4.153964E-07
0,107370,4.1508187E-07
0,107380,4.1476756E-07
0,107390,4.1445347E-07
0,107400,4.1413963E-07
0,107410,4.1382606E-07
0,107420,4.1351268E-07
0,107430,4.1319956E-07
0,107440,4.1288666E-07
0,107450,4.1257402E-07
0,107460,4.122616E-07
0,107470,4.1194943E-07
0,107480,4.116375E-07
0,107490,4.113258E-07
0,107500,4.1101433E-07
0,107510,4.107031E-07
0,107520,4.1039212E-07
0,107530,4.1008136E-07
0,107540,4.0977082E-07
0,107550,4.0946054E-07
0,107560,4.091505E-07
0,107570,4.0884066E-07
0,107580,4.0853106E-07
0,107590,4.0822172E-07
0,107600,4.079126E-07
0,107610,4.0760372E-07
0,107620,4.0729506E-07
0,107630,4.0698666E-07
0,107640,4.0667848E-07
0,107650,4.0637053E-07
0,107660,4.060628E-07
0,107670,4.0575534E-07
0,107680,4.0544808E-07
0,107690,4.0514107E-07
0,107700,4.0483428E-07
0,107710,4.0452773E-07
0,107720,4.0422142E-07
0,107730,4.0391532E-07
0,107740,4.0360948E-07
0,107750,4.0330386E-07
0,107760,4.0299847E-07
0,107770,4.026933E-07
0,107780,4.0238837E-07
0,107790,4.0208366E-07
0,107800,4.017792E-07
0,107810,4.0147495E-07
0,107820,4.0117095E-07
0,107830,4.0086718E-07
0,107840,4.0056364E-07
0,107850,4.0026032E-07
0,107860,3.9995723E-07
0,107870,3.9965437E-07
0,107880,3.9935173E-07
0,107890,3.9904933E-07
0,107900,3.9874718E-07
0,107910,3.9844522E-07
0,107920,3.981435E-07
0,107930,3.9784203E-07
0,107940,3.9754076E-07
0,107950,3.9723975E-07
0,107960,3.9693893E-07
0,107970,3.9663837E-07
0,107980,3.9633804E-07
0,107990,3.960379E-07
0,108000,3.9573803E-07
0,108010,3.9543835E-07
0,108020,3.9513893E-07
0,108030,3.948397E-07
0,108040,3.9454073E-07
0,108050,3.9424197E-07
0,108060,3.9394342E-07
0,108070,3.9364514E-07
0,108080,3.9334705E-07
0,108090,3.930492E-07
0,108100,3.9275156E-07
0,108110,3.9245418E-07
0,108120,3.92157E-07
0,108130,3.9186006E-07
0,108140,3.915633E-07
0,108150,3.912668E-07
0,108160,3.9097054E-07
0,108170,3.9067447E-07
0,108180,3.9037866E-07
0,108190,3.9008304E-07
0,108200,3.8978766E-07
0,108210,3.894925E-07
0,108220,3.8919757E-07
0,108230,3.8890286E-07
0,108240,3.8860838E-07
0,108250,3.883141E-07
0,108260,3.8802008E-07
0,108270,3.8772626E-07
0,108280,3.8743266E-07
0,108290,3.871393E-07
0,108300,3.8684612E-07
0,108310,3.865532E-07
0,108320,3.862605E-07
0,108330,3.85968E-07
0,108340,3.8567575E-07
0,108350,3.853837E-07
0,108360,3.8509188E-07
0,108370,3.8480027E-07
0,108380,3.845089E-07
0,108390,3.8421774E-07
0,108400,3.839268E-07
0,108410,3.8363606E-07
0,108420,3.8334557E-07
0,108430,3.830553E-07
0,108440,3.8276522E-07
0,108450,3.8247538E-07
0,108460,3.8218576E-07
0,108470,3.8189637E-07
0,108480,3.8160718E-07
0,108490,3.8131822E-07
0,108500,3.8102948E-07
0,108510,3.8074094E-07
0,108520,3.8045266E-07
0,108530,3.8016455E-07
0,108540,3.798767E-07
0,108550,3.7958904E-07
0,108560,3.793016E-07
0,108570,3.7901438E-07
0,108580,3.7872738E-07
0,108590,3.784406E-07
0,108600,3.7815403E-07
0,108610,3.7786768E-07
0,108620,3.7758156E-07
0,108630,3.7729563E-07
0,108640,3.7700994E-07
0,108650,3.7672447E-07
0,108660,3.764392E-07
0,108670,3.7615413E-07
0,108680,3.7586932E-07
0,108690,3.755847E-07
0,108700,3.753003E-07
0,108710,3.750161E-07
0,108720,3.7473214E-07
0,108730,3.7444838E-07
0,108740,3.7416484E-07
0,108750,3.738815E-07
0,108760,3.735984E-07
0,108770,3.733155E-07
0,108780,3.730328E-07
0,108790,3.7275035E-07
0,108800,3.724681E-07
0,108810,3.7218604E-07
0,108820,3.719042E-07
0,108830,3.716226E-07
0,108840,3.713412E-07
0,108850,3.7106E-07
0,108860,3.7077902E-07
0,108870,3.7049827E-07
0,108880,3.7021772E-07
0,108890,3.6993737E-07
0,108900,3.6965724E-07
0,108910,3.6937732E-07
0,108920,3.6909762E-07
0,108930,3.6881815E-07
0,108940,3.6853885E-07
0,108950,3.682598E-07
0,108960,3.6798093E-07
0,108970,3.6770228E-07
0,108980,3.6742387E-07
0,108990,3.6714565E-07
0,109000,3.6686762E-07
0,109010,3.6658983E-07
0,109020,3.6631224E-07
0,109030,3.6603484E-07
0,109040,3.6575767E-07
0,109050,3.654807E-07
0,109060,3.6520396E-07
0,109070,3.6492742E-07
0,109080,3.646511E-07
0,109090,3.6437496E-07
0,109100,3.6409904E-07
0,109110,3.6382335E-07
0,109120,3.6354785E-07
0,109130,3.6327256E-07
0,109140,3.6299747E-07
0,109150,3.627226E-07
0,109160,3.6244793E-07
0,109170,3.621735E-07
0,109180,3.6189925E-07
0,109190,3.616252E-07
0,109200,3.6135137E-07
0,109210,3.6107775E-07
0,109220,3.6080434E-07
0,109230,3.6053112E-07
0,109240,3.6025813E-07
0,109250,3.599853E-07
0,109260,3.5971271E-07
0,109270,3.5944035E-07
0,109280,3.5916815E-07
0,109290,3.588962E-07
0,109300,3.5862442E-07
0,109310,3.5835288E-07
0,109320,3.580815E-07
0,109330,3.5781036E-07
0,109340,3.5753942E-07
0,109350,3.5726868E-07
0,109360,3.5699816E-07
0,109370,3.567278E-07
0,109380,3.564577E-07
0,109390,3.5618777E-07
0,109400,3.5591808E-07
0,109410,3.5564855E-07
0,109420,3.5537926E-07
0,109430,3.5511013E-07
0,109440,3.5484123E-07
0,109450,3.5457256E-07
0,109460,3.5430406E-07
0,109470,3.5403576E-07
0,109480,3.537677E-07
0,109490,3.5349981E-07
0,109500,3.532321E-07
0,109510,3.5296463E-07
0,109520,3.5269738E-07
0,109530,3.524303E-07
0,109540,3.5216343E-07
0,109550,3.5189677E-07
0,109560,3.516303E-07
0,109570,3.5136404E-07
0,109580,3.5109798E-07
0,109590,3.5083212E-07
0,109600,3.5056644E-07
0,109610,3.5030098E-07
0,109620,3.5003575E-07
0,109630,3.497707E-07
0,109640,3.4950583E-07
0,109650,3.4924116E-07
0,109660,3.4897673E-07
0,109670,3.4871246E-07
0,109680,3.484484E-07
0,109690,3.4818456E-07
0,109700,3.479209E-07
0,109710,3.4765745E-07
0,109720,3.4739418E-07
0,109730,3.4713113E-07
0,109740,3.4686826E-07
0,109750,3.4660562E-07
0,109760,3.4634314E-07
0,109770,3.460809E-07
0,109780,3.4581885E-07
0,109790,3.4555697E-07
0,109800,3.4529532E-07
0,109810,3.4503384E-07
0,109820,3.4477256E-07
0,109830,3.445115E-07
0,109840,3.4425062E-07
0,109850,3.4398994E-07
0,109860,3.4372948E-07
0,109870,3.434692E-07
0,109880,3.432091E-07
0,109890,3.4294922E-07
0,109900,3.4268953E-07
0,109910,3.4243004E-07
0,109920,3.4217075E-07
0,109930,3.4191163E-07
0,109940,3.4165274E-07
0,109950,3.41394E-07
0,109960,3.4113552E-07
0,109970,3.408772E-07
0,109980,3.4061907E-07
0,109990,3.4036114E-07
0,110000,3.401034E-07
0,110010,3.3984588E-07
0,110020,3.3958855E-07
0,110030,3.393314E-07
0,110040,3.3907443E-07
0,110050,3.388177E-07
0,110060,3.3856114E-07
0,110070,3.3830477E-07
0,110080,3.3804858E-07
0,110090,3.377926E-07
0,110100,3.3753682E-07
0,110110,3.3728122E-07
0,110120,3.3702582E-07
0,110130,3.3677063E-07
0,110140,3.3651563E-07
0,110150,3.362608E-07
0,110160,3.3600617E-07
0,110170,3.3575174E-07
0,110180,3.354975E-07
0,110190,3.3524344E-07
0,110200,3.349896E-07
0,110210,3.3473594E-07
0,110220,3.3448245E-07
0,110230,3.3422918E-07
0,110240,3.339761E-07
0,110250,3.337232E-07
0,110260,3.334705E-07
0,110270,3.33218E-07
0,110280,3.3296567E-07
0,110290,3.3271354E-07
0,110300,3.3246158E-07
0,110310,3.3220985E-07
0,110320,3.319583E-07
0,110330,3.3170693E-07
0,110340,3.3145574E-07
0,110350,3.3120475E-07
0,110360,3.3095395E-07
0,110370,3.3070336E-07
0,110380,3.3045293E-07
0,110390,3.302027E-07
0,110400,3.2995266E-07
0,110410,3.2970283E-07
0,110420,3.2945314E-07
0,110430,3.292037E-07
0,110440,3.289544E-07
0,110450,3.287053E-07
0,110460,3.284564E-07
0,110470,3.282077E-07
0,110480,3.2795916E-07
0,110490,3.2771084E-07
0,110500,3.274627E-07
0,110510,3.272147E-07
0,110520,3.2696693E-07
0,110530,3.2671934E-07
0,110540,3.2647193E-07
0,110550,3.2622472E-07
0,110560,3.259777E-07
0,110570,3.2573087E-07
0,110580,3.2548422E-07
0,110590,3.2523775E-07
0,110600,3.2499148E-07
0,110610,3.2474537E-07
0,110620,3.2449947E-07
0,110630,3.2425376E-07
0,110640,3.2400823E-07
0,110650,3.2376286E-07
0,110660,3.2351772E-07
0,110670,3.2327273E-07
0,110680,3.2302793E-07
0,110690,3.2278334E-07
0,110700,3.225389E-07
0,110710,3.2229468E-07
0,110720,3.2205062E-07
0,110730,3.2180677E-07
0,110740,3.2156308E-07
0,110750,3.213196E-07
0,110760,3.2107627E-07
0,110770,3.2083315E-07
0,110780,3.205902E-07
0,110790,3.2034745E-07
0,110800,3.2010487E-07
0,110810,3.198625E-07
0,110820,3.1962028E-07
0,110830,3.1937824E-07
0,110840,3.191364E-07
0,110850,3.1889473E-07
0,110860,3.1865326E-07
0,110870,3.18412E-07
0,110880,3.1817086E-07
0,110890,3.1792993E-07
0,110900,3.176892E-07
0,110910,3.1744864E-07
0,110920,3.1720825E-07
0,110930,3.1696806E-07
0,110940,3.1672803E-07
0,110950,3.164882E-07
0,110960,3.1624856E-07
0,110970,3.1600908E-07
0,110980,3.157698E-07
0,110990,3.1553068E-07
0,111000,3.1529174E-07
0,111010,3.15053E-07
0,111020,3.1481443E-07
0,111030,3.1457606E-07
0,111040,3.1433785E-07
0,111050,3.1409982E-07
0,111060,3.13862E-07
0,111070,3.136243E-07
0,111080,3.1338683E-07
0,111090,3.131495E-07
0,111100,3.129124E-07
0,111110,3.1267544E-07
0,111120,3.124387E-07
0,111130,3.122021E-07
0,111140,3.119657E-07
0,111150,3.1172945E-07
0,111160,3.114934E-07
0,111170,3.1125754E-07
0,111180,3.1102184E-07
0,111190,3.1078633E-07
0,111200,3.10551E-07
0,111210,3.1031584E-07
0,111220,3.1008085E-07
0,111230,3.0984606E-07
0,111240,3.0961144E-07
0,111250,3.09377E-07
0,111260,3.0914273E-07
0,111270,3.0890862E-07
0,111280,3.0867471E-07
0,111290,3.0844097E-07
0,111300,3.0820743E-07
0,111310,3.0797403E-07
0,111320,3.0774083E-07
0,111330,3.075078E-07
0,111340,3.0727495E-07
0,111350,3.0704228E-07
0,111360,3.0680977E-07
0,111370,3.0657745E-07
0,111380,3.063453E-07
0,111390,3.0611332E-07
0,111400,3.0588154E-07
0,111410,3.056499E-07
0,111420,3.0541847E-07
0,111430,3.051872E-07
0,111440,3.049561E-07
0,111450,3.0472518E-07
0,111460,3.0449442E-07
0,111470,3.0426386E-07
0,111480,3.0403345E-07
0,111490,3.0380323E-07
0,111500,3.035732E-07
0,111510,3.033433E-07
0,111520,3.031136E-07
0,111530,3.028841E-07
0,111540,3.0265474E-07
0,111550,3.0242555E-07
0,111560,3.0219655E-07
0,111570,3.0196773E-07
0,111580,3.0173908E-07
0,111590,3.015106E-07
0,111600,3.0128228E-07
0,111610,3.0105414E-07
0,111620,3.0082617E-07
0,111630,3.0059837E-07
0,111640,3.0037074E-07
0,111650,3.001433E-07
0,111660,2.9991602E-07
0,111670,2.9968894E-07
0,111680,2.99462E-07
0,111690,2.9923524E-07
0,111700,2.9900863E-07
0,111710,2.9878223E-07
0,111720,2.98556E-07
0,111730,2.983299E-07
0,111740,2.98104E-07
0,111750,2.9787827E-07
0,111760,2.9765272E-07
0,111770,2.974273E-07
0,111780,2.972021E-07
0,111790,2.9697705E-07
0,111800,2.9675218E-07
0,111810,2.9652745E-07
0,111820,2.9630291E-07
0,111830,2.9607855E-07
0,111840,2.9585436E-07
0,111850,2.9563031E-07
0,111860,2.9540647E-07
0,111870,2.951828E-07
0,111880,2.9495925E-07
0,111890,2.947359E-07
0,111900,2.9451272E-07
0,111910,2.9428972E-07
0,111920,2.9406687E-07
0,111930,2.9384418E-07
0,111940,2.936217E-07
0,111950,2.9339935E-07
0,111960,2.9317718E-07
0,111970,2.9295518E-07
0,111980,2.9273335E-07
0,111990,2.925117E-07
0,112000,2.9229017E-07
0,112010,2.9206885E-07
0,112020,2.918477E-07
0,112030,2.916267E-07
0,112040,2.9140585E-07
0,112050,2.9118522E-07
0,112060,2.9096472E-07
0,112070,2.907444E-07
0,112080,2.905242E-07
0,112090,2.9030423E-07
0,112100,2.9008442E-07
0,112110,2.8986474E-07
0,112120,2.8964524E-07
0,112130,2.894259E-07
0,112140,2.8920675E-07
0,112150,2.8898776E-07
0,112160,2.8876894E-07
0,112170,2.8855027E-07
0,112180,2.883318E-07
0,112190,2.8811345E-07
0,112200,2.878953E-07
0,112210,2.8767727E-07
0,112220,2.8745944E-07
0,112230,2.8724176E-07
0,112240,2.8702425E-07
0,112250,2.868069E-07
0,112260,2.8658974E-07
0,112270,2.8637274E-07
0,112280,2.8615588E-07
0,112290,2.859392E-07
0,112300,2.8572268E-07
0,112310,2.855063E-07
0,112320,2.8529013E-07
0,112330,2.850741E-07
0,112340,2.8485823E-07
0,112350,2.8464254E-07
0,112360,2.84427E-07
0,112370,2.842116E-07
0,112380,2.839964E-07
0,112390,2.8378136E-07
0,112400,2.8356646E-07
0,112410,2.8335174E-07
0,112420,2.8313718E-07
0,112430,2.8292277E-07
0,112440,2.8270856E-07
0,112450,2.8249445E-07
0,112460,2.8228055E-07
0,112470,2.820668E-07
0,112480,2.818532E-07
0,112490,2.8163979E-07
0,112500,2.8142654E-07
0,112510,2.8121343E-07
0,112520,2.8100047E-07
0,112530,2.807877E-07
0,112540,2.8057508E-07
0,112550,2.8036263E-07
0,112560,2.8015032E-07
0,112570,2.7993818E-07
0,112580,2.797262E-07
0,112590,2.7951438E-07
0,112600,2.7930272E-07
0,112610,2.7909124E-07
0,112620,2.788799E-07
0,112630,2.7866872E-07
0,112640,2.7845772E-07
0,112650,2.7824686E-07
0,112660,2.7803617E-07
0,112670,2.7782562E-07
0,112680,2.7761524E-07
0,112690,2.7740504E-07
0,112700,2.7719497E-07
0,112710,2.7698508E-07
0,112720,2.7677532E-07
0,112730,2.7656574E-07
0,112740,2.7635633E-07
0,112750,2.7614706E-07
0,112760,2.7593796E-07
0,112770,2.75729E-07
0,112780,2.7552022E-07
0,112790,2.7531158E-07
0,112800,2.751031E-07
0,112810,2.748948E-07
0,112820,2.7468664E-07
0,112830,2.7447865E-07
0,112840,2.742708E-07
0,112850,2.7406313E-07
0,112860,2.738556E-07
0,112870,2.7364823E-07
0,112880,2.73441E-07
0,112890,2.7323395E-07
0,112900,2.7302704E-07
0,112910,2.728203E-07
0,112920,2.726137E-07
0,112930,2.7240728E-07
0,112940,2.7220102E-07
0,112950,2.719949E-07
0,112960,2.7178893E-07
0,112970,2.7158313E-07
0,112980,2.7137747E-07
0,112990,2.7117198E-07
0,113000,2.7096664E-07
0,113010,2.7076146E-07
0,113020,2.7055643E-07
0,113030,2.7035156E-07
0,113040,2.7014684E-07
0,113050,2.699423E-07
0,113060,2.6973788E-07
0,113070,2.6953361E-07
0,113080,2.6932952E-07
0,113090,2.691256E-07
0,113100,2.6892178E-07
0,113110,2.6871817E-07
0,113120,2.6851467E-07
0,113130,2.6831134E-07
0,113140,2.6810818E-07
0,113150,2.6790516E-07
0,113160,2.677023E-07
0,113170,2.674996E-07
0,113180,2.6729703E-07
0,113190,2.670946E-07
0,113200,2.6689236E-07
0,113210,2.6669028E-07
0,113220,2.664883E-07
0,113230,2.6628652E-07
0,113240,2.660849E-07
0,113250,2.6588341E-07
0,113260,2.6568208E-07
0,113270,2.654809E-07
0,113280,2.6527985E-07
0,113290,2.65079E-07
0,113300,2.6487825E-07
0,113310,2.6467768E-07
0,113320,2.6447728E-07
0,113330,2.64277E-07
0,113340,2.6407687E-07
0,113350,2.6387693E-07
0,113360,2.636771E-07
0,113370,2.6347743E-07
0,113380,2.632779E-07
0,113390,2.6307856E-07
0,113400,2.6287935E-07
0,113410,2.626803E-07
0,113420,2.624814E-07
0,113430,2.6228264E-07
0,113440,2.6208403E-07
0,113450,2.6188556E-07
0,113460,2.6168726E-07
0,113470,2.614891E-07
0,113480,2.612911E-07
0,113490,2.6109325E-07
0,113500,2.6089552E-07
0,113510,2.60698E-07
0,113520,2.6050057E-07
0,113530,2.603033E-07
0,113540,2.601062E-07
0,113550,2.5990923E-07
0,113560,2.5971244E-07
0,113570,2.5951576E-07
0,113580,2.5931925E-07
0,113590,2.5912288E-07
0,113600,2.589267E-07
0,113610,2.587306E-07
0,113620,2.585347E-07
0,113630,2.5833893E-07
0,113640,2.581433E-07
0,113650,2.5794782E-07
0,113660,2.577525E-07
0,113670,2.5755733E-07
0,113680,2.573623E-07
0,113690,2.5716741E-07
0,113700,2.569727E-07
0,113710,2.567781E-07
0,113720,2.5658366E-07
0,113730,2.5638937E-07
0,113740,2.5619522E-07
0,113750,2.5600121E-07
0,113760,2.5580738E-07
0,113770,2.5561366E-07
0,113780,2.554201E-07
0,113790,2.552267E-07
0,113800,2.5503343E-07
0,113810,2.5484033E-07
0,113820,2.5464735E-07
0,113830,2.5445453E-07
0,113840,2.5426183E-07
0,113850,2.540693E-07
0,113860,2.5387692E-07
0,113870,2.5368468E-07
0,113880,2.5349257E-07
0,113890,2.5330064E-07
0,113900,2.5310882E-07
0,113910,2.5291718E-07
0,113920,2.5272564E-07
0,113930,2.5253428E-07
0,113940,2.5234306E-07
0,113950,2.5215198E-07
0,113960,2.5196104E-07
0,113970,2.5177025E-07
0,113980,2.515796E-07
0,113990,2.5138908E-07
0,114000,2.5119874E-07
0,114010,2.5100852E-07
0,114020,2.5081846E-07
0,114030,2.5062852E-07
0,114040,2.5043875E-07
0,114050,2.502491E-07
0,114060,2.500596E-07
0,114070,2.4987025E-07
0,114080,2.4968105E-07
0,114090,2.49492E-07
0,114100,2.4930307E-07
0,114110,2.491143E-07
0,114120,2.4892563E-07
0,114130,2.4873714E-07
0,114140,2.485488E-07
0,114150,2.483606E-07
0,114160,2.4817254E-07
0,114170,2.4798462E-07
0,114180,2.4779683E-07
0,114190,2.476092E-07
0,114200,2.474217E-07
0,114210,2.4723434E-07
0,114220,2.4704713E-07
0,114230,2.4686005E-07
0,114240,2.4667312E-07
0,114250,2.4648634E-07
0,114260,2.462997E-07
0,114270,2.461132E-07
0,114280,2.4592683E-07
0,114290,2.457406E-07
0,114300,2.4555453E-07
0,114310,2.4536857E-07
0,114320,2.4518278E-07
0,114330,2.4499712E-07
0,114340,2.448116E-07
0,114350,2.4462622E-07
0,114360,2.44441E-07
0,114370,2.442559E-07
0,114380,2.4407092E-07
0,114390,2.4388612E-07
0,114400,2.4370144E-07
0,114410,2.435169E-07
0,114420,2.433325E-07
0,114430,2.4314824E-07
0,114440,2.4296412E-07
0,114450,2.4278015E-07
0,114460,2.4259631E-07
0,114470,2.424126E-07
0,114480,2.4222905E-07
0,114490,2.4204562E-07
0,114500,2.4186235E-07
0,114510,2.416792E-07
0,114520,2.414962E-07
0,114530,2.4131333E-07
0,114540,2.411306E-07
0,114550,2.40948E-07
0,114560,2.4076556E-07
0,114570,2.4058323E-07
0,114580,2.4040105E-07
0,114590,2.4021904E-07
0,114600,2.400371E-07
0,114610,2.3985535E-07
0,114620,2.3967374E-07
0,114630,2.3949224E-07
0,114640,2.393109E-07
0,114650,2.391297E-07
0,114660,2.3894862E-07
0,114670,2.3876768E-07
0,114680,2.3858686E-07
0,114690,2.384062E-07
0,114700,2.3822568E-07
0,114710,2.3804529E-07
0,114720,2.3786504E-07
0,114730,2.3768492E-07
0,114740,2.3750493E-07
0,114750,2.373251E-07
0,114760,2.3714539E-07
0,114770,2.369658E-07
0,114780,2.3678638E-07
0,114790,2.3660706E-07
0,114800,2.3642791E-07
0,114810,2.3624888E-07
0,114820,2.3606998E-07
0,114830,2.3589122E-07
0,114840,2.357126E-07
0,114850,2.3553412E-07
0,114860,2.3535576E-07
0,114870,2.3517754E-07
0,114880,2.3499946E-07
0,114890,2.3482151E-07
0,114900,2.346437E-07
0,114910,2.3446601E-07
0,114920,2.3428848E-07
0,114930,2.3411107E-07
0,114940,2.3393379E-07
0,114950,2.3375665E-07
0,114960,2.3357964E-07
0,114970,2.3340277E-07
0,114980,2.3322603E-07
0,114990,2.3304943E-07
0,115000,2.3287296E-07
0,115010,2.3269662E-07
0,115020,2.3252042E-07
0,115030,2.3234435E-07
0,115040,2.321684E-07
0,115050,2.319926E-07
0,115060,2.3181693E-07
0,115070,2.316414E-07
0,115080,2.3146599E-07
0,115090,2.3129071E-07
0,115100,2.3111558E-07
0,115110,2.3094057E-07
0,115120,2.3076569E-07
0,115130,2.3059096E-07
0,115140,2.3041635E-07
0,115150,2.3024187E-07
0,115160,2.3006753E-07
0,115170,2.298933E-07
0,115180,2.2971923E-07
0,115190,2.2954528E-07
0,115200,2.2937147E-07
0,115210,2.2919778E-07
0,115220,2.2902422E-07
0,115230,2.288508E-07
0,115240,2.2867751E-07
0,115250,2.2850435E-07
0,115260,2.2833132E-07
0,115270,2.2815841E-07
0,115280,2.2798565E-07
0,115290,2.2781302E-07
0,115300,2.2764051E-07
0,115310,2.2746813E-07
0,115320,2.2729589E-07
0,115330,2.2712378E-07
0,115340,2.2695178E-07
0,115350,2.2677993E-07
0,115360,2.2660821E-07
0,115370,2.2643661E-07
0,115380,2.2626516E-07
0,115390,2.2609382E-07
0,115400,2.2592262E-07
0,115410,2.2575153E-07
0,115420,2.2558059E-07
0,115430,2.2540978E-07
0,115440,2.2523909E-07
0,115450,2.2506853E-07
0,115460,2.248981E-07
0,115470,2.2472781E-07
0,115480,2.2455764E-07
0,115490,2.2438759E-07
0,115500,2.2421769E-07
0,115510,2.240479E-07
0,115520,2.2387825E-07
0,115530,2.2370872E-07
0,115540,2.2353932E-07
0,115550,2.2337005E-07
0,115560,2.2320091E-07
0,115570,2.2303189E-07
0,115580,2.2286301E-07
0,115590,2.2269425E-07
0,115600,2.2252563E-07
0,115610,2.2235712E-07
0,115620,2.2218875E-07
0,115630,2.220205E-07
0,115640,2.2185237E-07
0,115650,2.2168439E-07
0,115660,2.2151652E-07
0,115670,2.2134878E-07
0,115680,2.2118117E-07
0,115690,2.2101369E-07
0,115700,2.2084633E-07
0,115710,2.206791E-07
0,115720,2.2051199E-07
0,115730,2.2034502E-07
0,115740,2.2017817E-07
0,115750,2.2001144E-07
0,115760,2.1984485E-07
0,115770,2.1967837E-07
0,115780,2.1951203E-07
0,115790,2.1934581E-07
0,115800,2.1917971E-07
0,115810,2.1901374E-07
0,115820,2.188479E-07
0,115830,2.1868217E-07
0,115840,2.1851659E-07
0,115850,2.1835112E-07
0,115860,2.1818578E-07
0,115870,2.1802056E-07
0,115880,2.1785547E-07
0,115890,2.1769051E-07
0,115900,2.1752567E-07
0,115910,2.1736095E-07
0,115920,2.1719636E-07
0,115930,2.170319E-07
0,115940,2.1686755E-07
0,115950,2.1670333E-07
0,115960,2.1653923E-07
0,115970,2.1637527E-07
0,115980,2.1621142E-07
0,115990,2.1604771E-07
0,116000,2.158841E-07
0,116010,2.1572063E-07
0,116020,2.1555728E-07
0,116030,2.1539405E-07
0,116040,2.1523095E-07
0,116050,2.1506797E-07
0,116060,2.1490513E-07
0,116070,2.1474239E-07
0,116080,2.1457979E-07
0,116090,2.144173E-07
0,116100,2.1425494E-07
0,116110,2.140927E-07
0,116120,2.1393058E-07
0,116130,2.1376859E-07
0,116140,2.1360671E-07
0,116150,2.1344496E-07
0,116160,2.1328334E-07
0,116170,2.1312184E-07
0,116180,2.1296046E-07
0,116190,2.127992E-07
0,116200,2.1263806E-07
0,116210,2.1247705E-07
0,116220,2.1231615E-07
0,116230,2.1215537E-07
0,116240,2.1199473E-07
0,116250,2.118342E-07
0,116260,2.116738E-07
0,116270,2.1151351E-07
0,116280,2.1135334E-07
0,116290,2.111933E-07
0,116300,2.1103338E-07
0,116310,2.1087358E-07
0,116320,2.107139E-07
0,116330,2.1055435E-07
0,116340,2.103949E-07
0,116350,2.1023558E-07
0,116360,2.100764E-07
0,116370,2.0991732E-07
0,116380,2.0975837E-07
0,116390,2.0959953E-07
0,116400,2.0944081E-07
0,116410,2.0928222E-07
0,116420,2.0912374E-07
0,116430,2.0896539E-07
0,116440,2.0880715E-07
0,116450,2.0864904E-07
0,116460,2.0849104E-07
0,116470,2.0833318E-07
0,116480,2.0817542E-07
0,116490,2.0801778E-07
0,116500,2.0786027E-07
0,116510,2.0770287E-07
0,116520,2.0754558E-07
0,116530,2.0738842E-07
0,116540,2.072314E-07
0,116550,2.0707446E-07
0,116560,2.0691766E-07
0,116570,2.0676099E-07
0,116580,2.0660441E-07
0,116590,2.0644798E-07
0,116600,2.0629165E-07
0,116610,2.0613544E-07
0,116620,2.0597935E-07
0,116630,2.0582337E-07
0,116640,2.0566752E-07
0,116650,2.0551178E-07
0,116660,2.0535616E-07
0,116670,2.0520066E-07
0,116680,2.0504528E-07
0,116690,2.0489001E-07
0,116700,2.0473486E-07
0,116710,2.0457983E-07
0,116720,2.0442492E-07
0,116730,2.0427012E-07
0,116740,2.0411544E-07
0,116750,2.0396088E-07
0,116760,2.0380644E-07
0,116770,2.036521E-07
0,116780,2.034979E-07
0,116790,2.033438E-07
0,116800,2.0318983E-07
0,116810,2.0303597E-07
0,116820,2.0288222E-07
0,116830,2.027286E-07
0,116840,2.0257508E-07
0,116850,2.0242169E-07
0,116860,2.0226841E-07
0,116870,2.0211525E-07
0,116880,2.019622E-07
0,116890,2.0180927E-07
0,116900,2.0165645E-07
0,116910,2.0150375E-07
0,116920,2.0135117E-07
0,116930,2.011987E-07
0,116940,2.0104635E-07
0,116950,2.008941E-07
0,116960,2.00742E-07
0,116970,2.0058998E-07
0,116980,2.004381E-07
0,116990,2.0028631E-07
0,117000,2.0013465E-07
0,117010,1.999831E-07
0,117020,1.9983167E-07
0,117030,1.9968036E-07
0,117040,1.9952915E-07
0,117050,1.9937806E-07
0,117060,1.9922709E-07
0,117070,1.9907623E-07
0,117080,1.9892548E-07
0,117090,1.9877484E-07
0,117100,1.9862433E-07
0,117110,1.9847393E-07
0,117120,1.9832363E-07
0,117130,1.9817347E-07
0,117140,1.980234E-07
0,117150,1.9787345E-07
0,117160,1.9772361E-07
0,117170,1.975739E-07
0,117180,1.9742428E-07
0,117190,1.9727479E-07
0,117200,1.971254E-07
0,117210,1.9697615E-07
0,117220,1.9682699E-07
0,117230,1.9667795E-07
0,117240,1.9652902E-07
0,117250,1.963802E-07
0,117260,1.962315E-07
0,117270,1.960829E-07
0,117280,1.9593442E-07
0,117290,1.9578606E-07
0,117300,1.956378E-07
0,117310,1.9548966E-07
0,117320,1.9534163E-07
0,117330,1.951937E-07
0,117340,1.950459E-07
0,117350,1.948982E-07
0,117360,1.9475063E-07
0,117370,1.9460316E-07
0,117380,1.944558E-07
0,117390,1.9430856E-07
0,117400,1.9416142E-07
0,117410,1.9401439E-07
0,117420,1.9386748E-07
0,117430,1.9372068E-07
0,117440,1.9357398E-07
0,117450,1.9342741E-07
0,117460,1.9328094E-07
0,117470,1.9313458E-07
0,117480,1.9298834E-07
0,117490,1.928422E-07
0,117500,1.9269618E-07
0,117510,1.9255026E-07
0,117520,1.9240446E-07
0,117530,1.9225877E-07
0,117540,1.9211318E-07
0,117550,1.919677E-07
0,117560,1.9182234E-07
0,117570,1.9167709E-07
0,117580,1.9153194E-07
0,117590,1.9138692E-07
0,117600,1.91242E-07
0,117610,1.9109717E-07
0,117620,1.9095248E-07
0,117630,1.9080788E-07
0,117640,1.9066339E-07
0,117650,1.9051902E-07
0,117660,1.9037475E-07
0,117670,1.902306E-07
0,117680,1.9008655E-07
0,117690,1.8994261E-07
0,117700,1.8979878E-07
0,117710,1.8965505E-07
0,117720,1.8951144E-07
0,117730,1.8936794E-07
0,117740,1.8922455E-07
0,117750,1.8908126E-07
0,117760,1.8893809E-07
0,117770,1.8879501E-07
0,117780,1.8865205E-07
0,117790,1.885092E-07
0,117800,1.8836646E-07
0,117810,1.8822382E-07
0,117820,1.8808129E-07
0,117830,1.8793888E-07
0,117840,1.8779656E-07
0,117850,1.8765435E-07
0,117860,1.8751226E-07
0,117870,1.8737028E-07
0,117880,1.872284E-07
0,117890,1.8708661E-07
0,117900,1.8694494E-07
0,117910,1.8680339E-07
0,117920,1.8666194E-07
0,117930,1.865206E-07
0,117940,1.8637935E-07
0,117950,1.8623822E-07
0,117960,1.860972E-07
0,117970,1.8595628E-07
0,117980,1.8581547E-07
0,117990,1.8567476E-07
0,118000,1.8553416E-07
0,118010,1.8539367E-07
0,118020,1.8525328E-07
0,118030,1.8511301E-07
0,118040,1.8497283E-07
0,118050,1.8483277E-07
0,118060,1.8469281E-07
0,118070,1.8455296E-07
0,118080,1.8441321E-07
0,118090,1.8427356E-07
0,118100,1.8413402E-07
0,118110,1.839946E-07
0,118120,1.8385528E-07
0,118130,1.8371605E-07
0,118140,1.8357694E-07
0,118150,1.8343793E-07
0,118160,1.8329902E-07
0,118170,1.8316022E-07
0,118180,1.8302153E-07
0,118190,1.8288294E-07
0,118200,1.8274446E-07
0,118210,1.8260609E-07
0,118220,1.824678E-07
0,118230,1.8232964E-07
0,118240,1.8219157E-07
0,118250,1.8205361E-07
0,118260,1.8191575E-07
0,118270,1.81778E-07
0,118280,1.8164036E-07
0,118290,1.8150281E-07
0,118300,1.8136538E-07
0,118310,1.8122805E-07
0,118320,1.8109081E-07
0,118330,1.8095368E-07
0,118340,1.8081666E-07
0,118350,1.8067973E-07
0,118360,1.8054293E-07
0,118370,1.8040622E-07
0,118380,1.8026961E-07
0,118390,1.801331E-07
0,118400,1.799967E-07
0,118410,1.7986041E-07
0,118420,1.7972421E-07
0,118430,1.7958811E-07
0,118440,1.7945213E-07
0,118450,1.7931625E-07
0,118460,1.7918046E-07
0,118470,1.7904478E-07
0,118480,1.789092E-07
0,118490,1.7877372E-07
0,118500,1.7863835E-07
0,118510,1.7850309E-07
0,118520,1.7836791E-07
0,118530,1.7823285E-07
0,118540,1.7809789E-07
0,118550,1.7796303E-07
0,118560,1.7782827E-07
0,118570,1.7769361E-07
0,118580,1.7755906E-07
0,118590,1.7742461E-07
0,118600,1.7729026E-07
0,118610,1.7715601E-07
0,118620,1.7702186E-07
0,118630,1.7688781E-07
0,118640,1.7675387E-07
0,118650,1.7662002E-07
0,118660,1.7648628E-07
0,118670,1.7635264E-07
0,118680,1.762191E-07
0,118690,1.7608566E-07
0,118700,1.7595234E-07
0,118710,1.758191E-07
0,118720,1.7568595E-07
0,118730,1.7555293E-07
0,118740,1.7542E-07
0,118750,1.7528716E-07
0,118760,1.7515443E-07
0,118770,1.750218E-07
0,118780,1.7488927E-07
0,118790,1.7475683E-07
0,118800,1.746245E-07
0,118810,1.7449227E-07
0,118820,1.7436014E-07
0,118830,1.7422812E-07
0,118840,1.7409619E-07
0,118850,1.7396435E-07
0,118860,1.7383262E-07
0,118870,1.73701E-07
0,118880,1.7356946E-07
0,118890,1.7343802E-07
0,118900,1.733067E-07
0,118910,1.7317547E-07
0,118920,1.7304433E-07
0,118930,1.729133E-07
0,118940,1.7278236E-07
0,118950,1.7265153E-07
0,118960,1.7252079E-07
0,118970,1.7239016E-07
0,118980,1.7225962E-07
0,118990,1.7212918E-07
0,119000,1.7199883E-07
0,119010,1.7186859E-07
0,119020,1.7173845E-07
0,119030,1.716084E-07
0,119040,1.7147846E-07
0,119050,1.7134862E-07
0,119060,1.7121886E-07
0,119070,1.7108921E-07
0,119080,1.7095965E-07
0,119090,1.708302E-07
0,119100,1.7070084E-07
0,119110,1.7057158E-07
0,119120,1.7044242E-07
0,119130,1.7031336E-07
0,119140,1.7018439E-07
0,119150,1.7005553E-07
0,119160,1.6992675E-07
0,119170,1.6979808E-07
0,119180,1.696695E-07
0,119190,1.6954102E-07
0,119200,1.6941264E-07
0,119210,1.6928436E-07
0,119220,1.6915618E-07
0,119230,1.6902808E-07
0,119240,1.689001E-07
0,119250,1.687722E-07
0,119260,1.686444E-07
0,119270,1.6851669E-07
0,119280,1.6838909E-07
0,119290,1.6826158E-07
0,119300,1.6813418E-07
0,119310,1.6800686E-07
0,119320,1.6787963E-07
0,119330,1.6775252E-07
0,119340,1.6762549E-07
0,119350,1.6749856E-07
0,119360,1.6737172E-07
0,119370,1.6724499E-07
0,119380,1.6711834E-07
0,119390,1.669918E-07
0,119400,1.6686535E-07
0,119410,1.6673899E-07
0,119420,1.6661274E-07
0,119430,1.6648657E-07
0,119440,1.663605E-07
0,119450,1.6623453E-07
0,119460,1.6610865E-07
0,119470,1.6598287E-07
0,119480,1.6585719E-07
0,119490,1.6573159E-07
0,119500,1.656061E-07
0,119510,1.654807E-07
0,119520,1.6535539E-07
0,119530,1.6523018E-07
0,119540,1.6510506E-07
0,119550,1.6498004E-07
0,119560,1.6485511E-07
0,119570,1.6473028E-07
0,119580,1.6460554E-07
0,119590,1.644809E-07
0,119600,1.6435635E-07
0,119610,1.6423189E-07
0,119620,1.6410753E-07
0,119630,1.6398326E-07
0,119640,1.6385908E-07
0,119650,1.6373501E-07
0,119660,1.6361103E-07
0,119670,1.6348713E-07
0,119680,1.6336334E-07
0,119690,1.6323963E-07
0,119700,1.6311603E-07
0,119710,1.629925E-07
0,119720,1.6286909E-07
0,119730,1.6274576E-07
0,119740,1.6262253E-07
0,119750,1.6249939E-07
0,119760,1.6237634E-07
0,119770,1.6225337E-07
0,119780,1.6213052E-07
0,119790,1.6200775E-07
0,119800,1.6188507E-07
0,119810,1.6176249E-07
0,119820,1.6163999E-07
0,119830,1.6151759E-07
0,119840,1.6139529E-07
0,119850,1.6127308E-07
0,119860,1.6115096E-07
0,119870,1.6102894E-07
0,119880,1.6090699E-07
0,119890,1.6078515E-07
0,119900,1.606634E-07
0,119910,1.6054175E-07
0,119920,1.6042017E-07
0,119930,1.602987E-07
0,119940,1.6017732E-07
0,119950,1.6005603E-07
0,119960,1.5993483E-07
0,119970,1.5981372E-07
0,119980,1.596927E-07
0,119990,1.5957178E-07
0,120000,1.5945095E-07
0,120010,1.5933021E-07
0,120020,1.5920956E-07
0,120030,1.5908901E-07
0,120040,1.5896853E-07
0,120050,1.5884817E-07
0,120060,1.5872789E-07
0,120070,1.5860769E-07
0,120080,1.5848758E-07
0,120090,1.5836757E-07
0,120100,1.5824766E-07
0,120110,1.5812782E-07
0,120120,1.5800809E-07
0,120130,1.5788844E-07
0,120140,1.5776888E-07
0,120150,1.5764941E-07
0,120160,1.5753004E-07
0,120170,1.5741075E-07
0,120180,1.5729155E-07
0,120190,1.5717245E-07
0,120200,1.5705344E-07
0,120210,1.569345E-07
0,120220,1.5681567E-07
0,120230,1.5669693E-07
0,120240,1.5657828E-07
0,120250,1.564597E-07
0,120260,1.5634123E-07
0,120270,1.5622285E-07
0,120280,1.5610455E-07
0,120290,1.5598634E-07
0,120300,1.5586824E-07
0,120310,1.557502E-07
0,120320,1.5563226E-07
0,120330,1.5551441E-07
0,120340,1.5539666E-07
0,120350,1.5527898E-07
0,120360,1.551614E-07
0,120370,1.550439E-07
0,120380,1.5492651E-07
0,120390,1.548092E-07
0,120400,1.5469197E-07
0,120410,1.5457483E-07
0,120420,1.5445778E-07
0,120430,1.5434082E-07
0,120440,1.5422395E-07
0,120450,1.5410717E-07
0,120460,1.5399047E-07
0,120470,1.5387387E-07
0,120480,1.5375736E-07
0,120490,1.5364093E-07
0,120500,1.5352458E-07
0,120510,1.5340834E-07
0,120520,1.5329216E-07
0,120530,1.5317609E-07
0,120540,1.530601E-07
0,120550,1.529442E-07
0,120560,1.5282838E-07
0,120570,1.5271266E-07
0,120580,1.5259702E-07
0,120590,1.5248148E-07
0,120600,1.5236601E-07
0,120610,1.5225064E-07
0,120620,1.5213534E-07
0,120630,1.5202015E-07
0,120640,1.5190503E-07
0,120650,1.5179E-07
0,120660,1.5167507E-07
0,120670,1.5156022E-07
0,120680,1.5144545E-07
0,120690,1.5133077E-07
0,120700,1.5121617E-07
0,120710,1.5110167E-07
0,120720,1.5098725E-07
0,120730,1.5087292E-07
0,120740,1.5075868E-07
0,120750,1.5064451E-07
0,120760,1.5053044E-07
0,120770,1.5041645E-07
0,120780,1.5030255E-07
0,120790,1.5018875E-07
0,120800,1.5007502E-07
0,120810,1.4996138E-07
0,120820,1.4984782E-07
0,120830,1.4973436E-07
0,120840,1.4962097E-07
0,120850,1.4950767E-07
0,120860,1.4939447E-07
0,120870,1.4928133E-07
0,120880,1.491683E-07
0,120890,1.4905534E-07
0,120900,1.4894248E-07
0,120910,1.488297E-07
0,120920,1.4871699E-07
0,120930,1.4860439E-07
0,120940,1.4849185E-07
0,120950,1.4837941E-07
0,120960,1.4826706E-07
0,120970,1.4815478E-07
0,120980,1.480426E-07
0,120990,1.4793049E-07
0,121000,1.4781848E-07
0,121010,1.4770654E-07
0,121020,1.475947E-07
0,121030,1.4748294E-07
0,121040,1.4737125E-07
0,121050,1.4725967E-07
0,121060,1.4714816E-07
0,121070,1.4703673E-07
0,121080,1.4692539E-07
0,121090,1.4681413E-07
0,121100,1.4670296E-07
0,121110,1.4659187E-07
0,121120,1.4648087E-07
0,121130,1.4636996E-07
0,121140,1.4625913E-07
0,121150,1.4614837E-07
0,121160,1.460377E-07
0,121170,1.4592712E-07
0,121180,1.4581661E-07
0,121190,1.457062E-07
0,121200,1.4559586E-07
0,121210,1.4548561E-07
0,121220,1.4537545E-07
0,121230,1.4526537E-07
0,121240,1.4515537E-07
0,121250,1.4504546E-07
0,121260,1.4493563E-07
0,121270,1.4482588E-07
0,121280,1.4471621E-07
0,121290,1.4460663E-07
0,121300,1.4449712E-07
0,121310,1.4438771E-07
0,121320,1.4427837E-07
0,121330,1.4416912E-07
0,121340,1.4405995E-07
0,121350,1.4395087E-07
0,121360,1.4384187E-07
0,121370,1.4373295E-07
0,121380,1.436241E-07
0,121390,1.4351535E-07
0,121400,1.4340668E-07
0,121410,1.4329808E-07
0,121420,1.4318958E-07
0,121430,1.4308115E-07
0,121440,1.4297281E-07
0,121450,1.4286455E-07
0,121460,1.4275636E-07
0,121470,1.4264826E-07
0,121480,1.4254024E-07
0,121490,1.4243231E-07
0,121500,1.4232445E-07
0,121510,1.4221669E-07
0,121520,1.42109E-07
0,121530,1.4200138E-07
0,121540,1.4189386E-07
0,121550,1.4178642E-07
0,121560,1.4167905E-07
0,121570,1.4157176E-07
0,121580,1.4146457E-07
0,121590,1.4135745E-07
0,121600,1.4125041E-07
0,121610,1.4114345E-07
0,121620,1.4103657E-07
0,121630,1.4092977E-07
0,121640,1.4082306E-07
0,121650,1.4071642E-07
0,121660,1.4060987E-07
0,121670,1.4050339E-07
0,121680,1.40397E-07
0,121690,1.402907E-07
0,121700,1.4018445E-07
0,121710,1.400783E-07
0,121720,1.3997223E-07
0,121730,1.3986624E-07
0,121740,1.3976033E-07
0,121750,1.396545E-07
0,121760,1.3954875E-07
0,121770,1.3944309E-07
0,121780,1.3933749E-07
0,121790,1.3923199E-07
0,121800,1.3912656E-07
0,121810,1.390212E-07
0,121820,1.3891594E-07
0,121830,1.3881073E-07
0,121840,1.3870563E-07
0,121850,1.386006E-07
0,121860,1.3849565E-07
0,121870,1.3839077E-07
0,121880,1.3828598E-07
0,121890,1.3818126E-07
0,121900,1.3807663E-07
0,121910,1.3797208E-07
0,121920,1.378676E-07
0,121930,1.3776321E-07
0,121940,1.3765889E-07
0,121950,1.3755465E-07
0,121960,1.3745048E-07
0,121970,1.373464E-07
0,121980,1.3724241E-07
0,121990,1.3713849E-07
0,122000,1.3703463E-07
0,122010,1.3693086E-07
0,122020,1.3682718E-07
0,122030,1.3672357E-07
0,122040,1.3662005E-07
0,122050,1.3651659E-07
0,122060,1.3641322E-07
0,122070,1.3630992E-07
0,122080,1.362067E-07
0,122090,1.3610357E-07
0,122100,1.360005E-07
0,122110,1.3589752E-07
0,122120,1.3579461E-07
0,122130,1.3569178E-07
0,122140,1.3558903E-07
0,122150,1.3548636E-07
0,122160,1.3538377E-07
0,122170,1.3528125E-07
0,122180,1.3517881E-07
0,122190,1.3507645E-07
0,122200,1.3497417E-07
0,122210,1.3487197E-07
0,122220,1.3476983E-07
0,122230,1.3466779E-07
0,122240,1.3456581E-07
0,122250,1.3446392E-07
0,122260,1.343621E-07
0,122270,1.3426035E-07
0,122280,1.3415868E-07
0,122290,1.340571E-07
0,122300,1.3395558E-07
0,122310,1.3385416E-07
0,122320,1.3375279E-07
0,122330,1.3365151E-07
0,122340,1.335503E-07
0,122350,1.3344918E-07
0,122360,1.3334812E-07
0,122370,1.3324716E-07
0,122380,1.3314626E-07
0,122390,1.3304543E-07
0,122400,1.3294469E-07
0,122410,1.3284402E-07
0,122420,1.3274342E-07
0,122430,1.3264291E-07
0,122440,1.3254247E-07
0,122450,1.3244211E-07
0,122460,1.3234181E-07
0,122470,1.322416E-07
0,122480,1.3214147E-07
0,122490,1.3204141E-07
0,122500,1.3194142E-07
0,122510,1.318415E-07
0,122520,1.3174167E-07
0,122530,1.3164191E-07
0,122540,1.3154224E-07
0,122550,1.3144263E-07
0,122560,1.313431E-07
0,122570,1.3124364E-07
0,122580,1.3114426E-07
0,122590,1.3104496E-07
0,122600,1.3094572E-07
0,122610,1.3084656E-07
0,122620,1.3074748E-07
0,122630,1.3064847E-07
0,122640,1.3054955E-07
0,122650,1.3045069E-07
0,122660,1.303519E-07
0,122670,1.3025321E-07
0,122680,1.3015458E-07
0,122690,1.3005602E-07
0,122700,1.2995754E-07
0,122710,1.2985913E-07
0,122720,1.2976079E-07
0,122730,1.2966254E-07
0,122740,1.2956436E-07
0,122750,1.2946624E-07
0,122760,1.293682E-07
0,122770,1.2927025E-07
0,122780,1.2917236E-07
0,122790,1.2907455E-07
0,122800,1.2897681E-07
0,122810,1.2887915E-07
0,122820,1.2878155E-07
0,122830,1.2868404E-07
0,122840,1.2858659E-07
0,122850,1.2848923E-07
0,122860,1.2839193E-07
0,122870,1.2829472E-07
0,122880,1.2819756E-07
0,122890,1.2810048E-07
0,122900,1.2800349E-07
0,122910,1.2790656E-07
0,122920,1.278097E-07
0,122930,1.2771292E-07
0,122940,1.2761622E-07
0,122950,1.2751958E-07
0,122960,1.2742302E-07
0,122970,1.2732653E-07
0,122980,1.2723012E-07
0,122990,1.2713377E-07
0,123000,1.2703751E-07
0,123010,1.2694132E-07
0,123020,1.2684518E-07
0,123030,1.2674913E-07
0,123040,1.2665316E-07
0,123050,1.2655725E-07
0,123060,1.2646142E-07
0,123070,1.2636566E-07
0,123080,1.2626997E-07
0,123090,1.2617436E-07
0,123100,1.2607882E-07
0,123110,1.2598335E-07
0,123120,1.2588795E-07
0,123130,1.2579262E-07
0,123140,1.2569737E-07
0,123150,1.2560218E-07
0,123160,1.2550707E-07
0,123170,1.2541204E-07
0,123180,1.2531707E-07
0,123190,1.2522219E-07
0,123200,1.2512736E-07
0,123210,1.2503261E-07
0,123220,1.2493793E-07
0,123230,1.2484333E-07
0,123240,1.247488E-07
0,123250,1.2465432E-07
0,123260,1.2455993E-07
0,123270,1.2446561E-07
0,123280,1.2437137E-07
0,123290,1.242772E-07
0,123300,1.2418309E-07
0,123310,1.2408906E-07
0,123320,1.2399508E-07
0,123330,1.2390119E-07
0,123340,1.2380737E-07
0,123350,1.2371362E-07
0,123360,1.2361994E-07
0,123370,1.2352633E-07
0,123380,1.234328E-07
0,123390,1.2333933E-07
0,123400,1.2324594E-07
0,123410,1.231526E-07
0,123420,1.2305935E-07
0,123430,1.2296617E-07
0,123440,1.2287306E-07
0,123450,1.2278001E-07
0,123460,1.2268704E-07
0,123470,1.2259414E-07
0,123480,1.225013E-07
0,123490,1.2240855E-07
0,123500,1.2231585E-07
0,123510,1.2222324E-07
0,123520,1.2213069E-07
0,123530,1.220382E-07
0,123540,1.2194579E-07
0,123550,1.2185346E-07
0,123560,1.2176119E-07
0,123570,1.2166898E-07
0,123580,1.2157685E-07
0,123590,1.2148479E-07
0,123600,1.213928E-07
0,123610,1.2130087E-07
0,123620,1.2120903E-07
0,123630,1.2111724E-07
0,123640,1.2102552E-07
0,123650,1.2093389E-07
0,123660,1.2084232E-07
0,123670,1.2075081E-07
0,123680,1.2065937E-07
0,123690,1.20568E-07
0,123700,1.2047671E-07
0,123710,1.2038548E-07
0,123720,1.2029432E-07
0,123730,1.2020323E-07
0,123740,1.201122E-07
0,123750,1.2002126E-07
0,123760,1.1993038E-07
0,123770,1.1983956E-07
0,123780,1.1974882E-07
0,123790,1.1965814E-07
0,123800,1.1956753E-07
0,123810,1.19477E-07
0,123820,1.1938651E-07
0,123830,1.1929612E-07
0,123840,1.1920578E-07
0,123850,1.1911551E-07
0,123860,1.19025316E-07
0,123870,1.1893518E-07
0,123880,1.1884513E-07
0,123890,1.1875513E-07
0,123900,1.18665206E-07
0,123910,1.1857535E-07
0,123920,1.18485566E-07
0,123930,1.18395846E-07
0,123940,1.1830619E-07
0,123950,1.18216605E-07
0,123960,1.1812709E-07
0,123970,1.1803764E-07
0,123980,1.1794826E-07
0,123990,1.17858946E-07
0,124000,1.177697E-07
0,124010,1.1768052E-07
0,124020,1.1759141E-07
0,124030,1.1750237E-07
0,124040,1.1741339E-07
0,124050,1.1732448E-07
0,124060,1.1723564E-07
0,124070,1.1714687E-07
0,124080,1.17058164E-07
0,124090,1.16969524E-07
0,124100,1.1688095E-07
0,124110,1.1679244E-07
0,124120,1.1670401E-07
0,124130,1.1661563E-07
0,124140,1.1652733E-07
0,124150,1.1643909E-07
0,124160,1.1635092E-07
0,124170,1.1626282E-07
0,124180,1.1617478E-07
0,124190,1.1608681E-07
0,124200,1.1599891E-07
0,124210,1.1591107E-07
0,124220,1.158233E-07
0,124230,1.15735595E-07
0,124240,1.1564796E-07
0,124250,1.1556038E-07
0,124260,1.1547288E-07
0,124270,1.1538544E-07
0,124280,1.15298064E-07
0,124290,1.1521076E-07
0,124300,1.1512352E-07
0,124310,1.1503634E-07
0,124320,1.1494924E-07
0,124330,1.1486219E-07
0,124340,1.1477522E-07
0,124350,1.14688305E-07
0,124360,1.1460146E-07
0,124370,1.14514684E-07
0,124380,1.1442797E-07
0,124390,1.1434132E-07
0,124400,1.1425474E-07
0,124410,1.1416822E-07
0,124420,1.1408177E-07
0,124430,1.13995384E-07
0,124440,1.1390906E-07
0,124450,1.1382281E-07
0,124460,1.1373662E-07
0,124470,1.1365049E-07
0,124480,1.1356443E-07
0,124490,1.1347844E-07
0,124500,1.1339251E-07
0,124510,1.1330665E-07
0,124520,1.1322085E-07
0,124530,1.13135115E-07
0,124540,1.13049445E-07
0,124550,1.1296384E-07
0,124560,1.12878304E-07
0,124570,1.12792826E-07
0,124580,1.1270742E-07
0,124590,1.12622075E-07
0,124600,1.12536796E-07
0,124610,1.1245158E-07
0,124620,1.1236643E-07
0,124630,1.1228134E-07
0,124640,1.1219632E-07
0,124650,1.1211136E-07
0,124660,1.1202646E-07
0,124670,1.1194164E-07
0,124680,1.1185687E-07
0,124690,1.1177217E-07
0,124700,1.11687534E-07
0,124710,1.1160296E-07
0,124720,1.1151845E-07
0,124730,1.11434005E-07
0,124740,1.1134963E-07
0,124750,1.1126531E-07
0,124760,1.1118106E-07
0,124770,1.1109687E-07
0,124780,1.1101274E-07
0,124790,1.1092868E-07
0,124800,1.1084468E-07
0,124810,1.10760745E-07
0,124820,1.1067688E-07
0,124830,1.1059307E-07
0,124840,1.10509326E-07
0,124850,1.10425646E-07
0,124860,1.1034203E-07
0,124870,1.1025847E-07
0,124880,1.1017498E-07
0,124890,1.10091555E-07
0,124900,1.1000819E-07
0,124910,1.0992489E-07
0,124920,1.0984165E-07
0,124930,1.09758474E-07
0,124940,1.0967536E-07
0,124950,1.09592314E-07
0,124960,1.0950933E-07
0,124970,1.094264E-07
0,124980,1.09343546E-07
0,124990,1.09260746E-07
0,125000,1.0917801E-07
0,125010,1.0909534E-07
0,125020,1.0901273E-07
0,125030,1.0893018E-07
0,125040,1.088477E-07
0,125050,1.0876528E-07
0,125060,1.0868291E-07
0,125070,1.0860062E-07
0,125080,1.08518385E-07
0,125090,1.0843621E-07
0,125100,1.083541E-07
0,125110,1.0827205E-07
0,125120,1.08190065E-07
0,125130,1.0810814E-07
0,125140,1.0802628E-07
0,125150,1.0794447E-07
0,125160,1.0786274E-07
0,125170,1.0778106E-07
0,125180,1.0769945E-07
0,125190,1.0761789E-07
0,125200,1.075364E-07
0,125210,1.0745497E-07
0,125220,1.0737361E-07
0,125230,1.072923E-07
0,125240,1.0721106E-07
0,125250,1.0712987E-07
0,125260,1.0704875E-07
0,125270,1.0696769E-07
0,125280,1.0688669E-07
0,125290,1.0680576E-07
0,125300,1.06724876E-07
0,125310,1.06644066E-07
0,125320,1.06563306E-07
0,125330,1.0648262E-07
0,125340,1.06401984E-07
0,125350,1.06321416E-07
0,125360,1.06240904E-07
0,125370,1.06160456E-07
0,125380,1.06080066E-07
0,125390,1.05999746E-07
0,125400,1.05919476E-07
0,125410,1.0583927E-07
0,125420,1.0575913E-07
0,125430,1.0567904E-07
0,125440,1.0559902E-07
0,125450,1.0551906E-07
0,125460,1.05439156E-07
0,125470,1.0535931E-07
0,125480,1.0527953E-07
0,125490,1.0519982E-07
0,125500,1.0512015E-07
0,125510,1.05040556E-07
0,125520,1.0496102E-07
0,125530,1.04881536E-07
0,125540,1.0480212E-07
0,125550,1.0472276E-07
0,125560,1.04643455E-07
0,125570,1.0456422E-07
0,125580,1.0448504E-07
0,125590,1.0440592E-07
0,125600,1.04326865E-07
0,125610,1.0424787E-07
0,125620,1.04168926E-07
0,125630,1.0409005E-07
0,125640,1.0401123E-07
0,125650,1.03932464E-07
0,125660,1.03853765E-07
0,125670,1.0377512E-07
0,125680,1.0369654E-07
0,125690,1.0361802E-07
0,125700,1.03539556E-07
0,125710,1.03461154E-07
0,125720,1.0338281E-07
0,125730,1.0330453E-07
0,125740,1.03226306E-07
0,125750,1.0314814E-07
0,125760,1.0307003E-07
0,125770,1.0299198E-07
0,125780,1.02913994E-07
0,125790,1.0283607E-07
0,125800,1.0275819E-07
0,125810,1.0268038E-07
0,125820,1.02602634E-07
0,125830,1.02524936E-07
0,125840,1.024473E-07
0,125850,1.02369725E-07
0,125860,1.0229221E-07
0,125870,1.02214756E-07
0,125880,1.02137356E-07
0,125890,1.02060014E-07
0,125900,1.0198273E-07
0,125910,1.01905506E-07
0,125920,1.0182834E-07
0,125930,1.0175123E-07
0,125940,1.0167418E-07
0,125950,1.01597195E-07
0,125960,1.01520264E-07
0,125970,1.0144339E-07
0,125980,1.01366574E-07
0,125990,1.01289814E-07
0,126000,1.0121312E-07
0,126010,1.0113647E-07
0,126020,1.0105989E-07
0,126030,1.00983364E-07
0,126040,1.00906895E-07
0,126050,1.0083049E-07
0,126060,1.00754136E-07
0,126070,1.00677845E-07
0,126080,1.0060161E-07
0,126090,1.0052543E-07
0,126100,1.00449306E-07
0,126110,1.0037325E-07
0,126120,1.0029724E-07
0,126130,1.0022129E-07
0,126140,1.0014541E-07
0,126150,1.0006957E-07
0,126160,9.99938E-08
0,126170,9.9918076E-08
0,126180,9.984242E-08
0,126190,9.9766815E-08
0,126200,9.969127E-08
0,126210,9.9615775E-08
0,126220,9.9540344E-08
0,126230,9.946497E-08
0,126240,9.938965E-08
0,126250,9.931439E-08
0,126260,9.923919E-08
0,126270,9.916404E-08
0,126280,9.908896E-08
0,126290,9.9013924E-08
0,126300,9.893895E-08
0,126310,9.886403E-08
0,126320,9.8789165E-08
0,126330,9.871436E-08
0,126340,9.863961E-08
0,126350,9.856492E-08
0,126360,9.849028E-08
0,126370,9.8415704E-08
0,126380,9.8341175E-08
0,126390,9.826671E-08
0,126400,9.81923E-08
0,126410,9.8117944E-08
0,126420,9.804365E-08
0,126430,9.796941E-08
0,126440,9.7895224E-08
0,126450,9.782109E-08
0,126460,9.774702E-08
0,126470,9.7673E-08
0,126480,9.759904E-08
0,126490,9.752514E-08
0,126500,9.745129E-08
0,126510,9.73775E-08
0,126520,9.730376E-08
0,126530,9.723008E-08
0,126540,9.715646E-08
0,126550,9.708289E-08
0,126560,9.700937E-08
0,126570,9.693591E-08
0,126580,9.6862514E-08
0,126590,9.6789165E-08
0,126600,9.671587E-08
0,126610,9.664264E-08
0,126620,9.656946E-08
0,126630,9.6496336E-08
0,126640,9.6423264E-08
0,126650,9.635025E-08
0,126660,9.627729E-08
0,126670,9.620439E-08
0,126680,9.613154E-08
0,126690,9.605874E-08
0,126700,9.5986E-08
0,126710,9.591332E-08
0,126720,9.58407E-08
0,126730,9.576812E-08
0,126740,9.5695604E-08
0,126750,9.562314E-08
0,126760,9.555073E-08
0,126770,9.547838E-08
0,126780,9.540608E-08
0,126790,9.533384E-08
0,126800,9.526165E-08
0,126810,9.518951E-08
0,126820,9.511743E-08
0,126830,9.504541E-08
0,126840,9.497344E-08
0,126850,9.4901516E-08
0,126860,9.482966E-08
0,126870,9.475785E-08
0,126880,9.4686094E-08
0,126890,9.46144E-08
0,126900,9.4542756E-08
0,126910,9.447116E-08
0,126920,9.4399624E-08
0,126930,9.432814E-08
0,126940,9.425672E-08
0,126950,9.4185346E-08
0,126960,9.411402E-08
0,126970,9.404276E-08
0,126980,9.397154E-08
0,126990,9.390039E-08
0,127000,9.3829286E-08
0,127010,9.375823E-08
0,127020,9.368724E-08
0,127030,9.361629E-08
0,127040,9.354541E-08
0,127050,9.3474576E-08
0,127060,9.340379E-08
0,127070,9.3333064E-08
0,127080,9.3262386E-08
0,127090,9.3191765E-08
0,127100,9.31212E-08
0,127110,9.305069E-08
0,127120,9.298023E-08
0,127130,9.290982E-08
0,127140,9.2839464E-08
0,127150,9.276916E-08
0,127160,9.269892E-08
0,127170,9.2628724E-08
0,127180,9.255858E-08
0,127190,9.248849E-08
0,127200,9.241846E-08
0,127210,9.234848E-08
0,127220,9.227855E-08
0,127230,9.220867E-08
0,127240,9.213885E-08
0,127250,9.206908E-08
0,127260,9.199936E-08
0,127270,9.19297E-08
0,127280,9.186009E-08
0,127290,9.179053E-08
0,127300,9.172102E-08
0,127310,9.165157E-08
0,127320,9.1582166E-08
0,127330,9.151282E-08
0,127340,9.1443525E-08
0,127350,9.137428E-08
0,127360,9.130509E-08
0,127370,9.1235954E-08
0,127380,9.116687E-08
0,127390,9.109783E-08
0,127400,9.102885E-08
0,127410,9.095992E-08
0,127420,9.089104E-08
0,127430,9.082222E-08
0,127440,9.0753446E-08
0,127450,9.068472E-08
0,127460,9.0616055E-08
0,127470,9.054744E-08
0,127480,9.047887E-08
0,127490,9.041036E-08
0,127500,9.03419E-08
0,127510,9.027349E-08
0,127520,9.0205134E-08
0,127530,9.013682E-08
0,127540,9.0068575E-08
0,127550,9.000037E-08
0,127560,8.993222E-08
0,127570,8.986412E-08
0,127580,8.9796075E-08
0,127590,8.9728076E-08
0,127600,8.966013E-08
0,127610,8.959224E-08
0,127620,8.95244E-08
0,127630,8.9456606E-08
0,127640,8.938887E-08
0,127650,8.932118E-08
0,127660,8.925355E-08
0,127670,8.918596E-08
0,127680,8.911842E-08
0,127690,8.905094E-08
0,127700,8.898351E-08
0,127710,8.891613E-08
0,127720,8.88488E-08
0,127730,8.878152E-08
0,127740,8.8714295E-08
0,127750,8.864712E-08
0,127760,8.857999E-08
0,127770,8.851291E-08
0,127780,8.8445894E-08
0,127790,8.837892E-08
0,127800,8.831199E-08
0,127810,8.824512E-08
0,127820,8.8178304E-08
0,127830,8.811153E-08
0,127840,8.804481E-08
0,127850,8.797814E-08
0,127860,8.791152E-08
0,127870,8.784495E-08
0,127880,8.777843E-08
0,127890,8.771197E-08
0,127900,8.7645546E-08
0,127910,8.757918E-08
0,127920,8.751286E-08
0,127930,8.7446594E-08
0,127940,8.738038E-08
0,127950,8.731421E-08
0,127960,8.72481E-08
0,127970,8.718203E-08
0,127980,8.7116014E-08
0,127990,8.705005E-08
0,128000,8.698413E-08
0,128010,8.691826E-08
0,128020,8.6852445E-08
0,128030,8.678668E-08
0,128040,8.672096E-08
0,128050,8.665529E-08
0,128060,8.658968E-08
0,128070,8.652411E-08
0,128080,8.645859E-08
0,128090,8.639312E-08
0,128100,8.63277E-08
0,128110,8.626233E-08
0,128120,8.619701E-08
0,128130,8.613174E-08
0,128140,8.606652E-08
0,128150,8.600135E-08
0,128160,8.593623E-08
0,128170,8.587115E-08
0,128180,8.580613E-08
0,128190,8.5741156E-08
0,128200,8.567623E-08
0,128210,8.5611354E-08
0,128220,8.5546525E-08
0,128230,8.5481744E-08
0,128240,8.541702E-08
0,128250,8.535234E-08
0,128260,8.528771E-08
0,128270,8.522313E-08
0,128280,8.515859E-08
0,128290,8.509411E-08
0,128300,8.502967E-08
0,128310,8.4965286E-08
0,128320,8.490095E-08
0,128330,8.483666E-08
0,128340,8.477242E-08
0,128350,8.4708226E-08
0,128360,8.464408E-08
0,128370,8.457999E-08
0,128380,8.451594E-08
0,128390,8.445194E-08
0,128400,8.438799E-08
0,128410,8.432409E-08
0,128420,8.426024E-08
0,128430,8.419644E-08
0,128440,8.413268E-08
0,128450,8.406897E-08
0,128460,8.4005315E-08
0,128470,8.39417E-08
0,128480,8.387814E-08
0,128490,8.3814626E-08
0,128500,8.375116E-08
0,128510,8.368774E-08
0,128520,8.362437E-08
0,128530,8.356105E-08
0,128540,8.3497774E-08
0,128550,8.343454E-08
0,128560,8.337137E-08
0,128570,8.330824E-08
0,128580,8.3245155E-08
0,128590,8.3182115E-08
0,128600,8.3119126E-08
0,128610,8.3056186E-08
0,128620,8.2993296E-08
0,128630,8.2930455E-08
0,128640,8.286766E-08
0,128650,8.28049E-08
0,128660,8.2742204E-08
0,128670,8.267955E-08
0,128680,8.261694E-08
0,128690,8.255438E-08
0,128700,8.249187E-08
0,128710,8.24294E-08
0,128720,8.236699E-08
0,128730,8.230462E-08
0,128740,8.2242295E-08
0,128750,8.2180016E-08
0,128760,8.2117786E-08
0,128770,8.205561E-08
0,128780,8.199347E-08
0,128790,8.193138E-08
0,128800,8.1869345E-08
0,128810,8.180735E-08
0,128820,8.1745405E-08
0,128830,8.16835E-08
0,128840,8.162165E-08
0,128850,8.155985E-08
0,128860,8.149809E-08
0,128870,8.1436376E-08
0,128880,8.137471E-08
0,128890,8.131309E-08
0,128900,8.1251514E-08
0,128910,8.118999E-08
0,128920,8.112851E-08
0,128930,8.106708E-08
0,128940,8.1005695E-08
0,128950,8.094435E-08
0,128960,8.088306E-08
0,128970,8.082181E-08
0,128980,8.0760614E-08
0,128990,8.069946E-08
0,129000,8.063835E-08
0,129010,8.057729E-08
0,129020,8.051627E-08
0,129030,8.04553E-08
0,129040,8.039438E-08
0,129050,8.033351E-08
0,129060,8.027267E-08
0,129070,8.021189E-08
0,129080,8.015115E-08
0,129090,8.009046E-08
0,129100,8.0029814E-08
0,129110,7.996921E-08
0,129120,7.990865E-08
0,129130,7.984815E-08
0,129140,7.978768E-08
0,129150,7.9727265E-08
0,129160,7.96669E-08
0,129170,7.960657E-08
0,129180,7.954629E-08
0,129190,7.948606E-08
0,129200,7.942587E-08
0,129210,7.936572E-08
0,129220,7.930562E-08
0,129230,7.9245574E-08
0,129240,7.918556E-08
0,129250,7.9125606E-08
0,129260,7.9065686E-08
0,129270,7.9005815E-08
0,129280,7.8945995E-08
0,129290,7.888621E-08
0,129300,7.8826474E-08
0,129310,7.876679E-08
0,129320,7.8707146E-08
0,129330,7.8647545E-08
0,129340,7.858799E-08
0,129350,7.852848E-08
0,129360,7.8469014E-08
0,129370,7.84096E-08
0,129380,7.8350226E-08
0,129390,7.8290896E-08
0,129400,7.823161E-08
0,129410,7.817237E-08
0,129420,7.8113175E-08
0,129430,7.805403E-08
0,129440,7.7994926E-08
0,129450,7.7935866E-08
0,129460,7.787685E-08
0,129470,7.781788E-08
0,129480,7.7758955E-08
0,129490,7.770007E-08
0,129500,7.764123E-08
0,129510,7.758244E-08
0,129520,7.7523694E-08
0,129530,7.7464996E-08
0,129540,7.7406334E-08
0,129550,7.734772E-08
0,129560,7.728915E-08
0,129570,7.7230624E-08
0,129580,7.7172146E-08
0,129590,7.7113704E-08
0,129600,7.705531E-08
0,129610,7.699697E-08
0,129620,7.693866E-08
0,129630,7.6880404E-08
0,129640,7.682219E-08
0,129650,7.676402E-08
0,129660,7.670589E-08
0,129670,7.66478E-08
0,129680,7.6589764E-08
0,129690,7.653177E-08
0,129700,7.647382E-08
0,129710,7.641591E-08
0,129720,7.635804E-08
0,129730,7.6300225E-08
0,129740,7.624244E-08
0,129750,7.618471E-08
0,129760,7.612702E-08
0,129770,7.606938E-08
0,129780,7.601178E-08
0,129790,7.595422E-08
0,129800,7.589671E-08
0,129810,7.583923E-08
0,129820,7.5781806E-08
0,129830,7.572442E-08
0,129840,7.566708E-08
0,129850,7.560978E-08
0,129860,7.555253E-08
0,129870,7.549532E-08
0,129880,7.543815E-08
0,129890,7.538103E-08
0,129900,7.5323946E-08
0,129910,7.526691E-08
0,129920,7.520992E-08
0,129930,7.515297E-08
0,129940,7.509606E-08
0,129950,7.5039196E-08
0,129960,7.4982374E-08
0,129970,7.4925595E-08
0,129980,7.486886E-08
0,129990,7.4812164E-08
0,130000,7.475552E-08
0,130010,7.469891E-08
0,130020,7.4642344E-08
0,130030,7.458583E-08
0,130040,7.4529346E-08
0,130050,7.447291E-08
0,130060,7.441652E-08
0,130070,7.4360166E-08
0,130080,7.430386E-08
0,130090,7.4247595E-08
0,130100,7.419137E-08
0,130110,7.4135194E-08
0,130120,7.4079054E-08
0,130130,7.4022964E-08
0,130140,7.396691E-08
0,130150,7.39109E-08
0,130160,7.3854935E-08
0,130170,7.379901E-08
0,130180,7.3743124E-08
0,130190,7.368728E-08
0,130200,7.363148E-08
0,130210,7.357573E-08
0,130220,7.352002E-08
0,130230,7.346434E-08
0,130240,7.3408714E-08
0,130250,7.335313E-08
0,130260,7.3297585E-08
0,130270,7.3242084E-08
0,130280,7.318662E-08
0,130290,7.3131204E-08
0,130300,7.3075825E-08
0,130310,7.302049E-08
0,130320,7.29652E-08
0,130330,7.290995E-08
0,130340,7.285474E-08
0,130350,7.2799565E-08
0,130360,7.274444E-08
0,130370,7.268936E-08
0,130380,7.2634315E-08
0,130390,7.257932E-08
0,130400,7.252436E-08
0,130410,7.246944E-08
0,130420,7.2414565E-08
0,130430,7.235973E-08
0,130440,7.2304935E-08
0,130450,7.225019E-08
0,130460,7.2195476E-08
0,130470,7.214081E-08
0,130480,7.208618E-08
0,130490,7.20316E-08
0,130500,7.197705E-08
0,130510,7.192255E-08
0,130520,7.186809E-08
0,130530,7.1813666E-08
0,130540,7.175929E-08
0,130550,7.1704946E-08
0,130560,7.165065E-08
0,130570,7.1596396E-08
0,130580,7.154218E-08
0,130590,7.148801E-08
0,130600,7.1433874E-08
0,130610,7.137978E-08
0,130620,7.132573E-08
0,130630,7.127172E-08
0,130640,7.1217755E-08
0,130650,7.1163825E-08
0,130660,7.110994E-08
0,130670,7.105609E-08
0,130680,7.100229E-08
0,130690,7.094852E-08
0,130700,7.08948E-08
0,130710,7.084112E-08
0,130720,7.078747E-08
0,130730,7.073387E-08
0,130740,7.068031E-08
0,130750,7.062679E-08
0,130760,7.057331E-08
0,130770,7.051987E-08
0,130780,7.046647E-08
0,130790,7.041311E-08
0,130800,7.035979E-08
0,130810,7.030651E-08
0,130820,7.025327E-08
0,130830,7.020007E-08
0,130840,7.014692E-08
0,130850,7.0093805E-08
0,130860,7.004073E-08
0,130870,6.9987685E-08
0,130880,6.993469E-08
0,130890,6.9881736E-08
0,130900,6.982882E-08
0,130910,6.977594E-08
0,130920,6.972311E-08
0,130930,6.967031E-08
0,130940,6.9617556E-08
0,130950,6.9564834E-08
0,130960,6.951216E-08
0,130970,6.9459524E-08
0,130980,6.940693E-08
0,130990,6.935437E-08
0,131000,6.9301855E-08
0,131010,6.9249374E-08
0,131020,6.9196936E-08
0,131030,6.914454E-08
0,131040,6.909218E-08
0,131050,6.9039864E-08
0,131060,6.898759E-08
0,131070,6.893535E-08
0,131080,6.8883146E-08
0,131090,6.8830985E-08
0,131100,6.877887E-08
0,131110,6.8726784E-08
0,131120,6.8674744E-08
0,131130,6.862274E-08
0,131140,6.857078E-08
0,131150,6.851886E-08
0,131160,6.846697E-08
0,131170,6.8415126E-08
0,131180,6.836332E-08
0,131190,6.831155E-08
0,131200,6.825982E-08
0,131210,6.820814E-08
0,131220,6.815649E-08
0,131230,6.810488E-08
0,131240,6.805331E-08
0,131250,6.8001775E-08
0,131260,6.795028E-08
0,131270,6.789883E-08
0,131280,6.784742E-08
0,131290,6.779604E-08
0,131300,6.77447E-08
0,131310,6.7693406E-08
0,131320,6.764215E-08
0,131330,6.7590925E-08
0,131340,6.7539744E-08
0,131350,6.74886E-08
0,131360,6.74375E-08
0,131370,6.738643E-08
0,131380,6.733541E-08
0,131390,6.728442E-08
0,131400,6.7233465E-08
0,131410,6.7182555E-08
0,131420,6.713168E-08
0,131430,6.708085E-08
0,131440,6.703005E-08
0,131450,6.69793E-08
0,131460,6.692858E-08
0,131470,6.6877895E-08
0,131480,6.6827255E-08
0,131490,6.677665E-08
0,131500,6.672609E-08
0,131510,6.667556E-08
0,131520,6.662507E-08
0,131530,6.657462E-08
0,131540,6.652421E-08
0,131550,6.647384E-08
0,131560,6.64235E-08
0,131570,6.6373204E-08
0,131580,6.632294E-08
0,131590,6.627272E-08
0,131600,6.622254E-08
0,131610,6.617239E-08
0,131620,6.612228E-08
0,131630,6.607222E-08
0,131640,6.602218E-08
0,131650,6.597219E-08
0,131660,6.592224E-08
0,131670,6.5872314E-08
0,131680,6.5822434E-08
0,131690,6.5772596E-08
0,131700,6.572279E-08
0,131710,6.567302E-08
0,131720,6.562329E-08
0,131730,6.55736E-08
0,131740,6.552395E-08
0,131750,6.547433E-08
0,131760,6.542475E-08
0,131770,6.537521E-08
0,131780,6.532571E-08
0,131790,6.527624E-08
0,131800,6.5226814E-08
0,131810,6.517742E-08
0,131820,6.512806E-08
0,131830,6.507875E-08
0,131840,6.502947E-08
0,131850,6.498023E-08
0,131860,6.493102E-08
0,131870,6.488185E-08
0,131880,6.4832726E-08
0,131890,6.4783634E-08
0,131900,6.473458E-08
0,131910,6.468556E-08
0,131920,6.463657E-08
0,131930,6.458763E-08
0,131940,6.4538725E-08
0,131950,6.448985E-08
0,131960,6.444102E-08
0,131970,6.4392225E-08
0,131980,6.434346E-08
0,131990,6.429474E-08
0,132000,6.424605E-08
0,132010,6.419741E-08
0,132020,6.414879E-08
0,132030,6.410022E-08
0,132040,6.405168E-08
0,132050,6.400318E-08
0,132060,6.3954715E-08
0,132070,6.3906285E-08
0,132080,6.38579E-08
0,132090,6.380954E-08
0,132100,6.376122E-08
0,132110,6.371294E-08
0,132120,6.366469E-08
0,132130,6.361648E-08
0,132140,6.3568315E-08
0,132150,6.3520176E-08
0,132160,6.347208E-08
0,132170,6.342402E-08
0,132180,6.337599E-08
0,132190,6.3328E-08
0,132200,6.328005E-08
0,132210,6.323213E-08
0,132220,6.3184245E-08
0,132230,6.3136405E-08
0,132240,6.308859E-08
0,132250,6.304082E-08
0,132260,6.299309E-08
0,132270,6.294539E-08
0,132280,6.289772E-08
0,132290,6.285009E-08
0,132300,6.28025E-08
0,132310,6.275495E-08
0,132320,6.270743E-08
0,132330,6.265994E-08
0,132340,6.261249E-08
0,132350,6.2565086E-08
0,132360,6.251771E-08
0,132370,6.247037E-08
0,132380,6.242306E-08
0,132390,6.23758E-08
0,132400,6.232856E-08
0,132410,6.2281366E-08
0,132420,6.223421E-08
0,132430,6.218708E-08
0,132440,6.213999E-08
0,132450,6.209294E-08
0,132460,6.204592E-08
0,132470,6.199893E-08
0,132480,6.195199E-08
0,132490,6.190508E-08
0,132500,6.18582E-08
0,132510,6.1811356E-08
0,132520,6.176455E-08
0,132530,6.1717785E-08
0,132540,6.167105E-08
0,132550,6.162435E-08
0,132560,6.157769E-08
0,132570,6.153106E-08
0,132580,6.1484464E-08
0,132590,6.143791E-08
0,132600,6.139138E-08
0,132610,6.13449E-08
0,132620,6.1298444E-08
0,132630,6.125203E-08
0,132640,6.120565E-08
0,132650,6.11593E-08
0,132660,6.111299E-08
0,132670,6.1066714E-08
0,132680,6.102047E-08
0,132690,6.0974266E-08
0,132700,6.0928095E-08
0,132710,6.088196E-08
0,132720,6.083586E-08
0,132730,6.078979E-08
0,132740,6.074376E-08
0,132750,6.0697765E-08
0,132760,6.06518E-08
0,132770,6.060587E-08
0,132780,6.0559984E-08
0,132790,6.0514125E-08
0,132800,6.04683E-08
0,132810,6.0422515E-08
0,132820,6.0376756E-08
0,132830,6.033104E-08
0,132840,6.028535E-08
0,132850,6.023971E-08
0,132860,6.019409E-08
0,132870,6.014851E-08
0,132880,6.010296E-08
0,132890,6.005745E-08
0,132900,6.001198E-08
0,132910,5.996653E-08
0,132920,5.992112E-08
0,132930,5.987575E-08
0,132940,5.983041E-08
0,132950,5.978511E-08
0,132960,5.973983E-08
0,132970,5.96946E-08
0,132980,5.9649395E-08
0,132990,5.960423E-08
0,133000,5.9559092E-08
0,133010,5.9513994E-08
0,133020,5.9468928E-08
0,133030,5.9423897E-08
0,133040,5.93789E-08
0,133050,5.9333935E-08
0,133060,5.9289007E-08
0,133070,5.9244112E-08
0,133080,5.919925E-08
0,133090,5.9154424E-08
0,133100,5.910963E-08
0,133110,5.906487E-08
0,133120,5.9020145E-08
0,133130,5.8975452E-08
0,133140,5.8930794E-08
0,133150,5.8886172E-08
0,133160,5.8841582E-08
0,133170,5.8797024E-08
0,133180,5.87525E-08
0,133190,5.8708014E-08
0,133200,5.866356E-08
0,133210,5.8619136E-08
0,133220,5.857475E-08
0,133230,5.8530393E-08
0,133240,5.8486073E-08
0,133250,5.8441785E-08
0,133260,5.8397532E-08
0,133270,5.835331E-08
0,133280,5.8309126E-08
0,133290,5.8264973E-08
0,133300,5.8220852E-08
0,133310,5.8176767E-08
0,133320,5.8132713E-08
0,133330,5.8088695E-08
0,133340,5.804471E-08
0,133350,5.8000754E-08
0,133360,5.7956836E-08
0,133370,5.791295E-08
0,133380,5.7869094E-08
0,133390,5.7825275E-08
0,133400,5.7781488E-08
0,133410,5.7737736E-08
0,133420,5.7694013E-08
0,133430,5.7650325E-08
0,133440,5.7606673E-08
0,133450,5.756305E-08
0,133460,5.751946E-08
0,133470,5.747591E-08
0,133480,5.7432384E-08
0,133490,5.7388895E-08
0,133500,5.734544E-08
0,133510,5.7302017E-08
0,133520,5.7258625E-08
0,133530,5.7215267E-08
0,133540,5.7171942E-08
0,133550,5.7128652E-08
0,133560,5.708539E-08
0,133570,5.7042165E-08
0,133580,5.699897E-08
0,133590,5.695581E-08
0,133600,5.6912683E-08
0,133610,5.6869585E-08
0,133620,5.6826522E-08
0,133630,5.678349E-08
0,133640,5.6740493E-08
0,133650,5.6697527E-08
0,133660,5.6654596E-08
0,133670,5.6611697E-08
0,133680,5.6568826E-08
0,133690,5.652599E-08
0,133700,5.6483188E-08
0,133710,5.6440417E-08
0,133720,5.639768E-08
0,133730,5.6354974E-08
0,133740,5.6312302E-08
0,133750,5.626966E-08
0,133760,5.622705E-08
0,133770,5.6184476E-08
0,133780,5.614193E-08
0,133790,5.6099417E-08
0,133800,5.6056937E-08
0,133810,5.601449E-08
0,133820,5.5972073E-08
0,133830,5.592969E-08
0,133840,5.588734E-08
0,133850,5.584502E-08
0,133860,5.5802733E-08
0,133870,5.5760477E-08
0,133880,5.5718253E-08
0,133890,5.567606E-08
0,133900,5.5633905E-08
0,133910,5.5591777E-08
0,133920,5.554968E-08
0,133930,5.5507616E-08
0,133940,5.5465584E-08
0,133950,5.5423584E-08
0,133960,5.5381616E-08
0,133970,5.533968E-08
0,133980,5.5297775E-08
0,133990,5.5255903E-08
0,134000,5.5214063E-08
0,134010,5.517225E-08
0,134020,5.5130474E-08
0,134030,5.5088726E-08
0,134040,5.5047014E-08
0,134050,5.500533E-08
0,134060,5.4963678E-08
0,134070,5.4922058E-08
0,134080,5.488047E-08
0,134090,5.4838914E-08
0,134100,5.4797386E-08
0,134110,5.4755894E-08
0,134120,5.471443E-08
0,134130,5.4673E-08
0,134140,5.46316E-08
0,134150,5.459023E-08
0,134160,5.4548895E-08
0,134170,5.4507588E-08
0,134180,5.4466312E-08
0,134190,5.442507E-08
0,134200,5.4383857E-08
0,134210,5.4342678E-08
0,134220,5.4301527E-08
0,134230,5.4260408E-08
0,134240,5.421932E-08
0,134250,5.4178265E-08
0,134260,5.413724E-08
0,134270,5.4096247E-08
0,134280,5.405528E-08
0,134290,5.401435E-08
0,134300,5.3973448E-08
0,134310,5.393258E-08
0,134320,5.389174E-08
0,134330,5.3850933E-08
0,134340,5.3810155E-08
0,134350,5.376941E-08
0,134360,5.372869E-08
0,134370,5.368801E-08
0,134380,5.3647355E-08
0,134390,5.360673E-08
0,134400,5.3566136E-08
0,134410,5.3525575E-08
0,134420,5.3485046E-08
0,134430,5.3444545E-08
0,134440,5.3404076E-08
0,134450,5.3363635E-08
0,134460,5.3323227E-08
0,134470,5.328285E-08
0,134480,5.3242502E-08
0,134490,5.3202186E-08
0,134500,5.31619E-08
0,134510,5.3121646E-08
0,134520,5.308142E-08
0,134530,5.3041227E-08
0,134540,5.300106E-08
0,134550,5.2960928E-08
0,134560,5.2920825E-08
0,134570,5.288075E-08
0,134580,5.2840708E-08
0,134590,5.2800697E-08
0,134600,5.2760715E-08
0,134610,5.272076E-08
0,134620,5.268084E-08
0,134630,5.264095E-08
0,134640,5.2601088E-08
0,134650,5.2561255E-08
0,134660,5.2521457E-08
0,134670,5.2481685E-08
0,134680,5.2441944E-08
0,134690,5.2402235E-08
0,134700,5.2362555E-08
0,134710,5.2322903E-08
0,134720,5.2283283E-08
0,134730,5.2243692E-08
0,134740,5.2204133E-08
0,134750,5.21646E-08
0,134760,5.2125102E-08
0,134770,5.2085632E-08
0,134780,5.204619E-08
0,134790,5.200678E-08
0,134800,5.1967397E-08
0,134810,5.1928048E-08
0,134820,5.1888726E-08
0,134830,5.1849437E-08
0,134840,5.1810172E-08
0,134850,5.1770943E-08
0,134860,5.173174E-08
0,134870,5.1692567E-08
0,134880,5.1653423E-08
0,134890,5.161431E-08
0,134900,5.1575228E-08
0,134910,5.1536173E-08
0,134920,5.1497146E-08
0,134930,5.145815E-08
0,134940,5.141919E-08
0,134950,5.138025E-08
0,134960,5.1341345E-08
0,134970,5.1302468E-08
0,134980,5.126362E-08
0,134990,5.1224802E-08
0,135000,5.1186014E-08
0,135010,5.1147254E-08
0,135020,5.1108525E-08
0,135030,5.1069822E-08
0,135040,5.103115E-08
0,135050,5.0992508E-08
0,135060,5.0953897E-08
0,135070,5.0915315E-08
0,135080,5.0876757E-08
0,135090,5.0838235E-08
0,135100,5.0799738E-08
0,135110,5.076127E-08
0,135120,5.0722832E-08
0,135130,5.0684424E-08
0,135140,5.0646044E-08
0,135150,5.0607692E-08
0,135160,5.0569373E-08
0,135170,5.0531078E-08
0,135180,5.0492815E-08
0,135190,5.045458E-08
0,135200,5.0416375E-08
0,135210,5.03782E-08
0,135220,5.0340052E-08
0,135230,5.030193E-08
0,135240,5.0263843E-08
0,135250,5.0225783E-08
0,135260,5.018775E-08
0,135270,5.0149747E-08
0,135280,5.0111773E-08
0,135290,5.0073826E-08
0,135300,5.0035908E-08
0,135310,4.9998018E-08
0,135320,4.996016E-08
0,135330,4.9922328E-08
0,135340,4.9884527E-08
0,135350,4.984675E-08
0,135360,4.9809007E-08
0,135370,4.977129E-08
0,135380,4.9733604E-08
0,135390,4.969594E-08
0,135400,4.965831E-08
0,135410,4.962071E-08
0,135420,4.9583136E-08
0,135430,4.954559E-08
0,135440,4.950807E-08
0,135450,4.9470582E-08
0,135460,4.9433122E-08
0,135470,4.939569E-08
0,135480,4.9358288E-08
0,135490,4.932091E-08
0,135500,4.9283564E-08
0,135510,4.9246246E-08
0,135520,4.9208953E-08
0,135530,4.9171692E-08
0,135540,4.913446E-08
0,135550,4.9097252E-08
0,135560,4.9060073E-08
0,135570,4.9022926E-08
0,135580,4.8985804E-08
0,135590,4.894871E-08
0,135600,4.8911645E-08
0,135610,4.8874607E-08
0,135620,4.88376E-08
0,135630,4.880062E-08
0,135640,4.8763663E-08
0,135650,4.872674E-08
0,135660,4.868984E-08
0,135670,4.865297E-08
0,135680,4.8616133E-08
0,135690,4.857932E-08
0,135700,4.854253E-08
0,135710,4.8505775E-08
0,135720,4.8469044E-08
0,135730,4.8432344E-08
0,135740,4.839567E-08
0,135750,4.8359023E-08
0,135760,4.8322402E-08
0,135770,4.8285813E-08
0,135780,4.8249248E-08
0,135790,4.8212712E-08
0,135800,4.8176204E-08
0,135810,4.8139725E-08
0,135820,4.8103274E-08
0,135830,4.806685E-08
0,135840,4.803045E-08
0,135850,4.799408E-08
0,135860,4.7957737E-08
0,135870,4.792142E-08
0,135880,4.7885134E-08
0,135890,4.7848875E-08
0,135900,4.7812645E-08
0,135910,4.777644E-08
0,135920,4.774026E-08
0,135930,4.770411E-08
0,135940,4.766799E-08
0,135950,4.7631893E-08
0,135960,4.7595826E-08
0,135970,4.7559784E-08
0,135980,4.752377E-08
0,135990,4.7487784E-08
0,136000,4.7451824E-08
0,136010,4.741589E-08
0,136020,4.7379988E-08
0,136030,4.7344113E-08
0,136040,4.7308262E-08
0,136050,4.7272437E-08
0,136060,4.7236643E-08
0,136070,4.7200874E-08
0,136080,4.716513E-08
0,136090,4.7129415E-08
0,136100,4.7093728E-08
0,136110,4.705807E-08
0,136120,4.7022436E-08
0,136130,4.6986827E-08
0,136140,4.6951246E-08
0,136150,4.6915694E-08
0,136160,4.688017E-08
0,136170,4.6844672E-08
0,136180,4.68092E-08
0,136190,4.6773753E-08
0,136200,4.6738336E-08
0,136210,4.6702944E-08
0,136220,4.666758E-08
0,136230,4.663224E-08
0,136240,4.659693E-08
0,136250,4.6561645E-08
0,136260,4.6526388E-08
0,136270,4.6491156E-08
0,136280,4.6455952E-08
0,136290,4.6420773E-08
0,136300,4.6385622E-08
0,136310,4.63505E-08
0,136320,4.6315403E-08
0,136330,4.628033E-08
0,136340,4.6245287E-08
0,136350,4.6210268E-08
0,136360,4.6175277E-08
0,136370,4.614031E-08
0,136380,4.610537E-08
0,136390,4.607046E-08
0,136400,4.6035574E-08
0,136410,4.6000714E-08
0,136420,4.596588E-08
0,136430,4.5931074E-08
0,136440,4.5896293E-08
0,136450,4.586154E-08
0,136460,4.5826813E-08
0,136470,4.5792113E-08
0,136480,4.575744E-08
0,136490,4.572279E-08
0,136500,4.5688164E-08
0,136510,4.5653568E-08
0,136520,4.5619E-08
0,136530,4.5584457E-08
0,136540,4.554994E-08
0,136550,4.5515446E-08
0,136560,4.548098E-08
0,136570,4.544654E-08
0,136580,4.541213E-08
0,136590,4.537774E-08
0,136600,4.534338E-08
0,136610,4.5309044E-08
0,136620,4.5274735E-08
0,136630,4.524045E-08
0,136640,4.5206196E-08
0,136650,4.5171962E-08
0,136660,4.5137757E-08
0,136670,4.510358E-08
0,136680,4.5069424E-08
0,136690,4.5035296E-08
0,136700,4.5001194E-08
0,136710,4.496712E-08
0,136720,4.4933067E-08
0,136730,4.4899043E-08
0,136740,4.4865047E-08
0,136750,4.4831072E-08
0,136760,4.4797126E-08
0,136770,4.4763205E-08
0,136780,4.472931E-08
0,136790,4.4695437E-08
0,136800,4.4661594E-08
0,136810,4.4627775E-08
0,136820,4.4593982E-08
0,136830,4.4560213E-08
0,136840,4.452647E-08
0,136850,4.4492754E-08
0,136860,4.4459064E-08
0,136870,4.44254E-08
0,136880,4.4391758E-08
0,136890,4.4358142E-08
0,136900,4.4324555E-08
0,136910,4.429099E-08
0,136920,4.425745E-08
0,136930,4.422394E-08
0,136940,4.419045E-08
0,136950,4.4156987E-08
0,136960,4.4123553E-08
0,136970,4.409014E-08
0,136980,4.4056755E-08
0,136990,4.4023395E-08
0,137000,4.3990056E-08
0,137010,4.3956746E-08
0,137020,4.392346E-08
0,137030,4.3890203E-08
0,137040,4.3856968E-08
0,137050,4.3823757E-08
0,137060,4.379057E-08
0,137070,4.3757414E-08
0,137080,4.3724278E-08
0,137090,4.369117E-08
0,137100,4.3658087E-08
0,137110,4.3625025E-08
0,137120,4.3591992E-08
0,137130,4.3558984E-08
0,137140,4.3526E-08
0,137150,4.3493042E-08
0,137160,4.3460105E-08
0,137170,4.3427196E-08
0,137180,4.3394312E-08
0,137190,4.3361453E-08
0,137200,4.332862E-08
0,137210,4.329581E-08
0,137220,4.3263025E-08
0,137230,4.3230266E-08
0,137240,4.319753E-08
0,137250,4.316482E-08
0,137260,4.3132133E-08
0,137270,4.3099472E-08
0,137280,4.3066837E-08
0,137290,4.3034227E-08
0,137300,4.3001638E-08
0,137310,4.2969077E-08
0,137320,4.293654E-08
0,137330,4.2904027E-08
0,137340,4.287154E-08
0,137350,4.2839076E-08
0,137360,4.2806636E-08
0,137370,4.277422E-08
0,137380,4.274183E-08
0,137390,4.2709466E-08
0,137400,4.2677126E-08
0,137410,4.264481E-08
0,137420,4.261252E-08
0,137430,4.258025E-08
0,137440,4.254801E-08
0,137450,4.251579E-08
0,137460,4.2483595E-08
0,137470,4.2451425E-08
0,137480,4.241928E-08
0,137490,4.238716E-08
0,137500,4.235506E-08
0,137510,4.232299E-08
0,137520,4.2290942E-08
0,137530,4.2258918E-08
0,137540,4.222692E-08
0,137550,4.2194944E-08
0,137560,4.216299E-08
0,137570,4.2131067E-08
0,137580,4.2099163E-08
0,137590,4.2067285E-08
0,137600,4.203543E-08
0,137610,4.20036E-08
0,137620,4.1971795E-08
0,137630,4.1940012E-08
0,137640,4.1908255E-08
0,137650,4.187652E-08
0,137660,4.184481E-08
0,137670,4.1813124E-08
0,137680,4.1781462E-08
0,137690,4.1749825E-08
0,137700,4.171821E-08
0,137710,4.168662E-08
0,137720,4.1655053E-08
0,137730,4.162351E-08
0,137740,4.1591992E-08
0,137750,4.1560497E-08
0,137760,4.1529027E-08
0,137770,4.149758E-08
0,137780,4.146616E-08
0,137790,4.1434756E-08
0,137800,4.1403382E-08
0,137810,4.137203E-08
0,137820,4.13407E-08
0,137830,4.13094E-08
0,137840,4.1278117E-08
0,137850,4.124686E-08
0,137860,4.121563E-08
0,137870,4.1184418E-08
0,137880,4.1153232E-08
0,137890,4.112207E-08
0,137900,4.109093E-08
0,137910,4.1059817E-08
0,137920,4.1028724E-08
0,137930,4.0997655E-08
0,137940,4.096661E-08
0,137950,4.093559E-08
0,137960,4.090459E-08
0,137970,4.087362E-08
0,137980,4.0842668E-08
0,137990,4.081174E-08
0,138000,4.0780836E-08
0,138010,4.0749956E-08
0,138020,4.07191E-08
0,138030,4.0688267E-08
0,138040,4.0657458E-08
0,138050,4.062667E-08
0,138060,4.0595907E-08
0,138070,4.0565165E-08
0,138080,4.053445E-08
0,138090,4.0503753E-08
0,138100,4.0473083E-08
0,138110,4.0442437E-08
0,138120,4.0411813E-08
0,138130,4.0381213E-08
0,138140,4.0350635E-08
0,138150,4.032008E-08
0,138160,4.028955E-08
0,138170,4.025904E-08
0,138180,4.0228556E-08
0,138190,4.0198092E-08
0,138200,4.0167652E-08
0,138210,4.0137238E-08
0,138220,4.0106844E-08
0,138230,4.0076475E-08
0,138240,4.0046128E-08
0,138250,4.0015802E-08
0,138260,3.99855E-08
0,138270,3.9955225E-08
0,138280,3.992497E-08
0,138290,3.9894736E-08
0,138300,3.9864528E-08
0,138310,3.983434E-08
0,138320,3.9804178E-08
0,138330,3.9774037E-08
0,138340,3.974392E-08
0,138350,3.9713825E-08
0,138360,3.968375E-08
0,138370,3.9653703E-08
0,138380,3.9623675E-08
0,138390,3.9593672E-08
0,138400,3.956369E-08
0,138410,3.953373E-08
0,138420,3.9503796E-08
0,138430,3.9473882E-08
0,138440,3.944399E-08
0,138450,3.941412E-08
0,138460,3.938428E-08
0,138470,3.9354454E-08
0,138480,3.9324654E-08
0,138490,3.929488E-08
0,138500,3.926512E-08
0,138510,3.923539E-08
0,138520,3.920568E-08
0,138530,3.917599E-08
0,138540,3.9146325E-08
0,138550,3.9116685E-08
0,138560,3.9087062E-08
0,138570,3.9057465E-08
0,138580,3.9027892E-08
0,138590,3.8998337E-08
0,138600,3.8968807E-08
0,138610,3.8939298E-08
0,138620,3.8909814E-08
0,138630,3.8880348E-08
0,138640,3.8850906E-08
0,138650,3.882149E-08
0,138660,3.879209E-08
0,138670,3.8762717E-08
0,138680,3.8733365E-08
0,138690,3.8704037E-08
0,138700,3.8674727E-08
0,138710,3.8645442E-08
0,138720,3.861618E-08
0,138730,3.8586936E-08
0,138740,3.855772E-08
0,138750,3.8528523E-08
0,138760,3.8499348E-08
0,138770,3.8470194E-08
0,138780,3.8441065E-08
0,138790,3.8411955E-08
0,138800,3.838287E-08
0,138810,3.8353804E-08
0,138820,3.832476E-08
0,138830,3.829574E-08
0,138840,3.826674E-08
0,138850,3.8237765E-08
0,138860,3.820881E-08
0,138870,3.8179877E-08
0,138880,3.815097E-08
0,138890,3.8122078E-08
0,138900,3.8093212E-08
0,138910,3.8064368E-08
0,138920,3.8035544E-08
0,138930,3.8006743E-08
0,138940,3.7977962E-08
0,138950,3.7949203E-08
0,138960,3.792047E-08
0,138970,3.7891752E-08
0,138980,3.786306E-08
0,138990,3.783439E-08
0,139000,3.780574E-08
0,139010,3.7777113E-08
0,139020,3.7748507E-08
0,139030,3.7719925E-08
0,139040,3.769136E-08
0,139050,3.766282E-08
0,139060,3.76343E-08
0,139070,3.7605805E-08
0,139080,3.7577326E-08
0,139090,3.7548872E-08
0,139100,3.752044E-08
0,139110,3.749203E-08
0,139120,3.746364E-08
0,139130,3.743527E-08
0,139140,3.7406924E-08
0,139150,3.7378598E-08
0,139160,3.7350294E-08
0,139170,3.732201E-08
0,139180,3.729375E-08
0,139190,3.7265508E-08
0,139200,3.7237292E-08
0,139210,3.7209094E-08
0,139220,3.7180918E-08
0,139230,3.7152763E-08
0,139240,3.7124632E-08
0,139250,3.709652E-08
0,139260,3.706843E-08
0,139270,3.704036E-08
0,139280,3.701231E-08
0,139290,3.6984286E-08
0,139300,3.695628E-08
0,139310,3.6928295E-08
0,139320,3.690033E-08
0,139330,3.687239E-08
0,139340,3.684447E-08
0,139350,3.681657E-08
0,139360,3.678869E-08
0,139370,3.6760834E-08
0,139380,3.6733E-08
0,139390,3.670518E-08
0,139400,3.667739E-08
0,139410,3.6649613E-08
0,139420,3.6621863E-08
0,139430,3.659413E-08
0,139440,3.6566423E-08
0,139450,3.6538733E-08
0,139460,3.6511064E-08
0,139470,3.6483417E-08
0,139480,3.645579E-08
0,139490,3.6428187E-08
0,139500,3.64006E-08
0,139510,3.6373038E-08
0,139520,3.6345494E-08
0,139530,3.6317974E-08
0,139540,3.6290473E-08
0,139550,3.6262993E-08
0,139560,3.6235534E-08
0,139570,3.6208096E-08
0,139580,3.6180676E-08
0,139590,3.615328E-08
0,139600,3.6125904E-08
0,139610,3.6098548E-08
0,139620,3.6071214E-08
0,139630,3.60439E-08
0,139640,3.6016605E-08
0,139650,3.5989334E-08
0,139660,3.596208E-08
0,139670,3.593485E-08
0,139680,3.590764E-08
0,139690,3.5880447E-08
0,139700,3.585328E-08
0,139710,3.582613E-08
0,139720,3.5799E-08
0,139730,3.5771894E-08
0,139740,3.5744804E-08
0,139750,3.571774E-08
0,139760,3.5690693E-08
0,139770,3.5663668E-08
0,139780,3.563666E-08
0,139790,3.5609677E-08
0,139800,3.5582712E-08
0,139810,3.5555768E-08
0,139820,3.5528842E-08
0,139830,3.550194E-08
0,139840,3.5475058E-08
0,139850,3.5448195E-08
0,139860,3.542135E-08
0,139870,3.539453E-08
0,139880,3.536773E-08
0,139890,3.5340946E-08
0,139900,3.5314187E-08
0,139910,3.5287446E-08
0,139920,3.5260726E-08
0,139930,3.5234024E-08
0,139940,3.5207343E-08
0,139950,3.5180683E-08
0,139960,3.5154045E-08
0,139970,3.5127425E-08
0,139980,3.5100825E-08
0,139990,3.5074248E-08
0,140000,3.5047687E-08
0,140010,3.502115E-08
0,140020,3.4994628E-08
0,140030,3.496813E-08
0,140040,3.4941653E-08
0,140050,3.4915193E-08
0,140060,3.4888753E-08
0,140070,3.4862335E-08
0,140080,3.483594E-08
0,140090,3.480956E-08
0,140100,3.47832E-08
0,140110,3.4756862E-08
0,140120,3.473054E-08
0,140130,3.4704243E-08
0,140140,3.4677964E-08
0,140150,3.4651706E-08
0,140160,3.4625465E-08
0,140170,3.4599246E-08
0,140180,3.457305E-08
0,140190,3.454687E-08
0,140200,3.4520706E-08
0,140210,3.449457E-08
0,140220,3.4468446E-08
0,140230,3.4442348E-08
0,140240,3.4416267E-08
0,140250,3.4390204E-08
0,140260,3.4364163E-08
0,140270,3.4338143E-08
0,140280,3.431214E-08
0,140290,3.428616E-08
0,140300,3.4260196E-08
0,140310,3.4234255E-08
0,140320,3.420833E-08
0,140330,3.4182428E-08
0,140340,3.4156542E-08
0,140350,3.413068E-08
0,140360,3.4104833E-08
0,140370,3.4079008E-08
0,140380,3.4053205E-08
0,140390,3.402742E-08
0,140400,3.400165E-08
0,140410,3.3975905E-08
0,140420,3.3950176E-08
0,140430,3.392447E-08
0,140440,3.389878E-08
0,140450,3.387311E-08
0,140460,3.3847463E-08
0,140470,3.382183E-08
0,140480,3.379622E-08
0,140490,3.377063E-08
0,140500,3.3745057E-08
0,140510,3.3719505E-08
0,140520,3.3693972E-08
0,140530,3.3668456E-08
0,140540,3.3642962E-08
0,140550,3.361749E-08
0,140560,3.359203E-08
0,140570,3.3566593E-08
0,140580,3.3541177E-08
0,140590,3.351578E-08
0,140600,3.34904E-08
0,140610,3.346504E-08
0,140620,3.34397E-08
0,140630,3.3414377E-08
0,140640,3.3389075E-08
0,140650,3.3363794E-08
0,140660,3.333853E-08
0,140670,3.3313285E-08
0,140680,3.3288057E-08
0,140690,3.326285E-08
0,140700,3.3237665E-08
0,140710,3.3212494E-08
0,140720,3.3187348E-08
0,140730,3.3162216E-08
0,140740,3.3137106E-08
0,140750,3.3112013E-08
0,140760,3.3086938E-08
0,140770,3.3061884E-08
0,140780,3.3036848E-08
0,140790,3.3011833E-08
0,140800,3.2986836E-08
0,140810,3.2961857E-08
0,140820,3.2936896E-08
0,140830,3.2911956E-08
0,140840,3.2887034E-08
0,140850,3.2862133E-08
0,140860,3.283725E-08
0,140870,3.2812384E-08
0,140880,3.2787536E-08
0,140890,3.276271E-08
0,140900,3.27379E-08
0,140910,3.271311E-08
0,140920,3.2688337E-08
0,140930,3.2663586E-08
0,140940,3.263885E-08
0,140950,3.261414E-08
0,140960,3.258944E-08
0,140970,3.2564763E-08
0,140980,3.2540104E-08
0,140990,3.2515466E-08
0,141000,3.2490842E-08
0,141010,3.246624E-08
0,141020,3.2441655E-08
0,141030,3.241709E-08
0,141040,3.2392542E-08
0,141050,3.2368014E-08
0,141060,3.2343504E-08
0,141070,3.231901E-08
0,141080,3.229454E-08
0,141090,3.2270087E-08
0,141100,3.224565E-08
0,141110,3.2221234E-08
0,141120,3.2196834E-08
0,141130,3.2172455E-08
0,141140,3.214809E-08
0,141150,3.2123747E-08
0,141160,3.2099425E-08
0,141170,3.2075118E-08
0,141180,3.2050828E-08
0,141190,3.202656E-08
0,141200,3.200231E-08
0,141210,3.1978075E-08
0,141220,3.195386E-08
0,141230,3.1929662E-08
0,141240,3.1905486E-08
0,141250,3.1881328E-08
0,141260,3.1857184E-08
0,141270,3.183306E-08
0,141280,3.1808955E-08
0,141290,3.178487E-08
0,141300,3.1760802E-08
0,141310,3.1736754E-08
0,141320,3.171272E-08
0,141330,3.1688707E-08
0,141340,3.166471E-08
0,141350,3.1640734E-08
0,141360,3.1616775E-08
0,141370,3.1592833E-08
0,141380,3.156891E-08
0,141390,3.1545007E-08
0,141400,3.1521118E-08
0,141410,3.149725E-08
0,141420,3.1473398E-08
0,141430,3.1449567E-08
0,141440,3.1425753E-08
0,141450,3.1401957E-08
0,141460,3.137818E-08
0,141470,3.1354418E-08
0,141480,3.1330675E-08
0,141490,3.130695E-08
0,141500,3.1283243E-08
0,141510,3.1259557E-08
0,141520,3.1235885E-08
0,141530,3.121223E-08
0,141540,3.11886E-08
0,141550,3.116498E-08
0,141560,3.1141383E-08
0,141570,3.11178E-08
0,141580,3.109424E-08
0,141590,3.107069E-08
0,141600,3.1047165E-08
0,141610,3.1023657E-08
0,141620,3.1000162E-08
0,141630,3.097669E-08
0,141640,3.095323E-08
0,141650,3.0929794E-08
0,141660,3.0906374E-08
0,141670,3.088297E-08
0,141680,3.0859585E-08
0,141690,3.0836215E-08
0,141700,3.0812867E-08
0,141710,3.0789536E-08
0,141720,3.076622E-08
0,141730,3.074292E-08
0,141740,3.0719644E-08
0,141750,3.069638E-08
0,141760,3.067314E-08
0,141770,3.064991E-08
0,141780,3.06267E-08
0,141790,3.0603513E-08
0,141800,3.058034E-08
0,141810,3.055718E-08
0,141820,3.0534043E-08
0,141830,3.0510922E-08
0,141840,3.048782E-08
0,141850,3.046473E-08
0,141860,3.044166E-08
0,141870,3.041861E-08
0,141880,3.0395576E-08
0,141890,3.037256E-08
0,141900,3.034956E-08
0,141910,3.0326582E-08
0,141920,3.0303617E-08
0,141930,3.028067E-08
0,141940,3.025774E-08
0,141950,3.023483E-08
0,141960,3.0211933E-08
0,141970,3.0189057E-08
0,141980,3.01662E-08
0,141990,3.0143354E-08
0,142000,3.012053E-08
0,142010,3.009772E-08
0,142020,3.007493E-08
0,142030,3.0052156E-08
0,142040,3.00294E-08
0,142050,3.000666E-08
0,142060,2.998394E-08
0,142070,2.9961235E-08
0,142080,2.9938548E-08
0,142090,2.9915878E-08
0,142100,2.9893222E-08
0,142110,2.9870588E-08
0,142120,2.9847968E-08
0,142130,2.982537E-08
0,142140,2.9802784E-08
0,142150,2.9780216E-08
0,142160,2.9757665E-08
0,142170,2.9735132E-08
0,142180,2.9712615E-08
0,142190,2.9690117E-08
0,142200,2.9667634E-08
0,142210,2.9645168E-08
0,142220,2.962272E-08
0,142230,2.960029E-08
0,142240,2.9577876E-08
0,142250,2.9555478E-08
0,142260,2.9533098E-08
0,142270,2.9510735E-08
0,142280,2.9488389E-08
0,142290,2.946606E-08
0,142300,2.9443747E-08
0,142310,2.9421452E-08
0,142320,2.9399173E-08
0,142330,2.937691E-08
0,142340,2.9354666E-08
0,142350,2.9332437E-08
0,142360,2.9310225E-08
0,142370,2.9288032E-08
0,142380,2.9265854E-08
0,142390,2.9243694E-08
0,142400,2.922155E-08
0,142410,2.9199422E-08
0,142420,2.9177311E-08
0,142430,2.9155217E-08
0,142440,2.913314E-08
0,142450,2.911108E-08
0,142460,2.9089037E-08
0,142470,2.9067008E-08
0,142480,2.9045E-08
0,142490,2.9023004E-08
0,142500,2.900103E-08
0,142510,2.8979068E-08
0,142520,2.8957125E-08
0,142530,2.8935197E-08
0,142540,2.8913286E-08
0,142550,2.8891392E-08
0,142560,2.8869515E-08
0,142570,2.8847655E-08
0,142580,2.8825811E-08
0,142590,2.8803983E-08
0,142600,2.8782171E-08
0,142610,2.8760377E-08
0,142620,2.8738599E-08
0,142630,2.8716837E-08
0,142640,2.8695093E-08
0,142650,2.8673364E-08
0,142660,2.8651652E-08
0,142670,2.8629955E-08
0,142680,2.8608277E-08
0,142690,2.8586612E-08
0,142700,2.8564967E-08
0,142710,2.8543337E-08
0,142720,2.8521722E-08
0,142730,2.8500125E-08
0,142740,2.8478544E-08
0,142750,2.8456979E-08
0,142760,2.8435432E-08
0,142770,2.8413899E-08
0,142780,2.8392384E-08
0,142790,2.8370884E-08
0,142800,2.8349401E-08
0,142810,2.8327934E-08
0,142820,2.8306482E-08
0,142830,2.8285049E-08
0,142840,2.826363E-08
0,142850,2.8242228E-08
0,142860,2.8220843E-08
0,142870,2.8199473E-08
0,142880,2.817812E-08
0,142890,2.8156782E-08
0,142900,2.8135462E-08
0,142910,2.8114156E-08
0,142920,2.8092868E-08
0,142930,2.8071595E-08
0,142940,2.8050339E-08
0,142950,2.8029097E-08
0,142960,2.8007873E-08
0,142970,2.7986665E-08
0,142980,2.7965473E-08
0,142990,2.7944298E-08
0,143000,2.7923138E-08
0,143010,2.7901992E-08
0,143020,2.7880864E-08
0,143030,2.7859752E-08
0,143040,2.7838656E-08
0,143050,2.7817576E-08
0,143060,2.7796512E-08
0,143070,2.7775464E-08
0,143080,2.7754432E-08
0,143090,2.7733416E-08
0,143100,2.7712414E-08
0,143110,2.769143E-08
0,143120,2.7670461E-08
0,143130,2.7649508E-08
0,143140,2.7628571E-08
0,143150,2.760765E-08
0,143160,2.7586745E-08
0,143170,2.7565855E-08
0,143180,2.7544981E-08
0,143190,2.7524123E-08
0,143200,2.7503281E-08
0,143210,2.7482455E-08
0,143220,2.7461645E-08
0,143230,2.7440851E-08
0,143240,2.7420072E-08
0,143250,2.739931E-08
0,143260,2.7378562E-08
0,143270,2.735783E-08
0,143280,2.7337114E-08
0,143290,2.7316412E-08
0,143300,2.7295728E-08
0,143310,2.7275059E-08
0,143320,2.7254405E-08
0,143330,2.7233767E-08
0,143340,2.7213146E-08
0,143350,2.719254E-08
0,143360,2.7171948E-08
0,143370,2.7151373E-08
0,143380,2.7130813E-08
0,143390,2.711027E-08
0,143400,2.708974E-08
0,143410,2.7069227E-08
0,143420,2.704873E-08
0,143430,2.7028248E-08
0,143440,2.7007781E-08
0,143450,2.698733E-08
0,143460,2.6966894E-08
0,143470,2.6946475E-08
0,143480,2.692607E-08
0,143490,2.6905681E-08
0,143500,2.6885308E-08
0,143510,2.686495E-08
0,143520,2.6844607E-08
0,143530,2.682428E-08
0,143540,2.6803967E-08
0,143550,2.678367E-08
0,143560,2.676339E-08
0,143570,2.6743123E-08
0,143580,2.6722873E-08
0,143590,2.6702637E-08
0,143600,2.6682418E-08
0,143610,2.6662212E-08
0,143620,2.6642024E-08
0,143630,2.662185E-08
0,143640,2.660169E-08
0,143650,2.6581548E-08
0,143660,2.6561418E-08
0,143670,2.6541306E-08
0,143680,2.6521208E-08
0,143690,2.6501125E-08
0,143700,2.6481057E-08
0,143710,2.6461006E-08
0,143720,2.6440969E-08
0,143730,2.6420947E-08
0,143740,2.640094E-08
0,143750,2.6380949E-08
0,143760,2.6360972E-08
0,143770,2.6341011E-08
0,143780,2.6321064E-08
0,143790,2.6301134E-08
0,143800,2.6281219E-08
0,143810,2.6261317E-08
0,143820,2.6241432E-08
0,143830,2.622156E-08
0,143840,2.6201706E-08
0,143850,2.6181864E-08
0,143860,2.616204E-08
0,143870,2.6142228E-08
0,143880,2.6122432E-08
0,143890,2.6102652E-08
0,143900,2.6082887E-08
0,143910,2.6063136E-08
0,143920,2.60434E-08
0,143930,2.602368E-08
0,143940,2.6003974E-08
0,143950,2.5984283E-08
0,143960,2.5964606E-08
0,143970,2.5944946E-08
0,143980,2.59253E-08
0,143990,2.5905669E-08
0,144000,2.5886052E-08
0,144010,2.586645E-08
0,144020,2.5846864E-08
0,144030,2.5827292E-08
0,144040,2.5807735E-08
0,144050,2.5788193E-08
0,144060,2.5768664E-08
0,144070,2.5749152E-08
0,144080,2.5729653E-08
0,144090,2.571017E-08
0,144100,2.5690703E-08
0,144110,2.5671248E-08
0,144120,2.565181E-08
0,144130,2.5632385E-08
0,144140,2.5612977E-08
0,144150,2.559358E-08
0,144160,2.55742E-08
0,144170,2.5554835E-08
0,144180,2.5535485E-08
0,144190,2.551615E-08
0,144200,2.5496828E-08
0,144210,2.547752E-08
0,144220,2.5458228E-08
0,144230,2.543895E-08
0,144240,2.5419688E-08
0,144250,2.5400439E-08
0,144260,2.5381205E-08
0,144270,2.5361986E-08
0,144280,2.534278E-08
0,144290,2.532359E-08
0,144300,2.5304415E-08
0,144310,2.5285253E-08
0,144320,2.5266107E-08
0,144330,2.5246974E-08
0,144340,2.5227857E-08
0,144350,2.5208754E-08
0,144360,2.5189665E-08
0,144370,2.5170591E-08
0,144380,2.515153E-08
0,144390,2.5132486E-08
0,144400,2.5113454E-08
0,144410,2.5094439E-08
0,144420,2.5075435E-08
0,144430,2.5056448E-08
0,144440,2.5037474E-08
0,144450,2.5018515E-08
0,144460,2.499957E-08
0,144470,2.4980642E-08
0,144480,2.4961725E-08
0,144490,2.4942823E-08
0,144500,2.4923935E-08
0,144510,2.4905063E-08
0,144520,2.4886203E-08
0,144530,2.486736E-08
0,144540,2.4848529E-08
0,144550,2.4829713E-08
0,144560,2.481091E-08
0,144570,2.4792124E-08
0,144580,2.4773351E-08
0,144590,2.4754591E-08
0,144600,2.4735847E-08
0,144610,2.4717115E-08
0,144620,2.46984E-08
0,144630,2.4679698E-08
0,144640,2.466101E-08
0,144650,2.4642336E-08
0,144660,2.4623676E-08
0,144670,2.460503E-08
0,144680,2.4586399E-08
0,144690,2.456778E-08
0,144700,2.4549177E-08
0,144710,2.4530587E-08
0,144720,2.4512012E-08
0,144730,2.449345E-08
0,144740,2.4474904E-08
0,144750,2.4456371E-08
0,144760,2.4437853E-08
0,144770,2.4419348E-08
0,144780,2.4400856E-08
0,144790,2.4382379E-08
0,144800,2.4363917E-08
0,144810,2.4345468E-08
0,144820,2.4327033E-08
0,144830,2.4308612E-08
0,144840,2.4290204E-08
0,144850,2.4271811E-08
0,144860,2.4253431E-08
0,144870,2.4235067E-08
0,144880,2.4216716E-08
0,144890,2.4198378E-08
0,144900,2.4180054E-08
0,144910,2.4161745E-08
0,144920,2.4143448E-08
0,144930,2.4125166E-08
0,144940,2.4106898E-08
0,144950,2.4088644E-08
0,144960,2.4070403E-08
0,144970,2.4052177E-08
0,144980,2.4033964E-08
0,144990,2.4015764E-08
0,145000,2.3997579E-08
0,145010,2.3979407E-08
0,145020,2.3961249E-08
0,145030,2.3943105E-08
0,145040,2.3924976E-08
0,145050,2.3906859E-08
0,145060,2.3888756E-08
0,145070,2.3870665E-08
0,145080,2.3852591E-08
0,145090,2.3834529E-08
0,145100,2.3816481E-08
0,145110,2.3798446E-08
0,145120,2.3780425E-08
0,145130,2.3762418E-08
0,145140,2.3744425E-08
0,145150,2.3726445E-08
0,145160,2.3708479E-08
0,145170,2.3690525E-08
0,145180,2.3672587E-08
0,145190,2.365466E-08
0,145200,2.363675E-08
0,145210,2.361885E-08
0,145220,2.3600967E-08
0,145230,2.3583095E-08
0,145240,2.3565237E-08
0,145250,2.3547393E-08
0,145260,2.3529562E-08
0,145270,2.3511745E-08
0,145280,2.3493941E-08
0,145290,2.347615E-08
0,145300,2.3458375E-08
0,145310,2.3440611E-08
0,145320,2.3422862E-08
0,145330,2.3405125E-08
0,145340,2.3387402E-08
0,145350,2.3369692E-08
0,145360,2.3351996E-08
0,145370,2.3334314E-08
0,145380,2.3316645E-08
0,145390,2.3298988E-08
0,145400,2.3281345E-08
0,145410,2.3263716E-08
0,145420,2.32461E-08
0,145430,2.3228498E-08
0,145440,2.3210909E-08
0,145450,2.3193332E-08
0,145460,2.317577E-08
0,145470,2.315822E-08
0,145480,2.3140684E-08
0,145490,2.3123162E-08
0,145500,2.3105653E-08
0,145510,2.3088155E-08
0,145520,2.3070672E-08
0,145530,2.3053204E-08
0,145540,2.3035748E-08
0,145550,2.3018304E-08
0,145560,2.3000874E-08
0,145570,2.2983457E-08
0,145580,2.2966052E-08
0,145590,2.2948662E-08
0,145600,2.2931285E-08
0,145610,2.2913921E-08
0,145620,2.289657E-08
0,145630,2.2879233E-08
0,145640,2.2861908E-08
0,145650,2.2844596E-08
0,145660,2.2827297E-08
0,145670,2.2810012E-08
0,145680,2.279274E-08
0,145690,2.277548E-08
0,145700,2.2758234E-08
0,145710,2.2741E-08
0,145720,2.272378E-08
0,145730,2.2706574E-08
0,145740,2.268938E-08
0,145750,2.2672198E-08
0,145760,2.265503E-08
0,145770,2.2637876E-08
0,145780,2.2620734E-08
0,145790,2.2603604E-08
0,145800,2.258649E-08
0,145810,2.2569385E-08
0,145820,2.2552296E-08
0,145830,2.2535218E-08
0,145840,2.2518154E-08
0,145850,2.2501103E-08
0,145860,2.2484064E-08
0,145870,2.2467038E-08
0,145880,2.2450026E-08
0,145890,2.2433026E-08
0,145900,2.2416039E-08
0,145910,2.2399066E-08
0,145920,2.2382103E-08
0,145930,2.2365155E-08
0,145940,2.2348221E-08
0,145950,2.2331298E-08
0,145960,2.2314389E-08
0,145970,2.229749E-08
0,145980,2.2280606E-08
0,145990,2.2263736E-08
0,146000,2.2246876E-08
0,146010,2.2230031E-08
0,146020,2.2213197E-08
0,146030,2.2196376E-08
0,146040,2.2179568E-08
0,146050,2.2162775E-08
0,146060,2.2145992E-08
0,146070,2.2129223E-08
0,146080,2.2112465E-08
0,146090,2.209572E-08
0,146100,2.207899E-08
0,146110,2.206227E-08
0,146120,2.2045565E-08
0,146130,2.2028871E-08
0,146140,2.2012191E-08
0,146150,2.1995522E-08
0,146160,2.1978867E-08
0,146170,2.1962224E-08
0,146180,2.1945594E-08
0,146190,2.1928976E-08
0,146200,2.191237E-08
0,146210,2.1895778E-08
0,146220,2.1879197E-08
0,146230,2.186263E-08
0,146240,2.1846075E-08
0,146250,2.1829534E-08
0,146260,2.1813003E-08
0,146270,2.1796486E-08
0,146280,2.177998E-08
0,146290,2.1763489E-08
0,146300,2.1747008E-08
0,146310,2.1730541E-08
0,146320,2.1714087E-08
0,146330,2.1697643E-08
0,146340,2.1681213E-08
0,146350,2.1664796E-08
0,146360,2.1648392E-08
0,146370,2.1631998E-08
0,146380,2.1615618E-08
0,146390,2.159925E-08
0,146400,2.1582894E-08
0,146410,2.1566551E-08
0,146420,2.1550221E-08
0,146430,2.1533902E-08
0,146440,2.1517597E-08
0,146450,2.1501302E-08
0,146460,2.1485022E-08
0,146470,2.1468752E-08
0,146480,2.1452495E-08
0,146490,2.143625E-08
0,146500,2.142002E-08
0,146510,2.14038E-08
0,146520,2.1387592E-08
0,146530,2.1371395E-08
0,146540,2.1355213E-08
0,146550,2.1339043E-08
0,146560,2.1322885E-08
0,146570,2.1306738E-08
0,146580,2.1290603E-08
0,146590,2.1274483E-08
0,146600,2.1258373E-08
0,146610,2.1242275E-08
0,146620,2.1226189E-08
0,146630,2.1210116E-08
0,146640,2.1194056E-08
0,146650,2.1178007E-08
0,146660,2.116197E-08
0,146670,2.1145945E-08
0,146680,2.1129933E-08
0,146690,2.1113934E-08
0,146700,2.1097945E-08
0,146710,2.108197E-08
0,146720,2.1066006E-08
0,146730,2.1050054E-08
0,146740,2.1034115E-08
0,146750,2.1018186E-08
0,146760,2.1002272E-08
0,146770,2.0986368E-08
0,146780,2.0970477E-08
0,146790,2.0954596E-08
0,146800,2.093873E-08
0,146810,2.0922874E-08
0,146820,2.090703E-08
0,146830,2.08912E-08
0,146840,2.087538E-08
0,146850,2.0859574E-08
0,146860,2.0843778E-08
0,146870,2.0827994E-08
0,146880,2.0812223E-08
0,146890,2.0796463E-08
0,146900,2.0780716E-08
0,146910,2.0764979E-08
0,146920,2.0749257E-08
0,146930,2.0733545E-08
0,146940,2.0717843E-08
0,146950,2.0702156E-08
0,146960,2.068648E-08
0,146970,2.0670814E-08
0,146980,2.0655163E-08
0,146990,2.0639522E-08
0,147000,2.0623894E-08
0,147010,2.0608276E-08
0,147020,2.059267E-08
0,147030,2.0577078E-08
0,147040,2.0561496E-08
0,147050,2.0545926E-08
0,147060,2.0530369E-08
0,147070,2.0514822E-08
0,147080,2.0499288E-08
0,147090,2.0483766E-08
0,147100,2.0468255E-08
0,147110,2.0452756E-08
0,147120,2.0437268E-08
0,147130,2.0421792E-08
0,147140,2.0406329E-08
0,147150,2.0390877E-08
0,147160,2.0375436E-08
0,147170,2.0360007E-08
0,147180,2.034459E-08
0,147190,2.0329184E-08
0,147200,2.0313792E-08
0,147210,2.0298408E-08
0,147220,2.0283037E-08
0,147230,2.0267679E-08
0,147240,2.0252331E-08
0,147250,2.0236996E-08
0,147260,2.0221673E-08
0,147270,2.020636E-08
0,147280,2.019106E-08
0,147290,2.017577E-08
0,147300,2.0160492E-08
0,147310,2.0145226E-08
0,147320,2.0129972E-08
0,147330,2.011473E-08
0,147340,2.0099497E-08
0,147350,2.0084277E-08
0,147360,2.006907E-08
0,147370,2.0053873E-08
0,147380,2.0038687E-08
0,147390,2.0023514E-08
0,147400,2.000835E-08
0,147410,1.99932E-08
0,147420,1.997806E-08
0,147430,1.9962933E-08
0,147440,1.9947816E-08
0,147450,1.9932711E-08
0,147460,1.9917618E-08
0,147470,1.9902535E-08
0,147480,1.9887464E-08
0,147490,1.9872406E-08
0,147500,1.9857358E-08
0,147510,1.9842322E-08
0,147520,1.9827295E-08
0,147530,1.9812282E-08
0,147540,1.979728E-08
0,147550,1.978229E-08
0,147560,1.976731E-08
0,147570,1.975234E-08
0,147580,1.9737383E-08
0,147590,1.9722439E-08
0,147600,1.9707503E-08
0,147610,1.969258E-08
0,147620,1.967767E-08
0,147630,1.966277E-08
0,147640,1.964788E-08
0,147650,1.9633001E-08
0,147660,1.9618135E-08
0,147670,1.9603279E-08
0,147680,1.9588436E-08
0,147690,1.9573603E-08
0,147700,1.9558781E-08
0,147710,1.954397E-08
0,147720,1.9529171E-08
0,147730,1.9514383E-08
0,147740,1.9499607E-08
0,147750,1.948484E-08
0,147760,1.9470086E-08
0,147770,1.9455342E-08
0,147780,1.9440611E-08
0,147790,1.942589E-08
0,147800,1.941118E-08
0,147810,1.939648E-08
0,147820,1.9381794E-08
0,147830,1.9367118E-08
0,147840,1.9352452E-08
0,147850,1.9337799E-08
0,147860,1.9323155E-08
0,147870,1.9308523E-08
0,147880,1.9293902E-08
0,147890,1.9279293E-08
0,147900,1.9264693E-08
0,147910,1.9250106E-08
0,147920,1.9235529E-08
0,147930,1.9220963E-08
0,147940,1.9206409E-08
0,147950,1.9191866E-08
0,147960,1.9177332E-08
0,147970,1.9162812E-08
0,147980,1.91483E-08
0,147990,1.91338E-08
0,148000,1.9119312E-08
0,148010,1.9104835E-08
0,148020,1.9090368E-08
0,148030,1.9075912E-08
0,148040,1.9061467E-08
0,148050,1.9047034E-08
0,148060,1.903261E-08
0,148070,1.9018199E-08
0,148080,1.9003798E-08
0,148090,1.8989407E-08
0,148100,1.8975028E-08
0,148110,1.8960659E-08
0,148120,1.8946302E-08
0,148130,1.8931955E-08
0,148140,1.891762E-08
0,148150,1.8903295E-08
0,148160,1.8888981E-08
0,148170,1.8874678E-08
0,148180,1.8860385E-08
0,148190,1.8846103E-08
0,148200,1.8831832E-08
0,148210,1.8817573E-08
0,148220,1.8803323E-08
0,148230,1.8789086E-08
0,148240,1.8774857E-08
0,148250,1.8760641E-08
0,148260,1.8746436E-08
0,148270,1.8732239E-08
0,148280,1.8718055E-08
0,148290,1.8703881E-08
0,148300,1.8689718E-08
0,148310,1.8675566E-08
0,148320,1.8661424E-08
0,148330,1.8647293E-08
0,148340,1.8633173E-08
0,148350,1.8619064E-08
0,148360,1.8604965E-08
0,148370,1.8590876E-08
0,148380,1.8576799E-08
0,148390,1.8562732E-08
0,148400,1.8548675E-08
0,148410,1.853463E-08
0,148420,1.8520595E-08
0,148430,1.850657E-08
0,148440,1.8492557E-08
0,148450,1.8478554E-08
0,148460,1.8464561E-08
0,148470,1.845058E-08
0,148480,1.8436609E-08
0,148490,1.8422648E-08
0,148500,1.8408699E-08
0,148510,1.8394758E-08
0,148520,1.838083E-08
0,148530,1.8366912E-08
0,148540,1.8353003E-08
0,148550,1.8339106E-08
0,148560,1.8325219E-08
0,148570,1.8311342E-08
0,148580,1.8297477E-08
0,148590,1.8283622E-08
0,148600,1.8269777E-08
0,148610,1.8255943E-08
0,148620,1.8242119E-08
0,148630,1.8228304E-08
0,148640,1.8214502E-08
0,148650,1.8200708E-08
0,148660,1.8186928E-08
0,148670,1.8173155E-08
0,148680,1.8159394E-08
0,148690,1.8145643E-08
0,148700,1.8131903E-08
0,148710,1.8118174E-08
0,148720,1.8104453E-08
0,148730,1.8090745E-08
0,148740,1.8077046E-08
0,148750,1.8063357E-08
0,148760,1.8049679E-08
0,148770,1.8036012E-08
0,148780,1.8022353E-08
0,148790,1.8008707E-08
0,148800,1.799507E-08
0,148810,1.7981444E-08
0,148820,1.7967828E-08
0,148830,1.7954223E-08
0,148840,1.7940627E-08
0,148850,1.7927041E-08
0,148860,1.7913466E-08
0,148870,1.7899902E-08
0,148880,1.7886348E-08
0,148890,1.7872804E-08
0,148900,1.785927E-08
0,148910,1.7845746E-08
0,148920,1.7832233E-08
0,148930,1.7818731E-08
0,148940,1.7805238E-08
0,148950,1.7791756E-08
0,148960,1.7778284E-08
0,148970,1.776482E-08
0,148980,1.7751368E-08
0,148990,1.7737927E-08
0,149000,1.7724496E-08
0,149010,1.7711073E-08
0,149020,1.7697662E-08
0,149030,1.7684261E-08
0,149040,1.7670871E-08
0,149050,1.765749E-08
0,149060,1.7644119E-08
0,149070,1.7630759E-08
0,149080,1.7617408E-08
0,149090,1.7604068E-08
0,149100,1.7590738E-08
0,149110,1.7577417E-08
0,149120,1.7564107E-08
0,149130,1.7550807E-08
0,149140,1.7537516E-08
0,149150,1.7524236E-08
0,149160,1.7510967E-08
0,149170,1.7497708E-08
0,149180,1.7484458E-08
0,149190,1.7471217E-08
0,149200,1.7457989E-08
0,149210,1.744477E-08
0,149220,1.7431558E-08
0,149230,1.741836E-08
0,149240,1.740517E-08
0,149250,1.739199E-08
0,149260,1.737882E-08
0,149270,1.7365661E-08
0,149280,1.735251E-08
0,149290,1.733937E-08
0,149300,1.7326242E-08
0,149310,1.7313122E-08
0,149320,1.7300012E-08
0,149330,1.7286911E-08
0,149340,1.7273821E-08
0,149350,1.726074E-08
0,149360,1.7247672E-08
0,149370,1.723461E-08
0,149380,1.722156E-08
0,149390,1.7208519E-08
0,149400,1.719549E-08
0,149410,1.7182467E-08
0,149420,1.7169457E-08
0,149430,1.7156456E-08
0,149440,1.7143464E-08
0,149450,1.7130482E-08
0,149460,1.7117511E-08
0,149470,1.7104549E-08
0,149480,1.7091597E-08
0,149490,1.7078655E-08
0,149500,1.7065723E-08
0,149510,1.70528E-08
0,149520,1.7039888E-08
0,149530,1.7026984E-08
0,149540,1.7014091E-08
0,149550,1.7001208E-08
0,149560,1.6988334E-08
0,149570,1.697547E-08
0,149580,1.6962614E-08
0,149590,1.6949771E-08
0,149600,1.6936935E-08
0,149610,1.692411E-08
0,149620,1.6911295E-08
0,149630,1.689849E-08
0,149640,1.6885695E-08
0,149650,1.6872907E-08
0,149660,1.6860131E-08
0,149670,1.6847364E-08
0,149680,1.6834607E-08
0,149690,1.682186E-08
0,149700,1.6809121E-08
0,149710,1.6796394E-08
0,149720,1.6783675E-08
0,149730,1.6770965E-08
0,149740,1.6758266E-08
0,149750,1.6745576E-08
0,149760,1.6732896E-08
0,149770,1.6720225E-08
0,149780,1.6707563E-08
0,149790,1.6694912E-08
0,149800,1.6682272E-08
0,149810,1.6669638E-08
0,149820,1.6657015E-08
0,149830,1.6644403E-08
0,149840,1.66318E-08
0,149850,1.6619206E-08
0,149860,1.660662E-08
0,149870,1.6594045E-08
0,149880,1.658148E-08
0,149890,1.6568924E-08
0,149900,1.6556378E-08
0,149910,1.654384E-08
0,149920,1.6531313E-08
0,149930,1.6518795E-08
0,149940,1.6506286E-08
0,149950,1.6493788E-08
0,149960,1.6481298E-08
0,149970,1.646882E-08
0,149980,1.6456347E-08
0,149990,1.6443886E-08
0,150000,1.6431434E-08
0,150010,1.6418992E-08
0,150020,1.640656E-08
0,150030,1.6394136E-08
0,150040,1.6381723E-08
0,150050,1.6369317E-08
0,150060,1.6356923E-08
0,150070,1.6344536E-08
0,150080,1.633216E-08
0,150090,1.6319792E-08
0,150100,1.6307435E-08
0,150110,1.6295086E-08
0,150120,1.6282748E-08
0,150130,1.6270418E-08
0,150140,1.6258097E-08
0,150150,1.6245787E-08
0,150160,1.6233484E-08
0,150170,1.6221192E-08
0,150180,1.6208908E-08
0,150190,1.6196635E-08
0,150200,1.6184371E-08
0,150210,1.6172116E-08
0,150220,1.615987E-08
0,150230,1.6147633E-08
0,150240,1.6135406E-08
0,150250,1.6123186E-08
0,150260,1.6110977E-08
0,150270,1.609878E-08
0,150280,1.6086588E-08
0,150290,1.6074408E-08
0,150300,1.6062234E-08
0,150310,1.6050071E-08
0,150320,1.603792E-08
0,150330,1.6025774E-08
0,150340,1.6013638E-08
0,150350,1.6001513E-08
0,150360,1.5989396E-08
0,150370,1.5977289E-08
0,150380,1.596519E-08
0,150390,1.5953102E-08
0,150400,1.5941021E-08
0,150410,1.592895E-08
0,150420,1.5916887E-08
0,150430,1.5904835E-08
0,150440,1.5892791E-08
0,150450,1.5880758E-08
0,150460,1.5868732E-08
0,150470,1.5856717E-08
0,150480,1.5844709E-08
0,150490,1.5832711E-08
0,150500,1.5820723E-08
0,150510,1.5808743E-08
0,150520,1.5796772E-08
0,150530,1.578481E-08
0,150540,1.5772857E-08
0,150550,1.5760913E-08
0,150560,1.5748979E-08
0,150570,1.5737053E-08
0,150580,1.5725137E-08
0,150590,1.571323E-08
0,150600,1.570133E-08
0,150610,1.568944E-08
0,150620,1.567756E-08
0,150630,1.566569E-08
0,150640,1.5653827E-08
0,150650,1.5641973E-08
0,150660,1.5630128E-08
0,150670,1.5618292E-08
0,150680,1.5606467E-08
0,150690,1.559465E-08
0,150700,1.558284E-08
0,150710,1.5571041E-08
0,150720,1.555925E-08
0,150730,1.5547467E-08
0,150740,1.5535695E-08
0,150750,1.552393E-08
0,150760,1.5512176E-08
0,150770,1.550043E-08
0,150780,1.5488691E-08
0,150790,1.5476964E-08
0,150800,1.5465243E-08
0,150810,1.5453534E-08
0,150820,1.5441831E-08
0,150830,1.5430139E-08
0,150840,1.5418454E-08
0,150850,1.540678E-08
0,150860,1.5395113E-08
0,150870,1.5383455E-08
0,150880,1.5371807E-08
0,150890,1.5360166E-08
0,150900,1.5348535E-08
0,150910,1.5336912E-08
0,150920,1.53253E-08
0,150930,1.5313695E-08
0,150940,1.53021E-08
0,150950,1.5290512E-08
0,150960,1.5278934E-08
0,150970,1.5267364E-08
0,150980,1.5255804E-08
0,150990,1.524425E-08
0,151000,1.5232708E-08
0,151010,1.5221174E-08
0,151020,1.5209647E-08
0,151030,1.5198129E-08
0,151040,1.5186622E-08
0,151050,1.5175122E-08
0,151060,1.516363E-08
0,151070,1.5152148E-08
0,151080,1.5140674E-08
0,151090,1.512921E-08
0,151100,1.5117754E-08
0,151110,1.5106306E-08
0,151120,1.5094868E-08
0,151130,1.5083437E-08
0,151140,1.5072015E-08
0,151150,1.5060602E-08
0,151160,1.5049197E-08
0,151170,1.5037802E-08
0,151180,1.5026416E-08
0,151190,1.5015036E-08
0,151200,1.5003668E-08
0,151210,1.4992306E-08
0,151220,1.4980953E-08
0,151230,1.496961E-08
0,151240,1.4958275E-08
0,151250,1.4946947E-08
0,151260,1.493563E-08
0,151270,1.492432E-08
0,151280,1.4913018E-08
0,151290,1.4901726E-08
0,151300,1.4890442E-08
0,151310,1.4879166E-08
0,151320,1.48679E-08
0,151330,1.4856641E-08
0,151340,1.4845392E-08
0,151350,1.483415E-08
0,151360,1.4822917E-08
0,151370,1.4811693E-08
0,151380,1.4800477E-08
0,151390,1.4789269E-08
0,151400,1.4778071E-08
0,151410,1.476688E-08
0,151420,1.4755699E-08
0,151430,1.4744526E-08
0,151440,1.473336E-08
0,151450,1.4722204E-08
0,151460,1.47110555E-08
0,151470,1.4699916E-08
0,151480,1.4688785E-08
0,151490,1.4677663E-08
0,151500,1.4666548E-08
0,151510,1.4655442E-08
0,151520,1.4644344E-08
0,151530,1.46332555E-08
0,151540,1.4622175E-08
0,151550,1.46111026E-08
0,151560,1.46000385E-08
0,151570,1.4588983E-08
0,151580,1.4577936E-08
0,151590,1.4566897E-08
0,151600,1.4555867E-08
0,151610,1.4544844E-08
0,151620,1.4533831E-08
0,151630,1.4522826E-08
0,151640,1.4511828E-08
0,151650,1.450084E-08
0,151660,1.4489859E-08
0,151670,1.4478887E-08
0,151680,1.4467923E-08
0,151690,1.4456968E-08
0,151700,1.444602E-08
0,151710,1.4435082E-08
0,151720,1.4424151E-08
0,151730,1.4413229E-08
0,151740,1.4402315E-08
0,151750,1.4391409E-08
0,151760,1.4380511E-08
0,151770,1.4369622E-08
0,151780,1.4358741E-08
0,151790,1.4347868E-08
0,151800,1.4337004E-08
0,151810,1.4326147E-08
0,151820,1.4315299E-08
0,151830,1.4304459E-08
0,151840,1.4293628E-08
0,151850,1.4282804E-08
0,151860,1.4271989E-08
0,151870,1.4261182E-08
0,151880,1.4250382E-08
0,151890,1.4239592E-08
0,151900,1.4228809E-08
0,151910,1.4218035E-08
0,151920,1.4207268E-08
0,151930,1.4196511E-08
0,151940,1.418576E-08
0,151950,1.41750185E-08
0,151960,1.4164285E-08
0,151970,1.4153559E-08
0,151980,1.4142842E-08
0,151990,1.4132133E-08
0,152000,1.4121431E-08
0,152010,1.4110738E-08
0,152020,1.4100053E-08
0,152030,1.4089376E-08
0,152040,1.4078707E-08
0,152050,1.4068046E-08
0,152060,1.40573935E-08
0,152070,1.40467495E-08
0,152080,1.4036113E-08
0,152090,1.4025484E-08
0,152100,1.4014864E-08
0,152110,1.4004251E-08
0,152120,1.3993647E-08
0,152130,1.398305E-08
0,152140,1.3972462E-08
0,152150,1.3961881E-08
0,152160,1.3951309E-08
0,152170,1.39407454E-08
0,152180,1.3930189E-08
0,152190,1.39196406E-08
0,152200,1.39091005E-08
0,152210,1.3898568E-08
0,152220,1.3888044E-08
0,152230,1.3877527E-08
0,152240,1.3867019E-08
0,152250,1.3856519E-08
0,152260,1.3846026E-08
0,152270,1.3835541E-08
0,152280,1.3825065E-08
0,152290,1.3814596E-08
0,152300,1.3804135E-08
0,152310,1.3793682E-08
0,152320,1.3783237E-08
0,152330,1.37728E-08
0,152340,1.3762371E-08
0,152350,1.375195E-08
0,152360,1.3741537E-08
0,152370,1.3731131E-08
0,152380,1.3720733E-08
0,152390,1.3710344E-08
0,152400,1.3699962E-08
0,152410,1.3689588E-08
0,152420,1.3679222E-08
0,152430,1.3668863E-08
0,152440,1.3658513E-08
0,152450,1.3648171E-08
0,152460,1.3637836E-08
0,152470,1.3627509E-08
0,152480,1.361719E-08
0,152490,1.3606878E-08
0,152500,1.35965745E-08
0,152510,1.3586279E-08
0,152520,1.3575991E-08
0,152530,1.3565711E-08
0,152540,1.35554385E-08
0,152550,1.3545175E-08
0,152560,1.3534917E-08
0,152570,1.35246685E-08
0,152580,1.3514428E-08
0,152590,1.3504194E-08
0,152600,1.3493968E-08
0,152610,1.348375E-08
0,152620,1.347354E-08
0,152630,1.3463337E-08
0,152640,1.3453143E-08
0,152650,1.3442955E-08
0,152660,1.3432776E-08
0,152670,1.3422604E-08
0,152680,1.3412441E-08
0,152690,1.3402285E-08
0,152700,1.3392135E-08
0,152710,1.3381995E-08
0,152720,1.3371862E-08
0,152730,1.3361736E-08
0,152740,1.33516185E-08
0,152750,1.3341508E-08
0,152760,1.3331405E-08
0,152770,1.332131E-08
0,152780,1.3311223E-08
0,152790,1.3301144E-08
0,152800,1.3291071E-08
0,152810,1.3281007E-08
0,152820,1.3270951E-08
0,152830,1.3260902E-08
0,152840,1.325086E-08
0,152850,1.3240826E-08
0,152860,1.32308E-08
0,152870,1.3220781E-08
0,152880,1.321077E-08
0,152890,1.3200767E-08
0,152900,1.319077E-08
0,152910,1.3180782E-08
0,152920,1.3170801E-08
0,152930,1.3160828E-08
0,152940,1.3150863E-08
0,152950,1.3140904E-08
0,152960,1.3130953E-08
0,152970,1.312101E-08
0,152980,1.3111075E-08
0,152990,1.3101147E-08
0,153000,1.3091226E-08
0,153010,1.3081313E-08
0,153020,1.3071408E-08
0,153030,1.3061509E-08
0,153040,1.3051619E-08
0,153050,1.3041736E-08
0,153060,1.3031861E-08
0,153070,1.3021992E-08
0,153080,1.3012132E-08
0,153090,1.3002278E-08
0,153100,1.2992433E-08
0,153110,1.29825946E-08
0,153120,1.2972764E-08
0,153130,1.2962941E-08
0,153140,1.2953125E-08
0,153150,1.2943317E-08
0,153160,1.2933516E-08
0,153170,1.2923722E-08
0,153180,1.2913936E-08
0,153190,1.2904157E-08
0,153200,1.2894385E-08
0,153210,1.2884621E-08
0,153220,1.2874865E-08
0,153230,1.2865116E-08
0,153240,1.2855374E-08
0,153250,1.2845639E-08
0,153260,1.2835913E-08
0,153270,1.28261926E-08
0,153280,1.281648E-08
0,153290,1.2806775E-08
0,153300,1.2797078E-08
0,153310,1.2787387E-08
0,153320,1.2777704E-08
0,153330,1.2768029E-08
0,153340,1.2758361E-08
0,153350,1.27487E-08
0,153360,1.2739046E-08
0,153370,1.27294E-08
0,153380,1.271976E-08
0,153390,1.2710129E-08
0,153400,1.2700505E-08
0,153410,1.26908875E-08
0,153420,1.2681277E-08
0,153430,1.2671674E-08
0,153440,1.2662079E-08
0,153450,1.26524915E-08
0,153460,1.2642911E-08
0,153470,1.2633337E-08
0,153480,1.26237705E-08
0,153490,1.2614212E-08
0,153500,1.26046595E-08
0,153510,1.2595115E-08
0,153520,1.2585578E-08
0,153530,1.2576048E-08
0,153540,1.2566525E-08
0,153550,1.2557009E-08
0,153560,1.2547501E-08
0,153570,1.2537999E-08
0,153580,1.2528505E-08
0,153590,1.2519019E-08
0,153600,1.2509538E-08
0,153610,1.2500066E-08
0,153620,1.24906006E-08
0,153630,1.2481142E-08
0,153640,1.2471691E-08
0,153650,1.2462247E-08
0,153660,1.2452811E-08
0,153670,1.2443381E-08
0,153680,1.2433959E-08
0,153690,1.2424543E-08
0,153700,1.2415136E-08
0,153710,1.2405734E-08
0,153720,1.239634E-08
0,153730,1.2386954E-08
0,153740,1.2377574E-08
0,153750,1.2368201E-08
0,153760,1.2358836E-08
0,153770,1.2349477E-08
0,153780,1.2340125E-08
0,153790,1.2330782E-08
0,153800,1.2321444E-08
0,153810,1.2312114E-08
0,153820,1.2302791E-08
0,153830,1.2293475E-08
0,153840,1.2284166E-08
0,153850,1.2274864E-08
0,153860,1.2265569E-08
0,153870,1.2256281E-08
0,153880,1.2247001E-08
0,153890,1.2237727E-08
0,153900,1.222846E-08
0,153910,1.2219201E-08
0,153920,1.2209948E-08
0,153930,1.2200702E-08
0,153940,1.2191464E-08
0,153950,1.2182232E-08
0,153960,1.2173007E-08
0,153970,1.2163789E-08
0,153980,1.2154579E-08
0,153990,1.21453745E-08
0,154000,1.2136178E-08
0,154010,1.2126988E-08
0,154020,1.2117805E-08
0,154030,1.210863E-08
0,154040,1.209946E-08
0,154050,1.20902985E-08
0,154060,1.2081143E-08
0,154070,1.2071995E-08
0,154080,1.2062854E-08
0,154090,1.205372E-08
0,154100,1.2044592E-08
0,154110,1.2035471E-08
0,154120,1.2026358E-08
0,154130,1.2017251E-08
0,154140,1.2008152E-08
0,154150,1.1999059E-08
0,154160,1.1989973E-08
0,154170,1.1980894E-08
0,154180,1.1971822E-08
0,154190,1.1962756E-08
0,154200,1.1953698E-08
0,154210,1.1944646E-08
0,154220,1.1935601E-08
0,154230,1.1926563E-08
0,154240,1.1917532E-08
0,154250,1.1908508E-08
0,154260,1.189949E-08
0,154270,1.189048E-08
0,154280,1.1881476E-08
0,154290,1.1872479E-08
0,154300,1.1863489E-08
0,154310,1.1854505E-08
0,154320,1.1845529E-08
0,154330,1.1836559E-08
0,154340,1.1827596E-08
0,154350,1.181864E-08
0,154360,1.1809691E-08
0,154370,1.1800748E-08
0,154380,1.1791812E-08
0,154390,1.1782883E-08
0,154400,1.17739605E-08
0,154410,1.1765045E-08
0,154420,1.17561365E-08
0,154430,1.1747234E-08
0,154440,1.1738339E-08
0,154450,1.172945E-08
0,154460,1.17205685E-08
0,154470,1.1711694E-08
0,154480,1.1702825E-08
0,154490,1.1693963E-08
0,154500,1.1685108E-08
0,154510,1.167626E-08
0,154520,1.1667418E-08
0,154530,1.1658583E-08
0,154540,1.1649756E-08
0,154550,1.16409336E-08
0,154560,1.1632119E-08
0,154570,1.1623311E-08
0,154580,1.1614509E-08
0,154590,1.1605715E-08
0,154600,1.1596926E-08
0,154610,1.1588145E-08
0,154620,1.157937E-08
0,154630,1.1570602E-08
0,154640,1.156184E-08
0,154650,1.1553086E-08
0,154660,1.1544337E-08
0,154670,1.1535596E-08
0,154680,1.152686E-08
0,154690,1.1518132E-08
0,154700,1.150941E-08
0,154710,1.1500695E-08
0,154720,1.1491986E-08
0,154730,1.14832845E-08
0,154740,1.1474588E-08
0,154750,1.14659E-08
0,154760,1.1457217E-08
0,154770,1.1448542E-08
0,154780,1.1439873E-08
0,154790,1.1431211E-08
0,154800,1.14225545E-08
0,154810,1.14139045E-08
0,154820,1.1405262E-08
0,154830,1.1396626E-08
0,154840,1.1387995E-08
0,154850,1.1379372E-08
0,154860,1.1370756E-08
0,154870,1.1362145E-08
0,154880,1.1353541E-08
0,154890,1.13449445E-08
0,154900,1.1336354E-08
0,154910,1.132777E-08
0,154920,1.1319192E-08
0,154930,1.1310621E-08
0,154940,1.1302056E-08
0,154950,1.1293498E-08
0,154960,1.1284946E-08
0,154970,1.1276401E-08
0,154980,1.1267862E-08
0,154990,1.12593295E-08
0,155000,1.1250804E-08
0,155010,1.1242284E-08
0,155020,1.1233771E-08
0,155030,1.1225265E-08
0,155040,1.1216764E-08
0,155050,1.1208271E-08
0,155060,1.1199784E-08
0,155070,1.1191303E-08
0,155080,1.1182829E-08
0,155090,1.1174361E-08
0,155100,1.1165899E-08
0,155110,1.1157444E-08
0,155120,1.11489955E-08
0,155130,1.1140553E-08
0,155140,1.11321175E-08
0,155150,1.1123688E-08
0,155160,1.1115264E-08
0,155170,1.1106848E-08
0,155180,1.1098438E-08
0,155190,1.1090034E-08
0,155200,1.1081636E-08
0,155210,1.10732445E-08
0,155220,1.1064859E-08
0,155230,1.1056481E-08
0,155240,1.1048109E-08
0,155250,1.10397425E-08
0,155260,1.1031383E-08
0,155270,1.102303E-08
0,155280,1.1014683E-08
0,155290,1.10063425E-08
0,155300,1.0998008E-08
0,155310,1.098968E-08
0,155320,1.0981358E-08
0,155330,1.0973043E-08
0,155340,1.0964734E-08
0,155350,1.0956431E-08
0,155360,1.0948135E-08
0,155370,1.0939845E-08
0,155380,1.09315605E-08
0,155390,1.0923283E-08
0,155400,1.0915011E-08
0,155410,1.0906747E-08
0,155420,1.08984874E-08
0,155430,1.08902345E-08
0,155440,1.0881989E-08
0,155450,1.0873748E-08
0,155460,1.0865515E-08
0,155470,1.0857287E-08
0,155480,1.0849066E-08
0,155490,1.084085E-08
0,155500,1.08326415E-08
0,155510,1.0824438E-08
0,155520,1.0816242E-08
0,155530,1.0808051E-08
0,155540,1.0799868E-08
0,155550,1.0791689E-08
0,155560,1.0783518E-08
0,155570,1.0775352E-08
0,155580,1.07671925E-08
0,155590,1.075904E-08
0,155600,1.0750893E-08
0,155610,1.0742752E-08
0,155620,1.0734617E-08
0,155630,1.0726488E-08
0,155640,1.0718366E-08
0,155650,1.071025E-08
0,155660,1.070214E-08
0,155670,1.0694036E-08
0,155680,1.06859375E-08
0,155690,1.0677846E-08
0,155700,1.0669761E-08
0,155710,1.0661681E-08
0,155720,1.0653608E-08
0,155730,1.06455404E-08
0,155740,1.0637479E-08
0,155750,1.06294245E-08
0,155760,1.0621376E-08
0,155770,1.0613333E-08
0,155780,1.0605296E-08
0,155790,1.0597265E-08
0,155800,1.05892415E-08
0,155810,1.0581223E-08
0,155820,1.0573211E-08
0,155830,1.0565204E-08
0,155840,1.0557204E-08
0,155850,1.05492095E-08
0,155860,1.0541221E-08
0,155870,1.0533239E-08
0,155880,1.0525263E-08
0,155890,1.0517294E-08
0,155900,1.0509329E-08
0,155910,1.0501371E-08
0,155920,1.04934195E-08
0,155930,1.0485474E-08
0,155940,1.04775335E-08
0,155950,1.0469599E-08
0,155960,1.04616715E-08
0,155970,1.045375E-08
0,155980,1.0445834E-08
0,155990,1.0437924E-08
0,156000,1.043002E-08
0,156010,1.0422123E-08
0,156020,1.041423E-08
0,156030,1.0406345E-08
0,156040,1.0398465E-08
0,156050,1.0390591E-08
0,156060,1.0382723E-08
0,156070,1.0374861E-08
0,156080,1.0367005E-08
0,156090,1.0359154E-08
0,156100,1.035131E-08
0,156110,1.0343472E-08
0,156120,1.033564E-08
0,156130,1.0327813E-08
0,156140,1.0319993E-08
0,156150,1.0312178E-08
0,156160,1.030437E-08
0,156170,1.0296566E-08
0,156180,1.028877E-08
0,156190,1.0280979E-08
0,156200,1.0273194E-08
0,156210,1.0265415E-08
0,156220,1.0257642E-08
0,156230,1.0249874E-08
0,156240,1.0242113E-08
0,156250,1.0234357E-08
0,156260,1.0226607E-08
0,156270,1.0218863E-08
0,156280,1.0211125E-08
0,156290,1.0203394E-08
0,156300,1.0195667E-08
0,156310,1.01879465E-08
0,156320,1.0180232E-08
0,156330,1.0172523E-08
0,156340,1.016482E-08
0,156350,1.0157123E-08
0,156360,1.0149432E-08
0,156370,1.0141747E-08
0,156380,1.0134067E-08
0,156390,1.0126393E-08
0,156400,1.0118725E-08
0,156410,1.0111063E-08
0,156420,1.0103407E-08
0,156430,1.0095756E-08
0,156440,1.0088112E-08
0,156450,1.00804725E-08
0,156460,1.00728395E-08
0,156470,1.0065212E-08
0,156480,1.005759E-08
0,156490,1.0049974E-08
0,156500,1.0042364E-08
0,156510,1.003476E-08
0,156520,1.0027161E-08
0,156530,1.0019568E-08
0,156540,1.00119815E-08
0,156550,1.00044E-08
0,156560,9.996825E-09
0,156570,9.989255E-09
0,156580,9.98169E-09
0,156590,9.974132E-09
0,156600,9.96658E-09
0,156610,9.959033E-09
0,156620,9.951491E-09
0,156630,9.943956E-09
0,156640,9.936426E-09
0,156650,9.928901E-09
0,156660,9.921383E-09
0,156670,9.913871E-09
0,156680,9.906364E-09
0,156690,9.898862E-09
0,156700,9.891367E-09
0,156710,9.883877E-09
0,156720,9.876392E-09
0,156730,9.868914E-09
0,156740,9.8614406E-09
0,156750,9.853973E-09
0,156760,9.846511E-09
0,156770,9.839056E-09
0,156780,9.831605E-09
0,156790,9.82416E-09
0,156800,9.816721E-09
0,156810,9.809288E-09
0,156820,9.80186E-09
0,156830,9.794437E-09
0,156840,9.787021E-09
0,156850,9.77961E-09
0,156860,9.772204E-09
0,156870,9.764805E-09
0,156880,9.757411E-09
0,156890,9.750022E-09
0,156900,9.742639E-09
0,156910,9.7352615E-09
0,156920,9.72789E-09
0,156930,9.720524E-09
0,156940,9.713163E-09
0,156950,9.705808E-09
0,156960,9.698458E-09
0,156970,9.691115E-09
0,156980,9.6837764E-09
0,156990,9.676444E-09
0,157000,9.669116E-09
0,157010,9.661794E-09
0,157020,9.654478E-09
0,157030,9.6471675E-09
0,157040,9.639862E-09
0,157050,9.632563E-09
0,157060,9.625269E-09
0,157070,9.61798E-09
0,157080,9.610697E-09
0,157090,9.60342E-09
0,157100,9.596148E-09
0,157110,9.588882E-09
0,157120,9.581621E-09
0,157130,9.574365E-09
0,157140,9.567115E-09
0,157150,9.55987E-09
0,157160,9.552632E-09
0,157170,9.545398E-09
0,157180,9.53817E-09
0,157190,9.530948E-09
0,157200,9.52373E-09
0,157210,9.516519E-09
0,157220,9.5093124E-09
0,157230,9.502112E-09
0,157240,9.494917E-09
0,157250,9.487727E-09
0,157260,9.480543E-09
0,157270,9.473363E-09
0,157280,9.4661905E-09
0,157290,9.459022E-09
0,157300,9.45186E-09
0,157310,9.444702E-09
0,157320,9.43755E-09
0,157330,9.430404E-09
0,157340,9.423263E-09
0,157350,9.416127E-09
0,157360,9.408997E-09
0,157370,9.401873E-09
0,157380,9.394753E-09
0,157390,9.387639E-09
0,157400,9.380531E-09
0,157410,9.373427E-09
0,157420,9.36633E-09
0,157430,9.359238E-09
0,157440,9.35215E-09
0,157450,9.345069E-09
0,157460,9.337993E-09
0,157470,9.330922E-09
0,157480,9.3238555E-09
0,157490,9.316795E-09
0,157500,9.3097405E-09
0,157510,9.302691E-09
0,157520,9.295647E-09
0,157530,9.288608E-09
0,157540,9.281575E-09
0,157550,9.2745465E-09
0,157560,9.267523E-09
0,157570,9.260505E-09
0,157580,9.253493E-09
0,157590,9.246486E-09
0,157600,9.239485E-09
0,157610,9.2324886E-09
0,157620,9.225497E-09
0,157630,9.218511E-09
0,157640,9.211531E-09
0,157650,9.204555E-09
0,157660,9.197586E-09
0,157670,9.190621E-09
0,157680,9.183662E-09
0,157690,9.176707E-09
0,157700,9.169758E-09
0,157710,9.162815E-09
0,157720,9.155877E-09
0,157730,9.148944E-09
0,157740,9.142016E-09
0,157750,9.135094E-09
0,157760,9.1281755E-09
0,157770,9.121264E-09
0,157780,9.114357E-09
0,157790,9.107455E-09
0,157800,9.1005585E-09
0,157810,9.093668E-09
0,157820,9.086782E-09
0,157830,9.079901E-09
0,157840,9.073026E-09
0,157850,9.066155E-09
0,157860,9.05929E-09
0,157870,9.05243E-09
0,157880,9.045575E-09
0,157890,9.038725E-09
0,157900,9.031881E-09
0,157910,9.025042E-09
0,157920,9.018208E-09
0,157930,9.011379E-09
0,157940,9.004555E-09
0,157950,8.997738E-09
0,157960,8.990924E-09
0,157970,8.984116E-09
0,157980,8.977313E-09
0,157990,8.970515E-09
0,158000,8.963722E-09
0,158010,8.956935E-09
0,158020,8.950152E-09
0,158030,8.943375E-09
0,158040,8.936603E-09
0,158050,8.9298355E-09
0,158060,8.923074E-09
0,158070,8.916317E-09
0,158080,8.9095655E-09
0,158090,8.902819E-09
0,158100,8.896078E-09
0,158110,8.889341E-09
0,158120,8.882609E-09
0,158130,8.875883E-09
0,158140,8.869162E-09
0,158150,8.862447E-09
0,158160,8.855736E-09
0,158170,8.84903E-09
0,158180,8.8423295E-09
0,158190,8.835634E-09
0,158200,8.828943E-09
0,158210,8.822258E-09
0,158220,8.815577E-09
0,158230,8.808901E-09
0,158240,8.802231E-09
0,158250,8.795566E-09
0,158260,8.788906E-09
0,158270,8.7822505E-09
0,158280,8.775601E-09
0,158290,8.768955E-09
0,158300,8.762315E-09
0,158310,8.75568E-09
0,158320,8.74905E-09
0,158330,8.7424255E-09
0,158340,8.735805E-09
0,158350,8.72919E-09
0,158360,8.72258E-09
0,158370,8.7159755E-09
0,158380,8.709375E-09
0,158390,8.70278E-09
0,158400,8.69619E-09
0,158410,8.6896055E-09
0,158420,8.683025E-09
0,158430,8.676451E-09
0,158440,8.66988E-09
0,158450,8.663315E-09
0,158460,8.656755E-09
0,158470,8.6502E-09
0,158480,8.643649E-09
0,158490,8.637104E-09
0,158500,8.630565E-09
0,158510,8.624029E-09
0,158520,8.617499E-09
0,158530,8.610973E-09
0,158540,8.604453E-09
0,158550,8.5979375E-09
0,158560,8.591427E-09
0,158570,8.584921E-09
0,158580,8.578421E-09
0,158590,8.5719245E-09
0,158600,8.565434E-09
0,158610,8.558947E-09
0,158620,8.552466E-09
0,158630,8.545991E-09
0,158640,8.539519E-09
0,158650,8.5330525E-09
0,158660,8.526591E-09
0,158670,8.520135E-09
0,158680,8.513683E-09
0,158690,8.507237E-09
0,158700,8.500795E-09
0,158710,8.494357E-09
0,158720,8.487925E-09
0,158730,8.481498E-09
0,158740,8.475076E-09
0,158750,8.468658E-09
0,158760,8.462245E-09
0,158770,8.455838E-09
0,158780,8.449435E-09
0,158790,8.4430365E-09
0,158800,8.436643E-09
0,158810,8.430255E-09
0,158820,8.423871E-09
0,158830,8.4174925E-09
0,158840,8.411118E-09
0,158850,8.404749E-09
0,158860,8.398385E-09
0,158870,8.392026E-09
0,158880,8.385671E-09
0,158890,8.379321E-09
0,158900,8.372976E-09
0,158910,8.366635E-09
0,158920,8.3603E-09
0,158930,8.35397E-09
0,158940,8.3476435E-09
0,158950,8.341322E-09
0,158960,8.3350065E-09
0,158970,8.328695E-09
0,158980,8.322388E-09
0,158990,8.3160865E-09
0,159000,8.309789E-09
0,159010,8.303497E-09
0,159020,8.297209E-09
0,159030,8.290926E-09
0,159040,8.284648E-09
0,159050,8.278374E-09
0,159060,8.272106E-09
0,159070,8.265842E-09
0,159080,8.259583E-09
0,159090,8.253329E-09
0,159100,8.2470795E-09
0,159110,8.240834E-09
0,159120,8.234594E-09
0,159130,8.228358E-09
0,159140,8.222128E-09
0,159150,8.215902E-09
0,159160,8.209681E-09
0,159170,8.203464E-09
0,159180,8.197252E-09
0,159190,8.191045E-09
0,159200,8.184842E-09
0,159210,8.178644E-09
0,159220,8.172451E-09
0,159230,8.166263E-09
0,159240,8.16008E-09
0,159250,8.153901E-09
0,159260,8.147726E-09
0,159270,8.141557E-09
0,159280,8.135391E-09
0,159290,8.129231E-09
0,159300,8.1230755E-09
0,159310,8.116924E-09
0,159320,8.110778E-09
0,159330,8.104636E-09
0,159340,8.0985E-09
0,159350,8.092367E-09
0,159360,8.086239E-09
0,159370,8.080116E-09
0,159380,8.0739975E-09
0,159390,8.067883E-09
0,159400,8.061774E-09
0,159410,8.05567E-09
0,159420,8.04957E-09
0,159430,8.043474E-09
0,159440,8.037384E-09
0,159450,8.031297E-09
0,159460,8.025216E-09
0,159470,8.019139E-09
0,159480,8.013067E-09
0,159490,8.0069995E-09
0,159500,8.000936E-09
0,159510,7.994878E-09
0,159520,7.988824E-09
0,159530,7.982774E-09
0,159540,7.9767295E-09
0,159550,7.970689E-09
0,159560,7.964654E-09
0,159570,7.958623E-09
0,159580,7.952596E-09
0,159590,7.946574E-09
0,159600,7.940557E-09
0,159610,7.934545E-09
0,159620,7.928536E-09
0,159630,7.922532E-09
0,159640,7.916533E-09
0,159650,7.910539E-09
0,159660,7.904548E-09
0,159670,7.898563E-09
0,159680,7.892582E-09
0,159690,7.886605E-09
0,159700,7.880633E-09
0,159710,7.874666E-09
0,159720,7.868703E-09
0,159730,7.862745E-09
0,159740,7.856791E-09
0,159750,7.850842E-09
0,159760,7.844896E-09
0,159770,7.838956E-09
0,159780,7.8330205E-09
0,159790,7.827089E-09
0,159800,7.821162E-09
0,159810,7.81524E-09
0,159820,7.809322E-09
0,159830,7.803409E-09
0,159840,7.7974995E-09
0,159850,7.791595E-09
0,159860,7.785695E-09
0,159870,7.779799E-09
0,159880,7.773909E-09
0,159890,7.768022E-09
0,159900,7.762139E-09
0,159910,7.756262E-09
0,159920,7.750389E-09
0,159930,7.74452E-09
0,159940,7.738656E-09
0,159950,7.732796E-09
0,159960,7.72694E-09
0,159970,7.721089E-09
0,159980,7.715243E-09
0,159990,7.7094E-09
0,160000,7.703562E-09
0,160010,7.69773E-09
0,160020,7.6919004E-09
0,160030,7.686076E-09
0,160040,7.6802555E-09
0,160050,7.67444E-09
0,160060,7.668628E-09
0,160070,7.6628215E-09
0,160080,7.657019E-09
0,160090,7.651221E-09
0,160100,7.645427E-09
0,160110,7.639638E-09
0,160120,7.6338535E-09
0,160130,7.628072E-09
0,160140,7.622297E-09
0,160150,7.616524E-09
0,160160,7.610757E-09
0,160170,7.604994E-09
0,160180,7.599236E-09
0,160190,7.593481E-09
0,160200,7.587731E-09
0,160210,7.581986E-09
0,160220,7.5762445E-09
0,160230,7.570507E-09
0,160240,7.564775E-09
0,160250,7.559047E-09
0,160260,7.553322E-09
0,160270,7.5476025E-09
0,160280,7.541888E-09
0,160290,7.536177E-09
0,160300,7.5304705E-09
0,160310,7.524768E-09
0,160320,7.51907E-09
0,160330,7.513377E-09
0,160340,7.507687E-09
0,160350,7.502002E-09
0,160360,7.496321E-09
0,160370,7.4906445E-09
0,160380,7.484973E-09
0,160390,7.479305E-09
0,160400,7.473641E-09
0,160410,7.467982E-09
0,160420,7.462328E-09
0,160430,7.456676E-09
0,160440,7.45103E-09
0,160450,7.445388E-09
0,160460,7.43975E-09
0,160470,7.4341164E-09
0,160480,7.428487E-09
0,160490,7.4228623E-09
0,160500,7.4172415E-09
0,160510,7.411625E-09
0,160520,7.4060127E-09
0,160530,7.4004047E-09
0,160540,7.3948008E-09
0,160550,7.3892013E-09
0,160560,7.383606E-09
0,160570,7.378015E-09
0,160580,7.372428E-09
0,160590,7.3668454E-09
0,160600,7.361267E-09
0,160610,7.355693E-09
0,160620,7.350123E-09
0,160630,7.3445574E-09
0,160640,7.338996E-09
0,160650,7.3334387E-09
0,160660,7.3278854E-09
0,160670,7.3223365E-09
0,160680,7.316792E-09
0,160690,7.3112516E-09
0,160700,7.305715E-09
0,160710,7.300183E-09
0,160720,7.294655E-09
0,160730,7.2891315E-09
0,160740,7.283612E-09
0,160750,7.278097E-09
0,160760,7.2725856E-09
0,160770,7.2670785E-09
0,160780,7.261576E-09
0,160790,7.256077E-09
0,160800,7.2505824E-09
0,160810,7.245092E-09
0,160820,7.2396062E-09
0,160830,7.234124E-09
0,160840,7.228646E-09
0,160850,7.2231723E-09
0,160860,7.217703E-09
0,160870,7.2122375E-09
0,160880,7.206776E-09
0,160890,7.201319E-09
0,160900,7.195866E-09
0,160910,7.190417E-09
0,160920,7.184972E-09
0,160930,7.1795316E-09
0,160940,7.174095E-09
0,160950,7.1686626E-09
0,160960,7.1632345E-09
0,160970,7.1578103E-09
0,160980,7.1523902E-09
0,160990,7.146974E-09
0,161000,7.141562E-09
0,161010,7.1361543E-09
0,161020,7.1307507E-09
0,161030,7.125351E-09
0,161040,7.1199557E-09
0,161050,7.114564E-09
0,161060,7.109177E-09
0,161070,7.1037936E-09
0,161080,7.0984143E-09
0,161090,7.0930395E-09
0,161100,7.0876682E-09
0,161110,7.0823014E-09
0,161120,7.0769386E-09
0,161130,7.0715798E-09
0,161140,7.066225E-09
0,161150,7.060874E-09
0,161160,7.0555273E-09
0,161170,7.050185E-09
0,161180,7.044846E-09
0,161190,7.0395116E-09
0,161200,7.0341812E-09
0,161210,7.028855E-09
0,161220,7.0235324E-09
0,161230,7.018214E-09
0,161240,7.0128996E-09
0,161250,7.007589E-09
0,161260,7.0022828E-09
0,161270,6.9969803E-09
0,161280,6.9916823E-09
0,161290,6.986388E-09
0,161300,6.9810975E-09
0,161310,6.9758115E-09
0,161320,6.970529E-09
0,161330,6.9652506E-09
0,161340,6.9599766E-09
0,161350,6.954706E-09
0,161360,6.94944E-09
0,161370,6.9441777E-09
0,161380,6.938919E-09
0,161390,6.9336648E-09
0,161400,6.9284147E-09
0,161410,6.9231683E-09
0,161420,6.917926E-09
0,161430,6.9126873E-09
0,161440,6.907453E-09
0,161450,6.9022223E-09
0,161460,6.896996E-09
0,161470,6.8917734E-09
0,161480,6.8865544E-09
0,161490,6.88134E-09
0,161500,6.8761294E-09
0,161510,6.8709225E-09
0,161520,6.8657195E-09
0,161530,6.8605206E-09
0,161540,6.8553256E-09
0,161550,6.8501347E-09
0,161560,6.8449477E-09
0,161570,6.8397643E-09
0,161580,6.8345853E-09
0,161590,6.82941E-09
0,161600,6.8242385E-09
0,161610,6.819071E-09
0,161620,6.813907E-09
0,161630,6.808748E-09
0,161640,6.803592E-09
0,161650,6.79844E-09
0,161660,6.793292E-09
0,161670,6.788148E-09
0,161680,6.783008E-09
0,161690,6.7778716E-09
0,161700,6.7727393E-09
0,161710,6.767611E-09
0,161720,6.762486E-09
0,161730,6.7573653E-09
0,161740,6.7522485E-09
0,161750,6.7471357E-09
0,161760,6.7420265E-09
0,161770,6.7369212E-09
0,161780,6.73182E-09
0,161790,6.7267223E-09
0,161800,6.7216286E-09
0,161810,6.716539E-09
0,161820,6.7114527E-09
0,161830,6.706371E-09
0,161840,6.7012924E-09
0,161850,6.6962182E-09
0,161860,6.6911476E-09
0,161870,6.686081E-09
0,161880,6.681018E-09
0,161890,6.675959E-09
0,161900,6.670904E-09
0,161910,6.6658523E-09
0,161920,6.660805E-09
0,161930,6.6557613E-09
0,161940,6.6507213E-09
0,161950,6.645685E-09
0,161960,6.640653E-09
0,161970,6.6356245E-09
0,161980,6.6305996E-09
0,161990,6.6255788E-09
0,162000,6.620562E-09
0,162010,6.6155486E-09
0,162020,6.610539E-09
0,162030,6.6055335E-09
0,162040,6.6005312E-09
0,162050,6.5955335E-09
0,162060,6.590539E-09
0,162070,6.5855486E-09
0,162080,6.580562E-09
0,162090,6.5755787E-09
0,162100,6.5705996E-09
0,162110,6.565624E-09
0,162120,6.5606525E-09
0,162130,6.5556844E-09
0,162140,6.5507204E-09
0,162150,6.54576E-09
0,162160,6.5408035E-09
0,162170,6.5358505E-09
0,162180,6.5309016E-09
0,162190,6.525956E-09
0,162200,6.5210144E-09
0,162210,6.5160766E-09
0,162220,6.5111423E-09
0,162230,6.506212E-09
0,162240,6.5012853E-09
0,162250,6.496362E-09
0,162260,6.491443E-09
0,162270,6.4865278E-09
0,162280,6.4816157E-09
0,162290,6.4767076E-09
0,162300,6.4718035E-09
0,162310,6.466903E-09
0,162320,6.462006E-09
0,162330,6.4571126E-09
0,162340,6.452223E-09
0,162350,6.4473373E-09
0,162360,6.4424555E-09
0,162370,6.437577E-09
0,162380,6.4327024E-09
0,162390,6.427831E-09
0,162400,6.422964E-09
0,162410,6.4181003E-09
0,162420,6.41324E-09
0,162430,6.408384E-09
0,162440,6.4035315E-09
0,162450,6.3986825E-09
0,162460,6.3938375E-09
0,162470,6.3889956E-09
0,162480,6.3841576E-09
0,162490,6.3793233E-09
0,162500,6.374493E-09
0,162510,6.369666E-09
0,162520,6.364843E-09
0,162530,6.360023E-09
0,162540,6.355207E-09
0,162550,6.350395E-09
0,162560,6.3455863E-09
0,162570,6.3407812E-09
0,162580,6.3359797E-09
0,162590,6.331182E-09
0,162600,6.326388E-09
0,162610,6.321597E-09
0,162620,6.31681E-09
0,162630,6.312027E-09
0,162640,6.3072476E-09
0,162650,6.3024714E-09
0,162660,6.297699E-09
0,162670,6.29293E-09
0,162680,6.288165E-09
0,162690,6.2834036E-09
0,162700,6.2786456E-09
0,162710,6.273891E-09
0,162720,6.2691403E-09
0,162730,6.2643934E-09
0,162740,6.2596497E-09
0,162750,6.25491E-09
0,162760,6.2501733E-09
0,162770,6.2454406E-09
0,162780,6.2407115E-09
0,162790,6.2359855E-09
0,162800,6.2312635E-09
0,162810,6.226545E-09
0,162820,6.22183E-09
0,162830,6.217119E-09
0,162840,6.212411E-09
0,162850,6.207707E-09
0,162860,6.203006E-09
0,162870,6.1983094E-09
0,162880,6.193616E-09
0,162890,6.188926E-09
0,162900,6.1842393E-09
0,162910,6.1795564E-09
0,162920,6.174877E-09
0,162930,6.1702012E-09
0,162940,6.165529E-09
0,162950,6.1608603E-09
0,162960,6.156195E-09
0,162970,6.1515335E-09
0,162980,6.1468755E-09
0,162990,6.142221E-09
0,163000,6.13757E-09
0,163010,6.132922E-09
0,163020,6.1282783E-09
0,163030,6.123638E-09
0,163040,6.119001E-09
0,163050,6.1143672E-09
0,163060,6.1097376E-09
0,163070,6.105111E-09
0,163080,6.100488E-09
0,163090,6.0958687E-09
0,163100,6.0912524E-09
0,163110,6.08664E-09
0,163120,6.0820313E-09
0,163130,6.0774257E-09
0,163140,6.0728236E-09
0,163150,6.068225E-09
0,163160,6.06363E-09
0,163170,6.0590386E-09
0,163180,6.0544507E-09
0,163190,6.049866E-09
0,163200,6.0452847E-09
0,163210,6.040707E-09
0,163220,6.036133E-09
0,163230,6.0315624E-09
0,163240,6.026995E-09
0,163250,6.0224314E-09
0,163260,6.017871E-09
0,163270,6.013314E-09
0,163280,6.0087606E-09
0,163290,6.0042105E-09
0,163300,5.999664E-09
0,163310,5.995121E-09
0,163320,5.9905814E-09
0,163330,5.986045E-09
0,163340,5.981512E-09
0,163350,5.976983E-09
0,163360,5.9724568E-09
0,163370,5.9679346E-09
0,163380,5.9634155E-09
0,163390,5.9588996E-09
0,163400,5.9543876E-09
0,163410,5.949879E-09
0,163420,5.945373E-09
0,163430,5.9408714E-09
0,163440,5.9363727E-09
0,163450,5.9318777E-09
0,163460,5.9273857E-09
0,163470,5.9228973E-09
0,163480,5.9184124E-09
0,163490,5.9139307E-09
0,163500,5.9094525E-09
0,163510,5.904978E-09
0,163520,5.9005063E-09
0,163530,5.8960383E-09
0,163540,5.891574E-09
0,163550,5.8871126E-09
0,163560,5.882655E-09
0,163570,5.8782E-09
0,163580,5.873749E-09
0,163590,5.869301E-09
0,163600,5.864857E-09
0,163610,5.8604157E-09
0,163620,5.8559784E-09
0,163630,5.8515437E-09
0,163640,5.847113E-09
0,163650,5.8426854E-09
0,163660,5.838261E-09
0,163670,5.83384E-09
0,163680,5.8294227E-09
0,163690,5.8250085E-09
0,163700,5.820598E-09
0,163710,5.81619E-09
0,163720,5.8117857E-09
0,163730,5.8073852E-09
0,163740,5.8029874E-09
0,163750,5.7985936E-09
0,163760,5.7942025E-09
0,163770,5.789815E-09
0,163780,5.785431E-09
0,163790,5.78105E-09
0,163800,5.7766725E-09
0,163810,5.772298E-09
0,163820,5.767927E-09
0,163830,5.7635594E-09
0,163840,5.7591953E-09
0,163850,5.7548344E-09
0,163860,5.7504765E-09
0,163870,5.7461222E-09
0,163880,5.741771E-09
0,163890,5.737423E-09
0,163900,5.7330785E-09
0,163910,5.7287375E-09
0,163920,5.7243996E-09
0,163930,5.720065E-09
0,163940,5.715733E-09
0,163950,5.711405E-09
0,163960,5.7070806E-09
0,163970,5.7027587E-09
0,163980,5.698441E-09
0,163990,5.6941256E-09
0,164000,5.689814E-09
0,164010,5.6855054E-09
0,164020,5.6812004E-09
0,164030,5.676898E-09
0,164040,5.6725997E-09
0,164050,5.668304E-09
0,164060,5.664012E-09
0,164070,5.659723E-09
0,164080,5.6554375E-09
0,164090,5.6511547E-09
0,164100,5.6468754E-09
0,164110,5.6425997E-09
0,164120,5.638327E-09
0,164130,5.634057E-09
0,164140,5.6297913E-09
0,164150,5.625528E-09
0,164160,5.6212683E-09
0,164170,5.6170117E-09
0,164180,5.6127583E-09
0,164190,5.6085083E-09
0,164200,5.6042615E-09
0,164210,5.600018E-09
0,164220,5.595777E-09
0,164230,5.59154E-09
0,164240,5.5873057E-09
0,164250,5.583075E-09
0,164260,5.578847E-09
0,164270,5.574623E-09
0,164280,5.5704015E-09
0,164290,5.5661835E-09
0,164300,5.5619687E-09
0,164310,5.557757E-09
0,164320,5.5535487E-09
0,164330,5.549343E-09
0,164340,5.5451412E-09
0,164350,5.5409424E-09
0,164360,5.5367466E-09
0,164370,5.532554E-09
0,164380,5.5283644E-09
0,164390,5.5241784E-09
0,164400,5.519995E-09
0,164410,5.5158154E-09
0,164420,5.5116387E-09
0,164430,5.507465E-09
0,164440,5.5032947E-09
0,164450,5.4991274E-09
0,164460,5.4949636E-09
0,164470,5.4908025E-09
0,164480,5.4866445E-09
0,164490,5.48249E-09
0,164500,5.4783387E-09
0,164510,5.47419E-09
0,164520,5.470045E-09
0,164530,5.465903E-09
0,164540,5.461764E-09
0,164550,5.457628E-09
0,164560,5.4534954E-09
0,164570,5.449366E-09
0,164580,5.44524E-09
0,164590,5.4411164E-09
0,164600,5.436996E-09
0,164610,5.432879E-09
0,164620,5.4287654E-09
0,164630,5.4246545E-09
0,164640,5.4205467E-09
0,164650,5.416442E-09
0,164660,5.412341E-09
0,164670,5.4082423E-09
0,164680,5.404147E-09
0,164690,5.400055E-09
0,164700,5.395966E-09
0,164710,5.39188E-09
0,164720,5.387797E-09
0,164730,5.383717E-09
0,164740,5.3796403E-09
0,164750,5.375567E-09
0,164760,5.3714966E-09
0,164770,5.3674287E-09
0,164780,5.3633644E-09
0,164790,5.3593032E-09
0,164800,5.355245E-09
0,164810,5.35119E-09
0,164820,5.347138E-09
0,164830,5.343089E-09
0,164840,5.339043E-09
0,164850,5.335E-09
0,164860,5.33096E-09
0,164870,5.3269233E-09
0,164880,5.3228897E-09
0,164890,5.318859E-09
0,164900,5.3148317E-09
0,164910,5.310807E-09
0,164920,5.3067857E-09
0,164930,5.302767E-09
0,164940,5.2987517E-09
0,164950,5.2947393E-09
0,164960,5.29073E-09
0,164970,5.286724E-09
0,164980,5.2827205E-09
0,164990,5.2787206E-09
0,165000,5.2747233E-09
0,165010,5.270729E-09
0,165020,5.2667377E-09
0,165030,5.26275E-09
0,165040,5.2587645E-09
0,165050,5.2547824E-09
0,165060,5.2508033E-09
0,165070,5.2468274E-09
0,165080,5.2428546E-09
0,165090,5.2388844E-09
0,165100,5.2349174E-09
0,165110,5.2309534E-09
0,165120,5.226992E-09
0,165130,5.2230344E-09
0,165140,5.2190794E-09
0,165150,5.2151274E-09
0,165160,5.211178E-09
0,165170,5.2072324E-09
0,165180,5.2032894E-09
0,165190,5.199349E-09
0,165200,5.195412E-09
0,165210,5.191478E-09
0,165220,5.187547E-09
0,165230,5.183619E-09
0,165240,5.1796936E-09
0,165250,5.1757714E-09
0,165260,5.171852E-09
0,165270,5.167936E-09
0,165280,5.1640225E-09
0,165290,5.1601123E-09
0,165300,5.156205E-09
0,165310,5.1523004E-09
0,165320,5.148399E-09
0,165330,5.1445004E-09
0,165340,5.140605E-09
0,165350,5.1367124E-09
0,165360,5.1328226E-09
0,165370,5.128936E-09
0,165380,5.125052E-09
0,165390,5.1211715E-09
0,165400,5.1172933E-09
0,165410,5.1134186E-09
0,165420,5.1095466E-09
0,165430,5.105677E-09
0,165440,5.1018114E-09
0,165450,5.097948E-09
0,165460,5.094088E-09
0,165470,5.0902305E-09
0,165480,5.0863758E-09
0,165490,5.082524E-09
0,165500,5.0786757E-09
0,165510,5.07483E-09
0,165520,5.070987E-09
0,165530,5.067147E-09
0,165540,5.06331E-09
0,165550,5.0594764E-09
0,165560,5.0556452E-09
0,165570,5.0518167E-09
0,165580,5.0479914E-09
0,165590,5.044169E-09
0,165600,5.0403495E-09
0,165610,5.0365325E-09
0,165620,5.0327187E-09
0,165630,5.028908E-09
0,165640,5.0251E-09
0,165650,5.021295E-09
0,165660,5.0174926E-09
0,165670,5.013693E-09
0,165680,5.0098965E-09
0,165690,5.006103E-09
0,165700,5.0023123E-09
0,165710,4.9985243E-09
0,165720,4.9947393E-09
0,165730,4.9909574E-09
0,165740,4.987178E-09
0,165750,4.9834017E-09
0,165760,4.979628E-09
0,165770,4.975857E-09
0,165780,4.9720894E-09
0,165790,4.9683244E-09
0,165800,4.964562E-09
0,165810,4.960803E-09
0,165820,4.9570463E-09
0,165830,4.953293E-09
0,165840,4.949542E-09
0,165850,4.9457944E-09
0,165860,4.942049E-09
0,165870,4.938307E-09
0,165880,4.9345674E-09
0,165890,4.930831E-09
0,165900,4.927097E-09
0,165910,4.923366E-09
0,165920,4.919638E-09
0,165930,4.915913E-09
0,165940,4.91219E-09
0,165950,4.9084705E-09
0,165960,4.904754E-09
0,165970,4.90104E-09
0,165980,4.8973288E-09
0,165990,4.89362E-09
0,166000,4.8899147E-09
0,166010,4.886212E-09
0,166020,4.882512E-09
0,166030,4.8788147E-09
0,166040,4.8751203E-09
0,166050,4.871429E-09
0,166060,4.86774E-09
0,166070,4.864054E-09
0,166080,4.8603708E-09
0,166090,4.8566906E-09
0,166100,4.853013E-09
0,166110,4.8493383E-09
0,166120,4.845666E-09
0,166130,4.8419966E-09
0,166140,4.83833E-09
0,166150,4.8346664E-09
0,166160,4.831006E-09
0,166170,4.8273474E-09
0,166180,4.823692E-09
0,166190,4.8200395E-09
0,166200,4.8163895E-09
0,166210,4.8127426E-09
0,166220,4.809098E-09
0,166230,4.8054565E-09
0,166240,4.8018176E-09
0,166250,4.798182E-09
0,166260,4.7945483E-09
0,166270,4.790918E-09
0,166280,4.78729E-09
0,166290,4.783665E-09
0,166300,4.7800426E-09
0,166310,4.7764233E-09
0,166320,4.772806E-09
0,166330,4.769192E-09
0,166340,4.765581E-09
0,166350,4.761972E-09
0,166360,4.758366E-09
0,166370,4.7547632E-09
0,166380,4.7511626E-09
0,166390,4.747565E-09
0,166400,4.74397E-09
0,166410,4.740378E-09
0,166420,4.7367883E-09
0,166430,4.7332014E-09
0,166440,4.729617E-09
0,166450,4.726036E-09
0,166460,4.722457E-09
0,166470,4.7188813E-09
0,166480,4.715308E-09
0,166490,4.7117372E-09
0,166500,4.7081694E-09
0,166510,4.7046043E-09
0,166520,4.701042E-09
0,166530,4.697482E-09
0,166540,4.6939252E-09
0,166550,4.6903708E-09
0,166560,4.686819E-09
0,166570,4.68327E-09
0,166580,4.6797237E-09
0,166590,4.6761803E-09
0,166600,4.672639E-09
0,166610,4.669101E-09
0,166620,4.6655653E-09
0,166630,4.6620325E-09
0,166640,4.6585025E-09
0,166650,4.6549746E-09
0,166660,4.65145E-09
0,166670,4.647928E-09
0,166680,4.644408E-09
0,166690,4.6408912E-09
0,166700,4.637377E-09
0,166710,4.6338657E-09
0,166720,4.6303565E-09
0,166730,4.6268505E-09
0,166740,4.623347E-09
0,166750,4.619846E-09
0,166760,4.6163477E-09
0,166770,4.612852E-09
0,166780,4.609359E-09
0,166790,4.6058686E-09
0,166800,4.602381E-09
0,166810,4.598896E-09
0,166820,4.595414E-09
0,166830,4.591934E-09
0,166840,4.5884567E-09
0,166850,4.584982E-09
0,166860,4.5815103E-09
0,166870,4.578041E-09
0,166880,4.5745745E-09
0,166890,4.5711106E-09
0,166900,4.567649E-09
0,166910,4.5641904E-09
0,166920,4.5607345E-09
0,166930,4.5572808E-09
0,166940,4.5538298E-09
0,166950,4.5503814E-09
0,166960,4.5469357E-09
0,166970,4.5434927E-09
0,166980,4.5400523E-09
0,166990,4.5366146E-09
0,167000,4.533179E-09
0,167010,4.529747E-09
0,167020,4.5263167E-09
0,167030,4.522889E-09
0,167040,4.5194644E-09
0,167050,4.516042E-09
0,167060,4.5126223E-09
0,167070,4.5092055E-09
0,167080,4.505791E-09
0,167090,4.502379E-09
0,167100,4.4989696E-09
0,167110,4.495563E-09
0,167120,4.4921586E-09
0,167130,4.488757E-09
0,167140,4.4853583E-09
0,167150,4.4819615E-09
0,167160,4.4785677E-09
0,167170,4.4751767E-09
0,167180,4.471788E-09
0,167190,4.4684016E-09
0,167200,4.465018E-09
0,167210,4.461637E-09
0,167220,4.4582587E-09
0,167230,4.4548827E-09
0,167240,4.4515094E-09
0,167250,4.4481383E-09
0,167260,4.4447703E-09
0,167270,4.4414046E-09
0,167280,4.4380415E-09
0,167290,4.4346806E-09
0,167300,4.431323E-09
0,167310,4.4279673E-09
0,167320,4.4246145E-09
0,167330,4.421264E-09
0,167340,4.417916E-09
0,167350,4.4145705E-09
0,167360,4.411228E-09
0,167370,4.4078874E-09
0,167380,4.4045496E-09
0,167390,4.4012145E-09
0,167400,4.3978816E-09
0,167410,4.3945514E-09
0,167420,4.391224E-09
0,167430,4.3878985E-09
0,167440,4.3845763E-09
0,167450,4.381256E-09
0,167460,4.3779385E-09
0,167470,4.3746233E-09
0,167480,4.371311E-09
0,167490,4.3680006E-09
0,167500,4.364693E-09
0,167510,4.361388E-09
0,167520,4.3580854E-09
0,167530,4.3547854E-09
0,167540,4.3514876E-09
0,167550,4.348193E-09
0,167560,4.3449E-09
0,167570,4.34161E-09
0,167580,4.3383226E-09
0,167590,4.335037E-09
0,167600,4.331755E-09
0,167610,4.3284745E-09
0,167620,4.325197E-09
0,167630,4.321922E-09
0,167640,4.318649E-09
0,167650,4.315379E-09
0,167660,4.312111E-09
0,167670,4.308846E-09
0,167680,4.3055834E-09
0,167690,4.302323E-09
0,167700,4.299065E-09
0,167710,4.29581E-09
0,167720,4.292557E-09
0,167730,4.2893062E-09
0,167740,4.2860586E-09
0,167750,4.2828128E-09
0,167760,4.27957E-09
0,167770,4.276329E-09
0,167780,4.273091E-09
0,167790,4.2698556E-09
0,167800,4.266622E-09
0,167810,4.2633914E-09
0,167820,4.260163E-09
0,167830,4.256937E-09
0,167840,4.253714E-09
0,167850,4.250493E-09
0,167860,4.247274E-09
0,167870,4.244058E-09
0,167880,4.240844E-09
0,167890,4.237633E-09
0,167900,4.234424E-09
0,167910,4.2312176E-09
0,167920,4.2280135E-09
0,167930,4.224812E-09
0,167940,4.221613E-09
0,167950,4.2184163E-09
0,167960,4.215222E-09
0,167970,4.21203E-09
0,167980,4.2088404E-09
0,167990,4.2056536E-09
0,168000,4.202469E-09
0,168010,4.1992867E-09
0,168020,4.196107E-09
0,168030,4.1929296E-09
0,168040,4.1897543E-09
0,168050,4.1865817E-09
0,168060,4.183412E-09
0,168070,4.1802437E-09
0,168080,4.1770787E-09
0,168090,4.1739154E-09
0,168100,4.170755E-09
0,168110,4.167597E-09
0,168120,4.164441E-09
0,168130,4.1612873E-09
0,168140,4.1581365E-09
0,168150,4.154988E-09
0,168160,4.1518415E-09
0,168170,4.148698E-09
0,168180,4.1455563E-09
0,168190,4.142417E-09
0,168200,4.1392805E-09
0,168210,4.136146E-09
0,168220,4.133014E-09
0,168230,4.1298844E-09
0,168240,4.126757E-09
0,168250,4.123632E-09
0,168260,4.1205097E-09
0,168270,4.1173895E-09
0,168280,4.1142716E-09
0,168290,4.1111563E-09
0,168300,4.1080432E-09
0,168310,4.1049324E-09
0,168320,4.101824E-09
0,168330,4.098718E-09
0,168340,4.0956145E-09
0,168350,4.092513E-09
0,168360,4.089414E-09
0,168370,4.0863175E-09
0,168380,4.083223E-09
0,168390,4.0801313E-09
0,168400,4.077042E-09
0,168410,4.0739545E-09
0,168420,4.0708694E-09
0,168430,4.067787E-09
0,168440,4.064707E-09
0,168450,4.061629E-09
0,168460,4.0585535E-09
0,168470,4.05548E-09
0,168480,4.052409E-09
0,168490,4.0493404E-09
0,168500,4.0462744E-09
0,168510,4.04321E-09
0,168520,4.0401487E-09
0,168530,4.0370893E-09
0,168540,4.034032E-09
0,168550,4.0309778E-09
0,168560,4.0279255E-09
0,168570,4.024875E-09
0,168580,4.0218278E-09
0,168590,4.018782E-09
0,168600,4.015739E-09
0,168610,4.012698E-09
0,168620,4.0096597E-09
0,168630,4.0066235E-09
0,168640,4.0035895E-09
0,168650,4.0005577E-09
0,168660,3.9975285E-09
0,168670,3.9945016E-09
0,168680,3.991477E-09
0,168690,3.9884545E-09
0,168700,3.985434E-09
0,168710,3.982416E-09
0,168720,3.979401E-09
0,168730,3.976387E-09
0,168740,3.9733763E-09
0,168750,3.9703676E-09
0,168760,3.967361E-09
0,168770,3.964357E-09
0,168780,3.9613552E-09
0,168790,3.9583554E-09
0,168800,3.955358E-09
0,168810,3.952363E-09
0,168820,3.94937E-09
0,168830,3.9463797E-09
0,168840,3.9433914E-09
0,168850,3.9404053E-09
0,168860,3.9374215E-09
0,168870,3.93444E-09
0,168880,3.9314605E-09
0,168890,3.9284838E-09
0,168900,3.925509E-09
0,168910,3.9225365E-09
0,168920,3.919566E-09
0,168930,3.916598E-09
0,168940,3.9136325E-09
0,168950,3.9106687E-09
0,168960,3.9077075E-09
0,168970,3.9047485E-09
0,168980,3.901792E-09
0,168990,3.8988373E-09
0,169000,3.895885E-09
0,169010,3.892935E-09
0,169020,3.889987E-09
0,169030,3.8870414E-09
0,169040,3.884098E-09
0,169050,3.8811567E-09
0,169060,3.878218E-09
0,169070,3.8752814E-09
0,169080,3.872347E-09
0,169090,3.8694146E-09
0,169100,3.8664845E-09
0,169110,3.8635566E-09
0,169120,3.8606314E-09
0,169130,3.857708E-09
0,169140,3.8547867E-09
0,169150,3.8518677E-09
0,169160,3.848951E-09
0,169170,3.8460364E-09
0,169180,3.843124E-09
0,169190,3.840214E-09
0,169200,3.837306E-09
0,169210,3.8344004E-09
0,169220,3.831497E-09
0,169230,3.8285957E-09
0,169240,3.8256966E-09
0,169250,3.8227994E-09
0,169260,3.819905E-09
0,169270,3.8170125E-09
0,169280,3.814122E-09
0,169290,3.811234E-09
0,169300,3.808348E-09
0,169310,3.805464E-09
0,169320,3.8025822E-09
0,169330,3.799703E-09
0,169340,3.796826E-09
0,169350,3.793951E-09
0,169360,3.7910777E-09
0,169370,3.788207E-09
0,169380,3.7853387E-09
0,169390,3.782472E-09
0,169400,3.779608E-09
0,169410,3.776746E-09
0,169420,3.773886E-09
0,169430,3.7710284E-09
0,169440,3.768173E-09
0,169450,3.7653196E-09
0,169460,3.7624686E-09
0,169470,3.7596193E-09
0,169480,3.7567727E-09
0,169490,3.753928E-09
0,169500,3.751085E-09
0,169510,3.748245E-09
0,169520,3.7454067E-09
0,169530,3.7425703E-09
0,169540,3.7397365E-09
0,169550,3.7369046E-09
0,169560,3.734075E-09
0,169570,3.7312473E-09
0,169580,3.728422E-09
0,169590,3.7255985E-09
0,169600,3.7227776E-09
0,169610,3.7199586E-09
0,169620,3.7171417E-09
0,169630,3.714327E-09
0,169640,3.7115144E-09
0,169650,3.708704E-09
0,169660,3.7058956E-09
0,169670,3.7030894E-09
0,169680,3.7002854E-09
0,169690,3.6974834E-09
0,169700,3.6946837E-09
0,169710,3.691886E-09
0,169720,3.6890904E-09
0,169730,3.6862968E-09
0,169740,3.6835055E-09
0,169750,3.6807162E-09
0,169760,3.677929E-09
0,169770,3.675144E-09
0,169780,3.672361E-09
0,169790,3.6695802E-09
0,169800,3.6668015E-09
0,169810,3.664025E-09
0,169820,3.6612504E-09
0,169830,3.6584782E-09
0,169840,3.6557077E-09
0,169850,3.6529395E-09
0,169860,3.6501735E-09
0,169870,3.6474095E-09
0,169880,3.6446477E-09
0,169890,3.6418877E-09
0,169900,3.63913E-09
0,169910,3.6363743E-09
0,169920,3.6336207E-09
0,169930,3.6308694E-09
0,169940,3.62812E-09
0,169950,3.6253727E-09
0,169960,3.6226275E-09
0,169970,3.6198842E-09
0,169980,3.6171433E-09
0,169990,3.614404E-09
0,170000,3.6116672E-09
0,170010,3.6089325E-09
0,170020,3.6061996E-09
0,170030,3.6034689E-09
0,170040,3.6007404E-09
0,170050,3.5980137E-09
0,170060,3.5952892E-09
0,170070,3.5925667E-09
0,170080,3.5898464E-09
0,170090,3.5871282E-09
0,170100,3.5844119E-09
0,170110,3.5816976E-09
0,170120,3.5789853E-09
0,170130,3.5762753E-09
0,170140,3.5735672E-09
0,170150,3.5708612E-09
0,170160,3.5681573E-09
0,170170,3.5654555E-09
0,170180,3.5627556E-09
0,170190,3.5600578E-09
0,170200,3.557362E-09
0,170210,3.5546683E-09
0,170220,3.5519765E-09
0,170230,3.5492869E-09
0,170240,3.5465992E-09
0,170250,3.5439136E-09
0,170260,3.5412302E-09
0,170270,3.5385486E-09
0,170280,3.5358692E-09
0,170290,3.5331917E-09
0,170300,3.5305163E-09
0,170310,3.527843E-09
0,170320,3.5251715E-09
0,170330,3.522502E-09
0,170340,3.5198349E-09
0,170350,3.5171694E-09
0,170360,3.5145062E-09
0,170370,3.511845E-09
0,170380,3.5091856E-09
0,170390,3.5065284E-09
0,170400,3.5038732E-09
0,170410,3.50122E-09
0,170420,3.4985688E-09
0,170430,3.4959196E-09
0,170440,3.4932723E-09
0,170450,3.4906271E-09
0,170460,3.487984E-09
0,170470,3.4853427E-09
0,170480,3.4827035E-09
0,170490,3.4800665E-09
0,170500,3.4774312E-09
0,170510,3.474798E-09
0,170520,3.4721668E-09
0,170530,3.4695375E-09
0,170540,3.4669103E-09
0,170550,3.464285E-09
0,170560,3.4616618E-09
0,170570,3.4590406E-09
0,170580,3.4564214E-09
0,170590,3.453804E-09
0,170600,3.4511887E-09
0,170610,3.4485754E-09
0,170620,3.445964E-09
0,170630,3.4433547E-09
0,170640,3.4407472E-09
0,170650,3.4381418E-09
0,170660,3.4355383E-09
0,170670,3.4329368E-09
0,170680,3.4303373E-09
0,170690,3.4277399E-09
0,170700,3.4251442E-09
0,170710,3.4225507E-09
0,170720,3.419959E-09
0,170730,3.4173693E-09
0,170740,3.4147816E-09
0,170750,3.4121959E-09
0,170760,3.409612E-09
0,170770,3.4070302E-09
0,170780,3.4044503E-09
0,170790,3.4018723E-09
0,170800,3.3992964E-09
0,170810,3.3967222E-09
0,170820,3.3941503E-09
0,170830,3.3915801E-09
0,170840,3.389012E-09
0,170850,3.3864456E-09
0,170860,3.3838814E-09
0,170870,3.381319E-09
0,170880,3.3787586E-09
0,170890,3.3762E-09
0,170900,3.3736436E-09
0,170910,3.371089E-09
0,170920,3.3685361E-09
0,170930,3.3659855E-09
0,170940,3.3634366E-09
0,170950,3.3608898E-09
0,170960,3.3583447E-09
0,170970,3.3558019E-09
0,170980,3.3532606E-09
0,170990,3.3507215E-09
0,171000,3.3481842E-09
0,171010,3.3456489E-09
0,171020,3.3431156E-09
0,171030,3.340584E-09
0,171040,3.3380545E-09
0,171050,3.3355267E-09
0,171060,3.333001E-09
0,171070,3.3304772E-09
0,171080,3.3279552E-09
0,171090,3.3254353E-09
0,171100,3.322917E-09
0,171110,3.3204008E-09
0,171120,3.3178866E-09
0,171130,3.3153742E-09
0,171140,3.3128638E-09
0,171150,3.310355E-09
0,171160,3.3078484E-09
0,171170,3.3053438E-09
0,171180,3.3028407E-09
0,171190,3.3003398E-09
0,171200,3.2978407E-09
0,171210,3.2953436E-09
0,171220,3.2928482E-09
0,171230,3.2903547E-09
0,171240,3.287863E-09
0,171250,3.2853735E-09
0,171260,3.2828857E-09
0,171270,3.2804E-09
0,171280,3.277916E-09
0,171290,3.2754337E-09
0,171300,3.2729535E-09
0,171310,3.270475E-09
0,171320,3.2679985E-09
0,171330,3.265524E-09
0,171340,3.2630512E-09
0,171350,3.2605805E-09
0,171360,3.2581113E-09
0,171370,3.2556442E-09
0,171380,3.253179E-09
0,171390,3.2507157E-09
0,171400,3.248254E-09
0,171410,3.2457943E-09
0,171420,3.2433367E-09
0,171430,3.2408807E-09
0,171440,3.2384266E-09
0,171450,3.2359744E-09
0,171460,3.233524E-09
0,171470,3.2310754E-09
0,171480,3.228629E-09
0,171490,3.226184E-09
0,171500,3.223741E-09
0,171510,3.2213E-09
0,171520,3.2188607E-09
0,171530,3.2164233E-09
0,171540,3.2139877E-09
0,171550,3.2115541E-09
0,171560,3.209122E-09
0,171570,3.206692E-09
0,171580,3.204264E-09
0,171590,3.2018377E-09
0,171600,3.199413E-09
0,171610,3.1969905E-09
0,171620,3.1945695E-09
0,171630,3.1921505E-09
0,171640,3.1897334E-09
0,171650,3.187318E-09
0,171660,3.1849046E-09
0,171670,3.1824927E-09
0,171680,3.1800829E-09
0,171690,3.1776748E-09
0,171700,3.1752687E-09
0,171710,3.1728642E-09
0,171720,3.1704617E-09
0,171730,3.168061E-09
0,171740,3.165662E-09
0,171750,3.1632648E-09
0,171760,3.1608696E-09
0,171770,3.1584761E-09
0,171780,3.1560843E-09
0,171790,3.1536944E-09
0,171800,3.1513065E-09
0,171810,3.1489202E-09
0,171820,3.1465357E-09
0,171830,3.1441532E-09
0,171840,3.1417722E-09
0,171850,3.1393932E-09
0,171860,3.137016E-09
0,171870,3.1346405E-09
0,171880,3.132267E-09
0,171890,3.129895E-09
0,171900,3.1275251E-09
0,171910,3.1251568E-09
0,171920,3.1227905E-09
0,171930,3.1204257E-09
0,171940,3.118063E-09
0,171950,3.1157017E-09
0,171960,3.1133425E-09
0,171970,3.110985E-09
0,171980,3.1086291E-09
0,171990,3.1062752E-09
0,172000,3.1039231E-09
0,172010,3.1015728E-09
0,172020,3.0992242E-09
0,172030,3.0968774E-09
0,172040,3.0945324E-09
0,172050,3.0921892E-09
0,172060,3.0898475E-09
0,172070,3.0875078E-09
0,172080,3.08517E-09
0,172090,3.0828338E-09
0,172100,3.0804994E-09
0,172110,3.0781666E-09
0,172120,3.0758358E-09
0,172130,3.0735068E-09
0,172140,3.0711793E-09
0,172150,3.0688538E-09
0,172160,3.06653E-09
0,172170,3.064208E-09
0,172180,3.0618876E-09
0,172190,3.059569E-09
0,172200,3.0572522E-09
0,172210,3.0549372E-09
0,172220,3.052624E-09
0,172230,3.0503124E-09
0,172240,3.0480027E-09
0,172250,3.0456946E-09
0,172260,3.0433884E-09
0,172270,3.0410838E-09
0,172280,3.038781E-09
0,172290,3.03648E-09
0,172300,3.0341807E-09
0,172310,3.0318832E-09
0,172320,3.0295872E-09
0,172330,3.0272933E-09
0,172340,3.025001E-09
0,172350,3.0227103E-09
0,172360,3.0204215E-09
0,172370,3.0181342E-09
0,172380,3.015849E-09
0,172390,3.0135652E-09
0,172400,3.0112832E-09
0,172410,3.009003E-09
0,172420,3.0067244E-09
0,172430,3.0044478E-09
0,172440,3.0021727E-09
0,172450,2.9998994E-09
0,172460,2.9976277E-09
0,172470,2.995358E-09
0,172480,2.9930898E-09
0,172490,2.9908234E-09
0,172500,2.9885585E-09
0,172510,2.9862954E-09
0,172520,2.9840341E-09
0,172530,2.9817746E-09
0,172540,2.9795166E-09
0,172550,2.9772607E-09
0,172560,2.975006E-09
0,172570,2.9727534E-09
0,172580,2.9705023E-09
0,172590,2.968253E-09
0,172600,2.9660052E-09
0,172610,2.9637595E-09
0,172620,2.9615153E-09
0,172630,2.9592726E-09
0,172640,2.9570317E-09
0,172650,2.9547926E-09
0,172660,2.952555E-09
0,172670,2.9503193E-09
0,172680,2.9480853E-09
0,172690,2.945853E-09
0,172700,2.9436222E-09
0,172710,2.9413934E-09
0,172720,2.939166E-09
0,172730,2.9369405E-09
0,172740,2.9347165E-09
0,172750,2.9324942E-09
0,172760,2.9302736E-09
0,172770,2.928055E-09
0,172780,2.9258376E-09
0,172790,2.923622E-09
0,172800,2.9214082E-09
0,172810,2.919196E-09
0,172820,2.9169855E-09
0,172830,2.9147769E-09
0,172840,2.9125695E-09
0,172850,2.9103642E-09
0,172860,2.9081604E-09
0,172870,2.9059581E-09
0,172880,2.9037577E-09
0,172890,2.901559E-09
0,172900,2.8993619E-09
0,172910,2.8971663E-09
0,172920,2.8949725E-09
0,172930,2.8927805E-09
0,172940,2.8905898E-09
0,172950,2.888401E-09
0,172960,2.886214E-09
0,172970,2.8840283E-09
0,172980,2.8818445E-09
0,172990,2.8796623E-09
0,173000,2.8774818E-09
0,173010,2.8753029E-09
0,173020,2.8731255E-09
0,173030,2.87095E-09
0,173040,2.8687759E-09
0,173050,2.8666036E-09
0,173060,2.864433E-09
0,173070,2.862264E-09
0,173080,2.8600966E-09
0,173090,2.8579308E-09
0,173100,2.8557667E-09
0,173110,2.8536042E-09
0,173120,2.8514435E-09
0,173130,2.8492844E-09
0,173140,2.8471268E-09
0,173150,2.8449707E-09
0,173160,2.8428164E-09
0,173170,2.840664E-09
0,173180,2.8385128E-09
0,173190,2.8363634E-09
0,173200,2.8342158E-09
0,173210,2.8320695E-09
0,173220,2.829925E-09
0,173230,2.827782E-09
0,173240,2.8256408E-09
0,173250,2.8235012E-09
0,173260,2.8213631E-09
0,173270,2.8192269E-09
0,173280,2.817092E-09
0,173290,2.8149587E-09
0,173300,2.8128273E-09
0,173310,2.8106972E-09
0,173320,2.808569E-09
0,173330,2.8064422E-09
0,173340,2.804317E-09
0,173350,2.8021936E-09
0,173360,2.8000717E-09
0,173370,2.7979514E-09
0,173380,2.7958327E-09
0,173390,2.7937157E-09
0,173400,2.7916E-09
0,173410,2.7894862E-09
0,173420,2.787374E-09
0,173430,2.7852634E-09
0,173440,2.7831544E-09
0,173450,2.7810467E-09
0,173460,2.7789409E-09
0,173470,2.7768365E-09
0,173480,2.774734E-09
0,173490,2.7726328E-09
0,173500,2.7705334E-09
0,173510,2.7684355E-09
0,173520,2.7663392E-09
0,173530,2.7642444E-09
0,173540,2.7621512E-09
0,173550,2.7600595E-09
0,173560,2.7579696E-09
0,173570,2.755881E-09
0,173580,2.7537943E-09
0,173590,2.751709E-09
0,173600,2.7496254E-09
0,173610,2.7475433E-09
0,173620,2.7454627E-09
0,173630,2.743384E-09
0,173640,2.7413065E-09
0,173650,2.7392308E-09
0,173660,2.7371565E-09
0,173670,2.735084E-09
0,173680,2.7330127E-09
0,173690,2.7309432E-09
0,173700,2.7288753E-09
0,173710,2.726809E-09
0,173720,2.7247442E-09
0,173730,2.722681E-09
0,173740,2.7206193E-09
0,173750,2.7185592E-09
0,173760,2.7165006E-09
0,173770,2.7144436E-09
0,173780,2.712388E-09
0,173790,2.7103342E-09
0,173800,2.7082818E-09
0,173810,2.706231E-09
0,173820,2.7041818E-09
0,173830,2.702134E-09
0,173840,2.7000882E-09
0,173850,2.6980436E-09
0,173860,2.6960005E-09
0,173870,2.693959E-09
0,173880,2.691919E-09
0,173890,2.6898805E-09
0,173900,2.6878437E-09
0,173910,2.6858085E-09
0,173920,2.6837748E-09
0,173930,2.6817424E-09
0,173940,2.6797118E-09
0,173950,2.6776827E-09
0,173960,2.675655E-09
0,173970,2.6736289E-09
0,173980,2.6716045E-09
0,173990,2.6695814E-09
0,174000,2.66756E-09
0,174010,2.66554E-09
0,174020,2.6635216E-09
0,174030,2.6615046E-09
0,174040,2.6594893E-09
0,174050,2.6574756E-09
0,174060,2.6554632E-09
0,174070,2.6534523E-09
0,174080,2.651443E-09
0,174090,2.6494353E-09
0,174100,2.6474292E-09
0,174110,2.6454245E-09
0,174120,2.6434213E-09
0,174130,2.6414195E-09
0,174140,2.6394193E-09
0,174150,2.6374207E-09
0,174160,2.6354237E-09
0,174170,2.6334281E-09
0,174180,2.631434E-09
0,174190,2.6294413E-09
0,174200,2.6274503E-09
0,174210,2.6254607E-09
0,174220,2.6234726E-09
0,174230,2.6214861E-09
0,174240,2.619501E-09
0,174250,2.6175175E-09
0,174260,2.6155353E-09
0,174270,2.613555E-09
0,174280,2.6115758E-09
0,174290,2.6095983E-09
0,174300,2.6076221E-09
0,174310,2.6056477E-09
0,174320,2.6036746E-09
0,174330,2.601703E-09
0,174340,2.5997329E-09
0,174350,2.5977642E-09
0,174360,2.5957971E-09
0,174370,2.5938316E-09
0,174380,2.5918676E-09
0,174390,2.589905E-09
0,174400,2.5879436E-09
0,174410,2.585984E-09
0,174420,2.5840259E-09
0,174430,2.5820692E-09
0,174440,2.580114E-09
0,174450,2.5781604E-09
0,174460,2.576208E-09
0,174470,2.5742573E-09
0,174480,2.572308E-09
0,174490,2.5703601E-09
0,174500,2.5684137E-09
0,174510,2.5664688E-09
0,174520,2.5645255E-09
0,174530,2.5625835E-09
0,174540,2.560643E-09
0,174550,2.5587041E-09
0,174560,2.5567666E-09
0,174570,2.5548306E-09
0,174580,2.552896E-09
0,174590,2.5509628E-09
0,174600,2.5490312E-09
0,174610,2.547101E-09
0,174620,2.5451723E-09
0,174630,2.543245E-09
0,174640,2.5413192E-09
0,174650,2.539395E-09
0,174660,2.537472E-09
0,174670,2.5355504E-09
0,174680,2.5336304E-09
0,174690,2.531712E-09
0,174700,2.5297948E-09
0,174710,2.5278792E-09
0,174720,2.525965E-09
0,174730,2.5240523E-09
0,174740,2.5221412E-09
0,174750,2.5202314E-09
0,174760,2.5183229E-09
0,174770,2.516416E-09
0,174780,2.5145104E-09
0,174790,2.5126063E-09
0,174800,2.5107039E-09
0,174810,2.5088025E-09
0,174820,2.506903E-09
0,174830,2.5050046E-09
0,174840,2.5031077E-09
0,174850,2.5012123E-09
0,174860,2.4993183E-09
0,174870,2.4974258E-09
0,174880,2.4955347E-09
0,174890,2.4936448E-09
0,174900,2.4917568E-09
0,174910,2.4898699E-09
0,174920,2.4879845E-09
0,174930,2.4861004E-09
0,174940,2.484218E-09
0,174950,2.4823368E-09
0,174960,2.4804572E-09
0,174970,2.478579E-09
0,174980,2.476702E-09
0,174990,2.4748266E-09
0,175000,2.4729527E-09
0,175010,2.47108E-09
0,175020,2.4692088E-09
0,175030,2.4673392E-09
0,175040,2.4654707E-09
0,175050,2.4636038E-09
0,175060,2.4617384E-09
0,175070,2.4598743E-09
0,175080,2.4580116E-09
0,175090,2.4561504E-09
0,175100,2.4542905E-09
0,175110,2.452432E-09
0,175120,2.4505749E-09
0,175130,2.4487192E-09
0,175140,2.4468652E-09
0,175150,2.4450122E-09
0,175160,2.4431608E-09
0,175170,2.4413107E-09
0,175180,2.4394622E-09
0,175190,2.437615E-09
0,175200,2.4357691E-09
0,175210,2.4339246E-09
0,175220,2.4320816E-09
0,175230,2.43024E-09
0,175240,2.4283997E-09
0,175250,2.426561E-09
0,175260,2.4247235E-09
0,175270,2.4228874E-09
0,175280,2.4210527E-09
0,175290,2.4192195E-09
0,175300,2.4173876E-09
0,175310,2.415557E-09
0,175320,2.4137279E-09
0,175330,2.4119002E-09
0,175340,2.410074E-09
0,175350,2.408249E-09
0,175360,2.4064253E-09
0,175370,2.404603E-09
0,175380,2.4027822E-09
0,175390,2.4009628E-09
0,175400,2.3991447E-09
0,175410,2.397328E-09
0,175420,2.3955127E-09
0,175430,2.3936988E-09
0,175440,2.3918862E-09
0,175450,2.390075E-09
0,175460,2.3882651E-09
0,175470,2.3864566E-09
0,175480,2.3846496E-09
0,175490,2.382844E-09
0,175500,2.3810396E-09
0,175510,2.3792366E-09
0,175520,2.377435E-09
0,175530,2.3756346E-09
0,175540,2.3738358E-09
0,175550,2.3720381E-09
0,175560,2.370242E-09
0,175570,2.3684472E-09
0,175580,2.3666538E-09
0,175590,2.3648616E-09
0,175600,2.363071E-09
0,175610,2.3612816E-09
0,175620,2.3594935E-09
0,175630,2.357707E-09
0,175640,2.3559215E-09
0,175650,2.3541376E-09
0,175660,2.352355E-09
0,175670,2.3505737E-09
0,175680,2.3487938E-09
0,175690,2.3470152E-09
0,175700,2.345238E-09
0,175710,2.343462E-09
0,175720,2.3416875E-09
0,175730,2.3399145E-09
0,175740,2.3381426E-09
0,175750,2.336372E-09
0,175760,2.334603E-09
0,175770,2.332835E-09
0,175780,2.3310687E-09
0,175790,2.3293034E-09
0,175800,2.3275397E-09
0,175810,2.3257771E-09
0,175820,2.324016E-09
0,175830,2.3222562E-09
0,175840,2.3204978E-09
0,175850,2.3187405E-09
0,175860,2.3169848E-09
0,175870,2.3152302E-09
0,175880,2.3134772E-09
0,175890,2.3117253E-09
0,175900,2.3099749E-09
0,175910,2.3082256E-09
0,175920,2.306478E-09
0,175930,2.3047313E-09
0,175940,2.302986E-09
0,175950,2.301242E-09
0,175960,2.2994997E-09
0,175970,2.2977584E-09
0,175980,2.2960185E-09
0,175990,2.2942799E-09
0,176000,2.2925426E-09
0,176010,2.2908067E-09
0,176020,2.289072E-09
0,176030,2.2873385E-09
0,176040,2.2856066E-09
0,176050,2.2838758E-09
0,176060,2.2821465E-09
0,176070,2.2804183E-09
0,176080,2.2786915E-09
0,176090,2.276966E-09
0,176100,2.2752418E-09
0,176110,2.273519E-09
0,176120,2.2717974E-09
0,176130,2.2700772E-09
0,176140,2.2683582E-09
0,176150,2.2666404E-09
0,176160,2.2649242E-09
0,176170,2.2632092E-09
0,176180,2.2614954E-09
0,176190,2.2597828E-09
0,176200,2.2580717E-09
0,176210,2.2563618E-09
0,176220,2.2546534E-09
0,176230,2.252946E-09
0,176240,2.25124E-09
0,176250,2.2495352E-09
0,176260,2.247832E-09
0,176270,2.2461297E-09
0,176280,2.2444289E-09
0,176290,2.2427293E-09
0,176300,2.2410311E-09
0,176310,2.2393343E-09
0,176320,2.2376385E-09
0,176330,2.235944E-09
0,176340,2.234251E-09
0,176350,2.2325592E-09
0,176360,2.2308686E-09
0,176370,2.2291793E-09
0,176380,2.2274913E-09
0,176390,2.2258047E-09
0,176400,2.2241191E-09
0,176410,2.222435E-09
0,176420,2.220752E-09
0,176430,2.2190705E-09
0,176440,2.2173903E-09
0,176450,2.2157112E-09
0,176460,2.2140334E-09
0,176470,2.2123567E-09
0,176480,2.2106816E-09
0,176490,2.2090076E-09
0,176500,2.2073348E-09
0,176510,2.2056634E-09
0,176520,2.2039932E-09
0,176530,2.2023243E-09
0,176540,2.2006565E-09
0,176550,2.19899E-09
0,176560,2.197325E-09
0,176570,2.1956612E-09
0,176580,2.1939985E-09
0,176590,2.1923372E-09
0,176600,2.1906772E-09
0,176610,2.1890183E-09
0,176620,2.1873607E-09
0,176630,2.1857043E-09
0,176640,2.1840494E-09
0,176650,2.1823956E-09
0,176660,2.180743E-09
0,176670,2.1790916E-09
0,176680,2.1774416E-09
0,176690,2.1757927E-09
0,176700,2.174145E-09
0,176710,2.1724988E-09
0,176720,2.1708537E-09
0,176730,2.16921E-09
0,176740,2.1675675E-09
0,176750,2.165926E-09
0,176760,2.1642859E-09
0,176770,2.1626472E-09
0,176780,2.1610094E-09
0,176790,2.1593731E-09
0,176800,2.157738E-09
0,176810,2.156104E-09
0,176820,2.1544715E-09
0,176830,2.15284E-09
0,176840,2.1512099E-09
0,176850,2.1495807E-09
0,176860,2.1479531E-09
0,176870,2.1463267E-09
0,176880,2.1447013E-09
0,176890,2.1430773E-09
0,176900,2.1414546E-09
0,176910,2.139833E-09
0,176920,2.1382127E-09
0,176930,2.1365936E-09
0,176940,2.1349755E-09
0,176950,2.133359E-09
0,176960,2.1317434E-09
0,176970,2.1301294E-09
0,176980,2.1285163E-09
0,176990,2.1269047E-09
0,177000,2.125294E-09
0,177010,2.1236848E-09
0,177020,2.1220765E-09
0,177030,2.1204698E-09
0,177040,2.118864E-09
0,177050,2.1172595E-09
0,177060,2.1156563E-09
0,177070,2.1140543E-09
0,177080,2.1124535E-09
0,177090,2.110854E-09
0,177100,2.1092554E-09
0,177110,2.1076583E-09
0,177120,2.1060622E-09
0,177130,2.1044675E-09
0,177140,2.1028739E-09
0,177150,2.1012816E-09
0,177160,2.0996904E-09
0,177170,2.0981006E-09
0,177180,2.0965119E-09
0,177190,2.0949242E-09
0,177200,2.093338E-09
0,177210,2.0917528E-09
0,177220,2.090169E-09
0,177230,2.0885862E-09
0,177240,2.0870046E-09
0,177250,2.0854243E-09
0,177260,2.083845E-09
0,177270,2.0822672E-09
0,177280,2.0806905E-09
0,177290,2.0791149E-09
0,177300,2.0775406E-09
0,177310,2.0759674E-09
0,177320,2.0743953E-09
0,177330,2.0728246E-09
0,177340,2.071255E-09
0,177350,2.0696866E-09
0,177360,2.0681195E-09
0,177370,2.0665534E-09
0,177380,2.0649884E-09
0,177390,2.0634248E-09
0,177400,2.0618622E-09
0,177410,2.060301E-09
0,177420,2.058741E-09
0,177430,2.057182E-09
0,177440,2.0556243E-09
0,177450,2.0540676E-09
0,177460,2.0525124E-09
0,177470,2.050958E-09
0,177480,2.049405E-09
0,177490,2.0478532E-09
0,177500,2.0463025E-09
0,177510,2.044753E-09
0,177520,2.0432047E-09
0,177530,2.0416575E-09
0,177540,2.0401114E-09
0,177550,2.0385666E-09
0,177560,2.037023E-09
0,177570,2.0354805E-09
0,177580,2.0339392E-09
0,177590,2.032399E-09
0,177600,2.03086E-09
0,177610,2.0293223E-09
0,177620,2.0277855E-09
0,177630,2.02625E-09
0,177640,2.0247157E-09
0,177650,2.0231825E-09
0,177660,2.0216506E-09
0,177670,2.0201196E-09
0,177680,2.01859E-09
0,177690,2.0170614E-09
0,177700,2.0155342E-09
0,177710,2.0140078E-09
0,177720,2.0124828E-09
0,177730,2.010959E-09
0,177740,2.0094362E-09
0,177750,2.0079145E-09
0,177760,2.0063942E-09
0,177770,2.004875E-09
0,177780,2.0033566E-09
0,177790,2.0018396E-09
0,177800,2.000324E-09
0,177810,1.9988091E-09
0,177820,1.9972957E-09
0,177830,1.995783E-09
0,177840,1.9942719E-09
0,177850,1.9927617E-09
0,177860,1.991253E-09
0,177870,1.989745E-09
0,177880,1.9882382E-09
0,177890,1.9867328E-09
0,177900,1.9852284E-09
0,177910,1.9837252E-09
0,177920,1.982223E-09
0,177930,1.980722E-09
0,177940,1.9792221E-09
0,177950,1.9777233E-09
0,177960,1.9762258E-09
0,177970,1.9747293E-09
0,177980,1.973234E-09
0,177990,1.9717399E-09
0,178000,1.9702469E-09
0,178010,1.968755E-09
0,178020,1.9672641E-09
0,178030,1.9657744E-09
0,178040,1.9642858E-09
0,178050,1.9627986E-09
0,178060,1.9613122E-09
0,178070,1.959827E-09
0,178080,1.958343E-09
0,178090,1.95686E-09
0,178100,1.9553783E-09
0,178110,1.9538977E-09
0,178120,1.952418E-09
0,178130,1.9509396E-09
0,178140,1.9494624E-09
0,178150,1.9479862E-09
0,178160,1.9465112E-09
0,178170,1.9450372E-09
0,178180,1.9435644E-09
0,178190,1.9420927E-09
0,178200,1.940622E-09
0,178210,1.9391526E-09
0,178220,1.9376842E-09
0,178230,1.936217E-09
0,178240,1.9347508E-09
0,178250,1.9332858E-09
0,178260,1.9318218E-09
0,178270,1.930359E-09
0,178280,1.9288973E-09
0,178290,1.9274367E-09
0,178300,1.9259772E-09
0,178310,1.9245188E-09
0,178320,1.9230615E-09
0,178330,1.921605E-09
0,178340,1.92015E-09
0,178350,1.918696E-09
0,178360,1.9172433E-09
0,178370,1.9157915E-09
0,178380,1.9143407E-09
0,178390,1.9128912E-09
0,178400,1.9114428E-09
0,178410,1.9099953E-09
0,178420,1.9085489E-09
0,178430,1.9071038E-09
0,178440,1.9056596E-09
0,178450,1.9042166E-09
0,178460,1.9027748E-09
0,178470,1.901334E-09
0,178480,1.8998942E-09
0,178490,1.8984556E-09
0,178500,1.8970179E-09
0,178510,1.8955815E-09
0,178520,1.8941462E-09
0,178530,1.8927118E-09
0,178540,1.8912787E-09
0,178550,1.8898465E-09
0,178560,1.8884154E-09
0,178570,1.8869855E-09
0,178580,1.8855566E-09
0,178590,1.8841289E-09
0,178600,1.882702E-09
0,178610,1.8812765E-09
0,178620,1.8798518E-09
0,178630,1.8784285E-09
0,178640,1.877006E-09
0,178650,1.8755848E-09
0,178660,1.8741644E-09
0,178670,1.8727453E-09
0,178680,1.871327E-09
0,178690,1.8699102E-09
0,178700,1.8684942E-09
0,178710,1.8670794E-09
0,178720,1.8656656E-09
0,178730,1.8642528E-09
0,178740,1.8628412E-09
0,178750,1.8614306E-09
0,178760,1.860021E-09
0,178770,1.8586126E-09
0,178780,1.8572052E-09
0,178790,1.8557988E-09
0,178800,1.8543936E-09
0,178810,1.8529894E-09
0,178820,1.8515863E-09
0,178830,1.8501842E-09
0,178840,1.8487832E-09
0,178850,1.8473832E-09
0,178860,1.8459844E-09
0,178870,1.8445866E-09
0,178880,1.8431898E-09
0,178890,1.841794E-09
0,178900,1.8403994E-09
0,178910,1.8390058E-09
0,178920,1.8376133E-09
0,178930,1.8362217E-09
0,178940,1.8348313E-09
0,178950,1.833442E-09
0,178960,1.8320536E-09
0,178970,1.8306664E-09
0,178980,1.8292801E-09
0,178990,1.827895E-09
0,179000,1.8265108E-09
0,179010,1.8251277E-09
0,179020,1.8237457E-09
0,179030,1.8223647E-09
0,179040,1.8209848E-09
0,179050,1.8196059E-09
0,179060,1.818228E-09
0,179070,1.8168512E-09
0,179080,1.8154754E-09
0,179090,1.8141006E-09
0,179100,1.812727E-09
0,179110,1.8113544E-09
0,179120,1.8099827E-09
0,179130,1.8086121E-09
0,179140,1.8072427E-09
0,179150,1.8058742E-09
0,179160,1.8045068E-09
0,179170,1.8031403E-09
0,179180,1.801775E-09
0,179190,1.8004106E-09
0,179200,1.7990472E-09
0,179210,1.797685E-09
0,179220,1.7963236E-09
0,179230,1.7949635E-09
0,179240,1.7936043E-09
0,179250,1.7922461E-09
0,179260,1.790889E-09
0,179270,1.7895329E-09
0,179280,1.7881778E-09
0,179290,1.7868237E-09
0,179300,1.7854707E-09
0,179310,1.7841187E-09
0,179320,1.7827677E-09
0,179330,1.7814178E-09
0,179340,1.7800689E-09
0,179350,1.778721E-09
0,179360,1.777374E-09
0,179370,1.7760281E-09
0,179380,1.7746833E-09
0,179390,1.7733395E-09
0,179400,1.7719967E-09
0,179410,1.7706548E-09
0,179420,1.769314E-09
0,179430,1.7679742E-09
0,179440,1.7666355E-09
0,179450,1.7652978E-09
0,179460,1.763961E-09
0,179470,1.7626253E-09
0,179480,1.7612906E-09
0,179490,1.759957E-09
0,179500,1.7586242E-09
0,179510,1.7572925E-09
0,179520,1.7559619E-09
0,179530,1.7546322E-09
0,179540,1.7533036E-09
0,179550,1.7519759E-09
0,179560,1.7506493E-09
0,179570,1.7493237E-09
0,179580,1.747999E-09
0,179590,1.7466754E-09
0,179600,1.7453528E-09
0,179610,1.7440311E-09
0,179620,1.7427105E-09
0,179630,1.7413908E-09
0,179640,1.7400722E-09
0,179650,1.7387546E-09
0,179660,1.737438E-09
0,179670,1.7361224E-09
0,179680,1.7348077E-09
0,179690,1.733494E-09
0,179700,1.7321814E-09
0,179710,1.7308698E-09
0,179720,1.729559E-09
0,179730,1.7282494E-09
0,179740,1.7269407E-09
0,179750,1.7256331E-09
0,179760,1.7243263E-09
0,179770,1.7230206E-09
0,179780,1.721716E-09
0,179790,1.7204123E-09
0,179800,1.7191095E-09
0,179810,1.7178077E-09
0,179820,1.7165069E-09
0,179830,1.7152072E-09
0,179840,1.7139083E-09
0,179850,1.7126105E-09
0,179860,1.7113138E-09
0,179870,1.7100179E-09
0,179880,1.7087229E-09
0,179890,1.7074291E-09
0,179900,1.7061362E-09
0,179910,1.7048443E-09
0,179920,1.7035533E-09
0,179930,1.7022633E-09
0,179940,1.7009744E-09
0,179950,1.6996863E-09
0,179960,1.6983993E-09
0,179970,1.6971132E-09
0,179980,1.6958281E-09
0,179990,1.694544E-09
0,180000,1.6932609E-09
0,180010,1.6919787E-09
0,180020,1.6906975E-09
0,180030,1.6894172E-09
0,180040,1.6881379E-09
0,180050,1.6868597E-09
0,180060,1.6855822E-09
0,180070,1.6843059E-09
0,180080,1.6830305E-09
0,180090,1.6817561E-09
0,180100,1.6804826E-09
0,180110,1.6792101E-09
0,180120,1.6779386E-09
0,180130,1.6766679E-09
0,180140,1.6753984E-09
0,180150,1.6741297E-09
0,180160,1.672862E-09
0,180170,1.6715953E-09
0,180180,1.6703295E-09
0,180190,1.6690647E-09
0,180200,1.6678008E-09
0,180210,1.6665379E-09
0,180220,1.6652759E-09
0,180230,1.6640149E-09
0,180240,1.6627549E-09
0,180250,1.6614958E-09
0,180260,1.6602377E-09
0,180270,1.6589805E-09
0,180280,1.6577243E-09
0,180290,1.6564691E-09
0,180300,1.6552147E-09
0,180310,1.6539613E-09
0,180320,1.652709E-09
0,180330,1.6514574E-09
0,180340,1.650207E-09
0,180350,1.6489573E-09
0,180360,1.6477087E-09
0,180370,1.6464611E-09
0,180380,1.6452143E-09
0,180390,1.6439685E-09
0,180400,1.6427236E-09
0,180410,1.6414797E-09
0,180420,1.6402367E-09
0,180430,1.6389947E-09
0,180440,1.6377536E-09
0,180450,1.6365135E-09
0,180460,1.6352742E-09
0,180470,1.634036E-09
0,180480,1.6327987E-09
0,180490,1.6315622E-09
0,180500,1.6303268E-09
0,180510,1.6290923E-09
0,180520,1.6278586E-09
0,180530,1.6266261E-09
0,180540,1.6253943E-09
0,180550,1.6241635E-09
0,180560,1.6229337E-09
0,180570,1.6217047E-09
0,180580,1.6204768E-09
0,180590,1.6192496E-09
0,180600,1.6180235E-09
0,180610,1.6167983E-09
0,180620,1.615574E-09
0,180630,1.6143507E-09
0,180640,1.6131282E-09
0,180650,1.6119067E-09
0,180660,1.6106861E-09
0,180670,1.6094664E-09
0,180680,1.6082478E-09
0,180690,1.60703E-09
0,180700,1.605813E-09
0,180710,1.6045971E-09
0,180720,1.6033821E-09
0,180730,1.602168E-09
0,180740,1.6009547E-09
0,180750,1.5997424E-09
0,180760,1.5985311E-09
0,180770,1.5973206E-09
0,180780,1.5961111E-09
0,180790,1.5949024E-09
0,180800,1.5936947E-09
0,180810,1.592488E-09
0,180820,1.5912821E-09
0,180830,1.5900772E-09
0,180840,1.5888731E-09
0,180850,1.58767E-09
0,180860,1.5864677E-09
0,180870,1.5852665E-09
0,180880,1.584066E-09
0,180890,1.5828665E-09
0,180900,1.5816679E-09
0,180910,1.5804702E-09
0,180920,1.5792735E-09
0,180930,1.5780776E-09
0,180940,1.5768826E-09
0,180950,1.5756886E-09
0,180960,1.5744954E-09
0,180970,1.5733032E-09
0,180980,1.5721119E-09
0,180990,1.5709214E-09
0,181000,1.5697319E-09
0,181010,1.5685432E-09
0,181020,1.5673555E-09
0,181030,1.5661686E-09
0,181040,1.5649827E-09
0,181050,1.5637976E-09
0,181060,1.5626135E-09
0,181070,1.5614302E-09
0,181080,1.5602478E-09
0,181090,1.5590664E-09
0,181100,1.5578858E-09
0,181110,1.5567062E-09
0,181120,1.5555274E-09
0,181130,1.5543495E-09
0,181140,1.5531725E-09
0,181150,1.5519964E-09
0,181160,1.5508212E-09
0,181170,1.5496469E-09
0,181180,1.5484735E-09
0,181190,1.5473008E-09
0,181200,1.5461292E-09
0,181210,1.5449585E-09
0,181220,1.5437885E-09
0,181230,1.5426196E-09
0,181240,1.5414515E-09
0,181250,1.5402842E-09
0,181260,1.5391179E-09
0,181270,1.5379524E-09
0,181280,1.5367878E-09
0,181290,1.5356242E-09
0,181300,1.5344613E-09
0,181310,1.5332994E-09
0,181320,1.5321383E-09
0,181330,1.5309782E-09
0,181340,1.5298189E-09
0,181350,1.5286604E-09
0,181360,1.5275029E-09
0,181370,1.5263463E-09
0,181380,1.5251904E-09
0,181390,1.5240356E-09
0,181400,1.5228815E-09
0,181410,1.5217283E-09
0,181420,1.5205761E-09
0,181430,1.5194246E-09
0,181440,1.5182741E-09
0,181450,1.5171244E-09
0,181460,1.5159756E-09
0,181470,1.5148277E-09
0,181480,1.5136806E-09
0,181490,1.5125344E-09
0,181500,1.511389E-09
0,181510,1.5102446E-09
0,181520,1.509101E-09
0,181530,1.5079583E-09
0,181540,1.5068164E-09
0,181550,1.5056754E-09
0,181560,1.5045353E-09
0,181570,1.503396E-09
0,181580,1.5022575E-09
0,181590,1.50112E-09
0,181600,1.4999834E-09
0,181610,1.4988475E-09
0,181620,1.4977125E-09
0,181630,1.4965784E-09
0,181640,1.4954452E-09
0,181650,1.4943128E-09
0,181660,1.4931812E-09
0,181670,1.4920506E-09
0,181680,1.4909207E-09
0,181690,1.4897918E-09
0,181700,1.4886637E-09
0,181710,1.4875364E-09
0,181720,1.48641E-09
0,181730,1.4852845E-09
0,181740,1.4841598E-09
0,181750,1.4830359E-09
0,181760,1.4819129E-09
0,181770,1.4807908E-09
0,181780,1.4796695E-09
0,181790,1.4785491E-09
0,181800,1.4774295E-09
0,181810,1.4763107E-09
0,181820,1.4751929E-09
0,181830,1.4740758E-09
0,181840,1.4729595E-09
0,181850,1.4718442E-09
0,181860,1.4707296E-09
0,181870,1.469616E-09
0,181880,1.4685032E-09
0,181890,1.4673912E-09
0,181900,1.46628E-09
0,181910,1.4651698E-09
0,181920,1.4640603E-09
0,181930,1.4629516E-09
0,181940,1.4618439E-09
0,181950,1.4607369E-09
0,181960,1.4596307E-09
0,181970,1.4585255E-09
0,181980,1.4574211E-09
0,181990,1.4563175E-09
0,182000,1.4552147E-09
0,182010,1.4541128E-09
0,182020,1.4530117E-09
0,182030,1.4519115E-09
0,182040,1.450812E-09
0,182050,1.4497135E-09
0,182060,1.4486157E-09
0,182070,1.4475188E-09
0,182080,1.4464226E-09
0,182090,1.4453274E-09
0,182100,1.444233E-09
0,182110,1.4431393E-09
0,182120,1.4420465E-09
0,182130,1.4409546E-09
0,182140,1.4398635E-09
0,182150,1.4387731E-09
0,182160,1.4376836E-09
0,182170,1.4365951E-09
0,182180,1.4355072E-09
0,182190,1.4344201E-09
0,182200,1.433334E-09
0,182210,1.4322487E-09
0,182220,1.4311641E-09
0,182230,1.4300804E-09
0,182240,1.4289975E-09
0,182250,1.4279155E-09
0,182260,1.4268342E-09
0,182270,1.4257537E-09
0,182280,1.4246742E-09
0,182290,1.4235954E-09
0,182300,1.4225173E-09
0,182310,1.4214402E-09
0,182320,1.4203638E-09
0,182330,1.4192882E-09
0,182340,1.4182135E-09
0,182350,1.4171396E-09
0,182360,1.4160666E-09
0,182370,1.4149942E-09
0,182380,1.4139228E-09
0,182390,1.4128522E-09
0,182400,1.4117822E-09
0,182410,1.4107132E-09
0,182420,1.4096451E-09
0,182430,1.4085776E-09
0,182440,1.407511E-09
0,182450,1.4064452E-09
0,182460,1.4053801E-09
0,182470,1.404316E-09
0,182480,1.4032526E-09
0,182490,1.40219E-09
0,182500,1.4011282E-09
0,182510,1.4000673E-09
0,182520,1.3990071E-09
0,182530,1.3979478E-09
0,182540,1.3968892E-09
0,182550,1.3958315E-09
0,182560,1.3947744E-09
0,182570,1.3937183E-09
0,182580,1.392663E-09
0,182590,1.3916084E-09
0,182600,1.3905546E-09
0,182610,1.3895016E-09
0,182620,1.3884495E-09
0,182630,1.3873981E-09
0,182640,1.3863475E-09
0,182650,1.3852978E-09
0,182660,1.3842487E-09
0,182670,1.3832006E-09
0,182680,1.3821532E-09
0,182690,1.3811066E-09
0,182700,1.3800607E-09
0,182710,1.3790158E-09
0,182720,1.3779715E-09
0,182730,1.3769281E-09
0,182740,1.3758854E-09
0,182750,1.3748436E-09
0,182760,1.3738025E-09
0,182770,1.3727622E-09
0,182780,1.3717227E-09
0,182790,1.370684E-09
0,182800,1.3696462E-09
0,182810,1.368609E-09
0,182820,1.3675726E-09
0,182830,1.3665371E-09
0,182840,1.3655023E-09
0,182850,1.3644683E-09
0,182860,1.3634351E-09
0,182870,1.3624026E-09
0,182880,1.361371E-09
0,182890,1.3603402E-09
0,182900,1.3593101E-09
0,182910,1.3582807E-09
0,182920,1.3572522E-09
0,182930,1.3562245E-09
0,182940,1.3551975E-09
0,182950,1.3541713E-09
0,182960,1.3531459E-09
0,182970,1.3521213E-09
0,182980,1.3510975E-09
0,182990,1.3500743E-09
0,183000,1.349052E-09
0,183010,1.3480305E-09
0,183020,1.3470097E-09
0,183030,1.3459898E-09
0,183040,1.3449705E-09
0,183050,1.3439521E-09
0,183060,1.3429344E-09
0,183070,1.3419175E-09
0,183080,1.3409014E-09
0,183090,1.339886E-09
0,183100,1.3388713E-09
0,183110,1.3378575E-09
0,183120,1.3368445E-09
0,183130,1.3358322E-09
0,183140,1.3348207E-09
0,183150,1.33381E-09
0,183160,1.3327999E-09
0,183170,1.3317907E-09
0,183180,1.3307822E-09
0,183190,1.3297745E-09
0,183200,1.3287675E-09
0,183210,1.3277613E-09
0,183220,1.3267559E-09
0,183230,1.3257513E-09
0,183240,1.3247474E-09
0,183250,1.3237443E-09
0,183260,1.3227419E-09
0,183270,1.3217403E-09
0,183280,1.3207394E-09
0,183290,1.3197393E-09
0,183300,1.31874E-09
0,183310,1.3177414E-09
0,183320,1.3167436E-09
0,183330,1.3157465E-09
0,183340,1.3147502E-09
0,183350,1.3137547E-09
0,183360,1.3127598E-09
0,183370,1.3117658E-09
0,183380,1.3107725E-09
0,183390,1.30978E-09
0,183400,1.3087881E-09
0,183410,1.3077971E-09
0,183420,1.3068068E-09
0,183430,1.3058172E-09
0,183440,1.3048284E-09
0,183450,1.3038404E-09
0,183460,1.302853E-09
0,183470,1.3018665E-09
0,183480,1.3008807E-09
0,183490,1.2998956E-09
0,183500,1.2989113E-09
0,183510,1.2979278E-09
0,183520,1.2969449E-09
0,183530,1.2959629E-09
0,183540,1.2949815E-09
0,183550,1.2940009E-09
0,183560,1.293021E-09
0,183570,1.2920419E-09
0,183580,1.2910636E-09
0,183590,1.2900859E-09
0,183600,1.289109E-09
0,183610,1.2881329E-09
0,183620,1.2871575E-09
0,183630,1.2861828E-09
0,183640,1.2852089E-09
0,183650,1.2842357E-09
0,183660,1.2832633E-09
0,183670,1.2822915E-09
0,183680,1.2813205E-09
0,183690,1.2803503E-09
0,183700,1.2793808E-09
0,183710,1.278412E-09
0,183720,1.2774439E-09
0,183730,1.2764766E-09
0,183740,1.27551E-09
0,183750,1.2745442E-09
0,183760,1.2735791E-09
0,183770,1.2726147E-09
0,183780,1.271651E-09
0,183790,1.2706881E-09
0,183800,1.2697259E-09
0,183810,1.2687644E-09
0,183820,1.2678038E-09
0,183830,1.2668437E-09
0,183840,1.2658844E-09
0,183850,1.2649258E-09
0,183860,1.263968E-09
0,183870,1.2630109E-09
0,183880,1.2620545E-09
0,183890,1.2610989E-09
0,183900,1.2601439E-09
0,183910,1.2591898E-09
0,183920,1.2582362E-09
0,183930,1.2572834E-09
0,183940,1.2563314E-09
0,183950,1.25538E-09
0,183960,1.2544294E-09
0,183970,1.2534795E-09
0,183980,1.2525304E-09
0,183990,1.251582E-09
0,184000,1.2506343E-09
0,184010,1.2496872E-09
0,184020,1.2487409E-09
0,184030,1.2477953E-09
0,184040,1.2468505E-09
0,184050,1.2459063E-09
0,184060,1.2449629E-09
0,184070,1.2440201E-09
0,184080,1.2430782E-09
0,184090,1.2421368E-09
0,184100,1.2411963E-09
0,184110,1.2402565E-09
0,184120,1.2393173E-09
0,184130,1.2383788E-09
0,184140,1.237441E-09
0,184150,1.236504E-09
0,184160,1.2355678E-09
0,184170,1.2346322E-09
0,184180,1.2336973E-09
0,184190,1.2327631E-09
0,184200,1.2318295E-09
0,184210,1.2308968E-09
0,184220,1.2299647E-09
0,184230,1.2290334E-09
0,184240,1.2281027E-09
0,184250,1.2271728E-09
0,184260,1.2262436E-09
0,184270,1.225315E-09
0,184280,1.2243871E-09
0,184290,1.22346E-09
0,184300,1.2225335E-09
0,184310,1.2216078E-09
0,184320,1.2206828E-09
0,184330,1.2197584E-09
0,184340,1.2188348E-09
0,184350,1.2179119E-09
0,184360,1.2169896E-09
0,184370,1.2160681E-09
0,184380,1.2151473E-09
0,184390,1.2142272E-09
0,184400,1.2133077E-09
0,184410,1.212389E-09
0,184420,1.2114709E-09
0,184430,1.2105535E-09
0,184440,1.2096368E-09
0,184450,1.2087209E-09
0,184460,1.2078056E-09
0,184470,1.206891E-09
0,184480,1.2059772E-09
0,184490,1.2050639E-09
0,184500,1.2041514E-09
0,184510,1.2032396E-09
0,184520,1.2023285E-09
0,184530,1.2014181E-09
0,184540,1.2005084E-09
0,184550,1.1995993E-09
0,184560,1.1986909E-09
0,184570,1.1977832E-09
0,184580,1.1968763E-09
0,184590,1.1959699E-09
0,184600,1.1950643E-09
0,184610,1.1941593E-09
0,184620,1.1932552E-09
0,184630,1.1923516E-09
0,184640,1.1914487E-09
0,184650,1.1905464E-09
0,184660,1.1896449E-09
0,184670,1.1887441E-09
0,184680,1.1878439E-09
0,184690,1.1869445E-09
0,184700,1.1860457E-09
0,184710,1.1851476E-09
0,184720,1.1842503E-09
0,184730,1.1833534E-09
0,184740,1.1824574E-09
0,184750,1.181562E-09
0,184760,1.1806673E-09
0,184770,1.1797733E-09
0,184780,1.1788799E-09
0,184790,1.1779873E-09
0,184800,1.1770952E-09
0,184810,1.1762039E-09
0,184820,1.1753133E-09
0,184830,1.1744232E-09
0,184840,1.1735339E-09
0,184850,1.1726453E-09
0,184860,1.1717574E-09
0,184870,1.1708701E-09
0,184880,1.1699834E-09
0,184890,1.1690975E-09
0,184900,1.1682123E-09
0,184910,1.1673277E-09
0,184920,1.1664437E-09
0,184930,1.1655604E-09
0,184940,1.1646779E-09
0,184950,1.163796E-09
0,184960,1.1629147E-09
0,184970,1.1620341E-09
0,184980,1.1611542E-09
0,184990,1.1602749E-09
0,185000,1.1593964E-09
0,185010,1.1585184E-09
0,185020,1.1576411E-09
0,185030,1.1567646E-09
0,185040,1.1558886E-09
0,185050,1.1550133E-09
0,185060,1.1541388E-09
0,185070,1.1532648E-09
0,185080,1.1523915E-09
0,185090,1.1515189E-09
0,185100,1.1506469E-09
0,185110,1.1497756E-09
0,185120,1.148905E-09
0,185130,1.148035E-09
0,185140,1.1471657E-09
0,185150,1.1462971E-09
0,185160,1.145429E-09
0,185170,1.1445617E-09
0,185180,1.1436949E-09
0,185190,1.1428289E-09
0,185200,1.1419635E-09
0,185210,1.1410988E-09
0,185220,1.1402348E-09
0,185230,1.1393714E-09
0,185240,1.1385086E-09
0,185250,1.1376464E-09
0,185260,1.136785E-09
0,185270,1.1359242E-09
0,185280,1.135064E-09
0,185290,1.1342045E-09
0,185300,1.1333458E-09
0,185310,1.1324875E-09
0,185320,1.1316299E-09
0,185330,1.130773E-09
0,185340,1.1299168E-09
0,185350,1.1290612E-09
0,185360,1.1282062E-09
0,185370,1.127352E-09
0,185380,1.1264982E-09
0,185390,1.1256452E-09
0,185400,1.1247929E-09
0,185410,1.1239412E-09
0,185420,1.1230901E-09
0,185430,1.1222396E-09
0,185440,1.1213899E-09
0,185450,1.1205408E-09
0,185460,1.1196922E-09
0,185470,1.1188444E-09
0,185480,1.1179971E-09
0,185490,1.1171506E-09
0,185500,1.1163046E-09
0,185510,1.1154593E-09
0,185520,1.1146146E-09
0,185530,1.1137706E-09
0,185540,1.1129273E-09
0,185550,1.1120845E-09
0,185560,1.1112424E-09
0,185570,1.110401E-09
0,185580,1.1095601E-09
0,185590,1.10872E-09
0,185600,1.1078805E-09
0,185610,1.1070415E-09
0,185620,1.1062032E-09
0,185630,1.1053656E-09
0,185640,1.1045286E-09
0,185650,1.1036921E-09
0,185660,1.1028565E-09
0,185670,1.1020214E-09
0,185680,1.1011868E-09
0,185690,1.100353E-09
0,185700,1.0995198E-09
0,185710,1.0986873E-09
0,185720,1.0978553E-09
0,185730,1.0970239E-09
0,185740,1.0961932E-09
0,185750,1.0953631E-09
0,185760,1.0945337E-09
0,185770,1.0937049E-09
0,185780,1.0928767E-09
0,185790,1.0920491E-09
0,185800,1.0912222E-09
0,185810,1.0903959E-09
0,185820,1.0895702E-09
0,185830,1.0887452E-09
0,185840,1.0879208E-09
0,185850,1.087097E-09
0,185860,1.0862738E-09
0,185870,1.0854513E-09
0,185880,1.0846293E-09
0,185890,1.083808E-09
0,185900,1.0829874E-09
0,185910,1.0821672E-09
0,185920,1.0813478E-09
0,185930,1.080529E-09
0,185940,1.0797108E-09
0,185950,1.0788932E-09
0,185960,1.0780762E-09
0,185970,1.0772598E-09
0,185980,1.0764442E-09
0,185990,1.075629E-09
0,186000,1.0748146E-09
0,186010,1.0740007E-09
0,186020,1.0731874E-09
0,186030,1.0723747E-09
0,186040,1.0715627E-09
0,186050,1.0707513E-09
0,186060,1.0699405E-09
0,186070,1.0691303E-09
0,186080,1.0683208E-09
0,186090,1.0675117E-09
0,186100,1.0667034E-09
0,186110,1.0658957E-09
0,186120,1.0650886E-09
0,186130,1.0642821E-09
0,186140,1.0634762E-09
0,186150,1.0626708E-09
0,186160,1.0618662E-09
0,186170,1.0610621E-09
0,186180,1.0602587E-09
0,186190,1.0594557E-09
0,186200,1.0586535E-09
0,186210,1.0578519E-09
0,186220,1.0570509E-09
0,186230,1.0562504E-09
0,186240,1.0554506E-09
0,186250,1.0546514E-09
0,186260,1.0538528E-09
0,186270,1.0530548E-09
0,186280,1.0522574E-09
0,186290,1.0514606E-09
0,186300,1.0506644E-09
0,186310,1.0498689E-09
0,186320,1.0490738E-09
0,186330,1.0482795E-09
0,186340,1.0474857E-09
0,186350,1.0466925E-09
0,186360,1.0458999E-09
0,186370,1.0451079E-09
0,186380,1.0443165E-09
0,186390,1.0435257E-09
0,186400,1.0427356E-09
0,186410,1.041946E-09
0,186420,1.0411569E-09
0,186430,1.0403686E-09
0,186440,1.0395808E-09
0,186450,1.0387936E-09
0,186460,1.038007E-09
0,186470,1.037221E-09
0,186480,1.0364356E-09
0,186490,1.0356508E-09
0,186500,1.0348665E-09
0,186510,1.0340829E-09
0,186520,1.0332999E-09
0,186530,1.0325174E-09
0,186540,1.0317356E-09
0,186550,1.0309543E-09
0,186560,1.0301736E-09
0,186570,1.0293936E-09
0,186580,1.0286141E-09
0,186590,1.0278352E-09
0,186600,1.0270569E-09
0,186610,1.0262792E-09
0,186620,1.025502E-09
0,186630,1.0247255E-09
0,186640,1.0239496E-09
0,186650,1.0231742E-09
0,186660,1.0223994E-09
0,186670,1.0216252E-09
0,186680,1.0208516E-09
0,186690,1.0200786E-09
0,186700,1.0193062E-09
0,186710,1.0185344E-09
0,186720,1.0177631E-09
0,186730,1.0169924E-09
0,186740,1.0162223E-09
0,186750,1.0154528E-09
0,186760,1.0146839E-09
0,186770,1.0139155E-09
0,186780,1.0131478E-09
0,186790,1.0123806E-09
0,186800,1.011614E-09
0,186810,1.010848E-09
0,186820,1.0100825E-09
0,186830,1.0093176E-09
0,186840,1.0085534E-09
0,186850,1.0077896E-09
0,186860,1.0070266E-09
0,186870,1.006264E-09
0,186880,1.005502E-09
0,186890,1.0047406E-09
0,186900,1.0039798E-09
0,186910,1.0032196E-09
0,186920,1.0024599E-09
0,186930,1.0017008E-09
0,186940,1.0009423E-09
0,186950,1.0001844E-09
0,186960,9.99427E-10
0,186970,9.986703E-10
0,186980,9.97914E-10
0,186990,9.971584E-10
0,187000,9.964033E-10
0,187010,9.956488E-10
0,187020,9.948948E-10
0,187030,9.941414E-10
0,187040,9.933887E-10
0,187050,9.926364E-10
0,187060,9.918848E-10
0,187070,9.911337E-10
0,187080,9.903832E-10
0,187090,9.896333E-10
0,187100,9.888839E-10
0,187110,9.881351E-10
0,187120,9.873868E-10
0,187130,9.866392E-10
0,187140,9.85892E-10
0,187150,9.851455E-10
0,187160,9.843996E-10
0,187170,9.836542E-10
0,187180,9.829093E-10
0,187190,9.82165E-10
0,187200,9.814213E-10
0,187210,9.806781E-10
0,187220,9.799355E-10
0,187230,9.791935E-10
0,187240,9.78452E-10
0,187250,9.777111E-10
0,187260,9.769707E-10
0,187270,9.76231E-10
0,187280,9.754917E-10
0,187290,9.747531E-10
0,187300,9.74015E-10
0,187310,9.732775E-10
0,187320,9.725404E-10
0,187330,9.71804E-10
0,187340,9.710681E-10
0,187350,9.703328E-10
0,187360,9.695981E-10
0,187370,9.688639E-10
0,187380,9.681301E-10
0,187390,9.67397E-10
0,187400,9.666645E-10
0,187410,9.659326E-10
0,187420,9.652011E-10
0,187430,9.644703E-10
0,187440,9.6374E-10
0,187450,9.630101E-10
0,187460,9.622809E-10
0,187470,9.615523E-10
0,187480,9.608242E-10
0,187490,9.600966E-10
0,187500,9.593696E-10
0,187510,9.586432E-10
0,187520,9.579172E-10
0,187530,9.571919E-10
0,187540,9.56467E-10
0,187550,9.557428E-10
0,187560,9.550191E-10
0,187570,9.542959E-10
0,187580,9.535733E-10
0,187590,9.528512E-10
0,187600,9.521297E-10
0,187610,9.514087E-10
0,187620,9.506883E-10
0,187630,9.499684E-10
0,187640,9.49249E-10
0,187650,9.485303E-10
0,187660,9.47812E-10
0,187670,9.470943E-10
0,187680,9.463771E-10
0,187690,9.456605E-10
0,187700,9.449445E-10
0,187710,9.442289E-10
0,187720,9.435139E-10
0,187730,9.427995E-10
0,187740,9.420855E-10
0,187750,9.413722E-10
0,187760,9.406593E-10
0,187770,9.39947E-10
0,187780,9.392352E-10
0,187790,9.38524E-10
0,187800,9.378134E-10
0,187810,9.371033E-10
0,187820,9.363936E-10
0,187830,9.356846E-10
0,187840,9.349761E-10
0,187850,9.342681E-10
0,187860,9.335607E-10
0,187870,9.328537E-10
0,187880,9.321474E-10
0,187890,9.314415E-10
0,187900,9.3073615E-10
0,187910,9.300314E-10
0,187920,9.2932717E-10
0,187930,9.2862346E-10
0,187940,9.2792024E-10
0,187950,9.2721764E-10
0,187960,9.2651553E-10
0,187970,9.258139E-10
0,187980,9.251129E-10
0,187990,9.244123E-10
0,188000,9.237124E-10
0,188010,9.230129E-10
0,188020,9.2231395E-10
0,188030,9.2161556E-10
0,188040,9.209177E-10
0,188050,9.2022034E-10
0,188060,9.1952357E-10
0,188070,9.1882724E-10
0,188080,9.181315E-10
0,188090,9.1743624E-10
0,188100,9.1674157E-10
0,188110,9.1604735E-10
0,188120,9.1535374E-10
0,188130,9.1466057E-10
0,188140,9.1396796E-10
0,188150,9.132759E-10
0,188160,9.1258434E-10
0,188170,9.1189334E-10
0,188180,9.112028E-10
0,188190,9.1051283E-10
0,188200,9.0982333E-10
0,188210,9.0913443E-10
0,188220,9.08446E-10
0,188230,9.077581E-10
0,188240,9.070707E-10
0,188250,9.0638386E-10
0,188260,9.056975E-10
0,188270,9.050117E-10
0,188280,9.043264E-10
0,188290,9.036416E-10
0,188300,9.029574E-10
0,188310,9.022736E-10
0,188320,9.015904E-10
0,188330,9.009077E-10
0,188340,9.002255E-10
0,188350,8.9954383E-10
0,188360,8.9886265E-10
0,188370,8.9818203E-10
0,188380,8.975019E-10
0,188390,8.968223E-10
0,188400,8.9614316E-10
0,188410,8.954646E-10
0,188420,8.947865E-10
0,188430,8.9410895E-10
0,188440,8.9343194E-10
0,188450,8.9275537E-10
0,188460,8.9207935E-10
0,188470,8.9140384E-10
0,188480,8.907289E-10
0,188490,8.9005436E-10
0,188500,8.893804E-10
0,188510,8.8870694E-10
0,188520,8.88034E-10
0,188530,8.873616E-10
0,188540,8.866896E-10
0,188550,8.860182E-10
0,188560,8.853473E-10
0,188570,8.846769E-10
0,188580,8.84007E-10
0,188590,8.8333757E-10
0,188600,8.826687E-10
0,188610,8.820003E-10
0,188620,8.8133245E-10
0,188630,8.806651E-10
0,188640,8.799982E-10
0,188650,8.7933183E-10
0,188660,8.78666E-10
0,188670,8.7800067E-10
0,188680,8.773358E-10
0,188690,8.7667146E-10
0,188700,8.760076E-10
0,188710,8.753443E-10
0,188720,8.7468144E-10
0,188730,8.7401913E-10
0,188740,8.733573E-10
0,188750,8.7269597E-10
0,188760,8.720351E-10
0,188770,8.713748E-10
0,188780,8.70715E-10
0,188790,8.7005564E-10
0,188800,8.6939683E-10
0,188810,8.6873847E-10
0,188820,8.6808066E-10
0,188830,8.674233E-10
0,188840,8.667665E-10
0,188850,8.6611013E-10
0,188860,8.654543E-10
0,188870,8.6479895E-10
0,188880,8.641441E-10
0,188890,8.634898E-10
0,188900,8.628359E-10
0,188910,8.6218255E-10
0,188920,8.615297E-10
0,188930,8.608773E-10
0,188940,8.6022545E-10
0,188950,8.59574E-10
0,188960,8.5892315E-10
0,188970,8.5827273E-10
0,188980,8.5762286E-10
0,188990,8.5697344E-10
0,189000,8.563245E-10
0,189010,8.556761E-10
0,189020,8.550281E-10
0,189030,8.543807E-10
0,189040,8.537337E-10
0,189050,8.5308727E-10
0,189060,8.524413E-10
0,189070,8.517958E-10
0,189080,8.5115076E-10
0,189090,8.505063E-10
0,189100,8.4986224E-10
0,189110,8.492187E-10
0,189120,8.4857565E-10
0,189130,8.4793306E-10
0,189140,8.47291E-10
0,189150,8.466494E-10
0,189160,8.460083E-10
0,189170,8.4536766E-10
0,189180,8.4472757E-10
0,189190,8.440879E-10
0,189200,8.4344876E-10
0,189210,8.4281004E-10
0,189220,8.4217183E-10
0,189230,8.415341E-10
0,189240,8.408969E-10
0,189250,8.4026014E-10
0,189260,8.3962387E-10
0,189270,8.389881E-10
0,189280,8.383528E-10
0,189290,8.3771795E-10
0,189300,8.370836E-10
0,189310,8.364498E-10
0,189320,8.358164E-10
0,189330,8.351835E-10
0,189340,8.3455104E-10
0,189350,8.339191E-10
0,189360,8.3328766E-10
0,189370,8.3265667E-10
0,189380,8.3202617E-10
0,189390,8.313961E-10
0,189400,8.3076657E-10
0,189410,8.301375E-10
0,189420,8.295089E-10
0,189430,8.2888074E-10
0,189440,8.2825313E-10
0,189450,8.276259E-10
0,189460,8.2699925E-10
0,189470,8.26373E-10
0,189480,8.2574725E-10
0,189490,8.2512197E-10
0,189500,8.244972E-10
0,189510,8.2387286E-10
0,189520,8.2324897E-10
0,189530,8.226256E-10
0,189540,8.220027E-10
0,189550,8.2138024E-10
0,189560,8.207583E-10
0,189570,8.201368E-10
0,189580,8.1951573E-10
0,189590,8.188952E-10
0,189600,8.182751E-10
0,189610,8.176555E-10
0,189620,8.170363E-10
0,189630,8.1641766E-10
0,189640,8.1579943E-10
0,189650,8.151817E-10
0,189660,8.145644E-10
0,189670,8.139476E-10
0,189680,8.1333124E-10
0,189690,8.127154E-10
0,189700,8.121E-10
0,189710,8.1148505E-10
0,189720,8.1087054E-10
0,189730,8.1025653E-10
0,189740,8.09643E-10
0,189750,8.090299E-10
0,189760,8.084173E-10
0,189770,8.0780516E-10
0,189780,8.071934E-10
0,189790,8.065822E-10
0,189800,8.0597146E-10
0,189810,8.0536117E-10
0,189820,8.047513E-10
0,189830,8.041419E-10
0,189840,8.03533E-10
0,189850,8.0292456E-10
0,189860,8.0231655E-10
0,189870,8.0170903E-10
0,189880,8.0110196E-10
0,189890,8.0049534E-10
0,189900,7.9988915E-10
0,189910,7.992835E-10
0,189920,7.9867823E-10
0,189930,7.9807344E-10
0,189940,7.9746915E-10
0,189950,7.968653E-10
0,189960,7.962619E-10
0,189970,7.956589E-10
0,189980,7.950564E-10
0,189990,7.944544E-10
0,190000,7.938528E-10
0,190010,7.932517E-10
0,190020,7.92651E-10
0,190030,7.9205076E-10
0,190040,7.91451E-10
0,190050,7.908517E-10
0,190060,7.9025286E-10
0,190070,7.8965445E-10
0,190080,7.890565E-10
0,190090,7.88459E-10
0,190100,7.87862E-10
0,190110,7.8726536E-10
0,190120,7.8666923E-10
0,190130,7.8607354E-10
0,190140,7.8547835E-10
0,190150,7.8488355E-10
0,190160,7.842892E-10
0,190170,7.8369533E-10
0,190180,7.8310186E-10
0,190190,7.825089E-10
0,190200,7.8191636E-10
0,190210,7.813243E-10
0,190220,7.8073265E-10
0,190230,7.8014145E-10
0,190240,7.795507E-10
0,190250,7.789604E-10
0,190260,7.7837053E-10
0,190270,7.777812E-10
0,190280,7.771922E-10
0,190290,7.7660367E-10
0,190300,7.7601564E-10
0,190310,7.75428E-10
0,190320,7.748408E-10
0,190330,7.742541E-10
0,190340,7.736678E-10
0,190350,7.73082E-10
0,190360,7.7249657E-10
0,190370,7.719116E-10
0,190380,7.713271E-10
0,190390,7.70743E-10
0,190400,7.7015944E-10
0,190410,7.6957624E-10
0,190420,7.689935E-10
0,190430,7.6841117E-10
0,190440,7.678293E-10
0,190450,7.672479E-10
0,190460,7.666669E-10
0,190470,7.6608636E-10
0,190480,7.6550627E-10
0,190490,7.649266E-10
0,190500,7.6434736E-10
0,190510,7.637686E-10
0,190520,7.6319023E-10
0,190530,7.6261236E-10
0,190540,7.620349E-10
0,190550,7.6145784E-10
0,190560,7.6088125E-10
0,190570,7.603051E-10
0,190580,7.597294E-10
0,190590,7.591541E-10
0,190600,7.5857925E-10
0,190610,7.580048E-10
0,190620,7.5743084E-10
0,190630,7.568573E-10
0,190640,7.5628415E-10
0,190650,7.557115E-10
0,190660,7.5513923E-10
0,190670,7.5456746E-10
0,190680,7.539961E-10
0,190690,7.534251E-10
0,190700,7.528546E-10
0,190710,7.522845E-10
0,190720,7.5171486E-10
0,190730,7.5114565E-10
0,190740,7.505769E-10
0,190750,7.500085E-10
0,190760,7.4944057E-10
0,190770,7.488731E-10
0,190780,7.4830603E-10
0,190790,7.4773937E-10
0,190800,7.4717316E-10
0,190810,7.466074E-10
0,190820,7.4604206E-10
0,190830,7.454771E-10
0,190840,7.4491263E-10
0,190850,7.443486E-10
0,190860,7.437849E-10
0,190870,7.432217E-10
0,190880,7.4265893E-10
0,190890,7.4209655E-10
0,190900,7.415346E-10
0,190910,7.409731E-10
0,190920,7.40412E-10
0,190930,7.3985135E-10
0,190940,7.3929113E-10
0,190950,7.387313E-10
0,190960,7.381719E-10
0,190970,7.3761297E-10
0,190980,7.370544E-10
0,190990,7.364963E-10
0,191000,7.3593864E-10
0,191010,7.3538137E-10
0,191020,7.348245E-10
0,191030,7.342681E-10
0,191040,7.3371204E-10
0,191050,7.331565E-10
0,191060,7.326013E-10
0,191070,7.320466E-10
0,191080,7.3149226E-10
0,191090,7.309383E-10
0,191100,7.3038486E-10
0,191110,7.298318E-10
0,191120,7.2927914E-10
0,191130,7.287269E-10
0,191140,7.281751E-10
0,191150,7.276237E-10
0,191160,7.2707274E-10
0,191170,7.265222E-10
0,191180,7.25972E-10
0,191190,7.254223E-10
0,191200,7.24873E-10
0,191210,7.243241E-10
0,191220,7.237756E-10
0,191230,7.2322753E-10
0,191240,7.226799E-10
0,191250,7.221327E-10
0,191260,7.2158585E-10
0,191270,7.2103945E-10
0,191280,7.2049344E-10
0,191290,7.199479E-10
0,191300,7.194027E-10
0,191310,7.18858E-10
0,191320,7.1831363E-10
0,191330,7.1776973E-10
0,191340,7.1722617E-10
0,191350,7.166831E-10
0,191360,7.161404E-10
0,191370,7.1559814E-10
0,191380,7.1505624E-10
0,191390,7.145148E-10
0,191400,7.139737E-10
0,191410,7.134331E-10
0,191420,7.1289286E-10
0,191430,7.1235307E-10
0,191440,7.118136E-10
0,191450,7.1127465E-10
0,191460,7.10736E-10
0,191470,7.1019784E-10
0,191480,7.0966005E-10
0,191490,7.091227E-10
0,191500,7.0858575E-10
0,191510,7.080492E-10
0,191520,7.07513E-10
0,191530,7.0697725E-10
0,191540,7.064419E-10
0,191550,7.05907E-10
0,191560,7.053724E-10
0,191570,7.0483835E-10
0,191580,7.043046E-10
0,191590,7.0377126E-10
0,191600,7.0323836E-10
0,191610,7.0270584E-10
0,191620,7.0217376E-10
0,191630,7.01642E-10
0,191640,7.011107E-10
0,191650,7.0057987E-10
0,191660,7.0004935E-10
0,191670,6.995193E-10
0,191680,6.9898953E-10
0,191690,6.984603E-10
0,191700,6.979314E-10
0,191710,6.9740286E-10
0,191720,6.968748E-10
0,191730,6.963471E-10
0,191740,6.958198E-10
0,191750,6.9529293E-10
0,191760,6.947664E-10
0,191770,6.9424033E-10
0,191780,6.9371464E-10
0,191790,6.9318934E-10
0,191800,6.926644E-10
0,191810,6.921399E-10
0,191820,6.916158E-10
0,191830,6.9109213E-10
0,191840,6.9056877E-10
0,191850,6.9004585E-10
0,191860,6.895233E-10
0,191870,6.8900124E-10
0,191880,6.884795E-10
0,191890,6.8795813E-10
0,191900,6.874372E-10
0,191910,6.869167E-10
0,191920,6.8639655E-10
0,191930,6.8587674E-10
0,191940,6.853574E-10
0,191950,6.848384E-10
0,191960,6.843199E-10
0,191970,6.838017E-10
0,191980,6.832839E-10
0,191990,6.8276645E-10
0,192000,6.822495E-10
0,192010,6.8173284E-10
0,192020,6.8121664E-10
0,192030,6.807008E-10
0,192040,6.8018535E-10
0,192050,6.7967026E-10
0,192060,6.791556E-10
0,192070,6.7864137E-10
0,192080,6.7812744E-10
0,192090,6.7761396E-10
0,192100,6.771009E-10
0,192110,6.765881E-10
0,192120,6.760758E-10
0,192130,6.755639E-10
0,192140,6.750523E-10
0,192150,6.7454115E-10
0,192160,6.740304E-10
0,192170,6.7351996E-10
0,192180,6.7301E-10
0,192190,6.7250033E-10
0,192200,6.7199113E-10
0,192210,6.7148226E-10
0,192220,6.709738E-10
0,192230,6.7046574E-10
0,192240,6.6995803E-10
0,192250,6.694507E-10
0,192260,6.689438E-10
0,192270,6.6843725E-10
0,192280,6.679311E-10
0,192290,6.6742534E-10
0,192300,6.669199E-10
0,192310,6.664149E-10
0,192320,6.6591027E-10
0,192330,6.6540606E-10
0,192340,6.649022E-10
0,192350,6.643987E-10
0,192360,6.638956E-10
0,192370,6.633929E-10
0,192380,6.628905E-10
0,192390,6.623886E-10
0,192400,6.61887E-10
0,192410,6.613858E-10
0,192420,6.6088496E-10
0,192430,6.603845E-10
0,192440,6.598845E-10
0,192450,6.593848E-10
0,192460,6.588855E-10
0,192470,6.5838657E-10
0,192480,6.57888E-10
0,192490,6.5738986E-10
0,192500,6.5689204E-10
0,192510,6.5639466E-10
0,192520,6.558976E-10
0,192530,6.5540096E-10
0,192540,6.5490463E-10
0,192550,6.5440875E-10
0,192560,6.539132E-10
0,192570,6.5341804E-10
0,192580,6.5292327E-10
0,192590,6.5242883E-10
0,192600,6.5193484E-10
0,192610,6.514411E-10
0,192620,6.5094785E-10
0,192630,6.5045497E-10
0,192640,6.499624E-10
0,192650,6.4947026E-10
0,192660,6.489784E-10
0,192670,6.4848704E-10
0,192680,6.47996E-10
0,192690,6.4750527E-10
0,192700,6.47015E-10
0,192710,6.4652506E-10
0,192720,6.4603545E-10
0,192730,6.455463E-10
0,192740,6.4505745E-10
0,192750,6.44569E-10
0,192760,6.440809E-10
0,192770,6.435932E-10
0,192780,6.4310585E-10
0,192790,6.426189E-10
0,192800,6.421323E-10
0,192810,6.41646E-10
0,192820,6.411602E-10
0,192830,6.406747E-10
0,192840,6.401895E-10
0,192850,6.3970473E-10
0,192860,6.3922034E-10
0,192870,6.3873634E-10
0,192880,6.382527E-10
0,192890,6.3776934E-10
0,192900,6.372864E-10
0,192910,6.3680383E-10
0,192920,6.363216E-10
0,192930,6.3583977E-10
0,192940,6.353583E-10
0,192950,6.348772E-10
0,192960,6.343965E-10
0,192970,6.339161E-10
0,192980,6.334361E-10
0,192990,6.329564E-10
0,193000,6.324771E-10
0,193010,6.319982E-10
0,193020,6.315196E-10
0,193030,6.3104144E-10
0,193040,6.305636E-10
0,193050,6.300861E-10
0,193060,6.29609E-10
0,193070,6.2913225E-10
0,193080,6.2865585E-10
0,193090,6.281798E-10
0,193100,6.277041E-10
0,193110,6.272288E-10
0,193120,6.2675387E-10
0,193130,6.2627925E-10
0,193140,6.25805E-10
0,193150,6.253311E-10
0,193160,6.248576E-10
0,193170,6.243845E-10
0,193180,6.2391164E-10
0,193190,6.2343924E-10
0,193200,6.229671E-10
0,193210,6.224954E-10
0,193220,6.2202404E-10
0,193230,6.2155303E-10
0,193240,6.2108235E-10
0,193250,6.2061206E-10
0,193260,6.201421E-10
0,193270,6.1967254E-10
0,193280,6.192033E-10
0,193290,6.1873445E-10
0,193300,6.182659E-10
0,193310,6.1779776E-10
0,193320,6.173299E-10
0,193330,6.1686245E-10
0,193340,6.163954E-10
0,193350,6.1592864E-10
0,193360,6.1546224E-10
0,193370,6.1499617E-10
0,193380,6.145305E-10
0,193390,6.1406513E-10
0,193400,6.1360017E-10
0,193410,6.1313554E-10
0,193420,6.1267125E-10
0,193430,6.122073E-10
0,193440,6.117437E-10
0,193450,6.112805E-10
0,193460,6.108176E-10
0,193470,6.103551E-10
0,193480,6.098929E-10
0,193490,6.094311E-10
0,193500,6.089696E-10
0,193510,6.0850847E-10
0,193520,6.080477E-10
0,193530,6.0758726E-10
0,193540,6.071272E-10
0,193550,6.0666744E-10
0,193560,6.062081E-10
0,193570,6.0574906E-10
0,193580,6.052904E-10
0,193590,6.04832E-10
0,193600,6.04374E-10
0,193610,6.0391636E-10
0,193620,6.0345906E-10
0,193630,6.030021E-10
0,193640,6.025455E-10
0,193650,6.020892E-10
0,193660,6.016333E-10
0,193670,6.011778E-10
0,193680,6.007225E-10
0,193690,6.002676E-10
0,193700,5.998131E-10
0,193710,5.993589E-10
0,193720,5.9890504E-10
0,193730,5.9845157E-10
0,193740,5.979984E-10
0,193750,5.9754557E-10
0,193760,5.970931E-10
0,193770,5.9664096E-10
0,193780,5.9618915E-10
0,193790,5.9573774E-10
0,193800,5.952866E-10
0,193810,5.9483585E-10
0,193820,5.9438543E-10
0,193830,5.9393535E-10
0,193840,5.934856E-10
0,193850,5.930362E-10
0,193860,5.925871E-10
0,193870,5.921384E-10
0,193880,5.9169003E-10
0,193890,5.9124194E-10
0,193900,5.9079425E-10
0,193910,5.903469E-10
0,193920,5.8989985E-10
0,193930,5.894532E-10
0,193940,5.8900684E-10
0,193950,5.885608E-10
0,193960,5.8811517E-10
0,193970,5.876698E-10
0,193980,5.872248E-10
0,193990,5.867801E-10
0,194000,5.863358E-10
0,194010,5.8589184E-10
0,194020,5.854482E-10
0,194030,5.850049E-10
0,194040,5.845619E-10
0,194050,5.8411925E-10
0,194060,5.8367694E-10
0,194070,5.8323496E-10
0,194080,5.827933E-10
0,194090,5.82352E-10
0,194100,5.81911E-10
0,194110,5.8147037E-10
0,194120,5.810301E-10
0,194130,5.8059013E-10
0,194140,5.801505E-10
0,194150,5.7971117E-10
0,194160,5.792722E-10
0,194170,5.7883354E-10
0,194180,5.783953E-10
0,194190,5.779573E-10
0,194200,5.7751964E-10
0,194210,5.770823E-10
0,194220,5.7664534E-10
0,194230,5.762087E-10
0,194240,5.757724E-10
0,194250,5.753364E-10
0,194260,5.7490074E-10
0,194270,5.7446536E-10
0,194280,5.740304E-10
0,194290,5.735957E-10
0,194300,5.7316135E-10
0,194310,5.7272737E-10
0,194320,5.7229366E-10
0,194330,5.7186034E-10
0,194340,5.714273E-10
0,194350,5.709946E-10
0,194360,5.705622E-10
0,194370,5.7013017E-10
0,194380,5.6969846E-10
0,194390,5.692671E-10
0,194400,5.68836E-10
0,194410,5.6840527E-10
0,194420,5.6797483E-10
0,194430,5.675448E-10
0,194440,5.67115E-10
0,194450,5.666856E-10
0,194460,5.662565E-10
0,194470,5.6582766E-10
0,194480,5.653992E-10
0,194490,5.6497107E-10
0,194500,5.6454325E-10
0,194510,5.641158E-10
0,194520,5.636886E-10
0,194530,5.6326177E-10
0,194540,5.628353E-10
0,194550,5.6240906E-10
0,194560,5.619832E-10
0,194570,5.6155763E-10
0,194580,5.611324E-10
0,194590,5.6070754E-10
0,194600,5.6028293E-10
0,194610,5.5985866E-10
0,194620,5.594347E-10
0,194630,5.590111E-10
0,194640,5.5858784E-10
0,194650,5.5816485E-10
0,194660,5.577422E-10
0,194670,5.5731986E-10
0,194680,5.568978E-10
0,194690,5.5647614E-10
0,194700,5.5605476E-10
0,194710,5.556337E-10
0,194720,5.5521293E-10
0,194730,5.5479255E-10
0,194740,5.5437244E-10
0,194750,5.5395266E-10
0,194760,5.5353316E-10
0,194770,5.53114E-10
0,194780,5.5269517E-10
0,194790,5.5227667E-10
0,194800,5.518585E-10
0,194810,5.514406E-10
0,194820,5.51023E-10
0,194830,5.506058E-10
0,194840,5.5018884E-10
0,194850,5.497722E-10
0,194860,5.4935595E-10
0,194870,5.4893995E-10
0,194880,5.485243E-10
0,194890,5.481089E-10
0,194900,5.476939E-10
0,194910,5.4727917E-10
0,194920,5.468647E-10
0,194930,5.464506E-10
0,194940,5.460368E-10
0,194950,5.456234E-10
0,194960,5.452102E-10
0,194970,5.447974E-10
0,194980,5.443848E-10
0,194990,5.439726E-10
0,195000,5.435607E-10
0,195010,5.431491E-10
0,195020,5.427378E-10
0,195030,5.4232685E-10
0,195040,5.419162E-10
0,195050,5.4150584E-10
0,195060,5.410958E-10
0,195070,5.4068605E-10
0,195080,5.402766E-10
0,195090,5.398675E-10
0,195100,5.394587E-10
0,195110,5.390502E-10
0,195120,5.38642E-10
0,195130,5.382342E-10
0,195140,5.3782656E-10
0,195150,5.3741933E-10
0,195160,5.370124E-10
0,195170,5.3660576E-10
0,195180,5.361994E-10
0,195190,5.357934E-10
0,195200,5.353877E-10
0,195210,5.349823E-10
0,195220,5.3457716E-10
0,195230,5.341724E-10
0,195240,5.3376786E-10
0,195250,5.333637E-10
0,195260,5.329598E-10
0,195270,5.325562E-10
0,195280,5.32153E-10
0,195290,5.3175003E-10
0,195300,5.3134736E-10
0,195310,5.30945E-10
0,195320,5.3054294E-10
0,195330,5.301412E-10
0,195340,5.297398E-10
0,195350,5.2933863E-10
0,195360,5.2893784E-10
0,195370,5.2853727E-10
0,195380,5.281371E-10
0,195390,5.2773713E-10
0,195400,5.2733756E-10
0,195410,5.269382E-10
0,195420,5.265392E-10
0,195430,5.261405E-10
0,195440,5.257421E-10
0,195450,5.25344E-10
0,195460,5.249462E-10
0,195470,5.245487E-10
0,195480,5.241515E-10
0,195490,5.237546E-10
0,195500,5.2335797E-10
0,195510,5.229617E-10
0,195520,5.2256566E-10
0,195530,5.2217E-10
0,195540,5.2177457E-10
0,195550,5.213795E-10
0,195560,5.2098464E-10
0,195570,5.205902E-10
0,195580,5.2019594E-10
0,195590,5.1980203E-10
0,195600,5.1940846E-10
0,195610,5.1901516E-10
0,195620,5.1862215E-10
0,195630,5.182294E-10
0,195640,5.17837E-10
0,195650,5.1744486E-10
0,195660,5.1705307E-10
0,195670,5.1666155E-10
0,195680,5.162703E-10
0,195690,5.1587934E-10
0,195700,5.154887E-10
0,195710,5.150984E-10
0,195720,5.1470833E-10
0,195730,5.143186E-10
0,195740,5.139291E-10
0,195750,5.1354E-10
0,195760,5.131511E-10
0,195770,5.1276255E-10
0,195780,5.1237425E-10
0,195790,5.119863E-10
0,195800,5.115986E-10
0,195810,5.112112E-10
0,195820,5.108241E-10
0,195830,5.1043725E-10
0,195840,5.100508E-10
0,195850,5.0966453E-10
0,195860,5.092786E-10
0,195870,5.08893E-10
0,195880,5.085076E-10
0,195890,5.0812254E-10
0,195900,5.077378E-10
0,195910,5.073533E-10
0,195920,5.0696913E-10
0,195930,5.065853E-10
0,195940,5.0620164E-10
0,195950,5.0581833E-10
0,195960,5.054353E-10
0,195970,5.050526E-10
0,195980,5.0467014E-10
0,195990,5.04288E-10
0,196000,5.0390614E-10
0,196010,5.0352456E-10
0,196020,5.031433E-10
0,196030,5.027623E-10
0,196040,5.023816E-10
0,196050,5.0200116E-10
0,196060,5.01621E-10
0,196070,5.012412E-10
0,196080,5.0086163E-10
0,196090,5.004824E-10
0,196100,5.001034E-10
0,196110,4.997247E-10
0,196120,4.993463E-10
0,196130,4.989682E-10
0,196140,4.9859034E-10
0,196150,4.982128E-10
0,196160,4.9783555E-10
0,196170,4.974586E-10
0,196180,4.970819E-10
0,196190,4.967055E-10
0,196200,4.9632937E-10
0,196210,4.9595356E-10
0,196220,4.9557797E-10
0,196230,4.952027E-10
0,196240,4.9482773E-10
0,196250,4.9445303E-10
0,196260,4.940786E-10
0,196270,4.937045E-10
0,196280,4.9333065E-10
0,196290,4.929571E-10
0,196300,4.925838E-10
0,196310,4.922108E-10
0,196320,4.918381E-10
0,196330,4.9146565E-10
0,196340,4.910935E-10
0,196350,4.9072163E-10
0,196360,4.9035004E-10
0,196370,4.899788E-10
0,196380,4.8960774E-10
0,196390,4.89237E-10
0,196400,4.888665E-10
0,196410,4.8849635E-10
0,196420,4.8812643E-10
0,196430,4.8775683E-10
0,196440,4.8738746E-10
0,196450,4.870184E-10
0,196460,4.866496E-10
0,196470,4.862811E-10
0,196480,4.859129E-10
0,196490,4.8554494E-10
0,196500,4.851773E-10
0,196510,4.848099E-10
0,196520,4.8444276E-10
0,196530,4.8407595E-10
0,196540,4.837094E-10
0,196550,4.8334314E-10
0,196560,4.829771E-10
0,196570,4.826114E-10
0,196580,4.8224597E-10
0,196590,4.8188076E-10
0,196600,4.815159E-10
0,196610,4.811513E-10
0,196620,4.807869E-10
0,196630,4.8042287E-10
0,196640,4.800591E-10
0,196650,4.7969556E-10
0,196660,4.7933235E-10
0,196670,4.7896936E-10
0,196680,4.7860665E-10
0,196690,4.782443E-10
0,196700,4.778821E-10
0,196710,4.7752025E-10
0,196720,4.7715865E-10
0,196730,4.767973E-10
0,196740,4.764363E-10
0,196750,4.760755E-10
0,196760,4.75715E-10
0,196770,4.753548E-10
0,196780,4.749949E-10
0,196790,4.7463516E-10
0,196800,4.742758E-10
0,196810,4.7391663E-10
0,196820,4.735578E-10
0,196830,4.731992E-10
0,196840,4.728409E-10
0,196850,4.7248283E-10
0,196860,4.7212506E-10
0,196870,4.717675E-10
0,196880,4.714103E-10
0,196890,4.7105336E-10
0,196900,4.7069665E-10
0,196910,4.703402E-10
0,196920,4.6998405E-10
0,196930,4.6962817E-10
0,196940,4.6927257E-10
0,196950,4.6891724E-10
0,196960,4.6856213E-10
0,196970,4.6820736E-10
0,196980,4.678528E-10
0,196990,4.6749854E-10
0,197000,4.6714455E-10
0,197010,4.667908E-10
0,197020,4.6643733E-10
0,197030,4.660841E-10
0,197040,4.657312E-10
0,197050,4.6537854E-10
0,197060,4.6502613E-10
0,197070,4.64674E-10
0,197080,4.6432214E-10
0,197090,4.6397056E-10
0,197100,4.6361923E-10
0,197110,4.6326815E-10
0,197120,4.6291734E-10
0,197130,4.6256682E-10
0,197140,4.6221654E-10
0,197150,4.6186655E-10
0,197160,4.615168E-10
0,197170,4.6116733E-10
0,197180,4.6081813E-10
0,197190,4.604692E-10
0,197200,4.601205E-10
0,197210,4.5977208E-10
0,197220,4.5942394E-10
0,197230,4.5907605E-10
0,197240,4.5872842E-10
0,197250,4.5838106E-10
0,197260,4.5803397E-10
0,197270,4.5768714E-10
0,197280,4.5734055E-10
0,197290,4.5699425E-10
0,197300,4.566482E-10
0,197310,4.563024E-10
0,197320,4.5595688E-10
0,197330,4.5561163E-10
0,197340,4.5526663E-10
0,197350,4.5492188E-10
0,197360,4.545774E-10
0,197370,4.5423318E-10
0,197380,4.5388923E-10
0,197390,4.5354553E-10
0,197400,4.532021E-10
0,197410,4.5285892E-10
0,197420,4.52516E-10
0,197430,4.5217335E-10
0,197440,4.5183096E-10
0,197450,4.5148882E-10
0,197460,4.5114693E-10
0,197470,4.508053E-10
0,197480,4.5046394E-10
0,197490,4.5012286E-10
0,197500,4.49782E-10
0,197510,4.4944143E-10
0,197520,4.491011E-10
0,197530,4.4876103E-10
0,197540,4.484212E-10
0,197550,4.4808166E-10
0,197560,4.4774234E-10
0,197570,4.474033E-10
0,197580,4.4706452E-10
0,197590,4.46726E-10
0,197600,4.463877E-10
0,197610,4.460497E-10
0,197620,4.4571194E-10
0,197630,4.4537443E-10
0,197640,4.4503717E-10
0,197650,4.447002E-10
0,197660,4.4436346E-10
0,197670,4.4402695E-10
0,197680,4.4369075E-10
0,197690,4.4335477E-10
0,197700,4.4301904E-10
0,197710,4.4268358E-10
0,197720,4.4234835E-10
0,197730,4.420134E-10
0,197740,4.416787E-10
0,197750,4.4134427E-10
0,197760,4.4101006E-10
0,197770,4.406761E-10
0,197780,4.4034243E-10
0,197790,4.4000897E-10
0,197800,4.396758E-10
0,197810,4.3934287E-10
0,197820,4.390102E-10
0,197830,4.3867776E-10
0,197840,4.3834558E-10
0,197850,4.3801365E-10
0,197860,4.3768197E-10
0,197870,4.3735054E-10
0,197880,4.3701937E-10
0,197890,4.3668844E-10
0,197900,4.3635778E-10
0,197910,4.3602735E-10
0,197920,4.3569717E-10
0,197930,4.3536727E-10
0,197940,4.350376E-10
0,197950,4.3470816E-10
0,197960,4.34379E-10
0,197970,4.3405007E-10
0,197980,4.337214E-10
0,197990,4.3339296E-10
0,198000,4.330648E-10
0,198010,4.3273687E-10
0,198020,4.324092E-10
0,198030,4.3208176E-10
0,198040,4.3175458E-10
0,198050,4.3142764E-10
0,198060,4.3110093E-10
0,198070,4.307745E-10
0,198080,4.3044832E-10
0,198090,4.3012235E-10
0,198100,4.2979667E-10
0,198110,4.294712E-10
0,198120,4.29146E-10
0,198130,4.2882103E-10
0,198140,4.2849632E-10
0,198150,4.2817186E-10
0,198160,4.2784765E-10
0,198170,4.2752366E-10
0,198180,4.2719991E-10
0,198190,4.2687645E-10
0,198200,4.265532E-10
0,198210,4.262302E-10
0,198220,4.2590745E-10
0,198230,4.2558493E-10
0,198240,4.252627E-10
0,198250,4.2494067E-10
0,198260,4.2461887E-10
0,198270,4.2429735E-10
0,198280,4.2397605E-10
0,198290,4.23655E-10
0,198300,4.233342E-10
0,198310,4.2301365E-10
0,198320,4.2269332E-10
0,198330,4.2237325E-10
0,198340,4.2205342E-10
0,198350,4.2173384E-10
0,198360,4.214145E-10
0,198370,4.2109538E-10
0,198380,4.2077652E-10
0,198390,4.204579E-10
0,198400,4.201395E-10
0,198410,4.1982137E-10
0,198420,4.1950346E-10
0,198430,4.191858E-10
0,198440,4.1886838E-10
0,198450,4.1855122E-10
0,198460,4.1823428E-10
0,198470,4.179176E-10
0,198480,4.1760112E-10
0,198490,4.172849E-10
0,198500,4.1696893E-10
0,198510,4.1665318E-10
0,198520,4.163377E-10
0,198530,4.160224E-10
0,198540,4.1570739E-10
0,198550,4.153926E-10
0,198560,4.1507806E-10
0,198570,4.1476375E-10
0,198580,4.144497E-10
0,198590,4.1413586E-10
0,198600,4.1382225E-10
0,198610,4.135089E-10
0,198620,4.1319578E-10
0,198630,4.128829E-10
0,198640,4.1257026E-10
0,198650,4.1225784E-10
0,198660,4.1194567E-10
0,198670,4.1163373E-10
0,198680,4.1132203E-10
0,198690,4.1101056E-10
0,198700,4.1069934E-10
0,198710,4.1038836E-10
0,198720,4.1007758E-10
0,198730,4.0976708E-10
0,198740,4.0945677E-10
0,198750,4.0914674E-10
0,198760,4.088369E-10
0,198770,4.0852732E-10
0,198780,4.08218E-10
0,198790,4.0790887E-10
0,198800,4.0759998E-10
0,198810,4.0729134E-10
0,198820,4.0698295E-10
0,198830,4.0667475E-10
0,198840,4.063668E-10
0,198850,4.060591E-10
0,198860,4.0575163E-10
0,198870,4.0544437E-10
0,198880,4.0513737E-10
0,198890,4.0483059E-10
0,198900,4.0452403E-10
0,198910,4.0421771E-10
0,198920,4.0391163E-10
0,198930,4.036058E-10
0,198940,4.0330017E-10
0,198950,4.0299478E-10
0,198960,4.026896E-10
0,198970,4.0238468E-10
0,198980,4.0207998E-10
0,198990,4.0177553E-10
0,199000,4.014713E-10
0,199010,4.011673E-10
0,199020,4.008635E-10
0,199030,4.0055997E-10
0,199040,4.0025666E-10
0,199050,3.9995357E-10
0,199060,3.996507E-10
0,199070,3.9934808E-10
0,199080,3.9904569E-10
0,199090,3.987435E-10
0,199100,3.9844159E-10
0,199110,3.9813988E-10
0,199120,3.9783837E-10
0,199130,3.9753714E-10
0,199140,3.972361E-10
0,199150,3.9693532E-10
0,199160,3.9663475E-10
0,199170,3.963344E-10
0,199180,3.960343E-10
0,199190,3.957344E-10
0,199200,3.9543474E-10
0,199210,3.951353E-10
0,199220,3.9483608E-10
0,199230,3.9453713E-10
0,199240,3.9423836E-10
0,199250,3.9393983E-10
0,199260,3.9364154E-10
0,199270,3.9334344E-10
0,199280,3.930456E-10
0,199290,3.9274797E-10
0,199300,3.9245057E-10
0,199310,3.921534E-10
0,199320,3.9185646E-10
0,199330,3.9155973E-10
0,199340,3.9126324E-10
0,199350,3.9096695E-10
0,199360,3.906709E-10
0,199370,3.903751E-10
0,199380,3.9007947E-10
0,199390,3.897841E-10
0,199400,3.8948894E-10
0,199410,3.89194E-10
0,199420,3.888993E-10
0,199430,3.8860481E-10
0,199440,3.8831055E-10
0,199450,3.880165E-10
0,199460,3.8772272E-10
0,199470,3.8742912E-10
0,199480,3.8713574E-10
0,199490,3.8684259E-10
0,199500,3.8654965E-10
0,199510,3.8625694E-10
0,199520,3.8596448E-10
0,199530,3.8567222E-10
0,199540,3.8538017E-10
0,199550,3.8508835E-10
0,199560,3.8479675E-10
0,199570,3.8450537E-10
0,199580,3.8421422E-10
0,199590,3.8392328E-10
0,199600,3.8363257E-10
0,199610,3.8334205E-10
0,199620,3.8305178E-10
0,199630,3.8276174E-10
0,199640,3.824719E-10
0,199650,3.8218229E-10
0,199660,3.8189288E-10
0,199670,3.816037E-10
0,199680,3.8131473E-10
0,199690,3.81026E-10
0,199700,3.8073747E-10
0,199710,3.8044917E-10
0,199720,3.8016107E-10
0,199730,3.7987322E-10
0,199740,3.7958556E-10
0,199750,3.7929812E-10
0,199760,3.790109E-10
0,199770,3.787239E-10
0,199780,3.7843714E-10
0,199790,3.7815057E-10
0,199800,3.7786424E-10
0,199810,3.775781E-10
0,199820,3.772922E-10
0,199830,3.7700648E-10
0,199840,3.7672102E-10
0,199850,3.7643574E-10
0,199860,3.761507E-10
0,199870,3.7586587E-10
0,199880,3.7558126E-10
0,199890,3.7529685E-10
0,199900,3.7501266E-10
0,199910,3.747287E-10
0,199920,3.7444495E-10
0,199930,3.741614E-10
0,199940,3.738781E-10
0,199950,3.7359496E-10
0,199960,3.7331208E-10
0,199970,3.7302939E-10
0,199980,3.7274692E-10
0,199990,3.7246467E-10
0,200000,3.7218265E-10
0,200010,3.7190082E-10
0,200020,3.7161918E-10
0,200030,3.713378E-10
0,200040,3.710566E-10
0,200050,3.7077563E-10
0,200060,3.7049488E-10
0,200070,3.7021433E-10
0,200080,3.69934E-10
0,200090,3.6965386E-10
0,200100,3.6937395E-10
0,200110,3.6909426E-10
0,200120,3.6881476E-10
0,200130,3.6853548E-10
0,200140,3.6825643E-10
0,200150,3.6797757E-10
0,200160,3.6769893E-10
0,200170,3.6742048E-10
0,200180,3.6714226E-10
0,200190,3.6686426E-10
0,200200,3.6658646E-10
0,200210,3.6630887E-10
0,200220,3.660315E-10
0,200230,3.6575432E-10
0,200240,3.6547737E-10
0,200250,3.6520062E-10
0,200260,3.649241E-10
0,200270,3.6464776E-10
0,200280,3.6437162E-10
0,200290,3.6409573E-10
0,200300,3.6382E-10
0,200310,3.6354453E-10
0,200320,3.6326925E-10
0,200330,3.6299416E-10
0,200340,3.627193E-10
0,200350,3.6244463E-10
0,200360,3.6217018E-10
0,200370,3.6189593E-10
0,200380,3.616219E-10
0,200390,3.6134806E-10
0,200400,3.6107445E-10
0,200410,3.6080103E-10
0,200420,3.6052783E-10
0,200430,3.6025483E-10
0,200440,3.5998202E-10
0,200450,3.5970943E-10
0,200460,3.5943706E-10
0,200470,3.5916486E-10
0,200480,3.5889292E-10
0,200490,3.5862113E-10
0,200500,3.583496E-10
0,200510,3.5807823E-10
0,200520,3.578071E-10
0,200530,3.5753614E-10
0,200540,3.572654E-10
0,200550,3.5699488E-10
0,200560,3.5672457E-10
0,200570,3.5645442E-10
0,200580,3.5618453E-10
0,200590,3.559148E-10
0,200600,3.556453E-10
0,200610,3.55376E-10
0,200620,3.551069E-10
0,200630,3.54838E-10
0,200640,3.545693E-10
0,200650,3.543008E-10
0,200660,3.5403253E-10
0,200670,3.5376443E-10
0,200680,3.5349657E-10
0,200690,3.532289E-10
0,200700,3.529614E-10
0,200710,3.5269415E-10
0,200720,3.524271E-10
0,200730,3.5216022E-10
0,200740,3.5189354E-10
0,200750,3.516271E-10
0,200760,3.5136083E-10
0,200770,3.5109476E-10
0,200780,3.508289E-10
0,200790,3.5056325E-10
0,200800,3.502978E-10
0,200810,3.5003253E-10
0,200820,3.4976746E-10
0,200830,3.4950262E-10
0,200840,3.4923797E-10
0,200850,3.4897352E-10
0,200860,3.4870926E-10
0,200870,3.4844522E-10
0,200880,3.4818137E-10
0,200890,3.4791772E-10
0,200900,3.4765427E-10
0,200910,3.47391E-10
0,200920,3.4712797E-10
0,200930,3.468651E-10
0,200940,3.4660244E-10
0,200950,3.4633998E-10
0,200960,3.4607772E-10
0,200970,3.4581568E-10
0,200980,3.455538E-10
0,200990,3.4529216E-10
0,201000,3.4503067E-10
0,201010,3.447694E-10
0,201020,3.4450834E-10
0,201030,3.4424746E-10
0,201040,3.439868E-10
0,201050,3.4372633E-10
0,201060,3.4346606E-10
0,201070,3.4320596E-10
0,201080,3.429461E-10
0,201090,3.426864E-10
0,201100,3.424269E-10
0,201110,3.421676E-10
0,201120,3.419085E-10
0,201130,3.416496E-10
0,201140,3.413909E-10
0,201150,3.411324E-10
0,201160,3.4087408E-10
0,201170,3.4061595E-10
0,201180,3.4035805E-10
0,201190,3.401003E-10
0,201200,3.3984277E-10
0,201210,3.3958544E-10
0,201220,3.393283E-10
0,201230,3.3907135E-10
0,201240,3.388146E-10
0,201250,3.3855804E-10
0,201260,3.3830166E-10
0,201270,3.3804548E-10
0,201280,3.3778952E-10
0,201290,3.3753372E-10
0,201300,3.3727815E-10
0,201310,3.3702274E-10
0,201320,3.3676756E-10
0,201330,3.3651254E-10
0,201340,3.3625772E-10
0,201350,3.360031E-10
0,201360,3.3574868E-10
0,201370,3.3549444E-10
0,201380,3.352404E-10
0,201390,3.3498654E-10
0,201400,3.3473288E-10
0,201410,3.344794E-10
0,201420,3.3422612E-10
0,201430,3.3397304E-10
0,201440,3.3372013E-10
0,201450,3.3346745E-10
0,201460,3.3321493E-10
0,201470,3.329626E-10
0,201480,3.327105E-10
0,201490,3.3245856E-10
0,201500,3.322068E-10
0,201510,3.3195524E-10
0,201520,3.317039E-10
0,201530,3.314527E-10
0,201540,3.3120173E-10
0,201550,3.3095093E-10
0,201560,3.3070033E-10
0,201570,3.3044992E-10
0,201580,3.3019967E-10
0,201590,3.2994965E-10
0,201600,3.296998E-10
0,201610,3.2945013E-10
0,201620,3.2920067E-10
0,201630,3.289514E-10
0,201640,3.2870232E-10
0,201650,3.284534E-10
0,201660,3.2820469E-10
0,201670,3.2795616E-10
0,201680,3.2770783E-10
0,201690,3.2745967E-10
0,201700,3.272117E-10
0,201710,3.2696393E-10
0,201720,3.2671635E-10
0,201730,3.2646896E-10
0,201740,3.2622174E-10
0,201750,3.2597472E-10
0,201760,3.257279E-10
0,201770,3.2548123E-10
0,201780,3.2523478E-10
0,201790,3.249885E-10
0,201800,3.247424E-10
0,201810,3.244965E-10
0,201820,3.242508E-10
0,201830,3.2400527E-10
0,201840,3.237599E-10
0,201850,3.2351474E-10
0,201860,3.2326977E-10
0,201870,3.23025E-10
0,201880,3.2278039E-10
0,201890,3.2253597E-10
0,201900,3.2229172E-10
0,201910,3.220477E-10
0,201920,3.2180383E-10
0,201930,3.2156014E-10
0,201940,3.2131664E-10
0,201950,3.2107333E-10
0,201960,3.2083022E-10
0,201970,3.2058728E-10
0,201980,3.2034453E-10
0,201990,3.2010194E-10
0,202000,3.1985956E-10
0,202010,3.1961736E-10
0,202020,3.1937533E-10
0,202030,3.191335E-10
0,202040,3.1889183E-10
0,202050,3.1865036E-10
0,202060,3.1840908E-10
0,202070,3.1816796E-10
0,202080,3.1792705E-10
0,202090,3.176863E-10
0,202100,3.1744574E-10
0,202110,3.1720535E-10
0,202120,3.1696515E-10
0,202130,3.1672515E-10
0,202140,3.164853E-10
0,202150,3.1624567E-10
0,202160,3.160062E-10
0,202170,3.157669E-10
0,202180,3.155278E-10
0,202190,3.1528888E-10
0,202200,3.1505012E-10
0,202210,3.1481157E-10
0,202220,3.1457317E-10
0,202230,3.1433497E-10
0,202240,3.1409694E-10
0,202250,3.138591E-10
0,202260,3.1362143E-10
0,202270,3.1338396E-10
0,202280,3.1314665E-10
0,202290,3.1290953E-10
0,202300,3.1267258E-10
0,202310,3.1243583E-10
0,202320,3.1219924E-10
0,202330,3.1196284E-10
0,202340,3.1172662E-10
0,202350,3.1149056E-10
0,202360,3.112547E-10
0,202370,3.1101902E-10
0,202380,3.1078348E-10
0,202390,3.1054817E-10
0,202400,3.10313E-10
0,202410,3.1007802E-10
0,202420,3.0984323E-10
0,202430,3.0960862E-10
0,202440,3.0937417E-10
0,202450,3.0913988E-10
0,202460,3.0890582E-10
0,202470,3.086719E-10
0,202480,3.0843816E-10
0,202490,3.082046E-10
0,202500,3.0797123E-10
0,202510,3.0773803E-10
0,202520,3.07505E-10
0,202530,3.0727212E-10
0,202540,3.0703948E-10
0,202550,3.0680697E-10
0,202560,3.0657465E-10
0,202570,3.063425E-10
0,202580,3.0611053E-10
0,202590,3.0587874E-10
0,202600,3.0564712E-10
0,202610,3.0541566E-10
0,202620,3.051844E-10
0,202630,3.049533E-10
0,202640,3.047224E-10
0,202650,3.0449165E-10
0,202660,3.0426106E-10
0,202670,3.040307E-10
0,202680,3.0380046E-10
0,202690,3.0357042E-10
0,202700,3.0334055E-10
0,202710,3.0311084E-10
0,202720,3.0288133E-10
0,202730,3.0265196E-10
0,202740,3.0242278E-10
0,202750,3.021938E-10
0,202760,3.0196495E-10
0,202770,3.017363E-10
0,202780,3.0150782E-10
0,202790,3.012795E-10
0,202800,3.0105138E-10
0,202810,3.0082342E-10
0,202820,3.0059563E-10
0,202830,3.00368E-10
0,202840,3.0014055E-10
0,202850,2.999133E-10
0,202860,2.996862E-10
0,202870,2.9945924E-10
0,202880,2.992325E-10
0,202890,2.990059E-10
0,202900,2.987795E-10
0,202910,2.9855324E-10
0,202920,2.9832717E-10
0,202930,2.9810127E-10
0,202940,2.9787553E-10
0,202950,2.9765E-10
0,202960,2.9742458E-10
0,202970,2.9719938E-10
0,202980,2.9697433E-10
0,202990,2.9674946E-10
0,203000,2.9652475E-10
0,203010,2.963002E-10
0,203020,2.9607583E-10
0,203030,2.9585165E-10
0,203040,2.956276E-10
0,203050,2.9540376E-10
0,203060,2.9518007E-10
0,203070,2.9495656E-10
0,203080,2.947332E-10
0,203090,2.9451003E-10
0,203100,2.94287E-10
0,203110,2.9406416E-10
0,203120,2.938415E-10
0,203130,2.93619E-10
0,203140,2.9339667E-10
0,203150,2.9317448E-10
0,203160,2.929525E-10
0,203170,2.9273067E-10
0,203180,2.92509E-10
0,203190,2.922875E-10
0,203200,2.9206618E-10
0,203210,2.9184502E-10
0,203220,2.9162403E-10
0,203230,2.914032E-10
0,203240,2.9118255E-10
0,203250,2.9096206E-10
0,203260,2.9074174E-10
0,203270,2.9052158E-10
0,203280,2.903016E-10
0,203290,2.9008176E-10
0,203300,2.898621E-10
0,203310,2.8964262E-10
0,203320,2.8942326E-10
0,203330,2.892041E-10
0,203340,2.889851E-10
0,203350,2.887663E-10
0,203360,2.8854763E-10
0,203370,2.8832914E-10
0,203380,2.881108E-10
0,203390,2.8789265E-10
0,203400,2.8767463E-10
0,203410,2.874568E-10
0,203420,2.8723915E-10
0,203430,2.8702163E-10
0,203440,2.868043E-10
0,203450,2.8658712E-10
0,203460,2.863701E-10
0,203470,2.8615327E-10
0,203480,2.8593658E-10
0,203490,2.8572006E-10
0,203500,2.855037E-10
0,203510,2.8528752E-10
0,203520,2.850715E-10
0,203530,2.848556E-10
0,203540,2.8463992E-10
0,203550,2.8442437E-10
0,203560,2.8420902E-10
0,203570,2.839938E-10
0,203580,2.8377875E-10
0,203590,2.8356387E-10
0,203600,2.8334915E-10
0,203610,2.831346E-10
0,203620,2.829202E-10
0,203630,2.8270594E-10
0,203640,2.824919E-10
0,203650,2.8227798E-10
0,203660,2.8206423E-10
0,203670,2.8185063E-10
0,203680,2.816372E-10
0,203690,2.8142394E-10
0,203700,2.8121086E-10
0,203710,2.8099792E-10
0,203720,2.8078512E-10
0,203730,2.805725E-10
0,203740,2.8036004E-10
0,203750,2.8014777E-10
0,203760,2.7993563E-10
0,203770,2.7972363E-10
0,203780,2.7951183E-10
0,203790,2.7930017E-10
0,203800,2.790887E-10
0,203810,2.7887737E-10
0,203820,2.7866617E-10
0,203830,2.7845518E-10
0,203840,2.7824432E-10
0,203850,2.7803362E-10
0,203860,2.7782307E-10
0,203870,2.776127E-10
0,203880,2.774025E-10
0,203890,2.7719244E-10
0,203900,2.7698255E-10
0,203910,2.767728E-10
0,203920,2.7656322E-10
0,203930,2.763538E-10
0,203940,2.7614452E-10
0,203950,2.7593544E-10
0,203960,2.757265E-10
0,203970,2.755177E-10
0,203980,2.7530908E-10
0,203990,2.751006E-10
0,204000,2.7489228E-10
0,204010,2.7468414E-10
0,204020,2.7447614E-10
0,204030,2.742683E-10
0,204040,2.740606E-10
0,204050,2.7385308E-10
0,204060,2.7364572E-10
0,204070,2.734385E-10
0,204080,2.7323144E-10
0,204090,2.7302455E-10
0,204100,2.728178E-10
0,204110,2.726112E-10
0,204120,2.724048E-10
0,204130,2.721985E-10
0,204140,2.719924E-10
0,204150,2.7178645E-10
0,204160,2.7158065E-10
0,204170,2.71375E-10
0,204180,2.711695E-10
0,204190,2.7096417E-10
0,204200,2.7075897E-10
0,204210,2.7055397E-10
0,204220,2.7034908E-10
0,204230,2.7014438E-10
0,204240,2.6993982E-10
0,204250,2.697354E-10
0,204260,2.6953115E-10
0,204270,2.6932706E-10
0,204280,2.691231E-10
0,204290,2.6891933E-10
0,204300,2.687157E-10
0,204310,2.685122E-10
0,204320,2.683089E-10
0,204330,2.6810573E-10
0,204340,2.679027E-10
0,204350,2.6769983E-10
0,204360,2.6749714E-10
0,204370,2.6729458E-10
0,204380,2.6709218E-10
0,204390,2.6688993E-10
0,204400,2.6668784E-10
0,204410,2.664859E-10
0,204420,2.662841E-10
0,204430,2.6608246E-10
0,204440,2.6588098E-10
0,204450,2.6567964E-10
0,204460,2.6547847E-10
0,204470,2.6527744E-10
0,204480,2.6507657E-10
0,204490,2.6487584E-10
0,204500,2.6467525E-10
0,204510,2.6447486E-10
0,204520,2.6427457E-10
0,204530,2.6407446E-10
0,204540,2.638745E-10
0,204550,2.636747E-10
0,204560,2.6347502E-10
0,204570,2.632755E-10
0,204580,2.6307614E-10
0,204590,2.6287694E-10
0,204600,2.6267788E-10
0,204610,2.6247898E-10
0,204620,2.6228023E-10
0,204630,2.6208163E-10
0,204640,2.6188315E-10
0,204650,2.6168487E-10
0,204660,2.6148672E-10
0,204670,2.612887E-10
0,204680,2.6109084E-10
0,204690,2.6089314E-10
0,204700,2.6069558E-10
0,204710,2.6049818E-10
0,204720,2.6030092E-10
0,204730,2.6010383E-10
0,204740,2.5990687E-10
0,204750,2.5971006E-10
0,204760,2.5951338E-10
0,204770,2.5931687E-10
0,204780,2.5912053E-10
0,204790,2.589243E-10
0,204800,2.5872823E-10
0,204810,2.5853233E-10
0,204820,2.5833657E-10
0,204830,2.5814095E-10
0,204840,2.5794547E-10
0,204850,2.5775015E-10
0,204860,2.5755498E-10
0,204870,2.5735994E-10
0,204880,2.5716507E-10
0,204890,2.5697033E-10
0,204900,2.5677574E-10
0,204910,2.565813E-10
0,204920,2.5638702E-10
0,204930,2.5619287E-10
0,204940,2.559989E-10
0,204950,2.5580504E-10
0,204960,2.5561134E-10
0,204970,2.5541777E-10
0,204980,2.5522437E-10
0,204990,2.550311E-10
0,205000,2.5483798E-10
0,205010,2.5464503E-10
0,205020,2.5445218E-10
0,205030,2.542595E-10
0,205040,2.54067E-10
0,205050,2.538746E-10
0,205060,2.5368235E-10
0,205070,2.5349026E-10
0,205080,2.532983E-10
0,205090,2.531065E-10
0,205100,2.5291486E-10
0,205110,2.5272334E-10
0,205120,2.5253197E-10
0,205130,2.5234073E-10
0,205140,2.5214966E-10
0,205150,2.5195873E-10
0,205160,2.5176794E-10
0,205170,2.515773E-10
0,205180,2.513868E-10
0,205190,2.5119642E-10
0,205200,2.5100622E-10
0,205210,2.5081615E-10
0,205220,2.5062624E-10
0,205230,2.5043645E-10
0,205240,2.5024682E-10
0,205250,2.500573E-10
0,205260,2.4986796E-10
0,205270,2.4967875E-10
0,205280,2.494897E-10
0,205290,2.4930077E-10
0,205300,2.49112E-10
0,205310,2.4892335E-10
0,205320,2.4873487E-10
0,205330,2.4854652E-10
0,205340,2.483583E-10
0,205350,2.4817026E-10
0,205360,2.4798233E-10
0,205370,2.4779456E-10
0,205380,2.476069E-10
0,205390,2.4741942E-10
0,205400,2.4723207E-10
0,205410,2.4704486E-10
0,205420,2.4685778E-10
0,205430,2.4667088E-10
0,205440,2.4648408E-10
0,205450,2.4629743E-10
0,205460,2.4611094E-10
0,205470,2.4592456E-10
0,205480,2.4573835E-10
0,205490,2.4555227E-10
0,205500,2.4536634E-10
0,205510,2.4518054E-10
0,205520,2.4499489E-10
0,205530,2.4480937E-10
0,205540,2.44624E-10
0,205550,2.4443875E-10
0,205560,2.4425365E-10
0,205570,2.440687E-10
0,205580,2.4388389E-10
0,205590,2.436992E-10
0,205600,2.4351468E-10
0,205610,2.4333027E-10
0,205620,2.4314603E-10
0,205630,2.429619E-10
0,205640,2.4277794E-10
0,205650,2.4259408E-10
0,205660,2.424104E-10
0,205670,2.4222682E-10
0,205680,2.420434E-10
0,205690,2.4186012E-10
0,205700,2.4167698E-10
0,205710,2.41494E-10
0,205720,2.413111E-10
0,205730,2.411284E-10
0,205740,2.409458E-10
0,205750,2.4076335E-10
0,205760,2.4058103E-10
0,205770,2.4039887E-10
0,205780,2.4021682E-10
0,205790,2.4003494E-10
0,205800,2.3985317E-10
0,205810,2.3967153E-10
0,205820,2.3949007E-10
0,205830,2.393087E-10
0,205840,2.391275E-10
0,205850,2.3894642E-10
0,205860,2.3876548E-10
0,205870,2.3858468E-10
0,205880,2.3840402E-10
0,205890,2.382235E-10
0,205900,2.380431E-10
0,205910,2.3786287E-10
0,205920,2.3768273E-10
0,205930,2.3750277E-10
0,205940,2.373229E-10
0,205950,2.3714322E-10
0,205960,2.3696364E-10
0,205970,2.367842E-10
0,205980,2.366049E-10
0,205990,2.3642574E-10
0,206000,2.3624672E-10
0,206010,2.3606783E-10
0,206020,2.3588906E-10
0,206030,2.3571045E-10
0,206040,2.3553196E-10
0,206050,2.353536E-10
0,206060,2.3517538E-10
0,206070,2.349973E-10
0,206080,2.3481936E-10
0,206090,2.3464156E-10
0,206100,2.3446386E-10
0,206110,2.3428634E-10
0,206120,2.3410893E-10
0,206130,2.3393165E-10
0,206140,2.3375452E-10
0,206150,2.3357752E-10
0,206160,2.3340063E-10
0,206170,2.332239E-10
0,206180,2.330473E-10
0,206190,2.3287083E-10
0,206200,2.3269449E-10
0,206210,2.3251828E-10
0,206220,2.3234221E-10
0,206230,2.3216629E-10
0,206240,2.3199048E-10
0,206250,2.3181482E-10
0,206260,2.3163928E-10
0,206270,2.3146388E-10
0,206280,2.312886E-10
0,206290,2.3111346E-10
0,206300,2.3093846E-10
0,206310,2.3076359E-10
0,206320,2.3058884E-10
0,206330,2.3041424E-10
0,206340,2.3023976E-10
0,206350,2.3006541E-10
0,206360,2.298912E-10
0,206370,2.2971712E-10
0,206380,2.2954318E-10
0,206390,2.2936936E-10
0,206400,2.2919568E-10
0,206410,2.2902212E-10
0,206420,2.288487E-10
0,206430,2.2867541E-10
0,206440,2.2850226E-10
0,206450,2.2832923E-10
0,206460,2.2815633E-10
0,206470,2.2798356E-10
0,206480,2.2781092E-10
0,206490,2.2763842E-10
0,206500,2.2746605E-10
0,206510,2.2729381E-10
0,206520,2.271217E-10
0,206530,2.2694971E-10
0,206540,2.2677786E-10
0,206550,2.2660614E-10
0,206560,2.2643454E-10
0,206570,2.2626308E-10
0,206580,2.2609174E-10
0,206590,2.2592055E-10
0,206600,2.2574947E-10
0,206610,2.2557853E-10
0,206620,2.2540772E-10
0,206630,2.2523704E-10
0,206640,2.2506648E-10
0,206650,2.2489605E-10
0,206660,2.2472575E-10
0,206670,2.2455558E-10
0,206680,2.2438554E-10
0,206690,2.2421563E-10
0,206700,2.2404585E-10
0,206710,2.238762E-10
0,206720,2.2370668E-10
0,206730,2.2353727E-10
0,206740,2.23368E-10
0,206750,2.2319886E-10
0,206760,2.2302986E-10
0,206770,2.2286097E-10
0,206780,2.2269221E-10
0,206790,2.2252358E-10
0,206800,2.2235508E-10
0,206810,2.2218671E-10
0,206820,2.2201847E-10
0,206830,2.2185034E-10
0,206840,2.2168235E-10
0,206850,2.2151449E-10
0,206860,2.2134676E-10
0,206870,2.2117914E-10
0,206880,2.2101167E-10
0,206890,2.2084432E-10
0,206900,2.2067707E-10
0,206910,2.2050997E-10
0,206920,2.2034301E-10
0,206930,2.2017616E-10
0,206940,2.2000943E-10
0,206950,2.1984284E-10
0,206960,2.1967636E-10
0,206970,2.1951002E-10
0,206980,2.193438E-10
0,206990,2.191777E-10
0,207000,2.1901174E-10
0,207010,2.188459E-10
0,207020,2.1868019E-10
0,207030,2.185146E-10
0,207040,2.1834913E-10
0,207050,2.1818379E-10
0,207060,2.1801858E-10
0,207070,2.1785349E-10
0,207080,2.1768852E-10
0,207090,2.1752368E-10
0,207100,2.1735896E-10
0,207110,2.1719437E-10
0,207120,2.1702991E-10
0,207130,2.1686557E-10
0,207140,2.1670135E-10
0,207150,2.1653726E-10
0,207160,2.163733E-10
0,207170,2.1620944E-10
0,207180,2.1604572E-10
0,207190,2.1588213E-10
0,207200,2.1571867E-10
0,207210,2.1555531E-10
0,207220,2.1539209E-10
0,207230,2.1522899E-10
0,207240,2.15066E-10
0,207250,2.1490315E-10
0,207260,2.1474042E-10
0,207270,2.1457781E-10
0,207280,2.1441533E-10
0,207290,2.1425298E-10
0,207300,2.1409073E-10
0,207310,2.1392862E-10
0,207320,2.1376663E-10
0,207330,2.1360476E-10
0,207340,2.1344301E-10
0,207350,2.1328139E-10
0,207360,2.1311988E-10
0,207370,2.129585E-10
0,207380,2.1279725E-10
0,207390,2.126361E-10
0,207400,2.124751E-10
0,207410,2.1231421E-10
0,207420,2.1215343E-10
0,207430,2.1199278E-10
0,207440,2.1183226E-10
0,207450,2.1167186E-10
0,207460,2.1151157E-10
0,207470,2.1135141E-10
0,207480,2.1119137E-10
0,207490,2.1103144E-10
0,207500,2.1087165E-10
0,207510,2.1071198E-10
0,207520,2.1055241E-10
0,207530,2.1039298E-10
0,207540,2.1023366E-10
0,207550,2.1007447E-10
0,207560,2.0991539E-10
0,207570,2.0975645E-10
0,207580,2.095976E-10
0,207590,2.094389E-10
0,207600,2.092803E-10
0,207610,2.0912183E-10
0,207620,2.0896349E-10
0,207630,2.0880525E-10
0,207640,2.0864713E-10
0,207650,2.0848914E-10
0,207660,2.0833127E-10
0,207670,2.081735E-10
0,207680,2.0801588E-10
0,207690,2.0785837E-10
0,207700,2.0770097E-10
0,207710,2.0754369E-10
0,207720,2.0738654E-10
0,207730,2.072295E-10
0,207740,2.0707257E-10
0,207750,2.0691578E-10
0,207760,2.067591E-10
0,207770,2.0660253E-10
0,207780,2.0644608E-10
0,207790,2.0628976E-10
0,207800,2.0613355E-10
0,207810,2.0597746E-10
0,207820,2.0582148E-10
0,207830,2.0566564E-10
0,207840,2.055099E-10
0,207850,2.0535428E-10
0,207860,2.0519877E-10
0,207870,2.050434E-10
0,207880,2.0488813E-10
0,207890,2.04733E-10
0,207900,2.0457795E-10
0,207910,2.0442305E-10
0,207920,2.0426826E-10
0,207930,2.0411357E-10
0,207940,2.0395902E-10
0,207950,2.0380457E-10
0,207960,2.0365025E-10
0,207970,2.0349604E-10
0,207980,2.0334194E-10
0,207990,2.0318797E-10
0,208000,2.030341E-10
0,208010,2.0288037E-10
0,208020,2.0272674E-10
0,208030,2.0257322E-10
0,208040,2.0241983E-10
0,208050,2.0226655E-10
0,208060,2.021134E-10
0,208070,2.0196035E-10
0,208080,2.0180742E-10
0,208090,2.0165461E-10
0,208100,2.0150191E-10
0,208110,2.0134933E-10
0,208120,2.0119686E-10
0,208130,2.010445E-10
0,208140,2.0089228E-10
0,208150,2.0074015E-10
0,208160,2.0058814E-10
0,208170,2.0043625E-10
0,208180,2.0028448E-10
0,208190,2.0013281E-10
0,208200,1.9998127E-10
0,208210,1.9982983E-10
0,208220,1.9967852E-10
0,208230,1.9952733E-10
0,208240,1.9937624E-10
0,208250,1.9922526E-10
0,208260,1.990744E-10
0,208270,1.9892366E-10
0,208280,1.9877303E-10
0,208290,1.9862251E-10
0,208300,1.9847211E-10
0,208310,1.9832182E-10
0,208320,1.9817165E-10
0,208330,1.9802159E-10
0,208340,1.9787164E-10
0,208350,1.9772181E-10
0,208360,1.9757208E-10
0,208370,1.9742248E-10
0,208380,1.9727299E-10
0,208390,1.9712361E-10
0,208400,1.9697434E-10
0,208410,1.9682518E-10
0,208420,1.9667615E-10
0,208430,1.9652721E-10
0,208440,1.963784E-10
0,208450,1.962297E-10
0,208460,1.9608111E-10
0,208470,1.9593263E-10
0,208480,1.9578426E-10
0,208490,1.9563601E-10
0,208500,1.9548786E-10
0,208510,1.9533984E-10
0,208520,1.9519192E-10
0,208530,1.9504412E-10
0,208540,1.9489642E-10
0,208550,1.9474884E-10
0,208560,1.9460138E-10
0,208570,1.9445402E-10
0,208580,1.9430677E-10
0,208590,1.9415963E-10
0,208600,1.9401261E-10
0,208610,1.938657E-10
0,208620,1.937189E-10
0,208630,1.9357221E-10
0,208640,1.9342564E-10
0,208650,1.9327917E-10
0,208660,1.9313282E-10
0,208670,1.9298657E-10
0,208680,1.9284044E-10
0,208690,1.9269442E-10
0,208700,1.9254849E-10
0,208710,1.9240269E-10
0,208720,1.92257E-10
0,208730,1.9211142E-10
0,208740,1.9196594E-10
0,208750,1.9182059E-10
0,208760,1.9167533E-10
0,208770,1.915302E-10
0,208780,1.9138516E-10
0,208790,1.9124023E-10
0,208800,1.9109543E-10
0,208810,1.9095073E-10
0,208820,1.9080613E-10
0,208830,1.9066165E-10
0,208840,1.9051727E-10
0,208850,1.9037301E-10
0,208860,1.9022885E-10
0,208870,1.9008481E-10
0,208880,1.8994087E-10
0,208890,1.8979704E-10
0,208900,1.8965332E-10
0,208910,1.8950971E-10
0,208920,1.893662E-10
0,208930,1.8922282E-10
0,208940,1.8907953E-10
0,208950,1.8893635E-10
0,208960,1.8879329E-10
0,208970,1.8865033E-10
0,208980,1.8850747E-10
0,208990,1.8836474E-10
0,209000,1.882221E-10
0,209010,1.8807958E-10
0,209020,1.8793715E-10
0,209030,1.8779485E-10
0,209040,1.8765264E-10
0,209050,1.8751055E-10
0,209060,1.8736855E-10
0,209070,1.8722668E-10
0,209080,1.870849E-10
0,209090,1.8694324E-10
0,209100,1.8680169E-10
0,209110,1.8666023E-10
0,209120,1.8651888E-10
0,209130,1.8637765E-10
0,209140,1.8623651E-10
0,209150,1.860955E-10
0,209160,1.8595457E-10
0,209170,1.8581377E-10
0,209180,1.8567306E-10
0,209190,1.8553246E-10
0,209200,1.8539198E-10
0,209210,1.8525159E-10
0,209220,1.8511132E-10
0,209230,1.8497115E-10
0,209240,1.8483108E-10
0,209250,1.8469112E-10
0,209260,1.8455126E-10
0,209270,1.8441153E-10
0,209280,1.8427188E-10
0,209290,1.8413235E-10
0,209300,1.8399292E-10
0,209310,1.8385359E-10
0,209320,1.8371438E-10
0,209330,1.8357525E-10
0,209340,1.8343625E-10
0,209350,1.8329735E-10
0,209360,1.8315854E-10
0,209370,1.8301986E-10
0,209380,1.8288127E-10
0,209390,1.827428E-10
0,209400,1.826044E-10
0,209410,1.8246614E-10
0,209420,1.8232797E-10
0,209430,1.821899E-10
0,209440,1.8205194E-10
0,209450,1.819141E-10
0,209460,1.8177634E-10
0,209470,1.8163869E-10
0,209480,1.8150115E-10
0,209490,1.8136372E-10
0,209500,1.8122638E-10
0,209510,1.8108916E-10
0,209520,1.8095203E-10
0,209530,1.80815E-10
0,209540,1.8067808E-10
0,209550,1.8054128E-10
0,209560,1.8040457E-10
0,209570,1.8026795E-10
0,209580,1.8013145E-10
0,209590,1.7999505E-10
0,209600,1.7985875E-10
0,209610,1.7972256E-10
0,209620,1.7958647E-10
0,209630,1.7945048E-10
0,209640,1.7931459E-10
0,209650,1.7917881E-10
0,209660,1.7904314E-10
0,209670,1.7890756E-10
0,209680,1.7877208E-10
0,209690,1.7863672E-10
0,209700,1.7850145E-10
0,209710,1.7836628E-10
0,209720,1.7823122E-10
0,209730,1.7809626E-10
0,209740,1.779614E-10
0,209750,1.7782664E-10
0,209760,1.7769199E-10
0,209770,1.7755743E-10
0,209780,1.7742298E-10
0,209790,1.7728863E-10
0,209800,1.7715439E-10
0,209810,1.7702023E-10
0,209820,1.768862E-10
0,209830,1.7675225E-10
0,209840,1.7661841E-10
0,209850,1.7648467E-10
0,209860,1.7635103E-10
0,209870,1.762175E-10
0,209880,1.7608405E-10
0,209890,1.7595073E-10
0,209900,1.7581749E-10
0,209910,1.7568436E-10
0,209920,1.7555132E-10
0,209930,1.7541839E-10
0,209940,1.7528555E-10
0,209950,1.7515282E-10
0,209960,1.7502019E-10
0,209970,1.7488766E-10
0,209980,1.7475524E-10
0,209990,1.746229E-10
0,210000,1.7449067E-10
0,210010,1.7435854E-10
0,210020,1.7422652E-10
0,210030,1.7409459E-10
0,210040,1.7396276E-10
0,210050,1.7383103E-10
0,210060,1.736994E-10
0,210070,1.7356787E-10
0,210080,1.7343645E-10
0,210090,1.733051E-10
0,210100,1.7317388E-10
0,210110,1.7304275E-10
0,210120,1.7291171E-10
0,210130,1.7278078E-10
0,210140,1.7264995E-10
0,210150,1.7251921E-10
0,210160,1.7238858E-10
0,210170,1.7225804E-10
0,210180,1.721276E-10
0,210190,1.7199726E-10
0,210200,1.7186702E-10
0,210210,1.7173687E-10
0,210220,1.7160684E-10
0,210230,1.7147689E-10
0,210240,1.7134705E-10
0,210250,1.7121729E-10
0,210260,1.7108764E-10
0,210270,1.709581E-10
0,210280,1.7082864E-10
0,210290,1.7069929E-10
0,210300,1.7057003E-10
0,210310,1.7044087E-10
0,210320,1.703118E-10
0,210330,1.7018284E-10
0,210340,1.7005397E-10
0,210350,1.699252E-10
0,210360,1.6979652E-10
0,210370,1.6966796E-10
0,210380,1.6953948E-10
0,210390,1.694111E-10
0,210400,1.6928281E-10
0,210410,1.6915463E-10
0,210420,1.6902654E-10
0,210430,1.6889855E-10
0,210440,1.6877065E-10
0,210450,1.6864286E-10
0,210460,1.6851516E-10
0,210470,1.6838755E-10
0,210480,1.6826004E-10
0,210490,1.6813263E-10
0,210500,1.6800532E-10
0,210510,1.678781E-10
0,210520,1.6775098E-10
0,210530,1.6762396E-10
0,210540,1.6749703E-10
0,210550,1.6737019E-10
0,210560,1.6724346E-10
0,210570,1.671168E-10
0,210580,1.6699027E-10
0,210590,1.6686381E-10
0,210600,1.6673747E-10
0,210610,1.6661121E-10
0,210620,1.6648505E-10
0,210630,1.6635898E-10
0,210640,1.66233E-10
0,210650,1.6610713E-10
0,210660,1.6598135E-10
0,210670,1.6585566E-10
0,210680,1.6573007E-10
0,210690,1.6560457E-10
0,210700,1.6547917E-10
0,210710,1.6535387E-10
0,210720,1.6522866E-10
0,210730,1.6510354E-10
0,210740,1.6497853E-10
0,210750,1.648536E-10
0,210760,1.6472877E-10
0,210770,1.6460402E-10
0,210780,1.6447939E-10
0,210790,1.6435484E-10
0,210800,1.642304E-10
0,210810,1.6410603E-10
0,210820,1.6398176E-10
0,210830,1.638576E-10
0,210840,1.6373351E-10
0,210850,1.6360953E-10
0,210860,1.6348564E-10
0,210870,1.6336184E-10
0,210880,1.6323815E-10
0,210890,1.6311454E-10
0,210900,1.6299102E-10
0,210910,1.628676E-10
0,210920,1.6274428E-10
0,210930,1.6262104E-10
0,210940,1.6249789E-10
0,210950,1.6237485E-10
0,210960,1.6225189E-10
0,210970,1.6212903E-10
0,210980,1.6200627E-10
0,210990,1.6188359E-10
0,211000,1.6176101E-10
0,211010,1.6163852E-10
0,211020,1.6151612E-10
0,211030,1.6139381E-10
0,211040,1.6127161E-10
0,211050,1.6114948E-10
0,211060,1.6102746E-10
0,211070,1.6090553E-10
0,211080,1.6078368E-10
0,211090,1.6066193E-10
0,211100,1.6054028E-10
0,211110,1.604187E-10
0,211120,1.6029723E-10
0,211130,1.6017586E-10
0,211140,1.6005457E-10
0,211150,1.5993337E-10
0,211160,1.5981226E-10
0,211170,1.5969125E-10
0,211180,1.5957033E-10
0,211190,1.594495E-10
0,211200,1.5932876E-10
0,211210,1.592081E-10
0,211220,1.5908755E-10
0,211230,1.5896709E-10
0,211240,1.5884671E-10
0,211250,1.5872642E-10
0,211260,1.5860624E-10
0,211270,1.5848614E-10
0,211280,1.5836613E-10
0,211290,1.5824621E-10
0,211300,1.5812637E-10
0,211310,1.5800664E-10
0,211320,1.57887E-10
0,211330,1.5776744E-10
0,211340,1.5764798E-10
0,211350,1.575286E-10
0,211360,1.5740931E-10
0,211370,1.5729011E-10
0,211380,1.5717101E-10
0,211390,1.57052E-10
0,211400,1.5693308E-10
0,211410,1.5681424E-10
0,211420,1.566955E-10
0,211430,1.5657685E-10
0,211440,1.5645828E-10
0,211450,1.563398E-10
0,211460,1.5622142E-10
0,211470,1.5610313E-10
0,211480,1.5598492E-10
0,211490,1.558668E-10
0,211500,1.5574877E-10
0,211510,1.5563084E-10
0,211520,1.5551299E-10
0,211530,1.5539524E-10
0,211540,1.5527757E-10
0,211550,1.5515998E-10
0,211560,1.5504249E-10
0,211570,1.5492509E-10
0,211580,1.5480778E-10
0,211590,1.5469055E-10
0,211600,1.5457341E-10
0,211610,1.5445636E-10
0,211620,1.5433942E-10
0,211630,1.5422254E-10
0,211640,1.5410576E-10
0,211650,1.5398907E-10
0,211660,1.5387246E-10
0,211670,1.5375595E-10
0,211680,1.5363952E-10
0,211690,1.5352318E-10
0,211700,1.5340693E-10
0,211710,1.5329077E-10
0,211720,1.5317468E-10
0,211730,1.530587E-10
0,211740,1.529428E-10
0,211750,1.5282699E-10
0,211760,1.5271126E-10
0,211770,1.5259563E-10
0,211780,1.5248007E-10
0,211790,1.5236461E-10
0,211800,1.5224924E-10
0,211810,1.5213394E-10
0,211820,1.5201874E-10
0,211830,1.5190364E-10
0,211840,1.5178861E-10
0,211850,1.5167367E-10
0,211860,1.5155882E-10
0,211870,1.5144407E-10
0,211880,1.5132938E-10
0,211890,1.5121479E-10
0,211900,1.5110029E-10
0,211910,1.5098588E-10
0,211920,1.5087154E-10
0,211930,1.507573E-10
0,211940,1.5064314E-10
0,211950,1.5052906E-10
0,211960,1.5041508E-10
0,211970,1.5030119E-10
0,211980,1.5018738E-10
0,211990,1.5007365E-10
0,212000,1.4996E-10
0,212010,1.4984645E-10
0,212020,1.4973299E-10
0,212030,1.4961961E-10
0,212040,1.4950631E-10
0,212050,1.493931E-10
0,212060,1.4927998E-10
0,212070,1.4916693E-10
0,212080,1.4905398E-10
0,212090,1.4894111E-10
0,212100,1.4882832E-10
0,212110,1.4871564E-10
0,212120,1.4860302E-10
0,212130,1.484905E-10
0,212140,1.4837806E-10
0,212150,1.482657E-10
0,212160,1.4815343E-10
0,212170,1.4804125E-10
0,212180,1.4792914E-10
0,212190,1.4781713E-10
0,212200,1.477052E-10
0,212210,1.4759335E-10
0,212220,1.4748158E-10
0,212230,1.4736991E-10
0,212240,1.4725832E-10
0,212250,1.4714681E-10
0,212260,1.4703538E-10
0,212270,1.4692404E-10
0,212280,1.468128E-10
0,212290,1.4670162E-10
0,212300,1.4659053E-10
0,212310,1.4647954E-10
0,212320,1.4636861E-10
0,212330,1.4625778E-10
0,212340,1.4614703E-10
0,212350,1.4603636E-10
0,212360,1.4592579E-10
0,212370,1.4581529E-10
0,212380,1.4570486E-10
0,212390,1.4559454E-10
0,212400,1.4548429E-10
0,212410,1.4537413E-10
0,212420,1.4526404E-10
0,212430,1.4515404E-10
0,212440,1.4504413E-10
0,212450,1.449343E-10
0,212460,1.4482456E-10
0,212470,1.4471489E-10
0,212480,1.446053E-10
0,212490,1.444958E-10
0,212500,1.4438639E-10
0,212510,1.4427706E-10
0,212520,1.441678E-10
0,212530,1.4405864E-10
0,212540,1.4394955E-10
0,212550,1.4384055E-10
0,212560,1.4373164E-10
0,212570,1.436228E-10
0,212580,1.4351403E-10
0,212590,1.4340537E-10
0,212600,1.4329678E-10
0,212610,1.4318827E-10
0,212620,1.4307984E-10
0,212630,1.429715E-10
0,212640,1.4286324E-10
0,212650,1.4275506E-10
0,212660,1.4264696E-10
0,212670,1.4253894E-10
0,212680,1.4243101E-10
0,212690,1.4232315E-10
0,212700,1.4221538E-10
0,212710,1.421077E-10
0,212720,1.4200009E-10
0,212730,1.4189257E-10
0,212740,1.4178511E-10
0,212750,1.4167775E-10
0,212760,1.4157048E-10
0,212770,1.4146327E-10
0,212780,1.4135615E-10
0,212790,1.4124911E-10
0,212800,1.4114215E-10
0,212810,1.4103528E-10
0,212820,1.4092848E-10
0,212830,1.4082177E-10
0,212840,1.4071513E-10
0,212850,1.4060858E-10
0,212860,1.4050211E-10
0,212870,1.4039571E-10
0,212880,1.402894E-10
0,212890,1.4018317E-10
0,212900,1.4007702E-10
0,212910,1.3997095E-10
0,212920,1.3986497E-10
0,212930,1.3975905E-10
0,212940,1.3965322E-10
0,212950,1.3954747E-10
0,212960,1.394418E-10
0,212970,1.3933622E-10
0,212980,1.3923071E-10
0,212990,1.3912528E-10
0,213000,1.3901993E-10
0,213010,1.3891466E-10
0,213020,1.3880946E-10
0,213030,1.3870435E-10
0,213040,1.3859933E-10
0,213050,1.3849438E-10
0,213060,1.3838951E-10
0,213070,1.3828472E-10
0,213080,1.3818E-10
0,213090,1.3807537E-10
0,213100,1.3797082E-10
0,213110,1.3786634E-10
0,213120,1.3776194E-10
0,213130,1.3765762E-10
0,213140,1.3755339E-10
0,213150,1.3744923E-10
0,213160,1.3734515E-10
0,213170,1.3724115E-10
0,213180,1.3713722E-10
0,213190,1.3703338E-10
0,213200,1.3692962E-10
0,213210,1.3682593E-10
0,213220,1.3672231E-10
0,213230,1.3661879E-10
0,213240,1.3651534E-10
0,213250,1.3641197E-10
0,213260,1.3630867E-10
0,213270,1.3620545E-10
0,213280,1.3610231E-10
0,213290,1.3599925E-10
0,213300,1.3589627E-10
0,213310,1.3579336E-10
0,213320,1.3569054E-10
0,213330,1.3558779E-10
0,213340,1.3548512E-10
0,213350,1.3538252E-10
0,213360,1.3528001E-10
0,213370,1.3517758E-10
0,213380,1.3507521E-10
0,213390,1.3497294E-10
0,213400,1.3487073E-10
0,213410,1.347686E-10
0,213420,1.3466656E-10
0,213430,1.3456458E-10
0,213440,1.3446268E-10
0,213450,1.3436087E-10
0,213460,1.3425912E-10
0,213470,1.3415746E-10
0,213480,1.3405586E-10
0,213490,1.3395436E-10
0,213500,1.3385293E-10
0,213510,1.3375157E-10
0,213520,1.3365029E-10
0,213530,1.3354909E-10
0,213540,1.3344796E-10
0,213550,1.333469E-10
0,213560,1.3324593E-10
0,213570,1.3314504E-10
0,213580,1.3304421E-10
0,213590,1.3294348E-10
0,213600,1.328428E-10
0,213610,1.327422E-10
0,213620,1.3264169E-10
0,213630,1.3254126E-10
0,213640,1.3244089E-10
0,213650,1.323406E-10
0,213660,1.3224039E-10
0,213670,1.3214026E-10
0,213680,1.320402E-10
0,213690,1.3194021E-10
0,213700,1.318403E-10
0,213710,1.3174047E-10
0,213720,1.3164071E-10
0,213730,1.3154103E-10
0,213740,1.3144143E-10
0,213750,1.313419E-10
0,213760,1.3124243E-10
0,213770,1.3114305E-10
0,213780,1.3104376E-10
0,213790,1.3094452E-10
0,213800,1.3084536E-10
0,213810,1.3074629E-10
0,213820,1.3064728E-10
0,213830,1.3054835E-10
0,213840,1.304495E-10
0,213850,1.3035072E-10
0,213860,1.3025202E-10
0,213870,1.3015339E-10
0,213880,1.3005483E-10
0,213890,1.2995635E-10
0,213900,1.2985794E-10
0,213910,1.297596E-10
0,213920,1.2966135E-10
0,213930,1.2956317E-10
0,213940,1.2946506E-10
0,213950,1.2936703E-10
0,213960,1.2926907E-10
0,213970,1.2917117E-10
0,213980,1.2907336E-10
0,213990,1.2897564E-10
0,214000,1.2887796E-10
0,214010,1.2878038E-10
0,214020,1.2868286E-10
0,214030,1.2858542E-10
0,214040,1.2848805E-10
0,214050,1.2839076E-10
0,214060,1.2829353E-10
0,214070,1.2819638E-10
0,214080,1.2809931E-10
0,214090,1.2800232E-10
0,214100,1.2790538E-10
0,214110,1.2780853E-10
0,214120,1.2771176E-10
0,214130,1.2761504E-10
0,214140,1.2751841E-10
0,214150,1.2742185E-10
0,214160,1.2732537E-10
0,214170,1.2722895E-10
0,214180,1.2713261E-10
0,214190,1.2703634E-10
0,214200,1.2694015E-10
0,214210,1.2684402E-10
0,214220,1.2674797E-10
0,214230,1.26652E-10
0,214240,1.265561E-10
0,214250,1.2646026E-10
0,214260,1.263645E-10
0,214270,1.2626881E-10
0,214280,1.261732E-10
0,214290,1.2607766E-10
0,214300,1.259822E-10
0,214310,1.258868E-10
0,214320,1.2579147E-10
0,214330,1.2569622E-10
0,214340,1.2560104E-10
0,214350,1.2550593E-10
0,214360,1.2541089E-10
0,214370,1.2531592E-10
0,214380,1.2522103E-10
0,214390,1.2512621E-10
0,214400,1.2503147E-10
0,214410,1.2493678E-10
0,214420,1.2484218E-10
0,214430,1.2474764E-10
0,214440,1.2465319E-10
0,214450,1.245588E-10
0,214460,1.2446448E-10
0,214470,1.2437022E-10
0,214480,1.2427605E-10
0,214490,1.2418194E-10
0,214500,1.240879E-10
0,214510,1.2399395E-10
0,214520,1.2390006E-10
0,214530,1.2380624E-10
0,214540,1.2371248E-10
0,214550,1.2361881E-10
0,214560,1.235252E-10
0,214570,1.2343167E-10
0,214580,1.233382E-10
0,214590,1.232448E-10
0,214600,1.2315149E-10
0,214610,1.2305823E-10
0,214620,1.2296504E-10
0,214630,1.2287193E-10
0,214640,1.227789E-10
0,214650,1.2268592E-10
0,214660,1.2259302E-10
0,214670,1.2250019E-10
0,214680,1.2240743E-10
0,214690,1.2231474E-10
0,214700,1.2222212E-10
0,214710,1.2212957E-10
0,214720,1.2203709E-10
0,214730,1.2194468E-10
0,214740,1.2185233E-10
0,214750,1.2176007E-10
0,214760,1.2166787E-10
0,214770,1.2157574E-10
0,214780,1.2148368E-10
0,214790,1.2139169E-10
0,214800,1.2129976E-10
0,214810,1.2120792E-10
0,214820,1.2111613E-10
0,214830,1.2102443E-10
0,214840,1.2093278E-10
0,214850,1.208412E-10
0,214860,1.207497E-10
0,214870,1.2065826E-10
0,214880,1.205669E-10
0,214890,1.204756E-10
0,214900,1.2038438E-10
0,214910,1.2029322E-10
0,214920,1.2020213E-10
0,214930,1.201111E-10
0,214940,1.2002016E-10
0,214950,1.1992927E-10
0,214960,1.1983846E-10
0,214970,1.1974771E-10
0,214980,1.1965703E-10
0,214990,1.1956643E-10
0,215000,1.1947589E-10
0,215010,1.1938542E-10
0,215020,1.1929502E-10
0,215030,1.1920469E-10
0,215040,1.1911443E-10
0,215050,1.1902422E-10
0,215060,1.189341E-10
0,215070,1.1884403E-10
0,215080,1.1875405E-10
0,215090,1.1866412E-10
0,215100,1.1857426E-10
0,215110,1.1848449E-10
0,215120,1.1839477E-10
0,215130,1.183051E-10
0,215140,1.1821552E-10
0,215150,1.1812601E-10
0,215160,1.1803657E-10
0,215170,1.1794718E-10
0,215180,1.1785786E-10
0,215190,1.1776863E-10
0,215200,1.1767945E-10
0,215210,1.1759034E-10
0,215220,1.1750129E-10
0,215230,1.1741232E-10
0,215240,1.1732341E-10
0,215250,1.1723457E-10
0,215260,1.171458E-10
0,215270,1.1705709E-10
0,215280,1.1696845E-10
0,215290,1.1687988E-10
0,215300,1.1679137E-10
0,215310,1.1670294E-10
0,215320,1.1661457E-10
0,215330,1.1652626E-10
0,215340,1.1643803E-10
0,215350,1.1634985E-10
0,215360,1.1626175E-10
0,215370,1.16173716E-10
0,215380,1.16085745E-10
0,215390,1.1599784E-10
0,215400,1.15910004E-10
0,215410,1.15822234E-10
0,215420,1.1573453E-10
0,215430,1.15646895E-10
0,215440,1.15559326E-10
0,215450,1.1547182E-10
0,215460,1.1538438E-10
0,215470,1.1529701E-10
0,215480,1.152097E-10
0,215490,1.1512247E-10
0,215500,1.15035294E-10
0,215510,1.1494818E-10
0,215520,1.1486114E-10
0,215530,1.1477416E-10
0,215540,1.1468725E-10
0,215550,1.1460041E-10
0,215560,1.14513635E-10
0,215570,1.1442692E-10
0,215580,1.1434027E-10
0,215590,1.1425369E-10
0,215600,1.14167176E-10
0,215610,1.14080724E-10
0,215620,1.1399434E-10
0,215630,1.1390802E-10
0,215640,1.13821765E-10
0,215650,1.13735577E-10
0,215660,1.1364945E-10
0,215670,1.13563395E-10
0,215680,1.134774E-10
0,215690,1.1339148E-10
0,215700,1.1330561E-10
0,215710,1.13219815E-10
0,215720,1.1313408E-10
0,215730,1.1304841E-10
0,215740,1.12962806E-10
0,215750,1.1287727E-10
0,215760,1.127918E-10
0,215770,1.12706386E-10
0,215780,1.12621044E-10
0,215790,1.12535765E-10
0,215800,1.1245055E-10
0,215810,1.12365395E-10
0,215820,1.1228031E-10
0,215830,1.1219529E-10
0,215840,1.12110335E-10
0,215850,1.1202544E-10
0,215860,1.1194061E-10
0,215870,1.11855844E-10
0,215880,1.1177115E-10
0,215890,1.1168651E-10
0,215900,1.11601936E-10
0,215910,1.11517434E-10
0,215920,1.1143299E-10
0,215930,1.11348604E-10
0,215940,1.1126429E-10
0,215950,1.1118004E-10
0,215960,1.1109585E-10
0,215970,1.1101173E-10
0,215980,1.1092766E-10
0,215990,1.1084367E-10
0,216000,1.10759735E-10
0,216010,1.10675864E-10
0,216020,1.10592056E-10
0,216030,1.1050831E-10
0,216040,1.10424635E-10
0,216050,1.10341014E-10
0,216060,1.1025746E-10
0,216070,1.10173974E-10
0,216080,1.1009055E-10
0,216090,1.10007184E-10
0,216100,1.0992388E-10
0,216110,1.09840644E-10
0,216120,1.09757474E-10
0,216130,1.0967436E-10
0,216140,1.09591315E-10
0,216150,1.09508326E-10
0,216160,1.09425406E-10
0,216170,1.0934254E-10
0,216180,1.0925975E-10
0,216190,1.09177015E-10
0,216200,1.0909434E-10
0,216210,1.0901173E-10
0,216220,1.08929185E-10
0,216230,1.088467E-10
0,216240,1.0876428E-10
0,216250,1.0868192E-10
0,216260,1.0859962E-10
0,216270,1.0851739E-10
0,216280,1.0843522E-10
0,216290,1.08353104E-10
0,216300,1.0827106E-10
0,216310,1.08189076E-10
0,216320,1.0810715E-10
0,216330,1.0802529E-10
0,216340,1.0794349E-10
0,216350,1.0786175E-10
0,216360,1.07780077E-10
0,216370,1.0769846E-10
0,216380,1.0761691E-10
0,216390,1.0753542E-10
0,216400,1.0745399E-10
0,216410,1.07372625E-10
0,216420,1.07291315E-10
0,216430,1.07210074E-10
0,216440,1.0712889E-10
0,216450,1.0704777E-10
0,216460,1.0696671E-10
0,216470,1.06885716E-10
0,216480,1.0680477E-10
0,216490,1.067239E-10
0,216500,1.0664308E-10
0,216510,1.06562335E-10
0,216520,1.0648164E-10
0,216530,1.0640101E-10
0,216540,1.0632044E-10
0,216550,1.06239934E-10
0,216560,1.06159484E-10
0,216570,1.060791E-10
0,216580,1.0599877E-10
0,216590,1.0591851E-10
0,216600,1.058383E-10
0,216610,1.0575816E-10
0,216620,1.0567808E-10
0,216630,1.0559805E-10
0,216640,1.05518094E-10
0,216650,1.0543819E-10
0,216660,1.05358354E-10
0,216670,1.0527857E-10
0,216680,1.0519885E-10
0,216690,1.0511919E-10
0,216700,1.05039595E-10
0,216710,1.04960055E-10
0,216720,1.04880576E-10
0,216730,1.04801154E-10
0,216740,1.047218E-10
0,216750,1.046425E-10
0,216760,1.0456326E-10
0,216770,1.0448408E-10
0,216780,1.04404964E-10
0,216790,1.0432591E-10
0,216800,1.0424691E-10
0,216810,1.0416797E-10
0,216820,1.0408909E-10
0,216830,1.0401027E-10
0,216840,1.03931516E-10
0,216850,1.03852815E-10
0,216860,1.0377418E-10
0,216870,1.03695594E-10
0,216880,1.0361707E-10
0,216890,1.0353861E-10
0,216900,1.03460206E-10
0,216910,1.03381866E-10
0,216920,1.0330358E-10
0,216930,1.0322536E-10
0,216940,1.0314719E-10
0,216950,1.0306909E-10
0,216960,1.0299104E-10
0,216970,1.0291305E-10
0,216980,1.0283512E-10
0,216990,1.02757254E-10
0,217000,1.0267945E-10
0,217010,1.0260169E-10
0,217020,1.02524E-10
0,217030,1.02446364E-10
0,217040,1.02368794E-10
0,217050,1.0229127E-10
0,217060,1.0221382E-10
0,217070,1.0213642E-10
0,217080,1.02059076E-10
0,217090,1.019818E-10
0,217100,1.01904575E-10
0,217110,1.0182741E-10
0,217120,1.017503E-10
0,217130,1.0167325E-10
0,217140,1.01596266E-10
0,217150,1.01519335E-10
0,217160,1.0144246E-10
0,217170,1.01365645E-10
0,217180,1.0128889E-10
0,217190,1.0121219E-10
0,217200,1.0113555E-10
0,217210,1.0105897E-10
0,217220,1.00982445E-10
0,217230,1.0090598E-10
0,217240,1.0082957E-10
0,217250,1.0075322E-10
0,217260,1.00676925E-10
0,217270,1.0060069E-10
0,217280,1.0052451E-10
0,217290,1.0044839E-10
0,217300,1.0037233E-10
0,217310,1.0029632E-10
0,217320,1.00220374E-10
0,217330,1.0014449E-10
0,217340,1.00068655E-10
0,217350,9.999288E-11
0,217360,9.9917165E-11
0,217370,9.98415E-11
0,217380,9.97659E-11
0,217390,9.969035E-11
0,217400,9.9614865E-11
0,217410,9.953943E-11
0,217420,9.946406E-11
0,217430,9.938875E-11
0,217440,9.931349E-11
0,217450,9.9238284E-11
0,217460,9.9163136E-11
0,217470,9.908805E-11
0,217480,9.901301E-11
0,217490,9.893804E-11
0,217500,9.886312E-11
0,217510,9.878826E-11
0,217520,9.8713454E-11
0,217530,9.863871E-11
0,217540,9.856401E-11
0,217550,9.8489376E-11
0,217560,9.84148E-11
0,217570,9.834028E-11
0,217580,9.826581E-11
0,217590,9.81914E-11
0,217600,9.811705E-11
0,217610,9.8042754E-11
0,217620,9.7968515E-11
0,217630,9.7894325E-11
0,217640,9.7820196E-11
0,217650,9.774613E-11
0,217660,9.767211E-11
0,217670,9.759815E-11
0,217680,9.7524246E-11
0,217690,9.74504E-11
0,217700,9.737661E-11
0,217710,9.7302874E-11
0,217720,9.722919E-11
0,217730,9.715557E-11
0,217740,9.7081995E-11
0,217750,9.7008485E-11
0,217760,9.693503E-11
0,217770,9.686162E-11
0,217780,9.678828E-11
0,217790,9.671499E-11
0,217800,9.664176E-11
0,217810,9.656857E-11
0,217820,9.649545E-11
0,217830,9.6422384E-11
0,217840,9.6349366E-11
0,217850,9.627641E-11
0,217860,9.6203503E-11
0,217870,9.613066E-11
0,217880,9.605786E-11
0,217890,9.598513E-11
0,217900,9.5912445E-11
0,217910,9.5839815E-11
0,217920,9.576725E-11
0,217930,9.569473E-11
0,217940,9.562227E-11
0,217950,9.554986E-11
0,217960,9.547751E-11
0,217970,9.5405205E-11
0,217980,9.5332964E-11
0,217990,9.526077E-11
0,218000,9.518864E-11
0,218010,9.511656E-11
0,218020,9.5044535E-11
0,218030,9.4972565E-11
0,218040,9.490065E-11
0,218050,9.482879E-11
0,218060,9.475698E-11
0,218070,9.468523E-11
0,218080,9.461353E-11
0,218090,9.454189E-11
0,218100,9.44703E-11
0,218110,9.439876E-11
0,218120,9.432728E-11
0,218130,9.425585E-11
0,218140,9.418448E-11
0,218150,9.411316E-11
0,218160,9.40419E-11
0,218170,9.3970685E-11
0,218180,9.389953E-11
0,218190,9.3828424E-11
0,218200,9.375738E-11
0,218210,9.368638E-11
0,218220,9.361544E-11
0,218230,9.3544554E-11
0,218240,9.3473715E-11
0,218250,9.340294E-11
0,218260,9.333221E-11
0,218270,9.326154E-11
0,218280,9.319091E-11
0,218290,9.312035E-11
0,218300,9.304984E-11
0,218310,9.2979374E-11
0,218320,9.290897E-11
0,218330,9.283862E-11
0,218340,9.2768314E-11
0,218350,9.269807E-11
0,218360,9.262788E-11
0,218370,9.255773E-11
0,218380,9.248765E-11
0,218390,9.2417615E-11
0,218400,9.2347636E-11
0,218410,9.2277706E-11
0,218420,9.220783E-11
0,218430,9.2138006E-11
0,218440,9.206824E-11
0,218450,9.199852E-11
0,218460,9.192886E-11
0,218470,9.185925E-11
0,218480,9.178969E-11
0,218490,9.172018E-11
0,218500,9.165073E-11
0,218510,9.158133E-11
0,218520,9.1511985E-11
0,218530,9.144269E-11
0,218540,9.1373444E-11
0,218550,9.1304256E-11
0,218560,9.123512E-11
0,218570,9.116603E-11
0,218580,9.1097E-11
0,218590,9.102802E-11
0,218600,9.095909E-11
0,218610,9.089021E-11
0,218620,9.0821385E-11
0,218630,9.0752614E-11
0,218640,9.068389E-11
0,218650,9.0615224E-11
0,218660,9.054661E-11
0,218670,9.047804E-11
0,218680,9.0409534E-11
0,218690,9.0341075E-11
0,218700,9.0272664E-11
0,218710,9.020431E-11
0,218720,9.0136E-11
0,218730,9.0067745E-11
0,218740,8.999954E-11
0,218750,8.9931396E-11
0,218760,8.98633E-11
0,218770,8.979525E-11
0,218780,8.972725E-11
0,218790,8.9659315E-11
0,218800,8.959142E-11
0,218810,8.9523576E-11
0,218820,8.945579E-11
0,218830,8.938805E-11
0,218840,8.9320364E-11
0,218850,8.925273E-11
0,218860,8.9185145E-11
0,218870,8.911761E-11
0,218880,8.905013E-11
0,218890,8.8982696E-11
0,218900,8.891531E-11
0,218910,8.8847985E-11
0,218920,8.878071E-11
0,218930,8.871348E-11
0,218940,8.8646306E-11
0,218950,8.857918E-11
0,218960,8.851211E-11
0,218970,8.8445085E-11
0,218980,8.837811E-11
0,218990,8.8311185E-11
0,219000,8.8244315E-11
0,219010,8.817749E-11
0,219020,8.811073E-11
0,219030,8.8044E-11
0,219040,8.7977334E-11
0,219050,8.791071E-11
0,219060,8.784415E-11
0,219070,8.777763E-11
0,219080,8.7711165E-11
0,219090,8.7644746E-11
0,219100,8.7578375E-11
0,219110,8.751206E-11
0,219120,8.7445794E-11
0,219130,8.7379576E-11
0,219140,8.731341E-11
0,219150,8.72473E-11
0,219160,8.718123E-11
0,219170,8.711522E-11
0,219180,8.704925E-11
0,219190,8.698333E-11
0,219200,8.6917466E-11
0,219210,8.685165E-11
0,219220,8.6785884E-11
0,219230,8.6720166E-11
0,219240,8.66545E-11
0,219250,8.658888E-11
0,219260,8.6523316E-11
0,219270,8.64578E-11
0,219280,8.639233E-11
0,219290,8.632691E-11
0,219300,8.626154E-11
0,219310,8.6196224E-11
0,219320,8.613096E-11
0,219330,8.606573E-11
0,219340,8.600056E-11
0,219350,8.593544E-11
0,219360,8.5870366E-11
0,219370,8.580534E-11
0,219380,8.5740366E-11
0,219390,8.5675446E-11
0,219400,8.561057E-11
0,219410,8.5545744E-11
0,219420,8.548096E-11
0,219430,8.541624E-11
0,219440,8.535156E-11
0,219450,8.528692E-11
0,219460,8.522234E-11
0,219470,8.515781E-11
0,219480,8.509333E-11
0,219490,8.5028894E-11
0,219500,8.496451E-11
0,219510,8.490017E-11
0,219520,8.483588E-11
0,219530,8.477164E-11
0,219540,8.470745E-11
0,219550,8.4643306E-11
0,219560,8.457921E-11
0,219570,8.4515166E-11
0,219580,8.445117E-11
0,219590,8.438722E-11
0,219600,8.432332E-11
0,219610,8.425947E-11
0,219620,8.4195664E-11
0,219630,8.413191E-11
0,219640,8.4068204E-11
0,219650,8.4004546E-11
0,219660,8.394094E-11
0,219670,8.387737E-11
0,219680,8.381386E-11
0,219690,8.3750396E-11
0,219700,8.3686974E-11
0,219710,8.36236E-11
0,219720,8.3560284E-11
0,219730,8.349701E-11
0,219740,8.343378E-11
0,219750,8.33706E-11
0,219760,8.330747E-11
0,219770,8.324439E-11
0,219780,8.318136E-11
0,219790,8.3118366E-11
0,219800,8.305543E-11
0,219810,8.2992536E-11
0,219820,8.292969E-11
0,219830,8.2866894E-11
0,219840,8.2804145E-11
0,219850,8.2741446E-11
0,219860,8.2678794E-11
0,219870,8.2616185E-11
0,219880,8.2553624E-11
0,219890,8.249112E-11
0,219900,8.242865E-11
0,219910,8.236623E-11
0,219920,8.2303865E-11
0,219930,8.224154E-11
0,219940,8.217926E-11
0,219950,8.2117035E-11
0,219960,8.2054856E-11
0,219970,8.199272E-11
0,219980,8.1930636E-11
0,219990,8.1868595E-11
0,220000,8.18066E-11
0,220010,8.174465E-11
0,220020,8.168276E-11
0,220030,8.1620904E-11
0,220040,8.15591E-11
0,220050,8.149734E-11
0,220060,8.143563E-11
0,220070,8.137396E-11
0,220080,8.1312346E-11
0,220090,8.125077E-11
0,220100,8.118925E-11
0,220110,8.112777E-11
0,220120,8.1066334E-11
0,220130,8.100495E-11
0,220140,8.094361E-11
0,220150,8.088232E-11
0,220160,8.082107E-11
0,220170,8.075987E-11
0,220180,8.069872E-11
0,220190,8.0637615E-11
0,220200,8.057655E-11
0,220210,8.051554E-11
0,220220,8.045457E-11
0,220230,8.039364E-11
0,220240,8.033277E-11
0,220250,8.027194E-11
0,220260,8.021116E-11
0,220270,8.0150414E-11
0,220280,8.0089727E-11
0,220290,8.002908E-11
0,220300,7.9968476E-11
0,220310,7.990793E-11
0,220320,7.984741E-11
0,220330,7.9786955E-11
0,220340,7.972654E-11
0,220350,7.966616E-11
0,220360,7.960584E-11
0,220370,7.954556E-11
0,220380,7.948533E-11
0,220390,7.942514E-11
0,220400,7.9364994E-11
0,220410,7.9304896E-11
0,220420,7.924485E-11
0,220430,7.918484E-11
0,220440,7.912488E-11
0,220450,7.906496E-11
0,220460,7.9005094E-11
0,220470,7.894527E-11
0,220480,7.888549E-11
0,220490,7.882576E-11
0,220500,7.876606E-11
0,220510,7.870642E-11
0,220520,7.8646825E-11
0,220530,7.858727E-11
0,220540,7.852776E-11
0,220550,7.84683E-11
0,220560,7.8408884E-11
0,220570,7.834951E-11
0,220580,7.829018E-11
0,220590,7.8230894E-11
0,220600,7.817166E-11
0,220610,7.811246E-11
0,220620,7.8053314E-11
0,220630,7.799421E-11
0,220640,7.793515E-11
0,220650,7.7876136E-11
0,220660,7.781717E-11
0,220670,7.7758244E-11
0,220680,7.769936E-11
0,220690,7.7640526E-11
0,220700,7.758173E-11
0,220710,7.752299E-11
0,220720,7.7464285E-11
0,220730,7.7405624E-11
0,220740,7.734701E-11
0,220750,7.7288446E-11
0,220760,7.722992E-11
0,220770,7.7171436E-11
0,220780,7.7113003E-11
0,220790,7.705461E-11
0,220800,7.6996264E-11
0,220810,7.6937956E-11
0,220820,7.68797E-11
0,220830,7.682148E-11
0,220840,7.676331E-11
0,220850,7.6705184E-11
0,220860,7.66471E-11
0,220870,7.658906E-11
0,220880,7.6531066E-11
0,220890,7.647311E-11
0,220900,7.641521E-11
0,220910,7.6357344E-11
0,220920,7.629952E-11
0,220930,7.624175E-11
0,220940,7.618402E-11
0,220950,7.612633E-11
0,220960,7.6068686E-11
0,220970,7.601108E-11
0,220980,7.595352E-11
0,220990,7.589601E-11
0,221000,7.583854E-11
0,221010,7.578111E-11
0,221020,7.5723726E-11
0,221030,7.566639E-11
0,221040,7.5609095E-11
0,221050,7.555184E-11
0,221060,7.549463E-11
0,221070,7.543746E-11
0,221080,7.538034E-11
0,221090,7.532326E-11
0,221100,7.5266224E-11
0,221110,7.520923E-11
0,221120,7.515228E-11
0,221130,7.5095374E-11
0,221140,7.503851E-11
0,221150,7.498169E-11
0,221160,7.492491E-11
0,221170,7.4868174E-11
0,221180,7.481148E-11
0,221190,7.4754834E-11
0,221200,7.469823E-11
0,221210,7.464166E-11
0,221220,7.4585144E-11
0,221230,7.452866E-11
0,221240,7.447223E-11
0,221250,7.4415835E-11
0,221260,7.4359484E-11
0,221270,7.430318E-11
0,221280,7.4246914E-11
0,221290,7.4190695E-11
0,221300,7.413451E-11
0,221310,7.4078375E-11
0,221320,7.402228E-11
0,221330,7.396623E-11
0,221340,7.3910225E-11
0,221350,7.3854256E-11
0,221360,7.379833E-11
0,221370,7.374245E-11
0,221380,7.368661E-11
0,221390,7.363081E-11
0,221400,7.3575056E-11
0,221410,7.351934E-11
0,221420,7.346367E-11
0,221430,7.3408044E-11
0,221440,7.3352456E-11
0,221450,7.329691E-11
0,221460,7.324141E-11
0,221470,7.318595E-11
0,221480,7.313053E-11
0,221490,7.307516E-11
0,221500,7.301982E-11
0,221510,7.296453E-11
0,221520,7.2909276E-11
0,221530,7.285407E-11
0,221540,7.2798906E-11
0,221550,7.2743776E-11
0,221560,7.2688695E-11
0,221570,7.263365E-11
0,221580,7.257865E-11
0,221590,7.2523695E-11
0,221600,7.2468774E-11
0,221610,7.24139E-11
0,221620,7.235907E-11
0,221630,7.2304274E-11
0,221640,7.2249526E-11
0,221650,7.219481E-11
0,221660,7.214015E-11
0,221670,7.208552E-11
0,221680,7.203094E-11
0,221690,7.197639E-11
0,221700,7.192189E-11
0,221710,7.186743E-11
0,221720,7.181301E-11
0,221730,7.175863E-11
0,221740,7.1704295E-11
0,221750,7.165E-11
0,221760,7.159574E-11
0,221770,7.154153E-11
0,221780,7.148735E-11
0,221790,7.143322E-11
0,221800,7.137913E-11
0,221810,7.132508E-11
0,221820,7.127107E-11
0,221830,7.12171E-11
0,221840,7.116317E-11
0,221850,7.1109285E-11
0,221860,7.105544E-11
0,221870,7.1001635E-11
0,221880,7.094787E-11
0,221890,7.089415E-11
0,221900,7.0840465E-11
0,221910,7.078682E-11
0,221920,7.0733225E-11
0,221930,7.0679664E-11
0,221940,7.0626144E-11
0,221950,7.057266E-11
0,221960,7.051922E-11
0,221970,7.046582E-11
0,221980,7.041246E-11
0,221990,7.035915E-11
0,222000,7.0305865E-11
0,222010,7.025263E-11
0,222020,7.019944E-11
0,222030,7.014628E-11
0,222040,7.009316E-11
0,222050,7.0040085E-11
0,222060,6.9987044E-11
0,222070,6.993405E-11
0,222080,6.9881094E-11
0,222090,6.982818E-11
0,222100,6.9775304E-11
0,222110,6.972247E-11
0,222120,6.966967E-11
0,222130,6.9616916E-11
0,222140,6.95642E-11
0,222150,6.951152E-11
0,222160,6.945889E-11
0,222170,6.940629E-11
0,222180,6.935374E-11
0,222190,6.930122E-11
0,222200,6.9248746E-11
0,222210,6.919631E-11
0,222220,6.9143906E-11
0,222230,6.909155E-11
0,222240,6.903923E-11
0,222250,6.8986955E-11
0,222260,6.893472E-11
0,222270,6.888252E-11
0,222280,6.883036E-11
0,222290,6.877824E-11
0,222300,6.872616E-11
0,222310,6.8674115E-11
0,222320,6.8622115E-11
0,222330,6.857015E-11
0,222340,6.8518226E-11
0,222350,6.8466344E-11
0,222360,6.8414496E-11
0,222370,6.83627E-11
0,222380,6.8310926E-11
0,222390,6.8259204E-11
0,222400,6.8207516E-11
0,222410,6.815586E-11
0,222420,6.810426E-11
0,222430,6.805269E-11
0,222440,6.800115E-11
0,222450,6.794966E-11
0,222460,6.789821E-11
0,222470,6.78468E-11
0,222480,6.779542E-11
0,222490,6.774408E-11
0,222500,6.769278E-11
0,222510,6.7641524E-11
0,222520,6.759031E-11
0,222530,6.753913E-11
0,222540,6.748798E-11
0,222550,6.7436876E-11
0,222560,6.738581E-11
0,222570,6.733479E-11
0,222580,6.72838E-11
0,222590,6.723285E-11
0,222600,6.718194E-11
0,222610,6.713107E-11
0,222620,6.708024E-11
0,222630,6.702944E-11
0,222640,6.6978686E-11
0,222650,6.692796E-11
0,222660,6.687729E-11
0,222670,6.682664E-11
0,222680,6.677604E-11
0,222690,6.672548E-11
0,222700,6.667495E-11
0,222710,6.662446E-11
0,222720,6.657401E-11
0,222730,6.65236E-11
0,222740,6.647323E-11
0,222750,6.6422895E-11
0,222760,6.6372595E-11
0,222770,6.6322337E-11
0,222780,6.627211E-11
0,222790,6.622193E-11
0,222800,6.617179E-11
0,222810,6.612168E-11
0,222820,6.607161E-11
0,222830,6.602158E-11
0,222840,6.597159E-11
0,222850,6.592163E-11
0,222860,6.587171E-11
0,222870,6.5821834E-11
0,222880,6.577199E-11
0,222890,6.5722185E-11
0,222900,6.567242E-11
0,222910,6.5622695E-11
0,222920,6.5573E-11
0,222930,6.5523344E-11
0,222940,6.547373E-11
0,222950,6.542415E-11
0,222960,6.537461E-11
0,222970,6.5325106E-11
0,222980,6.527564E-11
0,222990,6.522621E-11
0,223000,6.517682E-11
0,223010,6.5127466E-11
0,223020,6.507815E-11
0,223030,6.502887E-11
0,223040,6.497963E-11
0,223050,6.493043E-11
0,223060,6.488126E-11
0,223070,6.483213E-11
0,223080,6.478304E-11
0,223090,6.473398E-11
0,223100,6.4684966E-11
0,223110,6.4635984E-11
0,223120,6.458704E-11
0,223130,6.453813E-11
0,223140,6.448926E-11
0,223150,6.444043E-11
0,223160,6.439163E-11
0,223170,6.434287E-11
0,223180,6.429415E-11
0,223190,6.424547E-11
0,223200,6.419682E-11
0,223210,6.414821E-11
0,223220,6.4099635E-11
0,223230,6.40511E-11
0,223240,6.4002595E-11
0,223250,6.395413E-11
0,223260,6.39057E-11
0,223270,6.385731E-11
0,223280,6.380896E-11
0,223290,6.3760636E-11
0,223300,6.3712355E-11
0,223310,6.366411E-11
0,223320,6.3615904E-11
0,223330,6.3567734E-11
0,223340,6.35196E-11
0,223350,6.34715E-11
0,223360,6.342343E-11
0,223370,6.337541E-11
0,223380,6.332742E-11
0,223390,6.3279465E-11
0,223400,6.323155E-11
0,223410,6.318367E-11
0,223420,6.313582E-11
0,223430,6.3088014E-11
0,223440,6.304025E-11
0,223450,6.299251E-11
0,223460,6.294481E-11
0,223470,6.2897146E-11
0,223480,6.284952E-11
0,223490,6.280193E-11
0,223500,6.275437E-11
0,223510,6.2706854E-11
0,223520,6.265937E-11
0,223530,6.261192E-11
0,223540,6.256451E-11
0,223550,6.251714E-11
0,223560,6.246979E-11
0,223570,6.242249E-11
0,223580,6.237522E-11
0,223590,6.232799E-11
0,223600,6.22808E-11
0,223610,6.2233635E-11
0,223620,6.218651E-11
0,223630,6.213942E-11
0,223640,6.2092366E-11
0,223650,6.204535E-11
0,223660,6.1998365E-11
0,223670,6.195142E-11
0,223680,6.190451E-11
0,223690,6.185763E-11
0,223700,6.181079E-11
0,223710,6.176399E-11
0,223720,6.171722E-11
0,223730,6.167049E-11
0,223740,6.162379E-11
0,223750,6.1577125E-11
0,223760,6.1530496E-11
0,223770,6.14839E-11
0,223780,6.143735E-11
0,223790,6.139082E-11
0,223800,6.134434E-11
0,223810,6.129788E-11
0,223820,6.125147E-11
0,223830,6.120509E-11
0,223840,6.1158745E-11
0,223850,6.111243E-11
0,223860,6.106615E-11
0,223870,6.101991E-11
0,223880,6.0973705E-11
0,223890,6.0927534E-11
0,223900,6.0881404E-11
0,223910,6.08353E-11
0,223920,6.0789235E-11
0,223930,6.07432E-11
0,223940,6.0697204E-11
0,223950,6.065125E-11
0,223960,6.060532E-11
0,223970,6.0559426E-11
0,223980,6.0513566E-11
0,223990,6.046775E-11
0,224000,6.042196E-11
0,224010,6.0376204E-11
0,224020,6.0330484E-11
0,224030,6.0284805E-11
0,224040,6.0239154E-11
0,224050,6.019354E-11
0,224060,6.0147956E-11
0,224070,6.0102416E-11
0,224080,6.0056904E-11
0,224090,6.0011426E-11
0,224100,5.9965984E-11
0,224110,5.9920575E-11
0,224120,5.98752E-11
0,224130,5.982986E-11
0,224140,5.978456E-11
0,224150,5.973929E-11
0,224160,5.969405E-11
0,224170,5.964885E-11
0,224180,5.960368E-11
0,224190,5.9558546E-11
0,224200,5.951345E-11
0,224210,5.946838E-11
0,224220,5.9423355E-11
0,224230,5.9378356E-11
0,224240,5.933339E-11
0,224250,5.928846E-11
0,224260,5.924357E-11
0,224270,5.919871E-11
0,224280,5.915388E-11
0,224290,5.9109086E-11
0,224300,5.906433E-11
0,224310,5.90196E-11
0,224320,5.8974915E-11
0,224330,5.8930257E-11
0,224340,5.888563E-11
0,224350,5.884104E-11
0,224360,5.879649E-11
0,224370,5.875196E-11
0,224380,5.8707476E-11
0,224390,5.866302E-11
0,224400,5.86186E-11
0,224410,5.8574215E-11
0,224420,5.852986E-11
0,224430,5.8485536E-11
0,224440,5.844125E-11
0,224450,5.8396996E-11
0,224460,5.835278E-11
0,224470,5.8308594E-11
0,224480,5.826444E-11
0,224490,5.822032E-11
0,224500,5.8176235E-11
0,224510,5.8132183E-11
0,224520,5.8088163E-11
0,224530,5.8044177E-11
0,224540,5.8000223E-11
0,224550,5.7956303E-11
0,224560,5.7912418E-11
0,224570,5.7868564E-11
0,224580,5.7824745E-11
0,224590,5.778096E-11
0,224600,5.7737207E-11
0,224610,5.7693485E-11
0,224620,5.7649798E-11
0,224630,5.7606146E-11
0,224640,5.7562524E-11
0,224650,5.7518938E-11
0,224660,5.7475382E-11
0,224670,5.743186E-11
0,224680,5.7388372E-11
0,224690,5.7344914E-11
0,224700,5.730149E-11
0,224710,5.72581E-11
0,224720,5.7214743E-11
0,224730,5.717142E-11
0,224740,5.712813E-11
0,224750,5.7084868E-11
0,224760,5.7041642E-11
0,224770,5.6998448E-11
0,224780,5.6955288E-11
0,224790,5.691216E-11
0,224800,5.6869065E-11
0,224810,5.6826002E-11
0,224820,5.678297E-11
0,224830,5.6739974E-11
0,224840,5.6697008E-11
0,224850,5.6654077E-11
0,224860,5.6611178E-11
0,224870,5.656831E-11
0,224880,5.6525475E-11
0,224890,5.6482673E-11
0,224900,5.64399E-11
0,224910,5.6397165E-11
0,224920,5.635446E-11
0,224930,5.6311785E-11
0,224940,5.6269146E-11
0,224950,5.6226537E-11
0,224960,5.618396E-11
0,224970,5.6141414E-11
0,224980,5.6098903E-11
0,224990,5.6056423E-11
0,225000,5.6013978E-11
0,225010,5.597156E-11
0,225020,5.5929178E-11
0,225030,5.5886826E-11
0,225040,5.584451E-11
0,225050,5.580222E-11
0,225060,5.5759966E-11
0,225070,5.5717743E-11
0,225080,5.5675554E-11
0,225090,5.5633394E-11
0,225100,5.5591268E-11
0,225110,5.5549173E-11
0,225120,5.550711E-11
0,225130,5.5465077E-11
0,225140,5.5423076E-11
0,225150,5.538111E-11
0,225160,5.5339174E-11
0,225170,5.529727E-11
0,225180,5.5255397E-11
0,225190,5.5213556E-11
0,225200,5.5171746E-11
0,225210,5.512997E-11
0,225220,5.5088222E-11
0,225230,5.504651E-11
0,225240,5.5004827E-11
0,225250,5.4963176E-11
0,225260,5.4921557E-11
0,225270,5.487997E-11
0,225280,5.483841E-11
0,225290,5.4796886E-11
0,225300,5.475539E-11
0,225310,5.471393E-11
0,225320,5.46725E-11
0,225330,5.4631098E-11
0,225340,5.4589732E-11
0,225350,5.4548394E-11
0,225360,5.450709E-11
0,225370,5.4465814E-11
0,225380,5.4424572E-11
0,225390,5.438336E-11
0,225400,5.434218E-11
0,225410,5.430103E-11
0,225420,5.4259913E-11
0,225430,5.4218824E-11
0,225440,5.417777E-11
0,225450,5.4136744E-11
0,225460,5.4095752E-11
0,225470,5.405479E-11
0,225480,5.4013856E-11
0,225490,5.3972955E-11
0,225500,5.3932084E-11
0,225510,5.3891246E-11
0,225520,5.3850438E-11
0,225530,5.380966E-11
0,225540,5.3768916E-11
0,225550,5.3728202E-11
0,225560,5.3687516E-11
0,225570,5.364686E-11
0,225580,5.360624E-11
0,225590,5.356565E-11
0,225600,5.3525087E-11
0,225610,5.3484557E-11
0,225620,5.3444055E-11
0,225630,5.3403587E-11
0,225640,5.3363147E-11
0,225650,5.332274E-11
0,225660,5.328236E-11
0,225670,5.3242015E-11
0,225680,5.32017E-11
0,225690,5.3161413E-11
0,225700,5.312116E-11
0,225710,5.3080935E-11
0,225720,5.304074E-11
0,225730,5.3000576E-11
0,225740,5.296044E-11
0,225750,5.2920338E-11
0,225760,5.2880266E-11
0,225770,5.2840225E-11
0,225780,5.2800212E-11
0,225790,5.276023E-11
0,225800,5.272028E-11
0,225810,5.2680357E-11
0,225820,5.264047E-11
0,225830,5.2600608E-11
0,225840,5.2560775E-11
0,225850,5.2520974E-11
0,225860,5.2481203E-11
0,225870,5.2441464E-11
0,225880,5.2401753E-11
0,225890,5.2362073E-11
0,225900,5.2322424E-11
0,225910,5.2282803E-11
0,225920,5.2243213E-11
0,225930,5.2203655E-11
0,225940,5.2164124E-11
0,225950,5.2124624E-11
0,225960,5.2085156E-11
0,225970,5.2045715E-11
0,225980,5.2006306E-11
0,225990,5.1966924E-11
0,226000,5.1927573E-11
0,226010,5.188825E-11
0,226020,5.184896E-11
0,226030,5.18097E-11
0,226040,5.1770466E-11
0,226050,5.1731265E-11
0,226060,5.1692095E-11
0,226070,5.165295E-11
0,226080,5.1613838E-11
0,226090,5.1574755E-11
0,226100,5.15357E-11
0,226110,5.1496675E-11
0,226120,5.1457682E-11
0,226130,5.1418717E-11
0,226140,5.1379782E-11
0,226150,5.1340876E-11
0,226160,5.1301997E-11
0,226170,5.126315E-11
0,226180,5.1224334E-11
0,226190,5.1185545E-11
0,226200,5.1146785E-11
0,226210,5.1108055E-11
0,226220,5.1069357E-11
0,226230,5.1030683E-11
0,226240,5.0992044E-11
0,226250,5.095343E-11
0,226260,5.0914845E-11
0,226270,5.0876293E-11
0,226280,5.0837768E-11
0,226290,5.079927E-11
0,226300,5.0760805E-11
0,226310,5.0722367E-11
0,226320,5.068396E-11
0,226330,5.064558E-11
0,226340,5.060723E-11
0,226350,5.056891E-11
0,226360,5.0530618E-11
0,226370,5.0492353E-11
0,226380,5.045412E-11
0,226390,5.0415914E-11
0,226400,5.037774E-11
0,226410,5.033959E-11
0,226420,5.030147E-11
0,226430,5.0263384E-11
0,226440,5.0225324E-11
0,226450,5.0187292E-11
0,226460,5.0149288E-11
0,226470,5.0111314E-11
0,226480,5.0073366E-11
0,226490,5.003545E-11
0,226500,4.999756E-11
0,226510,4.9959703E-11
0,226520,4.9921872E-11
0,226530,4.988407E-11
0,226540,4.9846297E-11
0,226550,4.980855E-11
0,226560,4.9770833E-11
0,226570,4.9733148E-11
0,226580,4.9695487E-11
0,226590,4.9657858E-11
0,226600,4.9620256E-11
0,226610,4.958268E-11
0,226620,4.9545135E-11
0,226630,4.950762E-11
0,226640,4.947013E-11
0,226650,4.943267E-11
0,226660,4.9395238E-11
0,226670,4.9357834E-11
0,226680,4.932046E-11
0,226690,4.9283112E-11
0,226700,4.9245795E-11
0,226710,4.9208505E-11
0,226720,4.9171243E-11
0,226730,4.913401E-11
0,226740,4.9096803E-11
0,226750,4.9059624E-11
0,226760,4.9022477E-11
0,226770,4.8985354E-11
0,226780,4.8948262E-11
0,226790,4.8911198E-11
0,226800,4.887416E-11
0,226810,4.8837153E-11
0,226820,4.8800172E-11
0,226830,4.876322E-11
0,226840,4.8726294E-11
0,226850,4.8689396E-11
0,226860,4.8652526E-11
0,226870,4.8615688E-11
0,226880,4.8578874E-11
0,226890,4.8542087E-11
0,226900,4.850533E-11
0,226910,4.84686E-11
0,226920,4.84319E-11
0,226930,4.8395225E-11
0,226940,4.835858E-11
0,226950,4.832196E-11
0,226960,4.8285372E-11
0,226970,4.8248808E-11
0,226980,4.821227E-11
0,226990,4.8175765E-11
0,227000,4.8139284E-11
0,227010,4.8102834E-11
0,227020,4.806641E-11
0,227030,4.803001E-11
0,227040,4.799364E-11
0,227050,4.7957298E-11
0,227060,4.7920983E-11
0,227070,4.7884696E-11
0,227080,4.7848437E-11
0,227090,4.7812206E-11
0,227100,4.7776002E-11
0,227110,4.7739823E-11
0,227120,4.7703674E-11
0,227130,4.766755E-11
0,227140,4.7631458E-11
0,227150,4.759539E-11
0,227160,4.755935E-11
0,227170,4.7523336E-11
0,227180,4.7487347E-11
0,227190,4.745139E-11
0,227200,4.741546E-11
0,227210,4.7379555E-11
0,227220,4.7343678E-11
0,227230,4.7307828E-11
0,227240,4.7272006E-11
0,227250,4.7236208E-11
0,227260,4.720044E-11
0,227270,4.71647E-11
0,227280,4.7128985E-11
0,227290,4.7093298E-11
0,227300,4.705764E-11
0,227310,4.7022004E-11
0,227320,4.6986397E-11
0,227330,4.6950818E-11
0,227340,4.6915267E-11
0,227350,4.687974E-11
0,227360,4.684424E-11
0,227370,4.680877E-11
0,227380,4.6773325E-11
0,227390,4.673791E-11
0,227400,4.6702517E-11
0,227410,4.6667153E-11
0,227420,4.6631813E-11
0,227430,4.6596504E-11
0,227440,4.656122E-11
0,227450,4.6525964E-11
0,227460,4.649073E-11
0,227470,4.6455527E-11
0,227480,4.642035E-11
0,227490,4.6385198E-11
0,227500,4.6350077E-11
0,227510,4.6314976E-11
0,227520,4.6279907E-11
0,227530,4.6244862E-11
0,227540,4.6209845E-11
0,227550,4.6174852E-11
0,227560,4.6139887E-11
0,227570,4.610495E-11
0,227580,4.6070037E-11
0,227590,4.603515E-11
0,227600,4.6000294E-11
0,227610,4.596546E-11
0,227620,4.5930655E-11
0,227630,4.5895874E-11
0,227640,4.586112E-11
0,227650,4.5826395E-11
0,227660,4.5791693E-11
0,227670,4.575702E-11
0,227680,4.572237E-11
0,227690,4.568775E-11
0,227700,4.565315E-11
0,227710,4.5618582E-11
0,227720,4.5584037E-11
0,227730,4.5549522E-11
0,227740,4.551503E-11
0,227750,4.5480564E-11
0,227760,4.5446126E-11
0,227770,4.5411713E-11
0,227780,4.5377327E-11
0,227790,4.5342965E-11
0,227800,4.530863E-11
0,227810,4.527432E-11
0,227820,4.5240037E-11
0,227830,4.520578E-11
0,227840,4.517155E-11
0,227850,4.5137345E-11
0,227860,4.5103164E-11
0,227870,4.506901E-11
0,227880,4.5034886E-11
0,227890,4.5000784E-11
0,227900,4.4966707E-11
0,227910,4.493266E-11
0,227920,4.4898633E-11
0,227930,4.4864636E-11
0,227940,4.4830663E-11
0,227950,4.4796715E-11
0,227960,4.4762794E-11
0,227970,4.4728898E-11
0,227980,4.469503E-11
0,227990,4.4661184E-11
0,228000,4.4627364E-11
0,228010,4.4593572E-11
0,228020,4.4559804E-11
0,228030,4.4526063E-11
0,228040,4.4492347E-11
0,228050,4.4458656E-11
0,228060,4.442499E-11
0,228070,4.439135E-11
0,228080,4.4357736E-11
0,228090,4.432415E-11
0,228100,4.4290585E-11
0,228110,4.4257046E-11
0,228120,4.4223535E-11
0,228130,4.4190047E-11
0,228140,4.4156585E-11
0,228150,4.412315E-11
0,228160,4.4089735E-11
0,228170,4.4056352E-11
0,228180,4.402299E-11
0,228190,4.3989656E-11
0,228200,4.3956346E-11
0,228210,4.392306E-11
0,228220,4.38898E-11
0,228230,4.3856564E-11
0,228240,4.3823355E-11
0,228250,4.3790173E-11
0,228260,4.3757012E-11
0,228270,4.372388E-11
0,228280,4.369077E-11
0,228290,4.3657685E-11
0,228300,4.3624628E-11
0,228310,4.3591592E-11
0,228320,4.3558584E-11
0,228330,4.35256E-11
0,228340,4.3492644E-11
0,228350,4.3459708E-11
0,228360,4.34268E-11
0,228370,4.3393917E-11
0,228380,4.3361058E-11
0,228390,4.3328223E-11
0,228400,4.3295412E-11
0,228410,4.326263E-11
0,228420,4.322987E-11
0,228430,4.3197133E-11
0,228440,4.3164423E-11
0,228450,4.3131738E-11
0,228460,4.309908E-11
0,228470,4.3066443E-11
0,228480,4.3033833E-11
0,228490,4.3001245E-11
0,228500,4.2968684E-11
0,228510,4.2936148E-11
0,228520,4.2903636E-11
0,228530,4.2871148E-11
0,228540,4.2838684E-11
0,228550,4.2806245E-11
0,228560,4.277383E-11
0,228570,4.2741442E-11
0,228580,4.2709076E-11
0,228590,4.2676737E-11
0,228600,4.264442E-11
0,228610,4.261213E-11
0,228620,4.2579863E-11
0,228630,4.2547618E-11
0,228640,4.25154E-11
0,228650,4.2483208E-11
0,228660,4.245104E-11
0,228670,4.241889E-11
0,228680,4.238677E-11
0,228690,4.2354675E-11
0,228700,4.2322604E-11
0,228710,4.2290556E-11
0,228720,4.2258533E-11
0,228730,4.222653E-11
0,228740,4.2194557E-11
0,228750,4.2162607E-11
0,228760,4.213068E-11
0,228770,4.209878E-11
0,228780,4.20669E-11
0,228790,4.2035046E-11
0,228800,4.2003217E-11
0,228810,4.197141E-11
0,228820,4.193963E-11
0,228830,4.190787E-11
0,228840,4.1876135E-11
0,228850,4.1844427E-11
0,228860,4.181274E-11
0,228870,4.178108E-11
0,228880,4.174944E-11
0,228890,4.1717827E-11
0,228900,4.1686238E-11
0,228910,4.1654673E-11
0,228920,4.162313E-11
0,228930,4.1591612E-11
0,228940,4.1560116E-11
0,228950,4.1528645E-11
0,228960,4.14972E-11
0,228970,4.146578E-11
0,228980,4.1434377E-11
0,228990,4.1403003E-11
0,229000,4.1371653E-11
0,229010,4.1340324E-11
0,229020,4.130902E-11
0,229030,4.1277738E-11
0,229040,4.1246482E-11
0,229050,4.121525E-11
0,229060,4.1184042E-11
0,229070,4.1152855E-11
0,229080,4.1121693E-11
0,229090,4.1090555E-11
0,229100,4.105944E-11
0,229110,4.1028347E-11
0,229120,4.0997282E-11
0,229130,4.0966237E-11
0,229140,4.0935217E-11
0,229150,4.0904218E-11
0,229160,4.0873246E-11
0,229170,4.0842295E-11
0,229180,4.0811368E-11
0,229190,4.0780466E-11
0,229200,4.0749584E-11
0,229210,4.0718727E-11
0,229220,4.0687894E-11
0,229230,4.0657085E-11
0,229240,4.0626297E-11
0,229250,4.0595534E-11
0,229260,4.0564795E-11
0,229270,4.0534076E-11
0,229280,4.0503385E-11
0,229290,4.0472715E-11
0,229300,4.0442066E-11
0,229310,4.041144E-11
0,229320,4.038084E-11
0,229330,4.0350265E-11
0,229340,4.031971E-11
0,229350,4.0289178E-11
0,229360,4.025867E-11
0,229370,4.0228185E-11
0,229380,4.0197724E-11
0,229390,4.0167286E-11
0,229400,4.013687E-11
0,229410,4.0106477E-11
0,229420,4.007611E-11
0,229430,4.0045762E-11
0,229440,4.001544E-11
0,229450,3.9985137E-11
0,229460,3.995486E-11
0,229470,3.9924605E-11
0,229480,3.9894373E-11
0,229490,3.9864164E-11
0,229500,3.9833976E-11
0,229510,3.9803813E-11
0,229520,3.9773674E-11
0,229530,3.9743556E-11
0,229540,3.971346E-11
0,229550,3.968339E-11
0,229560,3.965334E-11
0,229570,3.962331E-11
0,229580,3.9593308E-11
0,229590,3.956333E-11
0,229600,3.953337E-11
0,229610,3.9503432E-11
0,229620,3.947352E-11
0,229630,3.944363E-11
0,229640,3.9413764E-11
0,229650,3.9383916E-11
0,229660,3.9354093E-11
0,229670,3.9324294E-11
0,229680,3.9294516E-11
0,229690,3.926476E-11
0,229700,3.923503E-11
0,229710,3.920532E-11
0,229720,3.917563E-11
0,229730,3.9145968E-11
0,229740,3.9116325E-11
0,229750,3.9086706E-11
0,229760,3.9057108E-11
0,229770,3.9027535E-11
0,229780,3.8997982E-11
0,229790,3.896845E-11
0,229800,3.8938942E-11
0,229810,3.8909456E-11
0,229820,3.8879993E-11
0,229830,3.885055E-11
0,229840,3.8821134E-11
0,229850,3.8791737E-11
0,229860,3.8762365E-11
0,229870,3.873301E-11
0,229880,3.8703683E-11
0,229890,3.8674373E-11
0,229900,3.864509E-11
0,229910,3.8615826E-11
0,229920,3.8586585E-11
0,229930,3.8557366E-11
0,229940,3.852817E-11
0,229950,3.8498996E-11
0,229960,3.8469842E-11
0,229970,3.8440712E-11
0,229980,3.8411604E-11
0,229990,3.8382516E-11
0,230000,3.8353452E-11
0,230010,3.832441E-11
0,230020,3.829539E-11
0,230030,3.8266394E-11
0,230040,3.8237417E-11
0,230050,3.820846E-11
0,230060,3.817953E-11
0,230070,3.8150618E-11
0,230080,3.812173E-11
0,230090,3.8092862E-11
0,230100,3.8064017E-11
0,230110,3.8035197E-11
0,230120,3.8006393E-11
0,230130,3.7977614E-11
0,230140,3.7948856E-11
0,230150,3.7920122E-11
0,230160,3.7891405E-11
0,230170,3.7862713E-11
0,230180,3.7834045E-11
0,230190,3.7805394E-11
0,230200,3.7776768E-11
0,230210,3.7748162E-11
0,230220,3.7719577E-11
0,230230,3.7691017E-11
0,230240,3.7662474E-11
0,230250,3.7633955E-11
0,230260,3.760546E-11
0,230270,3.7576983E-11
0,230280,3.754853E-11
0,230290,3.7520095E-11
0,230300,3.7491683E-11
0,230310,3.7463296E-11
0,230320,3.7434927E-11
0,230330,3.740658E-11
0,230340,3.7378253E-11
0,230350,3.734995E-11
0,230360,3.732167E-11
0,230370,3.7293408E-11
0,230380,3.7265167E-11
0,230390,3.723695E-11
0,230400,3.7208753E-11
0,230410,3.7180578E-11
0,230420,3.7152423E-11
0,230430,3.712429E-11
0,230440,3.709618E-11
0,230450,3.7068088E-11
0,230460,3.704002E-11
0,230470,3.7011973E-11
0,230480,3.6983947E-11
0,230490,3.6955942E-11
0,230500,3.6927957E-11
0,230510,3.6899993E-11
0,230520,3.687205E-11
0,230530,3.6844132E-11
0,230540,3.6816234E-11
0,230550,3.6788354E-11
0,230560,3.6760497E-11
0,230570,3.6732662E-11
0,230580,3.6704847E-11
0,230590,3.6677054E-11
0,230600,3.664928E-11
0,230610,3.662153E-11
0,230620,3.6593797E-11
0,230630,3.6566087E-11
0,230640,3.6538397E-11
0,230650,3.6510732E-11
0,230660,3.6483084E-11
0,230670,3.6455457E-11
0,230680,3.6427854E-11
0,230690,3.6400268E-11
0,230700,3.6372703E-11
0,230710,3.6345163E-11
0,230720,3.631764E-11
0,230730,3.629014E-11
0,230740,3.626266E-11
0,230750,3.6235202E-11
0,230760,3.6207762E-11
0,230770,3.6180347E-11
0,230780,3.615295E-11
0,230790,3.6125575E-11
0,230800,3.6098218E-11
0,230810,3.6070882E-11
0,230820,3.604357E-11
0,230830,3.6016277E-11
0,230840,3.5989003E-11
0,230850,3.596175E-11
0,230860,3.593452E-11
0,230870,3.5907312E-11
0,230880,3.5880122E-11
0,230890,3.5852953E-11
0,230900,3.58258E-11
0,230910,3.5798673E-11
0,230920,3.5771566E-11
0,230930,3.574448E-11
0,230940,3.571741E-11
0,230950,3.5690367E-11
0,230960,3.566334E-11
0,230970,3.5636334E-11
0,230980,3.560935E-11
0,230990,3.5582388E-11
0,231000,3.555544E-11
0,231010,3.5528518E-11
0,231020,3.5501616E-11
0,231030,3.5474734E-11
0,231040,3.544787E-11
0,231050,3.5421027E-11
0,231060,3.5394205E-11
0,231070,3.5367403E-11
0,231080,3.5340623E-11
0,231090,3.5313863E-11
0,231100,3.5287124E-11
0,231110,3.5260402E-11
0,231120,3.52337E-11
0,231130,3.520702E-11
0,231140,3.5180362E-11
0,231150,3.5153724E-11
0,231160,3.5127103E-11
0,231170,3.5100506E-11
0,231180,3.5073926E-11
0,231190,3.5047368E-11
0,231200,3.5020827E-11
0,231210,3.499431E-11
0,231220,3.496781E-11
0,231230,3.494133E-11
0,231240,3.4914873E-11
0,231250,3.4888436E-11
0,231260,3.4862016E-11
0,231270,3.4835617E-11
0,231280,3.480924E-11
0,231290,3.478288E-11
0,231300,3.475654E-11
0,231310,3.4730226E-11
0,231320,3.4703924E-11
0,231330,3.4677646E-11
0,231340,3.465139E-11
0,231350,3.462515E-11
0,231360,3.459893E-11
0,231370,3.457273E-11
0,231380,3.454655E-11
0,231390,3.452039E-11
0,231400,3.449425E-11
0,231410,3.4468133E-11
0,231420,3.4442033E-11
0,231430,3.4415953E-11
0,231440,3.438989E-11
0,231450,3.436385E-11
0,231460,3.4337828E-11
0,231470,3.4311828E-11
0,231480,3.4285845E-11
0,231490,3.4259883E-11
0,231500,3.4233942E-11
0,231510,3.420802E-11
0,231520,3.4182115E-11
0,231530,3.415623E-11
0,231540,3.4130365E-11
0,231550,3.410452E-11
0,231560,3.4078698E-11
0,231570,3.4052892E-11
0,231580,3.4027108E-11
0,231590,3.400134E-11
0,231600,3.3975593E-11
0,231610,3.3949867E-11
0,231620,3.392416E-11
0,231630,3.389847E-11
0,231640,3.38728E-11
0,231650,3.384715E-11
0,231660,3.3821522E-11
0,231670,3.379591E-11
0,231680,3.377032E-11
0,231690,3.374475E-11
0,231700,3.3719198E-11
0,231710,3.3693662E-11
0,231720,3.3668148E-11
0,231730,3.3642655E-11
0,231740,3.361718E-11
0,231750,3.3591723E-11
0,231760,3.356629E-11
0,231770,3.354087E-11
0,231780,3.351547E-11
0,231790,3.3490093E-11
0,231800,3.3464734E-11
0,231810,3.3439394E-11
0,231820,3.3414074E-11
0,231830,3.338877E-11
0,231840,3.336349E-11
0,231850,3.3338225E-11
0,231860,3.3312977E-11
0,231870,3.3287754E-11
0,231880,3.3262545E-11
0,231890,3.323736E-11
0,231900,3.3212193E-11
0,231910,3.3187043E-11
0,231920,3.316191E-11
0,231930,3.3136802E-11
0,231940,3.3111708E-11
0,231950,3.3086638E-11
0,231960,3.306158E-11
0,231970,3.3036546E-11
0,231980,3.301153E-11
0,231990,3.2986534E-11
0,232000,3.2961557E-11
0,232010,3.2936594E-11
0,232020,3.2911656E-11
0,232030,3.2886735E-11
0,232040,3.286183E-11
0,232050,3.283695E-11
0,232060,3.2812083E-11
0,232070,3.2787235E-11
0,232080,3.2762407E-11
0,232090,3.27376E-11
0,232100,3.271281E-11
0,232110,3.268804E-11
0,232120,3.266329E-11
0,232130,3.2638555E-11
0,232140,3.261384E-11
0,232150,3.2589143E-11
0,232160,3.2564465E-11
0,232170,3.2539808E-11
0,232180,3.2515168E-11
0,232190,3.2490545E-11
0,232200,3.2465943E-11
0,232210,3.244136E-11
0,232220,3.2416795E-11
0,232230,3.2392245E-11
0,232240,3.236772E-11
0,232250,3.2343208E-11
0,232260,3.2318717E-11
0,232270,3.2294244E-11
0,232280,3.226979E-11
0,232290,3.2245356E-11
0,232300,3.2220938E-11
0,232310,3.219654E-11
0,232320,3.217216E-11
0,232330,3.21478E-11
0,232340,3.2123453E-11
0,232350,3.209913E-11
0,232360,3.2074822E-11
0,232370,3.2050536E-11
0,232380,3.2026267E-11
0,232390,3.2002016E-11
0,232400,3.197778E-11
0,232410,3.1953568E-11
0,232420,3.1929372E-11
0,232430,3.1905194E-11
0,232440,3.1881036E-11
0,232450,3.1856892E-11
0,232460,3.183277E-11
0,232470,3.1808667E-11
0,232480,3.178458E-11
0,232490,3.176051E-11
0,232500,3.173646E-11
0,232510,3.171243E-11
0,232520,3.1688416E-11
0,232530,3.166442E-11
0,232540,3.1640444E-11
0,232550,3.1616484E-11
0,232560,3.1592545E-11
0,232570,3.1568623E-11
0,232580,3.1544718E-11
0,232590,3.152083E-11
0,232600,3.149696E-11
0,232610,3.1473112E-11
0,232620,3.144928E-11
0,232630,3.1425466E-11
0,232640,3.140167E-11
0,232650,3.137789E-11
0,232660,3.135413E-11
0,232670,3.133039E-11
0,232680,3.1306666E-11
0,232690,3.128296E-11
0,232700,3.125927E-11
0,232710,3.12356E-11
0,232720,3.1211946E-11
0,232730,3.1188312E-11
0,232740,3.1164696E-11
0,232750,3.1141097E-11
0,232760,3.1117515E-11
0,232770,3.1093954E-11
0,232780,3.1070407E-11
0,232790,3.104688E-11
0,232800,3.102337E-11
0,232810,3.099988E-11
0,232820,3.0976405E-11
0,232830,3.095295E-11
0,232840,3.0929512E-11
0,232850,3.090609E-11
0,232860,3.088269E-11
0,232870,3.08593E-11
0,232880,3.0835935E-11
0,232890,3.0812585E-11
0,232900,3.0789253E-11
0,232910,3.076594E-11
0,232920,3.074264E-11
0,232930,3.071936E-11
0,232940,3.0696102E-11
0,232950,3.0672857E-11
0,232960,3.0649632E-11
0,232970,3.062642E-11
0,232980,3.0603232E-11
0,232990,3.0580056E-11
0,233000,3.05569E-11
0,233010,3.0533763E-11
0,233020,3.0510643E-11
0,233030,3.048754E-11
0,233040,3.0464454E-11
0,233050,3.0441382E-11
0,233060,3.041833E-11
0,233070,3.03953E-11
0,233080,3.0372285E-11
0,233090,3.0349286E-11
0,233100,3.0326304E-11
0,233110,3.030334E-11
0,233120,3.0280393E-11
0,233130,3.0257463E-11
0,233140,3.023455E-11
0,233150,3.0211656E-11
0,233160,3.0188782E-11
0,233170,3.0165922E-11
0,233180,3.014308E-11
0,233190,3.0120254E-11
0,233200,3.0097445E-11
0,233210,3.0074655E-11
0,233220,3.005188E-11
0,233230,3.0029125E-11
0,233240,3.0006386E-11
0,233250,2.9983665E-11
0,233260,2.996096E-11
0,233270,2.9938274E-11
0,233280,2.99156E-11
0,233290,2.989295E-11
0,233300,2.9870315E-11
0,233310,2.9847697E-11
0,233320,2.9825094E-11
0,233330,2.980251E-11
0,233340,2.9779942E-11
0,233350,2.975739E-11
0,233360,2.973486E-11
0,233370,2.9712344E-11
0,233380,2.9689844E-11
0,233390,2.9667362E-11
0,233400,2.9644898E-11
0,233410,2.962245E-11
0,233420,2.960002E-11
0,233430,2.9577604E-11
0,233440,2.955521E-11
0,233450,2.9532828E-11
0,233460,2.9510464E-11
0,233470,2.948812E-11
0,233480,2.946579E-11
0,233490,2.944348E-11
0,233500,2.942118E-11
0,233510,2.9398903E-11
0,233520,2.9376643E-11
0,233530,2.9354397E-11
0,233540,2.933217E-11
0,233550,2.9309957E-11
0,233560,2.9287763E-11
0,233570,2.9265586E-11
0,233580,2.9243427E-11
0,233590,2.922128E-11
0,233600,2.9199154E-11
0,233610,2.9177043E-11
0,233620,2.915495E-11
0,233630,2.9132873E-11
0,233640,2.9110814E-11
0,233650,2.908877E-11
0,233660,2.9066744E-11
0,233670,2.9044734E-11
0,233680,2.9022739E-11
0,233690,2.9000764E-11
0,233700,2.8978802E-11
0,233710,2.895686E-11
0,233720,2.8934933E-11
0,233730,2.8913021E-11
0,233740,2.8891129E-11
0,233750,2.886925E-11
0,233760,2.884739E-11
0,233770,2.8825546E-11
0,233780,2.880372E-11
0,233790,2.8781907E-11
0,233800,2.8760114E-11
0,233810,2.8738336E-11
0,233820,2.8716574E-11
0,233830,2.869483E-11
0,233840,2.86731E-11
0,233850,2.8651389E-11
0,233860,2.8629694E-11
0,233870,2.8608014E-11
0,233880,2.8586352E-11
0,233890,2.8564704E-11
0,233900,2.8543076E-11
0,233910,2.8521461E-11
0,233920,2.8499864E-11
0,233930,2.8478284E-11
0,233940,2.845672E-11
0,233950,2.8435171E-11
0,233960,2.841364E-11
0,233970,2.8392124E-11
0,233980,2.8370624E-11
0,233990,2.834914E-11
0,234000,2.8327674E-11
0,234010,2.8306224E-11
0,234020,2.828479E-11
0,234030,2.8263373E-11
0,234040,2.824197E-11
0,234050,2.8220584E-11
0,234060,2.8199216E-11
0,234070,2.8177861E-11
0,234080,2.8156524E-11
0,234090,2.8135204E-11
0,234100,2.8113898E-11
0,234110,2.809261E-11
0,234120,2.8071339E-11
0,234130,2.8050081E-11
0,234140,2.8028841E-11
0,234150,2.8007617E-11
0,234160,2.7986408E-11
0,234170,2.7965217E-11
0,234180,2.7944041E-11
0,234190,2.7922881E-11
0,234200,2.7901736E-11
0,234210,2.788061E-11
0,234220,2.7859498E-11
0,234230,2.7838402E-11
0,234240,2.7817321E-11
0,234250,2.7796257E-11
0,234260,2.777521E-11
0,234270,2.7754177E-11
0,234280,2.7733161E-11
0,234290,2.771216E-11
0,234300,2.7691176E-11
0,234310,2.7670208E-11
0,234320,2.7649254E-11
0,234330,2.7628318E-11
0,234340,2.7607397E-11
0,234350,2.7586492E-11
0,234360,2.7565603E-11
0,234370,2.754473E-11
0,234380,2.7523872E-11
0,234390,2.7503031E-11
0,234400,2.7482204E-11
0,234410,2.7461394E-11
0,234420,2.74406E-11
0,234430,2.7419822E-11
0,234440,2.7399059E-11
0,234450,2.7378311E-11
0,234460,2.735758E-11
0,234470,2.7336864E-11
0,234480,2.7316163E-11
0,234490,2.7295478E-11
0,234500,2.727481E-11
0,234510,2.7254157E-11
0,234520,2.723352E-11
0,234530,2.7212897E-11
0,234540,2.719229E-11
0,234550,2.71717E-11
0,234560,2.7151125E-11
0,234570,2.7130565E-11
0,234580,2.711002E-11
0,234590,2.7089492E-11
0,234600,2.7068979E-11
0,234610,2.7048483E-11
0,234620,2.7028001E-11
0,234630,2.7007535E-11
0,234640,2.6987083E-11
0,234650,2.6966648E-11
0,234660,2.6946228E-11
0,234670,2.6925824E-11
0,234680,2.6905434E-11
0,234690,2.6885062E-11
0,234700,2.6864703E-11
0,234710,2.684436E-11
0,234720,2.6824034E-11
0,234730,2.6803722E-11
0,234740,2.6783424E-11
0,234750,2.6763144E-11
0,234760,2.6742879E-11
0,234770,2.6722628E-11
0,234780,2.6702392E-11
0,234790,2.6682174E-11
0,234800,2.6661968E-11
0,234810,2.6641779E-11
0,234820,2.6621606E-11
0,234830,2.6601447E-11
0,234840,2.6581303E-11
0,234850,2.6561175E-11
0,234860,2.6541063E-11
0,234870,2.6520966E-11
0,234880,2.6500883E-11
0,234890,2.6480816E-11
0,234900,2.6460764E-11
0,234910,2.6440726E-11
0,234920,2.6420706E-11
0,234930,2.64007E-11
0,234940,2.6380707E-11
0,234950,2.6360731E-11
0,234960,2.634077E-11
0,234970,2.6320824E-11
0,234980,2.6300894E-11
0,234990,2.6280977E-11
0,235000,2.6261077E-11
0,235010,2.6241192E-11
0,235020,2.622132E-11
0,235030,2.6201465E-11
0,235040,2.6181625E-11
0,235050,2.61618E-11
0,235060,2.614199E-11
0,235070,2.6122193E-11
0,235080,2.6102414E-11
0,235090,2.6082648E-11
0,235100,2.6062897E-11
0,235110,2.6043162E-11
0,235120,2.6023442E-11
0,235130,2.6003736E-11
0,235140,2.5984045E-11
0,235150,2.596437E-11
0,235160,2.5944708E-11
0,235170,2.5925062E-11
0,235180,2.590543E-11
0,235190,2.5885814E-11
0,235200,2.5866214E-11
0,235210,2.5846627E-11
0,235220,2.5827056E-11
0,235230,2.5807498E-11
0,235240,2.5787957E-11
0,235250,2.5768429E-11
0,235260,2.5748917E-11
0,235270,2.5729419E-11
0,235280,2.5709936E-11
0,235290,2.5690467E-11
0,235300,2.5671014E-11
0,235310,2.5651575E-11
0,235320,2.5632151E-11
0,235330,2.5612741E-11
0,235340,2.5593347E-11
0,235350,2.5573967E-11
0,235360,2.5554602E-11
0,235370,2.5535251E-11
0,235380,2.5515916E-11
0,235390,2.5496594E-11
0,235400,2.5477287E-11
0,235410,2.5457995E-11
0,235420,2.5438717E-11
0,235430,2.5419455E-11
0,235440,2.5400206E-11
0,235450,2.5380973E-11
0,235460,2.5361753E-11
0,235470,2.534255E-11
0,235480,2.5323358E-11
0,235490,2.5304184E-11
0,235500,2.5285022E-11
0,235510,2.5265876E-11
0,235520,2.5246744E-11
0,235530,2.5227626E-11
0,235540,2.5208523E-11
0,235550,2.5189434E-11
0,235560,2.517036E-11
0,235570,2.5151301E-11
0,235580,2.5132256E-11
0,235590,2.5113224E-11
0,235600,2.5094208E-11
0,235610,2.5075206E-11
0,235620,2.505622E-11
0,235630,2.5037245E-11
0,235640,2.5018286E-11
0,235650,2.4999343E-11
0,235660,2.4980412E-11
0,235670,2.4961496E-11
0,235680,2.4942595E-11
0,235690,2.4923707E-11
0,235700,2.4904835E-11
0,235710,2.4885975E-11
0,235720,2.4867131E-11
0,235730,2.4848302E-11
0,235740,2.4829486E-11
0,235750,2.4810685E-11
0,235760,2.4791898E-11
0,235770,2.4773125E-11
0,235780,2.4754365E-11
0,235790,2.473562E-11
0,235800,2.471689E-11
0,235810,2.4698174E-11
0,235820,2.4679472E-11
0,235830,2.4660784E-11
0,235840,2.464211E-11
0,235850,2.462345E-11
0,235860,2.4604804E-11
0,235870,2.4586173E-11
0,235880,2.4567556E-11
0,235890,2.4548953E-11
0,235900,2.4530364E-11
0,235910,2.4511788E-11
0,235920,2.4493227E-11
0,235930,2.4474681E-11
0,235940,2.4456147E-11
0,235950,2.4437629E-11
0,235960,2.4419125E-11
0,235970,2.4400633E-11
0,235980,2.4382156E-11
0,235990,2.4363693E-11
0,236000,2.4345245E-11
0,236010,2.432681E-11
0,236020,2.4308389E-11
0,236030,2.4289981E-11
0,236040,2.4271588E-11
0,236050,2.425321E-11
0,236060,2.4234845E-11
0,236070,2.4216493E-11
0,236080,2.4198156E-11
0,236090,2.4179833E-11
0,236100,2.4161523E-11
0,236110,2.4143227E-11
0,236120,2.4124945E-11
0,236130,2.4106677E-11
0,236140,2.4088424E-11
0,236150,2.4070183E-11
0,236160,2.4051957E-11
0,236170,2.4033744E-11
0,236180,2.4015545E-11
0,236190,2.399736E-11
0,236200,2.3979188E-11
0,236210,2.396103E-11
0,236220,2.3942886E-11
0,236230,2.3924756E-11
0,236240,2.3906639E-11
0,236250,2.3888537E-11
0,236260,2.3870447E-11
0,236270,2.3852373E-11
0,236280,2.3834311E-11
0,236290,2.3816263E-11
0,236300,2.3798229E-11
0,236310,2.3780209E-11
0,236320,2.37622E-11
0,236330,2.3744208E-11
0,236340,2.3726228E-11
0,236350,2.3708261E-11
0,236360,2.3690308E-11
0,236370,2.367237E-11
0,236380,2.3654445E-11
0,236390,2.3636534E-11
0,236400,2.3618635E-11
0,236410,2.360075E-11
0,236420,2.3582879E-11
0,236430,2.3565021E-11
0,236440,2.3547178E-11
0,236450,2.3529347E-11
0,236460,2.351153E-11
0,236470,2.3493726E-11
0,236480,2.3475936E-11
0,236490,2.3458159E-11
0,236500,2.3440397E-11
0,236510,2.3422648E-11
0,236520,2.340491E-11
0,236530,2.3387188E-11
0,236540,2.3369478E-11
0,236550,2.3351782E-11
0,236560,2.33341E-11
0,236570,2.331643E-11
0,236580,2.3298774E-11
0,236590,2.3281132E-11
0,236600,2.3263504E-11
0,236610,2.3245888E-11
0,236620,2.3228286E-11
0,236630,2.3210696E-11
0,236640,2.319312E-11
0,236650,2.3175557E-11
0,236660,2.3158008E-11
0,236670,2.3140472E-11
0,236680,2.312295E-11
0,236690,2.3105441E-11
0,236700,2.3087945E-11
0,236710,2.3070462E-11
0,236720,2.3052992E-11
0,236730,2.3035535E-11
0,236740,2.3018093E-11
0,236750,2.3000664E-11
0,236760,2.2983246E-11
0,236770,2.2965843E-11
0,236780,2.2948452E-11
0,236790,2.2931075E-11
0,236800,2.291371E-11
0,236810,2.289636E-11
0,236820,2.2879023E-11
0,236830,2.2861699E-11
0,236840,2.2844386E-11
0,236850,2.2827087E-11
0,236860,2.2809803E-11
0,236870,2.279253E-11
0,236880,2.2775271E-11
0,236890,2.2758026E-11
0,236900,2.2740792E-11
0,236910,2.2723573E-11
0,236920,2.2706366E-11
0,236930,2.2689172E-11
0,236940,2.2671991E-11
0,236950,2.2654822E-11
0,236960,2.2637668E-11
0,236970,2.2620527E-11
0,236980,2.2603398E-11
0,236990,2.2586282E-11
0,237000,2.256918E-11
0,237010,2.2552089E-11
0,237020,2.2535012E-11
0,237030,2.2517948E-11
0,237040,2.2500897E-11
0,237050,2.2483859E-11
0,237060,2.2466832E-11
0,237070,2.244982E-11
0,237080,2.2432821E-11
0,237090,2.2415835E-11
0,237100,2.239886E-11
0,237110,2.2381898E-11
0,237120,2.2364952E-11
0,237130,2.2348016E-11
0,237140,2.2331094E-11
0,237150,2.2314183E-11
0,237160,2.2297287E-11
0,237170,2.2280403E-11
0,237180,2.2263531E-11
0,237190,2.2246673E-11
0,237200,2.2229827E-11
0,237210,2.2212994E-11
0,237220,2.2196174E-11
0,237230,2.2179366E-11
0,237240,2.2162572E-11
0,237250,2.2145789E-11
0,237260,2.2129019E-11
0,237270,2.2112263E-11
0,237280,2.209552E-11
0,237290,2.2078788E-11
0,237300,2.206207E-11
0,237310,2.2045364E-11
0,237320,2.202867E-11
0,237330,2.201199E-11
0,237340,2.199532E-11
0,237350,2.1978665E-11
0,237360,2.1962022E-11
0,237370,2.1945393E-11
0,237380,2.1928775E-11
0,237390,2.191217E-11
0,237400,2.1895577E-11
0,237410,2.1878997E-11
0,237420,2.186243E-11
0,237430,2.1845876E-11
0,237440,2.1829333E-11
0,237450,2.1812803E-11
0,237460,2.1796285E-11
0,237470,2.1779781E-11
0,237480,2.1763289E-11
0,237490,2.174681E-11
0,237500,2.1730341E-11
0,237510,2.1713888E-11
0,237520,2.1697444E-11
0,237530,2.1681015E-11
0,237540,2.1664597E-11
0,237550,2.1648192E-11
0,237560,2.16318E-11
0,237570,2.161542E-11
0,237580,2.1599052E-11
0,237590,2.1582697E-11
0,237600,2.1566355E-11
0,237610,2.1550024E-11
0,237620,2.1533705E-11
0,237630,2.1517399E-11
0,237640,2.1501105E-11
0,237650,2.1484824E-11
0,237660,2.1468556E-11
0,237670,2.1452298E-11
0,237680,2.1436054E-11
0,237690,2.1419823E-11
0,237700,2.1403603E-11
0,237710,2.1387395E-11
0,237720,2.13712E-11
0,237730,2.1355018E-11
0,237740,2.1338847E-11
0,237750,2.1322688E-11
0,237760,2.1306543E-11
0,237770,2.1290409E-11
0,237780,2.1274288E-11
0,237790,2.1258178E-11
0,237800,2.1242081E-11
0,237810,2.1225995E-11
0,237820,2.1209923E-11
0,237830,2.1193861E-11
0,237840,2.1177813E-11
0,237850,2.1161777E-11
0,237860,2.1145752E-11
0,237870,2.112974E-11
0,237880,2.1113741E-11
0,237890,2.1097752E-11
0,237900,2.1081777E-11
0,237910,2.1065812E-11
0,237920,2.1049862E-11
0,237930,2.1033921E-11
0,237940,2.1017995E-11
0,237950,2.1002079E-11
0,237960,2.0986176E-11
0,237970,2.0970285E-11
0,237980,2.0954405E-11
0,237990,2.0938537E-11
0,238000,2.0922682E-11
0,238010,2.0906839E-11
0,238020,2.0891008E-11
0,238030,2.0875189E-11
0,238040,2.0859382E-11
0,238050,2.0843587E-11
0,238060,2.0827803E-11
0,238070,2.0812033E-11
0,238080,2.0796273E-11
0,238090,2.0780525E-11
0,238100,2.076479E-11
0,238110,2.0749066E-11
0,238120,2.0733354E-11
0,238130,2.0717655E-11
0,238140,2.0701966E-11
0,238150,2.068629E-11
0,238160,2.0670627E-11
0,238170,2.0654974E-11
0,238180,2.0639334E-11
0,238190,2.0623704E-11
0,238200,2.0608088E-11
0,238210,2.0592483E-11
0,238220,2.057689E-11
0,238230,2.0561308E-11
0,238240,2.0545739E-11
0,238250,2.053018E-11
0,238260,2.0514635E-11
0,238270,2.04991E-11
0,238280,2.0483578E-11
0,238290,2.0468068E-11
0,238300,2.0452568E-11
0,238310,2.043708E-11
0,238320,2.0421605E-11
0,238330,2.0406142E-11
0,238340,2.039069E-11
0,238350,2.037525E-11
0,238360,2.0359821E-11
0,238370,2.0344403E-11
0,238380,2.0328999E-11
0,238390,2.0313605E-11
0,238400,2.0298223E-11
0,238410,2.0282852E-11
0,238420,2.0267494E-11
0,238430,2.0252147E-11
0,238440,2.023681E-11
0,238450,2.0221488E-11
0,238460,2.0206175E-11
0,238470,2.0190875E-11
0,238480,2.0175585E-11
0,238490,2.0160307E-11
0,238500,2.0145042E-11
0,238510,2.0129788E-11
0,238520,2.0114545E-11
0,238530,2.0099313E-11
0,238540,2.0084094E-11
0,238550,2.0068886E-11
0,238560,2.005369E-11
0,238570,2.0038504E-11
0,238580,2.002333E-11
0,238590,2.0008167E-11
0,238600,1.9993018E-11
0,238610,1.9977879E-11
0,238620,1.996275E-11
0,238630,1.9947634E-11
0,238640,1.993253E-11
0,238650,1.9917436E-11
0,238660,1.9902354E-11
0,238670,1.9887283E-11
0,238680,1.9872224E-11
0,238690,1.9857177E-11
0,238700,1.984214E-11
0,238710,1.9827114E-11
0,238720,1.9812102E-11
0,238730,1.9797098E-11
0,238740,1.9782108E-11
0,238750,1.9767129E-11
0,238760,1.975216E-11
0,238770,1.9737203E-11
0,238780,1.9722257E-11
0,238790,1.9707324E-11
0,238800,1.96924E-11
0,238810,1.9677489E-11
0,238820,1.966259E-11
0,238830,1.96477E-11
0,238840,1.9632821E-11
0,238850,1.9617955E-11
0,238860,1.96031E-11
0,238870,1.9588256E-11
0,238880,1.9573423E-11
0,238890,1.9558601E-11
0,238900,1.9543792E-11
0,238910,1.9528993E-11
0,238920,1.9514204E-11
0,238930,1.9499428E-11
0,238940,1.9484662E-11
0,238950,1.9469908E-11
0,238960,1.9455165E-11
0,238970,1.9440434E-11
0,238980,1.9425713E-11
0,238990,1.9411002E-11
0,239000,1.9396304E-11
0,239010,1.9381616E-11
0,239020,1.936694E-11
0,239030,1.9352275E-11
0,239040,1.9337622E-11
0,239050,1.9322979E-11
0,239060,1.9308347E-11
0,239070,1.9293726E-11
0,239080,1.9279116E-11
0,239090,1.9264517E-11
0,239100,1.924993E-11
0,239110,1.9235353E-11
0,239120,1.9220788E-11
0,239130,1.9206234E-11
0,239140,1.919169E-11
0,239150,1.9177156E-11
0,239160,1.9162635E-11
0,239170,1.9148126E-11
0,239180,1.9133625E-11
0,239190,1.9119137E-11
0,239200,1.9104659E-11
0,239210,1.9090193E-11
0,239220,1.9075738E-11
0,239230,1.9061292E-11
0,239240,1.904686E-11
0,239250,1.9032437E-11
0,239260,1.9018025E-11
0,239270,1.9003623E-11
0,239280,1.8989234E-11
0,239290,1.8974855E-11
0,239300,1.8960486E-11
0,239310,1.894613E-11
0,239320,1.8931781E-11
0,239330,1.8917446E-11
0,239340,1.8903122E-11
0,239350,1.8888807E-11
0,239360,1.8874504E-11
0,239370,1.8860212E-11
0,239380,1.8845932E-11
0,239390,1.883166E-11
0,239400,1.88174E-11
0,239410,1.8803152E-11
0,239420,1.8788913E-11
0,239430,1.8774685E-11
0,239440,1.8760469E-11
0,239450,1.8746263E-11
0,239460,1.8732068E-11
0,239470,1.8717883E-11
0,239480,1.870371E-11
0,239490,1.8689546E-11
0,239500,1.8675395E-11
0,239510,1.8661253E-11
0,239520,1.8647122E-11
0,239530,1.8633003E-11
0,239540,1.8618893E-11
0,239550,1.8604795E-11
0,239560,1.8590705E-11
0,239570,1.8576628E-11
0,239580,1.8562561E-11
0,239590,1.8548506E-11
0,239600,1.853446E-11
0,239610,1.8520427E-11
0,239620,1.8506401E-11
0,239630,1.8492388E-11
0,239640,1.8478385E-11
0,239650,1.8464393E-11
0,239660,1.8450411E-11
0,239670,1.843644E-11
0,239680,1.8422479E-11
0,239690,1.840853E-11
0,239700,1.839459E-11
0,239710,1.8380662E-11
0,239720,1.8366742E-11
0,239730,1.8352835E-11
0,239740,1.8338938E-11
0,239750,1.8325052E-11
0,239760,1.8311175E-11
0,239770,1.829731E-11
0,239780,1.8283455E-11
0,239790,1.826961E-11
0,239800,1.8255775E-11
0,239810,1.8241951E-11
0,239820,1.8228138E-11
0,239830,1.8214335E-11
0,239840,1.8200544E-11
0,239850,1.8186761E-11
0,239860,1.817299E-11
0,239870,1.8159228E-11
0,239880,1.8145478E-11
0,239890,1.8131737E-11
0,239900,1.8118007E-11
0,239910,1.8104287E-11
0,239920,1.809058E-11
0,239930,1.807688E-11
0,239940,1.8063192E-11
0,239950,1.8049513E-11
0,239960,1.8035847E-11
0,239970,1.802219E-11
0,239980,1.8008543E-11
0,239990,1.7994906E-11
0,240000,1.798128E-11
0,240010,1.7967664E-11
0,240020,1.7954058E-11
0,240030,1.7940463E-11
0,240040,1.7926879E-11
0,240050,1.7913303E-11
0,240060,1.7899739E-11
0,240070,1.7886184E-11
0,240080,1.787264E-11
0,240090,1.7859107E-11
0,240100,1.7845584E-11
0,240110,1.7832071E-11
0,240120,1.7818568E-11
0,240130,1.7805075E-11
0,240140,1.7791593E-11
0,240150,1.7778121E-11
0,240160,1.7764658E-11
0,240170,1.7751207E-11
0,240180,1.7737764E-11
0,240190,1.7724332E-11
0,240200,1.771091E-11
0,240210,1.76975E-11
0,240220,1.7684099E-11
0,240230,1.7670709E-11
0,240240,1.7657329E-11
0,240250,1.7643957E-11
0,240260,1.7630597E-11
0,240270,1.7617246E-11
0,240280,1.7603906E-11
0,240290,1.7590577E-11
0,240300,1.7577256E-11
0,240310,1.7563947E-11
0,240320,1.7550647E-11
0,240330,1.7537357E-11
0,240340,1.7524076E-11
0,240350,1.7510807E-11
0,240360,1.7497547E-11
0,240370,1.7484297E-11
0,240380,1.7471058E-11
0,240390,1.7457829E-11
0,240400,1.7444608E-11
0,240410,1.74314E-11
0,240420,1.74182E-11
0,240430,1.740501E-11
0,240440,1.7391831E-11
0,240450,1.7378661E-11
0,240460,1.7365501E-11
0,240470,1.7352352E-11
0,240480,1.7339212E-11
0,240490,1.7326083E-11
0,240500,1.7312964E-11
0,240510,1.7299853E-11
0,240520,1.7286754E-11
0,240530,1.7273663E-11
0,240540,1.7260584E-11
0,240550,1.7247512E-11
0,240560,1.7234453E-11
0,240570,1.7221403E-11
0,240580,1.7208361E-11
0,240590,1.7195332E-11
0,240600,1.7182311E-11
0,240610,1.7169299E-11
0,240620,1.7156299E-11
0,240630,1.7143308E-11
0,240640,1.7130327E-11
0,240650,1.7117354E-11
0,240660,1.7104393E-11
0,240670,1.7091441E-11
0,240680,1.7078498E-11
0,240690,1.7065566E-11
0,240700,1.7052644E-11
0,240710,1.703973E-11
0,240720,1.7026828E-11
0,240730,1.7013935E-11
0,240740,1.7001052E-11
0,240750,1.6988178E-11
0,240760,1.6975314E-11
0,240770,1.696246E-11
0,240780,1.6949615E-11
0,240790,1.693678E-11
0,240800,1.6923955E-11
0,240810,1.6911141E-11
0,240820,1.6898335E-11
0,240830,1.688554E-11
0,240840,1.6872753E-11
0,240850,1.6859977E-11
0,240860,1.684721E-11
0,240870,1.6834452E-11
0,240880,1.6821705E-11
0,240890,1.6808967E-11
0,240900,1.679624E-11
0,240910,1.678352E-11
0,240920,1.6770812E-11
0,240930,1.6758112E-11
0,240940,1.6745423E-11
0,240950,1.6732742E-11
0,240960,1.6720072E-11
0,240970,1.6707411E-11
0,240980,1.669476E-11
0,240990,1.6682117E-11
0,241000,1.6669485E-11
0,241010,1.6656863E-11
0,241020,1.664425E-11
0,241030,1.6631647E-11
0,241040,1.6619053E-11
0,241050,1.6606468E-11
0,241060,1.6593893E-11
0,241070,1.6581328E-11
0,241080,1.6568772E-11
0,241090,1.6556227E-11
0,241100,1.654369E-11
0,241110,1.6531162E-11
0,241120,1.6518644E-11
0,241130,1.6506137E-11
0,241140,1.6493636E-11
0,241150,1.6481148E-11
0,241160,1.6468668E-11
0,241170,1.6456198E-11
0,241180,1.6443735E-11
0,241190,1.6431285E-11
0,241200,1.6418842E-11
0,241210,1.640641E-11
0,241220,1.6393987E-11
0,241230,1.6381571E-11
0,241240,1.6369168E-11
0,241250,1.6356772E-11
0,241260,1.6344386E-11
0,241270,1.633201E-11
0,241280,1.6319644E-11
0,241290,1.6307285E-11
0,241300,1.6294938E-11
0,241310,1.6282599E-11
0,241320,1.6270268E-11
0,241330,1.6257948E-11
0,241340,1.6245637E-11
0,241350,1.6233336E-11
0,241360,1.6221044E-11
0,241370,1.620876E-11
0,241380,1.6196487E-11
0,241390,1.6184222E-11
0,241400,1.6171967E-11
0,241410,1.6159721E-11
0,241420,1.6147484E-11
0,241430,1.6135258E-11
0,241440,1.6123039E-11
0,241450,1.6110831E-11
0,241460,1.6098631E-11
0,241470,1.6086441E-11
0,241480,1.607426E-11
0,241490,1.6062087E-11
0,241500,1.6049925E-11
0,241510,1.6037772E-11
0,241520,1.6025627E-11
0,241530,1.6013493E-11
0,241540,1.6001367E-11
0,241550,1.598925E-11
0,241560,1.5977143E-11
0,241570,1.5965044E-11
0,241580,1.5952954E-11
0,241590,1.5940875E-11
0,241600,1.5928803E-11
0,241610,1.5916742E-11
0,241620,1.590469E-11
0,241630,1.5892647E-11
0,241640,1.5880613E-11
0,241650,1.5868588E-11
0,241660,1.5856571E-11
0,241670,1.5844564E-11
0,241680,1.5832566E-11
0,241690,1.5820577E-11
0,241700,1.5808597E-11
0,241710,1.5796626E-11
0,241720,1.5784665E-11
0,241730,1.5772713E-11
0,241740,1.576077E-11
0,241750,1.5748835E-11
0,241760,1.5736908E-11
0,241770,1.5724992E-11
0,241780,1.5713085E-11
0,241790,1.5701187E-11
0,241800,1.5689297E-11
0,241810,1.5677418E-11
0,241820,1.5665545E-11
0,241830,1.5653683E-11
0,241840,1.564183E-11
0,241850,1.5629985E-11
0,241860,1.5618151E-11
0,241870,1.5606324E-11
0,241880,1.5594507E-11
0,241890,1.5582698E-11
0,241900,1.5570899E-11
0,241910,1.5559108E-11
0,241920,1.5547326E-11
0,241930,1.5535552E-11
0,241940,1.5523789E-11
0,241950,1.5512034E-11
0,241960,1.5500287E-11
0,241970,1.548855E-11
0,241980,1.5476821E-11
0,241990,1.5465103E-11
0,242000,1.5453392E-11
0,242010,1.544169E-11
0,242020,1.5429998E-11
0,242030,1.5418314E-11
0,242040,1.5406638E-11
0,242050,1.5394972E-11
0,242060,1.5383314E-11
0,242070,1.5371666E-11
0,242080,1.5360026E-11
0,242090,1.5348394E-11
0,242100,1.5336774E-11
0,242110,1.532516E-11
0,242120,1.5313554E-11
0,242130,1.530196E-11
0,242140,1.5290371E-11
0,242150,1.5278794E-11
0,242160,1.5267223E-11
0,242170,1.5255663E-11
0,242180,1.5244112E-11
0,242190,1.5232569E-11
0,242200,1.5221033E-11
0,242210,1.5209507E-11
0,242220,1.519799E-11
0,242230,1.5186482E-11
0,242240,1.5174983E-11
0,242250,1.5163492E-11
0,242260,1.515201E-11
0,242270,1.5140536E-11
0,242280,1.5129072E-11
0,242290,1.5117615E-11
0,242300,1.5106168E-11
0,242310,1.509473E-11
0,242320,1.50833E-11
0,242330,1.5071878E-11
0,242340,1.5060465E-11
0,242350,1.5049061E-11
0,242360,1.5037666E-11
0,242370,1.5026277E-11
0,242380,1.5014899E-11
0,242390,1.500353E-11
0,242400,1.4992169E-11
0,242410,1.4980817E-11
0,242420,1.4969472E-11
0,242430,1.4958137E-11
0,242440,1.4946811E-11
0,242450,1.4935492E-11
0,242460,1.4924183E-11
0,242470,1.4912882E-11
0,242480,1.4901589E-11
0,242490,1.4890306E-11
0,242500,1.487903E-11
0,242510,1.4867763E-11
0,242520,1.4856505E-11
0,242530,1.4845255E-11
0,242540,1.4834014E-11
0,242550,1.4822782E-11
0,242560,1.4811556E-11
0,242570,1.4800342E-11
0,242580,1.4789135E-11
0,242590,1.4777936E-11
0,242600,1.4766745E-11
0,242610,1.4755563E-11
0,242620,1.474439E-11
0,242630,1.4733225E-11
0,242640,1.4722069E-11
0,242650,1.4710922E-11
0,242660,1.4699781E-11
0,242670,1.4688651E-11
0,242680,1.4677528E-11
0,242690,1.4666414E-11
0,242700,1.4655308E-11
0,242710,1.4644211E-11
0,242720,1.4633121E-11
0,242730,1.4622041E-11
0,242740,1.4610969E-11
0,242750,1.4599905E-11
0,242760,1.458885E-11
0,242770,1.4577803E-11
0,242780,1.4566764E-11
0,242790,1.4555733E-11
0,242800,1.4544712E-11
0,242810,1.4533698E-11
0,242820,1.4522692E-11
0,242830,1.4511696E-11
0,242840,1.4500707E-11
0,242850,1.4489726E-11
0,242860,1.4478755E-11
0,242870,1.4467791E-11
0,242880,1.4456836E-11
0,242890,1.4445888E-11
0,242900,1.443495E-11
0,242910,1.4424019E-11
0,242920,1.4413097E-11
0,242930,1.4402183E-11
0,242940,1.4391277E-11
0,242950,1.438038E-11
0,242960,1.4369491E-11
0,242970,1.435861E-11
0,242980,1.43477365E-11
0,242990,1.4336872E-11
0,243000,1.4326016E-11
0,243010,1.4315168E-11
0,243020,1.43043286E-11
0,243030,1.4293497E-11
0,243040,1.4282673E-11
0,243050,1.4271858E-11
0,243060,1.4261051E-11
0,243070,1.4250252E-11
0,243080,1.4239461E-11
0,243090,1.4228679E-11
0,243100,1.4217905E-11
0,243110,1.4207138E-11
0,243120,1.419638E-11
0,243130,1.418563E-11
0,243140,1.4174889E-11
0,243150,1.4164155E-11
0,243160,1.4153429E-11
0,243170,1.4142712E-11
0,243180,1.4132003E-11
0,243190,1.4121302E-11
0,243200,1.41106085E-11
0,243210,1.4099924E-11
0,243220,1.4089247E-11
0,243230,1.4078579E-11
0,243240,1.4067918E-11
0,243250,1.4057265E-11
0,243260,1.4046621E-11
0,243270,1.4035984E-11
0,243280,1.40253555E-11
0,243290,1.40147356E-11
0,243300,1.4004123E-11
0,243310,1.3993519E-11
0,243320,1.39829225E-11
0,243330,1.3972335E-11
0,243340,1.3961754E-11
0,243350,1.3951181E-11
0,243360,1.3940618E-11
0,243370,1.3930061E-11
0,243380,1.3919513E-11
0,243390,1.3908973E-11
0,243400,1.38984406E-11
0,243410,1.3887916E-11
0,243420,1.38774E-11
0,243430,1.3866892E-11
0,243440,1.3856392E-11
0,243450,1.3845899E-11
0,243460,1.3835415E-11
0,243470,1.3824938E-11
0,243480,1.38144695E-11
0,243490,1.3804008E-11
0,243500,1.3793556E-11
0,243510,1.3783111E-11
0,243520,1.3772674E-11
0,243530,1.3762245E-11
0,243540,1.3751824E-11
0,243550,1.3741411E-11
0,243560,1.3731005E-11
0,243570,1.3720608E-11
0,243580,1.3710218E-11
0,243590,1.3699836E-11
0,243600,1.3689463E-11
0,243610,1.3679097E-11
0,243620,1.3668738E-11
0,243630,1.3658388E-11
0,243640,1.3648045E-11
0,243650,1.3637711E-11
0,243660,1.3627384E-11
0,243670,1.3617065E-11
0,243680,1.3606754E-11
0,243690,1.359645E-11
0,243700,1.3586155E-11
0,243710,1.3575867E-11
0,243720,1.3565587E-11
0,243730,1.3555315E-11
0,243740,1.35450505E-11
0,243750,1.3534794E-11
0,243760,1.3524545E-11
0,243770,1.3514303E-11
0,243780,1.350407E-11
0,243790,1.3493845E-11
0,243800,1.34836265E-11
0,243810,1.3473417E-11
0,243820,1.3463214E-11
0,243830,1.3453019E-11
0,243840,1.3442833E-11
0,243850,1.3432653E-11
0,243860,1.3422482E-11
0,243870,1.3412318E-11
0,243880,1.3402161E-11
0,243890,1.3392013E-11
0,243900,1.3381872E-11
0,243910,1.33717395E-11
0,243920,1.3361614E-11
0,243930,1.3351496E-11
0,243940,1.3341386E-11
0,243950,1.3331283E-11
0,243960,1.3321189E-11
0,243970,1.3311101E-11
0,243980,1.3301022E-11
0,243990,1.329095E-11
0,244000,1.3280886E-11
0,244010,1.3270829E-11
0,244020,1.32607805E-11
0,244030,1.3250739E-11
0,244040,1.3240705E-11
0,244050,1.3230679E-11
0,244060,1.322066E-11
0,244070,1.3210649E-11
0,244080,1.32006454E-11
0,244090,1.319065E-11
0,244100,1.3180661E-11
0,244110,1.3170681E-11
0,244120,1.3160708E-11
0,244130,1.3150742E-11
0,244140,1.3140784E-11
0,244150,1.3130833E-11
0,244160,1.3120891E-11
0,244170,1.3110955E-11
0,244180,1.3101027E-11
0,244190,1.3091106E-11
0,244200,1.3081193E-11
0,244210,1.3071288E-11
0,244220,1.306139E-11
0,244230,1.30515E-11
0,244240,1.3041616E-11
0,244250,1.30317415E-11
0,244260,1.30218735E-11
0,244270,1.30120125E-11
0,244280,1.300216E-11
0,244290,1.2992314E-11
0,244300,1.2982476E-11
0,244310,1.29726455E-11
0,244320,1.2962822E-11
0,244330,1.2953007E-11
0,244340,1.2943198E-11
0,244350,1.2933397E-11
0,244360,1.2923603E-11
0,244370,1.2913818E-11
0,244380,1.2904039E-11
0,244390,1.2894267E-11
0,244400,1.2884503E-11
0,244410,1.2874747E-11
0,244420,1.2864998E-11
0,244430,1.2855256E-11
0,244440,1.28455215E-11
0,244450,1.2835795E-11
0,244460,1.2826075E-11
0,244470,1.2816363E-11
0,244480,1.28066585E-11
0,244490,1.27969605E-11
0,244500,1.278727E-11
0,244510,1.2777588E-11
0,244520,1.2767912E-11
0,244530,1.2758244E-11
0,244540,1.2748583E-11
0,244550,1.273893E-11
0,244560,1.2729283E-11
0,244570,1.2719644E-11
0,244580,1.2710013E-11
0,244590,1.27003885E-11
0,244600,1.2690771E-11
0,244610,1.2681162E-11
0,244620,1.2671559E-11
0,244630,1.26619635E-11
0,244640,1.2652376E-11
0,244650,1.2642795E-11
0,244660,1.2633222E-11
0,244670,1.2623656E-11
0,244680,1.2614096E-11
0,244690,1.2604544E-11
0,244700,1.2595E-11
0,244710,1.2585463E-11
0,244720,1.25759325E-11
0,244730,1.256641E-11
0,244740,1.2556894E-11
0,244750,1.2547386E-11
0,244760,1.2537885E-11
0,244770,1.2528391E-11
0,244780,1.25189034E-11
0,244790,1.2509424E-11
0,244800,1.2499952E-11
0,244810,1.2490486E-11
0,244820,1.2481028E-11
0,244830,1.2471578E-11
0,244840,1.2462134E-11
0,244850,1.2452697E-11
0,244860,1.2443267E-11
0,244870,1.2433845E-11
0,244880,1.24244295E-11
0,244890,1.2415021E-11
0,244900,1.2405621E-11
0,244910,1.2396226E-11
0,244920,1.238684E-11
0,244930,1.237746E-11
0,244940,1.23680875E-11
0,244950,1.23587226E-11
0,244960,1.2349364E-11
0,244970,1.2340013E-11
0,244980,1.2330669E-11
0,244990,1.23213315E-11
0,245000,1.2312001E-11
0,245010,1.2302679E-11
0,245020,1.22933625E-11
0,245030,1.2284054E-11
0,245040,1.22747515E-11
0,245050,1.2265457E-11
0,245060,1.2256169E-11
0,245070,1.2246888E-11
0,245080,1.2237615E-11
0,245090,1.22283485E-11
0,245100,1.2219089E-11
0,245110,1.22098364E-11
0,245120,1.220059E-11
0,245130,1.2191352E-11
0,245140,1.218212E-11
0,245150,1.21728955E-11
0,245160,1.2163678E-11
0,245170,1.21544675E-11
0,245180,1.2145264E-11
0,245190,1.2136067E-11
0,245200,1.2126877E-11
0,245210,1.2117694E-11
0,245220,1.2108518E-11
0,245230,1.2099349E-11
0,245240,1.2090187E-11
0,245250,1.2081032E-11
0,245260,1.2071884E-11
0,245270,1.2062743E-11
0,245280,1.2053609E-11
0,245290,1.2044482E-11
0,245300,1.2035361E-11
0,245310,1.2026248E-11
0,245320,1.2017142E-11
0,245330,1.2008042E-11
0,245340,1.1998949E-11
0,245350,1.1989863E-11
0,245360,1.19807836E-11
0,245370,1.1971712E-11
0,245380,1.1962646E-11
0,245390,1.1953588E-11
0,245400,1.19445365E-11
0,245410,1.1935492E-11
0,245420,1.1926454E-11
0,245430,1.1917423E-11
0,245440,1.1908399E-11
0,245450,1.1899382E-11
0,245460,1.1890371E-11
0,245470,1.1881367E-11
0,245480,1.187237E-11
0,245490,1.186338E-11
0,245500,1.1854397E-11
0,245510,1.18454205E-11
0,245520,1.1836451E-11
0,245530,1.1827488E-11
0,245540,1.1818531E-11
0,245550,1.1809583E-11
0,245560,1.180064E-11
0,245570,1.1791704E-11
0,245580,1.1782775E-11
0,245590,1.1773853E-11
0,245600,1.1764937E-11
0,245610,1.17560284E-11
0,245620,1.1747127E-11
0,245630,1.1738232E-11
0,245640,1.1729343E-11
0,245650,1.1720461E-11
0,245660,1.17115866E-11
0,245670,1.1702718E-11
0,245680,1.1693856E-11
0,245690,1.1685001E-11
0,245700,1.1676153E-11
0,245710,1.1667312E-11
0,245720,1.1658477E-11
0,245730,1.1649649E-11
0,245740,1.1640827E-11
0,245750,1.1632013E-11
0,245760,1.1623205E-11
0,245770,1.1614403E-11
0,245780,1.1605609E-11
0,245790,1.1596821E-11
0,245800,1.1588039E-11
0,245810,1.15792645E-11
0,245820,1.1570496E-11
0,245830,1.1561734E-11
0,245840,1.155298E-11
0,245850,1.1544232E-11
0,245860,1.153549E-11
0,245870,1.1526755E-11
0,245880,1.1518027E-11
0,245890,1.1509305E-11
0,245900,1.15005895E-11
0,245910,1.1491881E-11
0,245920,1.1483179E-11
0,245930,1.1474484E-11
0,245940,1.1465795E-11
0,245950,1.1457113E-11
0,245960,1.1448437E-11
0,245970,1.1439768E-11
0,245980,1.1431105E-11
0,245990,1.142245E-11
0,246000,1.14138005E-11
0,246010,1.1405157E-11
0,246020,1.1396521E-11
0,246030,1.13878915E-11
0,246040,1.1379268E-11
0,246050,1.1370652E-11
0,246060,1.13620415E-11
0,246070,1.1353438E-11
0,246080,1.1344841E-11
0,246090,1.133625E-11
0,246100,1.1327666E-11
0,246110,1.1319088E-11
0,246120,1.1310517E-11
0,246130,1.1301952E-11
0,246140,1.1293394E-11
0,246150,1.1284843E-11
0,246160,1.1276298E-11
0,246170,1.1267758E-11
0,246180,1.1259226E-11
0,246190,1.1250701E-11
0,246200,1.1242182E-11
0,246210,1.12336685E-11
0,246220,1.1225162E-11
0,246230,1.1216662E-11
0,246240,1.1208169E-11
0,246250,1.1199682E-11
0,246260,1.1191201E-11
0,246270,1.1182727E-11
0,246280,1.1174259E-11
0,246290,1.11657975E-11
0,246300,1.1157342E-11
0,246310,1.11488934E-11
0,246320,1.1140451E-11
0,246330,1.11320154E-11
0,246340,1.1123586E-11
0,246350,1.1115163E-11
0,246360,1.1106747E-11
0,246370,1.1098336E-11
0,246380,1.1089932E-11
0,246390,1.1081534E-11
0,246400,1.1073143E-11
0,246410,1.10647585E-11
0,246420,1.105638E-11
0,246430,1.1048007E-11
0,246440,1.1039641E-11
0,246450,1.1031282E-11
0,246460,1.1022929E-11
0,246470,1.10145825E-11
0,246480,1.1006242E-11
0,246490,1.09979074E-11
0,246500,1.098958E-11
0,246510,1.0981258E-11
0,246520,1.0972942E-11
0,246530,1.0964634E-11
0,246540,1.09563305E-11
0,246550,1.0948034E-11
0,246560,1.0939744E-11
0,246570,1.0931461E-11
0,246580,1.09231825E-11
0,246590,1.0914911E-11
0,246600,1.0906646E-11
0,246610,1.0898388E-11
0,246620,1.0890135E-11
0,246630,1.0881889E-11
0,246640,1.0873649E-11
0,246650,1.0865415E-11
0,246660,1.08571875E-11
0,246670,1.0848966E-11
0,246680,1.0840751E-11
0,246690,1.0832542E-11
0,246700,1.082434E-11
0,246710,1.0816143E-11
0,246720,1.0807953E-11
0,246730,1.0799768E-11
0,246740,1.0791591E-11
0,246750,1.0783419E-11
0,246760,1.0775253E-11
0,246770,1.0767094E-11
0,246780,1.0758941E-11
0,246790,1.0750794E-11
0,246800,1.0742653E-11
0,246810,1.0734518E-11
0,246820,1.072639E-11
0,246830,1.0718268E-11
0,246840,1.07101515E-11
0,246850,1.0702042E-11
0,246860,1.0693938E-11
0,246870,1.068584E-11
0,246880,1.0677749E-11
0,246890,1.0669663E-11
0,246900,1.0661584E-11
0,246910,1.065351E-11
0,246920,1.0645444E-11
0,246930,1.06373825E-11
0,246940,1.0629327E-11
0,246950,1.0621279E-11
0,246960,1.0613236E-11
0,246970,1.0605199E-11
0,246980,1.0597169E-11
0,246990,1.0589144E-11
0,247000,1.0581126E-11
0,247010,1.05731136E-11
0,247020,1.0565107E-11
0,247030,1.0557107E-11
0,247040,1.0549113E-11
0,247050,1.0541125E-11
0,247060,1.0533143E-11
0,247070,1.0525167E-11
0,247080,1.0517197E-11
0,247090,1.0509233E-11
0,247100,1.0501275E-11
0,247110,1.0493323E-11
0,247120,1.0485377E-11
0,247130,1.04774375E-11
0,247140,1.0469504E-11
0,247150,1.0461576E-11
0,247160,1.04536544E-11
0,247170,1.0445739E-11
0,247180,1.04378286E-11
0,247190,1.0429925E-11
0,247200,1.0422027E-11
0,247210,1.0414136E-11
0,247220,1.040625E-11
0,247230,1.039837E-11
0,247240,1.0390496E-11
0,247250,1.0382628E-11
0,247260,1.0374766E-11
0,247270,1.036691E-11
0,247280,1.035906E-11
0,247290,1.03512155E-11
0,247300,1.0343377E-11
0,247310,1.0335545E-11
0,247320,1.0327719E-11
0,247330,1.0319899E-11
0,247340,1.0312084E-11
0,247350,1.0304275E-11
0,247360,1.0296473E-11
0,247370,1.0288675E-11
0,247380,1.0280885E-11
0,247390,1.02731E-11
0,247400,1.0265321E-11
0,247410,1.0257547E-11
0,247420,1.024978E-11
0,247430,1.0242019E-11
0,247440,1.0234263E-11
0,247450,1.0226514E-11
0,247460,1.021877E-11
0,247470,1.0211032E-11
0,247480,1.02033E-11
0,247490,1.01955736E-11
0,247500,1.0187853E-11
0,247510,1.0180139E-11
0,247520,1.0172431E-11
0,247530,1.0164728E-11
0,247540,1.0157031E-11
0,247550,1.0149339E-11
0,247560,1.0141654E-11
0,247570,1.0133974E-11
0,247580,1.0126301E-11
0,247590,1.01186325E-11
0,247600,1.011097E-11
0,247610,1.0103314E-11
0,247620,1.0095664E-11
0,247630,1.0088019E-11
0,247640,1.008038E-11
0,247650,1.0072747E-11
0,247660,1.006512E-11
0,247670,1.0057498E-11
0,247680,1.0049882E-11
0,247690,1.0042273E-11
0,247700,1.0034668E-11
0,247710,1.00270695E-11
0,247720,1.0019477E-11
0,247730,1.001189E-11
0,247740,1.0004308E-11
0,247750,9.996733E-12
0,247760,9.989163E-12
0,247770,9.981599E-12
0,247780,9.974041E-12
0,247790,9.966489E-12
0,247800,9.958942E-12
0,247810,9.9514E-12
0,247820,9.943864E-12
0,247830,9.936335E-12
0,247840,9.928811E-12
0,247850,9.921292E-12
0,247860,9.91378E-12
0,247870,9.906273E-12
0,247880,9.898772E-12
0,247890,9.891276E-12
0,247900,9.883786E-12
0,247910,9.876302E-12
0,247920,9.868823E-12
0,247930,9.8613505E-12
0,247940,9.853883E-12
0,247950,9.846421E-12
0,247960,9.838966E-12
0,247970,9.831515E-12
0,247980,9.82407E-12
0,247990,9.816631E-12
0,248000,9.809198E-12
0,248010,9.80177E-12
0,248020,9.794348E-12
0,248030,9.786932E-12
0,248040,9.77952E-12
0,248050,9.772115E-12
0,248060,9.764715E-12
0,248070,9.757322E-12
0,248080,9.749933E-12
0,248090,9.74255E-12
0,248100,9.735173E-12
0,248110,9.727801E-12
0,248120,9.7204345E-12
0,248130,9.713074E-12
0,248140,9.705719E-12
0,248150,9.69837E-12
0,248160,9.691026E-12
0,248170,9.683688E-12
0,248180,9.676355E-12
0,248190,9.669028E-12
0,248200,9.661706E-12
0,248210,9.65439E-12
0,248220,9.647079E-12
0,248230,9.639774E-12
0,248240,9.6324745E-12
0,248250,9.625181E-12
0,248260,9.617892E-12
0,248270,9.610609E-12
0,248280,9.603332E-12
0,248290,9.59606E-12
0,248300,9.588794E-12
0,248310,9.581533E-12
0,248320,9.574277E-12
0,248330,9.567028E-12
0,248340,9.5597835E-12
0,248350,9.5525445E-12
0,248360,9.545311E-12
0,248370,9.538083E-12
0,248380,9.5308605E-12
0,248390,9.523643E-12
0,248400,9.516432E-12
0,248410,9.509226E-12
0,248420,9.502025E-12
0,248430,9.49483E-12
0,248440,9.48764E-12
0,248450,9.4804555E-12
0,248460,9.473277E-12
0,248470,9.466103E-12
0,248480,9.458935E-12
0,248490,9.451773E-12
0,248500,9.444616E-12
0,248510,9.437464E-12
0,248520,9.430318E-12
0,248530,9.423177E-12
0,248540,9.416042E-12
0,248550,9.408911E-12
0,248560,9.401787E-12
0,248570,9.394667E-12
0,248580,9.387553E-12
0,248590,9.380445E-12
0,248600,9.373342E-12
0,248610,9.366244E-12
0,248620,9.3591515E-12
0,248630,9.352065E-12
0,248640,9.344983E-12
0,248650,9.337907E-12
0,248660,9.3308365E-12
0,248670,9.32377E-12
0,248680,9.316711E-12
0,248690,9.3096555E-12
0,248700,9.3026056E-12
0,248710,9.295562E-12
0,248720,9.288523E-12
0,248730,9.28149E-12
0,248740,9.274461E-12
0,248750,9.267438E-12
0,248760,9.2604206E-12
0,248770,9.253409E-12
0,248780,9.246401E-12
0,248790,9.2394E-12
0,248800,9.232404E-12
0,248810,9.225413E-12
0,248820,9.218427E-12
0,248830,9.211447E-12
0,248840,9.204471E-12
0,248850,9.197501E-12
0,248860,9.190537E-12
0,248870,9.1835775E-12
0,248880,9.176624E-12
0,248890,9.169675E-12
0,248900,9.162731E-12
0,248910,9.155793E-12
0,248920,9.14886E-12
0,248930,9.141932E-12
0,248940,9.13501E-12
0,248950,9.128092E-12
0,248960,9.12118E-12
0,248970,9.114274E-12
0,248980,9.107372E-12
0,248990,9.100476E-12
0,249000,9.093584E-12
0,249010,9.086698E-12
0,249020,9.079818E-12
0,249030,9.072942E-12
0,249040,9.0660725E-12
0,249050,9.059207E-12
0,249060,9.052347E-12
0,249070,9.045493E-12
0,249080,9.038643E-12
0,249090,9.031799E-12
0,249100,9.02496E-12
0,249110,9.018126E-12
0,249120,9.011297E-12
0,249130,9.004473E-12
0,249140,8.997655E-12
0,249150,8.990842E-12
0,249160,8.984033E-12
0,249170,8.97723E-12
0,249180,8.970433E-12
0,249190,8.96364E-12
0,249200,8.956853E-12
0,249210,8.95007E-12
0,249220,8.943293E-12
0,249230,8.936521E-12
0,249240,8.929754E-12
0,249250,8.922992E-12
0,249260,8.916236E-12
0,249270,8.909483E-12
0,249280,8.902737E-12
0,249290,8.895996E-12
0,249300,8.88926E-12
0,249310,8.882528E-12
0,249320,8.875802E-12
0,249330,8.869082E-12
0,249340,8.862366E-12
0,249350,8.855655E-12
0,249360,8.8489485E-12
0,249370,8.842248E-12
0,249380,8.835553E-12
0,249390,8.828862E-12
0,249400,8.8221765E-12
0,249410,8.815496E-12
0,249420,8.808821E-12
0,249430,8.802151E-12
0,249440,8.795485E-12
0,249450,8.788826E-12
0,249460,8.78217E-12
0,249470,8.77552E-12
0,249480,8.768875E-12
0,249490,8.762235E-12
0,249500,8.7556E-12
0,249510,8.74897E-12
0,249520,8.742345E-12
0,249530,8.735725E-12
0,249540,8.72911E-12
0,249550,8.7225E-12
0,249560,8.715895E-12
0,249570,8.7092954E-12
0,249580,8.702701E-12
0,249590,8.696111E-12
0,249600,8.689526E-12
0,249610,8.682946E-12
0,249620,8.676371E-12
0,249630,8.669801E-12
0,249640,8.663236E-12
0,249650,8.656676E-12
0,249660,8.6501206E-12
0,249670,8.64357E-12
0,249680,8.637025E-12
0,249690,8.630485E-12
0,249700,8.6239505E-12
0,249710,8.61742E-12
0,249720,8.610894E-12
0,249730,8.604374E-12
0,249740,8.5978585E-12
0,249750,8.591348E-12
0,249760,8.584843E-12
0,249770,8.578342E-12
0,249780,8.571846E-12
0,249790,8.565355E-12
0,249800,8.55887E-12
0,249810,8.552388E-12
0,249820,8.545912E-12
0,249830,8.539441E-12
0,249840,8.532975E-12
0,249850,8.526514E-12
0,249860,8.520057E-12
0,249870,8.513606E-12
0,249880,8.5071585E-12
0,249890,8.500717E-12
0,249900,8.49428E-12
0,249910,8.487848E-12
0,249920,8.48142E-12
0,249930,8.474998E-12
0,249940,8.468581E-12
0,249950,8.462168E-12
0,249960,8.45576E-12
0,249970,8.4493575E-12
0,249980,8.442959E-12
0,249990,8.436566E-12
0,250000,8.4301776E-12
0,250010,8.423794E-12
0,250020,8.417415E-12
0,250030,8.411041E-12
0,250040,8.404672E-12
0,250050,8.398308E-12
0,250060,8.391949E-12
0,250070,8.385594E-12
0,250080,8.379244E-12
0,250090,8.3729E-12
0,250100,8.366559E-12
0,250110,8.360224E-12
0,250120,8.353893E-12
0,250130,8.347567E-12
0,250140,8.341246E-12
0,250150,8.33493E-12
0,250160,8.328619E-12
0,250170,8.322312E-12
0,250180,8.31601E-12
0,250190,8.309713E-12
0,250200,8.3034205E-12
0,250210,8.297133E-12
0,250220,8.290851E-12
0,250230,8.284572E-12
0,250240,8.278299E-12
0,250250,8.272031E-12
0,250260,8.2657665E-12
0,250270,8.259508E-12
0,250280,8.253253E-12
0,250290,8.247004E-12
0,250300,8.240759E-12
0,250310,8.234519E-12
0,250320,8.2282835E-12
0,250330,8.222052E-12
0,250340,8.2158265E-12
0,250350,8.209606E-12
0,250360,8.2033885E-12
0,250370,8.197177E-12
0,250380,8.19097E-12
0,250390,8.184767E-12
0,250400,8.17857E-12
0,250410,8.172377E-12
0,250420,8.166188E-12
0,250430,8.160005E-12
0,250440,8.153826E-12
0,250450,8.147652E-12
0,250460,8.141482E-12
0,250470,8.135317E-12
0,250480,8.129157E-12
0,250490,8.123001E-12
0,250500,8.11685E-12
0,250510,8.110704E-12
0,250520,8.104562E-12
0,250530,8.098426E-12
0,250540,8.0922925E-12
0,250550,8.086165E-12
0,250560,8.080042E-12
0,250570,8.0739235E-12
0,250580,8.0678094E-12
0,250590,8.061701E-12
0,250600,8.055596E-12
0,250610,8.049496E-12
0,250620,8.043401E-12
0,250630,8.03731E-12
0,250640,8.031224E-12
0,250650,8.025143E-12
0,250660,8.019066E-12
0,250670,8.012994E-12
0,250680,8.006926E-12
0,250690,8.000863E-12
0,250700,7.9948045E-12
0,250710,7.98875E-12
0,250720,7.982701E-12
0,250730,7.976657E-12
0,250740,7.970616E-12
0,250750,7.964581E-12
0,250760,7.95855E-12
0,250770,7.952523E-12
0,250780,7.946502E-12
0,250790,7.940484E-12
0,250800,7.934472E-12
0,250810,7.9284634E-12
0,250820,7.9224596E-12
0,250830,7.916461E-12
0,250840,7.910466E-12
0,250850,7.904476E-12
0,250860,7.898491E-12
0,250870,7.8925096E-12
0,250880,7.8865334E-12
0,250890,7.880562E-12
0,250900,7.874594E-12
0,250910,7.868631E-12
0,250920,7.862673E-12
0,250930,7.856719E-12
0,250940,7.8507695E-12
0,250950,7.844825E-12
0,250960,7.838885E-12
0,250970,7.832949E-12
0,250980,7.827018E-12
0,250990,7.82109E-12
0,251000,7.815169E-12
0,251010,7.809251E-12
0,251020,7.803337E-12
0,251030,7.7974285E-12
0,251040,7.7915235E-12
0,251050,7.785624E-12
0,251060,7.779728E-12
0,251070,7.773837E-12
0,251080,7.76795E-12
0,251090,7.762069E-12
0,251100,7.756191E-12
0,251110,7.750318E-12
0,251120,7.744449E-12
0,251130,7.738585E-12
0,251140,7.732725E-12
0,251150,7.7268695E-12
0,251160,7.721018E-12
0,251170,7.715172E-12
0,251180,7.70933E-12
0,251190,7.703492E-12
0,251200,7.6976585E-12
0,251210,7.69183E-12
0,251220,7.6860055E-12
0,251230,7.6801855E-12
0,251240,7.67437E-12
0,251250,7.6685585E-12
0,251260,7.6627515E-12
0,251270,7.656949E-12
0,251280,7.651151E-12
0,251290,7.6453574E-12
0,251300,7.639569E-12
0,251310,7.633783E-12
0,251320,7.628003E-12
0,251330,7.622227E-12
0,251340,7.616455E-12
0,251350,7.610687E-12
0,251360,7.6049245E-12
0,251370,7.599166E-12
0,251380,7.593412E-12
0,251390,7.587661E-12
0,251400,7.581916E-12
0,251410,7.576175E-12
0,251420,7.570438E-12
0,251430,7.564706E-12
0,251440,7.558977E-12
0,251450,7.553253E-12
0,251460,7.547534E-12
0,251470,7.541819E-12
0,251480,7.536108E-12
0,251490,7.530402E-12
0,251500,7.524699E-12
0,251510,7.519001E-12
0,251520,7.513308E-12
0,251530,7.507619E-12
0,251540,7.501933E-12
0,251550,7.496253E-12
0,251560,7.490577E-12
0,251570,7.484904E-12
0,251580,7.479237E-12
0,251590,7.473573E-12
0,251600,7.4679134E-12
0,251610,7.462259E-12
0,251620,7.456608E-12
0,251630,7.450962E-12
0,251640,7.4453195E-12
0,251650,7.439682E-12
0,251660,7.434048E-12
0,251670,7.428419E-12
0,251680,7.422794E-12
0,251690,7.417174E-12
0,251700,7.4115575E-12
0,251710,7.405945E-12
0,251720,7.400337E-12
0,251730,7.394733E-12
0,251740,7.389134E-12
0,251750,7.383538E-12
0,251760,7.377947E-12
0,251770,7.3723605E-12
0,251780,7.366778E-12
0,251790,7.3612E-12
0,251800,7.355626E-12
0,251810,7.3500555E-12
0,251820,7.3444905E-12
0,251830,7.338929E-12
0,251840,7.333372E-12
0,251850,7.327818E-12
0,251860,7.3222695E-12
0,251870,7.316725E-12
0,251880,7.311185E-12
0,251890,7.305648E-12
0,251900,7.300116E-12
0,251910,7.2945885E-12
0,251920,7.289065E-12
0,251930,7.283545E-12
0,251940,7.27803E-12
0,251950,7.272519E-12
0,251960,7.267012E-12
0,251970,7.261509E-12
0,251980,7.2560105E-12
0,251990,7.250516E-12
0,252000,7.2450258E-12
0,252010,7.2395397E-12
0,252020,7.234058E-12
0,252030,7.22858E-12
0,252040,7.2231062E-12
0,252050,7.2176366E-12
0,252060,7.2121714E-12
0,252070,7.20671E-12
0,252080,7.201253E-12
0,252090,7.1958E-12
0,252100,7.190351E-12
0,252110,7.1849063E-12
0,252120,7.179466E-12
0,252130,7.1740296E-12
0,252140,7.168597E-12
0,252150,7.163169E-12
0,252160,7.1577444E-12
0,252170,7.1523247E-12
0,252180,7.1469085E-12
0,252190,7.141497E-12
0,252200,7.136089E-12
0,252210,7.1306854E-12
0,252220,7.125286E-12
0,252230,7.1198906E-12
0,252240,7.114499E-12
0,252250,7.109112E-12
0,252260,7.1037286E-12
0,252270,7.0983497E-12
0,252280,7.0929746E-12
0,252290,7.0876035E-12
0,252300,7.0822367E-12
0,252310,7.076874E-12
0,252320,7.071515E-12
0,252330,7.06616E-12
0,252340,7.0608094E-12
0,252350,7.055463E-12
0,252360,7.05012E-12
0,252370,7.044782E-12
0,252380,7.039447E-12
0,252390,7.0341168E-12
0,252400,7.0287903E-12
0,252410,7.0234677E-12
0,252420,7.0181495E-12
0,252430,7.012835E-12
0,252440,7.0075248E-12
0,252450,7.0022187E-12
0,252460,6.9969165E-12
0,252470,6.9916182E-12
0,252480,6.986324E-12
0,252490,6.981034E-12
0,252500,6.9757472E-12
0,252510,6.9704654E-12
0,252520,6.965187E-12
0,252530,6.9599127E-12
0,252540,6.9546426E-12
0,252550,6.9493764E-12
0,252560,6.944114E-12
0,252570,6.9388557E-12
0,252580,6.9336017E-12
0,252590,6.928351E-12
0,252600,6.923105E-12
0,252610,6.9178626E-12
0,252620,6.912624E-12
0,252630,6.9073896E-12
0,252640,6.9021594E-12
0,252650,6.8969327E-12
0,252660,6.8917103E-12
0,252670,6.886492E-12
0,252680,6.881277E-12
0,252690,6.876066E-12
0,252700,6.8708594E-12
0,252710,6.865657E-12
0,252720,6.860458E-12
0,252730,6.855263E-12
0,252740,6.850072E-12
0,252750,6.844885E-12
0,252760,6.839702E-12
0,252770,6.8345225E-12
0,252780,6.8293474E-12
0,252790,6.8241758E-12
0,252800,6.8190085E-12
0,252810,6.813845E-12
0,252820,6.8086856E-12
0,252830,6.8035295E-12
0,252840,6.798378E-12
0,252850,6.79323E-12
0,252860,6.7880857E-12
0,252870,6.7829457E-12
0,252880,6.7778097E-12
0,252890,6.772677E-12
0,252900,6.7675488E-12
0,252910,6.7624244E-12
0,252920,6.7573035E-12
0,252930,6.752187E-12
0,252940,6.747074E-12
0,252950,6.7419646E-12
0,252960,6.7368593E-12
0,252970,6.7317584E-12
0,252980,6.726661E-12
0,252990,6.7215673E-12
0,253000,6.716477E-12
0,253010,6.7113914E-12
0,253020,6.7063096E-12
0,253030,6.701231E-12
0,253040,6.696157E-12
0,253050,6.6910865E-12
0,253060,6.68602E-12
0,253070,6.680957E-12
0,253080,6.6758977E-12
0,253090,6.6708427E-12
0,253100,6.665791E-12
0,253110,6.660744E-12
0,253120,6.6557003E-12
0,253130,6.6506605E-12
0,253140,6.645624E-12
0,253150,6.640592E-12
0,253160,6.6355636E-12
0,253170,6.630539E-12
0,253180,6.6255183E-12
0,253190,6.620501E-12
0,253200,6.6154877E-12
0,253210,6.6104787E-12
0,253220,6.6054727E-12
0,253230,6.600471E-12
0,253240,6.595473E-12
0,253250,6.5904786E-12
0,253260,6.5854882E-12
0,253270,6.5805013E-12
0,253280,6.5755183E-12
0,253290,6.5705393E-12
0,253300,6.565564E-12
0,253310,6.5605923E-12
0,253320,6.5556245E-12
0,253330,6.5506606E-12
0,253340,6.5457E-12
0,253350,6.5407436E-12
0,253360,6.5357906E-12
0,253370,6.5308414E-12
0,253380,6.525896E-12
0,253390,6.5209548E-12
0,253400,6.516017E-12
0,253410,6.511083E-12
0,253420,6.5061524E-12
0,253430,6.5012258E-12
0,253440,6.496303E-12
0,253450,6.491384E-12
0,253460,6.486468E-12
0,253470,6.4815566E-12
0,253480,6.4766486E-12
0,253490,6.471744E-12
0,253500,6.4668436E-12
0,253510,6.461947E-12
0,253520,6.4570536E-12
0,253530,6.4521643E-12
0,253540,6.4472785E-12
0,253550,6.4423965E-12
0,253560,6.437518E-12
0,253570,6.4326435E-12
0,253580,6.4277724E-12
0,253590,6.422905E-12
0,253600,6.4180414E-12
0,253610,6.4131816E-12
0,253620,6.4083253E-12
0,253630,6.403473E-12
0,253640,6.398624E-12
0,253650,6.3937787E-12
0,253660,6.388937E-12
0,253670,6.3840994E-12
0,253680,6.379265E-12
0,253690,6.3744344E-12
0,253700,6.3696075E-12
0,253710,6.3647846E-12
0,253720,6.359965E-12
0,253730,6.355149E-12
0,253740,6.3503365E-12
0,253750,6.345528E-12
0,253760,6.340723E-12
0,253770,6.335922E-12
0,253780,6.331124E-12
0,253790,6.3263297E-12
0,253800,6.321539E-12
0,253810,6.3167527E-12
0,253820,6.311969E-12
0,253830,6.3071896E-12
0,253840,6.302414E-12
0,253850,6.2976412E-12
0,253860,6.2928725E-12
0,253870,6.2881076E-12
0,253880,6.283346E-12
0,253890,6.278588E-12
0,253900,6.273834E-12
0,253910,6.269083E-12
0,253920,6.264336E-12
0,253930,6.2595922E-12
0,253940,6.2548525E-12
0,253950,6.2501163E-12
0,253960,6.2453836E-12
0,253970,6.2406543E-12
0,253980,6.2359284E-12
0,253990,6.2312065E-12
0,254000,6.226488E-12
0,254010,6.221773E-12
0,254020,6.217062E-12
0,254030,6.2123544E-12
0,254040,6.2076503E-12
0,254050,6.2029496E-12
0,254060,6.1982524E-12
0,254070,6.193559E-12
0,254080,6.1888693E-12
0,254090,6.1841825E-12
0,254100,6.1795E-12
0,254110,6.1748206E-12
0,254120,6.1701447E-12
0,254130,6.1654726E-12
0,254140,6.160804E-12
0,254150,6.156139E-12
0,254160,6.1514773E-12
0,254170,6.146819E-12
0,254180,6.142165E-12
0,254190,6.1375137E-12
0,254200,6.1328664E-12
0,254210,6.128222E-12
0,254220,6.1235817E-12
0,254230,6.1189448E-12
0,254240,6.1143113E-12
0,254250,6.1096813E-12
0,254260,6.1050553E-12
0,254270,6.1004322E-12
0,254280,6.0958127E-12
0,254290,6.091197E-12
0,254300,6.0865844E-12
0,254310,6.0819756E-12
0,254320,6.07737E-12
0,254330,6.072768E-12
0,254340,6.06817E-12
0,254350,6.0635746E-12
0,254360,6.058983E-12
0,254370,6.0543953E-12
0,254380,6.049811E-12
0,254390,6.0452294E-12
0,254400,6.040652E-12
0,254410,6.036078E-12
0,254420,6.0315073E-12
0,254430,6.02694E-12
0,254440,6.022376E-12
0,254450,6.017816E-12
0,254460,6.013259E-12
0,254470,6.0087057E-12
0,254480,6.0041555E-12
0,254490,5.9996092E-12
0,254500,5.995066E-12
0,254510,5.9905267E-12
0,254520,5.9859903E-12
0,254530,5.9814575E-12
0,254540,5.976928E-12
0,254550,5.9724023E-12
0,254560,5.96788E-12
0,254570,5.963361E-12
0,254580,5.9588454E-12
0,254590,5.954333E-12
0,254600,5.9498244E-12
0,254610,5.945319E-12
0,254620,5.940817E-12
0,254630,5.9363183E-12
0,254640,5.931823E-12
0,254650,5.9273315E-12
0,254660,5.922843E-12
0,254670,5.9183583E-12
0,254680,5.9138766E-12
0,254690,5.9093984E-12
0,254700,5.9049237E-12
0,254710,5.9004524E-12
0,254720,5.8959842E-12
0,254730,5.89152E-12
0,254740,5.8870586E-12
0,254750,5.882601E-12
0,254760,5.8781465E-12
0,254770,5.873695E-12
0,254780,5.8692474E-12
0,254790,5.864803E-12
0,254800,5.860362E-12
0,254810,5.8559247E-12
0,254820,5.8514903E-12
0,254830,5.8470594E-12
0,254840,5.842632E-12
0,254850,5.8382075E-12
0,254860,5.833787E-12
0,254870,5.829369E-12
0,254880,5.824955E-12
0,254890,5.820544E-12
0,254900,5.816137E-12
0,254910,5.8117326E-12
0,254920,5.807332E-12
0,254930,5.8029345E-12
0,254940,5.7985405E-12
0,254950,5.7941494E-12
0,254960,5.789762E-12
0,254970,5.785378E-12
0,254980,5.780997E-12
0,254990,5.7766196E-12
0,255000,5.7722455E-12
0,255010,5.7678745E-12
0,255020,5.763507E-12
0,255030,5.7591427E-12
0,255040,5.7547816E-12
0,255050,5.750424E-12
0,255060,5.7460694E-12
0,255070,5.7417183E-12
0,255080,5.7373706E-12
0,255090,5.733026E-12
0,255100,5.728685E-12
0,255110,5.724347E-12
0,255120,5.7200126E-12
0,255130,5.715681E-12
0,255140,5.711353E-12
0,255150,5.707028E-12
0,255160,5.7027065E-12
0,255170,5.6983884E-12
0,255180,5.6940737E-12
0,255190,5.689762E-12
0,255200,5.6854534E-12
0,255210,5.6811483E-12
0,255220,5.676846E-12
0,255230,5.6725475E-12
0,255240,5.6682523E-12
0,255250,5.66396E-12
0,255260,5.659671E-12
0,255270,5.6553854E-12
0,255280,5.6511033E-12
0,255290,5.646824E-12
0,255300,5.642548E-12
0,255310,5.6382754E-12
0,255320,5.634006E-12
0,255330,5.6297397E-12
0,255340,5.6254766E-12
0,255350,5.621217E-12
0,255360,5.6169605E-12
0,255370,5.612707E-12
0,255380,5.608457E-12
0,255390,5.6042102E-12
0,255400,5.5999662E-12
0,255410,5.595726E-12
0,255420,5.5914886E-12
0,255430,5.5872546E-12
0,255440,5.583024E-12
0,255450,5.578796E-12
0,255460,5.574572E-12
0,255470,5.5703506E-12
0,255480,5.5661326E-12
0,255490,5.5619177E-12
0,255500,5.557706E-12
0,255510,5.5534978E-12
0,255520,5.5492924E-12
0,255530,5.5450904E-12
0,255540,5.5408915E-12
0,255550,5.5366957E-12
0,255560,5.5325033E-12
0,255570,5.528314E-12
0,255580,5.5241276E-12
0,255590,5.5199447E-12
0,255600,5.515765E-12
0,255610,5.511588E-12
0,255620,5.507415E-12
0,255630,5.503244E-12
0,255640,5.4990773E-12
0,255650,5.494913E-12
0,255660,5.4907524E-12
0,255670,5.4865943E-12
0,255680,5.48244E-12
0,255690,5.4782884E-12
0,255700,5.4741402E-12
0,255710,5.469995E-12
0,255720,5.465853E-12
0,255730,5.461714E-12
0,255740,5.4575784E-12
0,255750,5.453446E-12
0,255760,5.4493163E-12
0,255770,5.44519E-12
0,255780,5.4410664E-12
0,255790,5.4369465E-12
0,255800,5.4328295E-12
0,255810,5.4287156E-12
0,255820,5.4246048E-12
0,255830,5.420497E-12
0,255840,5.4163926E-12
0,255850,5.4122913E-12
0,255860,5.408193E-12
0,255870,5.4040977E-12
0,255880,5.4000055E-12
0,255890,5.3959164E-12
0,255900,5.3918306E-12
0,255910,5.3877475E-12
0,255920,5.383668E-12
0,255930,5.3795913E-12
0,255940,5.3755177E-12
0,255950,5.371447E-12
0,255960,5.3673797E-12
0,255970,5.3633157E-12
0,255980,5.3592543E-12
0,255990,5.355196E-12
0,256000,5.351141E-12
0,256010,5.347089E-12
0,256020,5.34304E-12
0,256030,5.338994E-12
0,256040,5.3349512E-12
0,256050,5.3309115E-12
0,256060,5.326875E-12
0,256070,5.322841E-12
0,256080,5.3188105E-12
0,256090,5.314783E-12
0,256100,5.3107583E-12
0,256110,5.3067373E-12
0,256120,5.3027188E-12
0,256130,5.2987033E-12
0,256140,5.294691E-12
0,256150,5.2906815E-12
0,256160,5.2866756E-12
0,256170,5.2826723E-12
0,256180,5.278672E-12
0,256190,5.274675E-12
0,256200,5.2706806E-12
0,256210,5.26669E-12
0,256220,5.2627017E-12
0,256230,5.2587166E-12
0,256240,5.2547346E-12
0,256250,5.2507556E-12
0,256260,5.2467796E-12
0,256270,5.2428066E-12
0,256280,5.2388363E-12
0,256290,5.2348694E-12
0,256300,5.2309056E-12
0,256310,5.2269447E-12
0,256320,5.2229865E-12
0,256330,5.2190314E-12
0,256340,5.2150797E-12
0,256350,5.2111306E-12
0,256360,5.2071845E-12
0,256370,5.2032415E-12
0,256380,5.1993015E-12
0,256390,5.1953645E-12
0,256400,5.1914306E-12
0,256410,5.1874993E-12
0,256420,5.183571E-12
0,256430,5.179646E-12
0,256440,5.175724E-12
0,256450,5.171805E-12
0,256460,5.1678887E-12
0,256470,5.163975E-12
0,256480,5.160065E-12
0,256490,5.1561576E-12
0,256500,5.152253E-12
0,256510,5.148352E-12
0,256520,5.1444534E-12
0,256530,5.1405577E-12
0,256540,5.1366654E-12
0,256550,5.1327757E-12
0,256560,5.128889E-12
0,256570,5.125005E-12
0,256580,5.1211244E-12
0,256590,5.1172465E-12
0,256600,5.1133715E-12
0,256610,5.1094996E-12
0,256620,5.1056308E-12
0,256630,5.1017645E-12
0,256640,5.0979013E-12
0,256650,5.094041E-12
0,256660,5.090184E-12
0,256670,5.0863294E-12
0,256680,5.082478E-12
0,256690,5.0786294E-12
0,256700,5.0747835E-12
0,256710,5.0709406E-12
0,256720,5.067101E-12
0,256730,5.063264E-12
0,256740,5.05943E-12
0,256750,5.0555987E-12
0,256760,5.0517706E-12
0,256770,5.047945E-12
0,256780,5.0441227E-12
0,256790,5.0403032E-12
0,256800,5.0364864E-12
0,256810,5.0326726E-12
0,256820,5.028862E-12
0,256830,5.025054E-12
0,256840,5.021249E-12
0,256850,5.0174465E-12
0,256860,5.0136475E-12
0,256870,5.009851E-12
0,256880,5.006057E-12
0,256890,5.0022664E-12
0,256900,4.9984786E-12
0,256910,4.994694E-12
0,256920,4.9909118E-12
0,256930,4.9871322E-12
0,256940,4.9833557E-12
0,256950,4.9795823E-12
0,256960,4.975812E-12
0,256970,4.972044E-12
0,256980,4.968279E-12
0,256990,4.9645166E-12
0,257000,4.9607575E-12
0,257010,4.957001E-12
0,257020,4.9532474E-12
0,257030,4.949497E-12
0,257040,4.945749E-12
0,257050,4.942004E-12
0,257060,4.9382616E-12
0,257070,4.9345224E-12
0,257080,4.930786E-12
0,257090,4.9270523E-12
0,257100,4.9233213E-12
0,257110,4.919593E-12
0,257120,4.9158676E-12
0,257130,4.9121453E-12
0,257140,4.9084257E-12
0,257150,4.904709E-12
0,257160,4.900995E-12
0,257170,4.897284E-12
0,257180,4.8935756E-12
0,257190,4.8898698E-12
0,257200,4.8861674E-12
0,257210,4.8824673E-12
0,257220,4.87877E-12
0,257230,4.875076E-12
0,257240,4.871384E-12
0,257250,4.8676957E-12
0,257260,4.86401E-12
0,257270,4.8603266E-12
0,257280,4.856646E-12
0,257290,4.8529683E-12
0,257300,4.8492937E-12
0,257310,4.8456217E-12
0,257320,4.8419524E-12
0,257330,4.838286E-12
0,257340,4.8346223E-12
0,257350,4.8309616E-12
0,257360,4.8273035E-12
0,257370,4.823648E-12
0,257380,4.8199955E-12
0,257390,4.8163457E-12
0,257400,4.8126984E-12
0,257410,4.809054E-12
0,257420,4.8054126E-12
0,257430,4.801774E-12
0,257440,4.7981376E-12
0,257450,4.7945046E-12
0,257460,4.790874E-12
0,257470,4.787246E-12
0,257480,4.783621E-12
0,257490,4.779999E-12
0,257500,4.7763794E-12
0,257510,4.7727625E-12
0,257520,4.7691486E-12
0,257530,4.7655374E-12
0,257540,4.7619287E-12
0,257550,4.7583226E-12
0,257560,4.7547196E-12
0,257570,4.751119E-12
0,257580,4.7475214E-12
0,257590,4.7439266E-12
0,257600,4.7403344E-12
0,257610,4.736745E-12
0,257620,4.733158E-12
0,257630,4.729574E-12
0,257640,4.7259926E-12
0,257650,4.722414E-12
0,257660,4.718838E-12
0,257670,4.7152646E-12
0,257680,4.711694E-12
0,257690,4.7081262E-12
0,257700,4.7045614E-12
0,257710,4.7009987E-12
0,257720,4.697439E-12
0,257730,4.693882E-12
0,257740,4.690328E-12
0,257750,4.686776E-12
0,257760,4.6832273E-12
0,257770,4.679681E-12
0,257780,4.6761375E-12
0,257790,4.6725965E-12
0,257800,4.669058E-12
0,257810,4.6655227E-12
0,257820,4.66199E-12
0,257830,4.65846E-12
0,257840,4.6549323E-12
0,257850,4.6514073E-12
0,257860,4.6478854E-12
0,257870,4.6443656E-12
0,257880,4.640849E-12
0,257890,4.637335E-12
0,257900,4.6338233E-12
0,257910,4.6303144E-12
0,257920,4.626808E-12
0,257930,4.6233048E-12
0,257940,4.6198037E-12
0,257950,4.6163056E-12
0,257960,4.6128097E-12
0,257970,4.609317E-12
0,257980,4.6058266E-12
0,257990,4.602339E-12
0,258000,4.598854E-12
0,258010,4.5953714E-12
0,258020,4.591892E-12
0,258030,4.5884147E-12
0,258040,4.58494E-12
0,258050,4.5814685E-12
0,258060,4.577999E-12
0,258070,4.5745326E-12
0,258080,4.571069E-12
0,258090,4.567607E-12
0,258100,4.5641485E-12
0,258110,4.5606925E-12
0,258120,4.557239E-12
0,258130,4.5537883E-12
0,258140,4.55034E-12
0,258150,4.546894E-12
0,258160,4.543451E-12
0,258170,4.5400107E-12
0,258180,4.536573E-12
0,258190,4.5331378E-12
0,258200,4.529705E-12
0,258210,4.526275E-12
0,258220,4.522848E-12
0,258230,4.519423E-12
0,258240,4.516001E-12
0,258250,4.5125813E-12
0,258260,4.509164E-12
0,258270,4.5057495E-12
0,258280,4.5023377E-12
0,258290,4.4989286E-12
0,258300,4.4955216E-12
0,258310,4.4921176E-12
0,258320,4.4887163E-12
0,258330,4.485317E-12
0,258340,4.4819205E-12
0,258350,4.478527E-12
0,258360,4.4751355E-12
0,258370,4.4717468E-12
0,258380,4.4683606E-12
0,258390,4.464977E-12
0,258400,4.461596E-12
0,258410,4.4582176E-12
0,258420,4.454842E-12
0,258430,4.4514687E-12
0,258440,4.4480977E-12
0,258450,4.4447297E-12
0,258460,4.441364E-12
0,258470,4.4380007E-12
0,258480,4.43464E-12
0,258490,4.431282E-12
0,258500,4.4279268E-12
0,258510,4.4245736E-12
0,258520,4.4212234E-12
0,258530,4.4178754E-12
0,258540,4.41453E-12
0,258550,4.4111876E-12
0,258560,4.407847E-12
0,258570,4.4045093E-12
0,258580,4.4011743E-12
0,258590,4.3978415E-12
0,258600,4.3945112E-12
0,258610,4.3911836E-12
0,258620,4.3878586E-12
0,258630,4.384536E-12
0,258640,4.381216E-12
0,258650,4.3778982E-12
0,258660,4.374583E-12
0,258670,4.3712707E-12
0,258680,4.3679604E-12
0,258690,4.364653E-12
0,258700,4.361348E-12
0,258710,4.3580456E-12
0,258720,4.3547453E-12
0,258730,4.351448E-12
0,258740,4.348153E-12
0,258750,4.3448604E-12
0,258760,4.3415705E-12
0,258770,4.3382828E-12
0,258780,4.3349976E-12
0,258790,4.331715E-12
0,258800,4.328435E-12
0,258810,4.3251574E-12
0,258820,4.3218823E-12
0,258830,4.3186097E-12
0,258840,4.3153393E-12
0,258850,4.312072E-12
0,258860,4.308807E-12
0,258870,4.3055438E-12
0,258880,4.302284E-12
0,258890,4.299026E-12
0,258900,4.2957703E-12
0,258910,4.2925177E-12
0,258920,4.2892673E-12
0,258930,4.2860195E-12
0,258940,4.282774E-12
0,258950,4.2795307E-12
0,258960,4.2762903E-12
0,258970,4.273052E-12
0,258980,4.2698163E-12
0,258990,4.266583E-12
0,259000,4.2633523E-12
0,259010,4.260124E-12
0,259020,4.2568982E-12
0,259030,4.2536747E-12
0,259040,4.2504537E-12
0,259050,4.2472354E-12
0,259060,4.244019E-12
0,259070,4.240805E-12
0,259080,4.237594E-12
0,259090,4.2343854E-12
0,259100,4.2311788E-12
0,259110,4.227975E-12
0,259120,4.2247733E-12
0,259130,4.2215745E-12
0,259140,4.218378E-12
0,259150,4.2151833E-12
0,259160,4.2119914E-12
0,259170,4.208802E-12
0,259180,4.205615E-12
0,259190,4.2024305E-12
0,259200,4.199248E-12
0,259210,4.1960684E-12
0,259220,4.1928913E-12
0,259230,4.1897163E-12
0,259240,4.1865435E-12
0,259250,4.1833733E-12
0,259260,4.1802057E-12
0,259270,4.1770402E-12
0,259280,4.1738774E-12
0,259290,4.1707167E-12
0,259300,4.1675587E-12
0,259310,4.1644028E-12
0,259320,4.1612495E-12
0,259330,4.1580983E-12
0,259340,4.15495E-12
0,259350,4.1518035E-12
0,259360,4.1486597E-12
0,259370,4.145518E-12
0,259380,4.142379E-12
0,259390,4.1392423E-12
0,259400,4.136108E-12
0,259410,4.132976E-12
0,259420,4.1298466E-12
0,259430,4.1267194E-12
0,259440,4.1235943E-12
0,259450,4.1204718E-12
0,259460,4.117352E-12
0,259470,4.114234E-12
0,259480,4.1111186E-12
0,259490,4.1080056E-12
0,259500,4.104895E-12
0,259510,4.1017866E-12
0,259520,4.0986806E-12
0,259530,4.0955767E-12
0,259540,4.0924755E-12
0,259550,4.089377E-12
0,259560,4.08628E-12
0,259570,4.083186E-12
0,259580,4.080094E-12
0,259590,4.0770044E-12
0,259600,4.073917E-12
0,259610,4.070832E-12
0,259620,4.0677496E-12
0,259630,4.0646696E-12
0,259640,4.0615918E-12
0,259650,4.058516E-12
0,259660,4.055443E-12
0,259670,4.052372E-12
0,259680,4.0493034E-12
0,259690,4.0462373E-12
0,259700,4.0431733E-12
0,259710,4.0401116E-12
0,259720,4.0370524E-12
0,259730,4.0339954E-12
0,259740,4.030941E-12
0,259750,4.0278887E-12
0,259760,4.0248386E-12
0,259770,4.0217907E-12
0,259780,4.0187454E-12
0,259790,4.0157023E-12
0,259800,4.0126613E-12
0,259810,4.009623E-12
0,259820,4.0065867E-12
0,259830,4.0035527E-12
0,259840,4.0005213E-12
0,259850,3.997492E-12
0,259860,3.994465E-12
0,259870,3.9914404E-12
0,259880,3.9884177E-12
0,259890,3.9853975E-12
0,259900,3.98238E-12
0,259910,3.979364E-12
0,259920,3.976351E-12
0,259930,3.97334E-12
0,259940,3.9703314E-12
0,259950,3.9673247E-12
0,259960,3.9643206E-12
0,259970,3.9613187E-12
0,259980,3.9583193E-12
0,259990,3.9553217E-12
0,260000,3.9523267E-12
0,260010,3.949334E-12
0,260020,3.9463433E-12
0,260030,3.943355E-12
0,260040,3.9403693E-12
0,260050,3.9373856E-12
0,260060,3.934404E-12
0,260070,3.9314246E-12
0,260080,3.928448E-12
0,260090,3.925473E-12
0,260100,3.9225003E-12
0,260110,3.91953E-12
0,260120,3.9165624E-12
0,260130,3.9135964E-12
0,260140,3.910633E-12
0,260150,3.907672E-12
0,260160,3.904713E-12
0,260170,3.901756E-12
0,260180,3.8988014E-12
0,260190,3.8958494E-12
0,260200,3.8928995E-12
0,260210,3.8899513E-12
0,260220,3.8870057E-12
0,260230,3.8840623E-12
0,260240,3.8811216E-12
0,260250,3.8781825E-12
0,260260,3.875246E-12
0,260270,3.8723113E-12
0,260280,3.869379E-12
0,260290,3.8664493E-12
0,260300,3.8635215E-12
0,260310,3.860596E-12
0,260320,3.8576724E-12
0,260330,3.8547516E-12
0,260340,3.8518325E-12
0,260350,3.8489155E-12
0,260360,3.846001E-12
0,260370,3.843089E-12
0,260380,3.840179E-12
0,260390,3.8372708E-12
0,260400,3.834365E-12
0,260410,3.8314616E-12
0,260420,3.8285607E-12
0,260430,3.8256616E-12
0,260440,3.8227646E-12
0,260450,3.8198698E-12
0,260460,3.8169776E-12
0,260470,3.814087E-12
0,260480,3.8111988E-12
0,260490,3.808313E-12
0,260500,3.805429E-12
0,260510,3.8025477E-12
0,260520,3.799668E-12
0,260530,3.796791E-12
0,260540,3.793916E-12
0,260550,3.791043E-12
0,260560,3.7881725E-12
0,260570,3.785304E-12
0,260580,3.7824375E-12
0,260590,3.7795734E-12
0,260600,3.7767116E-12
0,260610,3.7738515E-12
0,260620,3.770994E-12
0,260630,3.7681386E-12
0,260640,3.765285E-12
0,260650,3.762434E-12
0,260660,3.759585E-12
0,260670,3.756738E-12
0,260680,3.7538935E-12
0,260690,3.7510507E-12
0,260700,3.7482105E-12
0,260710,3.745372E-12
0,260720,3.7425362E-12
0,260730,3.739702E-12
0,260740,3.73687E-12
0,260750,3.734041E-12
0,260760,3.7312133E-12
0,260770,3.728388E-12
0,260780,3.7255646E-12
0,260790,3.7227435E-12
0,260800,3.7199245E-12
0,260810,3.717108E-12
0,260820,3.714293E-12
0,260830,3.7114803E-12
0,260840,3.70867E-12
0,260850,3.7058616E-12
0,260860,3.7030557E-12
0,260870,3.7002515E-12
0,260880,3.6974495E-12
0,260890,3.6946496E-12
0,260900,3.691852E-12
0,260910,3.6890564E-12
0,260920,3.686263E-12
0,260930,3.683472E-12
0,260940,3.6806825E-12
0,260950,3.6778952E-12
0,260960,3.6751106E-12
0,260970,3.6723276E-12
0,260980,3.669547E-12
0,260990,3.666768E-12
0,261000,3.6639914E-12
0,261010,3.661217E-12
0,261020,3.6584446E-12
0,261030,3.6556743E-12
0,261040,3.652906E-12
0,261050,3.65014E-12
0,261060,3.6473762E-12
0,261070,3.644614E-12
0,261080,3.6418546E-12
0,261090,3.639097E-12
0,261100,3.636341E-12
0,261110,3.6335876E-12
0,261120,3.630836E-12
0,261130,3.6280868E-12
0,261140,3.6253394E-12
0,261150,3.6225942E-12
0,261160,3.6198512E-12
0,261170,3.61711E-12
0,261180,3.6143712E-12
0,261190,3.6116342E-12
0,261200,3.6088994E-12
0,261210,3.6061666E-12
0,261220,3.603436E-12
0,261230,3.6007074E-12
0,261240,3.5979809E-12
0,261250,3.5952563E-12
0,261260,3.5925338E-12
0,261270,3.5898136E-12
0,261280,3.5870952E-12
0,261290,3.5843789E-12
0,261300,3.5816647E-12
0,261310,3.5789527E-12
0,261320,3.5762426E-12
0,261330,3.5735345E-12
0,261340,3.5708285E-12
0,261350,3.5681247E-12
0,261360,3.5654227E-12
0,261370,3.562723E-12
0,261380,3.560025E-12
0,261390,3.5573293E-12
0,261400,3.5546358E-12
0,261410,3.5519441E-12
0,261420,3.5492544E-12
0,261430,3.546567E-12
0,261440,3.5438813E-12
0,261450,3.5411977E-12
0,261460,3.5385163E-12
0,261470,3.5358368E-12
0,261480,3.5331594E-12
0,261490,3.530484E-12
0,261500,3.5278106E-12
0,261510,3.5251392E-12
0,261520,3.5224699E-12
0,261530,3.5198025E-12
0,261540,3.5171373E-12
0,261550,3.514474E-12
0,261560,3.5118128E-12
0,261570,3.5091535E-12
0,261580,3.5064963E-12
0,261590,3.503841E-12
0,261600,3.5011878E-12
0,261610,3.4985367E-12
0,261620,3.4958876E-12
0,261630,3.4932404E-12
0,261640,3.4905952E-12
0,261650,3.4879521E-12
0,261660,3.4853108E-12
0,261670,3.4826716E-12
0,261680,3.4800344E-12
0,261690,3.4773994E-12
0,261700,3.474766E-12
0,261710,3.472135E-12
0,261720,3.4695057E-12
0,261730,3.4668785E-12
0,261740,3.4642534E-12
0,261750,3.46163E-12
0,261760,3.459009E-12
0,261770,3.4563897E-12
0,261780,3.4537724E-12
0,261790,3.4511571E-12
0,261800,3.4485438E-12
0,261810,3.4459323E-12
0,261820,3.443323E-12
0,261830,3.4407158E-12
0,261840,3.4381103E-12
0,261850,3.4355069E-12
0,261860,3.4329054E-12
0,261870,3.430306E-12
0,261880,3.4277084E-12
0,261890,3.4251128E-12
0,261900,3.4225192E-12
0,261910,3.4199278E-12
0,261920,3.417338E-12
0,261930,3.4147503E-12
0,261940,3.4121646E-12
0,261950,3.4095808E-12
0,261960,3.4069989E-12
0,261970,3.404419E-12
0,261980,3.401841E-12
0,261990,3.3992652E-12
0,262000,3.3966911E-12
0,262010,3.3941192E-12
0,262020,3.391549E-12
0,262030,3.388981E-12
0,262040,3.3864146E-12
0,262050,3.3838503E-12
0,262060,3.381288E-12
0,262070,3.3787276E-12
0,262080,3.3761691E-12
0,262090,3.3736126E-12
0,262100,3.371058E-12
0,262110,3.3685053E-12
0,262120,3.3659547E-12
0,262130,3.363406E-12
0,262140,3.360859E-12
0,262150,3.358314E-12
0,262160,3.355771E-12
0,262170,3.35323E-12
0,262180,3.3506908E-12
0,262190,3.3481536E-12
0,262200,3.3456183E-12
0,262210,3.343085E-12
0,262220,3.3405533E-12
0,262230,3.3380239E-12
0,262240,3.3354962E-12
0,262250,3.3329704E-12
0,262260,3.3304466E-12
0,262270,3.3279247E-12
0,262280,3.3254048E-12
0,262290,3.3228867E-12
0,262300,3.3203705E-12
0,262310,3.3178562E-12
0,262320,3.3153439E-12
0,262330,3.3128335E-12
0,262340,3.3103249E-12
0,262350,3.3078182E-12
0,262360,3.3053135E-12
0,262370,3.3028105E-12
0,262380,3.3003095E-12
0,262390,3.2978106E-12
0,262400,3.2953132E-12
0,262410,3.292818E-12
0,262420,3.2903246E-12
0,262430,3.2878331E-12
0,262440,3.2853434E-12
0,262450,3.2828558E-12
0,262460,3.28037E-12
0,262470,3.2778858E-12
0,262480,3.2754038E-12
0,262490,3.2729236E-12
0,262500,3.2704451E-12
0,262510,3.2679688E-12
0,262520,3.2654942E-12
0,262530,3.2630214E-12
0,262540,3.2605505E-12
0,262550,3.2580815E-12
0,262560,3.2556145E-12
0,262570,3.2531493E-12
0,262580,3.2506857E-12
0,262590,3.2482244E-12
0,262600,3.2457648E-12
0,262610,3.2433069E-12
0,262620,3.240851E-12
0,262630,3.238397E-12
0,262640,3.2359447E-12
0,262650,3.2334944E-12
0,262660,3.2310459E-12
0,262670,3.2285992E-12
0,262680,3.2261546E-12
0,262690,3.2237117E-12
0,262700,3.2212705E-12
0,262710,3.2188312E-12
0,262720,3.216394E-12
0,262730,3.2139584E-12
0,262740,3.2115246E-12
0,262750,3.2090927E-12
0,262760,3.2066628E-12
0,262770,3.2042346E-12
0,262780,3.2018082E-12
0,262790,3.1993837E-12
0,262800,3.1969611E-12
0,262810,3.1945403E-12
0,262820,3.1921213E-12
0,262830,3.1897041E-12
0,262840,3.1872888E-12
0,262850,3.1848753E-12
0,262860,3.1824636E-12
0,262870,3.1800539E-12
0,262880,3.1776459E-12
0,262890,3.1752396E-12
0,262900,3.1728353E-12
0,262910,3.1704327E-12
0,262920,3.168032E-12
0,262930,3.165633E-12
0,262940,3.163236E-12
0,262950,3.1608405E-12
0,262960,3.1584472E-12
0,262970,3.1560555E-12
0,262980,3.1536657E-12
0,262990,3.1512776E-12
0,263000,3.1488913E-12
0,263010,3.146507E-12
0,263020,3.1441243E-12
0,263030,3.1417436E-12
0,263040,3.1393644E-12
0,263050,3.1369872E-12
0,263060,3.134612E-12
0,263070,3.1322382E-12
0,263080,3.1298664E-12
0,263090,3.1274965E-12
0,263100,3.1251282E-12
0,263110,3.1227618E-12
0,263120,3.1203972E-12
0,263130,3.1180343E-12
0,263140,3.1156733E-12
0,263150,3.1133139E-12
0,263160,3.1109566E-12
0,263170,3.1086008E-12
0,263180,3.1062468E-12
0,263190,3.1038947E-12
0,263200,3.1015444E-12
0,263210,3.0991958E-12
0,263220,3.096849E-12
0,263230,3.094504E-12
0,263240,3.0921609E-12
0,263250,3.0898192E-12
0,263260,3.0874797E-12
0,263270,3.0851417E-12
0,263280,3.0828055E-12
0,263290,3.0804712E-12
0,263300,3.0781384E-12
0,263310,3.0758076E-12
0,263320,3.0734785E-12
0,263330,3.0711512E-12
0,263340,3.0688258E-12
0,263350,3.066502E-12
0,263360,3.06418E-12
0,263370,3.0618596E-12
0,263380,3.0595411E-12
0,263390,3.0572244E-12
0,263400,3.0549094E-12
0,263410,3.0525962E-12
0,263420,3.0502846E-12
0,263430,3.0479748E-12
0,263440,3.0456668E-12
0,263450,3.0433605E-12
0,263460,3.0410561E-12
0,263470,3.0387533E-12
0,263480,3.0364522E-12
0,263490,3.034153E-12
0,263500,3.0318554E-12
0,263510,3.0295597E-12
0,263520,3.0272655E-12
0,263530,3.0249733E-12
0,263540,3.0226826E-12
0,263550,3.0203938E-12
0,263560,3.0181066E-12
0,263570,3.0158213E-12
0,263580,3.0135376E-12
0,263590,3.0112557E-12
0,263600,3.0089754E-12
0,263610,3.0066969E-12
0,263620,3.0044203E-12
0,263630,3.0021452E-12
0,263640,2.9998718E-12
0,263650,2.9976002E-12
0,263660,2.9953305E-12
0,263670,2.9930624E-12
0,263680,2.990796E-12
0,263690,2.988531E-12
0,263700,2.9862681E-12
0,263710,2.984007E-12
0,263720,2.9817472E-12
0,263730,2.9794895E-12
0,263740,2.9772333E-12
0,263750,2.974979E-12
0,263760,2.9727262E-12
0,263770,2.9704752E-12
0,263780,2.9682257E-12
0,263790,2.9659782E-12
0,263800,2.9637323E-12
0,263810,2.961488E-12
0,263820,2.9592455E-12
0,263830,2.9570046E-12
0,263840,2.9547656E-12
0,263850,2.9525282E-12
0,263860,2.9502924E-12
0,263870,2.9480585E-12
0,263880,2.945826E-12
0,263890,2.9435955E-12
0,263900,2.9413663E-12
0,263910,2.9391392E-12
0,263920,2.9369135E-12
0,263930,2.9346896E-12
0,263940,2.9324674E-12
0,263950,2.9302468E-12
0,263960,2.928028E-12
0,263970,2.9258109E-12
0,263980,2.9235954E-12
0,263990,2.9213815E-12
0,264000,2.9191692E-12
0,264010,2.9169588E-12
0,264020,2.91475E-12
0,264030,2.912543E-12
0,264040,2.9103376E-12
0,264050,2.9081338E-12
0,264060,2.9059316E-12
0,264070,2.903731E-12
0,264080,2.9015323E-12
0,264090,2.8993353E-12
0,264100,2.8971398E-12
0,264110,2.894946E-12
0,264120,2.892754E-12
0,264130,2.8905634E-12
0,264140,2.8883747E-12
0,264150,2.8861874E-12
0,264160,2.8840018E-12
0,264170,2.881818E-12
0,264180,2.879636E-12
0,264190,2.8774554E-12
0,264200,2.8752764E-12
0,264210,2.8730993E-12
0,264220,2.8709238E-12
0,264230,2.8687497E-12
0,264240,2.8665774E-12
0,264250,2.8644068E-12
0,264260,2.8622378E-12
0,264270,2.8600705E-12
0,264280,2.8579047E-12
0,264290,2.8557406E-12
0,264300,2.8535783E-12
0,264310,2.8514175E-12
0,264320,2.8492582E-12
0,264330,2.8471006E-12
0,264340,2.8449448E-12
0,264350,2.8427905E-12
0,264360,2.8406379E-12
0,264370,2.8384868E-12
0,264380,2.8363375E-12
0,264390,2.8341897E-12
0,264400,2.8320436E-12
0,264410,2.829899E-12
0,264420,2.8277563E-12
0,264430,2.825615E-12
0,264440,2.8234754E-12
0,264450,2.8213373E-12
0,264460,2.819201E-12
0,264470,2.8170662E-12
0,264480,2.814933E-12
0,264490,2.8128014E-12
0,264500,2.8106716E-12
0,264510,2.8085433E-12
0,264520,2.8064166E-12
0,264530,2.8042915E-12
0,264540,2.802168E-12
0,264550,2.800046E-12
0,264560,2.7979257E-12
0,264570,2.7958072E-12
0,264580,2.79369E-12
0,264590,2.7915747E-12
0,264600,2.7894607E-12
0,264610,2.7873485E-12
0,264620,2.785238E-12
0,264630,2.7831288E-12
0,264640,2.7810213E-12
0,264650,2.7789156E-12
0,264660,2.7768111E-12
0,264670,2.7747086E-12
0,264680,2.7726074E-12
0,264690,2.770508E-12
0,264700,2.76841E-12
0,264710,2.7663137E-12
0,264720,2.764219E-12
0,264730,2.7621258E-12
0,264740,2.7600344E-12
0,264750,2.7579443E-12
0,264760,2.7558559E-12
0,264770,2.7537692E-12
0,264780,2.7516839E-12
0,264790,2.7496002E-12
0,264800,2.7475181E-12
0,264810,2.7454378E-12
0,264820,2.7433587E-12
0,264830,2.7412814E-12
0,264840,2.7392058E-12
0,264850,2.7371315E-12
0,264860,2.735059E-12
0,264870,2.7329879E-12
0,264880,2.7309184E-12
0,264890,2.7288503E-12
0,264900,2.726784E-12
0,264910,2.7247193E-12
0,264920,2.722656E-12
0,264930,2.7205944E-12
0,264940,2.7185342E-12
0,264950,2.7164757E-12
0,264960,2.7144188E-12
0,264970,2.7123633E-12
0,264980,2.7103094E-12
0,264990,2.708257E-12
0,265000,2.7062064E-12
0,265010,2.704157E-12
0,265020,2.7021094E-12
0,265030,2.7000633E-12
0,265040,2.6980187E-12
0,265050,2.6959758E-12
0,265060,2.6939343E-12
0,265070,2.6918945E-12
0,265080,2.689856E-12
0,265090,2.6878192E-12
0,265100,2.6857839E-12
0,265110,2.6837501E-12
0,265120,2.681718E-12
0,265130,2.6796872E-12
0,265140,2.6776582E-12
0,265150,2.6756306E-12
0,265160,2.6736044E-12
0,265170,2.67158E-12
0,265180,2.669557E-12
0,265190,2.6675355E-12
0,265200,2.6655156E-12
0,265210,2.6634972E-12
0,265220,2.6614804E-12
0,265230,2.6594649E-12
0,265240,2.657451E-12
0,265250,2.6554388E-12
0,265260,2.653428E-12
0,265270,2.6514188E-12
0,265280,2.649411E-12
0,265290,2.6474049E-12
0,265300,2.6454002E-12
0,265310,2.643397E-12
0,265320,2.6413953E-12
0,265330,2.6393952E-12
0,265340,2.6373966E-12
0,265350,2.6353995E-12
0,265360,2.633404E-12
0,265370,2.6314098E-12
0,265380,2.6294173E-12
0,265390,2.6274263E-12
0,265400,2.6254368E-12
0,265410,2.6234486E-12
0,265420,2.621462E-12
0,265430,2.6194771E-12
0,265440,2.6174935E-12
0,265450,2.6155115E-12
0,265460,2.613531E-12
0,265470,2.6115518E-12
0,265480,2.6095744E-12
0,265490,2.6075984E-12
0,265500,2.6056238E-12
0,265510,2.6036508E-12
0,265520,2.601679E-12
0,265530,2.599709E-12
0,265540,2.5977406E-12
0,265550,2.5957734E-12
0,265560,2.593808E-12
0,265570,2.5918438E-12
0,265580,2.5898812E-12
0,265590,2.5879201E-12
0,265600,2.5859603E-12
0,265610,2.5840022E-12
0,265620,2.5820455E-12
0,265630,2.5800904E-12
0,265640,2.5781367E-12
0,265650,2.5761845E-12
0,265660,2.5742336E-12
0,265670,2.5722844E-12
0,265680,2.5703365E-12
0,265690,2.5683902E-12
0,265700,2.5664453E-12
0,265710,2.564502E-12
0,265720,2.5625602E-12
0,265730,2.5606197E-12
0,265740,2.5586807E-12
0,265750,2.5567432E-12
0,265760,2.5548073E-12
0,265770,2.5528726E-12
0,265780,2.5509395E-12
0,265790,2.5490079E-12
0,265800,2.5470778E-12
0,265810,2.545149E-12
0,265820,2.5432217E-12
0,265830,2.541296E-12
0,265840,2.5393715E-12
0,265850,2.5374488E-12
0,265860,2.5355273E-12
0,265870,2.5336072E-12
0,265880,2.5316888E-12
0,265890,2.5297717E-12
0,265900,2.5278562E-12
0,265910,2.525942E-12
0,265920,2.5240292E-12
0,265930,2.522118E-12
0,265940,2.5202082E-12
0,265950,2.5182998E-12
0,265960,2.516393E-12
0,265970,2.5144873E-12
0,265980,2.5125835E-12
0,265990,2.5106807E-12
0,266000,2.5087796E-12
0,266010,2.50688E-12
0,266020,2.5049817E-12
0,266030,2.5030848E-12
0,266040,2.5011894E-12
0,266050,2.4992955E-12
0,266060,2.497403E-12
0,266070,2.4955118E-12
0,266080,2.493622E-12
0,266090,2.4917338E-12
0,266100,2.489847E-12
0,266110,2.4879617E-12
0,266120,2.4860777E-12
0,266130,2.4841951E-12
0,266140,2.482314E-12
0,266150,2.4804345E-12
0,266160,2.4785562E-12
0,266170,2.4766795E-12
0,266180,2.474804E-12
0,266190,2.47293E-12
0,266200,2.4710574E-12
0,266210,2.4691863E-12
0,266220,2.4673165E-12
0,266230,2.4654482E-12
0,266240,2.4635814E-12
0,266250,2.4617157E-12
0,266260,2.4598518E-12
0,266270,2.457989E-12
0,266280,2.4561277E-12
0,266290,2.454268E-12
0,266300,2.4524096E-12
0,266310,2.4505526E-12
0,266320,2.4486968E-12
0,266330,2.4468426E-12
0,266340,2.44499E-12
0,266350,2.4431384E-12
0,266360,2.4412885E-12
0,266370,2.43944E-12
0,266380,2.4375927E-12
0,266390,2.435747E-12
0,266400,2.4339025E-12
0,266410,2.4320593E-12
0,266420,2.4302177E-12
0,266430,2.4283776E-12
0,266440,2.4265388E-12
0,266450,2.4247013E-12
0,266460,2.4228653E-12
0,266470,2.4210306E-12
0,266480,2.4191972E-12
0,266490,2.4173654E-12
0,266500,2.415535E-12
0,266510,2.4137057E-12
0,266520,2.411878E-12
0,266530,2.4100518E-12
0,266540,2.4082268E-12
0,266550,2.4064032E-12
0,266560,2.404581E-12
0,266570,2.4027603E-12
0,266580,2.4009408E-12
0,266590,2.3991228E-12
0,266600,2.397306E-12
0,266610,2.3954907E-12
0,266620,2.3936768E-12
0,266630,2.3918643E-12
0,266640,2.390053E-12
0,266650,2.3882432E-12
0,266660,2.3864348E-12
0,266670,2.3846277E-12
0,266680,2.382822E-12
0,266690,2.3810177E-12
0,266700,2.3792147E-12
0,266710,2.3774132E-12
0,266720,2.375613E-12
0,266730,2.373814E-12
0,266740,2.3720164E-12
0,266750,2.3702203E-12
0,266760,2.3684256E-12
0,266770,2.366632E-12
0,266780,2.36484E-12
0,266790,2.3630494E-12
0,266800,2.36126E-12
0,266810,2.359472E-12
0,266820,2.3576852E-12
0,266830,2.3559E-12
0,266840,2.354116E-12
0,266850,2.3523334E-12
0,266860,2.3505523E-12
0,266870,2.3487722E-12
0,266880,2.3469937E-12
0,266890,2.3452165E-12
0,266900,2.3434408E-12
0,266910,2.3416661E-12
0,266920,2.339893E-12
0,266930,2.3381212E-12
0,266940,2.3363507E-12
0,266950,2.3345815E-12
0,266960,2.3328136E-12
0,266970,2.3310472E-12
0,266980,2.3292822E-12
0,266990,2.3275184E-12
0,267000,2.325756E-12
0,267010,2.3239947E-12
0,267020,2.322235E-12
0,267030,2.3204765E-12
0,267040,2.3187194E-12
0,267050,2.3169637E-12
0,267060,2.3152092E-12
0,267070,2.313456E-12
0,267080,2.3117042E-12
0,267090,2.3099537E-12
0,267100,2.3082046E-12
0,267110,2.3064567E-12
0,267120,2.3047102E-12
0,267130,2.302965E-12
0,267140,2.301221E-12
0,267150,2.2994785E-12
0,267160,2.2977373E-12
0,267170,2.2959974E-12
0,267180,2.294259E-12
0,267190,2.2925216E-12
0,267200,2.2907856E-12
0,267210,2.289051E-12
0,267220,2.2873177E-12
0,267230,2.2855856E-12
0,267240,2.283855E-12
0,267250,2.2821254E-12
0,267260,2.2803974E-12
0,267270,2.2786707E-12
0,267280,2.2769451E-12
0,267290,2.275221E-12
0,267300,2.2734982E-12
0,267310,2.2717767E-12
0,267320,2.2700563E-12
0,267330,2.2683374E-12
0,267340,2.2666198E-12
0,267350,2.2649035E-12
0,267360,2.2631883E-12
0,267370,2.2614746E-12
0,267380,2.2597623E-12
0,267390,2.258051E-12
0,267400,2.2563412E-12
0,267410,2.2546327E-12
0,267420,2.2529253E-12
0,267430,2.2512194E-12
0,267440,2.2495148E-12
0,267450,2.2478113E-12
0,267460,2.2461091E-12
0,267470,2.2444084E-12
0,267480,2.2427088E-12
0,267490,2.2410105E-12
0,267500,2.2393138E-12
0,267510,2.237618E-12
0,267520,2.2359237E-12
0,267530,2.2342306E-12
0,267540,2.2325388E-12
0,267550,2.230848E-12
0,267560,2.229159E-12
0,267570,2.227471E-12
0,267580,2.2257842E-12
0,267590,2.2240987E-12
0,267600,2.2224147E-12
0,267610,2.2207318E-12
0,267620,2.2190502E-12
0,267630,2.21737E-12
0,267640,2.2156907E-12
0,267650,2.214013E-12
0,267660,2.2123364E-12
0,267670,2.2106613E-12
0,267680,2.2089873E-12
0,267690,2.2073146E-12
0,267700,2.2056432E-12
0,267710,2.2039731E-12
0,267720,2.202304E-12
0,267730,2.2006364E-12
0,267740,2.1989702E-12
0,267750,2.197305E-12
0,267760,2.195641E-12
0,267770,2.1939785E-12
0,267780,2.192317E-12
0,267790,2.1906572E-12
0,267800,2.1889983E-12
0,267810,2.1873408E-12
0,267820,2.1856844E-12
0,267830,2.1840294E-12
0,267840,2.1823756E-12
0,267850,2.180723E-12
0,267860,2.1790716E-12
0,267870,2.1774217E-12
0,267880,2.1757728E-12
0,267890,2.1741252E-12
0,267900,2.172479E-12
0,267910,2.1708338E-12
0,267920,2.1691902E-12
0,267930,2.1675476E-12
0,267940,2.1659061E-12
0,267950,2.1642662E-12
0,267960,2.1626273E-12
0,267970,2.1609897E-12
0,267980,2.1593532E-12
0,267990,2.1577182E-12
0,268000,2.1560843E-12
0,268010,2.1544517E-12
0,268020,2.1528202E-12
0,268030,2.15119E-12
0,268040,2.1495611E-12
0,268050,2.1479335E-12
0,268060,2.146307E-12
0,268070,2.1446818E-12
0,268080,2.1430576E-12
0,268090,2.141435E-12
0,268100,2.1398133E-12
0,268110,2.138193E-12
0,268120,2.136574E-12
0,268130,2.134956E-12
0,268140,2.1333395E-12
0,268150,2.131724E-12
0,268160,2.1301099E-12
0,268170,2.1284968E-12
0,268180,2.126885E-12
0,268190,2.1252746E-12
0,268200,2.1236652E-12
0,268210,2.122057E-12
0,268220,2.1204503E-12
0,268230,2.1188446E-12
0,268240,2.1172402E-12
0,268250,2.1156369E-12
0,268260,2.1140349E-12
0,268270,2.1124341E-12
0,268280,2.1108345E-12
0,268290,2.1092362E-12
0,268300,2.107639E-12
0,268310,2.106043E-12
0,268320,2.1044483E-12
0,268330,2.1028548E-12
0,268340,2.1012623E-12
0,268350,2.0996713E-12
0,268360,2.0980813E-12
0,268370,2.0964927E-12
0,268380,2.0949052E-12
0,268390,2.0933188E-12
0,268400,2.0917337E-12
0,268410,2.0901497E-12
0,268420,2.088567E-12
0,268430,2.0869855E-12
0,268440,2.0854052E-12
0,268450,2.0838262E-12
0,268460,2.0822482E-12
0,268470,2.0806714E-12
0,268480,2.0790958E-12
0,268490,2.0775215E-12
0,268500,2.0759484E-12
0,268510,2.0743765E-12
0,268520,2.0728057E-12
0,268530,2.071236E-12
0,268540,2.0696676E-12
0,268550,2.0681005E-12
0,268560,2.0665344E-12
0,268570,2.0649695E-12
0,268580,2.0634059E-12
0,268590,2.0618435E-12
0,268600,2.0602823E-12
0,268610,2.0587221E-12
0,268620,2.0571633E-12
0,268630,2.0556055E-12
0,268640,2.0540488E-12
0,268650,2.0524936E-12
0,268660,2.0509393E-12
0,268670,2.0493863E-12
0,268680,2.0478343E-12
0,268690,2.0462837E-12
0,268700,2.0447342E-12
0,268710,2.043186E-12
0,268720,2.0416388E-12
0,268730,2.0400927E-12
0,268740,2.038548E-12
0,268750,2.0370042E-12
0,268760,2.0354619E-12
0,268770,2.0339206E-12
0,268780,2.0323803E-12
0,268790,2.0308414E-12
0,268800,2.0293036E-12
0,268810,2.027767E-12
0,268820,2.0262314E-12
0,268830,2.0246973E-12
0,268840,2.023164E-12
0,268850,2.021632E-12
0,268860,2.020101E-12
0,268870,2.0185715E-12
0,268880,2.017043E-12
0,268890,2.0155156E-12
0,268900,2.0139895E-12
0,268910,2.0124644E-12
0,268920,2.0109405E-12
0,268930,2.0094178E-12
0,268940,2.0078962E-12
0,268950,2.0063758E-12
0,268960,2.0048566E-12
0,268970,2.0033383E-12
0,268980,2.0018215E-12
0,268990,2.0003055E-12
0,269000,1.9987909E-12
0,269010,1.9972773E-12
0,269020,1.9957649E-12
0,269030,1.9942537E-12
0,269040,1.9927436E-12
0,269050,1.9912347E-12
0,269060,1.9897267E-12
0,269070,1.9882201E-12
0,269080,1.9867146E-12
0,269090,1.9852102E-12
0,269100,1.983707E-12
0,269110,1.9822048E-12
0,269120,1.9807038E-12
0,269130,1.979204E-12
0,269140,1.9777053E-12
0,269150,1.9762078E-12
0,269160,1.9747112E-12
0,269170,1.973216E-12
0,269180,1.9717218E-12
0,269190,1.9702289E-12
0,269200,1.9687368E-12
0,269210,1.967246E-12
0,269220,1.9657563E-12
0,269230,1.964268E-12
0,269240,1.9627804E-12
0,269250,1.9612942E-12
0,269260,1.959809E-12
0,269270,1.958325E-12
0,269280,1.9568422E-12
0,269290,1.9553604E-12
0,269300,1.9538798E-12
0,269310,1.9524003E-12
0,269320,1.9509218E-12
0,269330,1.9494445E-12
0,269340,1.9479683E-12
0,269350,1.9464933E-12
0,269360,1.9450194E-12
0,269370,1.9435465E-12
0,269380,1.9420748E-12
0,269390,1.9406044E-12
0,269400,1.9391348E-12
0,269410,1.9376664E-12
0,269420,1.9361992E-12
0,269430,1.934733E-12
0,269440,1.933268E-12
0,269450,1.9318041E-12
0,269460,1.9303413E-12
0,269470,1.9288796E-12
0,269480,1.927419E-12
0,269490,1.9259594E-12
0,269500,1.9245011E-12
0,269510,1.9230438E-12
0,269520,1.9215877E-12
0,269530,1.9201325E-12
0,269540,1.9186785E-12
0,269550,1.9172257E-12
0,269560,1.915774E-12
0,269570,1.9143233E-12
0,269580,1.9128737E-12
0,269590,1.9114252E-12
0,269600,1.9099778E-12
0,269610,1.9085315E-12
0,269620,1.9070863E-12
0,269630,1.9056423E-12
0,269640,1.9041992E-12
0,269650,1.9027572E-12
0,269660,1.9013166E-12
0,269670,1.8998767E-12
0,269680,1.8984382E-12
0,269690,1.8970006E-12
0,269700,1.8955642E-12
0,269710,1.8941287E-12
0,269720,1.8926946E-12
0,269730,1.8912612E-12
0,269740,1.8898292E-12
0,269750,1.888398E-12
0,269760,1.8869682E-12
0,269770,1.8855393E-12
0,269780,1.8841116E-12
0,269790,1.8826848E-12
0,269800,1.8812593E-12
0,269810,1.8798346E-12
0,269820,1.8784113E-12
0,269830,1.8769888E-12
0,269840,1.8755676E-12
0,269850,1.8741473E-12
0,269860,1.872728E-12
0,269870,1.87131E-12
0,269880,1.8698931E-12
0,269890,1.8684772E-12
0,269900,1.8670623E-12
0,269910,1.8656485E-12
0,269920,1.8642358E-12
0,269930,1.8628241E-12
0,269940,1.8614136E-12
0,269950,1.8600041E-12
0,269960,1.8585955E-12
0,269970,1.8571882E-12
0,269980,1.8557818E-12
0,269990,1.8543767E-12
0,270000,1.8529724E-12
0,270010,1.8515692E-12
0,270020,1.8501674E-12
0,270030,1.8487664E-12
0,270040,1.8473664E-12
0,270050,1.8459674E-12
0,270060,1.8445696E-12
0,270070,1.843173E-12
0,270080,1.8417772E-12
0,270090,1.8403827E-12
0,270100,1.838989E-12
0,270110,1.8375965E-12
0,270120,1.836205E-12
0,270130,1.8348146E-12
0,270140,1.8334251E-12
0,270150,1.832037E-12
0,270160,1.8306496E-12
0,270170,1.8292633E-12
0,270180,1.8278781E-12
0,270190,1.826494E-12
0,270200,1.825111E-12
0,270210,1.823729E-12
0,270220,1.822348E-12
0,270230,1.820968E-12
0,270240,1.8195892E-12
0,270250,1.8182114E-12
0,270260,1.8168346E-12
0,270270,1.8154588E-12
0,270280,1.8140841E-12
0,270290,1.8127105E-12
0,270300,1.8113378E-12
0,270310,1.8099662E-12
0,270320,1.8085956E-12
0,270330,1.8072261E-12
0,270340,1.8058577E-12
0,270350,1.8044902E-12
0,270360,1.8031238E-12
0,270370,1.8017584E-12
0,270380,1.800394E-12
0,270390,1.7990308E-12
0,270400,1.7976685E-12
0,270410,1.7963072E-12
0,270420,1.794947E-12
0,270430,1.7935878E-12
0,270440,1.7922297E-12
0,270450,1.7908726E-12
0,270460,1.7895165E-12
0,270470,1.7881614E-12
0,270480,1.7868074E-12
0,270490,1.7854544E-12
0,270500,1.7841024E-12
0,270510,1.7827514E-12
0,270520,1.7814014E-12
0,270530,1.7800526E-12
0,270540,1.7787047E-12
0,270550,1.7773578E-12
0,270560,1.7760118E-12
0,270570,1.774667E-12
0,270580,1.7733232E-12
0,270590,1.7719805E-12
0,270600,1.7706386E-12
0,270610,1.7692978E-12
0,270620,1.7679581E-12
0,270630,1.7666193E-12
0,270640,1.7652816E-12
0,270650,1.7639449E-12
0,270660,1.7626092E-12
0,270670,1.7612745E-12
0,270680,1.7599408E-12
0,270690,1.7586081E-12
0,270700,1.7572765E-12
0,270710,1.7559458E-12
0,270720,1.7546162E-12
0,270730,1.7532875E-12
0,270740,1.7519599E-12
0,270750,1.7506333E-12
0,270760,1.7493076E-12
0,270770,1.747983E-12
0,270780,1.7466593E-12
0,270790,1.7453367E-12
0,270800,1.7440152E-12
0,270810,1.7426945E-12
0,270820,1.741375E-12
0,270830,1.7400563E-12
0,270840,1.7387387E-12
0,270850,1.7374221E-12
0,270860,1.7361065E-12
0,270870,1.7347918E-12
0,270880,1.7334782E-12
0,270890,1.7321655E-12
0,270900,1.730854E-12
0,270910,1.7295433E-12
0,270920,1.7282337E-12
0,270930,1.7269249E-12
0,270940,1.7256173E-12
0,270950,1.7243106E-12
0,270960,1.7230049E-12
0,270970,1.7217001E-12
0,270980,1.7203965E-12
0,270990,1.7190937E-12
0,271000,1.717792E-12
0,271010,1.7164912E-12
0,271020,1.7151915E-12
0,271030,1.7138927E-12
0,271040,1.7125949E-12
0,271050,1.7112981E-12
0,271060,1.7100023E-12
0,271070,1.7087074E-12
0,271080,1.7074135E-12
0,271090,1.7061206E-12
0,271100,1.7048287E-12
0,271110,1.7035377E-12
0,271120,1.7022477E-12
0,271130,1.7009588E-12
0,271140,1.6996708E-12
0,271150,1.6983837E-12
0,271160,1.6970976E-12
0,271170,1.6958125E-12
0,271180,1.6945284E-12
0,271190,1.6932454E-12
0,271200,1.6919632E-12
0,271210,1.690682E-12
0,271220,1.6894018E-12
0,271230,1.6881224E-12
0,271240,1.6868441E-12
0,271250,1.6855668E-12
0,271260,1.6842905E-12
0,271270,1.6830151E-12
0,271280,1.6817407E-12
0,271290,1.6804672E-12
0,271300,1.6791948E-12
0,271310,1.6779232E-12
0,271320,1.6766526E-12
0,271330,1.675383E-12
0,271340,1.6741144E-12
0,271350,1.6728466E-12
0,271360,1.67158E-12
0,271370,1.6703142E-12
0,271380,1.6690494E-12
0,271390,1.6677856E-12
0,271400,1.6665226E-12
0,271410,1.6652607E-12
0,271420,1.6639998E-12
0,271430,1.6627397E-12
0,271440,1.6614806E-12
0,271450,1.6602225E-12
0,271460,1.6589654E-12
0,271470,1.6577091E-12
0,271480,1.6564538E-12
0,271490,1.6551995E-12
0,271500,1.6539462E-12
0,271510,1.6526938E-12
0,271520,1.6514423E-12
0,271530,1.6501918E-12
0,271540,1.6489423E-12
0,271550,1.6476936E-12
0,271560,1.646446E-12
0,271570,1.6451993E-12
0,271580,1.6439534E-12
0,271590,1.6427085E-12
0,271600,1.6414646E-12
0,271610,1.6402217E-12
0,271620,1.6389798E-12
0,271630,1.6377387E-12
0,271640,1.6364984E-12
0,271650,1.6352593E-12
0,271660,1.634021E-12
0,271670,1.6327838E-12
0,271680,1.6315473E-12
0,271690,1.6303119E-12
0,271700,1.6290773E-12
0,271710,1.6278438E-12
0,271720,1.6266112E-12
0,271730,1.6253794E-12
0,271740,1.6241486E-12
0,271750,1.6229188E-12
0,271760,1.6216899E-12
0,271770,1.6204619E-12
0,271780,1.6192348E-12
0,271790,1.6180087E-12
0,271800,1.6167835E-12
0,271810,1.6155592E-12
0,271820,1.6143358E-12
0,271830,1.6131135E-12
0,271840,1.6118919E-12
0,271850,1.6106714E-12
0,271860,1.6094517E-12
0,271870,1.6082331E-12
0,271880,1.6070152E-12
0,271890,1.6057984E-12
0,271900,1.6045825E-12
0,271910,1.6033674E-12
0,271920,1.6021533E-12
0,271930,1.6009401E-12
0,271940,1.5997278E-12
0,271950,1.5985165E-12
0,271960,1.5973061E-12
0,271970,1.5960965E-12
0,271980,1.5948879E-12
0,271990,1.5936802E-12
0,272000,1.5924734E-12
0,272010,1.5912676E-12
0,272020,1.5900626E-12
0,272030,1.5888586E-12
0,272040,1.5876555E-12
0,272050,1.5864532E-12
0,272060,1.5852519E-12
0,272070,1.5840515E-12
0,272080,1.582852E-12
0,272090,1.5816534E-12
0,272100,1.5804558E-12
0,272110,1.579259E-12
0,272120,1.5780632E-12
0,272130,1.5768682E-12
0,272140,1.5756742E-12
0,272150,1.574481E-12
0,272160,1.5732888E-12
0,272170,1.5720975E-12
0,272180,1.570907E-12
0,272190,1.5697174E-12
0,272200,1.5685288E-12
0,272210,1.5673411E-12
0,272220,1.5661543E-12
0,272230,1.5649683E-12
0,272240,1.5637833E-12
0,272250,1.5625992E-12
0,272260,1.5614159E-12
0,272270,1.5602336E-12
0,272280,1.5590521E-12
0,272290,1.5578716E-12
0,272300,1.556692E-12
0,272310,1.5555132E-12
0,272320,1.5543353E-12
0,272330,1.5531583E-12
0,272340,1.5519822E-12
0,272350,1.550807E-12
0,272360,1.5496327E-12
0,272370,1.5484593E-12
0,272380,1.5472867E-12
0,272390,1.5461151E-12
0,272400,1.5449443E-12
0,272410,1.5437744E-12
0,272420,1.5426055E-12
0,272430,1.5414373E-12
0,272440,1.5402702E-12
0,272450,1.5391038E-12
0,272460,1.5379384E-12
0,272470,1.5367737E-12
0,272480,1.5356101E-12
0,272490,1.5344473E-12
0,272500,1.5332854E-12
0,272510,1.5321244E-12
0,272520,1.5309642E-12
0,272530,1.5298049E-12
0,272540,1.5286465E-12
0,272550,1.527489E-12
0,272560,1.5263323E-12
0,272570,1.5251765E-12
0,272580,1.5240216E-12
0,272590,1.5228676E-12
0,272600,1.5217144E-12
0,272610,1.5205621E-12
0,272620,1.5194107E-12
0,272630,1.5182602E-12
0,272640,1.5171105E-12
0,272650,1.5159617E-12
0,272660,1.5148138E-12
0,272670,1.5136668E-12
0,272680,1.5125206E-12
0,272690,1.5113752E-12
0,272700,1.5102307E-12
0,272710,1.5090872E-12
0,272720,1.5079445E-12
0,272730,1.5068026E-12
0,272740,1.5056616E-12
0,272750,1.5045216E-12
0,272760,1.5033823E-12
0,272770,1.5022439E-12
0,272780,1.5011063E-12
0,272790,1.4999696E-12
0,272800,1.4988338E-12
0,272810,1.4976989E-12
0,272820,1.4965647E-12
0,272830,1.4954315E-12
0,272840,1.4942992E-12
0,272850,1.4931676E-12
0,272860,1.492037E-12
0,272870,1.4909071E-12
0,272880,1.4897781E-12
0,272890,1.48865E-12
0,272900,1.4875228E-12
0,272910,1.4863964E-12
0,272920,1.4852709E-12
0,272930,1.4841462E-12
0,272940,1.4830224E-12
0,272950,1.4818993E-12
0,272960,1.4807773E-12
0,272970,1.479656E-12
0,272980,1.4785355E-12
0,272990,1.477416E-12
0,273000,1.4762972E-12
0,273010,1.4751794E-12
0,273020,1.4740623E-12
0,273030,1.4729461E-12
0,273040,1.4718307E-12
0,273050,1.4707162E-12
0,273060,1.4696025E-12
0,273070,1.4684897E-12
0,273080,1.4673778E-12
0,273090,1.4662666E-12
0,273100,1.4651563E-12
0,273110,1.4640469E-12
0,273120,1.4629383E-12
0,273130,1.4618304E-12
0,273140,1.4607236E-12
0,273150,1.4596175E-12
0,273160,1.4585121E-12
0,273170,1.4574078E-12
0,273180,1.4563042E-12
0,273190,1.4552014E-12
0,273200,1.4540995E-12
0,273210,1.4529984E-12
0,273220,1.4518982E-12
0,273230,1.4507988E-12
0,273240,1.4497002E-12
0,273250,1.4486024E-12
0,273260,1.4475055E-12
0,273270,1.4464094E-12
0,273280,1.4453141E-12
0,273290,1.4442197E-12
0,273300,1.4431261E-12
0,273310,1.4420333E-12
0,273320,1.4409414E-12
0,273330,1.4398503E-12
0,273340,1.43876E-12
0,273350,1.4376705E-12
0,273360,1.4365819E-12
0,273370,1.4354941E-12
0,273380,1.4344071E-12
0,273390,1.4333209E-12
0,273400,1.4322355E-12
0,273410,1.431151E-12
0,273420,1.4300673E-12
0,273430,1.4289844E-12
0,273440,1.4279024E-12
0,273450,1.4268211E-12
0,273460,1.4257407E-12
0,273470,1.4246611E-12
0,273480,1.4235823E-12
0,273490,1.4225043E-12
0,273500,1.4214271E-12
0,273510,1.4203508E-12
0,273520,1.4192753E-12
0,273530,1.4182005E-12
0,273540,1.4171267E-12
0,273550,1.4160536E-12
0,273560,1.4149813E-12
0,273570,1.4139099E-12
0,273580,1.4128392E-12
0,273590,1.4117694E-12
0,273600,1.4107003E-12
0,273610,1.4096321E-12
0,273620,1.4085647E-12
0,273630,1.4074981E-12
0,273640,1.4064323E-12
0,273650,1.4053674E-12
0,273660,1.4043031E-12
0,273670,1.4032397E-12
0,273680,1.4021772E-12
0,273690,1.4011154E-12
0,273700,1.4000544E-12
0,273710,1.3989943E-12
0,273720,1.3979349E-12
0,273730,1.3968764E-12
0,273740,1.3958187E-12
0,273750,1.3947617E-12
0,273760,1.3937056E-12
0,273770,1.3926502E-12
0,273780,1.3915956E-12
0,273790,1.3905419E-12
0,273800,1.3894889E-12
0,273810,1.3884368E-12
0,273820,1.3873854E-12
0,273830,1.3863348E-12
0,273840,1.3852851E-12
0,273850,1.3842362E-12
0,273860,1.3831879E-12
0,273870,1.3821405E-12
0,273880,1.3810939E-12
0,273890,1.3800481E-12
0,273900,1.3790031E-12
0,273910,1.3779589E-12
0,273920,1.3769155E-12
0,273930,1.3758728E-12
0,273940,1.374831E-12
0,273950,1.37379E-12
0,273960,1.3727497E-12
0,273970,1.3717101E-12
0,273980,1.3706715E-12
0,273990,1.3696336E-12
0,274000,1.3685964E-12
0,274010,1.3675601E-12
0,274020,1.3665246E-12
0,274030,1.3654898E-12
0,274040,1.3644559E-12
0,274050,1.3634226E-12
0,274060,1.3623902E-12
0,274070,1.3613585E-12
0,274080,1.3603276E-12
0,274090,1.3592977E-12
0,274100,1.3582683E-12
0,274110,1.3572398E-12
0,274120,1.3562121E-12
0,274130,1.3551852E-12
0,274140,1.354159E-12
0,274150,1.3531335E-12
0,274160,1.3521089E-12
0,274170,1.351085E-12
0,274180,1.350062E-12
0,274190,1.3490397E-12
0,274200,1.3480182E-12
0,274210,1.3469974E-12
0,274220,1.3459774E-12
0,274230,1.3449582E-12
0,274240,1.3439397E-12
0,274250,1.3429221E-12
0,274260,1.3419052E-12
0,274270,1.3408891E-12
0,274280,1.3398737E-12
0,274290,1.3388591E-12
0,274300,1.3378453E-12
0,274310,1.3368322E-12
0,274320,1.3358199E-12
0,274330,1.3348085E-12
0,274340,1.3337977E-12
0,274350,1.3327877E-12
0,274360,1.3317784E-12
0,274370,1.33077E-12
0,274380,1.3297624E-12
0,274390,1.3287554E-12
0,274400,1.3277492E-12
0,274410,1.3267438E-12
0,274420,1.3257392E-12
0,274430,1.3247352E-12
0,274440,1.3237321E-12
0,274450,1.3227298E-12
0,274460,1.3217282E-12
0,274470,1.3207274E-12
0,274480,1.3197273E-12
0,274490,1.3187279E-12
0,274500,1.3177293E-12
0,274510,1.3167316E-12
0,274520,1.3157344E-12
0,274530,1.3147381E-12
0,274540,1.3137426E-12
0,274550,1.3127478E-12
0,274560,1.3117538E-12
0,274570,1.3107604E-12
0,274580,1.3097679E-12
0,274590,1.3087761E-12
0,274600,1.307785E-12
0,274610,1.3067948E-12
0,274620,1.3058053E-12
0,274630,1.3048165E-12
0,274640,1.3038285E-12
0,274650,1.3028411E-12
0,274660,1.3018546E-12
0,274670,1.3008688E-12
0,274680,1.2998837E-12
0,274690,1.2988995E-12
0,274700,1.2979159E-12
0,274710,1.296933E-12
0,274720,1.295951E-12
0,274730,1.2949697E-12
0,274740,1.2939891E-12
0,274750,1.2930092E-12
0,274760,1.2920301E-12
0,274770,1.2910518E-12
0,274780,1.2900742E-12
0,274790,1.2890973E-12
0,274800,1.2881211E-12
0,274810,1.2871457E-12
0,274820,1.286171E-12
0,274830,1.2851971E-12
0,274840,1.2842239E-12
0,274850,1.2832515E-12
0,274860,1.2822798E-12
0,274870,1.2813088E-12
0,274880,1.2803386E-12
0,274890,1.2793691E-12
0,274900,1.2784003E-12
0,274910,1.2774323E-12
0,274920,1.2764649E-12
0,274930,1.2754984E-12
0,274940,1.2745326E-12
0,274950,1.2735674E-12
0,274960,1.272603E-12
0,274970,1.2716394E-12
0,274980,1.2706765E-12
0,274990,1.2697143E-12
0,275000,1.2687528E-12
0,275010,1.2677921E-12
0,275020,1.2668321E-12
0,275030,1.2658728E-12
0,275040,1.2649143E-12
0,275050,1.2639564E-12
0,275060,1.2629994E-12
0,275070,1.262043E-12
0,275080,1.2610873E-12
0,275090,1.2601324E-12
0,275100,1.2591782E-12
0,275110,1.2582246E-12
0,275120,1.257272E-12
0,275130,1.2563199E-12
0,275140,1.2553685E-12
0,275150,1.254418E-12
0,275160,1.2534681E-12
0,275170,1.2525189E-12
0,275180,1.2515705E-12
0,275190,1.2506228E-12
0,275200,1.2496758E-12
0,275210,1.2487295E-12
0,275220,1.2477839E-12
0,275230,1.246839E-12
0,275240,1.2458949E-12
0,275250,1.2449515E-12
0,275260,1.2440088E-12
0,275270,1.2430667E-12
0,275280,1.2421255E-12
0,275290,1.2411849E-12
0,275300,1.2402451E-12
0,275310,1.239306E-12
0,275320,1.2383675E-12
0,275330,1.2374298E-12
0,275340,1.2364928E-12
0,275350,1.2355565E-12
0,275360,1.2346208E-12
0,275370,1.233686E-12
0,275380,1.2327517E-12
0,275390,1.2318184E-12
0,275400,1.2308855E-12
0,275410,1.2299535E-12
0,275420,1.2290221E-12
0,275430,1.2280915E-12
0,275440,1.2271615E-12
0,275450,1.2262323E-12
0,275460,1.2253037E-12
0,275470,1.224376E-12
0,275480,1.2234488E-12
0,275490,1.2225224E-12
0,275500,1.2215966E-12
0,275510,1.2206716E-12
0,275520,1.2197473E-12
0,275530,1.2188237E-12
0,275540,1.2179008E-12
0,275550,1.2169786E-12
0,275560,1.216057E-12
0,275570,1.2151362E-12
0,275580,1.214216E-12
0,275590,1.2132966E-12
0,275600,1.2123779E-12
0,275610,1.2114598E-12
0,275620,1.2105424E-12
0,275630,1.2096258E-12
0,275640,1.2087099E-12
0,275650,1.2077946E-12
0,275660,1.20688E-12
0,275670,1.2059661E-12
0,275680,1.2050529E-12
0,275690,1.2041404E-12
0,275700,1.2032286E-12
0,275710,1.2023175E-12
0,275720,1.201407E-12
0,275730,1.2004974E-12
0,275740,1.1995883E-12
0,275750,1.1986799E-12
0,275760,1.1977722E-12
0,275770,1.1968653E-12
0,275780,1.195959E-12
0,275790,1.1950534E-12
0,275800,1.1941484E-12
0,275810,1.1932442E-12
0,275820,1.1923406E-12
0,275830,1.1914378E-12
0,275840,1.1905356E-12
0,275850,1.1896341E-12
0,275860,1.1887332E-12
0,275870,1.1878331E-12
0,275880,1.1869337E-12
0,275890,1.1860349E-12
0,275900,1.1851367E-12
0,275910,1.1842393E-12
0,275920,1.1833426E-12
0,275930,1.1824466E-12
0,275940,1.1815512E-12
0,275950,1.1806565E-12
0,275960,1.1797625E-12
0,275970,1.1788691E-12
0,275980,1.1779764E-12
0,275990,1.1770845E-12
0,276000,1.1761931E-12
0,276010,1.1753025E-12
0,276020,1.1744126E-12
0,276030,1.1735232E-12
0,276040,1.1726346E-12
0,276050,1.1717466E-12
0,276060,1.1708594E-12
0,276070,1.1699728E-12
0,276080,1.1690869E-12
0,276090,1.1682016E-12
0,276100,1.167317E-12
0,276110,1.166433E-12
0,276120,1.1655498E-12
0,276130,1.1646672E-12
0,276140,1.1637853E-12
0,276150,1.1629041E-12
0,276160,1.1620235E-12
0,276170,1.1611436E-12
0,276180,1.1602643E-12
0,276190,1.1593857E-12
0,276200,1.1585078E-12
0,276210,1.1576305E-12
0,276220,1.156754E-12
0,276230,1.155878E-12
0,276240,1.1550027E-12
0,276250,1.1541281E-12
0,276260,1.1532542E-12
0,276270,1.1523809E-12
0,276280,1.1515084E-12
0,276290,1.1506364E-12
0,276300,1.1497651E-12
0,276310,1.1488945E-12
0,276320,1.1480245E-12
0,276330,1.1471552E-12
0,276340,1.1462865E-12
0,276350,1.1454185E-12
0,276360,1.1445511E-12
0,276370,1.1436845E-12
0,276380,1.1428185E-12
0,276390,1.1419531E-12
0,276400,1.1410884E-12
0,276410,1.1402243E-12
0,276420,1.139361E-12
0,276430,1.1384981E-12
0,276440,1.1376361E-12
0,276450,1.1367746E-12
0,276460,1.1359138E-12
0,276470,1.1350536E-12
0,276480,1.1341942E-12
0,276490,1.1333353E-12
0,276500,1.1324771E-12
0,276510,1.1316196E-12
0,276520,1.1307627E-12
0,276530,1.1299065E-12
0,276540,1.1290508E-12
0,276550,1.128196E-12
0,276560,1.1273416E-12
0,276570,1.126488E-12
0,276580,1.125635E-12
0,276590,1.1247826E-12
0,276600,1.1239309E-12
0,276610,1.1230798E-12
0,276620,1.1222294E-12
0,276630,1.1213796E-12
0,276640,1.1205304E-12
0,276650,1.1196819E-12
0,276660,1.1188341E-12
0,276670,1.1179869E-12
0,276680,1.1171403E-12
0,276690,1.1162944E-12
0,276700,1.1154491E-12
0,276710,1.1146045E-12
0,276720,1.1137605E-12
0,276730,1.112917E-12
0,276740,1.1120744E-12
0,276750,1.1112323E-12
0,276760,1.1103909E-12
0,276770,1.10955E-12
0,276780,1.1087098E-12
0,276790,1.1078703E-12
0,276800,1.1070314E-12
0,276810,1.106193E-12
0,276820,1.1053555E-12
0,276830,1.1045185E-12
0,276840,1.103682E-12
0,276850,1.1028463E-12
0,276860,1.1020113E-12
0,276870,1.1011768E-12
0,276880,1.1003429E-12
0,276890,1.0995097E-12
0,276900,1.0986771E-12
0,276910,1.0978452E-12
0,276920,1.0970139E-12
0,276930,1.0961831E-12
0,276940,1.0953531E-12
0,276950,1.0945237E-12
0,276960,1.0936949E-12
0,276970,1.0928667E-12
0,276980,1.0920392E-12
0,276990,1.0912123E-12
0,277000,1.0903859E-12
0,277010,1.0895603E-12
0,277020,1.0887352E-12
0,277030,1.0879108E-12
0,277040,1.087087E-12
0,277050,1.0862639E-12
0,277060,1.0854413E-12
0,277070,1.0846194E-12
0,277080,1.0837981E-12
0,277090,1.0829775E-12
0,277100,1.0821574E-12
0,277110,1.0813379E-12
0,277120,1.0805191E-12
0,277130,1.0797009E-12
0,277140,1.0788833E-12
0,277150,1.0780663E-12
0,277160,1.07725E-12
0,277170,1.0764343E-12
0,277180,1.0756192E-12
0,277190,1.0748047E-12
0,277200,1.0739908E-12
0,277210,1.0731776E-12
0,277220,1.072365E-12
0,277230,1.0715529E-12
0,277240,1.0707415E-12
0,277250,1.0699307E-12
0,277260,1.0691205E-12
0,277270,1.0683109E-12
0,277280,1.067502E-12
0,277290,1.0666937E-12
0,277300,1.065886E-12
0,277310,1.0650788E-12
0,277320,1.0642724E-12
0,277330,1.0634664E-12
0,277340,1.0626611E-12
0,277350,1.0618564E-12
0,277360,1.0610524E-12
0,277370,1.0602489E-12
0,277380,1.059446E-12
0,277390,1.0586438E-12
0,277400,1.0578422E-12
0,277410,1.0570412E-12
0,277420,1.0562408E-12
0,277430,1.055441E-12
0,277440,1.0546417E-12
0,277450,1.0538431E-12
0,277460,1.0530451E-12
0,277470,1.0522478E-12
0,277480,1.0514509E-12
0,277490,1.0506548E-12
0,277500,1.0498592E-12
0,277510,1.0490643E-12
0,277520,1.0482699E-12
0,277530,1.047476E-12
0,277540,1.0466829E-12
0,277550,1.0458903E-12
0,277560,1.0450984E-12
0,277570,1.044307E-12
0,277580,1.0435162E-12
0,277590,1.042726E-12
0,277600,1.0419364E-12
0,277610,1.0411474E-12
0,277620,1.0403591E-12
0,277630,1.0395713E-12
0,277640,1.0387841E-12
0,277650,1.0379975E-12
0,277660,1.0372114E-12
0,277670,1.036426E-12
0,277680,1.0356413E-12
0,277690,1.0348571E-12
0,277700,1.0340734E-12
0,277710,1.0332904E-12
0,277720,1.032508E-12
0,277730,1.0317261E-12
0,277740,1.0309449E-12
0,277750,1.0301642E-12
0,277760,1.0293842E-12
0,277770,1.0286047E-12
0,277780,1.0278258E-12
0,277790,1.0270475E-12
0,277800,1.0262698E-12
0,277810,1.0254926E-12
0,277820,1.0247161E-12
0,277830,1.0239402E-12
0,277840,1.0231648E-12
0,277850,1.0223901E-12
0,277860,1.0216158E-12
0,277870,1.0208423E-12
0,277880,1.0200692E-12
0,277890,1.0192968E-12
0,277900,1.018525E-12
0,277910,1.0177538E-12
0,277920,1.016983E-12
0,277930,1.016213E-12
0,277940,1.0154435E-12
0,277950,1.0146746E-12
0,277960,1.0139063E-12
0,277970,1.0131385E-12
0,277980,1.0123713E-12
0,277990,1.0116048E-12
0,278000,1.0108387E-12
0,278010,1.0100733E-12
0,278020,1.0093084E-12
0,278030,1.0085442E-12
0,278040,1.0077804E-12
0,278050,1.0070173E-12
0,278060,1.0062548E-12
0,278070,1.0054928E-12
0,278080,1.0047315E-12
0,278090,1.0039707E-12
0,278100,1.0032104E-12
0,278110,1.0024507E-12
0,278120,1.0016917E-12
0,278130,1.0009332E-12
0,278140,1.0001752E-12
0,278150,9.994179E-13
0,278160,9.986611E-13
0,278170,9.979049E-13
0,278180,9.971492E-13
0,278190,9.963942E-13
0,278200,9.956397E-13
0,278210,9.948857E-13
0,278220,9.941324E-13
0,278230,9.933796E-13
0,278240,9.926274E-13
0,278250,9.918757E-13
0,278260,9.911246E-13
0,278270,9.903741E-13
0,278280,9.896242E-13
0,278290,9.888749E-13
0,278300,9.88126E-13
0,278310,9.873778E-13
0,278320,9.866302E-13
0,278330,9.85883E-13
0,278340,9.851365E-13
0,278350,9.843905E-13
0,278360,9.836451E-13
0,278370,9.829003E-13
0,278380,9.82156E-13
0,278390,9.814123E-13
0,278400,9.806691E-13
0,278410,9.799265E-13
0,278420,9.791845E-13
0,278430,9.78443E-13
0,278440,9.777022E-13
0,278450,9.769618E-13
0,278460,9.76222E-13
0,278470,9.754828E-13
0,278480,9.747442E-13
0,278490,9.74006E-13
0,278500,9.732684E-13
0,278510,9.725315E-13
0,278520,9.717951E-13
0,278530,9.710592E-13
0,278540,9.703239E-13
0,278550,9.695892E-13
0,278560,9.68855E-13
0,278570,9.681213E-13
0,278580,9.673883E-13
0,278590,9.666557E-13
0,278600,9.659237E-13
0,278610,9.651923E-13
0,278620,9.644615E-13
0,278630,9.637312E-13
0,278640,9.630014E-13
0,278650,9.622721E-13
0,278660,9.615435E-13
0,278670,9.608154E-13
0,278680,9.600878E-13
0,278690,9.593608E-13
0,278700,9.586343E-13
0,278710,9.579084E-13
0,278720,9.571831E-13
0,278730,9.564583E-13
0,278740,9.557341E-13
0,278750,9.550104E-13
0,278760,9.542872E-13
0,278770,9.535646E-13
0,278780,9.528425E-13
0,278790,9.52121E-13
0,278800,9.514E-13
0,278810,9.506796E-13
0,278820,9.499597E-13
0,278830,9.492404E-13
0,278840,9.485215E-13
0,278850,9.478034E-13
0,278860,9.470856E-13
0,278870,9.463685E-13
0,278880,9.456519E-13
0,278890,9.449358E-13
0,278900,9.442203E-13
0,278910,9.435053E-13
0,278920,9.427909E-13
0,278930,9.420769E-13
0,278940,9.413635E-13
0,278950,9.406508E-13
0,278960,9.399384E-13
0,278970,9.392267E-13
0,278980,9.385154E-13
0,278990,9.378048E-13
0,279000,9.370947E-13
0,279010,9.363851E-13
0,279020,9.35676E-13
0,279030,9.349675E-13
0,279040,9.342595E-13
0,279050,9.335521E-13
0,279060,9.328452E-13
0,279070,9.321388E-13
0,279080,9.31433E-13
0,279090,9.307276E-13
0,279100,9.300229E-13
0,279110,9.293187E-13
0,279120,9.286149E-13
0,279130,9.279117E-13
0,279140,9.272092E-13
0,279150,9.26507E-13
0,279160,9.258054E-13
0,279170,9.251044E-13
0,279180,9.244039E-13
0,279190,9.237039E-13
0,279200,9.230044E-13
0,279210,9.223055E-13
0,279220,9.216072E-13
0,279230,9.209093E-13
0,279240,9.202119E-13
0,279250,9.195151E-13
0,279260,9.188188E-13
0,279270,9.181231E-13
0,279280,9.174279E-13
0,279290,9.167332E-13
0,279300,9.16039E-13
0,279310,9.153454E-13
0,279320,9.146523E-13
0,279330,9.139597E-13
0,279340,9.132675E-13
0,279350,9.12576E-13
0,279360,9.118849E-13
