"IndividualId","Time [min]","Organism|PeripheralVenousBlood|Compound1|Plasma (Peripheral Venous Blood) [µmol/l]"
0,0,0
0,10,28.080568
0,20,49.2487
0,30,57.324898
0,40,59.467422
0,50,58.868385
0,60,57.04475
0,70,54.730766
0,80,52.278717
0,90,49.85203
0,100,47.521503
0,110,45.313187
0,120,43.232162
0,130,41.27429
0,140,39.43187
0,150,37.69628
0,160,36.059128
0,170,34.5127
0,180,33.050064
0,190,31.665064
0,200,30.35222
0,210,29.106642
0,220,27.923937
0,230,26.800148
0,240,25.731676
0,250,24.715235
0,260,23.747808
0,270,22.826616
0,280,21.949081
0,290,21.11281
0,300,20.315578
0,310,19.555302
0,320,18.830034
0,330,18.13795
0,340,17.477335
0,350,16.846573
0,360,16.244152
0,370,15.668638
0,380,15.118684
0,390,14.593017
0,400,14.090432
0,410,13.609795
0,420,13.150029
0,430,12.710117
0,440,12.289098
0,450,11.886057
0,460,11.500132
0,470,11.130502
0,480,10.776392
0,490,10.437065
0,500,10.111822
0,510,9.800001
0,520,9.500972
0,530,9.214136
0,540,8.938928
0,550,8.674808
0,560,8.421262
0,570,8.177807
0,580,7.9439774
0,590,7.719336
0,600,7.5034633
0,610,7.2959633
0,620,7.0964565
0,630,6.904585
0,640,6.720006
0,650,6.542394
0,660,6.37144
0,670,6.206849
0,680,6.048341
0,690,5.895648
0,700,5.748517
0,710,5.606705
0,720,5.469982
0,730,5.3381286
0,740,5.210935
0,750,5.088203
0,760,4.9697413
0,770,4.85537
0,780,4.744917
0,790,4.638217
0,800,4.5351133
0,810,4.435457
0,820,4.339106
0,830,4.2459235
0,840,4.1557803
0,850,4.068553
0,860,3.9841232
0,870,3.9023788
0,880,3.823212
0,890,3.7465203
0,900,3.672206
0,910,3.6001751
0,920,3.530339
0,930,3.462612
0,940,3.3969128
0,950,3.3331637
0,960,3.27129
0,970,3.211221
0,980,3.1528885
0,990,3.0962276
0,1000,3.0411763
0,1010,2.9876752
0,1020,2.9356675
0,1030,2.8850985
0,1040,2.8359165
0,1050,2.7880716
0,1060,2.741516
0,1070,2.6962044
0,1080,2.652093
0,1090,2.6091397
0,1100,2.5673046
0,1110,2.526549
0,1120,2.4868364
0,1130,2.4481313
0,1140,2.4104
0,1150,2.3736098
0,1160,2.3377295
0,1170,2.3027294
0,1180,2.2685807
0,1190,2.235256
0,1200,2.2027285
0,1210,2.1709733
0,1220,2.1399658
0,1230,2.1096823
0,1240,2.0801005
0,1250,2.051199
0,1260,2.0229564
0,1270,1.9953532
0,1280,1.9683698
0,1290,1.9419879
0,1300,1.9161893
0,1310,1.8909572
0,1320,1.866275
0,1330,1.8421265
0,1340,1.8184966
0,1350,1.7953705
0,1360,1.7727338
0,1370,1.7505729
0,1380,1.7288744
0,1390,1.7076257
0,1400,1.6868143
0,1410,1.6664283
0,1420,1.6464562
0,1430,1.6268871
0,1440,1.6077099
0,1450,29.669249
0,1460,50.81921
0,1470,58.877323
0,1480,61.0021
0,1490,60.38572
0,1500,58.545067
0,1510,56.214447
0,1520,53.745995
0,1530,51.303215
0,1540,48.95691
0,1550,46.733112
0,1560,44.636883
0,1570,42.6641
0,1580,40.80705
0,1590,39.05709
0,1600,37.40583
0,1610,35.84555
0,1620,34.369312
0,1630,32.970955
0,1640,31.644989
0,1650,30.38652
0,1660,29.191153
0,1670,28.054922
0,1680,26.974226
0,1690,25.945772
0,1700,24.96654
0,1710,24.033743
0,1720,23.144802
0,1730,22.29732
0,1740,21.489065
0,1750,20.71795
0,1760,19.982027
0,1770,19.279463
0,1780,18.60854
0,1790,17.967642
0,1800,17.35525
0,1810,16.769928
0,1820,16.210325
0,1830,15.675164
0,1840,15.1632395
0,1850,14.67341
0,1860,14.204599
0,1870,13.755786
0,1880,13.326005
0,1890,12.91434
0,1900,12.519925
0,1910,12.141939
0,1920,11.779601
0,1930,11.432172
0,1940,11.098949
0,1950,10.77927
0,1960,10.472497
0,1970,10.178039
0,1980,9.895317
0,1990,9.6238
0,2000,9.362966
0,2010,9.112333
0,2020,8.871432
0,2030,8.639824
0,2040,8.417087
0,2050,8.202823
0,2060,7.99665
0,2070,7.7982097
0,2080,7.6071553
0,2090,7.4231615
0,2100,7.2459164
0,2110,7.0751233
0,2120,6.910501
0,2130,6.7517796
0,2140,6.598705
0,2150,6.451031
0,2160,6.308529
0,2170,6.1709747
0,2180,6.0381594
0,2190,5.909881
0,2200,5.7859497
0,2210,5.66618
0,2220,5.550401
0,2230,5.4384475
0,2240,5.3301573
0,2250,5.2253838
0,2260,5.123986
0,2270,5.025821
0,2280,4.930762
0,2290,4.8386846
0,2300,4.749469
0,2310,4.6630006
0,2320,4.579171
0,2330,4.497877
0,2340,4.4190187
0,2350,4.342501
0,2360,4.2682343
0,2370,4.1961317
0,2380,4.126111
0,2390,4.058093
0,2400,3.992003
0,2410,3.9277692
0,2420,3.8653226
0,2430,3.8045976
0,2440,3.7455313
0,2450,3.6880636
0,2460,3.6321383
0,2470,3.5776994
0,2480,3.524694
0,2490,3.4730706
0,2500,3.4227798
0,2510,3.373776
0,2520,3.326016
0,2530,3.2794554
0,2540,3.2340531
0,2550,3.1897707
0,2560,3.146571
0,2570,3.1044178
0,2580,3.063277
0,2590,3.023115
0,2600,2.9839005
0,2610,2.9456036
0,2620,2.9081945
0,2630,2.8716455
0,2640,2.8359292
0,2650,2.8010197
0,2660,2.766892
0,2670,2.7335224
0,2680,2.7008874
0,2690,2.6689649
0,2700,2.6377332
0,2710,2.6071725
0,2720,2.5772622
0,2730,2.5479836
0,2740,2.5193186
0,2750,2.491249
0,2760,2.4637587
0,2770,2.4368305
0,2780,2.410449
0,2790,2.3845992
0,2800,2.3592663
0,2810,2.3344357
0,2820,2.3100944
0,2830,2.286229
0,2840,2.2628264
0,2850,2.2398748
0,2860,2.2173626
0,2870,2.1952782
0,2880,2.17361
0,2890,30.23267
0,2900,51.380196
0,2910,59.435894
0,2920,61.558266
0,2930,60.939507
0,2940,59.0965
0,2950,56.76355
0,2960,54.292786
0,2970,51.847706
0,2980,49.499138
0,2990,47.273087
0,3000,45.17464
0,3010,43.19965
0,3020,41.34041
0,3030,39.58828
0,3040,37.934868
0,3050,36.372456
0,3060,34.894104
0,3070,33.493652
0,3080,32.16561
0,3090,30.905083
0,3100,29.707676
0,3110,28.569424
0,3120,27.48672
0,3130,26.456276
0,3140,25.475073
0,3150,24.54032
0,3160,23.649437
0,3170,22.800032
0,3180,21.989868
0,3190,21.216862
0,3200,20.47906
0,3210,19.774633
0,3220,19.101864
0,3230,18.459135
0,3240,17.844925
0,3250,17.2578
0,3260,16.696407
0,3270,16.15947
0,3280,15.645783
0,3290,15.154207
0,3300,14.683662
0,3310,14.233129
0,3320,13.801639
0,3330,13.38828
0,3340,12.992183
0,3350,12.612527
0,3360,12.248532
0,3370,11.89946
0,3380,11.564608
0,3390,11.24331
0,3400,10.934935
0,3410,10.638878
0,3420,10.354576
0,3430,10.081477
0,3440,9.8190775
0,3450,9.566887
0,3460,9.324435
0,3470,9.091294
0,3480,8.867028
0,3490,8.651249
0,3500,8.443578
0,3510,8.243645
0,3520,8.051114
0,3530,7.8656516
0,3540,7.6869483
0,3550,7.514711
0,3560,7.3486495
0,3570,7.188503
0,3580,7.03401
0,3590,6.8849287
0,3600,6.7410293
0,3610,6.6020856
0,3620,6.467891
0,3630,6.338242
0,3640,6.2129436
0,3650,6.0918174
0,3660,5.9746947
0,3670,5.8614006
0,3680,5.751777
0,3690,5.64568
0,3700,5.542971
0,3710,5.443504
0,3720,5.3471484
0,3730,5.2537847
0,3740,5.1632943
0,3750,5.075561
0,3760,4.990476
0,3770,4.907935
0,3780,4.827837
0,3790,4.7500906
0,3800,4.674604
0,3810,4.6012883
0,3820,4.530059
0,3830,4.4608417
0,3840,4.393559
0,3850,4.3281384
0,3860,4.2645106
0,3870,4.202611
0,3880,4.142376
0,3890,4.083746
0,3900,4.026664
0,3910,3.9710736
0,3920,3.9169233
0,3930,3.864162
0,3940,3.812741
0,3950,3.7626169
0,3960,3.7137432
0,3970,3.6660776
0,3980,3.619578
0,3990,3.5742037
0,4000,3.5299163
0,4010,3.4866905
0,4020,3.4444845
0,4030,3.4032638
0,4040,3.3629954
0,4050,3.3236463
0,4060,3.2851858
0,4070,3.2476003
0,4080,3.2108529
0,4090,3.1749167
0,4100,3.1397657
0,4110,3.1053743
0,4120,3.0717182
0,4130,3.038786
0,4140,3.0065491
0,4150,2.9749873
0,4160,2.94408
0,4170,2.913808
0,4180,2.8841531
0,4190,2.8551009
0,4200,2.8266323
0,4210,2.798731
0,4220,2.7713814
0,4230,2.744568
0,4240,2.7182765
0,4250,2.6924937
0,4260,2.6672049
0,4270,2.6423972
0,4280,2.6180575
0,4290,2.5941734
0,4300,2.5707328
0,4310,2.5477262
0,4320,2.525141
0,4330,30.583324
0,4340,51.729904
0,4350,59.784687
0,4360,61.90617
0,4370,61.286526
0,4380,59.44267
0,4390,57.108826
0,4400,54.637173
0,4410,52.191204
0,4420,49.841747
0,4430,47.614834
0,4440,45.515526
0,4450,43.539677
0,4460,41.67958
0,4470,39.9266
0,4480,38.272346
0,4490,36.70909
0,4500,35.229904
0,4510,33.82862
0,4520,32.499752
0,4530,31.2384
0,4540,30.040173
0,4550,28.901104
0,4560,27.81759
0,4570,26.78634
0,4580,25.804333
0,4590,24.86878
0,4600,23.977102
0,4610,23.126905
0,4620,22.315954
0,4630,21.542164
0,4640,20.803583
0,4650,20.098381
0,4660,19.424839
0,4670,18.78134
0,4680,18.166365
0,4690,17.57848
0,4700,17.016329
0,4710,16.47864
0,4720,15.964202
0,4730,15.471879
0,4740,15.000591
0,4750,14.549317
0,4760,14.117092
0,4770,13.702999
0,4780,13.30617
0,4790,12.925786
0,4800,12.561065
0,4810,12.21127
0,4820,11.8757
0,4830,11.553688
0,4840,11.244604
0,4850,10.94784
0,4860,10.662831
0,4870,10.389038
0,4880,10.125935
0,4890,9.873045
0,4900,9.62991
0,4910,9.396073
0,4920,9.171129
0,4930,8.954679
0,4940,8.746335
0,4950,8.54574
0,4960,8.35255
0,4970,8.166435
0,4980,7.9870806
0,4990,7.8141904
0,5000,7.647483
0,5010,7.4866867
0,5020,7.3315463
0,5030,7.18182
0,5040,7.037275
0,5050,6.8976903
0,5060,6.762856
0,5070,6.6325717
0,5080,6.506648
0,5090,6.3849015
0,5100,6.2671576
0,5110,6.153249
0,5120,6.04302
0,5130,5.936323
0,5140,5.8330107
0,5150,5.7329416
0,5160,5.635983
0,5170,5.542023
0,5180,5.450934
0,5190,5.3626
0,5200,5.276909
0,5210,5.1937637
0,5220,5.113066
0,5230,5.0347185
0,5240,4.958629
0,5250,4.884712
0,5260,4.8128896
0,5270,4.743079
0,5280,4.6752067
0,5290,4.6091986
0,5300,4.5449886
0,5310,4.482511
0,5320,4.421701
0,5330,4.3624988
0,5340,4.3048463
0,5350,4.2486906
0,5360,4.1939774
0,5370,4.140655
0,5380,4.0886736
0,5390,4.037991
0,5400,3.9885602
0,5410,3.9403381
0,5420,3.8932834
0,5430,3.8473577
0,5440,3.8025243
0,5450,3.7587461
0,5460,3.7159886
0,5470,3.674218
0,5480,3.633404
0,5490,3.5935154
0,5500,3.5545228
0,5510,3.5163975
0,5520,3.4791133
0,5530,3.4426441
0,5540,3.4069645
0,5550,3.3720505
0,5560,3.337879
0,5570,3.3044283
0,5580,3.2716765
0,5590,3.239603
0,5600,3.2081876
0,5610,3.1774118
0,5620,3.1472573
0,5630,3.117706
0,5640,3.0887408
0,5650,3.0603452
0,5660,3.0325038
0,5670,3.0052013
0,5680,2.9784224
0,5690,2.9521532
0,5700,2.9263804
0,5710,2.9010901
0,5720,2.87627
0,5730,2.8519073
0,5740,2.8279905
0,5750,2.804508
0,5760,2.7814486
0,5770,30.839142
0,5780,51.985275
0,5790,60.039593
0,5800,62.16061
0,5810,61.54051
0,5820,59.696156
0,5830,57.36186
0,5840,54.889755
0,5850,52.443348
0,5860,50.09346
0,5870,47.86607
0,5880,45.766308
0,5890,43.79001
0,5900,41.929466
0,5910,40.17605
0,5920,38.521347
0,5930,36.957653
0,5940,35.478027
0,5950,34.076305
0,5960,32.746998
0,5970,31.485214
0,5980,30.286554
0,5990,29.147053
0,6000,28.06311
0,6010,27.031431
0,6020,26.048998
0,6030,25.11302
0,6040,24.22092
0,6050,23.370302
0,6060,22.558931
0,6070,21.784723
0,6080,21.045725
0,6090,20.340109
0,6100,19.666153
0,6110,19.022243
0,6120,18.406858
0,6130,17.818563
0,6140,17.256008
0,6150,16.717913
0,6160,16.203072
0,6170,15.710347
0,6180,15.238658
0,6190,14.786985
0,6200,14.3543625
0,6210,13.939874
0,6220,13.542651
0,6230,13.161873
0,6240,12.796761
0,6250,12.446575
0,6260,12.110606
0,6270,11.7882
0,6280,11.478717
0,6290,11.181558
0,6300,10.896166
0,6310,10.621982
0,6320,10.358508
0,6330,10.105248
0,6340,9.861738
0,6350,9.627542
0,6360,9.402226
0,6370,9.185405
0,6380,8.976688
0,6390,8.775718
0,6400,8.582152
0,6410,8.395658
0,6420,8.215928
0,6430,8.0426655
0,6440,7.8755856
0,6450,7.7144237
0,6460,7.5589123
0,6470,7.408814
0,6480,7.263901
0,6490,7.1239567
0,6500,6.9887466
0,6510,6.858087
0,6520,6.731794
0,6530,6.60969
0,6540,6.4915776
0,6550,6.3773065
0,6560,6.2667217
0,6570,6.159675
0,6580,6.056013
0,6590,5.9556026
0,6600,5.858311
0,6610,5.764011
0,6620,5.67259
0,6630,5.5839276
0,6640,5.4979134
0,6650,5.4144397
0,6660,5.333417
0,6670,5.2547455
0,6680,5.1783333
0,6690,5.1040936
0,6700,5.031947
0,6710,4.961814
0,6720,4.893619
0,6730,4.8272915
0,6740,4.7627616
0,6750,4.6999645
0,6760,4.6388364
0,6770,4.5793176
0,6780,4.5213513
0,6790,4.464882
0,6800,4.4098554
0,6810,4.3562202
0,6820,4.3039303
0,6830,4.2529383
0,6840,4.2031984
0,6850,4.154668
0,6860,4.1073065
0,6870,4.0610757
0,6880,4.015937
0,6890,3.9718537
0,6900,3.9287925
0,6910,3.88672
0,6920,3.8456042
0,6930,3.8054147
0,6940,3.766122
0,6950,3.7276988
0,6960,3.6901171
0,6970,3.653351
0,6980,3.6173763
0,6990,3.5821693
0,7000,3.5477064
0,7010,3.513965
0,7020,3.480923
0,7030,3.4485593
0,7040,3.4168568
0,7050,3.3857965
0,7060,3.3553586
0,7070,3.3255246
0,7080,3.2962768
0,7090,3.2675974
0,7100,3.2394743
0,7110,3.2118928
0,7120,3.1848361
0,7130,3.1582892
0,7140,3.132238
0,7150,3.1066682
0,7160,3.08157
0,7170,3.056931
0,7180,3.0327384
0,7190,3.0089803
0,7200,2.9856455
0,7210,31.043274
0,7220,52.18892
0,7230,60.24299
0,7240,62.363724
0,7250,61.743217
0,7260,59.89858
0,7270,57.564022
0,7280,55.09165
0,7290,52.644993
0,7300,50.294853
0,7310,48.06724
0,7320,45.96724
0,7330,43.990692
0,7340,42.129887
0,7350,40.376205
0,7360,38.721245
0,7370,37.157288
0,7380,35.677402
0,7390,34.27542
0,7400,32.945858
0,7410,31.683813
0,7420,30.484898
0,7430,29.34514
0,7440,28.260942
0,7450,27.22901
0,7460,26.246323
0,7470,25.310093
0,7480,24.417742
0,7490,23.566874
0,7500,22.755253
0,7510,21.980795
0,7520,21.24155
0,7530,20.535685
0,7540,19.861483
0,7550,19.217329
0,7560,18.601698
0,7570,18.01316
0,7580,17.45036
0,7590,16.912022
0,7600,16.39694
0,7610,15.903975
0,7620,15.432046
0,7630,14.980135
0,7640,14.547274
0,7650,14.132548
0,7660,13.735091
0,7670,13.35408
0,7680,12.988737
0,7690,12.638321
0,7700,12.302132
0,7710,11.979503
0,7720,11.669803
0,7730,11.372431
0,7740,11.086818
0,7750,10.812422
0,7760,10.548728
0,7770,10.295247
0,7780,10.051517
0,7790,9.817094
0,7800,9.5915575
0,7810,9.37451
0,7820,9.165569
0,7830,8.9643755
0,7840,8.770583
0,7850,8.583864
0,7860,8.40391
0,7870,8.230418
0,7880,8.06311
0,7890,7.901723
0,7900,7.7459903
0,7910,7.595677
0,7920,7.4505496
0,7930,7.310384
0,7940,7.174975
0,7950,7.044115
0,7960,6.917617
0,7970,6.7952995
0,7980,6.6769834
0,7990,6.5625076
0,8000,6.451712
0,8010,6.3444448
0,8020,6.2405653
0,8030,6.139932
0,8040,6.0424166
0,8050,5.9478955
0,8060,5.8562455
0,8070,5.7673564
0,8080,5.6811166
0,8090,5.5974207
0,8100,5.5161724
0,8110,5.4372797
0,8120,5.3606496
0,8130,5.28619
0,8140,5.213825
0,8150,5.1434793
0,8160,5.0750775
0,8170,5.0085387
0,8180,4.9438004
0,8190,4.8807983
0,8200,4.81947
0,8210,4.7597513
0,8220,4.7015862
0,8230,4.644919
0,8240,4.5896955
0,8250,4.5358663
0,8260,4.483383
0,8270,4.4321976
0,8280,4.3822637
0,8290,4.33354
0,8300,4.285987
0,8310,4.239564
0,8320,4.1942325
0,8330,4.1499577
0,8340,4.1067047
0,8350,4.0644407
0,8360,4.023134
0,8370,3.9827545
0,8380,3.943272
0,8390,3.9046593
0,8400,3.866889
0,8410,3.8299348
0,8420,3.793773
0,8430,3.7583718
0,8440,3.7237113
0,8450,3.6897724
0,8460,3.656533
0,8470,3.6239743
0,8480,3.5920794
0,8490,3.5608277
0,8500,3.5302014
0,8510,3.5001812
0,8520,3.4707499
0,8530,3.4418898
0,8540,3.413588
0,8550,3.3858278
0,8560,3.3585913
0,8570,3.3318658
0,8580,3.305641
0,8590,3.2798984
0,8600,3.2546237
0,8610,3.2298121
0,8620,3.2054467
0,8630,3.1815138
0,8640,3.158006
0,8650,31.215302
0,8660,52.36093
0,8670,60.414814
0,8680,62.535378
0,8690,61.9148
0,8700,60.069904
0,8710,57.73523
0,8720,55.26271
0,8730,52.81587
0,8740,50.46553
0,8750,48.23773
0,8760,46.13754
0,8770,44.160812
0,8780,42.299835
0,8790,40.545982
0,8800,38.890854
0,8810,37.326725
0,8820,35.846672
0,8830,34.444523
0,8840,33.11479
0,8850,31.852583
0,8860,30.6535
0,8870,29.513578
0,8880,28.429214
0,8890,27.397116
0,8900,26.414265
0,8910,25.47787
0,8920,24.585356
0,8930,23.734324
0,8940,22.922539
0,8950,22.147919
0,8960,21.40851
0,8970,20.702484
0,8980,20.02812
0,8990,19.383804
0,9000,18.768013
0,9010,18.179316
0,9020,17.616354
0,9030,17.077858
0,9040,16.562616
0,9050,16.06949
0,9060,15.597404
0,9070,15.145331
0,9080,14.712311
0,9090,14.297426
0,9100,13.899811
0,9110,13.518641
0,9120,13.153138
0,9130,12.802561
0,9140,12.466208
0,9150,12.1434145
0,9160,11.833552
0,9170,11.536016
0,9180,11.250244
0,9190,10.975687
0,9200,10.711839
0,9210,10.458202
0,9220,10.214318
0,9230,9.979741
0,9240,9.754054
0,9250,9.536852
0,9260,9.327762
0,9270,9.126415
0,9280,8.932474
0,9290,8.745604
0,9300,8.565491
0,9310,8.391843
0,9320,8.224389
0,9330,8.062833
0,9340,7.906931
0,9350,7.75645
0,9360,7.611173
0,9370,7.4708405
0,9380,7.3352633
0,9390,7.204248
0,9400,7.077609
0,9410,6.9551454
0,9420,6.836692
0,9430,6.722082
0,9440,6.6111555
0,9450,6.5037656
0,9460,6.3997626
0,9470,6.299006
0,9480,6.2013617
0,9490,6.1067147
0,9500,6.0149384
0,9510,5.9259176
0,9520,5.8395443
0,9530,5.7557173
0,9540,5.6743364
0,9550,5.595309
0,9560,5.5185437
0,9570,5.4439545
0,9580,5.37146
0,9590,5.3009815
0,9600,5.2324443
0,9610,5.1657763
0,9620,5.100908
0,9630,5.0377717
0,9640,4.97631
0,9650,4.916463
0,9660,4.85817
0,9670,4.8013744
0,9680,4.7460213
0,9690,4.692055
0,9700,4.639442
0,9710,4.5881357
0,9720,4.538084
0,9730,4.4892416
0,9740,4.4415636
0,9750,4.3950067
0,9760,4.3495407
0,9770,4.305133
0,9780,4.2617435
0,9790,4.2193403
0,9800,4.1778917
0,9810,4.137367
0,9820,4.0977387
0,9830,4.058981
0,9840,4.021069
0,9850,3.983972
0,9860,3.9476676
0,9870,3.9121323
0,9880,3.8773432
0,9890,3.8432784
0,9900,3.809916
0,9910,3.777235
0,9920,3.7452142
0,9930,3.713833
0,9940,3.6830778
0,9950,3.6529274
0,9960,3.6233642
0,9970,3.5943708
0,9980,3.5659328
0,9990,3.5380352
0,10000,3.5106623
0,10010,3.483801
0,10020,3.4574368
0,10030,3.4315565
0,10040,3.4061477
0,10050,3.381199
0,10060,3.356698
0,10070,3.332633
0,10080,3.308993
0,10090,31.366083
0,10100,52.511646
0,10110,60.56541
0,10120,62.685856
0,10130,62.06518
0,10140,60.220257
0,10150,57.88539
0,10160,55.412716
0,10170,52.965736
0,10180,50.615273
0,10190,48.387344
0,10200,46.287033
0,10210,44.310173
0,10220,42.449074
0,10230,40.6951
0,10240,39.039845
0,10250,37.475597
0,10260,35.995422
0,10270,34.59315
0,10280,33.263298
0,10290,32.00097
0,10300,30.801764
0,10310,29.661722
0,10320,28.577236
0,10330,27.54502
0,10340,26.562046
0,10350,25.625532
0,10360,24.732899
0,10370,23.881746
0,10380,23.069843
0,10390,22.295105
0,10400,21.555578
0,10410,20.849432
0,10420,20.174952
0,10430,19.530518
0,10440,18.914608
0,10450,18.325792
0,10460,17.762714
0,10470,17.2241
0,10480,16.708742
0,10490,16.2155
0,10500,15.743294
0,10510,15.291103
0,10520,14.857957
0,10530,14.442949
0,10540,14.045198
0,10550,13.663906
0,10560,13.298272
0,10570,12.947575
0,10580,12.611106
0,10590,12.2882
0,10600,11.978228
0,10610,11.680584
0,10620,11.394703
0,10630,11.120036
0,10640,10.856078
0,10650,10.602329
0,10660,10.358335
0,10670,10.123645
0,10680,9.897844
0,10690,9.680533
0,10700,9.47133
0,10710,9.269876
0,10720,9.075822
0,10730,8.888847
0,10740,8.708634
0,10750,8.534891
0,10760,8.367329
0,10770,8.20568
0,10780,8.049695
0,10790,7.8991256
0,10800,7.753734
0,10810,7.613308
0,10820,7.4776444
0,10830,7.3465257
0,10840,7.2197704
0,10850,7.0971985
0,10860,6.978636
0,10870,6.8639126
0,10880,6.752872
0,10890,6.645361
0,10900,6.5412397
0,10910,6.440367
0,10920,6.3426104
0,10930,6.2478447
0,10940,6.155954
0,10950,6.066821
0,10960,5.9803376
0,10970,5.896401
0,10980,5.814912
0,10990,5.735776
0,11000,5.6589036
0,11010,5.5842085
0,11020,5.511608
0,11030,5.4410233
0,11040,5.3723817
0,11050,5.3056107
0,11060,5.24064
0,11070,5.1774035
0,11080,5.115836
0,11090,5.055875
0,11100,4.997478
0,11110,4.9405813
0,11120,4.8851295
0,11130,4.83107
0,11140,4.77835
0,11150,4.726919
0,11160,4.676758
0,11170,4.6278095
0,11180,4.58003
0,11190,4.533378
0,11200,4.487814
0,11210,4.443297
0,11220,4.3998137
0,11230,4.3573194
0,11240,4.3157806
0,11250,4.2751665
0,11260,4.2354465
0,11270,4.196592
0,11280,4.1585827
0,11290,4.1213894
0,11300,4.084987
0,11310,4.0493517
0,11320,4.01446
0,11330,3.9802897
0,11340,3.9468215
0,11350,3.914034
0,11360,3.881907
0,11370,3.8504217
0,11380,3.8195593
0,11390,3.7893016
0,11400,3.7596347
0,11410,3.7305405
0,11420,3.7020025
0,11430,3.6740053
0,11440,3.646533
0,11450,3.6195707
0,11460,3.5931094
0,11470,3.5671334
0,11480,3.5416288
0,11490,3.5165834
0,11500,3.4919846
0,11510,3.4678202
0,11520,3.4440823
0,11530,3.4207585
0,11540,3.397838
0,11550,3.3753111
0,11560,3.3531673
0,11570,3.3313973
0,11580,3.309993
0,11590,3.2889452
0,11600,3.268245
0,11610,3.2478845
0,11620,3.2278554
0,11630,3.2081501
0,11640,3.1887612
0,11650,3.1696815
0,11660,3.1509035
0,11670,3.1324203
0,11680,3.1142254
0,11690,3.096312
0,11700,3.0786746
0,11710,3.0613065
0,11720,3.0442019
0,11730,3.0273545
0,11740,3.0107589
0,11750,2.9944093
0,11760,2.9783013
0,11770,2.9624295
0,11780,2.9467885
0,11790,2.9313734
0,11800,2.9161794
0,11810,2.9012017
0,11820,2.8864365
0,11830,2.8718789
0,11840,2.8575249
0,11850,2.84337
0,11860,2.8294106
0,11870,2.815642
0,11880,2.8020613
0,11890,2.7886643
0,11900,2.7754476
0,11910,2.7624073
0,11920,2.74954
0,11930,2.7368426
0,11940,2.7243118
0,11950,2.711944
0,11960,2.6997364
0,11970,2.6876857
0,11980,2.675789
0,11990,2.6640434
0,12000,2.6524463
0,12010,2.6409945
0,12020,2.6296854
0,12030,2.6185164
0,12040,2.6074848
0,12050,2.5965881
0,12060,2.585824
0,12070,2.5751898
0,12080,2.5646832
0,12090,2.554302
0,12100,2.544044
0,12110,2.5339065
0,12120,2.5238879
0,12130,2.5139859
0,12140,2.5041986
0,12150,2.4945235
0,12160,2.4849591
0,12170,2.4755032
0,12180,2.4661539
0,12190,2.4569094
0,12200,2.4477682
0,12210,2.438728
0,12220,2.4297876
0,12230,2.4209447
0,12240,2.4121983
0,12250,2.403546
0,12260,2.394987
0,12270,2.3865192
0,12280,2.3781414
0,12290,2.3698516
0,12300,2.361649
0,12310,2.3535316
0,12320,2.3454983
0,12330,2.3375478
0,12340,2.3296783
0,12350,2.3218887
0,12360,2.314178
0,12370,2.3065445
0,12380,2.2989872
0,12390,2.2915049
0,12400,2.2840962
0,12410,2.2767599
0,12420,2.2694952
0,12430,2.2623007
0,12440,2.2551754
0,12450,2.248118
0,12460,2.2411275
0,12470,2.234203
0,12480,2.2273438
0,12490,2.2205482
0,12500,2.2138157
0,12510,2.207145
0,12520,2.2005353
0,12530,2.193986
0,12540,2.1874955
0,12550,2.1810637
0,12560,2.174689
0,12570,2.168371
0,12580,2.1621087
0,12590,2.1559012
0,12600,2.1497478
0,12610,2.1436477
0,12620,2.1376002
0,12630,2.1316042
0,12640,2.1256592
0,12650,2.1197646
0,12660,2.1139195
0,12670,2.108123
0,12680,2.1023748
0,12690,2.096674
0,12700,2.0910196
0,12710,2.0854115
0,12720,2.0798488
0,12730,2.0743308
0,12740,2.0688572
0,12750,2.0634267
0,12760,2.0580394
0,12770,2.0526946
0,12780,2.0473912
0,12790,2.0421293
0,12800,2.0369077
0,12810,2.0317264
0,12820,2.0265846
0,12830,2.0214818
0,12840,2.0164173
0,12850,2.011391
0,12860,2.0064018
0,12870,2.0014498
0,12880,1.9965342
0,12890,1.9916546
0,12900,1.9868106
0,12910,1.9820015
0,12920,1.9772271
0,12930,1.9724869
0,12940,1.9677802
0,12950,1.963107
0,12960,1.9584665
0,12970,1.9538586
0,12980,1.9492826
0,12990,1.9447384
0,13000,1.9402252
0,13010,1.935743
0,13020,1.9312912
0,13030,1.9268695
0,13040,1.9224776
0,13050,1.918115
0,13060,1.9137814
0,13070,1.9094764
0,13080,1.9051998
0,13090,1.900951
0,13100,1.89673
0,13110,1.8925363
0,13120,1.8883694
0,13130,1.8842293
0,13140,1.8801155
0,13150,1.8760278
0,13160,1.8719659
0,13170,1.8679293
0,13180,1.863918
0,13190,1.8599313
0,13200,1.8559694
0,13210,1.8520318
0,13220,1.8481182
0,13230,1.8442284
0,13240,1.840362
0,13250,1.8365189
0,13260,1.8326987
0,13270,1.8289013
0,13280,1.8251264
0,13290,1.8213737
0,13300,1.8176429
0,13310,1.813934
0,13320,1.8102466
0,13330,1.8065804
0,13340,1.8029354
0,13350,1.799311
0,13360,1.7957075
0,13370,1.7921243
0,13380,1.7885612
0,13390,1.7850182
0,13400,1.781495
0,13410,1.7779914
0,13420,1.774507
0,13430,1.771042
0,13440,1.7675959
0,13450,1.7641686
0,13460,1.76076
0,13470,1.7573696
0,13480,1.7539977
0,13490,1.7506437
0,13500,1.7473077
0,13510,1.7439892
0,13520,1.7406884
0,13530,1.7374051
0,13540,1.7341388
0,13550,1.7308897
0,13560,1.7276573
0,13570,1.7244418
0,13580,1.7212427
0,13590,1.7180601
0,13600,1.7148938
0,13610,1.7117435
0,13620,1.7086092
0,13630,1.7054907
0,13640,1.7023879
0,13650,1.6993006
0,13660,1.6962287
0,13670,1.6931721
0,13680,1.6901306
0,13690,1.687104
0,13700,1.6840923
0,13710,1.6810952
0,13720,1.6781129
0,13730,1.6751448
0,13740,1.6721911
0,13750,1.6692518
0,13760,1.6663264
0,13770,1.6634151
0,13780,1.6605175
0,13790,1.6576337
0,13800,1.6547635
0,13810,1.6519068
0,13820,1.6490635
0,13830,1.6462334
0,13840,1.6434166
0,13850,1.6406128
0,13860,1.6378219
0,13870,1.635044
0,13880,1.6322787
0,13890,1.629526
0,13900,1.6267859
0,13910,1.6240582
0,13920,1.6213429
0,13930,1.6186398
0,13940,1.6159489
0,13950,1.61327
0,13960,1.6106031
0,13970,1.6079481
0,13980,1.6053047
0,13990,1.6026732
0,14000,1.6000531
0,14010,1.5974445
0,14020,1.5948474
0,14030,1.5922617
0,14040,1.5896871
0,14050,1.5871238
0,14060,1.5845715
0,14070,1.5820302
0,14080,1.5794997
0,14090,1.5769801
0,14100,1.5744714
0,14110,1.5719732
0,14120,1.5694857
0,14130,1.5670086
0,14140,1.564542
0,14150,1.5620857
0,14160,1.5596398
0,14170,1.5572041
0,14180,1.5547786
0,14190,1.5523632
0,14200,1.5499576
0,14210,1.5475621
0,14220,1.5451764
0,14230,1.5428005
0,14240,1.5404345
0,14250,1.538078
0,14260,1.5357311
0,14270,1.5333937
0,14280,1.5310658
0,14290,1.5287474
0,14300,1.5264382
0,14310,1.5241385
0,14320,1.5218477
0,14330,1.5195663
0,14340,1.5172938
0,14350,1.5150305
0,14360,1.5127761
0,14370,1.5105306
0,14380,1.508294
0,14390,1.5060662
0,14400,1.5038471
0,14410,1.5016367
0,14420,1.499435
0,14430,1.4972417
0,14440,1.495057
0,14450,1.4928808
0,14460,1.490713
0,14470,1.4885535
0,14480,1.4864024
0,14490,1.4842595
0,14500,1.4821247
0,14510,1.4799982
0,14520,1.4778798
0,14530,1.4757693
0,14540,1.4736669
0,14550,1.4715724
0,14560,1.4694858
0,14570,1.4674071
0,14580,1.4653362
0,14590,1.4632729
0,14600,1.4612175
0,14610,1.4591697
0,14620,1.4571295
0,14630,1.4550968
0,14640,1.4530717
0,14650,1.4510541
0,14660,1.4490439
0,14670,1.4470412
0,14680,1.4450456
0,14690,1.4430574
0,14700,1.4410765
0,14710,1.4391029
0,14720,1.4371363
0,14730,1.435177
0,14740,1.4332247
0,14750,1.4312794
0,14760,1.4293412
0,14770,1.4274099
0,14780,1.4254855
0,14790,1.423568
0,14800,1.4216574
0,14810,1.4197536
0,14820,1.4178566
0,14830,1.4159663
0,14840,1.4140826
0,14850,1.4122056
0,14860,1.4103353
0,14870,1.4084715
0,14880,1.4066143
0,14890,1.4047636
0,14900,1.4029193
0,14910,1.4010814
0,14920,1.39925
0,14930,1.3974249
0,14940,1.3956062
0,14950,1.3937937
0,14960,1.3919874
0,14970,1.3901875
0,14980,1.3883938
0,14990,1.3866061
0,15000,1.3848245
0,15010,1.3830491
0,15020,1.3812797
0,15030,1.3795164
0,15040,1.377759
0,15050,1.3760076
0,15060,1.3742621
0,15070,1.3725225
0,15080,1.3707887
0,15090,1.3690608
0,15100,1.3673387
0,15110,1.3656223
0,15120,1.3639116
0,15130,1.3622067
0,15140,1.3605074
0,15150,1.3588138
0,15160,1.3571258
0,15170,1.3554434
0,15180,1.3537666
0,15190,1.3520951
0,15200,1.3504293
0,15210,1.348769
0,15220,1.347114
0,15230,1.3454645
0,15240,1.3438203
0,15250,1.3421816
0,15260,1.340548
0,15270,1.3389199
0,15280,1.337297
0,15290,1.3356793
0,15300,1.3340669
0,15310,1.3324596
0,15320,1.3308575
0,15330,1.3292606
0,15340,1.3276687
0,15350,1.326082
0,15360,1.3245002
0,15370,1.3229235
0,15380,1.3213519
0,15390,1.3197851
0,15400,1.3182235
0,15410,1.3166666
0,15420,1.3151147
0,15430,1.3135676
0,15440,1.3120254
0,15450,1.3104881
0,15460,1.3089556
0,15470,1.3074279
0,15480,1.3059049
0,15490,1.3043865
0,15500,1.302873
0,15510,1.3013641
0,15520,1.2998599
0,15530,1.2983603
0,15540,1.2968653
0,15550,1.295375
0,15560,1.2938892
0,15570,1.292408
0,15580,1.2909312
0,15590,1.289459
0,15600,1.2879913
0,15610,1.286528
0,15620,1.2850691
0,15630,1.2836146
0,15640,1.2821646
0,15650,1.2807189
0,15660,1.2792776
0,15670,1.2778406
0,15680,1.276408
0,15690,1.2749795
0,15700,1.2735554
0,15710,1.2721355
0,15720,1.2707198
0,15730,1.2693083
0,15740,1.267901
0,15750,1.2664979
0,15760,1.2650989
0,15770,1.263704
0,15780,1.2623132
0,15790,1.2609265
0,15800,1.2595439
0,15810,1.2581654
0,15820,1.2567908
0,15830,1.2554202
0,15840,1.2540536
0,15850,1.252691
0,15860,1.2513323
0,15870,1.2499776
0,15880,1.2486267
0,15890,1.2472798
0,15900,1.2459366
0,15910,1.2445974
0,15920,1.243262
0,15930,1.2419305
0,15940,1.2406027
0,15950,1.2392787
0,15960,1.2379584
0,15970,1.2366419
0,15980,1.2353292
0,15990,1.2340201
0,16000,1.2327147
0,16010,1.231413
0,16020,1.2301149
0,16030,1.2288204
0,16040,1.2275296
0,16050,1.2262424
0,16060,1.2249589
0,16070,1.2236788
0,16080,1.2224023
0,16090,1.2211293
0,16100,1.21986
0,16110,1.218594
0,16120,1.2173315
0,16130,1.2160726
0,16140,1.214817
0,16150,1.2135649
0,16160,1.2123163
0,16170,1.211071
0,16180,1.2098291
0,16190,1.2085906
0,16200,1.2073555
0,16210,1.2061237
0,16220,1.2048951
0,16230,1.20367
0,16240,1.2024481
0,16250,1.2012296
0,16260,1.2000142
0,16270,1.1988021
0,16280,1.1975933
0,16290,1.1963876
0,16300,1.1951853
0,16310,1.193986
0,16320,1.19279
0,16330,1.1915971
0,16340,1.1904074
0,16350,1.1892208
0,16360,1.1880373
0,16370,1.1868569
0,16380,1.1856796
0,16390,1.1845053
0,16400,1.1833342
0,16410,1.1821661
0,16420,1.181001
0,16430,1.1798389
0,16440,1.1786798
0,16450,1.1775237
0,16460,1.1763706
0,16470,1.1752205
0,16480,1.1740733
0,16490,1.1729292
0,16500,1.1717879
0,16510,1.1706494
0,16520,1.169514
0,16530,1.1683812
0,16540,1.1672515
0,16550,1.1661246
0,16560,1.1650006
0,16570,1.1638793
0,16580,1.162761
0,16590,1.1616453
0,16600,1.1605325
0,16610,1.1594225
0,16620,1.1583153
0,16630,1.1572107
0,16640,1.156109
0,16650,1.15501
0,16660,1.1539137
0,16670,1.1528201
0,16680,1.1517292
0,16690,1.150641
0,16700,1.1495554
0,16710,1.1484725
0,16720,1.1473923
0,16730,1.1463147
0,16740,1.1452397
0,16750,1.1441674
0,16760,1.1430976
0,16770,1.1420305
0,16780,1.1409658
0,16790,1.1399038
0,16800,1.1388443
0,16810,1.1377873
0,16820,1.1367329
0,16830,1.135681
0,16840,1.1346318
0,16850,1.1335849
0,16860,1.1325405
0,16870,1.1314985
0,16880,1.1304591
0,16890,1.1294221
0,16900,1.1283875
0,16910,1.1273553
0,16920,1.1263257
0,16930,1.1252984
0,16940,1.1242735
0,16950,1.123251
0,16960,1.1222309
0,16970,1.1212131
0,16980,1.1201978
0,16990,1.1191847
0,17000,1.118174
0,17010,1.1171656
0,17020,1.1161596
0,17030,1.1151558
0,17040,1.1141543
0,17050,1.1131551
0,17060,1.1121583
0,17070,1.1111636
0,17080,1.1101713
0,17090,1.1091812
0,17100,1.1081933
0,17110,1.1072077
0,17120,1.1062242
0,17130,1.105243
0,17140,1.1042639
0,17150,1.1032871
0,17160,1.1023124
0,17170,1.1013399
0,17180,1.1003696
0,17190,1.0994015
0,17200,1.0984354
0,17210,1.0974715
0,17220,1.0965097
0,17230,1.0955501
0,17240,1.0945926
0,17250,1.0936371
0,17260,1.0926837
0,17270,1.0917324
0,17280,1.0907832
0,17290,1.089836
0,17300,1.0888909
0,17310,1.0879478
0,17320,1.0870069
0,17330,1.0860679
0,17340,1.0851309
0,17350,1.084196
0,17360,1.0832629
0,17370,1.082332
0,17380,1.081403
0,17390,1.0804759
0,17400,1.0795509
0,17410,1.0786278
0,17420,1.0777067
0,17430,1.0767875
0,17440,1.0758702
0,17450,1.0749549
0,17460,1.0740415
0,17470,1.0731299
0,17480,1.0722203
0,17490,1.0713125
0,17500,1.0704068
0,17510,1.0695028
0,17520,1.0686007
0,17530,1.0677005
0,17540,1.066802
0,17550,1.0659056
0,17560,1.0650109
0,17570,1.064118
0,17580,1.0632269
0,17590,1.0623378
0,17600,1.0614502
0,17610,1.0605646
0,17620,1.0596808
0,17630,1.0587988
0,17640,1.0579185
0,17650,1.0570401
0,17660,1.0561633
0,17670,1.0552883
0,17680,1.0544151
0,17690,1.0535437
0,17700,1.0526739
0,17710,1.0518059
0,17720,1.0509396
0,17730,1.0500749
0,17740,1.0492121
0,17750,1.0483508
0,17760,1.0474913
0,17770,1.0466335
0,17780,1.0457774
0,17790,1.044923
0,17800,1.0440701
0,17810,1.043219
0,17820,1.0423695
0,17830,1.0415215
0,17840,1.0406754
0,17850,1.0398308
0,17860,1.0389879
0,17870,1.0381465
0,17880,1.0373067
0,17890,1.0364686
0,17900,1.035632
0,17910,1.0347971
0,17920,1.0339637
0,17930,1.033132
0,17940,1.0323017
0,17950,1.031473
0,17960,1.030646
0,17970,1.0298203
0,17980,1.0289963
0,17990,1.0281739
0,18000,1.0273529
0,18010,1.0265336
0,18020,1.0257157
0,18030,1.0248992
0,18040,1.0240844
0,18050,1.0232711
0,18060,1.0224591
0,18070,1.0216489
0,18080,1.0208399
0,18090,1.0200325
0,18100,1.0192266
0,18110,1.0184221
0,18120,1.0176191
0,18130,1.0168176
0,18140,1.0160174
0,18150,1.0152187
0,18160,1.0144216
0,18170,1.0136257
0,18180,1.0128313
0,18190,1.0120385
0,18200,1.0112469
0,18210,1.0104568
0,18220,1.009668
0,18230,1.0088807
0,18240,1.0080948
0,18250,1.0073103
0,18260,1.0065271
0,18270,1.0057453
0,18280,1.0049648
0,18290,1.0041858
0,18300,1.0034081
0,18310,1.0026318
0,18320,1.0018568
0,18330,1.0010831
0,18340,1.0003108
0,18350,0.99953985
0,18360,0.9987702
0,18370,0.9980019
0,18380,0.9972349
0,18390,0.9964692
0,18400,0.9957048
0,18410,0.9949417
0,18420,0.99417996
0,18430,0.99341947
0,18440,0.9926602
0,18450,0.99190235
0,18460,0.9911457
0,18470,0.9903903
0,18480,0.9896362
0,18490,0.9888834
0,18500,0.98813176
0,18510,0.98738146
0,18520,0.9866324
0,18530,0.98588455
0,18540,0.98513794
0,18550,0.9843926
0,18560,0.9836484
0,18570,0.98290557
0,18580,0.98216385
0,18590,0.9814234
0,18600,0.9806841
0,18610,0.9799461
0,18620,0.9792092
0,18630,0.97847354
0,18640,0.9777391
0,18650,0.9770058
0,18660,0.9762737
0,18670,0.9755428
0,18680,0.97481304
0,18690,0.97408444
0,18700,0.9733571
0,18710,0.9726308
0,18720,0.9719057
0,18730,0.9711818
0,18740,0.970459
0,18750,0.96973735
0,18760,0.96901685
0,18770,0.9682975
0,18780,0.96757925
0,18790,0.96686214
0,18800,0.9661461
0,18810,0.9654313
0,18820,0.9647175
0,18830,0.9640049
0,18840,0.9632933
0,18850,0.9625829
0,18860,0.96187353
0,18870,0.9611653
0,18880,0.96045816
0,18890,0.9597521
0,18900,0.9590471
0,18910,0.9583432
0,18920,0.95764035
0,18930,0.95693856
0,18940,0.9562379
0,18950,0.9555383
0,18960,0.95483965
0,18970,0.95414215
0,18980,0.9534457
0,18990,0.9527502
0,19000,0.9520559
0,19010,0.9513625
0,19020,0.9506702
0,19030,0.9499789
0,19040,0.94928867
0,19050,0.94859946
0,19060,0.9479112
0,19070,0.947224
0,19080,0.94653785
0,19090,0.9458527
0,19100,0.94516855
0,19110,0.94448537
0,19120,0.9438032
0,19130,0.943122
0,19140,0.9424419
0,19150,0.9417627
0,19160,0.9410845
0,19170,0.9404073
0,19180,0.939731
0,19190,0.93905574
0,19200,0.93838143
0,19210,0.9377081
0,19220,0.93703574
0,19230,0.93636435
0,19240,0.93569386
0,19250,0.9350244
0,19260,0.9343558
0,19270,0.9336882
0,19280,0.93302155
0,19290,0.9323558
0,19300,0.93169105
0,19310,0.93102723
0,19320,0.9303643
0,19330,0.9297023
0,19340,0.9290412
0,19350,0.9283811
0,19360,0.92772186
0,19370,0.9270635
0,19380,0.92640615
0,19390,0.92574966
0,19400,0.92509407
0,19410,0.9244394
0,19420,0.92378557
0,19430,0.92313266
0,19440,0.92248064
0,19450,0.9218295
0,19460,0.9211793
0,19470,0.92052996
0,19480,0.9198815
0,19490,0.9192339
0,19500,0.9185872
0,19510,0.91794133
0,19520,0.91729635
0,19530,0.91665226
0,19540,0.916009
0,19550,0.9153666
0,19560,0.91472507
0,19570,0.9140844
0,19580,0.9134446
0,19590,0.9128056
0,19600,0.91216743
0,19610,0.91153014
0,19620,0.9108937
0,19630,0.91025805
0,19640,0.90962327
0,19650,0.9089893
0,19660,0.9083562
0,19670,0.9077239
0,19680,0.90709245
0,19690,0.9064618
0,19700,0.90583193
0,19710,0.9052029
0,19720,0.9045747
0,19730,0.9039473
0,19740,0.90332067
0,19750,0.9026949
0,19760,0.90206987
0,19770,0.9014457
0,19780,0.9008223
0,19790,0.90019965
0,19800,0.89957786
0,19810,0.89895684
0,19820,0.8983366
0,19830,0.8977171
0,19840,0.8970984
0,19850,0.8964805
0,19860,0.8958634
0,19870,0.89524704
0,19880,0.89463145
0,19890,0.8940166
0,19900,0.8934026
0,19910,0.8927893
0,19920,0.89217675
0,19930,0.89156497
0,19940,0.89095396
0,19950,0.8903437
0,19960,0.8897342
0,19970,0.8891254
0,19980,0.88851744
0,19990,0.8879101
0,20000,0.8873036
0,20010,0.8866978
0,20020,0.8860927
0,20030,0.8854884
0,20040,0.88488483
0,20050,0.88428193
0,20060,0.8836798
0,20070,0.8830784
0,20080,0.8824777
0,20090,0.8818778
0,20100,0.8812785
0,20110,0.88067997
0,20120,0.88008213
0,20130,0.8794851
0,20140,0.87888867
0,20150,0.8782929
0,20160,0.87769794
0,20170,0.8771037
0,20180,0.8765101
0,20190,0.8759172
0,20200,0.875325
0,20210,0.8747335
0,20220,0.8741427
0,20230,0.8735526
0,20240,0.8729632
0,20250,0.8723744
0,20260,0.87178636
0,20270,0.871199
0,20280,0.87061226
0,20290,0.8700263
0,20300,0.8694409
0,20310,0.86885625
0,20320,0.86827224
0,20330,0.8676889
0,20340,0.86710626
0,20350,0.8665243
0,20360,0.8659429
0,20370,0.8653622
0,20380,0.8647822
0,20390,0.86420286
0,20400,0.86362416
0,20410,0.8630461
0,20420,0.8624687
0,20430,0.861892
0,20440,0.86131585
0,20450,0.8607404
0,20460,0.8601656
0,20470,0.8595914
0,20480,0.8590179
0,20490,0.858445
0,20500,0.8578727
0,20510,0.8573011
0,20520,0.8567301
0,20530,0.85615975
0,20540,0.85559005
0,20550,0.85502094
0,20560,0.85445243
0,20570,0.8538846
0,20580,0.8533174
0,20590,0.8527507
0,20600,0.8521848
0,20610,0.85161936
0,20620,0.8510546
0,20630,0.85049045
0,20640,0.8499269
0,20650,0.849364
0,20660,0.8488017
0,20670,0.84823996
0,20680,0.84767884
0,20690,0.8471183
0,20700,0.8465584
0,20710,0.84599906
0,20720,0.8454403
0,20730,0.84488225
0,20740,0.8443247
0,20750,0.84376776
0,20760,0.8432114
0,20770,0.84265566
0,20780,0.8421005
0,20790,0.8415459
0,20800,0.8409919
0,20810,0.8404385
0,20820,0.83988565
0,20830,0.8393334
0,20840,0.8387817
0,20850,0.8382306
0,20860,0.8376801
0,20870,0.8371301
0,20880,0.83658075
0,20890,0.8360319
0,20900,0.8354837
0,20910,0.83493596
0,20920,0.83438885
0,20930,0.83384234
0,20940,0.8332963
0,20950,0.83275086
0,20960,0.832206
0,20970,0.8316617
0,20980,0.8311179
0,20990,0.83057475
0,21000,0.83003205
0,21010,0.82949
0,21020,0.82894844
0,21030,0.8284074
0,21040,0.827867
0,21050,0.8273271
0,21060,0.8267877
0,21070,0.8262489
0,21080,0.8257106
0,21090,0.82517284
0,21100,0.8246356
0,21110,0.82409894
0,21120,0.82356286
0,21130,0.82302725
0,21140,0.8224922
0,21150,0.82195765
0,21160,0.82142365
0,21170,0.8208902
0,21180,0.8203572
0,21190,0.8198248
0,21200,0.8192929
0,21210,0.8187615
0,21220,0.8182307
0,21230,0.8177003
0,21240,0.8171705
0,21250,0.8166412
0,21260,0.81611246
0,21270,0.8155842
0,21280,0.81505644
0,21290,0.8145292
0,21300,0.81400245
0,21310,0.81347626
0,21320,0.81295055
0,21330,0.8124254
0,21340,0.8119007
0,21350,0.81137645
0,21360,0.81085277
0,21370,0.8103296
0,21380,0.80980694
0,21390,0.80928475
0,21400,0.8087631
0,21410,0.8082419
0,21420,0.8077212
0,21430,0.80720097
0,21440,0.8066813
0,21450,0.80616206
0,21460,0.8056434
0,21470,0.8051251
0,21480,0.8046074
0,21490,0.80409014
0,21500,0.80357337
0,21510,0.80305713
0,21520,0.8025413
0,21530,0.802026
0,21540,0.80151117
0,21550,0.80099684
0,21560,0.8004829
0,21570,0.79996955
0,21580,0.79945666
0,21590,0.79894423
0,21600,0.79843223
0,21610,0.79792076
0,21620,0.7974097
0,21630,0.7968992
0,21640,0.7963891
0,21650,0.79587954
0,21660,0.7953704
0,21670,0.79486173
0,21680,0.7943535
0,21690,0.7938458
0,21700,0.7933385
0,21710,0.79283166
0,21720,0.7923253
0,21730,0.79181945
0,21740,0.791314
0,21750,0.79080904
0,21760,0.79030454
0,21770,0.78980047
0,21780,0.78929687
0,21790,0.7887937
0,21800,0.78829104
0,21810,0.78778875
0,21820,0.787287
0,21830,0.78678566
0,21840,0.78628474
0,21850,0.7857843
0,21860,0.7852843
0,21870,0.78478473
0,21880,0.78428566
0,21890,0.78378695
0,21900,0.7832888
0,21910,0.78279096
0,21920,0.7822936
0,21930,0.78179675
0,21940,0.7813003
0,21950,0.7808043
0,21960,0.78030866
0,21970,0.7798135
0,21980,0.7793188
0,21990,0.77882457
0,22000,0.7783307
0,22010,0.7778373
0,22020,0.7773443
0,22030,0.7768518
0,22040,0.7763596
0,22050,0.77586794
0,22060,0.7753767
0,22070,0.77488583
0,22080,0.77439547
0,22090,0.77390546
0,22100,0.77341586
0,22110,0.77292675
0,22120,0.77243805
0,22130,0.7719497
0,22140,0.77146184
0,22150,0.7709744
0,22160,0.77048737
0,22170,0.77000076
0,22180,0.76951456
0,22190,0.7690288
0,22200,0.76854336
0,22210,0.7680584
0,22220,0.7675739
0,22230,0.7670897
0,22240,0.76660603
0,22250,0.7661227
0,22260,0.76563984
0,22270,0.76515734
0,22280,0.76467526
0,22290,0.76419353
0,22300,0.7637123
0,22310,0.76323146
0,22320,0.762751
0,22330,0.7622709
0,22340,0.7617913
0,22350,0.761312
0,22360,0.76083314
0,22370,0.7603547
0,22380,0.75987667
0,22390,0.759399
0,22400,0.75892174
0,22410,0.7584449
0,22420,0.7579685
0,22430,0.7574924
0,22440,0.7570167
0,22450,0.7565415
0,22460,0.75606656
0,22470,0.7555921
0,22480,0.755118
0,22490,0.75464433
0,22500,0.754171
0,22510,0.75369805
0,22520,0.75322556
0,22530,0.7527534
0,22540,0.7522816
0,22550,0.75181025
0,22560,0.75133926
0,22570,0.7508687
0,22580,0.75039846
0,22590,0.74992865
0,22600,0.74945915
0,22610,0.7489901
0,22620,0.74852145
0,22630,0.74805313
0,22640,0.7475852
0,22650,0.74711764
0,22660,0.74665046
0,22670,0.7461837
0,22680,0.7457173
0,22690,0.74525124
0,22700,0.74478555
0,22710,0.7443203
0,22720,0.74385536
0,22730,0.7433908
0,22740,0.74292666
0,22750,0.7424629
0,22760,0.74199945
0,22770,0.7415364
0,22780,0.7410737
0,22790,0.7406114
0,22800,0.74014944
0,22810,0.73968786
0,22820,0.73922664
0,22830,0.73876584
0,22840,0.73830533
0,22850,0.73784524
0,22860,0.73738545
0,22870,0.7369261
0,22880,0.73646706
0,22890,0.7360084
0,22900,0.7355501
0,22910,0.73509216
0,22920,0.7346346
0,22930,0.7341774
0,22940,0.73372054
0,22950,0.733264
0,22960,0.7328079
0,22970,0.7323521
0,22980,0.7318967
0,22990,0.7314416
0,23000,0.7309869
0,23010,0.7305325
0,23020,0.7300785
0,23030,0.72962487
0,23040,0.7291716
0,23050,0.72871864
0,23060,0.72826606
0,23070,0.7278138
0,23080,0.7273619
0,23090,0.72691035
0,23100,0.72645915
0,23110,0.7260083
0,23120,0.7255578
0,23130,0.72510767
0,23140,0.7246579
0,23150,0.7242084
0,23160,0.7237593
0,23170,0.72331053
0,23180,0.7228621
0,23190,0.722414
0,23200,0.7219663
0,23210,0.72151893
0,23220,0.72107184
0,23230,0.72062516
0,23240,0.7201788
0,23250,0.71973276
0,23260,0.7192871
0,23270,0.71884173
0,23280,0.7183967
0,23290,0.7179521
0,23300,0.7175077
0,23310,0.7170637
0,23320,0.7166201
0,23330,0.71617675
0,23340,0.71573377
0,23350,0.7152911
0,23360,0.71484876
0,23370,0.7144068
0,23380,0.7139651
0,23390,0.7135238
0,23400,0.71308285
0,23410,0.7126422
0,23420,0.71220183
0,23430,0.71176183
0,23440,0.7113222
0,23450,0.71088284
0,23460,0.71044385
0,23470,0.71000516
0,23480,0.70956683
0,23490,0.7091288
0,23500,0.7086911
0,23510,0.70825374
0,23520,0.70781666
0,23530,0.70738
0,23540,0.7069436
0,23550,0.7065075
0,23560,0.70607173
0,23570,0.7056363
0,23580,0.7052012
0,23590,0.70476645
0,23600,0.704332
0,23610,0.70389783
0,23620,0.70346403
0,23630,0.7030305
0,23640,0.7025974
0,23650,0.70216453
0,23660,0.701732
0,23670,0.7012998
0,23680,0.7008679
0,23690,0.7004363
0,23700,0.700005
0,23710,0.69957405
0,23720,0.6991434
0,23730,0.6987131
0,23740,0.6982831
0,23750,0.6978534
0,23760,0.69742405
0,23770,0.69699496
0,23780,0.6965662
0,23790,0.6961378
0,23800,0.69570965
0,23810,0.69528186
0,23820,0.6948543
0,23830,0.69442713
0,23840,0.69400024
0,23850,0.6935737
0,23860,0.6931474
0,23870,0.6927215
0,23880,0.69229585
0,23890,0.6918705
0,23900,0.69144547
0,23910,0.6910207
0,23920,0.69059634
0,23930,0.6901722
0,23940,0.6897484
0,23950,0.6893249
0,23960,0.6889017
0,23970,0.6884788
0,23980,0.68805623
0,23990,0.68763393
0,24000,0.687212
0,24010,0.6867903
0,24020,0.6863689
0,24030,0.68594784
0,24040,0.6855271
0,24050,0.6851066
0,24060,0.6846864
0,24070,0.68426657
0,24080,0.68384695
0,24090,0.6834277
0,24100,0.68300873
0,24110,0.68259007
0,24120,0.6821717
0,24130,0.6817536
0,24140,0.6813358
0,24150,0.68091834
0,24160,0.68050116
0,24170,0.6800842
0,24180,0.67966765
0,24190,0.6792513
0,24200,0.67883533
0,24210,0.6784196
0,24220,0.6780042
0,24230,0.67758906
0,24240,0.6771742
0,24250,0.6767597
0,24260,0.67634547
0,24270,0.6759315
0,24280,0.6755178
0,24290,0.67510444
0,24300,0.6746914
0,24310,0.67427856
0,24320,0.67386603
0,24330,0.67345387
0,24340,0.67304194
0,24350,0.6726303
0,24360,0.6722189
0,24370,0.6718079
0,24380,0.6713971
0,24390,0.6709866
0,24400,0.6705764
0,24410,0.6701665
0,24420,0.6697569
0,24430,0.6693475
0,24440,0.6689385
0,24450,0.6685297
0,24460,0.6681212
0,24470,0.66771305
0,24480,0.6673051
0,24490,0.6668975
0,24500,0.66649014
0,24510,0.66608304
0,24520,0.6656763
0,24530,0.6652698
0,24540,0.6648635
0,24550,0.6644576
0,24560,0.66405195
0,24570,0.6636466
0,24580,0.6632415
0,24590,0.6628367
0,24600,0.66243213
0,24610,0.66202784
0,24620,0.6616239
0,24630,0.6612202
0,24640,0.6608167
0,24650,0.6604136
0,24660,0.66001076
0,24670,0.6596081
0,24680,0.65920585
0,24690,0.6588038
0,24700,0.658402
0,24710,0.6580005
0,24720,0.65759933
0,24730,0.65719837
0,24740,0.6567977
0,24750,0.65639734
0,24760,0.6559972
0,24770,0.6555974
0,24780,0.6551978
0,24790,0.6547985
0,24800,0.6543995
0,24810,0.65400076
0,24820,0.6536023
0,24830,0.6532041
0,24840,0.65280616
0,24850,0.6524085
0,24860,0.6520111
0,24870,0.651614
0,24880,0.6512171
0,24890,0.65082055
0,24900,0.65042424
0,24910,0.65002817
0,24920,0.64963245
0,24930,0.6492369
0,24940,0.6488417
0,24950,0.64844674
0,24960,0.64805204
0,24970,0.6476576
0,24980,0.6472634
0,24990,0.64686954
0,25000,0.64647585
0,25010,0.6460825
0,25020,0.6456894
0,25030,0.6452966
0,25040,0.644904
0,25050,0.6445117
0,25060,0.6441196
0,25070,0.6437279
0,25080,0.64333636
0,25090,0.6429451
0,25100,0.6425541
0,25110,0.6421634
0,25120,0.6417729
0,25130,0.64138275
0,25140,0.64099276
0,25150,0.6406031
0,25160,0.64021367
0,25170,0.63982457
0,25180,0.63943565
0,25190,0.639047
0,25200,0.63865864
0,25210,0.63827056
0,25220,0.6378827
0,25230,0.6374951
0,25240,0.63710773
0,25250,0.63672066
0,25260,0.6363339
0,25270,0.6359473
0,25280,0.635561
0,25290,0.63517493
0,25300,0.63478917
0,25310,0.63440365
0,25320,0.63401836
0,25330,0.6336334
0,25340,0.6332486
0,25350,0.6328641
0,25360,0.63247985
0,25370,0.6320959
0,25380,0.63171214
0,25390,0.63132864
0,25400,0.6309454
0,25410,0.6305624
0,25420,0.6301797
0,25430,0.6297973
0,25440,0.62941504
0,25450,0.6290331
0,25460,0.6286514
0,25470,0.6282699
0,25480,0.62788874
0,25490,0.62750775
0,25500,0.62712705
0,25510,0.62674665
0,25520,0.62636644
0,25530,0.6259865
0,25540,0.6256068
0,25550,0.62522733
0,25560,0.6248482
0,25570,0.6244692
0,25580,0.62409055
0,25590,0.62371206
0,25600,0.6233339
0,25610,0.622956
0,25620,0.62257826
0,25630,0.6222008
0,25640,0.6218236
0,25650,0.62144667
0,25660,0.62106997
0,25670,0.6206935
0,25680,0.6203173
0,25690,0.61994135
0,25700,0.6195656
0,25710,0.61919016
0,25720,0.61881495
0,25730,0.61844
0,25740,0.61806524
0,25750,0.61769074
0,25760,0.6173165
0,25770,0.61694247
0,25780,0.61656874
0,25790,0.6161952
0,25800,0.61582196
0,25810,0.61544895
0,25820,0.6150762
0,25830,0.61470366
0,25840,0.61433136
0,25850,0.6139593
0,25860,0.6135875
0,25870,0.6132159
0,25880,0.61284465
0,25890,0.61247355
0,25900,0.6121027
0,25910,0.6117321
0,25920,0.61136174
0,25930,0.61099166
0,25940,0.61062175
0,25950,0.61025214
0,25960,0.6098828
0,25970,0.6095136
0,25980,0.6091447
0,25990,0.60877603
0,26000,0.60840756
0,26010,0.6080394
0,26020,0.60767144
0,26030,0.60730374
0,26040,0.6069362
0,26050,0.606569
0,26060,0.606202
0,26070,0.60583526
0,26080,0.6054687
0,26090,0.6051024
0,26100,0.6047364
0,26110,0.60437053
0,26120,0.604005
0,26130,0.60363966
0,26140,0.6032745
0,26150,0.6029097
0,26160,0.602545
0,26170,0.6021806
0,26180,0.6018165
0,26190,0.6014525
0,26200,0.6010888
0,26210,0.60072535
0,26220,0.6003621
0,26230,0.5999991
0,26240,0.5996364
0,26250,0.59927386
0,26260,0.5989116
0,26270,0.59854954
0,26280,0.5981877
0,26290,0.5978261
0,26300,0.59746474
0,26310,0.5971036
0,26320,0.5967427
0,26330,0.596382
0,26340,0.5960216
0,26350,0.5956614
0,26360,0.59530145
0,26370,0.59494174
0,26380,0.5945822
0,26390,0.5942229
0,26400,0.59386384
0,26410,0.5935051
0,26420,0.59314644
0,26430,0.5927881
0,26440,0.59243
0,26450,0.59207207
0,26460,0.59171444
0,26470,0.591357
0,26480,0.5909998
0,26490,0.59064275
0,26500,0.590286
0,26510,0.5899295
0,26520,0.5895732
0,26530,0.5892171
0,26540,0.5888613
0,26550,0.5885057
0,26560,0.58815026
0,26570,0.58779514
0,26580,0.5874402
0,26590,0.5870855
0,26600,0.58673096
0,26610,0.5863767
0,26620,0.5860227
0,26630,0.58566886
0,26640,0.5853153
0,26650,0.58496195
0,26660,0.5846088
0,26670,0.5842559
0,26680,0.5839032
0,26690,0.58355075
0,26700,0.58319855
0,26710,0.5828465
0,26720,0.58249474
0,26730,0.5821432
0,26740,0.5817918
0,26750,0.5814407
0,26760,0.5810898
0,26770,0.58073914
0,26780,0.5803887
0,26790,0.5800385
0,26800,0.5796885
0,26810,0.57933867
0,26820,0.57898915
0,26830,0.5786398
0,26840,0.5782907
0,26850,0.5779418
0,26860,0.57759315
0,26870,0.57724464
0,26880,0.5768964
0,26890,0.5765484
0,26900,0.5762006
0,26910,0.57585305
0,26920,0.57550573
0,26930,0.5751586
0,26940,0.57481164
0,26950,0.574465
0,26960,0.5741185
0,26970,0.57377225
0,26980,0.5734262
0,26990,0.5730804
0,27000,0.5727348
0,27010,0.5723894
0,27020,0.57204425
0,27030,0.5716993
0,27040,0.57135457
0,27050,0.57101005
0,27060,0.5706658
0,27070,0.5703217
0,27080,0.5699778
0,27090,0.5696342
0,27100,0.56929076
0,27110,0.56894755
0,27120,0.5686046
0,27130,0.5682618
0,27140,0.56791925
0,27150,0.5675769
0,27160,0.56723475
0,27170,0.56689286
0,27180,0.56655115
0,27190,0.5662097
0,27200,0.56586844
0,27210,0.5655274
0,27220,0.5651865
0,27230,0.56484586
0,27240,0.56450546
0,27250,0.5641653
0,27260,0.5638253
0,27270,0.5634855
0,27280,0.563146
0,27290,0.5628066
0,27300,0.5624675
0,27310,0.5621286
0,27320,0.5617899
0,27330,0.5614514
0,27340,0.5611131
0,27350,0.56077504
0,27360,0.56043714
0,27370,0.56009954
0,27380,0.5597621
0,27390,0.5594249
0,27400,0.5590879
0,27410,0.55875105
0,27420,0.55841446
0,27430,0.5580781
0,27440,0.55774194
0,27450,0.55740595
0,27460,0.55707026
0,27470,0.5567347
0,27480,0.55639935
0,27490,0.55606425
0,27500,0.5557293
0,27510,0.55539465
0,27520,0.55506015
0,27530,0.5547259
0,27540,0.5543918
0,27550,0.55405796
0,27560,0.5537243
0,27570,0.55339086
0,27580,0.5530576
0,27590,0.5527246
0,27600,0.55239177
0,27610,0.5520592
0,27620,0.55172676
0,27630,0.5513945
0,27640,0.5510625
0,27650,0.55073076
0,27660,0.5503992
0,27670,0.55006784
0,27680,0.5497367
0,27690,0.5494057
0,27700,0.54907495
0,27710,0.5487444
0,27720,0.54841405
0,27730,0.54808396
0,27740,0.547754
0,27750,0.54742426
0,27760,0.54709476
0,27770,0.54676545
0,27780,0.54643637
0,27790,0.5461075
0,27800,0.54577875
0,27810,0.54545027
0,27820,0.54512197
0,27830,0.5447939
0,27840,0.544466
0,27850,0.5441383
0,27860,0.54381084
0,27870,0.5434836
0,27880,0.5431565
0,27890,0.54282963
0,27900,0.542503
0,27910,0.54217654
0,27920,0.54185027
0,27930,0.54152423
0,27940,0.5411984
0,27950,0.54087275
0,27960,0.5405473
0,27970,0.54022205
0,27980,0.539897
0,27990,0.5395722
0,28000,0.5392476
0,28010,0.5389231
0,28020,0.5385989
0,28030,0.5382748
0,28040,0.537951
0,28050,0.5376274
0,28060,0.5373039
0,28070,0.5369807
0,28080,0.5366577
0,28090,0.5363349
0,28100,0.53601223
0,28110,0.5356898
0,28120,0.53536755
0,28130,0.5350455
0,28140,0.5347237
0,28150,0.5344021
0,28160,0.5340806
0,28170,0.5337594
0,28180,0.5334384
0,28190,0.53311753
0,28200,0.53279686
0,28210,0.5324764
0,28220,0.5321562
0,28230,0.53183615
0,28240,0.5315163
0,28250,0.53119665
0,28260,0.53087723
0,28270,0.53055793
0,28280,0.5302389
0,28290,0.52992004
0,28300,0.5296014
0,28310,0.5292829
0,28320,0.52896464
0,28330,0.5286466
0,28340,0.5283287
0,28350,0.528011
0,28360,0.5276935
0,28370,0.52737623
0,28380,0.52705914
0,28390,0.5267423
0,28400,0.52642554
0,28410,0.52610904
0,28420,0.5257928
0,28430,0.52547663
0,28440,0.52516073
0,28450,0.524845
0,28460,0.52452946
0,28470,0.52421415
0,28480,0.52389896
0,28490,0.52358407
0,28500,0.5232693
0,28510,0.5229547
0,28520,0.52264035
0,28530,0.5223262
0,28540,0.52201223
0,28550,0.5216984
0,28560,0.52138484
0,28570,0.52107143
0,28580,0.5207582
0,28590,0.5204452
0,28600,0.5201324
0,28610,0.5198198
0,28620,0.51950735
0,28630,0.5191951
0,28640,0.51888305
0,28650,0.5185712
0,28660,0.5182595
0,28670,0.51794803
0,28680,0.5176368
0,28690,0.5173257
0,28700,0.5170148
0,28710,0.5167041
0,28720,0.51639354
0,28730,0.51608324
0,28740,0.5157731
0,28750,0.5154632
0,28760,0.5151534
0,28770,0.5148438
0,28780,0.5145345
0,28790,0.51422524
0,28800,0.51391625
0,28810,0.5136075
0,28820,0.51329887
0,28830,0.5129904
0,28840,0.5126822
0,28850,0.51237416
0,28860,0.5120663
0,28870,0.5117586
0,28880,0.5114511
0,28890,0.51114386
0,28900,0.5108368
0,28910,0.5105298
0,28920,0.5102231
0,28930,0.5099166
0,28940,0.50961024
0,28950,0.50930405
0,28960,0.5089981
0,28970,0.5086923
0,28980,0.50838673
0,28990,0.5080813
0,29000,0.5077761
0,29010,0.507471
0,29020,0.5071662
0,29030,0.5068615
0,29040,0.50655705
0,29050,0.50625277
0,29060,0.50594866
0,29070,0.50564474
0,29080,0.505341
0,29090,0.5050375
0,29100,0.5047341
0,29110,0.50443095
0,29120,0.504128
0,29130,0.5038251
0,29140,0.5035225
0,29150,0.5032201
0,29160,0.5029179
0,29170,0.5026158
0,29180,0.5023139
0,29190,0.50201225
0,29200,0.5017107
0,29210,0.5014094
0,29220,0.5011083
0,29230,0.50080734
0,29240,0.5005065
0,29250,0.50020593
0,29260,0.49990556
0,29270,0.49960536
0,29280,0.4993053
0,29290,0.49900547
0,29300,0.4987058
0,29310,0.49840632
0,29320,0.49810702
0,29330,0.4978079
0,29340,0.49750897
0,29350,0.4972102
0,29360,0.49691164
0,29370,0.49661326
0,29380,0.49631506
0,29390,0.49601704
0,29400,0.4957192
0,29410,0.49542153
0,29420,0.49512404
0,29430,0.49482676
0,29440,0.49452963
0,29450,0.4942327
0,29460,0.49393597
0,29470,0.4936394
0,29480,0.493343
0,29490,0.4930468
0,29500,0.49275076
0,29510,0.49245495
0,29520,0.49215928
0,29530,0.4918638
0,29540,0.49156848
0,29550,0.49127334
0,29560,0.49097842
0,29570,0.49068365
0,29580,0.49038908
0,29590,0.49009466
0,29600,0.48980045
0,29610,0.4895064
0,29620,0.48921254
0,29630,0.48891884
0,29640,0.48862535
0,29650,0.488332
0,29660,0.48803887
0,29670,0.48774588
0,29680,0.4874531
0,29690,0.48716047
0,29700,0.48686805
0,29710,0.48657578
0,29720,0.48628372
0,29730,0.4859918
0,29740,0.4857001
0,29750,0.48540854
0,29760,0.4851172
0,29770,0.484826
0,29780,0.48453498
0,29790,0.48424414
0,29800,0.4839535
0,29810,0.48366302
0,29820,0.48337272
0,29830,0.4830826
0,29840,0.48279265
0,29850,0.48250285
0,29860,0.48221326
0,29870,0.48192385
0,29880,0.4816346
0,29890,0.48134553
0,29900,0.48105663
0,29910,0.48076794
0,29920,0.4804794
0,29930,0.48019102
0,29940,0.47990283
0,29950,0.47961482
0,29960,0.479327
0,29970,0.4790393
0,29980,0.47875184
0,29990,0.4784645
0,30000,0.47817737
0,30010,0.47789043
0,30020,0.4776036
0,30030,0.477317
0,30040,0.47703058
0,30050,0.4767443
0,30060,0.47645822
0,30070,0.4761723
0,30080,0.47588655
0,30090,0.475601
0,30100,0.4753156
0,30110,0.47503036
0,30120,0.47474533
0,30130,0.47446045
0,30140,0.47417575
0,30150,0.4738912
0,30160,0.47360685
0,30170,0.47332266
0,30180,0.47303867
0,30190,0.4727548
0,30200,0.47247115
0,30210,0.47218767
0,30220,0.47190434
0,30230,0.4716212
0,30240,0.4713382
0,30250,0.47105542
0,30260,0.47077277
0,30270,0.4704903
0,30280,0.47020802
0,30290,0.4699259
0,30300,0.46964395
0,30310,0.4693622
0,30320,0.46908057
0,30330,0.46879914
0,30340,0.4685179
0,30350,0.4682368
0,30360,0.46795586
0,30370,0.46767512
0,30380,0.46739453
0,30390,0.46711412
0,30400,0.4668339
0,30410,0.46655384
0,30420,0.46627393
0,30430,0.4659942
0,30440,0.46571463
0,30450,0.46543524
0,30460,0.46515602
0,30470,0.46487698
0,30480,0.4645981
0,30490,0.46431938
0,30500,0.46404085
0,30510,0.46376246
0,30520,0.46348426
0,30530,0.46320623
0,30540,0.46292835
0,30550,0.46265066
0,30560,0.46237314
0,30570,0.46209577
0,30580,0.46181858
0,30590,0.46154153
0,30600,0.4612647
0,30610,0.460988
0,30620,0.46071148
0,30630,0.46043512
0,30640,0.46015894
0,30650,0.45988292
0,30660,0.45960706
0,30670,0.4593314
0,30680,0.45905587
0,30690,0.45878053
0,30700,0.45850533
0,30710,0.45823032
0,30720,0.45795545
0,30730,0.4576808
0,30740,0.45740625
0,30750,0.45713192
0,30760,0.45685774
0,30770,0.4565837
0,30780,0.45630985
0,30790,0.45603618
0,30800,0.45576265
0,30810,0.4554893
0,30820,0.4552161
0,30830,0.4549431
0,30840,0.45467022
0,30850,0.45439753
0,30860,0.45412502
0,30870,0.45385265
0,30880,0.45358047
0,30890,0.45330843
0,30900,0.45303655
0,30910,0.45276487
0,30920,0.4524933
0,30930,0.45222193
0,30940,0.45195073
0,30950,0.45167968
0,30960,0.4514088
0,30970,0.45113808
0,30980,0.45086753
0,30990,0.45059714
0,31000,0.45032692
0,31010,0.45005685
0,31020,0.44978696
0,31030,0.44951722
0,31040,0.44924766
0,31050,0.44897825
0,31060,0.448709
0,31070,0.44843993
0,31080,0.44817102
0,31090,0.44790226
0,31100,0.44763365
0,31110,0.44736522
0,31120,0.44709694
0,31130,0.44682884
0,31140,0.44656092
0,31150,0.44629312
0,31160,0.44602552
0,31170,0.44575804
0,31180,0.44549075
0,31190,0.44522363
0,31200,0.44495666
0,31210,0.44468984
0,31220,0.4444232
0,31230,0.4441567
0,31240,0.44389036
0,31250,0.4436242
0,31260,0.4433582
0,31270,0.44309235
0,31280,0.4428267
0,31290,0.44256115
0,31300,0.4422958
0,31310,0.44203058
0,31320,0.44176555
0,31330,0.44150066
0,31340,0.44123596
0,31350,0.44097137
0,31360,0.440707
0,31370,0.44044274
0,31380,0.44017866
0,31390,0.43991473
0,31400,0.43965098
0,31410,0.43938738
0,31420,0.43912393
0,31430,0.43886065
0,31440,0.43859753
0,31450,0.43833455
0,31460,0.43807176
0,31470,0.4378091
0,31480,0.43754664
0,31490,0.4372843
0,31500,0.43702212
0,31510,0.43676013
0,31520,0.43649825
0,31530,0.43623656
0,31540,0.43597502
0,31550,0.43571365
0,31560,0.43545243
0,31570,0.43519136
0,31580,0.43493044
0,31590,0.4346697
0,31600,0.4344091
0,31610,0.43414867
0,31620,0.4338884
0,31630,0.4336283
0,31640,0.43336833
0,31650,0.4331085
0,31660,0.43284887
0,31670,0.43258938
0,31680,0.43233004
0,31690,0.43207088
0,31700,0.43181184
0,31710,0.43155298
0,31720,0.4312943
0,31730,0.43103573
0,31740,0.43077734
0,31750,0.4305191
0,31760,0.43026102
0,31770,0.43000308
0,31780,0.42974532
0,31790,0.4294877
0,31800,0.42923024
0,31810,0.42897293
0,31820,0.4287158
0,31830,0.42845878
0,31840,0.42820194
0,31850,0.42794526
0,31860,0.42768875
0,31870,0.42743236
0,31880,0.42717615
0,31890,0.4269201
0,31900,0.42666417
0,31910,0.4264084
0,31920,0.42615283
0,31930,0.42589736
0,31940,0.42564207
0,31950,0.42538694
0,31960,0.42513195
0,31970,0.4248771
0,31980,0.42462245
0,31990,0.42436793
0,32000,0.42411354
0,32010,0.42385933
0,32020,0.42360526
0,32030,0.42335138
0,32040,0.4230976
0,32050,0.422844
0,32060,0.42259055
0,32070,0.42233726
0,32080,0.42208412
0,32090,0.42183113
0,32100,0.4215783
0,32110,0.4213256
0,32120,0.42107308
0,32130,0.42082068
0,32140,0.42056847
0,32150,0.4203164
0,32160,0.42006445
0,32170,0.41981268
0,32180,0.41956106
0,32190,0.41930962
0,32200,0.4190583
0,32210,0.41880712
0,32220,0.4185561
0,32230,0.41830525
0,32240,0.41805452
0,32250,0.41780397
0,32260,0.41755357
0,32270,0.41730332
0,32280,0.4170532
0,32290,0.41680324
0,32300,0.41655344
0,32310,0.41630378
0,32320,0.41605428
0,32330,0.41580492
0,32340,0.41555575
0,32350,0.4153067
0,32360,0.41505778
0,32370,0.41480902
0,32380,0.41456044
0,32390,0.41431198
0,32400,0.41406366
0,32410,0.41381553
0,32420,0.4135675
0,32430,0.41331968
0,32440,0.41307196
0,32450,0.4128244
0,32460,0.412577
0,32470,0.41232973
0,32480,0.41208264
0,32490,0.41183567
0,32500,0.41158888
0,32510,0.4113422
0,32520,0.4110957
0,32530,0.41084933
0,32540,0.41060314
0,32550,0.41035706
0,32560,0.41011113
0,32570,0.40986538
0,32580,0.40961975
0,32590,0.40937427
0,32600,0.40912896
0,32610,0.40888378
0,32620,0.40863875
0,32630,0.40839386
0,32640,0.40814912
0,32650,0.40790454
0,32660,0.4076601
0,32670,0.4074158
0,32680,0.40717167
0,32690,0.40692768
0,32700,0.40668383
0,32710,0.4064401
0,32720,0.40619656
0,32730,0.40595317
0,32740,0.4057099
0,32750,0.40546677
0,32760,0.40522382
0,32770,0.404981
0,32780,0.4047383
0,32790,0.40449578
0,32800,0.4042534
0,32810,0.40401116
0,32820,0.40376908
0,32830,0.4035271
0,32840,0.40328532
0,32850,0.40304366
0,32860,0.40280214
0,32870,0.4025608
0,32880,0.40231958
0,32890,0.4020785
0,32900,0.40183756
0,32910,0.40159678
0,32920,0.40135616
0,32930,0.40111566
0,32940,0.4008753
0,32950,0.4006351
0,32960,0.40039504
0,32970,0.40015513
0,32980,0.39991537
0,32990,0.39967573
0,33000,0.39943627
0,33010,0.39919692
0,33020,0.39895773
0,33030,0.39871868
0,33040,0.3984798
0,33050,0.398241
0,33060,0.3980024
0,33070,0.39776394
0,33080,0.3975256
0,33090,0.39728743
0,33100,0.39704937
0,33110,0.3968115
0,33120,0.39657372
0,33130,0.3963361
0,33140,0.39609864
0,33150,0.39586133
0,33160,0.39562413
0,33170,0.39538708
0,33180,0.39515018
0,33190,0.39491343
0,33200,0.39467683
0,33210,0.39444035
0,33220,0.39420402
0,33230,0.39396784
0,33240,0.3937318
0,33250,0.3934959
0,33260,0.39326015
0,33270,0.39302453
0,33280,0.39278907
0,33290,0.39255372
0,33300,0.39231852
0,33310,0.39208347
0,33320,0.39184856
0,33330,0.3916138
0,33340,0.39137918
0,33350,0.3911447
0,33360,0.39091036
0,33370,0.39067614
0,33380,0.3904421
0,33390,0.39020818
0,33400,0.3899744
0,33410,0.38974077
0,33420,0.38950726
0,33430,0.3892739
0,33440,0.38904068
0,33450,0.3888076
0,33460,0.38857466
0,33470,0.38834187
0,33480,0.38810924
0,33490,0.38787672
0,33500,0.38764432
0,33510,0.3874121
0,33520,0.38718
0,33530,0.38694805
0,33540,0.38671622
0,33550,0.38648456
0,33560,0.38625303
0,33570,0.3860216
0,33580,0.38579035
0,33590,0.38555923
0,33600,0.38532826
0,33610,0.3850974
0,33620,0.3848667
0,33630,0.38463616
0,33640,0.38440573
0,33650,0.38417545
0,33660,0.3839453
0,33670,0.38371527
0,33680,0.3834854
0,33690,0.3832557
0,33700,0.3830261
0,33710,0.38279665
0,33720,0.38256732
0,33730,0.38233814
0,33740,0.3821091
0,33750,0.3818802
0,33760,0.38165143
0,33770,0.3814228
0,33780,0.3811943
0,33790,0.38096595
0,33800,0.38073772
0,33810,0.38050964
0,33820,0.38028172
0,33830,0.3800539
0,33840,0.37982625
0,33850,0.3795987
0,33860,0.37937132
0,33870,0.37914407
0,33880,0.37891695
0,33890,0.37868997
0,33900,0.37846312
0,33910,0.3782364
0,33920,0.37800983
0,33930,0.3777834
0,33940,0.3775571
0,33950,0.37733093
0,33960,0.3771049
0,33970,0.376879
0,33980,0.37665325
0,33990,0.37642762
0,34000,0.37620214
0,34010,0.3759768
0,34020,0.37575158
0,34030,0.3755265
0,34040,0.37530157
0,34050,0.37507674
0,34060,0.3748521
0,34070,0.37462753
0,34080,0.37440315
0,34090,0.37417886
0,34100,0.37395474
0,34110,0.37373075
0,34120,0.37350687
0,34130,0.37328315
0,34140,0.37305954
0,34150,0.37283608
0,34160,0.37261277
0,34170,0.37238958
0,34180,0.3721665
0,34190,0.3719436
0,34200,0.37172082
0,34210,0.37149817
0,34220,0.37127563
0,34230,0.37105325
0,34240,0.370831
0,34250,0.3706089
0,34260,0.3703869
0,34270,0.37016505
0,34280,0.36994332
0,34290,0.36972174
0,34300,0.36950028
0,34310,0.36927897
0,34320,0.36905777
0,34330,0.36883673
0,34340,0.3686158
0,34350,0.36839503
0,34360,0.36817437
0,34370,0.36795387
0,34380,0.36773348
0,34390,0.3675132
0,34400,0.3672931
0,34410,0.3670731
0,34420,0.36685324
0,34430,0.3666335
0,34440,0.36641392
0,34450,0.36619446
0,34460,0.3659751
0,34470,0.36575592
0,34480,0.36553687
0,34490,0.3653179
0,34500,0.36509913
0,34510,0.36488044
0,34520,0.3646619
0,34530,0.3644435
0,34540,0.36422524
0,34550,0.3640071
0,34560,0.36378905
0,34570,0.36357117
0,34580,0.36335343
0,34590,0.3631358
0,34600,0.36291832
0,34610,0.36270094
0,34620,0.3624837
0,34630,0.36226663
0,34640,0.36204967
0,34650,0.36183283
0,34660,0.3616161
0,34670,0.36139953
0,34680,0.36118308
0,34690,0.36096677
0,34700,0.3607506
0,34710,0.36053452
0,34720,0.3603186
0,34730,0.3601028
0,34740,0.35988712
0,34750,0.3596716
0,34760,0.35945618
0,34770,0.35924092
0,34780,0.35902575
0,34790,0.35881075
0,34800,0.35859585
0,34810,0.3583811
0,34820,0.35816646
0,34830,0.35795194
0,34840,0.35773757
0,34850,0.35752332
0,34860,0.35730922
0,34870,0.35709524
0,34880,0.35688138
0,34890,0.35666764
0,34900,0.35645404
0,34910,0.35624057
0,34920,0.35602722
0,34930,0.355814
0,34940,0.35560092
0,34950,0.35538796
0,34960,0.3551751
0,34970,0.3549624
0,34980,0.35474983
0,34990,0.3545374
0,35000,0.35432506
0,35010,0.35411286
0,35020,0.3539008
0,35030,0.35368887
0,35040,0.35347706
0,35050,0.35326537
0,35060,0.3530538
0,35070,0.3528424
0,35080,0.3526311
0,35090,0.3524199
0,35100,0.35220885
0,35110,0.35199794
0,35120,0.35178715
0,35130,0.35157648
0,35140,0.35136592
0,35150,0.35115552
0,35160,0.35094523
0,35170,0.35073507
0,35180,0.35052502
0,35190,0.35031512
0,35200,0.35010532
0,35210,0.3498957
0,35220,0.34968615
0,35230,0.34947672
0,35240,0.34926745
0,35250,0.3490583
0,35260,0.34884927
0,35270,0.34864038
0,35280,0.3484316
0,35290,0.34822294
0,35300,0.3480144
0,35310,0.347806
0,35320,0.34759775
0,35330,0.34738958
0,35340,0.34718156
0,35350,0.34697366
0,35360,0.34676588
0,35370,0.34655824
0,35380,0.3463507
0,35390,0.3461433
0,35400,0.34593603
0,35410,0.34572887
0,35420,0.34552184
0,35430,0.34531495
0,35440,0.34510818
0,35450,0.3449015
0,35460,0.34469497
0,35470,0.3444886
0,35480,0.3442823
0,35490,0.34407613
0,35500,0.3438701
0,35510,0.3436642
0,35520,0.3434584
0,35530,0.34325275
0,35540,0.3430472
0,35550,0.34284177
0,35560,0.3426365
0,35570,0.34243134
0,35580,0.34222627
0,35590,0.34202135
0,35600,0.34181654
0,35610,0.3416119
0,35620,0.34140733
0,35630,0.34120288
0,35640,0.3409986
0,35650,0.3407944
0,35660,0.34059033
0,35670,0.3403864
0,35680,0.34018257
0,35690,0.3399789
0,35700,0.33977532
0,35710,0.33957186
0,35720,0.33936855
0,35730,0.33916533
0,35740,0.33896226
0,35750,0.3387593
0,35760,0.33855644
0,35770,0.33835372
0,35780,0.33815113
0,35790,0.33794865
0,35800,0.33774632
0,35810,0.33754408
0,35820,0.33734196
0,35830,0.33714
0,35840,0.3369381
0,35850,0.33673638
0,35860,0.33653474
0,35870,0.33633325
0,35880,0.33613187
0,35890,0.3359306
0,35900,0.33572945
0,35910,0.33552843
0,35920,0.33532754
0,35930,0.33512676
0,35940,0.3349261
0,35950,0.33472556
0,35960,0.33452517
0,35970,0.33432487
0,35980,0.33412468
0,35990,0.33392462
0,36000,0.3337247
0,36010,0.33352488
0,36020,0.33332518
0,36030,0.33312562
0,36040,0.33292615
0,36050,0.33272684
0,36060,0.3325276
0,36070,0.3323285
0,36080,0.33212954
0,36090,0.33193067
0,36100,0.33173195
0,36110,0.3315333
0,36120,0.33133483
0,36130,0.33113644
0,36140,0.3309382
0,36150,0.33074003
0,36160,0.33054203
0,36170,0.3303441
0,36180,0.33014634
0,36190,0.32994866
0,36200,0.32975113
0,36210,0.3295537
0,36220,0.3293564
0,36230,0.3291592
0,36240,0.32896212
0,36250,0.32876518
0,36260,0.32856834
0,36270,0.3283716
0,36280,0.32817504
0,36290,0.32797855
0,36300,0.32778218
0,36310,0.32758594
0,36320,0.3273898
0,36330,0.3271938
0,36340,0.3269979
0,36350,0.32680213
0,36360,0.32660648
0,36370,0.32641095
0,36380,0.32621554
0,36390,0.3260202
0,36400,0.32582504
0,36410,0.32562995
0,36420,0.325435
0,36430,0.32524016
0,36440,0.32504547
0,36450,0.32485086
0,36460,0.32465637
0,36470,0.324462
0,36480,0.32426775
0,36490,0.3240736
0,36500,0.3238796
0,36510,0.3236857
0,36520,0.32349193
0,36530,0.32329825
0,36540,0.3231047
0,36550,0.32291126
0,36560,0.32271793
0,36570,0.32252476
0,36580,0.32233167
0,36590,0.3221387
0,36600,0.32194585
0,36610,0.32175308
0,36620,0.32156047
0,36630,0.32136795
0,36640,0.32117558
0,36650,0.3209833
0,36660,0.32079113
0,36670,0.32059908
0,36680,0.32040715
0,36690,0.32021534
0,36700,0.32002366
0,36710,0.31983206
0,36720,0.31964058
0,36730,0.31944925
0,36740,0.319258
0,36750,0.31906688
0,36760,0.31887585
0,36770,0.31868497
0,36780,0.3184942
0,36790,0.31830353
0,36800,0.31811297
0,36810,0.31792253
0,36820,0.31773221
0,36830,0.31754202
0,36840,0.3173519
0,36850,0.31716192
0,36860,0.31697208
0,36870,0.3167823
0,36880,0.31659266
0,36890,0.31640315
0,36900,0.31621373
0,36910,0.31602445
0,36920,0.31583527
0,36930,0.3156462
0,36940,0.31545722
0,36950,0.3152684
0,36960,0.31507966
0,36970,0.31489104
0,36980,0.31470254
0,36990,0.31451416
0,37000,0.3143259
0,37010,0.31413773
0,37020,0.31394967
0,37030,0.31376174
0,37040,0.31357393
0,37050,0.3133862
0,37060,0.3131986
0,37070,0.3130111
0,37080,0.31282374
0,37090,0.3126365
0,37100,0.31244934
0,37110,0.3122623
0,37120,0.31207538
0,37130,0.31188858
0,37140,0.31170186
0,37150,0.31151527
0,37160,0.3113288
0,37170,0.31114244
0,37180,0.31095618
0,37190,0.31077006
0,37200,0.31058404
0,37210,0.3103981
0,37220,0.3102123
0,37230,0.31002662
0,37240,0.30984104
0,37250,0.30965558
0,37260,0.3094702
0,37270,0.30928496
0,37280,0.30909982
0,37290,0.3089148
0,37300,0.3087299
0,37310,0.30854508
0,37320,0.3083604
0,37330,0.30817583
0,37340,0.30799136
0,37350,0.307807
0,37360,0.30762273
0,37370,0.3074386
0,37380,0.30725458
0,37390,0.30707067
0,37400,0.30688685
0,37410,0.30670315
0,37420,0.30651957
0,37430,0.3063361
0,37440,0.30615273
0,37450,0.30596948
0,37460,0.30578634
0,37470,0.3056033
0,37480,0.3054204
0,37490,0.30523756
0,37500,0.30505487
0,37510,0.30487227
0,37520,0.3046898
0,37530,0.3045074
0,37540,0.30432513
0,37550,0.30414298
0,37560,0.30396095
0,37570,0.303779
0,37580,0.30359718
0,37590,0.30341545
0,37600,0.30323383
0,37610,0.30305234
0,37620,0.30287096
0,37630,0.30268967
0,37640,0.3025085
0,37650,0.30232742
0,37660,0.30214646
0,37670,0.30196562
0,37680,0.30178487
0,37690,0.30160424
0,37700,0.30142373
0,37710,0.3012433
0,37720,0.301063
0,37730,0.30088282
0,37740,0.30070272
0,37750,0.30052274
0,37760,0.30034286
0,37770,0.3001631
0,37780,0.29998344
0,37790,0.29980388
0,37800,0.29962444
0,37810,0.29944512
0,37820,0.2992659
0,37830,0.29908678
0,37840,0.29890776
0,37850,0.29872885
0,37860,0.29855004
0,37870,0.29837137
0,37880,0.29819277
0,37890,0.2980143
0,37900,0.29783595
0,37910,0.29765767
0,37920,0.29747954
0,37930,0.29730147
0,37940,0.29712355
0,37950,0.29694572
0,37960,0.29676798
0,37970,0.29659036
0,37980,0.29641286
0,37990,0.29623544
0,38000,0.29605815
0,38010,0.29588094
0,38020,0.29570386
0,38030,0.2955269
0,38040,0.29535002
0,38050,0.29517326
0,38060,0.2949966
0,38070,0.29482004
0,38080,0.29464358
0,38090,0.29446724
0,38100,0.294291
0,38110,0.29411486
0,38120,0.29393885
0,38130,0.29376292
0,38140,0.29358712
0,38150,0.2934114
0,38160,0.29323578
0,38170,0.2930603
0,38180,0.2928849
0,38190,0.29270962
0,38200,0.29253444
0,38210,0.29235935
0,38220,0.29218438
0,38230,0.2920095
0,38240,0.29183474
0,38250,0.2916601
0,38260,0.29148555
0,38270,0.2913111
0,38280,0.29113674
0,38290,0.29096252
0,38300,0.29078838
0,38310,0.29061437
0,38320,0.29044044
0,38330,0.2902666
0,38340,0.2900929
0,38350,0.2899193
0,38360,0.28974578
0,38370,0.28957236
0,38380,0.28939906
0,38390,0.28922588
0,38400,0.28905278
0,38410,0.2888798
0,38420,0.28870693
0,38430,0.28853413
0,38440,0.28836146
0,38450,0.2881889
0,38460,0.2880164
0,38470,0.28784406
0,38480,0.2876718
0,38490,0.28749964
0,38500,0.2873276
0,38510,0.28715563
0,38520,0.2869838
0,38530,0.28681204
0,38540,0.2866404
0,38550,0.28646886
0,38560,0.2862974
0,38570,0.2861261
0,38580,0.28595486
0,38590,0.28578374
0,38600,0.2856127
0,38610,0.2854418
0,38620,0.28527096
0,38630,0.28510025
0,38640,0.28492963
0,38650,0.28475913
0,38660,0.28458872
0,38670,0.2844184
0,38680,0.2842482
0,38690,0.28407812
0,38700,0.2839081
0,38710,0.2837382
0,38720,0.2835684
0,38730,0.28339872
0,38740,0.2832291
0,38750,0.28305963
0,38760,0.28289026
0,38770,0.28272095
0,38780,0.28255177
0,38790,0.2823827
0,38800,0.28221372
0,38810,0.28204483
0,38820,0.28187606
0,38830,0.28170738
0,38840,0.28153878
0,38850,0.2813703
0,38860,0.28120193
0,38870,0.28103366
0,38880,0.2808655
0,38890,0.28069744
0,38900,0.28052944
0,38910,0.2803616
0,38920,0.2801938
0,38930,0.28002614
0,38940,0.2798586
0,38950,0.2796911
0,38960,0.27952373
0,38970,0.27935648
0,38980,0.27918932
0,38990,0.27902225
0,39000,0.2788553
0,39010,0.27868843
0,39020,0.27852166
0,39030,0.278355
0,39040,0.27818844
0,39050,0.27802196
0,39060,0.2778556
0,39070,0.27768934
0,39080,0.27752316
0,39090,0.2773571
0,39100,0.27719113
0,39110,0.27702528
0,39120,0.2768595
0,39130,0.27669385
0,39140,0.27652827
0,39150,0.2763628
0,39160,0.27619743
0,39170,0.27603218
0,39180,0.275867
0,39190,0.2757019
0,39200,0.27553695
0,39210,0.2753721
0,39220,0.2752073
0,39230,0.27504262
0,39240,0.27487805
0,39250,0.27471358
0,39260,0.2745492
0,39270,0.27438492
0,39280,0.27422073
0,39290,0.27405664
0,39300,0.27389267
0,39310,0.2737288
0,39320,0.273565
0,39330,0.27340132
0,39340,0.2732377
0,39350,0.27307424
0,39360,0.27291083
0,39370,0.27274755
0,39380,0.27258435
0,39390,0.27242124
0,39400,0.27225822
0,39410,0.27209532
0,39420,0.2719325
0,39430,0.27176982
0,39440,0.2716072
0,39450,0.27144468
0,39460,0.2712823
0,39470,0.27111995
0,39480,0.27095774
0,39490,0.2707956
0,39500,0.27063358
0,39510,0.27047166
0,39520,0.27030984
0,39530,0.2701481
0,39540,0.26998645
0,39550,0.26982492
0,39560,0.26966345
0,39570,0.26950213
0,39580,0.26934087
0,39590,0.2691797
0,39600,0.26901865
0,39610,0.2688577
0,39620,0.26869684
0,39630,0.26853606
0,39640,0.2683754
0,39650,0.26821482
0,39660,0.26805434
0,39670,0.26789397
0,39680,0.2677337
0,39690,0.2675735
0,39700,0.2674134
0,39710,0.2672534
0,39720,0.2670935
0,39730,0.2669337
0,39740,0.266774
0,39750,0.26661438
0,39760,0.26645488
0,39770,0.26629543
0,39780,0.2661361
0,39790,0.26597688
0,39800,0.26581776
0,39810,0.2656587
0,39820,0.26549977
0,39830,0.26534092
0,39840,0.26518217
0,39850,0.26502353
0,39860,0.26486495
0,39870,0.2647065
0,39880,0.26454812
0,39890,0.26438984
0,39900,0.26423165
0,39910,0.26407358
0,39920,0.26391557
0,39930,0.26375768
0,39940,0.26359987
0,39950,0.2634422
0,39960,0.26328456
0,39970,0.26312706
0,39980,0.2629696
0,39990,0.2628123
0,40000,0.26265505
0,40010,0.26249793
0,40020,0.26234087
0,40030,0.26218393
0,40040,0.26202706
0,40050,0.2618703
0,40060,0.26171362
0,40070,0.26155707
0,40080,0.26140058
0,40090,0.26124418
0,40100,0.2610879
0,40110,0.2609317
0,40120,0.2607756
0,40130,0.26061958
0,40140,0.26046365
0,40150,0.26030785
0,40160,0.2601521
0,40170,0.25999647
0,40180,0.25984094
0,40190,0.2596855
0,40200,0.25953013
0,40210,0.25937486
0,40220,0.25921968
0,40230,0.2590646
0,40240,0.2589096
0,40250,0.25875473
0,40260,0.25859994
0,40270,0.25844523
0,40280,0.25829062
0,40290,0.2581361
0,40300,0.25798166
0,40310,0.25782734
0,40320,0.25767308
0,40330,0.25751895
0,40340,0.25736487
0,40350,0.2572109
0,40360,0.25705704
0,40370,0.25690326
0,40380,0.25674957
0,40390,0.25659597
0,40400,0.2564425
0,40410,0.25628906
0,40420,0.25613576
0,40430,0.25598252
0,40440,0.2558294
0,40450,0.25567636
0,40460,0.25552338
0,40470,0.25537053
0,40480,0.25521776
0,40490,0.25506508
0,40500,0.2549125
0,40510,0.25476003
0,40520,0.25460762
0,40530,0.2544553
0,40540,0.2543031
0,40550,0.25415096
0,40560,0.25399894
0,40570,0.25384697
0,40580,0.25369513
0,40590,0.25354338
0,40600,0.25339168
0,40610,0.2532401
0,40620,0.25308862
0,40630,0.25293723
0,40640,0.25278592
0,40650,0.2526347
0,40660,0.25248358
0,40670,0.25233254
0,40680,0.2521816
0,40690,0.25203076
0,40700,0.25188
0,40710,0.2517293
0,40720,0.25157872
0,40730,0.25142825
0,40740,0.25127783
0,40750,0.25112754
0,40760,0.2509773
0,40770,0.25082716
0,40780,0.25067714
0,40790,0.25052717
0,40800,0.25037733
0,40810,0.25022757
0,40820,0.25007787
0,40830,0.24992828
0,40840,0.24977878
0,40850,0.24962938
0,40860,0.24948005
0,40870,0.24933082
0,40880,0.24918167
0,40890,0.24903263
0,40900,0.24888366
0,40910,0.24873479
0,40920,0.248586
0,40930,0.24843732
0,40940,0.2482887
0,40950,0.24814019
0,40960,0.24799176
0,40970,0.24784341
0,40980,0.24769516
0,40990,0.24754702
0,41000,0.24739894
0,41010,0.24725096
0,41020,0.24710307
0,41030,0.24695526
0,41040,0.24680755
0,41050,0.2466599
0,41060,0.24651237
0,41070,0.24636492
0,41080,0.24621756
0,41090,0.24607028
0,41100,0.2459231
0,41110,0.245776
0,41120,0.245629
0,41130,0.24548207
0,41140,0.24533524
0,41150,0.2451885
0,41160,0.24504185
0,41170,0.24489528
0,41180,0.2447488
0,41190,0.2446024
0,41200,0.2444561
0,41210,0.24430989
0,41220,0.24416375
0,41230,0.2440177
0,41240,0.24387176
0,41250,0.2437259
0,41260,0.24358012
0,41270,0.24343443
0,41280,0.24328882
0,41290,0.2431433
0,41300,0.24299788
0,41310,0.24285254
0,41320,0.24270728
0,41330,0.24256212
0,41340,0.24241704
0,41350,0.24227205
0,41360,0.24212714
0,41370,0.24198233
0,41380,0.24183759
0,41390,0.24169295
0,41400,0.24154839
0,41410,0.24140391
0,41420,0.24125953
0,41430,0.24111523
0,41440,0.24097101
0,41450,0.24082689
0,41460,0.24068286
0,41470,0.24053891
0,41480,0.24039504
0,41490,0.24025126
0,41500,0.24010757
0,41510,0.23996396
0,41520,0.23982044
0,41530,0.23967701
0,41540,0.23953366
0,41550,0.2393904
0,41560,0.23924722
0,41570,0.23910414
0,41580,0.23896113
0,41590,0.23881821
0,41600,0.23867537
0,41610,0.23853263
0,41620,0.23838997
0,41630,0.2382474
0,41640,0.23810491
0,41650,0.2379625
0,41660,0.23782018
0,41670,0.23767795
0,41680,0.2375358
0,41690,0.23739374
0,41700,0.23725176
0,41710,0.23710987
0,41720,0.23696806
0,41730,0.23682633
0,41740,0.2366847
0,41750,0.23654315
0,41760,0.23640168
0,41770,0.2362603
0,41780,0.236119
0,41790,0.23597778
0,41800,0.23583665
0,41810,0.23569562
0,41820,0.23555465
0,41830,0.23541379
0,41840,0.23527299
0,41850,0.23513229
0,41860,0.23499167
0,41870,0.23485114
0,41880,0.23471068
0,41890,0.23457031
0,41900,0.23443003
0,41910,0.23428982
0,41920,0.23414972
0,41930,0.23400968
0,41940,0.23386975
0,41950,0.23372988
0,41960,0.2335901
0,41970,0.2334504
0,41980,0.23331079
0,41990,0.23317127
0,42000,0.23303182
0,42010,0.23289247
0,42020,0.23275319
0,42030,0.232614
0,42040,0.23247488
0,42050,0.23233587
0,42060,0.23219691
0,42070,0.23205806
0,42080,0.23191929
0,42090,0.23178059
0,42100,0.23164198
0,42110,0.23150346
0,42120,0.23136501
0,42130,0.23122665
0,42140,0.23108838
0,42150,0.23095019
0,42160,0.23081207
0,42170,0.23067404
0,42180,0.2305361
0,42190,0.23039824
0,42200,0.23026046
0,42210,0.23012276
0,42220,0.22998515
0,42230,0.22984762
0,42240,0.22971018
0,42250,0.2295728
0,42260,0.22943552
0,42270,0.22929832
0,42280,0.2291612
0,42290,0.22902417
0,42300,0.22888722
0,42310,0.22875033
0,42320,0.22861354
0,42330,0.22847684
0,42340,0.22834021
0,42350,0.22820367
0,42360,0.2280672
0,42370,0.22793083
0,42380,0.22779453
0,42390,0.22765832
0,42400,0.22752218
0,42410,0.22738613
0,42420,0.22725016
0,42430,0.22711426
0,42440,0.22697845
0,42450,0.22684273
0,42460,0.22670709
0,42470,0.22657152
0,42480,0.22643603
0,42490,0.22630064
0,42500,0.22616531
0,42510,0.22603008
0,42520,0.22589491
0,42530,0.22575985
0,42540,0.22562484
0,42550,0.22548993
0,42560,0.2253551
0,42570,0.22522035
0,42580,0.22508568
0,42590,0.22495109
0,42600,0.22481658
0,42610,0.22468215
0,42620,0.2245478
0,42630,0.22441353
0,42640,0.22427934
0,42650,0.22414523
0,42660,0.22401121
0,42670,0.22387727
0,42680,0.2237434
0,42690,0.22360961
0,42700,0.2234759
0,42710,0.22334228
0,42720,0.22320874
0,42730,0.22307527
0,42740,0.22294189
0,42750,0.22280858
0,42760,0.22267537
0,42770,0.22254221
0,42780,0.22240916
0,42790,0.22227617
0,42800,0.22214326
0,42810,0.22201043
0,42820,0.2218777
0,42830,0.22174503
0,42840,0.22161244
0,42850,0.22147994
0,42860,0.22134751
0,42870,0.22121516
0,42880,0.2210829
0,42890,0.22095071
0,42900,0.2208186
0,42910,0.22068657
0,42920,0.22055462
0,42930,0.22042274
0,42940,0.22029096
0,42950,0.22015923
0,42960,0.22002761
0,42970,0.21989605
0,42980,0.21976458
0,42990,0.21963318
0,43000,0.21950185
0,43010,0.21937062
0,43020,0.21923946
0,43030,0.21910837
0,43040,0.21897738
0,43050,0.21884644
0,43060,0.2187156
0,43070,0.21858484
0,43080,0.21845414
0,43090,0.21832353
0,43100,0.218193
0,43110,0.21806255
0,43120,0.21793216
0,43130,0.21780187
0,43140,0.21767165
0,43150,0.21754152
0,43160,0.21741144
0,43170,0.21728146
0,43180,0.21715155
0,43190,0.21702173
0,43200,0.21689197
0,43210,0.2167623
0,43220,0.21663271
0,43230,0.21650319
0,43240,0.21637374
0,43250,0.21624438
0,43260,0.2161151
0,43270,0.2159859
0,43280,0.21585676
0,43290,0.21572772
0,43300,0.21559873
0,43310,0.21546984
0,43320,0.21534102
0,43330,0.21521229
0,43340,0.21508361
0,43350,0.21495503
0,43360,0.21482651
0,43370,0.21469808
0,43380,0.21456972
0,43390,0.21444145
0,43400,0.21431324
0,43410,0.21418512
0,43420,0.21405707
0,43430,0.21392909
0,43440,0.2138012
0,43450,0.21367338
0,43460,0.21354564
0,43470,0.21341798
0,43480,0.21329038
0,43490,0.21316287
0,43500,0.21303543
0,43510,0.21290807
0,43520,0.21278079
0,43530,0.21265359
0,43540,0.21252646
0,43550,0.21239941
0,43560,0.21227244
0,43570,0.21214552
0,43580,0.2120187
0,43590,0.21189195
0,43600,0.21176527
0,43610,0.21163869
0,43620,0.21151216
0,43630,0.21138571
0,43640,0.21125935
0,43650,0.21113306
0,43660,0.21100684
0,43670,0.2108807
0,43680,0.21075463
0,43690,0.21062864
0,43700,0.21050273
0,43710,0.21037689
0,43720,0.21025112
0,43730,0.21012543
0,43740,0.20999983
0,43750,0.20987429
0,43760,0.20974882
0,43770,0.20962344
0,43780,0.20949812
0,43790,0.2093729
0,43800,0.20924772
0,43810,0.20912264
0,43820,0.20899764
0,43830,0.20887269
0,43840,0.20874783
0,43850,0.20862305
0,43860,0.20849834
0,43870,0.20837371
0,43880,0.20824914
0,43890,0.20812465
0,43900,0.20800024
0,43910,0.2078759
0,43920,0.20775165
0,43930,0.20762746
0,43940,0.20750335
0,43950,0.20737931
0,43960,0.20725533
0,43970,0.20713145
0,43980,0.20700763
0,43990,0.20688389
0,44000,0.20676023
0,44010,0.20663664
0,44020,0.2065131
0,44030,0.20638967
0,44040,0.2062663
0,44050,0.206143
0,44060,0.20601977
0,44070,0.20589663
0,44080,0.20577355
0,44090,0.20565055
0,44100,0.20552763
0,44110,0.20540477
0,44120,0.20528199
0,44130,0.20515929
0,44140,0.20503666
0,44150,0.2049141
0,44160,0.2047916
0,44170,0.20466919
0,44180,0.20454685
0,44190,0.20442459
0,44200,0.2043024
0,44210,0.20418029
0,44220,0.20405824
0,44230,0.20393626
0,44240,0.20381437
0,44250,0.20369254
0,44260,0.2035708
0,44270,0.20344912
0,44280,0.2033275
0,44290,0.20320597
0,44300,0.20308451
0,44310,0.20296313
0,44320,0.20284182
0,44330,0.20272057
0,44340,0.2025994
0,44350,0.2024783
0,44360,0.20235728
0,44370,0.20223634
0,44380,0.20211546
0,44390,0.20199464
0,44400,0.20187391
0,44410,0.20175326
0,44420,0.20163266
0,44430,0.20151216
0,44440,0.20139171
0,44450,0.20127134
0,44460,0.20115104
0,44470,0.2010308
0,44480,0.20091066
0,44490,0.20079057
0,44500,0.20067056
0,44510,0.20055062
0,44520,0.20043075
0,44530,0.20031096
0,44540,0.20019124
0,44550,0.20007159
0,44560,0.199952
0,44570,0.1998325
0,44580,0.19971307
0,44590,0.19959371
0,44600,0.19947441
0,44610,0.19935519
0,44620,0.19923604
0,44630,0.19911696
0,44640,0.19899796
0,44650,0.19887902
0,44660,0.19876015
0,44670,0.19864136
0,44680,0.19852264
0,44690,0.198404
0,44700,0.19828542
0,44710,0.1981669
0,44720,0.19804847
0,44730,0.19793011
0,44740,0.19781181
0,44750,0.19769359
0,44760,0.19757544
0,44770,0.19745736
0,44780,0.19733934
0,44790,0.1972214
0,44800,0.19710353
0,44810,0.19698574
0,44820,0.19686802
0,44830,0.19675036
0,44840,0.19663277
0,44850,0.19651525
0,44860,0.19639781
0,44870,0.19628043
0,44880,0.19616313
0,44890,0.19604589
0,44900,0.19592874
0,44910,0.19581164
0,44920,0.19569461
0,44930,0.19557767
0,44940,0.19546078
0,44950,0.19534397
0,44960,0.19522722
0,44970,0.19511056
0,44980,0.19499396
0,44990,0.19487742
0,45000,0.19476096
0,45010,0.19464457
0,45020,0.19452824
0,45030,0.194412
0,45040,0.19429581
0,45050,0.1941797
0,45060,0.19406365
0,45070,0.19394767
0,45080,0.19383177
0,45090,0.19371594
0,45100,0.19360018
0,45110,0.19348447
0,45120,0.19336885
0,45130,0.1932533
0,45140,0.19313781
0,45150,0.19302239
0,45160,0.19290704
0,45170,0.19279176
0,45180,0.19267654
0,45190,0.1925614
0,45200,0.19244634
0,45210,0.19233133
0,45220,0.1922164
0,45230,0.19210154
0,45240,0.19198674
0,45250,0.191872
0,45260,0.19175735
0,45270,0.19164276
0,45280,0.19152823
0,45290,0.19141379
0,45300,0.1912994
0,45310,0.19118509
0,45320,0.19107084
0,45330,0.19095667
0,45340,0.19084255
0,45350,0.19072852
0,45360,0.19061454
0,45370,0.19050063
0,45380,0.1903868
0,45390,0.19027303
0,45400,0.19015934
0,45410,0.1900457
0,45420,0.18993214
0,45430,0.18981865
0,45440,0.18970522
0,45450,0.18959185
0,45460,0.18947856
0,45470,0.18936534
0,45480,0.1892522
0,45490,0.1891391
0,45500,0.18902609
0,45510,0.18891314
0,45520,0.18880025
0,45530,0.18868744
0,45540,0.18857469
0,45550,0.188462
0,45560,0.1883494
0,45570,0.18823685
0,45580,0.18812437
0,45590,0.18801196
0,45600,0.18789962
0,45610,0.18778735
0,45620,0.18767513
0,45630,0.187563
0,45640,0.18745093
0,45650,0.18733892
0,45660,0.18722698
0,45670,0.1871151
0,45680,0.1870033
0,45690,0.18689157
0,45700,0.1867799
0,45710,0.18666829
0,45720,0.18655676
0,45730,0.1864453
0,45740,0.1863339
0,45750,0.18622255
0,45760,0.18611129
0,45770,0.18600008
0,45780,0.18588895
0,45790,0.18577787
0,45800,0.18566687
0,45810,0.18555593
0,45820,0.18544507
0,45830,0.18533427
0,45840,0.18522353
0,45850,0.18511286
0,45860,0.18500227
0,45870,0.18489173
0,45880,0.18478125
0,45890,0.18467085
0,45900,0.18456052
0,45910,0.18445024
0,45920,0.18434004
0,45930,0.1842299
0,45940,0.18411982
0,45950,0.18400982
0,45960,0.18389988
0,45970,0.18379
0,45980,0.18368019
0,45990,0.18357046
0,46000,0.18346077
0,46010,0.18335116
0,46020,0.18324162
0,46030,0.18313214
0,46040,0.18302272
0,46050,0.18291338
0,46060,0.1828041
0,46070,0.18269488
0,46080,0.18258573
0,46090,0.18247664
0,46100,0.18236762
0,46110,0.18225867
0,46120,0.18214977
0,46130,0.18204094
0,46140,0.18193218
0,46150,0.18182349
0,46160,0.18171486
0,46170,0.18160631
0,46180,0.1814978
0,46190,0.18138938
0,46200,0.181281
0,46210,0.1811727
0,46220,0.18106446
0,46230,0.18095629
0,46240,0.18084818
0,46250,0.18074013
0,46260,0.18063216
0,46270,0.18052424
0,46280,0.18041639
0,46290,0.18030861
0,46300,0.18020089
0,46310,0.18009323
0,46320,0.17998564
0,46330,0.17987812
0,46340,0.17977065
0,46350,0.17966326
0,46360,0.17955592
0,46370,0.17944865
0,46380,0.17934145
0,46390,0.17923431
0,46400,0.17912723
0,46410,0.17902023
0,46420,0.17891328
0,46430,0.1788064
0,46440,0.17869958
0,46450,0.17859283
0,46460,0.17848614
0,46470,0.1783795
0,46480,0.17827295
0,46490,0.17816645
0,46500,0.17806001
0,46510,0.17795365
0,46520,0.17784734
0,46530,0.1777411
0,46540,0.17763491
0,46550,0.1775288
0,46560,0.17742275
0,46570,0.17731676
0,46580,0.17721084
0,46590,0.17710496
0,46600,0.17699917
0,46610,0.17689344
0,46620,0.17678776
0,46630,0.17668216
0,46640,0.17657661
0,46650,0.17647114
0,46660,0.17636572
0,46670,0.17626037
0,46680,0.17615508
0,46690,0.17604984
0,46700,0.17594469
0,46710,0.17583959
0,46720,0.17573455
0,46730,0.17562957
0,46740,0.17552465
0,46750,0.1754198
0,46760,0.17531502
0,46770,0.1752103
0,46780,0.17510563
0,46790,0.17500104
0,46800,0.17489651
0,46810,0.17479204
0,46820,0.17468762
0,46830,0.17458327
0,46840,0.174479
0,46850,0.17437477
0,46860,0.17427061
0,46870,0.17416652
0,46880,0.17406248
0,46890,0.17395851
0,46900,0.1738546
0,46910,0.17375074
0,46920,0.17364697
0,46930,0.17354324
0,46940,0.17343958
0,46950,0.17333598
0,46960,0.17323245
0,46970,0.17312898
0,46980,0.17302556
0,46990,0.17292221
0,47000,0.17281893
0,47010,0.1727157
0,47020,0.17261253
0,47030,0.17250943
0,47040,0.17240639
0,47050,0.17230342
0,47060,0.1722005
0,47070,0.17209764
0,47080,0.17199485
0,47090,0.17189212
0,47100,0.17178945
0,47110,0.17168684
0,47120,0.1715843
0,47130,0.17148182
0,47140,0.17137939
0,47150,0.17127703
0,47160,0.17117472
0,47170,0.17107248
0,47180,0.1709703
0,47190,0.17086819
0,47200,0.17076614
0,47210,0.17066415
0,47220,0.17056221
0,47230,0.17046034
0,47240,0.17035852
0,47250,0.17025678
0,47260,0.1701551
0,47270,0.17005347
0,47280,0.1699519
0,47290,0.1698504
0,47300,0.16974895
0,47310,0.16964756
0,47320,0.16954625
0,47330,0.16944498
0,47340,0.16934378
0,47350,0.16924264
0,47360,0.16914156
0,47370,0.16904055
0,47380,0.16893958
0,47390,0.16883868
0,47400,0.16873784
0,47410,0.16863707
0,47420,0.16853635
0,47430,0.1684357
0,47440,0.1683351
0,47450,0.16823457
0,47460,0.1681341
0,47470,0.16803367
0,47480,0.16793332
0,47490,0.16783303
0,47500,0.16773279
0,47510,0.16763262
0,47520,0.1675325
0,47530,0.16743246
0,47540,0.16733246
0,47550,0.16723253
0,47560,0.16713265
0,47570,0.16703284
0,47580,0.16693309
0,47590,0.16683339
0,47600,0.16673376
0,47610,0.16663419
0,47620,0.16653466
0,47630,0.16643521
0,47640,0.16633582
0,47650,0.16623648
0,47660,0.1661372
0,47670,0.16603799
0,47680,0.16593882
0,47690,0.16583973
0,47700,0.1657407
0,47710,0.16564171
0,47720,0.1655428
0,47730,0.16544394
0,47740,0.16534513
0,47750,0.1652464
0,47760,0.1651477
0,47770,0.16504909
0,47780,0.16495053
0,47790,0.16485202
0,47800,0.16475357
0,47810,0.1646552
0,47820,0.16455686
0,47830,0.1644586
0,47840,0.16436039
0,47850,0.16426224
0,47860,0.16416414
0,47870,0.1640661
0,47880,0.16396815
0,47890,0.16387023
0,47900,0.16377237
0,47910,0.16367456
0,47920,0.16357683
0,47930,0.16347915
0,47940,0.16338153
0,47950,0.16328396
0,47960,0.16318646
0,47970,0.16308902
0,47980,0.16299163
0,47990,0.1628943
0,48000,0.16279703
0,48010,0.16269982
0,48020,0.16260266
0,48030,0.16250557
0,48040,0.16240853
0,48050,0.16231155
0,48060,0.16221464
0,48070,0.16211776
0,48080,0.16202097
0,48090,0.16192421
0,48100,0.16182752
0,48110,0.1617309
0,48120,0.16163433
0,48130,0.16153781
0,48140,0.16144136
0,48150,0.16134496
0,48160,0.16124861
0,48170,0.16115233
0,48180,0.1610561
0,48190,0.16095993
0,48200,0.16086383
0,48210,0.16076778
0,48220,0.16067179
0,48230,0.16057584
0,48240,0.16047996
0,48250,0.16038413
0,48260,0.16028838
0,48270,0.16019267
0,48280,0.16009702
0,48290,0.16000143
0,48300,0.1599059
0,48310,0.15981041
0,48320,0.159715
0,48330,0.15961963
0,48340,0.15952432
0,48350,0.15942907
0,48360,0.15933388
0,48370,0.15923876
0,48380,0.15914367
0,48390,0.15904865
0,48400,0.1589537
0,48410,0.15885879
0,48420,0.15876393
0,48430,0.15866914
0,48440,0.1585744
0,48450,0.15847974
0,48460,0.15838511
0,48470,0.15829054
0,48480,0.15819603
0,48490,0.15810157
0,48500,0.15800719
0,48510,0.15791285
0,48520,0.15781857
0,48530,0.15772434
0,48540,0.15763018
0,48550,0.15753606
0,48560,0.157442
0,48570,0.157348
0,48580,0.15725406
0,48590,0.15716018
0,48600,0.15706635
0,48610,0.15697257
0,48620,0.15687886
0,48630,0.15678519
0,48640,0.15669158
0,48650,0.15659803
0,48660,0.15650454
0,48670,0.15641111
0,48680,0.15631773
0,48690,0.1562244
0,48700,0.15613113
0,48710,0.15603793
0,48720,0.15594476
0,48730,0.15585166
0,48740,0.15575862
0,48750,0.15566564
0,48760,0.1555727
0,48770,0.15547982
0,48780,0.155387
0,48790,0.15529422
0,48800,0.15520152
0,48810,0.15510887
0,48820,0.15501627
0,48830,0.15492372
0,48840,0.15483123
0,48850,0.1547388
0,48860,0.15464643
0,48870,0.1545541
0,48880,0.15446183
0,48890,0.15436962
0,48900,0.15427747
0,48910,0.15418537
0,48920,0.15409333
0,48930,0.15400134
0,48940,0.1539094
0,48950,0.15381752
0,48960,0.1537257
0,48970,0.15363392
0,48980,0.1535422
0,48990,0.15345055
0,49000,0.15335895
0,49010,0.1532674
0,49020,0.1531759
0,49030,0.15308446
0,49040,0.15299308
0,49050,0.15290175
0,49060,0.15281047
0,49070,0.15271926
0,49080,0.1526281
0,49090,0.15253697
0,49100,0.15244593
0,49110,0.15235493
0,49120,0.15226397
0,49130,0.15217309
0,49140,0.15208223
0,49150,0.15199146
0,49160,0.15190072
0,49170,0.15181005
0,49180,0.15171944
0,49190,0.15162887
0,49200,0.15153836
0,49210,0.1514479
0,49220,0.1513575
0,49230,0.15126716
0,49240,0.15117685
0,49250,0.15108661
0,49260,0.15099643
0,49270,0.1509063
0,49280,0.15081622
0,49290,0.1507262
0,49300,0.15063623
0,49310,0.15054631
0,49320,0.15045644
0,49330,0.15036663
0,49340,0.15027688
0,49350,0.15018718
0,49360,0.15009753
0,49370,0.15000795
0,49380,0.1499184
0,49390,0.14982893
0,49400,0.14973949
0,49410,0.14965011
0,49420,0.1495608
0,49430,0.14947152
0,49440,0.14938231
0,49450,0.14929314
0,49460,0.14920403
0,49470,0.14911497
0,49480,0.14902596
0,49490,0.14893702
0,49500,0.14884812
0,49510,0.14875928
0,49520,0.1486705
0,49530,0.14858176
0,49540,0.14849307
0,49550,0.14840443
0,49560,0.14831586
0,49570,0.14822733
0,49580,0.14813887
0,49590,0.14805046
0,49600,0.1479621
0,49610,0.14787377
0,49620,0.14778551
0,49630,0.14769731
0,49640,0.14760916
0,49650,0.14752106
0,49660,0.14743301
0,49670,0.14734502
0,49680,0.14725707
0,49690,0.14716919
0,49700,0.14708136
0,49710,0.14699358
0,49720,0.14690584
0,49730,0.14681816
0,49740,0.14673054
0,49750,0.14664297
0,49760,0.14655545
0,49770,0.14646798
0,49780,0.14638056
0,49790,0.14629321
0,49800,0.14620589
0,49810,0.14611864
0,49820,0.14603142
0,49830,0.14594428
0,49840,0.14585717
0,49850,0.14577013
0,49860,0.14568312
0,49870,0.14559619
0,49880,0.14550929
0,49890,0.14542246
0,49900,0.14533566
0,49910,0.14524893
0,49920,0.14516225
0,49930,0.14507562
0,49940,0.14498904
0,49950,0.14490251
0,49960,0.14481603
0,49970,0.14472961
0,49980,0.14464323
0,49990,0.14455691
0,50000,0.14447065
0,50010,0.14438443
0,50020,0.14429827
0,50030,0.14421216
0,50040,0.14412609
0,50050,0.14404008
0,50060,0.14395413
0,50070,0.14386822
0,50080,0.14378236
0,50090,0.14369656
0,50100,0.1436108
0,50110,0.14352511
0,50120,0.14343946
0,50130,0.14335386
0,50140,0.14326832
0,50150,0.14318281
0,50160,0.14309737
0,50170,0.14301199
0,50180,0.14292663
0,50190,0.14284135
0,50200,0.1427561
0,50210,0.14267091
0,50220,0.14258578
0,50230,0.1425007
0,50240,0.14241566
0,50250,0.14233068
0,50260,0.14224575
0,50270,0.14216086
0,50280,0.14207603
0,50290,0.14199126
0,50300,0.14190653
0,50310,0.14182185
0,50320,0.14173722
0,50330,0.14165264
0,50340,0.14156812
0,50350,0.14148365
0,50360,0.14139922
0,50370,0.14131485
0,50380,0.14123052
0,50390,0.14114624
0,50400,0.14106202
0,50410,0.14097786
0,50420,0.14089373
0,50430,0.14080967
0,50440,0.14072564
0,50450,0.14064167
0,50460,0.14055775
0,50470,0.14047389
0,50480,0.14039007
0,50490,0.1403063
0,50500,0.14022258
0,50510,0.14013891
0,50520,0.1400553
0,50530,0.13997173
0,50540,0.13988821
0,50550,0.13980474
0,50560,0.13972132
0,50570,0.13963796
0,50580,0.13955463
0,50590,0.13947137
0,50600,0.13938816
0,50610,0.13930498
0,50620,0.13922188
0,50630,0.1391388
0,50640,0.13905579
0,50650,0.13897282
0,50660,0.1388899
0,50670,0.13880703
0,50680,0.13872421
0,50690,0.13864145
0,50700,0.13855873
0,50710,0.13847606
0,50720,0.13839343
0,50730,0.13831086
0,50740,0.13822834
0,50750,0.13814586
0,50760,0.13806345
0,50770,0.13798107
0,50780,0.13789876
0,50790,0.13781647
0,50800,0.13773425
0,50810,0.13765208
0,50820,0.13756995
0,50830,0.13748787
0,50840,0.13740586
0,50850,0.13732387
0,50860,0.13724194
0,50870,0.13716006
0,50880,0.13707823
0,50890,0.13699645
0,50900,0.13691472
0,50910,0.13683304
0,50920,0.1367514
0,50930,0.13666981
0,50940,0.13658828
0,50950,0.1365068
0,50960,0.13642535
0,50970,0.13634396
0,50980,0.13626263
0,50990,0.13618132
0,51000,0.13610008
0,51010,0.13601889
0,51020,0.13593775
0,51030,0.13585664
0,51040,0.1357756
0,51050,0.1356946
0,51060,0.13561365
0,51070,0.13553275
0,51080,0.1354519
0,51090,0.13537109
0,51100,0.13529032
0,51110,0.13520962
0,51120,0.13512896
0,51130,0.13504834
0,51140,0.13496779
0,51150,0.13488726
0,51160,0.1348068
0,51170,0.13472638
0,51180,0.13464601
0,51190,0.1345657
0,51200,0.13448541
0,51210,0.1344052
0,51220,0.13432501
0,51230,0.13424489
0,51240,0.1341648
0,51250,0.13408476
0,51260,0.13400479
0,51270,0.13392484
0,51280,0.13384496
0,51290,0.13376512
0,51300,0.13368532
0,51310,0.13360557
0,51320,0.13352588
0,51330,0.13344622
0,51340,0.13336661
0,51350,0.13328707
0,51360,0.13320756
0,51370,0.1331281
0,51380,0.13304868
0,51390,0.13296932
0,51400,0.13289
0,51410,0.13281074
0,51420,0.13273151
0,51430,0.13265234
0,51440,0.13257322
0,51450,0.13249414
0,51460,0.1324151
0,51470,0.13233612
0,51480,0.1322572
0,51490,0.13217829
0,51500,0.13209945
0,51510,0.13202067
0,51520,0.13194191
0,51530,0.1318632
0,51540,0.13178456
0,51550,0.13170595
0,51560,0.1316274
0,51570,0.13154888
0,51580,0.13147043
0,51590,0.131392
0,51600,0.13131364
0,51610,0.13123532
0,51620,0.13115704
0,51630,0.13107881
0,51640,0.13100062
0,51650,0.13092248
0,51660,0.1308444
0,51670,0.13076636
0,51680,0.13068837
0,51690,0.13061042
0,51700,0.13053252
0,51710,0.13045466
0,51720,0.13037685
0,51730,0.13029909
0,51740,0.13022138
0,51750,0.1301437
0,51760,0.13006608
0,51770,0.1299885
0,51780,0.12991099
0,51790,0.1298335
0,51800,0.12975606
0,51810,0.12967868
0,51820,0.12960133
0,51830,0.12952404
0,51840,0.12944679
0,51850,0.12936959
0,51860,0.12929243
0,51870,0.12921531
0,51880,0.12913826
0,51890,0.12906124
0,51900,0.12898427
0,51910,0.12890734
0,51920,0.12883046
0,51930,0.12875363
0,51940,0.12867685
0,51950,0.1286001
0,51960,0.12852341
0,51970,0.12844676
0,51980,0.12837015
0,51990,0.12829359
0,52000,0.12821709
0,52010,0.12814061
0,52020,0.1280642
0,52030,0.12798782
0,52040,0.1279115
0,52050,0.12783521
0,52060,0.12775898
0,52070,0.12768279
0,52080,0.12760665
0,52090,0.12753054
0,52100,0.12745449
0,52110,0.12737848
0,52120,0.12730251
0,52130,0.1272266
0,52140,0.12715073
0,52150,0.1270749
0,52160,0.12699912
0,52170,0.12692338
0,52180,0.1268477
0,52190,0.12677206
0,52200,0.12669645
0,52210,0.1266209
0,52220,0.1265454
0,52230,0.12646994
0,52240,0.12639451
0,52250,0.12631914
0,52260,0.12624381
0,52270,0.12616853
0,52280,0.1260933
0,52290,0.1260181
0,52300,0.12594296
0,52310,0.12586786
0,52320,0.1257928
0,52330,0.12571779
0,52340,0.12564282
0,52350,0.12556791
0,52360,0.12549303
0,52370,0.1254182
0,52380,0.12534341
0,52390,0.12526867
0,52400,0.12519397
0,52410,0.12511933
0,52420,0.12504472
0,52430,0.12497015
0,52440,0.12489563
0,52450,0.12482116
0,52460,0.12474673
0,52470,0.12467235
0,52480,0.12459801
0,52490,0.124523714
0,52500,0.12444947
0,52510,0.12437526
0,52520,0.1243011
0,52530,0.12422699
0,52540,0.12415291
0,52550,0.124078885
0,52560,0.1240049
0,52570,0.12393096
0,52580,0.12385707
0,52590,0.12378322
0,52600,0.12370942
0,52610,0.12363565
0,52620,0.12356193
0,52630,0.12348826
0,52640,0.123414636
0,52650,0.12334105
0,52660,0.12326751
0,52670,0.12319402
0,52680,0.12312056
0,52690,0.12304715
0,52700,0.12297379
0,52710,0.12290047
0,52720,0.122827195
0,52730,0.12275396
0,52740,0.122680776
0,52750,0.122607626
0,52760,0.12253453
0,52770,0.122461475
0,52780,0.12238846
0,52790,0.12231549
0,52800,0.12224256
0,52810,0.12216968
0,52820,0.122096844
0,52830,0.12202405
0,52840,0.121951304
0,52850,0.121878594
0,52860,0.121805936
0,52870,0.121733315
0,52880,0.12166074
0,52890,0.12158821
0,52900,0.12151571
0,52910,0.12144327
0,52920,0.12137087
0,52930,0.121298514
0,52940,0.1212262
0,52950,0.12115392
0,52960,0.121081695
0,52970,0.121009514
0,52980,0.12093737
0,52990,0.12086527
0,53000,0.120793216
0,53010,0.120721206
0,53020,0.12064923
0,53030,0.12057731
0,53040,0.12050543
0,53050,0.12043359
0,53060,0.12036179
0,53070,0.12029004
0,53080,0.12021833
0,53090,0.12014666
0,53100,0.12007504
0,53110,0.120003454
0,53120,0.11993192
0,53130,0.119860426
0,53140,0.119788975
0,53150,0.11971756
0,53160,0.11964619
0,53170,0.119574875
0,53180,0.11950359
0,53190,0.11943235
0,53200,0.119361155
0,53210,0.11929
0,53220,0.11921889
0,53230,0.11914782
0,53240,0.1190768
0,53250,0.11900582
0,53260,0.11893488
0,53270,0.118863985
0,53280,0.11879313
0,53290,0.11872231
0,53300,0.11865155
0,53310,0.11858082
0,53320,0.118510135
0,53330,0.11843949
0,53340,0.118368894
0,53350,0.11829834
0,53360,0.11822782
0,53370,0.11815734
0,53380,0.11808691
0,53390,0.118016526
0,53400,0.11794618
0,53410,0.117875874
0,53420,0.117805615
0,53430,0.11773539
0,53440,0.11766522
0,53450,0.117595084
0,53460,0.11752499
0,53470,0.11745494
0,53480,0.117384925
0,53490,0.11731496
0,53500,0.11724503
0,53510,0.117175154
0,53520,0.11710531
0,53530,0.11703551
0,53540,0.116965756
0,53550,0.11689603
0,53560,0.11682636
0,53570,0.11675673
0,53580,0.11668714
0,53590,0.11661759
0,53600,0.11654808
0,53610,0.116478615
0,53620,0.1164092
0,53630,0.11633981
0,53640,0.116270475
0,53650,0.11620117
0,53660,0.11613192
0,53670,0.1160627
0,53680,0.11599353
0,53690,0.115924396
0,53700,0.1158553
0,53710,0.115786254
0,53720,0.11571725
0,53730,0.11564828
0,53740,0.11557935
0,53750,0.11551046
0,53760,0.11544163
0,53770,0.11537282
0,53780,0.11530406
0,53790,0.11523534
0,53800,0.115166664
0,53810,0.11509803
0,53820,0.11502943
0,53830,0.11496088
0,53840,0.11489236
0,53850,0.11482389
0,53860,0.11475546
0,53870,0.11468707
0,53880,0.114618726
0,53890,0.11455041
0,53900,0.11448215
0,53910,0.114413925
0,53920,0.11434574
0,53930,0.114277594
0,53940,0.11420949
0,53950,0.11414143
0,53960,0.1140734
0,53970,0.114005424
0,53980,0.11393748
0,53990,0.113869585
0,54000,0.113801725
0,54010,0.11373391
0,54020,0.11366613
0,54030,0.11359839
0,54040,0.113530695
0,54050,0.113463044
0,54060,0.11339543
0,54070,0.11332785
0,54080,0.11326032
0,54090,0.11319283
0,54100,0.11312538
0,54110,0.11305796
0,54120,0.11299059
0,54130,0.11292326
0,54140,0.11285597
0,54150,0.112788714
0,54160,0.11272151
0,54170,0.112654336
0,54180,0.112587206
0,54190,0.11252012
0,54200,0.112453066
0,54210,0.11238606
0,54220,0.11231909
0,54230,0.11225216
0,54240,0.11218528
0,54250,0.11211842
0,54260,0.11205161
0,54270,0.11198485
0,54280,0.11191812
0,54290,0.11185143
0,54300,0.111784786
0,54310,0.11171818
0,54320,0.11165161
0,54330,0.11158508
0,54340,0.11151859
0,54350,0.11145215
0,54360,0.11138573
0,54370,0.11131936
0,54380,0.11125304
0,54390,0.11118675
0,54400,0.1111205
0,54410,0.11105429
0,54420,0.11098812
0,54430,0.11092199
0,54440,0.1108559
0,54450,0.11078985
0,54460,0.11072384
0,54470,0.11065786
0,54480,0.11059193
0,54490,0.11052604
0,54500,0.110460185
0,54510,0.11039437
0,54520,0.1103286
0,54530,0.11026286
0,54540,0.11019717
0,54550,0.11013152
0,54560,0.1100659
0,54570,0.11000032
0,54580,0.109934784
0,54590,0.10986929
0,54600,0.109803826
0,54610,0.1097384
0,54620,0.10967302
0,54630,0.10960768
0,54640,0.109542385
0,54650,0.10947712
0,54660,0.109411895
0,54670,0.10934671
0,54680,0.10928156
0,54690,0.10921646
0,54700,0.10915139
0,54710,0.109086365
0,54720,0.10902137
0,54730,0.10895642
0,54740,0.10889151
0,54750,0.10882664
0,54760,0.1087618
0,54770,0.10869701
0,54780,0.10863225
0,54790,0.108567536
0,54800,0.10850286
0,54810,0.108438216
0,54820,0.10837362
0,54830,0.10830905
0,54840,0.10824453
0,54850,0.108180046
0,54860,0.1081156
0,54870,0.108051196
0,54880,0.10798682
0,54890,0.107922494
0,54900,0.1078582
0,54910,0.10779395
0,54920,0.10772974
0,54930,0.10766556
0,54940,0.10760143
0,54950,0.10753733
0,54960,0.10747327
0,54970,0.107409246
0,54980,0.10734526
0,54990,0.10728131
0,55000,0.10721741
0,55010,0.10715354
0,55020,0.10708971
0,55030,0.10702592
0,55040,0.10696217
0,55050,0.10689845
0,55060,0.10683477
0,55070,0.106771134
0,55080,0.106707536
0,55090,0.10664397
0,55100,0.10658044
0,55110,0.10651696
0,55120,0.10645351
0,55130,0.1063901
0,55140,0.10632673
0,55150,0.10626339
0,55160,0.1062001
0,55170,0.106136836
0,55180,0.10607362
0,55190,0.10601044
0,55200,0.10594729
0,55210,0.10588419
0,55220,0.10582112
0,55230,0.105758086
0,55240,0.10569509
0,55250,0.10563214
0,55260,0.10556922
0,55270,0.10550634
0,55280,0.1054435
0,55290,0.10538069
0,55300,0.10531793
0,55310,0.1052552
0,55320,0.105192505
0,55330,0.10512985
0,55340,0.10506724
0,55350,0.10500466
0,55360,0.10494211
0,55370,0.10487961
0,55380,0.104817145
0,55390,0.104754716
0,55400,0.104692325
0,55410,0.10462997
0,55420,0.104567654
0,55430,0.104505375
0,55440,0.10444313
0,55450,0.10438093
0,55460,0.10431877
0,55470,0.10425664
0,55480,0.104194544
0,55490,0.10413249
0,55500,0.10407047
0,55510,0.10400849
0,55520,0.103946544
0,55530,0.10388464
0,55540,0.10382277
0,55550,0.103760935
0,55560,0.10369914
0,55570,0.10363738
0,55580,0.10357566
0,55590,0.10351398
0,55600,0.10345233
0,55610,0.10339072
0,55620,0.103329144
0,55630,0.10326761
0,55640,0.10320611
0,55650,0.103144646
0,55660,0.10308322
0,55670,0.10302184
0,55680,0.10296048
0,55690,0.102899164
0,55700,0.10283789
0,55710,0.10277665
0,55720,0.10271544
0,55730,0.10265428
0,55740,0.102593146
0,55750,0.10253205
0,55760,0.102470994
0,55770,0.10240997
0,55780,0.10234898
0,55790,0.10228804
0,55800,0.10222712
0,55810,0.10216625
0,55820,0.10210541
0,55830,0.102044605
0,55840,0.101983845
0,55850,0.101923116
0,55860,0.10186242
0,55870,0.10180176
0,55880,0.10174114
0,55890,0.10168056
0,55900,0.10162001
0,55910,0.1015595
0,55920,0.10149903
0,55930,0.10143859
0,55940,0.10137819
0,55950,0.101317815
0,55960,0.10125749
0,55970,0.1011972
0,55980,0.10113694
0,55990,0.101076715
0,56000,0.10101653
0,56010,0.10095638
0,56020,0.10089627
0,56030,0.100836195
0,56040,0.10077615
0,56050,0.100716144
0,56060,0.100656174
0,56070,0.10059624
0,56080,0.10053635
0,56090,0.10047649
0,56100,0.10041666
0,56110,0.10035687
0,56120,0.100297116
0,56130,0.1002374
0,56140,0.10017772
0,56150,0.10011807
0,56160,0.100058466
0,56170,0.09999889
0,56180,0.09993935
0,56190,0.099879846
0,56200,0.099820375
0,56210,0.09976095
0,56220,0.09970155
0,56230,0.09964219
0,56240,0.099582866
0,56250,0.099523574
0,56260,0.09946432
0,56270,0.0994051
0,56280,0.09934592
0,56290,0.09928677
0,56300,0.09922767
0,56310,0.099168584
0,56320,0.099109545
0,56330,0.099050544
0,56340,0.09899157
0,56350,0.09893264
0,56360,0.098873734
0,56370,0.098814875
0,56380,0.098756045
0,56390,0.09869725
0,56400,0.09863849
0,56410,0.09857977
0,56420,0.09852108
0,56430,0.09846243
0,56440,0.09840381
0,56450,0.09834523
0,56460,0.09828668
0,56470,0.09822817
0,56480,0.09816969
0,56490,0.09811126
0,56500,0.098052844
0,56510,0.09799448
0,56520,0.09793614
0,56530,0.09787784
0,56540,0.097819574
0,56550,0.09776134
0,56560,0.097703144
0,56570,0.09764498
0,56580,0.097586855
0,56590,0.09752876
0,56600,0.0974707
0,56610,0.09741268
0,56620,0.097354695
0,56630,0.097296745
0,56640,0.097238824
0,56650,0.09718094
0,56660,0.097123094
0,56670,0.09706528
0,56680,0.0970075
0,56690,0.096949756
0,56700,0.096892044
0,56710,0.09683437
0,56720,0.096776724
0,56730,0.09671912
0,56740,0.09666155
0,56750,0.09660401
0,56760,0.09654651
0,56770,0.09648904
0,56780,0.096431606
0,56790,0.096374206
0,56800,0.096316844
0,56810,0.09625951
0,56820,0.09620222
0,56830,0.09614495
0,56840,0.09608773
0,56850,0.09603053
0,56860,0.09597338
0,56870,0.09591625
0,56880,0.09585916
0,56890,0.095802106
0,56900,0.09574509
0,56910,0.0956881
0,56920,0.095631145
0,56930,0.09557422
0,56940,0.09551734
0,56950,0.09546049
0,56960,0.09540367
0,56970,0.09534689
0,56980,0.09529014
0,56990,0.095233425
0,57000,0.09517674
0,57010,0.095120095
0,57020,0.095063485
0,57030,0.095006905
0,57040,0.09495036
0,57050,0.09489385
0,57060,0.094837375
0,57070,0.09478093
0,57080,0.09472452
0,57090,0.09466815
0,57100,0.09461181
0,57110,0.0945555
0,57120,0.09449922
0,57130,0.094442986
0,57140,0.09438678
0,57150,0.0943306
0,57160,0.09427446
0,57170,0.09421836
0,57180,0.094162285
0,57190,0.09410625
0,57200,0.09405024
0,57210,0.093994275
0,57220,0.093938336
0,57230,0.093882434
0,57240,0.09382656
0,57250,0.09377073
0,57260,0.09371492
0,57270,0.093659155
0,57280,0.09360342
0,57290,0.09354771
0,57300,0.093492046
0,57310,0.093436405
0,57320,0.0933808
0,57330,0.093325235
0,57340,0.0932697
0,57350,0.09321419
0,57360,0.09315872
0,57370,0.09310329
0,57380,0.09304789
0,57390,0.092992514
0,57400,0.09293718
0,57410,0.09288187
0,57420,0.092826605
0,57430,0.092771366
0,57440,0.092716165
0,57450,0.09266099
0,57460,0.09260586
0,57470,0.092550755
0,57480,0.09249568
0,57490,0.09244064
0,57500,0.092385635
0,57510,0.092330664
0,57520,0.092275724
0,57530,0.09222081
0,57540,0.09216594
0,57550,0.0921111
0,57560,0.09205629
0,57570,0.09200152
0,57580,0.09194677
0,57590,0.09189206
0,57600,0.09183739
0,57610,0.09178275
0,57620,0.091728136
0,57630,0.09167355
0,57640,0.09161901
0,57650,0.0915645
0,57660,0.09151002
0,57670,0.09145557
0,57680,0.09140115
0,57690,0.09134677
0,57700,0.091292426
0,57710,0.091238104
0,57720,0.09118382
0,57730,0.09112957
0,57740,0.09107535
0,57750,0.091021165
0,57760,0.09096701
0,57770,0.090912886
0,57780,0.090858795
0,57790,0.09080474
0,57800,0.09075072
0,57810,0.09069672
0,57820,0.090642765
0,57830,0.09058884
0,57840,0.09053494
0,57850,0.09048108
0,57860,0.09042725
0,57870,0.09037345
0,57880,0.090319686
0,57890,0.09026595
0,57900,0.09021225
0,57910,0.09015858
0,57920,0.090104945
0,57930,0.09005134
0,57940,0.08999776
0,57950,0.08994422
0,57960,0.08989072
0,57970,0.08983724
0,57980,0.089783795
0,57990,0.08973038
0,58000,0.089677
0,58010,0.08962365
0,58020,0.089570336
0,58030,0.08951706
0,58040,0.0894638
0,58050,0.08941058
0,58060,0.08935739
0,58070,0.08930424
0,58080,0.08925111
0,58090,0.089198016
0,58100,0.08914496
0,58110,0.08909193
0,58120,0.08903893
0,58130,0.088985965
0,58140,0.08893303
0,58150,0.08888013
0,58160,0.08882726
0,58170,0.08877442
0,58180,0.08872161
0,58190,0.08866884
0,58200,0.088616095
0,58210,0.08856338
0,58220,0.0885107
0,58230,0.088458054
0,58240,0.08840544
0,58250,0.08835285
0,58260,0.088300295
0,58270,0.088247776
0,58280,0.08819528
0,58290,0.08814282
0,58300,0.0880904
0,58310,0.088038
0,58320,0.087985635
0,58330,0.087933294
0,58340,0.087881
0,58350,0.087828726
0,58360,0.08777648
0,58370,0.087724276
0,58380,0.0876721
0,58390,0.08761995
0,58400,0.087567836
0,58410,0.08751576
0,58420,0.0874637
0,58430,0.08741168
0,58440,0.08735969
0,58450,0.08730774
0,58460,0.087255806
0,58470,0.08720391
0,58480,0.08715204
0,58490,0.08710021
0,58500,0.087048404
0,58510,0.08699664
0,58520,0.08694489
0,58530,0.086893186
0,58540,0.08684151
0,58550,0.08678986
0,58560,0.08673824
0,58570,0.086686656
0,58580,0.0866351
0,58590,0.08658358
0,58600,0.086532086
0,58610,0.08648062
0,58620,0.086429186
0,58630,0.08637779
0,58640,0.08632642
0,58650,0.08627508
0,58660,0.08622377
0,58670,0.08617249
0,58680,0.086121246
0,58690,0.08607003
0,58700,0.086018845
0,58710,0.08596769
0,58720,0.08591657
0,58730,0.085865475
0,58740,0.08581442
0,58750,0.08576338
0,58760,0.08571238
0,58770,0.08566141
0,58780,0.08561047
0,58790,0.08555956
0,58800,0.08550868
0,58810,0.08545783
0,58820,0.08540701
0,58830,0.08535623
0,58840,0.08530547
0,58850,0.08525474
0,58860,0.08520405
0,58870,0.08515338
0,58880,0.085102744
0,58890,0.08505214
0,58900,0.085001566
0,58910,0.08495102
0,58920,0.084900506
0,58930,0.08485002
0,58940,0.08479957
0,58950,0.08474915
0,58960,0.08469875
0,58970,0.08464839
0,58980,0.08459806
0,58990,0.08454776
0,59000,0.08449748
0,59010,0.08444724
0,59020,0.084397025
0,59030,0.084346846
0,59040,0.084296696
0,59050,0.084246576
0,59060,0.08419648
0,59070,0.08414642
0,59080,0.08409639
0,59090,0.084046386
0,59100,0.083996415
0,59110,0.083946474
0,59120,0.08389656
0,59130,0.08384668
0,59140,0.08379683
0,59150,0.08374701
0,59160,0.083697215
0,59170,0.08364745
0,59180,0.08359772
0,59190,0.08354802
0,59200,0.083498344
0,59210,0.0834487
0,59220,0.08339909
0,59230,0.0833495
0,59240,0.08329995
0,59250,0.083250426
0,59260,0.08320093
0,59270,0.08315147
0,59280,0.08310203
0,59290,0.08305263
0,59300,0.08300325
0,59310,0.08295391
0,59320,0.08290459
0,59330,0.0828553
0,59340,0.08280604
0,59350,0.08275682
0,59360,0.08270762
0,59370,0.08265845
0,59380,0.08260931
0,59390,0.0825602
0,59400,0.08251112
0,59410,0.08246207
0,59420,0.08241305
0,59430,0.08236405
0,59440,0.082315095
0,59450,0.08226616
0,59460,0.082217254
0,59470,0.08216838
0,59480,0.08211953
0,59490,0.082070716
0,59500,0.08202193
0,59510,0.08197317
0,59520,0.081924446
0,59530,0.08187575
0,59540,0.081827074
0,59550,0.08177844
0,59560,0.08172982
0,59570,0.081681244
0,59580,0.08163269
0,59590,0.08158416
0,59600,0.08153567
0,59610,0.0814872
0,59620,0.081438765
0,59630,0.08139036
0,59640,0.08134198
0,59650,0.08129363
0,59660,0.08124531
0,59670,0.081197016
0,59680,0.08114875
0,59690,0.081100516
0,59700,0.08105231
0,59710,0.081004135
0,59720,0.08095599
0,59730,0.080907874
0,59740,0.08085978
0,59750,0.080811724
0,59760,0.08076369
0,59770,0.080715686
0,59780,0.08066771
0,59790,0.08061977
0,59800,0.08057185
0,59810,0.08052396
0,59820,0.0804761
0,59830,0.08042827
0,59840,0.08038047
0,59850,0.0803327
0,59860,0.08028495
0,59870,0.08023723
0,59880,0.08018955
0,59890,0.08014189
0,59900,0.080094256
0,59910,0.080046654
0,59920,0.07999908
0,59930,0.07995154
0,59940,0.07990402
0,59950,0.07985654
0,59960,0.07980908
0,59970,0.07976165
0,59980,0.07971424
0,59990,0.07966687
0,60000,0.07961952
0,60010,0.07957221
0,60020,0.07952492
0,60030,0.07947766
0,60040,0.07943042
0,60050,0.079383224
0,60060,0.07933605
0,60070,0.0792889
0,60080,0.07924178
0,60090,0.07919469
0,60100,0.07914763
0,60110,0.079100594
0,60120,0.07905359
0,60130,0.07900661
0,60140,0.07895966
0,60150,0.078912735
0,60160,0.07886585
0,60170,0.07881898
0,60180,0.07877214
0,60190,0.07872533
0,60200,0.078678556
0,60210,0.0786318
0,60220,0.07858507
0,60230,0.07853838
0,60240,0.07849171
0,60250,0.07844507
0,60260,0.07839846
0,60270,0.07835187
0,60280,0.07830531
0,60290,0.07825878
0,60300,0.07821228
0,60310,0.078165814
0,60320,0.07811937
0,60330,0.07807295
0,60340,0.078026555
0,60350,0.0779802
0,60360,0.07793386
0,60370,0.07788756
0,60380,0.077841274
0,60390,0.07779503
0,60400,0.077748805
0,60410,0.077702604
0,60420,0.07765644
0,60430,0.0776103
0,60440,0.07756419
0,60450,0.077518106
0,60460,0.077472046
0,60470,0.07742602
0,60480,0.07738002
0,60490,0.07733404
0,60500,0.07728809
0,60510,0.07724217
0,60520,0.077196285
0,60530,0.07715042
0,60540,0.07710458
0,60550,0.07705878
0,60560,0.07701299
0,60570,0.07696724
0,60580,0.07692151
0,60590,0.07687581
0,60600,0.07683014
0,60610,0.0767845
0,60620,0.07673888
0,60630,0.07669329
0,60640,0.07664773
0,60650,0.07660219
0,60660,0.07655668
0,60670,0.076511204
0,60680,0.07646575
0,60690,0.07642032
0,60700,0.076374926
0,60710,0.07632955
0,60720,0.07628421
0,60730,0.07623889
0,60740,0.0761936
0,60750,0.07614834
0,60760,0.076103106
0,60770,0.076057896
0,60780,0.076012716
0,60790,0.07596756
0,60800,0.07592243
0,60810,0.07587733
0,60820,0.075832255
0,60830,0.07578721
0,60840,0.07574219
0,60850,0.0756972
0,60860,0.075652234
0,60870,0.0756073
0,60880,0.07556239
0,60890,0.0755175
0,60900,0.075472645
0,60910,0.075427815
0,60920,0.07538301
0,60930,0.07533823
0,60940,0.07529348
0,60950,0.07524876
0,60960,0.07520406
0,60970,0.07515939
0,60980,0.07511475
0,60990,0.075070135
0,61000,0.07502554
0,61010,0.07498098
0,61020,0.07493645
0,61030,0.07489194
0,61040,0.07484745
0,61050,0.074803
0,61060,0.074758574
0,61070,0.07471417
0,61080,0.07466979
0,61090,0.07462545
0,61100,0.074581124
0,61110,0.07453682
0,61120,0.07449256
0,61130,0.07444831
0,61140,0.0744041
0,61150,0.07435991
0,61160,0.07431574
0,61170,0.074271604
0,61180,0.0742275
0,61190,0.07418341
0,61200,0.07413936
0,61210,0.07409532
0,61220,0.07405132
0,61230,0.07400734
0,61240,0.07396339
0,61250,0.07391946
0,61260,0.07387556
0,61270,0.07383169
0,61280,0.073787846
0,61290,0.07374402
0,61300,0.07370023
0,61310,0.07365646
0,61320,0.07361272
0,61330,0.07356901
0,61340,0.07352532
0,61350,0.07348165
0,61360,0.07343802
0,61370,0.0733944
0,61380,0.07335082
0,61390,0.07330726
0,61400,0.07326373
0,61410,0.07322022
0,61420,0.07317674
0,61430,0.07313329
0,61440,0.07308986
0,61450,0.07304646
0,61460,0.07300308
0,61470,0.072959736
0,61480,0.07291641
0,61490,0.07287311
0,61500,0.07282984
0,61510,0.07278659
0,61520,0.07274337
0,61530,0.07270018
0,61540,0.07265701
0,61550,0.072613865
0,61560,0.07257075
0,61570,0.07252766
0,61580,0.0724846
0,61590,0.072441556
0,61600,0.07239854
0,61610,0.07235555
0,61620,0.07231259
0,61630,0.07226966
0,61640,0.07222675
0,61650,0.07218386
0,61660,0.07214101
0,61670,0.07209817
0,61680,0.07205537
0,61690,0.07201258
0,61700,0.07196983
0,61710,0.0719271
0,61720,0.07188439
0,61730,0.07184172
0,61740,0.07179906
0,61750,0.07175643
0,61760,0.07171383
0,61770,0.071671255
0,61780,0.071628705
0,61790,0.07158618
0,61800,0.07154368
0,61810,0.0715012
0,61820,0.07145875
0,61830,0.071416326
0,61840,0.07137393
0,61850,0.07133155
0,61860,0.07128921
0,61870,0.071246885
0,61880,0.07120459
0,61890,0.07116232
0,61900,0.07112007
0,61910,0.07107785
0,61920,0.07103565
0,61930,0.07099348
0,61940,0.07095134
0,61950,0.07090922
0,61960,0.07086712
0,61970,0.070825055
0,61980,0.07078301
0,61990,0.07074099
0,62000,0.070699
0,62010,0.07065703
0,62020,0.07061509
0,62030,0.070573166
0,62040,0.07053128
0,62050,0.07048941
0,62060,0.070447564
0,62070,0.07040575
0,62080,0.07036395
0,62090,0.070322186
0,62100,0.07028045
0,62110,0.070238724
0,62120,0.07019704
0,62130,0.07015537
0,62140,0.070113726
0,62150,0.07007211
0,62160,0.07003052
0,62170,0.06998894
0,62180,0.06994741
0,62190,0.069905885
0,62200,0.06986439
0,62210,0.06982292
0,62220,0.06978148
0,62230,0.069740064
0,62240,0.06969867
0,62250,0.0696573
0,62260,0.06961596
0,62270,0.06957464
0,62280,0.06953334
0,62290,0.06949207
0,62300,0.06945083
0,62310,0.06940961
0,62320,0.069368415
0,62330,0.06932724
0,62340,0.0692861
0,62350,0.06924497
0,62360,0.069203876
0,62370,0.06916281
0,62380,0.06912176
0,62390,0.06908074
0,62400,0.06903974
0,62410,0.06899876
0,62420,0.06895781
0,62430,0.068916894
0,62440,0.06887599
0,62450,0.06883512
0,62460,0.068794265
0,62470,0.068753436
0,62480,0.06871264
0,62490,0.06867186
0,62500,0.068631105
0,62510,0.06859038
0,62520,0.06854967
0,62530,0.06850899
0,62540,0.06846834
0,62550,0.068427704
0,62560,0.0683871
0,62570,0.068346515
0,62580,0.06830596
0,62590,0.06826542
0,62600,0.068224914
0,62610,0.06818443
0,62620,0.06814397
0,62630,0.06810353
0,62640,0.06806312
0,62650,0.068022735
0,62660,0.06798237
0,62670,0.06794203
0,62680,0.067901716
0,62690,0.06786142
0,62700,0.06782115
0,62710,0.06778091
0,62720,0.06774069
0,62730,0.0677005
0,62740,0.067660324
0,62750,0.06762018
0,62760,0.06758006
0,62770,0.06753996
0,62780,0.06749988
0,62790,0.06745984
0,62800,0.067419805
0,62810,0.0673798
0,62820,0.06733982
0,62830,0.06729987
0,62840,0.06725994
0,62850,0.06722003
0,62860,0.06718015
0,62870,0.06714029
0,62880,0.06710046
0,62890,0.06706065
0,62900,0.067020856
0,62910,0.06698109
0,62920,0.06694136
0,62930,0.06690164
0,62940,0.06686195
0,62950,0.06682228
0,62960,0.06678264
0,62970,0.066743016
0,62980,0.06670342
0,62990,0.06666385
0,63000,0.0666243
0,63010,0.06658477
0,63020,0.06654527
0,63030,0.06650579
0,63040,0.06646634
0,63050,0.0664269
0,63060,0.0663875
0,63070,0.06634811
0,63080,0.06630875
0,63090,0.06626942
0,63100,0.0662301
0,63110,0.06619082
0,63120,0.06615155
0,63130,0.06611231
0,63140,0.06607309
0,63150,0.06603389
0,63160,0.065994725
0,63170,0.06595557
0,63180,0.06591645
0,63190,0.06587735
0,63200,0.06583827
0,63210,0.065799214
0,63220,0.06576019
0,63230,0.06572118
0,63240,0.065682195
0,63250,0.06564323
0,63260,0.06560429
0,63270,0.06556538
0,63280,0.06552649
0,63290,0.06548762
0,63300,0.065448776
0,63310,0.06540996
0,63320,0.06537116
0,63330,0.06533238
0,63340,0.06529363
0,63350,0.065254904
0,63360,0.0652162
0,63370,0.06517752
0,63380,0.06513886
0,63390,0.06510022
0,63400,0.065061614
0,63410,0.06502303
0,63420,0.06498446
0,63430,0.064945914
0,63440,0.064907394
0,63450,0.064868905
0,63460,0.06483043
0,63470,0.06479198
0,63480,0.06475355
0,63490,0.06471515
0,63500,0.06467677
0,63510,0.064638406
0,63520,0.06460007
0,63530,0.06456176
0,63540,0.06452347
0,63550,0.06448521
0,63560,0.06444696
0,63570,0.06440874
0,63580,0.06437054
0,63590,0.064332366
0,63600,0.06429422
0,63610,0.06425609
0,63620,0.064217985
0,63630,0.0641799
0,63640,0.06414184
0,63650,0.064103805
0,63660,0.064065784
0,63670,0.06402779
0,63680,0.063989826
0,63690,0.06395188
0,63700,0.06391396
0,63710,0.063876055
0,63720,0.06383818
0,63730,0.06380032
0,63740,0.063762486
0,63750,0.06372468
0,63760,0.06368689
0,63770,0.063649125
0,63780,0.06361139
0,63790,0.063573666
0,63800,0.063535966
0,63810,0.063498296
0,63820,0.06346064
0,63830,0.063423015
0,63840,0.063385405
0,63850,0.063347824
0,63860,0.063310266
0,63870,0.06327272
0,63880,0.06323521
0,63890,0.06319771
0,63900,0.06316024
0,63910,0.063122794
0,63920,0.06308536
0,63930,0.06304796
0,63940,0.06301058
0,63950,0.06297322
0,63960,0.06293588
0,63970,0.06289857
0,63980,0.06286128
0,63990,0.062824
0,64000,0.06278676
0,64010,0.062749535
0,64020,0.062712334
0,64030,0.06267515
0,64040,0.06263799
0,64050,0.06260086
0,64060,0.06256374
0,64070,0.06252665
0,64080,0.062489584
0,64090,0.062452536
0,64100,0.06241551
0,64110,0.062378507
0,64120,0.062341526
0,64130,0.062304568
0,64140,0.062267635
0,64150,0.062230717
0,64160,0.062193826
0,64170,0.062156957
0,64180,0.06212011
0,64190,0.062083285
0,64200,0.06204648
0,64210,0.0620097
0,64220,0.06197294
0,64230,0.061936203
0,64240,0.061899487
0,64250,0.061862793
0,64260,0.061826125
0,64270,0.061789475
0,64280,0.06175285
0,64290,0.06171624
0,64300,0.061679658
0,64310,0.061643098
0,64320,0.061606556
0,64330,0.061570037
0,64340,0.061533544
0,64350,0.06149707
0,64360,0.061460618
0,64370,0.06142419
0,64380,0.061387777
0,64390,0.061351392
0,64400,0.061315026
0,64410,0.061278686
0,64420,0.061242364
0,64430,0.061206065
0,64440,0.061169785
0,64450,0.06113353
0,64460,0.061097298
0,64470,0.061061084
0,64480,0.061024893
0,64490,0.060988724
0,64500,0.060952578
0,64510,0.06091645
0,64520,0.060880348
0,64530,0.060844265
0,64540,0.060808204
0,64550,0.060772166
0,64560,0.060736146
0,64570,0.060700152
0,64580,0.060664177
0,64590,0.060628224
0,64600,0.060592294
0,64610,0.060556382
0,64620,0.060520496
0,64630,0.06048463
0,64640,0.060448784
0,64650,0.06041296
0,64660,0.06037716
0,64670,0.060341377
0,64680,0.060305618
0,64690,0.060269877
0,64700,0.060234163
0,64710,0.060198467
0,64720,0.060162794
0,64730,0.060127143
0,64740,0.06009151
0,64750,0.0600559
0,64760,0.060020313
0,64770,0.059984747
0,64780,0.0599492
0,64790,0.059913676
0,64800,0.059878174
0,64810,0.05984269
0,64820,0.05980723
0,64830,0.05977179
0,64840,0.059736375
0,64850,0.059700977
0,64860,0.0596656
0,64870,0.05963025
0,64880,0.059594914
0,64890,0.059559602
0,64900,0.059524313
0,64910,0.05948904
0,64920,0.059453793
0,64930,0.059418567
0,64940,0.05938336
0,64950,0.059348173
0,64960,0.05931301
0,64970,0.059277866
0,64980,0.059242744
0,64990,0.059207644
0,65000,0.059172567
0,65010,0.05913751
0,65020,0.05910247
0,65030,0.05906745
0,65040,0.059032455
0,65050,0.058997482
0,65060,0.058962528
0,65070,0.058927596
0,65080,0.058892682
0,65090,0.05885779
0,65100,0.058822922
0,65110,0.058788072
0,65120,0.058753245
0,65130,0.058718435
0,65140,0.05868365
0,65150,0.058648884
0,65160,0.05861414
0,65170,0.058579415
0,65180,0.058544714
0,65190,0.05851003
0,65200,0.058475368
0,65210,0.058440726
0,65220,0.058406107
0,65230,0.058371507
0,65240,0.05833693
0,65250,0.058302373
0,65260,0.058267836
0,65270,0.058233317
0,65280,0.05819882
0,65290,0.058164347
0,65300,0.05812989
0,65310,0.05809546
0,65320,0.058061045
0,65330,0.058026653
0,65340,0.05799228
0,65350,0.05795793
0,65360,0.0579236
0,65370,0.05788929
0,65380,0.057855
0,65390,0.05782073
0,65400,0.057786483
0,65410,0.057752255
0,65420,0.057718046
0,65430,0.05768386
0,65440,0.057649694
0,65450,0.05761555
0,65460,0.05758142
0,65470,0.057547316
0,65480,0.057513233
0,65490,0.05747917
0,65500,0.057445124
0,65510,0.0574111
0,65520,0.057377096
0,65530,0.057343114
0,65540,0.05730915
0,65550,0.05727521
0,65560,0.05724129
0,65570,0.057207387
0,65580,0.057173505
0,65590,0.057139646
0,65600,0.057105806
0,65610,0.057071988
0,65620,0.057038188
0,65630,0.057004407
0,65640,0.05697065
0,65650,0.05693691
0,65660,0.05690319
0,65670,0.056869492
0,65680,0.05683581
0,65690,0.056802154
0,65700,0.056768518
0,65710,0.056734897
0,65720,0.056701303
0,65730,0.056667723
0,65740,0.056634165
0,65750,0.05660063
0,65760,0.05656711
0,65770,0.056533616
0,65780,0.056500137
0,65790,0.05646668
0,65800,0.05643324
0,65810,0.056399826
0,65820,0.05636643
0,65830,0.056333054
0,65840,0.056299698
0,65850,0.05626636
0,65860,0.05623304
0,65870,0.056199744
0,65880,0.05616647
0,65890,0.05613321
0,65900,0.056099974
0,65910,0.056066755
0,65920,0.05603356
0,65930,0.05600038
0,65940,0.055967227
0,65950,0.055934086
0,65960,0.05590097
0,65970,0.055867873
0,65980,0.055834793
0,65990,0.055801734
0,66000,0.0557687
0,66010,0.055735677
0,66020,0.05570268
0,66030,0.0556697
0,66040,0.05563674
0,66050,0.055603802
0,66060,0.05557088
0,66070,0.05553798
0,66080,0.0555051
0,66090,0.05547224
0,66100,0.0554394
0,66110,0.055406578
0,66120,0.055373777
0,66130,0.055340994
0,66140,0.055308234
0,66150,0.05527549
0,66160,0.055242766
0,66170,0.055210065
0,66180,0.05517738
0,66190,0.055144716
0,66200,0.05511207
0,66210,0.055079445
0,66220,0.05504684
0,66230,0.055014253
0,66240,0.054981686
0,66250,0.054949142
0,66260,0.054916613
0,66270,0.054884106
0,66280,0.054851618
0,66290,0.054819148
0,66300,0.054786697
0,66310,0.05475427
0,66320,0.05472186
0,66330,0.054689467
0,66340,0.054657094
0,66350,0.054624744
0,66360,0.05459241
0,66370,0.054560095
0,66380,0.0545278
0,66390,0.054495525
0,66400,0.05446327
0,66410,0.054431032
0,66420,0.054398816
0,66430,0.05436662
0,66440,0.05433444
0,66450,0.054302283
0,66460,0.05427014
0,66470,0.05423802
0,66480,0.05420592
0,66490,0.05417384
0,66500,0.054141775
0,66510,0.054109734
0,66520,0.054077707
0,66530,0.054045703
0,66540,0.054013718
0,66550,0.05398175
0,66560,0.053949803
0,66570,0.053917874
0,66580,0.053885963
0,66590,0.053854074
0,66600,0.0538222
0,66610,0.05379035
0,66620,0.053758517
0,66630,0.053726703
0,66640,0.053694908
0,66650,0.053663135
0,66660,0.053631376
0,66670,0.053599637
0,66680,0.05356792
0,66690,0.05353622
0,66700,0.053504538
0,66710,0.053472877
0,66720,0.053441234
0,66730,0.05340961
0,66740,0.053378005
0,66750,0.05334642
0,66760,0.053314853
0,66770,0.053283304
0,66780,0.053251777
0,66790,0.053220265
0,66800,0.053188775
0,66810,0.053157303
0,66820,0.053125847
0,66830,0.053094413
0,66840,0.053062998
0,66850,0.0530316
0,66860,0.053000223
0,66870,0.052968863
0,66880,0.052937523
0,66890,0.0529062
0,66900,0.052874897
0,66910,0.05284361
0,66920,0.05281235
0,66930,0.0527811
0,66940,0.052749872
0,66950,0.05271866
0,66960,0.052687474
0,66970,0.0526563
0,66980,0.052625146
0,66990,0.052594014
0,67000,0.052562896
0,67010,0.052531797
0,67020,0.05250072
0,67030,0.05246966
0,67040,0.052438617
0,67050,0.052407596
0,67060,0.05237659
0,67070,0.052345604
0,67080,0.05231464
0,67090,0.05228369
0,67100,0.05225276
0,67110,0.05222185
0,67120,0.052190956
0,67130,0.05216008
0,67140,0.052129224
0,67150,0.052098386
0,67160,0.052067567
0,67170,0.052036766
0,67180,0.052005984
0,67190,0.05197522
0,67200,0.051944476
0,67210,0.05191375
0,67220,0.05188304
0,67230,0.05185235
0,67240,0.05182168
0,67250,0.051791027
0,67260,0.05176039
0,67270,0.051729776
0,67280,0.051699176
0,67290,0.051668596
0,67300,0.051638037
0,67310,0.051607493
0,67320,0.05157697
0,67330,0.051546462
0,67340,0.051515974
0,67350,0.0514855
0,67360,0.05145505
0,67370,0.05142462
0,67380,0.0513942
0,67390,0.051363803
0,67400,0.051333427
0,67410,0.051303066
0,67420,0.051272724
0,67430,0.0512424
0,67440,0.05121209
0,67450,0.051181804
0,67460,0.051151536
0,67470,0.051121283
0,67480,0.05109105
0,67490,0.051060833
0,67500,0.051030636
0,67510,0.051000457
0,67520,0.050970297
0,67530,0.050940152
0,67540,0.05091003
0,67550,0.05087992
0,67560,0.050849833
0,67570,0.050819762
0,67580,0.05078971
0,67590,0.050759673
0,67600,0.05072966
0,67610,0.05069966
0,67620,0.050669678
0,67630,0.050639715
0,67640,0.05060977
0,67650,0.050579842
0,67660,0.050549936
0,67670,0.050520044
0,67680,0.05049017
0,67690,0.050460313
0,67700,0.050430477
0,67710,0.050400656
0,67720,0.050370857
0,67730,0.050341073
0,67740,0.050311305
0,67750,0.05028156
0,67760,0.050251827
0,67770,0.050222114
0,67780,0.05019242
0,67790,0.050162744
0,67800,0.050133083
0,67810,0.050103445
0,67820,0.050073817
0,67830,0.050044212
0,67840,0.050014626
0,67850,0.049985055
0,67860,0.049955502
0,67870,0.049925968
0,67880,0.04989645
0,67890,0.049866952
0,67900,0.04983747
0,67910,0.049808003
0,67920,0.04977856
0,67930,0.04974913
0,67940,0.049719717
0,67950,0.049690325
0,67960,0.049660947
0,67970,0.04963159
0,67980,0.049602248
0,67990,0.049572926
0,68000,0.04954362
0,68010,0.04951433
0,68020,0.04948506
0,68030,0.049455807
0,68040,0.04942657
0,68050,0.049397353
0,68060,0.049368154
0,68070,0.04933897
0,68080,0.049309805
0,68090,0.04928066
0,68100,0.049251527
0,68110,0.049222413
0,68120,0.04919332
0,68130,0.04916424
0,68140,0.04913518
0,68150,0.049106136
0,68160,0.04907711
0,68170,0.0490481
0,68180,0.04901911
0,68190,0.048990134
0,68200,0.048961177
0,68210,0.04893224
0,68220,0.04890332
0,68230,0.048874415
0,68240,0.048845526
0,68250,0.04881666
0,68260,0.048787802
0,68270,0.04875897
0,68280,0.04873015
0,68290,0.04870135
0,68300,0.048672568
0,68310,0.0486438
0,68320,0.048615053
0,68330,0.04858632
0,68340,0.048557606
0,68350,0.04852891
0,68360,0.04850023
0,68370,0.048471566
0,68380,0.04844292
0,68390,0.04841429
0,68400,0.04838568
0,68410,0.048357084
0,68420,0.048328508
0,68430,0.048299946
0,68440,0.048271403
0,68450,0.04824288
0,68460,0.04821437
0,68470,0.048185878
0,68480,0.048157405
0,68490,0.048128948
0,68500,0.048100505
0,68510,0.04807208
0,68520,0.048043676
0,68530,0.048015285
0,68540,0.047986913
0,68550,0.04795856
0,68560,0.047930222
0,68570,0.0479019
0,68580,0.047873594
0,68590,0.047845308
0,68600,0.047817037
0,68610,0.047788784
0,68620,0.047760546
0,68630,0.047732327
0,68640,0.047704123
0,68650,0.047675937
0,68660,0.047647767
0,68670,0.047619615
0,68680,0.04759148
0,68690,0.047563363
0,68700,0.04753526
0,68710,0.047507174
0,68720,0.047479108
0,68730,0.047451057
0,68740,0.047423024
0,68750,0.047395006
0,68760,0.047367003
0,68770,0.047339022
0,68780,0.047311053
0,68790,0.0472831
0,68800,0.04725517
0,68810,0.047227252
0,68820,0.047199354
0,68830,0.04717147
0,68840,0.0471436
0,68850,0.04711575
0,68860,0.04708792
0,68870,0.047060102
0,68880,0.0470323
0,68890,0.047004517
0,68900,0.046976753
0,68910,0.046949
0,68920,0.046921268
0,68930,0.046893552
0,68940,0.04686585
0,68950,0.046838168
0,68960,0.0468105
0,68970,0.046782847
0,68980,0.046755213
0,68990,0.046727598
0,69000,0.046699997
0,69010,0.04667241
0,69020,0.046644844
0,69030,0.046617292
0,69040,0.04658976
0,69050,0.04656224
0,69060,0.04653474
0,69070,0.046507254
0,69080,0.046479784
0,69090,0.046452332
0,69100,0.046424896
0,69110,0.046397477
0,69120,0.046370074
0,69130,0.046342686
0,69140,0.046315316
0,69150,0.04628796
0,69160,0.046260625
0,69170,0.046233304
0,69180,0.046205997
0,69190,0.04617871
0,69200,0.04615144
0,69210,0.046124183
0,69220,0.046096943
0,69230,0.046069723
0,69240,0.046042513
0,69250,0.046015322
0,69260,0.04598815
0,69270,0.045960993
0,69280,0.04593385
0,69290,0.045906726
0,69300,0.045879617
0,69310,0.045852523
0,69320,0.045825448
0,69330,0.045798387
0,69340,0.04577134
0,69350,0.045744315
0,69360,0.045717303
0,69370,0.045690306
0,69380,0.045663327
0,69390,0.045636363
0,69400,0.04560942
0,69410,0.045582484
0,69420,0.045555573
0,69430,0.045528673
0,69440,0.04550179
0,69450,0.045474924
0,69460,0.045448072
0,69470,0.04542124
0,69480,0.04539442
0,69490,0.045367617
0,69500,0.045340832
0,69510,0.045314062
0,69520,0.045287307
0,69530,0.04526057
0,69540,0.04523385
0,69550,0.045207143
0,69560,0.04518045
0,69570,0.045153778
0,69580,0.04512712
0,69590,0.04510048
0,69600,0.045073852
0,69610,0.045047242
0,69620,0.045020647
0,69630,0.04499407
0,69640,0.04496751
0,69650,0.044940963
0,69660,0.044914432
0,69670,0.044887915
0,69680,0.044861417
0,69690,0.044834934
0,69700,0.04480847
0,69710,0.044782016
0,69720,0.04475558
0,69730,0.044729162
0,69740,0.044702757
0,69750,0.04467637
0,69760,0.04465
0,69770,0.044623643
0,69780,0.0445973
0,69790,0.04457098
0,69800,0.04454467
0,69810,0.044518378
0,69820,0.0444921
0,69830,0.044465836
0,69840,0.04443959
0,69850,0.04441336
0,69860,0.044387147
0,69870,0.044360947
0,69880,0.044334766
0,69890,0.0443086
0,69900,0.044282448
0,69910,0.04425631
0,69920,0.04423019
0,69930,0.044204086
0,69940,0.044177998
0,69950,0.044151925
0,69960,0.044125866
0,69970,0.044099823
0,69980,0.044073798
0,69990,0.044047784
0,70000,0.04402179
0,70010,0.04399581
0,70020,0.043969847
0,70030,0.043943897
0,70040,0.043917965
0,70050,0.04389205
0,70060,0.043866146
0,70070,0.04384026
0,70080,0.043814387
0,70090,0.04378853
0,70100,0.04376269
0,70110,0.043736868
0,70120,0.04371106
0,70130,0.043685265
0,70140,0.043659486
0,70150,0.04363372
0,70160,0.043607976
0,70170,0.043582242
0,70180,0.043556526
0,70190,0.043530826
0,70200,0.04350514
0,70210,0.04347947
0,70220,0.043453816
0,70230,0.043428175
0,70240,0.043402553
0,70250,0.04337694
0,70260,0.04335135
0,70270,0.04332577
0,70280,0.043300208
0,70290,0.04327466
0,70300,0.043249127
0,70310,0.043223612
0,70320,0.04319811
0,70330,0.043172624
0,70340,0.04314715
0,70350,0.043121696
0,70360,0.043096256
0,70370,0.04307083
0,70380,0.04304542
0,70390,0.043020025
0,70400,0.042994644
0,70410,0.042969283
0,70420,0.042943932
0,70430,0.042918596
0,70440,0.04289328
0,70450,0.042867973
0,70460,0.042842686
0,70470,0.042817414
0,70480,0.042792156
0,70490,0.04276691
0,70500,0.042741682
0,70510,0.04271647
0,70520,0.04269127
0,70530,0.04266609
0,70540,0.04264092
0,70550,0.042615768
0,70560,0.042590633
0,70570,0.04256551
0,70580,0.0425404
0,70590,0.042515308
0,70600,0.042490233
0,70610,0.04246517
0,70620,0.042440124
0,70630,0.04241509
0,70640,0.042390075
0,70650,0.04236507
0,70660,0.042340085
0,70670,0.04231511
0,70680,0.042290155
0,70690,0.04226521
0,70700,0.042240284
0,70710,0.04221537
0,70720,0.042190474
0,70730,0.04216559
0,70740,0.042140722
0,70750,0.04211587
0,70760,0.04209103
0,70770,0.04206621
0,70780,0.0420414
0,70790,0.042016607
0,70800,0.041991826
0,70810,0.041967064
0,70820,0.041942313
0,70830,0.04191758
0,70840,0.04189286
0,70850,0.041868158
0,70860,0.041843466
0,70870,0.041818794
0,70880,0.041794132
0,70890,0.041769486
0,70900,0.041744854
0,70910,0.04172024
0,70920,0.04169564
0,70930,0.041671053
0,70940,0.04164648
0,70950,0.041621923
0,70960,0.04159738
0,70970,0.041572854
0,70980,0.04154834
0,70990,0.041523844
0,71000,0.04149936
0,71010,0.04147489
0,71020,0.041450437
0,71030,0.041426
0,71040,0.041401573
0,71050,0.04137716
0,71060,0.041352767
0,71070,0.041328385
0,71080,0.04130402
0,71090,0.041279666
0,71100,0.04125533
0,71110,0.041231006
0,71120,0.0412067
0,71130,0.041182406
0,71140,0.04115813
0,71150,0.041133862
0,71160,0.041109614
0,71170,0.041085377
0,71180,0.041061155
0,71190,0.041036952
0,71200,0.04101276
0,71210,0.040988583
0,71220,0.040964417
0,71230,0.04094027
0,71240,0.040916137
0,71250,0.040892016
0,71260,0.040867914
0,71270,0.040843822
0,71280,0.040819746
0,71290,0.040795684
0,71300,0.040771637
0,71310,0.0407476
0,71320,0.040723585
0,71330,0.04069958
0,71340,0.04067559
0,71350,0.040651616
0,71360,0.040627655
0,71370,0.04060371
0,71380,0.040579777
0,71390,0.040555857
0,71400,0.040531952
0,71410,0.040508065
0,71420,0.04048419
0,71430,0.04046033
0,71440,0.040436484
0,71450,0.04041265
0,71460,0.040388834
0,71470,0.04036503
0,71480,0.04034124
0,71490,0.040317465
0,71500,0.040293705
0,71510,0.040269956
0,71520,0.040246226
0,71530,0.040222507
0,71540,0.040198803
0,71550,0.040175114
0,71560,0.040151436
0,71570,0.040127777
0,71580,0.04010413
0,71590,0.040080495
0,71600,0.040056877
0,71610,0.04003327
0,71620,0.04000968
0,71630,0.039986104
0,71640,0.03996254
0,71650,0.039938994
0,71660,0.039915457
0,71670,0.03989194
0,71680,0.039868433
0,71690,0.03984494
0,71700,0.039821465
0,71710,0.039798
0,71720,0.03977455
0,71730,0.039751112
0,71740,0.03972769
0,71750,0.039704286
0,71760,0.03968089
0,71770,0.03965751
0,71780,0.039634146
0,71790,0.039610796
0,71800,0.039587457
0,71810,0.039564133
0,71820,0.039540824
0,71830,0.039517526
0,71840,0.039494246
0,71850,0.039470978
0,71860,0.039447725
0,71870,0.039424483
0,71880,0.03940126
0,71890,0.039378047
0,71900,0.039354846
0,71910,0.039331663
0,71920,0.039308492
0,71930,0.039285336
0,71940,0.039262194
0,71950,0.039239064
0,71960,0.03921595
0,71970,0.039192848
0,71980,0.039169762
0,71990,0.039146688
0,72000,0.03912363
0,72010,0.039100584
0,72020,0.03907755
0,72030,0.03905453
0,72040,0.039031528
0,72050,0.039008535
0,72060,0.03898556
0,72070,0.038962595
0,72080,0.038939647
0,72090,0.03891671
0,72100,0.03889379
0,72110,0.038870882
0,72120,0.038847987
0,72130,0.038825106
0,72140,0.03880224
0,72150,0.038779385
0,72160,0.038756546
0,72170,0.03873372
0,72180,0.038710907
0,72190,0.03868811
0,72200,0.038665324
0,72210,0.03864255
0,72220,0.038619794
0,72230,0.03859705
0,72240,0.03857432
0,72250,0.038551603
0,72260,0.0385289
0,72270,0.03850621
0,72280,0.038483534
0,72290,0.038460873
0,72300,0.038438223
0,72310,0.03841559
0,72320,0.038392965
0,72330,0.03837036
0,72340,0.038347762
0,72350,0.038325183
0,72360,0.038302615
0,72370,0.03828006
0,72380,0.03825752
0,72390,0.038234994
0,72400,0.03821248
0,72410,0.038189977
0,72420,0.03816749
0,72430,0.038145017
0,72440,0.038122557
0,72450,0.038100112
0,72460,0.03807768
0,72470,0.03805526
0,72480,0.038032856
0,72490,0.038010463
0,72500,0.03798808
0,72510,0.037965715
0,72520,0.037943363
0,72530,0.037921026
0,72540,0.0378987
0,72550,0.037876386
0,72560,0.03785409
0,72570,0.037831802
0,72580,0.037809532
0,72590,0.037787274
0,72600,0.037765026
0,72610,0.037742794
0,72620,0.037720576
0,72630,0.03769837
0,72640,0.037676178
0,72650,0.037653998
0,72660,0.037631832
0,72670,0.03760968
0,72680,0.037587542
0,72690,0.037565414
0,72700,0.037543304
0,72710,0.037521202
0,72720,0.03749912
0,72730,0.037477043
0,72740,0.037454985
0,72750,0.03743294
0,72760,0.037410904
0,72770,0.037388884
0,72780,0.03736688
0,72790,0.037344884
0,72800,0.037322905
0,72810,0.037300937
0,72820,0.03727898
0,72830,0.03725704
0,72840,0.03723511
0,72850,0.0372132
0,72860,0.037191294
0,72870,0.037169408
0,72880,0.037147533
0,72890,0.03712567
0,72900,0.03710382
0,72910,0.037081983
0,72920,0.03706016
0,72930,0.037038352
0,72940,0.037016552
0,72950,0.03699477
0,72960,0.036973
0,72970,0.03695124
0,72980,0.036929496
0,72990,0.036907762
0,73000,0.036886044
0,73010,0.03686434
0,73020,0.036842648
0,73030,0.036820967
0,73040,0.0367993
0,73050,0.036777645
0,73060,0.036756005
0,73070,0.036734376
0,73080,0.036712762
0,73090,0.03669116
0,73100,0.03666957
0,73110,0.036647994
0,73120,0.036626432
0,73130,0.03660488
0,73140,0.036583345
0,73150,0.03656182
0,73160,0.036540307
0,73170,0.03651881
0,73180,0.03649732
0,73190,0.03647585
0,73200,0.03645439
0,73210,0.03643294
0,73220,0.03641151
0,73230,0.036390085
0,73240,0.036368676
0,73250,0.03634728
0,73260,0.036325898
0,73270,0.036304526
0,73280,0.03628317
0,73290,0.036261827
0,73300,0.036240492
0,73310,0.036219172
0,73320,0.036197867
0,73330,0.036176573
0,73340,0.036155295
0,73350,0.036134023
0,73360,0.03611277
0,73370,0.036091525
0,73380,0.036070295
0,73390,0.03604908
0,73400,0.036027875
0,73410,0.03600668
0,73420,0.035985503
0,73430,0.035964336
0,73440,0.035943184
0,73450,0.035922043
0,73460,0.035900913
0,73470,0.0358798
0,73480,0.035858694
0,73490,0.035837602
0,73500,0.035816524
0,73510,0.03579546
0,73520,0.035774406
0,73530,0.035753366
0,73540,0.03573234
0,73550,0.035711326
0,73560,0.035690323
0,73570,0.03566933
0,73580,0.035648353
0,73590,0.03562739
0,73600,0.035606436
0,73610,0.035585497
0,73620,0.03556457
0,73630,0.035543658
0,73640,0.035522755
0,73650,0.035501864
0,73660,0.035480987
0,73670,0.035460126
0,73680,0.03543927
0,73690,0.035418432
0,73700,0.035397604
0,73710,0.03537679
0,73720,0.03535599
0,73730,0.035335198
0,73740,0.035314422
0,73750,0.035293657
0,73760,0.035272904
0,73770,0.035252165
0,73780,0.035231438
0,73790,0.03521072
0,73800,0.03519002
0,73810,0.03516933
0,73820,0.03514865
0,73830,0.035127986
0,73840,0.035107333
0,73850,0.03508669
0,73860,0.035066064
0,73870,0.03504545
0,73880,0.035024844
0,73890,0.035004254
0,73900,0.034983676
0,73910,0.03496311
0,73920,0.034942552
0,73930,0.03492201
0,73940,0.03490148
0,73950,0.034880962
0,73960,0.03486046
0,73970,0.034839965
0,73980,0.034819484
0,73990,0.034799017
0,74000,0.03477856
0,74010,0.034758117
0,74020,0.034737684
0,74030,0.034717266
0,74040,0.03469686
0,74050,0.034676462
0,74060,0.03465608
0,74070,0.03463571
0,74080,0.034615353
0,74090,0.034595005
0,74100,0.034574673
0,74110,0.03455435
0,74120,0.03453404
0,74130,0.03451374
0,74140,0.034493458
0,74150,0.034473184
0,74160,0.034452923
0,74170,0.034432676
0,74180,0.034412436
0,74190,0.03439221
0,74200,0.034372002
0,74210,0.0343518
0,74220,0.034331612
0,74230,0.034311436
0,74240,0.03429127
0,74250,0.034271117
0,74260,0.03425098
0,74270,0.03423085
0,74280,0.034210734
0,74290,0.034190632
0,74300,0.03417054
0,74310,0.03415046
0,74320,0.03413039
0,74330,0.034110337
0,74340,0.03409029
0,74350,0.03407026
0,74360,0.03405024
0,74370,0.034030233
0,74380,0.034010235
0,74390,0.033990253
0,74400,0.03397028
0,74410,0.03395032
0,74420,0.033930372
0,74430,0.03391044
0,74440,0.03389051
0,74450,0.0338706
0,74460,0.0338507
0,74470,0.03383081
0,74480,0.033810936
0,74490,0.033791073
0,74500,0.033771217
0,74510,0.033751376
0,74520,0.03373155
0,74530,0.03371173
0,74540,0.033691928
0,74550,0.03367213
0,74560,0.03365235
0,74570,0.033632584
0,74580,0.033612825
0,74590,0.033593077
0,74600,0.033573344
0,74610,0.033553623
0,74620,0.033533912
0,74630,0.033514213
0,74640,0.033494525
0,74650,0.03347485
0,74660,0.03345519
0,74670,0.033435535
0,74680,0.033415895
0,74690,0.033396266
0,74700,0.033376653
0,74710,0.033357047
0,74720,0.033337455
0,74730,0.033317875
0,74740,0.033298302
0,74750,0.03327875
0,74760,0.0332592
0,74770,0.033239666
0,74780,0.033220142
0,74790,0.033200633
0,74800,0.033181135
0,74810,0.033161648
0,74820,0.03314217
0,74830,0.033122707
0,74840,0.033103254
0,74850,0.03308381
0,74860,0.033064384
0,74870,0.033044968
0,74880,0.03302556
0,74890,0.033006165
0,74900,0.032986782
0,74910,0.03296741
0,74920,0.032948054
0,74930,0.032928705
0,74940,0.032909367
0,74950,0.032890044
0,74960,0.03287073
0,74970,0.032851428
0,74980,0.03283214
0,74990,0.03281286
0,75000,0.032793593
0,75010,0.032774337
0,75020,0.03275509
0,75030,0.03273586
0,75040,0.03271664
0,75050,0.03269743
0,75060,0.03267823
0,75070,0.032659046
0,75080,0.032639872
0,75090,0.03262071
0,75100,0.032601558
0,75110,0.032582417
0,75120,0.032563288
0,75130,0.03254417
0,75140,0.032525063
0,75150,0.032505967
0,75160,0.032486886
0,75170,0.032467812
0,75180,0.032448754
0,75190,0.032429703
0,75200,0.032410666
0,75210,0.032391638
0,75220,0.032372624
0,75230,0.03235362
0,75240,0.03233463
0,75250,0.03231565
0,75260,0.03229668
0,75270,0.032277722
0,75280,0.032258775
0,75290,0.03223984
0,75300,0.032220915
0,75310,0.032202
0,75320,0.0321831
0,75330,0.032164212
0,75340,0.032145333
0,75350,0.032126464
0,75360,0.03210761
0,75370,0.032088764
0,75380,0.03206993
0,75390,0.03205111
0,75400,0.032032296
0,75410,0.0320135
0,75420,0.031994708
0,75430,0.031975932
0,75440,0.031957164
0,75450,0.03193841
0,75460,0.031919666
0,75470,0.031900935
0,75480,0.031882215
0,75490,0.031863503
0,75500,0.031844806
0,75510,0.031826116
0,75520,0.03180744
0,75530,0.031788778
0,75540,0.03177012
0,75550,0.03175148
0,75560,0.031732846
0,75570,0.031714227
0,75580,0.03169562
0,75590,0.03167702
0,75600,0.031658433
0,75610,0.031639855
0,75620,0.031621292
0,75630,0.031602737
0,75640,0.031584196
0,75650,0.031565662
0,75660,0.031547144
0,75670,0.031528633
0,75680,0.031510137
0,75690,0.03149165
0,75700,0.031473175
0,75710,0.03145471
0,75720,0.031436253
0,75730,0.03141781
0,75740,0.03139938
0,75750,0.03138096
0,75760,0.03136255
0,75770,0.03134415
0,75780,0.03132576
0,75790,0.031307384
0,75800,0.03128902
0,75810,0.031270664
0,75820,0.03125232
0,75830,0.031233987
0,75840,0.031215666
0,75850,0.031197354
0,75860,0.031179056
0,75870,0.031160766
0,75880,0.031142488
0,75890,0.031124221
0,75900,0.031105964
0,75910,0.031087719
0,75920,0.031069485
0,75930,0.031051261
0,75940,0.031033048
0,75950,0.031014847
0,75960,0.030996656
0,75970,0.030978477
0,75980,0.030960308
0,75990,0.03094215
0,76000,0.030924002
0,76010,0.030905867
0,76020,0.030887742
0,76030,0.030869626
0,76040,0.030851522
0,76050,0.030833429
0,76060,0.030815348
0,76070,0.030797277
0,76080,0.030779216
0,76090,0.030761166
0,76100,0.030743128
0,76110,0.0307251
0,76120,0.030707082
0,76130,0.030689076
0,76140,0.030671079
0,76150,0.030653095
0,76160,0.03063512
0,76170,0.030617157
0,76180,0.030599205
0,76190,0.030581262
0,76200,0.03056333
0,76210,0.030545412
0,76220,0.0305275
0,76230,0.030509602
0,76240,0.030491713
0,76250,0.030473836
0,76260,0.03045597
0,76270,0.030438114
0,76280,0.030420268
0,76290,0.030402433
0,76300,0.03038461
0,76310,0.030366795
0,76320,0.030348992
0,76330,0.0303312
0,76340,0.03031342
0,76350,0.030295648
0,76360,0.030277887
0,76370,0.030260138
0,76380,0.030242398
0,76390,0.03022467
0,76400,0.030206952
0,76410,0.030189246
0,76420,0.030171549
0,76430,0.030153863
0,76440,0.030136188
0,76450,0.030118523
0,76460,0.030100869
0,76470,0.030083224
0,76480,0.030065592
0,76490,0.03004797
0,76500,0.030030357
0,76510,0.030012757
0,76520,0.029995166
0,76530,0.029977584
0,76540,0.029960014
0,76550,0.029942455
0,76560,0.029924907
0,76570,0.029907368
0,76580,0.02988984
0,76590,0.029872322
0,76600,0.029854815
0,76610,0.02983732
0,76620,0.029819833
0,76630,0.029802358
0,76640,0.029784894
0,76650,0.029767439
0,76660,0.029749995
0,76670,0.02973256
0,76680,0.029715138
0,76690,0.029697726
0,76700,0.029680323
0,76710,0.029662931
0,76720,0.02964555
0,76730,0.029628178
0,76740,0.029610816
0,76750,0.029593468
0,76760,0.029576126
0,76770,0.029558798
0,76780,0.029541478
0,76790,0.02952417
0,76800,0.029506871
0,76810,0.029489582
0,76820,0.029472305
0,76830,0.029455038
0,76840,0.02943778
0,76850,0.029420534
0,76860,0.029403297
0,76870,0.029386071
0,76880,0.029368855
0,76890,0.02935165
0,76900,0.029334454
0,76910,0.02931727
0,76920,0.029300094
0,76930,0.02928293
0,76940,0.029265776
0,76950,0.029248632
0,76960,0.029231498
0,76970,0.029214375
0,76980,0.029197263
0,76990,0.02918016
0,77000,0.029163066
0,77010,0.029145984
0,77020,0.029128913
0,77030,0.02911185
0,77040,0.029094798
0,77050,0.029077757
0,77060,0.029060725
0,77070,0.029043704
0,77080,0.029026693
0,77090,0.029009692
0,77100,0.028992701
0,77110,0.028975721
0,77120,0.02895875
0,77130,0.028941792
0,77140,0.028924841
0,77150,0.0289079
0,77160,0.028890971
0,77170,0.028874053
0,77180,0.028857142
0,77190,0.028840244
0,77200,0.028823353
0,77210,0.028806474
0,77220,0.028789606
0,77230,0.028772747
0,77240,0.028755898
0,77250,0.02873906
0,77260,0.02872223
0,77270,0.028705413
0,77280,0.028688604
0,77290,0.028671805
0,77300,0.028655017
0,77310,0.028638238
0,77320,0.02862147
0,77330,0.028604712
0,77340,0.028587963
0,77350,0.028571226
0,77360,0.028554497
0,77370,0.028537778
0,77380,0.02852107
0,77390,0.028504374
0,77400,0.028487684
0,77410,0.028471006
0,77420,0.028454337
0,77430,0.02843768
0,77440,0.028421031
0,77450,0.028404392
0,77460,0.028387764
0,77470,0.028371146
0,77480,0.028354539
0,77490,0.028337939
0,77500,0.02832135
0,77510,0.028304772
0,77520,0.028288202
0,77530,0.028271643
0,77540,0.028255096
0,77550,0.028238555
0,77560,0.028222026
0,77570,0.028205508
0,77580,0.028188998
0,77590,0.028172499
0,77600,0.028156009
0,77610,0.02813953
0,77620,0.02812306
0,77630,0.0281066
0,77640,0.02809015
0,77650,0.02807371
0,77660,0.028057279
0,77670,0.028040858
0,77680,0.028024448
0,77690,0.028008046
0,77700,0.027991654
0,77710,0.027975274
0,77720,0.027958902
0,77730,0.02794254
0,77740,0.027926188
0,77750,0.027909845
0,77760,0.027893513
0,77770,0.027877191
0,77780,0.027860878
0,77790,0.027844574
0,77800,0.027828282
0,77810,0.027811999
0,77820,0.027795725
0,77830,0.02777946
0,77840,0.027763205
0,77850,0.02774696
0,77860,0.027730726
0,77870,0.0277145
0,77880,0.027698284
0,77890,0.027682079
0,77900,0.027665883
0,77910,0.027649697
0,77920,0.02763352
0,77930,0.027617352
0,77940,0.027601195
0,77950,0.027585046
0,77960,0.027568908
0,77970,0.02755278
0,77980,0.027536662
0,77990,0.027520552
0,78000,0.027504453
0,78010,0.027488364
0,78020,0.027472284
0,78030,0.027456213
0,78040,0.027440151
0,78050,0.0274241
0,78060,0.027408058
0,78070,0.027392026
0,78080,0.027376004
0,78090,0.02735999
0,78100,0.027343987
0,78110,0.027327994
0,78120,0.027312009
0,78130,0.027296035
0,78140,0.02728007
0,78150,0.027264113
0,78160,0.027248167
0,78170,0.027232232
0,78180,0.027216304
0,78190,0.027200386
0,78200,0.027184479
0,78210,0.02716858
0,78220,0.027152691
0,78230,0.027136812
0,78240,0.027120942
0,78250,0.027105082
0,78260,0.02708923
0,78270,0.027073389
0,78280,0.027057556
0,78290,0.027041735
0,78300,0.027025921
0,78310,0.027010119
0,78320,0.026994323
0,78330,0.02697854
0,78340,0.026962765
0,78350,0.026947
0,78360,0.026931241
0,78370,0.026915494
0,78380,0.026899757
0,78390,0.026884029
0,78400,0.026868312
0,78410,0.026852602
0,78420,0.026836902
0,78430,0.026821211
0,78440,0.02680553
0,78450,0.026789859
0,78460,0.026774196
0,78470,0.026758544
0,78480,0.0267429
0,78490,0.026727265
0,78500,0.02671164
0,78510,0.026696024
0,78520,0.02668042
0,78530,0.026664821
0,78540,0.026649235
0,78550,0.026633656
0,78560,0.026618088
0,78570,0.026602527
0,78580,0.026586978
0,78590,0.026571438
0,78600,0.026555905
0,78610,0.026540384
0,78620,0.02652487
0,78630,0.026509365
0,78640,0.026493872
0,78650,0.026478386
0,78660,0.02646291
0,78670,0.026447443
0,78680,0.026431987
0,78690,0.026416538
0,78700,0.026401099
0,78710,0.026385669
0,78720,0.02637025
0,78730,0.026354838
0,78740,0.026339436
0,78750,0.026324043
0,78760,0.02630866
0,78770,0.026293285
0,78780,0.02627792
0,78790,0.026262563
0,78800,0.026247216
0,78810,0.02623188
0,78820,0.02621655
0,78830,0.026201231
0,78840,0.02618592
0,78850,0.02617062
0,78860,0.026155328
0,78870,0.026140045
0,78880,0.026124772
0,78890,0.026109507
0,78900,0.026094252
0,78910,0.026079006
0,78920,0.026063768
0,78930,0.026048541
0,78940,0.026033321
0,78950,0.026018113
0,78960,0.026002912
0,78970,0.02598772
0,78980,0.025972538
0,78990,0.025957365
0,79000,0.0259422
0,79010,0.025927044
0,79020,0.0259119
0,79030,0.025896762
0,79040,0.025881633
0,79050,0.025866516
0,79060,0.025851404
0,79070,0.025836304
0,79080,0.025821213
0,79090,0.025806129
0,79100,0.025791056
0,79110,0.025775991
0,79120,0.025760936
0,79130,0.02574589
0,79140,0.02573085
0,79150,0.025715822
0,79160,0.025700802
0,79170,0.02568579
0,79180,0.02567079
0,79190,0.025655797
0,79200,0.025640814
0,79210,0.025625838
0,79220,0.025610872
0,79230,0.025595915
0,79240,0.025580967
0,79250,0.025566028
0,79260,0.025551097
0,79270,0.025536178
0,79280,0.025521265
0,79290,0.02550636
0,79300,0.025491467
0,79310,0.02547658
0,79320,0.025461705
0,79330,0.025446836
0,79340,0.025431978
0,79350,0.025417129
0,79360,0.025402287
0,79370,0.025387455
0,79380,0.025372632
0,79390,0.025357816
0,79400,0.025343012
0,79410,0.025328215
0,79420,0.025313426
0,79430,0.025298648
0,79440,0.025283877
0,79450,0.025269115
0,79460,0.025254363
0,79470,0.02523962
0,79480,0.025224885
0,79490,0.025210159
0,79500,0.025195442
0,79510,0.025180733
0,79520,0.025166033
0,79530,0.025151342
0,79540,0.02513666
0,79550,0.025121987
0,79560,0.025107322
0,79570,0.025092667
0,79580,0.02507802
0,79590,0.025063382
0,79600,0.025048751
0,79610,0.025034131
0,79620,0.025019519
0,79630,0.025004916
0,79640,0.024990322
0,79650,0.024975736
0,79660,0.024961159
0,79670,0.02494659
0,79680,0.02493203
0,79690,0.02491748
0,79700,0.024902938
0,79710,0.024888404
0,79720,0.024873879
0,79730,0.024859363
0,79740,0.024844855
0,79750,0.024830358
0,79760,0.024815867
0,79770,0.024801387
0,79780,0.024786914
0,79790,0.024772448
0,79800,0.024757992
0,79810,0.024743546
0,79820,0.024729108
0,79830,0.024714679
0,79840,0.024700258
0,79850,0.024685847
0,79860,0.024671443
0,79870,0.024657046
0,79880,0.024642661
0,79890,0.024628283
0,79900,0.024613913
0,79910,0.024599552
0,79920,0.0245852
0,79930,0.024570858
0,79940,0.024556523
0,79950,0.024542196
0,79960,0.02452788
0,79970,0.024513569
0,79980,0.02449927
0,79990,0.024484977
0,80000,0.024470693
0,80010,0.024456419
0,80020,0.024442151
0,80030,0.024427895
0,80040,0.024413645
0,80050,0.024399403
0,80060,0.024385171
0,80070,0.024370948
0,80080,0.024356732
0,80090,0.024342526
0,80100,0.024328327
0,80110,0.024314137
0,80120,0.024299957
0,80130,0.024285784
0,80140,0.024271619
0,80150,0.024257462
0,80160,0.024243316
0,80170,0.024229176
0,80180,0.024215046
0,80190,0.024200924
0,80200,0.02418681
0,80210,0.024172705
0,80220,0.024158608
0,80230,0.024144521
0,80240,0.024130441
0,80250,0.024116369
0,80260,0.024102306
0,80270,0.02408825
0,80280,0.024074204
0,80290,0.024060167
0,80300,0.024046138
0,80310,0.024032116
0,80320,0.024018103
0,80330,0.0240041
0,80340,0.023990104
0,80350,0.023976117
0,80360,0.023962138
0,80370,0.023948167
0,80380,0.023934204
0,80390,0.02392025
0,80400,0.023906304
0,80410,0.023892367
0,80420,0.023878438
0,80430,0.023864517
0,80440,0.023850605
0,80450,0.0238367
0,80460,0.023822805
0,80470,0.023808917
0,80480,0.023795038
0,80490,0.023781167
0,80500,0.023767306
0,80510,0.023753451
0,80520,0.023739604
0,80530,0.023725767
0,80540,0.023711937
0,80550,0.023698116
0,80560,0.023684304
0,80570,0.023670498
0,80580,0.023656702
0,80590,0.023642914
0,80600,0.023629135
0,80610,0.023615362
0,80620,0.023601599
0,80630,0.023587843
0,80640,0.023574097
0,80650,0.023560358
0,80660,0.023546629
0,80670,0.023532907
0,80680,0.023519192
0,80690,0.023505487
0,80700,0.023491789
0,80710,0.023478098
0,80720,0.023464417
0,80730,0.023450743
0,80740,0.023437079
0,80750,0.023423422
0,80760,0.023409775
0,80770,0.023396133
0,80780,0.023382502
0,80790,0.023368876
0,80800,0.02335526
0,80810,0.023341654
0,80820,0.023328053
0,80830,0.023314461
0,80840,0.023300879
0,80850,0.023287304
0,80860,0.023273736
0,80870,0.023260176
0,80880,0.023246625
0,80890,0.023233082
0,80900,0.023219548
0,80910,0.023206022
0,80920,0.023192503
0,80930,0.023178993
0,80940,0.02316549
0,80950,0.023151996
0,80960,0.023138508
0,80970,0.02312503
0,80980,0.023111561
0,80990,0.023098098
0,81000,0.023084644
0,81010,0.023071198
0,81020,0.02305776
0,81030,0.023044331
0,81040,0.023030909
0,81050,0.023017494
0,81060,0.023004089
0,81070,0.02299069
0,81080,0.022977302
0,81090,0.022963919
0,81100,0.022950545
0,81110,0.02293718
0,81120,0.022923822
0,81130,0.022910472
0,81140,0.02289713
0,81150,0.022883797
0,81160,0.02287047
0,81170,0.022857152
0,81180,0.022843841
0,81190,0.02283054
0,81200,0.022817247
0,81210,0.02280396
0,81220,0.022790682
0,81230,0.022777412
0,81240,0.02276415
0,81250,0.022750895
0,81260,0.022737648
0,81270,0.02272441
0,81280,0.02271118
0,81290,0.022697957
0,81300,0.022684742
0,81310,0.022671536
0,81320,0.022658337
0,81330,0.022645146
0,81340,0.022631962
0,81350,0.022618786
0,81360,0.022605618
0,81370,0.022592459
0,81380,0.022579309
0,81390,0.022566164
0,81400,0.022553029
0,81410,0.0225399
0,81420,0.02252678
0,81430,0.022513667
0,81440,0.022500562
0,81450,0.022487465
0,81460,0.022474376
0,81470,0.022461295
0,81480,0.022448223
0,81490,0.022435157
0,81500,0.0224221
0,81510,0.02240905
0,81520,0.022396008
0,81530,0.022382973
0,81540,0.022369947
0,81550,0.022356927
0,81560,0.022343917
0,81570,0.022330914
0,81580,0.022317918
0,81590,0.022304932
0,81600,0.02229195
0,81610,0.02227898
0,81620,0.022266015
0,81630,0.022253059
0,81640,0.02224011
0,81650,0.022227168
0,81660,0.022214236
0,81670,0.02220131
0,81680,0.022188392
0,81690,0.022175482
0,81700,0.022162579
0,81710,0.022149686
0,81720,0.022136798
0,81730,0.022123918
0,81740,0.022111047
0,81750,0.022098184
0,81760,0.022085328
0,81770,0.02207248
0,81780,0.022059638
0,81790,0.022046804
0,81800,0.02203398
0,81810,0.022021161
0,81820,0.022008352
0,81830,0.021995548
0,81840,0.021982754
0,81850,0.021969967
0,81860,0.021957187
0,81870,0.021944415
0,81880,0.021931652
0,81890,0.021918895
0,81900,0.021906145
0,81910,0.021893404
0,81920,0.021880671
0,81930,0.021867944
0,81940,0.021855226
0,81950,0.021842515
0,81960,0.021829812
0,81970,0.021817116
0,81980,0.021804428
0,81990,0.021791747
0,82000,0.021779075
0,82010,0.02176641
0,82020,0.02175375
0,82030,0.021741102
0,82040,0.021728458
0,82050,0.021715824
0,82060,0.021703195
0,82070,0.021690575
0,82080,0.021677963
0,82090,0.021665359
0,82100,0.021652762
0,82110,0.02164017
0,82120,0.021627588
0,82130,0.021615013
0,82140,0.021602446
0,82150,0.021589886
0,82160,0.021577334
0,82170,0.02156479
0,82180,0.021552252
0,82190,0.021539724
0,82200,0.021527201
0,82210,0.021514686
0,82220,0.021502178
0,82230,0.021489678
0,82240,0.021477187
0,82250,0.021464702
0,82260,0.021452224
0,82270,0.021439753
0,82280,0.02142729
0,82290,0.021414837
0,82300,0.021402389
0,82310,0.021389948
0,82320,0.021377515
0,82330,0.021365091
0,82340,0.021352673
0,82350,0.021340262
0,82360,0.021327859
0,82370,0.021315463
0,82380,0.021303074
0,82390,0.021290695
0,82400,0.021278322
0,82410,0.021265956
0,82420,0.021253597
0,82430,0.021241246
0,82440,0.021228902
0,82450,0.021216566
0,82460,0.021204235
0,82470,0.021191914
0,82480,0.0211796
0,82490,0.021167293
0,82500,0.021154992
0,82510,0.0211427
0,82520,0.021130417
0,82530,0.021118138
0,82540,0.021105869
0,82550,0.021093605
0,82560,0.021081349
0,82570,0.021069102
0,82580,0.02105686
0,82590,0.021044627
0,82600,0.0210324
0,82610,0.021020181
0,82620,0.02100797
0,82630,0.020995766
0,82640,0.020983567
0,82650,0.020971378
0,82660,0.020959197
0,82670,0.02094702
0,82680,0.020934852
0,82690,0.020922692
0,82700,0.020910539
0,82710,0.020898392
0,82720,0.020886254
0,82730,0.020874122
0,82740,0.020861998
0,82750,0.02084988
0,82760,0.02083777
0,82770,0.020825667
0,82780,0.020813573
0,82790,0.020801485
0,82800,0.020789403
0,82810,0.02077733
0,82820,0.020765264
0,82830,0.020753203
0,82840,0.020741152
0,82850,0.020729106
0,82860,0.02071707
0,82870,0.020705039
0,82880,0.020693015
0,82890,0.020681
0,82900,0.02066899
0,82910,0.020656988
0,82920,0.020644994
0,82930,0.020633006
0,82940,0.020621026
0,82950,0.020609053
0,82960,0.020597087
0,82970,0.020585129
0,82980,0.020573176
0,82990,0.020561231
0,83000,0.020549295
0,83010,0.020537365
0,83020,0.02052544
0,83030,0.020513525
0,83040,0.020501617
0,83050,0.020489715
0,83060,0.02047782
0,83070,0.020465933
0,83080,0.020454053
0,83090,0.020442178
0,83100,0.020430313
0,83110,0.020418454
0,83120,0.020406602
0,83130,0.020394757
0,83140,0.020382918
0,83150,0.020371089
0,83160,0.020359265
0,83170,0.020347448
0,83180,0.020335639
0,83190,0.020323835
0,83200,0.020312041
0,83210,0.020300252
0,83220,0.020288471
0,83230,0.020276695
0,83240,0.02026493
0,83250,0.020253168
0,83260,0.020241415
0,83270,0.02022967
0,83280,0.02021793
0,83290,0.020206198
0,83300,0.020194473
0,83310,0.020182755
0,83320,0.020171043
0,83330,0.02015934
0,83340,0.020147642
0,83350,0.020135952
0,83360,0.02012427
0,83370,0.020112593
0,83380,0.020100923
0,83390,0.020089261
0,83400,0.020077607
0,83410,0.020065958
0,83420,0.020054316
0,83430,0.020042682
0,83440,0.020031055
0,83450,0.020019434
0,83460,0.02000782
0,83470,0.019996215
0,83480,0.019984614
0,83490,0.019973021
0,83500,0.019961435
0,83510,0.019949857
0,83520,0.019938285
0,83530,0.01992672
0,83540,0.019915162
0,83550,0.019903611
0,83560,0.019892067
0,83570,0.01988053
0,83580,0.019868998
0,83590,0.019857476
0,83600,0.019845959
0,83610,0.019834448
0,83620,0.019822946
0,83630,0.01981145
0,83640,0.01979996
0,83650,0.019788478
0,83660,0.019777002
0,83670,0.019765534
0,83680,0.019754073
0,83690,0.019742617
0,83700,0.01973117
0,83710,0.019719727
0,83720,0.019708293
0,83730,0.019696865
0,83740,0.019685445
0,83750,0.019674031
0,83760,0.019662624
0,83770,0.019651223
0,83780,0.01963983
0,83790,0.019628443
0,83800,0.019617064
0,83810,0.01960569
0,83820,0.019594325
0,83830,0.019582964
0,83840,0.019571612
0,83850,0.019560266
0,83860,0.019548927
0,83870,0.019537594
0,83880,0.01952627
0,83890,0.01951495
0,83900,0.019503638
0,83910,0.019492334
0,83920,0.019481035
0,83930,0.019469744
0,83940,0.019458458
0,83950,0.01944718
0,83960,0.019435909
0,83970,0.019424643
0,83980,0.019413386
0,83990,0.019402133
0,84000,0.019390889
0,84010,0.019379651
0,84020,0.01936842
0,84030,0.019357195
0,84040,0.019345978
0,84050,0.019334767
0,84060,0.019323563
0,84070,0.019312365
0,84080,0.019301174
0,84090,0.019289989
0,84100,0.019278811
0,84110,0.019267641
0,84120,0.019256476
0,84130,0.019245319
0,84140,0.019234167
0,84150,0.019223023
0,84160,0.019211886
0,84170,0.019200755
0,84180,0.019189632
0,84190,0.019178513
0,84200,0.019167403
0,84210,0.019156298
0,84220,0.0191452
0,84230,0.01913411
0,84240,0.019123025
0,84250,0.019111948
0,84260,0.019100877
0,84270,0.01908981
0,84280,0.019078754
0,84290,0.019067703
0,84300,0.019056657
0,84310,0.01904562
0,84320,0.019034587
0,84330,0.019023562
0,84340,0.019012544
0,84350,0.019001532
0,84360,0.018990528
0,84370,0.018979529
0,84380,0.018968536
0,84390,0.018957552
0,84400,0.018946571
0,84410,0.0189356
0,84420,0.018924633
0,84430,0.018913675
0,84440,0.01890272
0,84450,0.018891776
0,84460,0.018880837
0,84470,0.018869903
0,84480,0.018858977
0,84490,0.018848056
0,84500,0.018837143
0,84510,0.018826235
0,84520,0.018815335
0,84530,0.01880444
0,84540,0.018793553
0,84550,0.018782673
0,84560,0.018771797
0,84570,0.01876093
0,84580,0.01875007
0,84590,0.018739214
0,84600,0.018728366
0,84610,0.018717524
0,84620,0.018706689
0,84630,0.01869586
0,84640,0.018685035
0,84650,0.01867422
0,84660,0.01866341
0,84670,0.018652607
0,84680,0.01864181
0,84690,0.01863102
0,84700,0.018620236
0,84710,0.018609459
0,84720,0.018598689
0,84730,0.018587923
0,84740,0.018577166
0,84750,0.018566413
0,84760,0.01855567
0,84770,0.01854493
0,84780,0.018534197
0,84790,0.018523471
0,84800,0.018512752
0,84810,0.018502038
0,84820,0.018491331
0,84830,0.01848063
0,84840,0.018469937
0,84850,0.01845925
0,84860,0.018448569
0,84870,0.018437894
0,84880,0.018427225
0,84890,0.018416563
0,84900,0.018405907
0,84910,0.018395258
0,84920,0.018384615
0,84930,0.01837398
0,84940,0.018363347
0,84950,0.018352725
0,84960,0.018342106
0,84970,0.018331496
0,84980,0.01832089
0,84990,0.018310292
0,85000,0.018299699
0,85010,0.018289113
0,85020,0.018278534
0,85030,0.018267961
0,85040,0.018257394
0,85050,0.018246833
0,85060,0.01823628
0,85070,0.018225731
0,85080,0.018215189
0,85090,0.018204654
0,85100,0.018194124
0,85110,0.018183602
0,85120,0.018173086
0,85130,0.018162575
0,85140,0.018152071
0,85150,0.018141573
0,85160,0.018131083
0,85170,0.018120596
0,85180,0.018110119
0,85190,0.018099645
0,85200,0.018089179
0,85210,0.018078718
0,85220,0.018068265
0,85230,0.018057818
0,85240,0.018047376
0,85250,0.018036941
0,85260,0.018026512
0,85270,0.018016089
0,85280,0.018005673
0,85290,0.017995263
0,85300,0.017984858
0,85310,0.01797446
0,85320,0.017964069
0,85330,0.017953683
0,85340,0.017943304
0,85350,0.017932931
0,85360,0.017922565
0,85370,0.017912203
0,85380,0.017901849
0,85390,0.017891502
0,85400,0.017881159
0,85410,0.017870823
0,85420,0.017860495
0,85430,0.01785017
0,85440,0.017839853
0,85450,0.017829541
0,85460,0.017819237
0,85470,0.017808938
0,85480,0.017798645
0,85490,0.017788358
0,85500,0.017778078
0,85510,0.017767804
0,85520,0.017757535
0,85530,0.017747274
0,85540,0.017737018
0,85550,0.017726768
0,85560,0.017716525
0,85570,0.017706286
0,85580,0.017696055
0,85590,0.01768583
0,85600,0.01767561
0,85610,0.017665397
0,85620,0.01765519
0,85630,0.01764499
0,85640,0.017634796
0,85650,0.017624607
0,85660,0.017614424
0,85670,0.017604247
0,85680,0.017594077
0,85690,0.017583912
0,85700,0.017573753
0,85710,0.017563602
0,85720,0.017553456
0,85730,0.017543316
0,85740,0.017533181
0,85750,0.017523054
0,85760,0.017512932
0,85770,0.017502816
0,85780,0.017492706
0,85790,0.017482603
0,85800,0.017472504
0,85810,0.017462412
0,85820,0.017452328
0,85830,0.017442247
0,85840,0.017432174
0,85850,0.017422106
0,85860,0.017412044
0,85870,0.017401988
0,85880,0.017391939
0,85890,0.017381895
0,85900,0.017371858
0,85910,0.017361825
0,85920,0.0173518
0,85930,0.017341781
0,85940,0.017331768
0,85950,0.01732176
0,85960,0.017311757
0,85970,0.017301762
0,85980,0.017291771
0,85990,0.017281787
0,86000,0.017271811
0,86010,0.017261839
0,86020,0.017251873
0,86030,0.017241912
0,86040,0.017231958
0,86050,0.01722201
0,86060,0.017212069
0,86070,0.017202131
0,86080,0.017192202
0,86090,0.017182278
0,86100,0.017172359
0,86110,0.017162446
0,86120,0.01715254
0,86130,0.017142639
0,86140,0.017132744
0,86150,0.017122855
0,86160,0.017112972
0,86170,0.017103096
0,86180,0.017093224
0,86190,0.01708336
0,86200,0.0170735
0,86210,0.017063648
0,86220,0.0170538
0,86230,0.017043957
0,86240,0.01703412
0,86250,0.017024292
0,86260,0.017014468
0,86270,0.01700465
0,86280,0.016994838
0,86290,0.01698503
0,86300,0.01697523
0,86310,0.016965436
0,86320,0.016955646
0,86330,0.016945863
0,86340,0.016936086
0,86350,0.016926315
0,86360,0.016916549
0,86370,0.016906789
0,86380,0.016897036
0,86390,0.016887287
0,86400,0.016877545
0,86410,0.016867809
0,86420,0.016858079
0,86430,0.016848354
0,86440,0.016838634
0,86450,0.01682892
0,86460,0.016819214
0,86470,0.016809512
0,86480,0.016799817
0,86490,0.016790127
0,86500,0.016780442
0,86510,0.016770763
0,86520,0.01676109
0,86530,0.016751423
0,86540,0.016741764
0,86550,0.016732108
0,86560,0.016722457
0,86570,0.016712815
0,86580,0.016703177
0,86590,0.016693544
0,86600,0.016683917
0,86610,0.016674297
0,86620,0.016664682
0,86630,0.016655073
0,86640,0.016645469
0,86650,0.01663587
0,86660,0.01662628
0,86670,0.016616693
0,86680,0.016607111
0,86690,0.016597537
0,86700,0.016587967
0,86710,0.016578404
0,86720,0.016568847
0,86730,0.016559295
0,86740,0.016549747
0,86750,0.016540207
0,86760,0.016530672
0,86770,0.016521143
0,86780,0.01651162
0,86790,0.016502101
0,86800,0.01649259
0,86810,0.016483083
0,86820,0.016473582
0,86830,0.016464086
0,86840,0.016454598
0,86850,0.016445113
0,86860,0.016435636
0,86870,0.016426163
0,86880,0.016416697
0,86890,0.016407235
0,86900,0.01639778
0,86910,0.016388329
0,86920,0.016378885
0,86930,0.016369447
0,86940,0.016360013
0,86950,0.016350586
0,86960,0.016341165
0,86970,0.016331749
0,86980,0.016322337
0,86990,0.016312933
0,87000,0.016303534
0,87010,0.01629414
0,87020,0.016284753
0,87030,0.016275369
0,87040,0.016265992
0,87050,0.016256621
0,87060,0.016247256
0,87070,0.016237896
0,87080,0.016228542
0,87090,0.016219193
0,87100,0.016209848
0,87110,0.01620051
0,87120,0.016191179
0,87130,0.016181853
0,87140,0.016172532
0,87150,0.016163217
0,87160,0.016153906
0,87170,0.016144602
0,87180,0.016135303
0,87190,0.01612601
0,87200,0.016116722
0,87210,0.01610744
0,87220,0.016098164
0,87230,0.016088894
0,87240,0.016079627
0,87250,0.016070368
0,87260,0.016061112
0,87270,0.016051864
0,87280,0.01604262
0,87290,0.016033383
0,87300,0.01602415
0,87310,0.016014924
0,87320,0.016005702
0,87330,0.015996486
0,87340,0.015987275
0,87350,0.015978072
0,87360,0.015968872
0,87370,0.015959678
0,87380,0.01595049
0,87390,0.015941307
0,87400,0.01593213
0,87410,0.015922958
0,87420,0.015913792
0,87430,0.01590463
0,87440,0.015895475
0,87450,0.015886325
0,87460,0.01587718
0,87470,0.015868042
0,87480,0.015858907
0,87490,0.015849778
0,87500,0.015840657
0,87510,0.01583154
0,87520,0.015822427
0,87530,0.01581332
0,87540,0.01580422
0,87550,0.015795125
0,87560,0.015786035
0,87570,0.015776949
0,87580,0.01576787
0,87590,0.015758798
0,87600,0.015749728
0,87610,0.015740665
0,87620,0.015731608
0,87630,0.015722556
0,87640,0.01571351
0,87650,0.015704468
0,87660,0.015695432
0,87670,0.0156864
0,87680,0.015677376
0,87690,0.015668355
0,87700,0.015659342
0,87710,0.015650332
0,87720,0.015641328
0,87730,0.01563233
0,87740,0.015623338
0,87750,0.01561435
0,87760,0.015605368
0,87770,0.015596391
0,87780,0.015587419
0,87790,0.015578453
0,87800,0.015569492
0,87810,0.015560538
0,87820,0.015551587
0,87830,0.015542642
0,87840,0.015533703
0,87850,0.015524769
0,87860,0.015515841
0,87870,0.015506917
0,87880,0.015497999
0,87890,0.0154890865
0,87900,0.015480178
0,87910,0.015471277
0,87920,0.01546238
0,87930,0.015453489
0,87940,0.015444602
0,87950,0.015435722
0,87960,0.015426846
0,87970,0.015417975
0,87980,0.015409111
0,87990,0.015400251
0,88000,0.015391396
0,88010,0.015382548
0,88020,0.015373704
0,88030,0.015364865
0,88040,0.015356032
0,88050,0.015347204
0,88060,0.015338381
0,88070,0.015329564
0,88080,0.015320752
0,88090,0.015311944
0,88100,0.015303143
0,88110,0.015294347
0,88120,0.015285555
0,88130,0.015276769
0,88140,0.015267989
0,88150,0.015259214
0,88160,0.0152504435
0,88170,0.015241678
0,88180,0.015232919
0,88190,0.015224164
0,88200,0.015215415
0,88210,0.01520667
0,88220,0.015197932
0,88230,0.015189198
0,88240,0.0151804695
0,88250,0.015171747
0,88260,0.015163029
0,88270,0.015154316
0,88280,0.015145608
0,88290,0.015136906
0,88300,0.015128208
0,88310,0.015119516
0,88320,0.01511083
0,88330,0.015102148
0,88340,0.015093472
0,88350,0.0150848
0,88360,0.015076134
0,88370,0.015067474
0,88380,0.015058818
0,88390,0.015050167
0,88400,0.015041522
0,88410,0.015032882
0,88420,0.015024247
0,88430,0.015015617
0,88440,0.015006992
0,88450,0.014998372
0,88460,0.014989758
0,88470,0.014981148
0,88480,0.014972544
0,88490,0.014963945
0,88500,0.014955351
0,88510,0.0149467625
0,88520,0.0149381785
0,88530,0.0149296
0,88540,0.014921026
0,88550,0.014912458
0,88560,0.014903895
0,88570,0.014895337
0,88580,0.014886783
0,88590,0.014878236
0,88600,0.014869693
0,88610,0.014861155
0,88620,0.0148526225
0,88630,0.014844095
0,88640,0.014835573
0,88650,0.014827056
0,88660,0.014818544
0,88670,0.014810036
0,88680,0.014801534
0,88690,0.0147930365
0,88700,0.014784545
0,88710,0.014776058
0,88720,0.014767576
0,88730,0.014759099
0,88740,0.014750628
0,88750,0.014742161
0,88760,0.014733699
0,88770,0.014725243
0,88780,0.014716791
0,88790,0.014708345
0,88800,0.014699903
0,88810,0.014691467
0,88820,0.014683036
0,88830,0.0146746095
0,88840,0.0146661885
0,88850,0.014657772
0,88860,0.01464936
0,88870,0.014640954
0,88880,0.014632554
0,88890,0.014624157
0,88900,0.014615766
0,88910,0.01460738
0,88920,0.014598998
0,88930,0.014590623
0,88940,0.014582251
0,88950,0.014573885
0,88960,0.014565524
0,88970,0.014557168
0,88980,0.014548817
0,88990,0.01454047
0,89000,0.014532129
0,89010,0.014523793
0,89020,0.014515461
0,89030,0.014507135
0,89040,0.014498814
0,89050,0.014490497
0,89060,0.014482186
0,89070,0.01447388
0,89080,0.014465578
0,89090,0.014457282
0,89100,0.01444899
0,89110,0.014440703
0,89120,0.014432422
0,89130,0.014424145
0,89140,0.014415873
0,89150,0.014407606
0,89160,0.014399344
0,89170,0.014391087
0,89180,0.0143828355
0,89190,0.014374588
0,89200,0.0143663455
0,89210,0.014358109
0,89220,0.014349876
0,89230,0.014341649
0,89240,0.014333426
0,89250,0.014325208
0,89260,0.014316996
0,89270,0.014308788
0,89280,0.014300585
0,89290,0.014292386
0,89300,0.0142841935
0,89310,0.014276005
0,89320,0.014267822
0,89330,0.014259643
0,89340,0.01425147
0,89350,0.014243301
0,89360,0.014235137
0,89370,0.014226978
0,89380,0.014218823
0,89390,0.014210674
0,89400,0.01420253
0,89410,0.01419439
0,89420,0.014186256
0,89430,0.014178125
0,89440,0.01417
0,89450,0.01416188
0,89460,0.014153765
0,89470,0.014145655
0,89480,0.014137549
0,89490,0.014129448
0,89500,0.014121352
0,89510,0.014113261
0,89520,0.014105175
0,89530,0.014097093
0,89540,0.014089016
0,89550,0.0140809445
0,89560,0.014072877
0,89570,0.014064815
0,89580,0.014056758
0,89590,0.014048705
0,89600,0.014040657
0,89610,0.014032614
0,89620,0.014024576
0,89630,0.014016543
0,89640,0.014008515
0,89650,0.01400049
0,89660,0.013992472
0,89670,0.013984457
0,89680,0.013976447
0,89690,0.013968443
0,89700,0.0139604425
0,89710,0.013952448
0,89720,0.013944457
0,89730,0.013936472
0,89740,0.013928491
0,89750,0.013920515
0,89760,0.013912544
0,89770,0.013904577
0,89780,0.013896615
0,89790,0.013888658
0,89800,0.013880705
0,89810,0.0138727585
0,89820,0.013864815
0,89830,0.013856878
0,89840,0.013848944
0,89850,0.013841015
0,89860,0.013833092
0,89870,0.013825173
0,89880,0.013817258
0,89890,0.0138093475
0,89900,0.013801443
0,89910,0.013793543
0,89920,0.013785647
0,89930,0.013777756
0,89940,0.01376987
0,89950,0.013761989
0,89960,0.013754112
0,89970,0.01374624
0,89980,0.013738372
0,89990,0.01373051
0,90000,0.013722652
0,90010,0.013714799
0,90020,0.01370695
0,90030,0.013699106
0,90040,0.013691267
0,90050,0.013683432
0,90060,0.013675602
0,90070,0.013667777
0,90080,0.013659957
0,90090,0.01365214
0,90100,0.013644329
0,90110,0.013636523
0,90120,0.013628721
0,90130,0.013620923
0,90140,0.013613131
0,90150,0.013605343
0,90160,0.01359756
0,90170,0.013589781
0,90180,0.013582007
0,90190,0.013574238
0,90200,0.013566473
0,90210,0.013558713
0,90220,0.013550958
0,90230,0.013543206
0,90240,0.01353546
0,90250,0.013527718
0,90260,0.013519982
0,90270,0.013512249
0,90280,0.013504521
0,90290,0.013496798
0,90300,0.01348908
0,90310,0.0134813655
0,90320,0.013473656
0,90330,0.013465951
0,90340,0.013458251
0,90350,0.0134505555
0,90360,0.013442865
0,90370,0.013435178
0,90380,0.013427497
0,90390,0.013419819
0,90400,0.013412147
0,90410,0.013404478
0,90420,0.013396815
0,90430,0.013389156
0,90440,0.013381502
0,90450,0.013373852
0,90460,0.013366207
0,90470,0.013358566
0,90480,0.01335093
0,90490,0.013343298
0,90500,0.013335671
0,90510,0.013328048
0,90520,0.013320431
0,90530,0.013312818
0,90540,0.013305209
0,90550,0.013297604
0,90560,0.013290005
0,90570,0.01328241
0,90580,0.013274819
0,90590,0.013267232
0,90600,0.013259651
0,90610,0.013252074
0,90620,0.013244501
0,90630,0.013236933
0,90640,0.013229369
0,90650,0.013221811
0,90660,0.013214256
0,90670,0.013206705
0,90680,0.01319916
0,90690,0.013191619
0,90700,0.013184083
0,90710,0.013176551
0,90720,0.013169023
0,90730,0.0131615
0,90740,0.013153981
0,90750,0.0131464675
0,90760,0.013138957
0,90770,0.013131453
0,90780,0.013123952
0,90790,0.013116456
0,90800,0.013108964
0,90810,0.013101476
0,90820,0.013093994
0,90830,0.0130865155
0,90840,0.013079042
0,90850,0.013071572
0,90860,0.013064107
0,90870,0.013056647
0,90880,0.013049191
0,90890,0.013041739
0,90900,0.013034292
0,90910,0.013026849
0,90920,0.013019411
0,90930,0.013011977
0,90940,0.013004548
0,90950,0.0129971225
0,90960,0.012989703
0,90970,0.0129822865
0,90980,0.012974874
0,90990,0.012967467
0,91000,0.012960064
0,91010,0.012952666
0,91020,0.012945272
0,91030,0.012937882
0,91040,0.012930497
0,91050,0.012923116
0,91060,0.01291574
0,91070,0.012908367
0,91080,0.012901
0,91090,0.012893637
0,91100,0.012886277
0,91110,0.012878924
0,91120,0.012871574
0,91130,0.012864227
0,91140,0.012856887
0,91150,0.01284955
0,91160,0.0128422165
0,91170,0.012834889
0,91180,0.012827565
0,91190,0.012820246
0,91200,0.01281293
0,91210,0.012805619
0,91220,0.012798313
0,91230,0.0127910115
0,91240,0.012783714
0,91250,0.01277642
0,91260,0.012769131
0,91270,0.012761846
0,91280,0.012754566
0,91290,0.012747291
0,91300,0.012740019
0,91310,0.012732752
0,91320,0.012725488
0,91330,0.0127182305
0,91340,0.0127109755
0,91350,0.012703726
0,91360,0.01269648
0,91370,0.012689239
0,91380,0.012682002
0,91390,0.012674769
0,91400,0.012667541
0,91410,0.012660317
0,91420,0.0126530975
0,91430,0.012645882
0,91440,0.01263867
0,91450,0.012631464
0,91460,0.012624261
0,91470,0.012617063
0,91480,0.012609869
0,91490,0.012602679
0,91500,0.012595494
0,91510,0.012588313
0,91520,0.012581136
0,91530,0.012573964
0,91540,0.012566796
0,91550,0.012559632
0,91560,0.012552472
0,91570,0.0125453165
0,91580,0.012538166
0,91590,0.012531019
0,91600,0.012523876
0,91610,0.012516738
0,91620,0.012509603
0,91630,0.012502474
0,91640,0.012495348
0,91650,0.012488226
0,91660,0.012481109
0,91670,0.012473997
0,91680,0.012466888
0,91690,0.012459784
0,91700,0.012452683
0,91710,0.012445588
0,91720,0.012438496
0,91730,0.012431408
0,91740,0.012424325
0,91750,0.012417246
0,91760,0.012410171
0,91770,0.012403101
0,91780,0.012396034
0,91790,0.012388972
0,91800,0.012381914
0,91810,0.01237486
0,91820,0.012367811
0,91830,0.012360766
0,91840,0.012353724
0,91850,0.012346688
0,91860,0.012339654
0,91870,0.012332626
0,91880,0.012325602
0,91890,0.012318581
0,91900,0.012311566
0,91910,0.012304554
0,91920,0.0122975465
0,91930,0.012290543
0,91940,0.012283543
0,91950,0.012276548
0,91960,0.012269557
0,91970,0.012262571
0,91980,0.012255588
0,91990,0.012248609
0,92000,0.0122416355
0,92010,0.012234665
0,92020,0.012227699
0,92030,0.0122207375
0,92040,0.01221378
0,92050,0.012206826
0,92060,0.012199877
0,92070,0.012192932
0,92080,0.012185991
0,92090,0.012179053
0,92100,0.012172121
0,92110,0.0121651925
0,92120,0.012158267
0,92130,0.0121513475
0,92140,0.012144431
0,92150,0.012137518
0,92160,0.012130611
0,92170,0.012123707
0,92180,0.012116807
0,92190,0.012109911
0,92200,0.012103019
0,92210,0.012096132
0,92220,0.012089249
0,92230,0.012082369
0,92240,0.012075494
0,92250,0.012068623
0,92260,0.012061756
0,92270,0.012054893
0,92280,0.012048034
0,92290,0.012041179
0,92300,0.012034329
0,92310,0.0120274825
0,92320,0.01202064
0,92330,0.012013801
0,92340,0.012006967
0,92350,0.012000137
0,92360,0.011993311
0,92370,0.0119864885
0,92380,0.011979671
0,92390,0.011972857
0,92400,0.011966047
0,92410,0.011959241
0,92420,0.011952439
0,92430,0.011945642
0,92440,0.011938848
0,92450,0.011932058
0,92460,0.011925273
0,92470,0.011918491
0,92480,0.0119117135
0,92490,0.01190494
0,92500,0.011898171
0,92510,0.011891405
0,92520,0.011884644
0,92530,0.011877887
0,92540,0.011871133
0,92550,0.011864384
0,92560,0.011857639
0,92570,0.011850897
0,92580,0.01184416
0,92590,0.0118374275
0,92600,0.011830698
0,92610,0.011823973
0,92620,0.011817251
0,92630,0.011810535
0,92640,0.011803822
0,92650,0.011797112
0,92660,0.011790407
0,92670,0.011783706
0,92680,0.011777009
0,92690,0.0117703155
0,92700,0.011763626
0,92710,0.011756941
0,92720,0.011750259
0,92730,0.011743583
0,92740,0.011736909
0,92750,0.01173024
0,92760,0.011723574
0,92770,0.011716913
0,92780,0.011710256
0,92790,0.011703603
0,92800,0.011696953
0,92810,0.011690307
0,92820,0.011683666
0,92830,0.011677029
0,92840,0.011670395
0,92850,0.011663766
0,92860,0.011657139
0,92870,0.011650518
0,92880,0.0116439
0,92890,0.011637286
0,92900,0.011630677
0,92910,0.01162407
0,92920,0.011617469
0,92930,0.01161087
0,92940,0.011604276
0,92950,0.0115976855
0,92960,0.011591099
0,92970,0.011584517
0,92980,0.011577939
0,92990,0.011571364
0,93000,0.011564793
0,93010,0.011558226
0,93020,0.011551664
0,93030,0.011545105
0,93040,0.01153855
0,93050,0.011531998
0,93060,0.011525451
0,93070,0.011518909
0,93080,0.011512369
0,93090,0.011505834
0,93100,0.0114993015
0,93110,0.011492774
0,93120,0.01148625
0,93130,0.011479731
0,93140,0.011473214
0,93150,0.011466702
0,93160,0.011460194
0,93170,0.01145369
0,93180,0.011447189
0,93190,0.0114406925
0,93200,0.011434199
0,93210,0.011427711
0,93220,0.011421226
0,93230,0.011414745
0,93240,0.011408268
0,93250,0.011401794
0,93260,0.011395324
0,93270,0.011388859
0,93280,0.011382396
0,93290,0.011375939
0,93300,0.0113694845
0,93310,0.011363034
0,93320,0.0113565875
0,93330,0.011350145
0,93340,0.011343706
0,93350,0.011337271
0,93360,0.01133084
0,93370,0.011324412
0,93380,0.011317989
0,93390,0.011311569
0,93400,0.011305153
0,93410,0.011298741
0,93420,0.011292333
0,93430,0.011285929
0,93440,0.011279528
0,93450,0.011273132
0,93460,0.011266738
0,93470,0.011260349
0,93480,0.011253964
0,93490,0.011247583
0,93500,0.011241205
0,93510,0.011234831
0,93520,0.011228461
0,93530,0.011222094
0,93540,0.011215732
0,93550,0.011209373
0,93560,0.011203018
0,93570,0.011196667
0,93580,0.011190319
0,93590,0.011183976
0,93600,0.011177637
0,93610,0.0111713
0,93620,0.011164968
0,93630,0.01115864
0,93640,0.011152315
0,93650,0.011145994
0,93660,0.011139677
0,93670,0.0111333635
0,93680,0.011127054
0,93690,0.011120748
0,93700,0.0111144455
0,93710,0.011108147
0,93720,0.011101852
0,93730,0.011095561
0,93740,0.011089275
0,93750,0.011082991
0,93760,0.011076711
0,93770,0.011070435
0,93780,0.011064163
0,93790,0.011057895
0,93800,0.01105163
0,93810,0.011045368
0,93820,0.011039112
0,93830,0.011032858
0,93840,0.011026608
0,93850,0.011020362
0,93860,0.01101412
0,93870,0.011007881
0,93880,0.0110016465
0,93890,0.010995415
0,93900,0.010989187
0,93910,0.010982964
0,93920,0.010976744
0,93930,0.010970527
0,93940,0.010964314
0,93950,0.010958105
0,93960,0.0109519
0,93970,0.010945699
0,93980,0.010939501
0,93990,0.010933307
0,94000,0.0109271165
0,94010,0.01092093
0,94020,0.010914746
0,94030,0.010908566
0,94040,0.010902391
0,94050,0.010896219
0,94060,0.010890051
0,94070,0.010883885
0,94080,0.010877725
0,94090,0.010871567
0,94100,0.010865414
0,94110,0.010859263
0,94120,0.010853117
0,94130,0.010846974
0,94140,0.010840835
0,94150,0.0108346995
0,94160,0.010828568
0,94170,0.01082244
0,94180,0.010816315
0,94190,0.010810195
0,94200,0.010804078
0,94210,0.0107979635
0,94220,0.010791854
0,94230,0.010785747
0,94240,0.010779645
0,94250,0.010773546
0,94260,0.010767451
0,94270,0.010761359
0,94280,0.010755271
0,94290,0.010749186
0,94300,0.010743106
0,94310,0.010737028
0,94320,0.010730955
0,94330,0.010724884
0,94340,0.010718819
0,94350,0.010712756
0,94360,0.010706697
0,94370,0.010700641
0,94380,0.0106945895
0,94390,0.0106885405
0,94400,0.010682496
0,94410,0.010676455
0,94420,0.010670417
0,94430,0.010664383
0,94440,0.010658353
0,94450,0.010652326
0,94460,0.010646303
0,94470,0.010640284
0,94480,0.010634268
0,94490,0.010628255
0,94500,0.010622246
0,94510,0.010616241
0,94520,0.01061024
0,94530,0.010604241
0,94540,0.010598247
0,94550,0.010592256
0,94560,0.010586268
0,94570,0.0105802845
0,94580,0.0105743045
0,94590,0.010568327
0,94600,0.010562355
0,94610,0.010556385
0,94620,0.010550419
0,94630,0.010544457
0,94640,0.010538498
0,94650,0.010532542
0,94660,0.01052659
0,94670,0.010520642
0,94680,0.010514697
0,94690,0.010508756
0,94700,0.010502818
0,94710,0.010496885
0,94720,0.010490954
0,94730,0.010485027
0,94740,0.010479103
0,94750,0.010473183
0,94760,0.010467267
0,94770,0.010461354
0,94780,0.010455444
0,94790,0.010449538
0,94800,0.010443636
0,94810,0.010437737
0,94820,0.010431842
0,94830,0.0104259495
0,94840,0.010420062
0,94850,0.010414177
0,94860,0.010408295
0,94870,0.010402418
0,94880,0.010396543
0,94890,0.010390672
0,94900,0.010384805
0,94910,0.010378941
0,94920,0.01037308
0,94930,0.010367224
0,94940,0.010361371
0,94950,0.01035552
0,94960,0.010349674
0,94970,0.010343831
0,94980,0.010337992
0,94990,0.010332156
0,95000,0.010326323
0,95010,0.010320494
0,95020,0.0103146685
0,95030,0.010308846
0,95040,0.010303028
0,95050,0.010297213
0,95060,0.010291401
0,95070,0.010285593
0,95080,0.010279788
0,95090,0.0102739865
0,95100,0.010268189
0,95110,0.010262394
0,95120,0.010256603
0,95130,0.010250815
0,95140,0.010245032
0,95150,0.010239251
0,95160,0.010233474
0,95170,0.0102277
0,95180,0.010221929
0,95190,0.010216163
0,95200,0.0102103995
0,95210,0.010204639
0,95220,0.010198883
0,95230,0.010193129
0,95240,0.01018738
0,95250,0.010181634
0,95260,0.01017589
0,95270,0.0101701515
0,95280,0.0101644145
0,95290,0.010158682
0,95300,0.010152953
0,95310,0.010147227
0,95320,0.010141505
0,95330,0.010135786
0,95340,0.01013007
0,95350,0.010124358
0,95360,0.010118649
0,95370,0.010112944
0,95380,0.010107242
0,95390,0.010101543
0,95400,0.010095848
0,95410,0.010090156
0,95420,0.010084468
0,95430,0.010078782
0,95440,0.010073101
0,95450,0.010067423
0,95460,0.010061747
0,95470,0.010056077
0,95480,0.010050408
0,95490,0.010044743
0,95500,0.010039082
0,95510,0.010033424
0,95520,0.010027769
0,95530,0.010022118
0,95540,0.01001647
0,95550,0.0100108255
0,95560,0.010005184
0,95570,0.009999546
0,95580,0.009993912
0,95590,0.009988281
0,95600,0.009982653
0,95610,0.009977029
0,95620,0.009971407
0,95630,0.0099657895
0,95640,0.009960175
0,95650,0.009954564
0,95660,0.009948956
0,95670,0.009943352
0,95680,0.009937751
0,95690,0.009932153
0,95700,0.0099265585
0,95710,0.009920968
0,95720,0.00991538
0,95730,0.009909796
0,95740,0.009904214
0,95750,0.0098986365
0,95760,0.0098930625
0,95770,0.009887491
0,95780,0.009881923
0,95790,0.009876358
0,95800,0.009870797
0,95810,0.009865239
0,95820,0.009859685
0,95830,0.009854134
0,95840,0.009848585
0,95850,0.009843041
0,95860,0.0098375
0,95870,0.009831962
0,95880,0.009826427
0,95890,0.009820895
0,95900,0.009815367
0,95910,0.009809842
0,95920,0.0098043205
0,95930,0.009798802
0,95940,0.009793287
0,95950,0.009787776
0,95960,0.009782268
0,95970,0.009776762
0,95980,0.00977126
0,95990,0.009765762
0,96000,0.009760266
0,96010,0.009754774
0,96020,0.009749285
0,96030,0.009743799
0,96040,0.009738318
0,96050,0.009732839
0,96060,0.009727363
0,96070,0.00972189
0,96080,0.00971642
0,96090,0.0097109545
0,96100,0.009705492
0,96110,0.009700033
0,96120,0.009694576
0,96130,0.009689123
0,96140,0.009683673
0,96150,0.009678227
0,96160,0.009672783
0,96170,0.009667343
0,96180,0.009661907
0,96190,0.009656473
0,96200,0.009651043
0,96210,0.009645616
0,96220,0.009640192
0,96230,0.009634771
0,96240,0.009629354
0,96250,0.00962394
0,96260,0.009618529
0,96270,0.009613121
0,96280,0.009607716
0,96290,0.009602315
0,96300,0.009596917
0,96310,0.009591523
0,96320,0.00958613
0,96330,0.009580742
0,96340,0.009575357
0,96350,0.009569975
0,96360,0.009564596
0,96370,0.009559221
0,96380,0.009553848
0,96390,0.009548479
0,96400,0.0095431125
0,96410,0.00953775
0,96420,0.00953239
0,96430,0.009527033
0,96440,0.00952168
0,96450,0.0095163295
0,96460,0.009510983
0,96470,0.009505639
0,96480,0.009500299
0,96490,0.009494961
0,96500,0.009489627
0,96510,0.009484296
0,96520,0.009478968
0,96530,0.009473643
0,96540,0.009468322
0,96550,0.009463004
0,96560,0.009457688
0,96570,0.0094523765
0,96580,0.009447067
0,96590,0.009441761
0,96600,0.009436459
0,96610,0.009431159
0,96620,0.009425864
0,96630,0.00942057
0,96640,0.00941528
0,96650,0.009409993
0,96660,0.00940471
0,96670,0.009399429
0,96680,0.009394152
0,96690,0.009388877
0,96700,0.009383607
0,96710,0.009378338
0,96720,0.0093730735
0,96730,0.0093678115
0,96740,0.009362553
0,96750,0.009357298
0,96760,0.009352045
0,96770,0.009346796
0,96780,0.00934155
0,96790,0.009336308
0,96800,0.009331067
0,96810,0.00932583
0,96820,0.009320597
0,96830,0.009315367
0,96840,0.009310139
0,96850,0.009304915
0,96860,0.009299694
0,96870,0.009294475
0,96880,0.009289261
0,96890,0.009284049
0,96900,0.00927884
0,96910,0.009273634
0,96920,0.009268432
0,96930,0.009263232
0,96940,0.0092580365
0,96950,0.0092528425
0,96960,0.009247652
0,96970,0.009242466
0,96980,0.009237282
0,96990,0.009232101
0,97000,0.009226923
0,97010,0.009221748
0,97020,0.009216576
0,97030,0.009211408
0,97040,0.009206242
0,97050,0.00920108
0,97060,0.00919592
0,97070,0.009190764
0,97080,0.00918561
0,97090,0.00918046
0,97100,0.009175314
0,97110,0.009170169
0,97120,0.009165028
0,97130,0.00915989
0,97140,0.009154756
0,97150,0.009149624
0,97160,0.009144495
0,97170,0.009139369
0,97180,0.009134246
0,97190,0.009129127
0,97200,0.00912401
0,97210,0.009118897
0,97220,0.009113786
0,97230,0.009108678
0,97240,0.009103574
0,97250,0.009098473
0,97260,0.009093374
0,97270,0.009088279
0,97280,0.009083186
0,97290,0.0090780975
0,97300,0.009073012
0,97310,0.0090679275
0,97320,0.009062848
0,97330,0.0090577705
0,97340,0.009052697
0,97350,0.009047626
0,97360,0.009042557
0,97370,0.009037492
0,97380,0.00903243
0,97390,0.009027371
0,97400,0.009022315
0,97410,0.009017262
0,97420,0.009012212
0,97430,0.009007164
0,97440,0.00900212
0,97450,0.008997079
0,97460,0.008992041
0,97470,0.008987006
0,97480,0.008981974
0,97490,0.008976945
0,97500,0.008971919
0,97510,0.008966896
0,97520,0.008961876
0,97530,0.008956859
0,97540,0.008951845
0,97550,0.008946833
0,97560,0.0089418255
0,97570,0.00893682
0,97580,0.0089318175
0,97590,0.008926818
0,97600,0.0089218225
0,97610,0.008916829
0,97620,0.008911839
0,97630,0.0089068515
0,97640,0.008901867
0,97650,0.008896885
0,97660,0.008891907
0,97670,0.008886931
0,97680,0.008881959
0,97690,0.008876989
0,97700,0.008872023
0,97710,0.008867059
0,97720,0.008862098
0,97730,0.00885714
0,97740,0.008852186
0,97750,0.008847234
0,97760,0.008842285
0,97770,0.008837339
0,97780,0.008832395
0,97790,0.008827455
0,97800,0.008822518
0,97810,0.008817583
0,97820,0.008812652
0,97830,0.008807724
0,97840,0.008802799
0,97850,0.008797876
0,97860,0.008792956
0,97870,0.00878804
0,97880,0.008783126
0,97890,0.008778215
0,97900,0.008773307
0,97910,0.008768402
0,97920,0.0087635005
0,97930,0.008758601
0,97940,0.008753705
0,97950,0.008748812
0,97960,0.008743921
0,97970,0.008739034
0,97980,0.008734149
0,97990,0.008729267
0,98000,0.008724388
0,98010,0.008719512
0,98020,0.00871464
0,98030,0.008709769
0,98040,0.008704902
0,98050,0.008700037
0,98060,0.008695176
0,98070,0.008690317
0,98080,0.008685462
0,98090,0.008680609
0,98100,0.008675759
0,98110,0.008670912
0,98120,0.008666068
0,98130,0.008661226
0,98140,0.008656388
0,98150,0.008651553
0,98160,0.00864672
0,98170,0.00864189
0,98180,0.008637063
0,98190,0.00863224
0,98200,0.008627418
0,98210,0.008622601
0,98220,0.008617785
0,98230,0.008612973
0,98240,0.008608162
0,98250,0.008603356
0,98260,0.008598552
0,98270,0.008593751
0,98280,0.008588952
0,98290,0.008584157
0,98300,0.008579364
0,98310,0.008574575
0,98320,0.008569788
0,98330,0.008565004
0,98340,0.008560223
0,98350,0.008555444
0,98360,0.008550669
0,98370,0.008545896
0,98380,0.008541127
0,98390,0.008536359
0,98400,0.008531596
0,98410,0.008526834
0,98420,0.008522076
0,98430,0.00851732
0,98440,0.008512567
0,98450,0.008507817
0,98460,0.00850307
0,98470,0.008498326
0,98480,0.008493584
0,98490,0.008488845
0,98500,0.008484109
0,98510,0.008479376
0,98520,0.008474646
0,98530,0.008469919
0,98540,0.008465194
0,98550,0.008460472
0,98560,0.008455753
0,98570,0.008451037
0,98580,0.008446324
0,98590,0.008441613
0,98600,0.008436905
0,98610,0.0084322
0,98620,0.008427498
0,98630,0.0084227985
0,98640,0.008418102
0,98650,0.008413408
0,98660,0.008408717
0,98670,0.008404029
0,98680,0.008399343
0,98690,0.00839466
0,98700,0.0083899805
0,98710,0.008385303
0,98720,0.008380629
0,98730,0.008375958
0,98740,0.008371288
0,98750,0.008366622
0,98760,0.008361959
0,98770,0.008357299
0,98780,0.008352641
0,98790,0.008347986
0,98800,0.008343333
0,98810,0.008338684
0,98820,0.008334038
0,98830,0.008329393
0,98840,0.008324753
0,98850,0.008320115
0,98860,0.008315478
0,98870,0.008310846
0,98880,0.0083062155
0,98890,0.008301589
0,98900,0.008296964
0,98910,0.008292342
0,98920,0.008287722
0,98930,0.008283107
0,98940,0.008278493
0,98950,0.008273882
0,98960,0.008269274
0,98970,0.008264668
0,98980,0.008260066
0,98990,0.008255466
0,99000,0.008250869
0,99010,0.008246274
0,99020,0.008241682
0,99030,0.008237094
0,99040,0.008232507
0,99050,0.008227923
0,99060,0.008223343
0,99070,0.008218764
0,99080,0.008214189
0,99090,0.008209616
0,99100,0.008205046
0,99110,0.008200479
0,99120,0.008195914
0,99130,0.008191353
0,99140,0.008186794
0,99150,0.008182237
0,99160,0.008177684
0,99170,0.008173132
0,99180,0.008168585
0,99190,0.008164039
0,99200,0.008159496
0,99210,0.008154956
0,99220,0.008150418
0,99230,0.008145884
0,99240,0.008141351
0,99250,0.008136822
0,99260,0.008132296
0,99270,0.008127771
0,99280,0.00812325
0,99290,0.008118731
0,99300,0.008114215
0,99310,0.008109702
0,99320,0.008105191
0,99330,0.008100684
0,99340,0.008096178
0,99350,0.008091676
0,99360,0.008087176
0,99370,0.008082679
0,99380,0.008078184
0,99390,0.008073692
0,99400,0.008069203
0,99410,0.008064716
0,99420,0.008060233
0,99430,0.008055751
0,99440,0.0080512725
0,99450,0.008046797
0,99460,0.008042323
0,99470,0.008037853
0,99480,0.0080333855
0,99490,0.00802892
0,99500,0.008024458
0,99510,0.008019998
0,99520,0.00801554
0,99530,0.008011086
0,99540,0.008006633
0,99550,0.008002184
0,99560,0.007997737
0,99570,0.007993293
0,99580,0.0079888515
0,99590,0.007984413
0,99600,0.007979977
0,99610,0.007975544
0,99620,0.007971113
0,99630,0.007966684
0,99640,0.0079622585
0,99650,0.007957836
0,99660,0.007953416
0,99670,0.007948997
0,99680,0.007944582
0,99690,0.007940169
0,99700,0.00793576
0,99710,0.007931353
0,99720,0.007926948
0,99730,0.007922546
0,99740,0.007918146
0,99750,0.00791375
0,99760,0.007909356
0,99770,0.0079049645
0,99780,0.007900575
0,99790,0.007896189
0,99800,0.007891805
0,99810,0.007887424
0,99820,0.007883045
0,99830,0.00787867
0,99840,0.007874296
0,99850,0.007869925
0,99860,0.007865557
0,99870,0.007861191
0,99880,0.007856828
0,99890,0.007852468
0,99900,0.00784811
0,99910,0.007843755
0,99920,0.007839402
0,99930,0.007835053
0,99940,0.0078307055
0,99950,0.00782636
0,99960,0.007822018
0,99970,0.007817678
0,99980,0.007813341
0,99990,0.0078090066
0,100000,0.0078046746
0,100010,0.0078003453
0,100020,0.0077960184
0,100030,0.0077916943
0,100040,0.0077873725
0,100050,0.0077830534
0,100060,0.0077787368
0,100070,0.007774423
0,100080,0.0077701113
0,100090,0.0077658026
0,100100,0.007761496
0,100110,0.007757192
0,100120,0.007752891
0,100130,0.007748592
0,100140,0.0077442965
0,100150,0.0077400026
0,100160,0.0077357115
0,100170,0.0077314232
0,100180,0.0077271373
0,100190,0.007722854
0,100200,0.0077185733
0,100210,0.007714295
0,100220,0.007710019
0,100230,0.007705746
0,100240,0.007701475
0,100250,0.0076972074
0,100260,0.0076929415
0,100270,0.007688679
0,100280,0.007684418
0,100290,0.00768016
0,100300,0.007675905
0,100310,0.007671652
0,100320,0.0076674013
0,100330,0.0076631536
0,100340,0.007658908
0,100350,0.007654665
0,100360,0.0076504247
0,100370,0.007646187
0,100380,0.0076419516
0,100390,0.007637719
0,100400,0.0076334886
0,100410,0.007629261
0,100420,0.0076250355
0,100430,0.007620813
0,100440,0.0076165926
0,100450,0.007612375
0,100460,0.00760816
0,100470,0.007603947
0,100480,0.007599737
0,100490,0.0075955293
0,100500,0.007591324
0,100510,0.0075871213
0,100520,0.007582921
0,100530,0.007578723
0,100540,0.007574528
0,100550,0.007570335
0,100560,0.007566145
0,100570,0.0075619575
0,100580,0.007557772
0,100590,0.007553589
0,100600,0.007549409
0,100610,0.007545231
0,100620,0.007541056
0,100630,0.007536883
0,100640,0.0075327125
0,100650,0.0075285444
0,100660,0.007524379
0,100670,0.007520216
0,100680,0.007516056
0,100690,0.0075118975
0,100700,0.007507742
0,100710,0.007503589
0,100720,0.0074994382
0,100730,0.00749529
0,100740,0.0074911444
0,100750,0.0074870014
0,100760,0.0074828602
0,100770,0.007478722
0,100780,0.0074745864
0,100790,0.0074704527
0,100800,0.007466322
0,100810,0.0074621933
0,100820,0.007458067
0,100830,0.0074539436
0,100840,0.0074498225
0,100850,0.0074457037
0,100860,0.0074415877
0,100870,0.0074374736
0,100880,0.0074333623
0,100890,0.0074292533
0,100900,0.0074251466
0,100910,0.007421043
0,100920,0.007416941
0,100930,0.007412842
0,100940,0.007408745
0,100950,0.007404651
0,100960,0.007400559
0,100970,0.0073964694
0,100980,0.0073923822
0,100990,0.007388298
0,101000,0.0073842155
0,101010,0.007380136
0,101020,0.0073760585
0,101030,0.0073719835
0,101040,0.0073679113
0,101050,0.007363841
0,101060,0.0073597734
0,101070,0.007355708
0,101080,0.0073516453
0,101090,0.0073475847
0,101100,0.007343527
0,101110,0.007339471
0,101120,0.007335418
0,101130,0.007331367
0,101140,0.0073273187
0,101150,0.0073232725
0,101160,0.007319229
0,101170,0.0073151877
0,101180,0.007311149
0,101190,0.0073071127
0,101200,0.0073030787
0,101210,0.007299047
0,101220,0.007295018
0,101230,0.007290991
0,101240,0.007286967
0,101250,0.0072829444
0,101260,0.007278925
0,101270,0.0072749075
0,101280,0.0072708926
0,101290,0.00726688
0,101300,0.00726287
0,101310,0.0072588623
0,101320,0.007254857
0,101330,0.007250854
0,101340,0.0072468533
0,101350,0.007242855
0,101360,0.0072388593
0,101370,0.007234866
0,101380,0.0072308746
0,101390,0.0072268858
0,101400,0.0072228992
0,101410,0.0072189155
0,101420,0.0072149336
0,101430,0.0072109546
0,101440,0.0072069773
0,101450,0.007203003
0,101460,0.0071990304
0,101470,0.0071950606
0,101480,0.007191093
0,101490,0.007187128
0,101500,0.0071831653
0,101510,0.007179205
0,101520,0.0071752467
0,101530,0.007171291
0,101540,0.0071673375
0,101550,0.0071633863
0,101560,0.0071594375
0,101570,0.0071554915
0,101580,0.0071515474
0,101590,0.0071476055
0,101600,0.007143666
0,101610,0.0071397293
0,101620,0.0071357945
0,101630,0.007131862
0,101640,0.0071279323
0,101650,0.0071240044
0,101660,0.0071200794
0,101670,0.007116156
0,101680,0.0071122353
0,101690,0.007108317
0,101700,0.007104401
0,101710,0.007100487
0,101720,0.007096576
0,101730,0.007092667
0,101740,0.00708876
0,101750,0.007084856
0,101760,0.0070809536
0,101770,0.0070770537
0,101780,0.007073156
0,101790,0.007069261
0,101800,0.007065368
0,101810,0.0070614778
0,101820,0.0070575895
0,101830,0.0070537035
0,101840,0.0070498195
0,101850,0.007045938
0,101860,0.007042059
0,101870,0.0070381826
0,101880,0.0070343083
0,101890,0.007030436
0,101900,0.007026566
0,101910,0.0070226984
0,101920,0.0070188334
0,101930,0.0070149703
0,101940,0.0070111095
0,101950,0.0070072515
0,101960,0.0070033954
0,101970,0.0069995415
0,101980,0.00699569
0,101990,0.006991841
0,102000,0.0069879936
0,102010,0.006984149
0,102020,0.0069803065
0,102030,0.0069764666
0,102040,0.0069726286
0,102050,0.006968793
0,102060,0.00696496
0,102070,0.006961129
0,102080,0.0069573
0,102090,0.0069534737
0,102100,0.0069496497
0,102110,0.0069458275
0,102120,0.006942008
0,102130,0.0069381907
0,102140,0.0069343755
0,102150,0.0069305627
0,102160,0.006926752
0,102170,0.0069229435
0,102180,0.0069191377
0,102190,0.0069153337
0,102200,0.006911532
0,102210,0.0069077327
0,102220,0.0069039357
0,102230,0.006900141
0,102240,0.006896348
0,102250,0.006892558
0,102260,0.00688877
0,102270,0.006884984
0,102280,0.0068812007
0,102290,0.0068774195
0,102300,0.00687364
0,102310,0.0068698633
0,102320,0.006866089
0,102330,0.0068623163
0,102340,0.0068585463
0,102350,0.0068547786
0,102360,0.006851013
0,102370,0.0068472493
0,102380,0.006843488
0,102390,0.0068397294
0,102400,0.0068359724
0,102410,0.006832218
0,102420,0.006828466
0,102430,0.0068247155
0,102440,0.006820968
0,102450,0.006817222
0,102460,0.0068134787
0,102470,0.0068097375
0,102480,0.0068059987
0,102490,0.006802262
0,102500,0.0067985277
0,102510,0.0067947954
0,102520,0.006791065
0,102530,0.0067873374
0,102540,0.0067836116
0,102550,0.006779888
0,102560,0.006776167
0,102570,0.006772448
0,102580,0.006768731
0,102590,0.0067650164
0,102600,0.006761304
0,102610,0.0067575937
0,102620,0.0067538857
0,102630,0.00675018
0,102640,0.0067464765
0,102650,0.006742775
0,102660,0.0067390758
0,102670,0.0067353784
0,102680,0.006731684
0,102690,0.006727991
0,102700,0.006724301
0,102710,0.0067206123
0,102720,0.006716926
0,102730,0.0067132423
0,102740,0.0067095608
0,102750,0.006705881
0,102760,0.006702204
0,102770,0.0066985283
0,102780,0.0066948556
0,102790,0.006691185
0,102800,0.006687516
0,102810,0.0066838497
0,102820,0.0066801854
0,102830,0.006676523
0,102840,0.0066728634
0,102850,0.006669205
0,102860,0.0066655497
0,102870,0.006661896
0,102880,0.006658245
0,102890,0.006654596
0,102900,0.006650949
0,102910,0.006647304
0,102920,0.0066436613
0,102930,0.006640021
0,102940,0.0066363825
0,102950,0.0066327467
0,102960,0.0066291126
0,102970,0.0066254805
0,102980,0.006621851
0,102990,0.0066182236
0,103000,0.006614598
0,103010,0.0066109747
0,103020,0.0066073537
0,103030,0.0066037346
0,103040,0.006600118
0,103050,0.0065965033
0,103060,0.0065928907
0,103070,0.0065892804
0,103080,0.006585672
0,103090,0.006582066
0,103100,0.006578462
0,103110,0.0065748603
0,103120,0.0065712607
0,103130,0.006567663
0,103140,0.0065640677
0,103150,0.006560474
0,103160,0.006556883
0,103170,0.006553294
0,103180,0.006549707
0,103190,0.0065461225
0,103200,0.0065425397
0,103210,0.006538959
0,103220,0.006535381
0,103230,0.0065318043
0,103240,0.0065282304
0,103250,0.0065246583
0,103260,0.0065210885
0,103270,0.0065175206
0,103280,0.006513955
0,103290,0.0065103914
0,103300,0.00650683
0,103310,0.0065032705
0,103320,0.0064997133
0,103330,0.006496158
0,103340,0.006492605
0,103350,0.006489054
0,103360,0.006485505
0,103370,0.0064819586
0,103380,0.006478414
0,103390,0.006474871
0,103400,0.0064713308
0,103410,0.0064677927
0,103420,0.0064642564
0,103430,0.006460722
0,103440,0.00645719
0,103450,0.0064536603
0,103460,0.0064501325
0,103470,0.0064466065
0,103480,0.006443083
0,103490,0.0064395615
0,103500,0.006436042
0,103510,0.0064325244
0,103520,0.006429009
0,103530,0.0064254957
0,103540,0.0064219846
0,103550,0.0064184754
0,103560,0.0064149685
0,103570,0.0064114635
0,103580,0.006407961
0,103590,0.00640446
0,103600,0.0064009614
0,103610,0.006397465
0,103620,0.00639397
0,103630,0.0063904775
0,103640,0.0063869874
0,103650,0.006383499
0,103660,0.0063800127
0,103670,0.0063765286
0,103680,0.0063730464
0,103690,0.006369566
0,103700,0.006366088
0,103710,0.0063626124
0,103720,0.006359138
0,103730,0.0063556666
0,103740,0.0063521964
0,103750,0.006348729
0,103760,0.006345263
0,103770,0.0063417996
0,103780,0.006338338
0,103790,0.0063348785
0,103800,0.006331421
0,103810,0.0063279658
0,103820,0.0063245124
0,103830,0.006321061
0,103840,0.006317612
0,103850,0.0063141645
0,103860,0.006310719
0,103870,0.006307276
0,103880,0.0063038347
0,103890,0.006300396
0,103900,0.006296959
0,103910,0.0062935236
0,103920,0.0062900907
0,103930,0.0062866597
0,103940,0.006283231
0,103950,0.0062798043
0,103960,0.0062763793
0,103970,0.0062729563
0,103980,0.0062695355
0,103990,0.006266117
0,104000,0.0062627
0,104010,0.0062592854
0,104020,0.0062558725
0,104030,0.006252462
0,104040,0.0062490534
0,104050,0.0062456466
0,104060,0.006242242
0,104070,0.0062388396
0,104080,0.006235439
0,104090,0.0062320405
0,104100,0.006228644
0,104110,0.0062252493
0,104120,0.006221857
0,104130,0.0062184664
0,104140,0.006215078
0,104150,0.0062116915
0,104160,0.0062083066
0,104170,0.0062049245
0,104180,0.006201544
0,104190,0.0061981655
0,104200,0.006194789
0,104210,0.0061914143
0,104220,0.006188042
0,104230,0.0061846715
0,104240,0.006181303
0,104250,0.0061779367
0,104260,0.006174572
0,104270,0.0061712093
0,104280,0.006167849
0,104290,0.0061644902
0,104300,0.0061611338
0,104310,0.006157779
0,104320,0.006154427
0,104330,0.0061510764
0,104340,0.0061477274
0,104350,0.006144381
0,104360,0.0061410363
0,104370,0.0061376938
0,104380,0.006134353
0,104390,0.0061310143
0,104400,0.006127678
0,104410,0.006124343
0,104420,0.00612101
0,104430,0.006117679
0,104440,0.0061143506
0,104450,0.0061110235
0,104460,0.0061076987
0,104470,0.0061043757
0,104480,0.006101055
0,104490,0.006097736
0,104500,0.006094419
0,104510,0.006091104
0,104520,0.0060877907
0,104530,0.00608448
0,104540,0.0060811704
0,104550,0.0060778633
0,104560,0.006074558
0,104570,0.006071255
0,104580,0.0060679535
0,104590,0.0060646543
0,104600,0.006061357
0,104610,0.0060580615
0,104620,0.006054768
0,104630,0.006051476
0,104640,0.0060481867
0,104650,0.006044899
0,104660,0.0060416134
0,104670,0.0060383296
0,104680,0.0060350476
0,104690,0.006031768
0,104700,0.0060284897
0,104710,0.0060252137
0,104720,0.0060219397
0,104730,0.0060186675
0,104740,0.0060153976
0,104750,0.006012129
0,104760,0.006008863
0,104770,0.0060055987
0,104780,0.0060023363
0,104790,0.0059990757
0,104800,0.005995817
0,104810,0.00599256
0,104820,0.0059893057
0,104830,0.005986053
0,104840,0.005982802
0,104850,0.005979553
0,104860,0.005976306
0,104870,0.005973061
0,104880,0.0059698178
0,104890,0.0059665763
0,104900,0.005963337
0,104910,0.0059601
0,104920,0.005956864
0,104930,0.0059536304
0,104940,0.0059503987
0,104950,0.005947169
0,104960,0.0059439414
0,104970,0.0059407153
0,104980,0.005937491
0,104990,0.005934269
0,105000,0.005931049
0,105010,0.0059278305
0,105020,0.005924614
0,105030,0.0059213997
0,105040,0.005918187
0,105050,0.0059149764
0,105060,0.0059117675
0,105070,0.0059085605
0,105080,0.005905356
0,105090,0.0059021525
0,105100,0.0058989516
0,105110,0.005895752
0,105120,0.0058925548
0,105130,0.005889359
0,105140,0.0058861654
0,105150,0.005882974
0,105160,0.005879784
0,105170,0.005876596
0,105180,0.00587341
0,105190,0.005870226
0,105200,0.0058670435
0,105210,0.005863863
0,105220,0.0058606844
0,105230,0.0058575077
0,105240,0.005854333
0,105250,0.0058511603
0,105260,0.005847989
0,105270,0.00584482
0,105280,0.0058416524
0,105290,0.0058384873
0,105300,0.0058353236
0,105310,0.005832162
0,105320,0.0058290022
0,105330,0.005825844
0,105340,0.0058226883
0,105350,0.005819534
0,105360,0.005816382
0,105370,0.005813231
0,105380,0.005810083
0,105390,0.005806936
0,105400,0.0058037913
0,105410,0.005800648
0,105420,0.0057975072
0,105430,0.0057943678
0,105440,0.0057912306
0,105450,0.005788095
0,105460,0.0057849614
0,105470,0.0057818294
0,105480,0.005778699
0,105490,0.0057755713
0,105500,0.005772445
0,105510,0.0057693203
0,105520,0.005766198
0,105530,0.005763077
0,105540,0.005759958
0,105550,0.005756841
0,105560,0.0057537258
0,105570,0.005750613
0,105580,0.0057475013
0,105590,0.0057443916
0,105600,0.0057412838
0,105610,0.0057381773
0,105620,0.0057350732
0,105630,0.005731971
0,105640,0.0057288706
0,105650,0.005725772
0,105660,0.005722675
0,105670,0.00571958
0,105680,0.005716487
0,105690,0.005713396
0,105700,0.005710306
0,105710,0.0057072183
0,105720,0.0057041324
0,105730,0.0057010488
0,105740,0.0056979666
0,105750,0.005694886
0,105760,0.0056918073
0,105770,0.0056887306
0,105780,0.005685656
0,105790,0.0056825825
0,105800,0.0056795115
0,105810,0.005676442
0,105820,0.0056733745
0,105830,0.0056703086
0,105840,0.0056672445
0,105850,0.0056641824
0,105860,0.005661122
0,105870,0.0056580636
0,105880,0.0056550065
0,105890,0.005651952
0,105900,0.0056488984
0,105910,0.005645847
0,105920,0.005642798
0,105930,0.00563975
0,105940,0.005636704
0,105950,0.0056336597
0,105960,0.0056306175
0,105970,0.005627577
0,105980,0.0056245383
0,105990,0.0056215012
0,106000,0.005618466
0,106010,0.0056154327
0,106020,0.0056124013
0,106030,0.0056093717
0,106040,0.0056063435
0,106050,0.0056033176
0,106060,0.005600293
0,106070,0.0055972706
0,106080,0.00559425
0,106090,0.0055912305
0,106100,0.0055882134
0,106110,0.005585198
0,106120,0.005582184
0,106130,0.0055791726
0,106140,0.005576162
0,106150,0.005573154
0,106160,0.0055701477
0,106170,0.0055671427
0,106180,0.0055641397
0,106190,0.0055611385
0,106200,0.005558139
0,106210,0.0055551413
0,106220,0.0055521457
0,106230,0.0055491515
0,106240,0.005546159
0,106250,0.0055431686
0,106260,0.0055401796
0,106270,0.005537193
0,106280,0.0055342074
0,106290,0.005531224
0,106300,0.0055282423
0,106310,0.005525262
0,106320,0.0055222837
0,106330,0.0055193077
0,106340,0.0055163326
0,106350,0.00551336
0,106360,0.005510389
0,106370,0.0055074194
0,106380,0.0055044517
0,106390,0.005501486
0,106400,0.0054985215
0,106410,0.005495559
0,106420,0.0054925983
0,106430,0.0054896395
0,106440,0.0054866825
0,106450,0.005483727
0,106460,0.0054807733
0,106470,0.0054778215
0,106480,0.0054748715
0,106490,0.005471923
0,106500,0.005468976
0,106510,0.0054660314
0,106520,0.005463088
0,106530,0.005460147
0,106540,0.005457207
0,106550,0.005454269
0,106560,0.005451333
0,106570,0.005448398
0,106580,0.0054454654
0,106590,0.0054425346
0,106600,0.005439605
0,106610,0.0054366775
0,106620,0.0054337517
0,106630,0.005430828
0,106640,0.0054279054
0,106650,0.0054249847
0,106660,0.0054220655
0,106670,0.0054191486
0,106680,0.005416233
0,106690,0.0054133194
0,106700,0.005410407
0,106710,0.005407497
0,106720,0.0054045883
0,106730,0.0054016816
0,106740,0.0053987764
0,106750,0.005395873
0,106760,0.0053929714
0,106770,0.0053900713
0,106780,0.005387173
0,106790,0.0053842766
0,106800,0.0053813816
0,106810,0.0053784885
0,106820,0.005375597
0,106830,0.0053727073
0,106840,0.0053698192
0,106850,0.005366933
0,106860,0.0053640483
0,106870,0.0053611654
0,106880,0.0053582843
0,106890,0.0053554047
0,106900,0.005352527
0,106910,0.005349651
0,106920,0.0053467765
0,106930,0.005343904
0,106940,0.005341033
0,106950,0.0053381636
0,106960,0.005335296
0,106970,0.00533243
0,106980,0.0053295656
0,106990,0.005326703
0,107000,0.0053238426
0,107010,0.0053209835
0,107020,0.0053181257
0,107030,0.0053152703
0,107040,0.0053124162
0,107050,0.0053095636
0,107060,0.005306713
0,107070,0.005303864
0,107080,0.005301017
0,107090,0.005298171
0,107100,0.005295327
0,107110,0.005292485
0,107120,0.005289644
0,107130,0.0052868053
0,107140,0.005283968
0,107150,0.0052811326
0,107160,0.0052782986
0,107170,0.0052754665
0,107180,0.0052726357
0,107190,0.005269807
0,107200,0.00526698
0,107210,0.005264154
0,107220,0.0052613304
0,107230,0.005258508
0,107240,0.0052556875
0,107250,0.005252869
0,107260,0.0052500516
0,107270,0.005247236
0,107280,0.0052444222
0,107290,0.00524161
0,107300,0.0052387994
0,107310,0.0052359905
0,107320,0.0052331835
0,107330,0.005230378
0,107340,0.005227574
0,107350,0.005224772
0,107360,0.0052219713
0,107370,0.005219172
0,107380,0.005216375
0,107390,0.005213579
0,107400,0.005210785
0,107410,0.005207993
0,107420,0.0052052024
0,107430,0.0052024135
0,107440,0.005199626
0,107450,0.00519684
0,107460,0.0051940563
0,107470,0.0051912735
0,107480,0.005188493
0,107490,0.005185714
0,107500,0.0051829363
0,107510,0.0051801605
0,107520,0.005177386
0,107530,0.0051746136
0,107540,0.005171843
0,107550,0.0051690736
0,107560,0.0051663057
0,107570,0.0051635397
0,107580,0.005160775
0,107590,0.0051580123
0,107600,0.0051552514
0,107610,0.005152492
0,107620,0.0051497337
0,107630,0.0051469775
0,107640,0.005144223
0,107650,0.00514147
0,107660,0.0051387185
0,107670,0.005135969
0,107680,0.005133221
0,107690,0.0051304745
0,107700,0.0051277294
0,107710,0.005124986
0,107720,0.005122245
0,107730,0.0051195044
0,107740,0.0051167663
0,107750,0.0051140296
0,107760,0.0051112943
0,107770,0.005108561
0,107780,0.005105829
0,107790,0.0051030987
0,107800,0.00510037
0,107810,0.0050976425
0,107820,0.005094917
0,107830,0.0050921934
0,107840,0.005089471
0,107850,0.0050867503
0,107860,0.0050840313
0,107870,0.005081314
0,107880,0.005078598
0,107890,0.005075884
0,107900,0.005073171
0,107910,0.00507046
0,107920,0.005067751
0,107930,0.005065043
0,107940,0.0050623366
0,107950,0.005059632
0,107960,0.0050569293
0,107970,0.0050542275
0,107980,0.0050515276
0,107990,0.0050488296
0,108000,0.005046133
0,108010,0.0050434377
0,108020,0.0050407443
0,108030,0.0050380523
0,108040,0.005035362
0,108050,0.0050326735
0,108060,0.0050299866
0,108070,0.005027301
0,108080,0.005024617
0,108090,0.005021935
0,108100,0.005019254
0,108110,0.0050165746
0,108120,0.005013897
0,108130,0.005011221
0,108140,0.0050085466
0,108150,0.0050058737
0,108160,0.0050032027
0,108170,0.0050005326
0,108180,0.004997865
0,108190,0.004995198
0,108200,0.004992533
0,108210,0.00498987
0,108220,0.0049872077
0,108230,0.0049845474
0,108240,0.004981889
0,108250,0.004979232
0,108260,0.004976576
0,108270,0.0049739224
0,108280,0.00497127
0,108290,0.004968619
0,108300,0.00496597
0,108310,0.004963322
0,108320,0.0049606757
0,108330,0.0049580312
0,108340,0.004955388
0,108350,0.004952747
0,108360,0.0049501066
0,108370,0.0049474686
0,108380,0.0049448316
0,108390,0.0049421964
0,108400,0.0049395626
0,108410,0.0049369307
0,108420,0.0049343
0,108430,0.004931671
0,108440,0.0049290434
0,108450,0.0049264175
0,108460,0.004923793
0,108470,0.0049211704
0,108480,0.004918549
0,108490,0.0049159294
0,108500,0.004913311
0,108510,0.0049106944
0,108520,0.0049080793
0,108530,0.004905466
0,108540,0.004902854
0,108550,0.0049002436
0,108560,0.0048976345
0,108570,0.0048950273
0,108580,0.0048924214
0,108590,0.004889817
0,108600,0.0048872144
0,108610,0.004884613
0,108620,0.0048820134
0,108630,0.004879415
0,108640,0.0048768185
0,108650,0.0048742234
0,108660,0.00487163
0,108670,0.004869038
0,108680,0.0048664473
0,108690,0.004863858
0,108700,0.004861271
0,108710,0.004858685
0,108720,0.004856101
0,108730,0.0048535177
0,108740,0.0048509366
0,108750,0.004848357
0,108760,0.0048457785
0,108770,0.0048432015
0,108780,0.0048406264
0,108790,0.0048380527
0,108800,0.0048354804
0,108810,0.0048329094
0,108820,0.0048303404
0,108830,0.0048277727
0,108840,0.0048252065
0,108850,0.004822642
0,108860,0.004820079
0,108870,0.0048175175
0,108880,0.0048149573
0,108890,0.0048123985
0,108900,0.0048098415
0,108910,0.004807286
0,108920,0.004804732
0,108930,0.0048021795
0,108940,0.004799628
0,108950,0.0047970787
0,108960,0.0047945306
0,108970,0.0047919843
0,108980,0.004789439
0,108990,0.0047868956
0,109000,0.0047843535
0,109010,0.004781813
0,109020,0.004779274
0,109030,0.0047767367
0,109040,0.0047742007
0,109050,0.004771666
0,109060,0.004769133
0,109070,0.0047666016
0,109080,0.004764071
0,109090,0.0047615427
0,109100,0.0047590155
0,109110,0.0047564902
0,109120,0.004753966
0,109130,0.0047514434
0,109140,0.0047489223
0,109150,0.0047464026
0,109160,0.004743885
0,109170,0.004741368
0,109180,0.004738853
0,109190,0.004736339
0,109200,0.004733827
0,109210,0.004731316
0,109220,0.004728807
0,109230,0.004726299
0,109240,0.004723793
0,109250,0.004721288
0,109260,0.0047187847
0,109270,0.004716283
0,109280,0.0047137826
0,109290,0.004711284
0,109300,0.0047087865
0,109310,0.0047062906
0,109320,0.004703796
0,109330,0.004701303
0,109340,0.004698811
0,109350,0.004696321
0,109360,0.0046938327
0,109370,0.0046913456
0,109380,0.00468886
0,109390,0.0046863756
0,109400,0.004683893
0,109410,0.0046814117
0,109420,0.004678932
0,109430,0.004676454
0,109440,0.004673977
0,109450,0.0046715015
0,109460,0.0046690274
0,109470,0.0046665547
0,109480,0.004664084
0,109490,0.004661614
0,109500,0.004659146
0,109510,0.0046566795
0,109520,0.0046542143
0,109530,0.0046517504
0,109540,0.004649288
0,109550,0.0046468275
0,109560,0.004644368
0,109570,0.00464191
0,109580,0.0046394533
0,109590,0.0046369983
0,109600,0.0046345447
0,109610,0.0046320925
0,109620,0.004629642
0,109630,0.004627193
0,109640,0.004624745
0,109650,0.0046222983
0,109660,0.0046198536
0,109670,0.0046174102
0,109680,0.004614968
0,109690,0.0046125273
0,109700,0.004610088
0,109710,0.0046076505
0,109720,0.004605214
0,109730,0.004602779
0,109740,0.004600346
0,109750,0.004597914
0,109760,0.004595483
0,109770,0.0045930543
0,109780,0.0045906263
0,109790,0.0045882002
0,109800,0.0045857755
0,109810,0.0045833522
0,109820,0.00458093
0,109830,0.0045785094
0,109840,0.0045760903
0,109850,0.0045736725
0,109860,0.0045712567
0,109870,0.004568842
0,109880,0.0045664283
0,109890,0.004564016
0,109900,0.004561606
0,109910,0.0045591965
0,109920,0.0045567886
0,109930,0.0045543825
0,109940,0.0045519774
0,109950,0.004549574
0,109960,0.004547172
0,109970,0.0045447713
0,109980,0.004542372
0,109990,0.0045399745
0,110000,0.0045375777
0,110010,0.004535183
0,110020,0.0045327893
0,110030,0.0045303972
0,110040,0.0045280065
0,110050,0.004525617
0,110060,0.0045232293
0,110070,0.004520843
0,110080,0.0045184577
0,110090,0.004516074
0,110100,0.0045136916
0,110110,0.0045113107
0,110120,0.004508931
0,110130,0.004506553
0,110140,0.0045041763
0,110150,0.004501801
0,110160,0.004499427
0,110170,0.0044970545
0,110180,0.0044946834
0,110190,0.004492314
0,110200,0.0044899457
0,110210,0.0044875788
0,110220,0.004485213
0,110230,0.004482849
0,110240,0.0044804863
0,110250,0.004478125
0,110260,0.004475765
0,110270,0.0044734064
0,110280,0.004471049
0,110290,0.0044686934
0,110300,0.004466339
0,110310,0.004463986
0,110320,0.0044616344
0,110330,0.0044592842
0,110340,0.0044569355
0,110350,0.004454588
0,110360,0.004452242
0,110370,0.0044498974
0,110380,0.004447554
0,110390,0.004445212
0,110400,0.0044428715
0,110410,0.0044405325
0,110420,0.0044381944
0,110430,0.004435858
0,110440,0.004433523
0,110450,0.0044311895
0,110460,0.004428857
0,110470,0.0044265264
0,110480,0.0044241967
0,110490,0.0044218684
0,110500,0.004419542
0,110510,0.0044172164
0,110520,0.0044148923
0,110530,0.0044125696
0,110540,0.0044102482
0,110550,0.0044079283
0,110560,0.00440561
0,110570,0.0044032927
0,110580,0.004400977
0,110590,0.004398662
0,110600,0.004396349
0,110610,0.004394037
0,110620,0.004391727
0,110630,0.004389418
0,110640,0.0043871105
0,110650,0.004384804
0,110660,0.004382499
0,110670,0.0043801954
0,110680,0.004377893
0,110690,0.0043755923
0,110700,0.004373293
0,110710,0.004370995
0,110720,0.0043686978
0,110730,0.0043664025
0,110740,0.004364108
0,110750,0.0043618153
0,110760,0.004359524
0,110770,0.004357234
0,110780,0.0043549454
0,110790,0.004352658
0,110800,0.004350372
0,110810,0.004348087
0,110820,0.004345804
0,110830,0.004343522
0,110840,0.0043412414
0,110850,0.004338962
0,110860,0.004336684
0,110870,0.0043344074
0,110880,0.004332132
0,110890,0.0043298583
0,110900,0.004327586
0,110910,0.0043253144
0,110920,0.004323045
0,110930,0.004320776
0,110940,0.004318509
0,110950,0.004316243
0,110960,0.0043139784
0,110970,0.0043117153
0,110980,0.004309453
0,110990,0.0043071928
0,111000,0.0043049334
0,111010,0.0043026754
0,111020,0.004300419
0,111030,0.0042981636
0,111040,0.00429591
0,111050,0.004293657
0,111060,0.004291406
0,111070,0.004289156
0,111080,0.004286907
0,111090,0.00428466
0,111100,0.004282414
0,111110,0.0042801695
0,111120,0.004277926
0,111130,0.0042756842
0,111140,0.0042734435
0,111150,0.004271204
0,111160,0.004268966
0,111170,0.004266729
0,111180,0.004264494
0,111190,0.0042622597
0,111200,0.004260027
0,111210,0.0042577954
0,111220,0.0042555653
0,111230,0.0042533367
0,111240,0.004251109
0,111250,0.0042488826
0,111260,0.0042466577
0,111270,0.004244434
0,111280,0.004242212
0,111290,0.004239991
0,111300,0.0042377715
0,111310,0.004235553
0,111320,0.004233336
0,111330,0.00423112
0,111340,0.004228906
0,111350,0.0042266925
0,111360,0.0042244806
0,111370,0.00422227
0,111380,0.004220061
0,111390,0.0042178533
0,111400,0.0042156465
0,111410,0.004213441
0,111420,0.004211237
0,111430,0.004209034
0,111440,0.004206833
0,111450,0.0042046327
0,111460,0.004202434
0,111470,0.0042002364
0,111480,0.0041980403
0,111490,0.004195845
0,111500,0.0041936515
0,111510,0.004191459
0,111520,0.004189268
0,111530,0.004187078
0,111540,0.0041848896
0,111550,0.0041827024
0,111560,0.0041805166
0,111570,0.0041783317
0,111580,0.0041761487
0,111590,0.0041739666
0,111600,0.0041717854
0,111610,0.004169606
0,111620,0.004167428
0,111630,0.004165251
0,111640,0.0041630752
0,111650,0.004160901
0,111660,0.004158728
0,111670,0.004156556
0,111680,0.0041543855
0,111690,0.004152216
0,111700,0.004150048
0,111710,0.004147881
0,111720,0.004145716
0,111730,0.004143552
0,111740,0.004141389
0,111750,0.0041392273
0,111760,0.0041370667
0,111770,0.004134908
0,111780,0.00413275
0,111790,0.0041305935
0,111800,0.004128438
0,111810,0.0041262843
0,111820,0.0041241315
0,111830,0.00412198
0,111840,0.0041198297
0,111850,0.0041176807
0,111860,0.004115533
0,111870,0.004113387
0,111880,0.0041112415
0,111890,0.0041090976
0,111900,0.004106955
0,111910,0.0041048136
0,111920,0.0041026734
0,111930,0.0041005346
0,111940,0.004098397
0,111950,0.0040962608
0,111960,0.0040941257
0,111970,0.004091992
0,111980,0.0040898593
0,111990,0.004087728
0,112000,0.004085598
0,112010,0.004083469
0,112020,0.0040813414
0,112030,0.004079215
0,112040,0.0040770904
0,112050,0.0040749665
0,112060,0.004072844
0,112070,0.0040707225
0,112080,0.004068603
0,112090,0.004066484
0,112100,0.004064366
0,112110,0.00406225
0,112120,0.0040601348
0,112130,0.004058021
0,112140,0.0040559084
0,112150,0.004053797
0,112160,0.004051687
0,112170,0.004049578
0,112180,0.0040474706
0,112190,0.0040453644
0,112200,0.004043259
0,112210,0.0040411553
0,112220,0.0040390524
0,112230,0.0040369513
0,112240,0.004034851
0,112250,0.004032752
0,112260,0.004030654
0,112270,0.004028558
0,112280,0.004026463
0,112290,0.0040243687
0,112300,0.004022276
0,112310,0.0040201843
0,112320,0.004018094
0,112330,0.004016005
0,112340,0.004013917
0,112350,0.0040118303
0,112360,0.004009745
0,112370,0.004007661
0,112380,0.004005578
0,112390,0.004003496
0,112400,0.004001416
0,112410,0.003999336
0,112420,0.0039972584
0,112430,0.0039951815
0,112440,0.0039931056
0,112450,0.0039910316
0,112460,0.0039889584
0,112470,0.0039868862
0,112480,0.0039848154
0,112490,0.003982746
0,112500,0.0039806776
0,112510,0.0039786105
0,112520,0.003976545
0,112530,0.00397448
0,112540,0.0039724167
0,112550,0.0039703543
0,112560,0.0039682933
0,112570,0.0039662337
0,112580,0.003964175
0,112590,0.0039621177
0,112600,0.0039600614
0,112610,0.0039580064
0,112620,0.003955953
0,112630,0.0039539
0,112640,0.003951849
0,112650,0.0039497986
0,112660,0.0039477497
0,112670,0.003945702
0,112680,0.0039436556
0,112690,0.00394161
0,112700,0.003939566
0,112710,0.0039375233
0,112720,0.0039354814
0,112730,0.003933441
0,112740,0.0039314018
0,112750,0.0039293636
0,112760,0.0039273268
0,112770,0.003925291
0,112780,0.0039232564
0,112790,0.003921223
0,112800,0.0039191907
0,112810,0.00391716
0,112820,0.00391513
0,112830,0.0039131017
0,112840,0.0039110743
0,112850,0.003909048
0,112860,0.003907023
0,112870,0.0039049992
0,112880,0.0039029766
0,112890,0.0039009554
0,112900,0.0038989352
0,112910,0.003896916
0,112920,0.0038948983
0,112930,0.0038928816
0,112940,0.0038908662
0,112950,0.0038888517
0,112960,0.0038868387
0,112970,0.0038848268
0,112980,0.003882816
0,112990,0.0038808065
0,113000,0.003878798
0,113010,0.0038767909
0,113020,0.0038747848
0,113030,0.0038727801
0,113040,0.0038707764
0,113050,0.0038687738
0,113060,0.0038667726
0,113070,0.0038647724
0,113080,0.0038627735
0,113090,0.0038607758
0,113100,0.003858779
0,113110,0.0038567837
0,113120,0.0038547895
0,113130,0.0038527963
0,113140,0.0038508044
0,113150,0.0038488137
0,113160,0.0038468242
0,113170,0.0038448358
0,113180,0.0038428486
0,113190,0.0038408623
0,113200,0.0038388774
0,113210,0.0038368937
0,113220,0.0038349112
0,113230,0.0038329298
0,113240,0.0038309495
0,113250,0.0038289705
0,113260,0.0038269926
0,113270,0.0038250159
0,113280,0.0038230403
0,113290,0.0038210656
0,113300,0.0038190924
0,113310,0.0038171203
0,113320,0.0038151494
0,113330,0.0038131797
0,113340,0.0038112109
0,113350,0.0038092434
0,113360,0.0038072772
0,113370,0.0038053119
0,113380,0.003803348
0,113390,0.0038013852
0,113400,0.0037994233
0,113410,0.003797463
0,113420,0.0037955034
0,113430,0.003793545
0,113440,0.0037915881
0,113450,0.003789632
0,113460,0.0037876773
0,113470,0.0037857236
0,113480,0.003783771
0,113490,0.0037818197
0,113500,0.0037798695
0,113510,0.0037779205
0,113520,0.0037759726
0,113530,0.0037740257
0,113540,0.0037720802
0,113550,0.0037701356
0,113560,0.0037681921
0,113570,0.00376625
0,113580,0.003764309
0,113590,0.003762369
0,113600,0.0037604303
0,113610,0.0037584926
0,113620,0.003756556
0,113630,0.0037546207
0,113640,0.0037526863
0,113650,0.0037507534
0,113660,0.0037488213
0,113670,0.0037468905
0,113680,0.0037449608
0,113690,0.0037430322
0,113700,0.0037411049
0,113710,0.0037391784
0,113720,0.0037372534
0,113730,0.0037353293
0,113740,0.0037334063
0,113750,0.0037314845
0,113760,0.003729564
0,113770,0.0037276444
0,113780,0.003725726
0,113790,0.0037238088
0,113800,0.0037218926
0,113810,0.0037199776
0,113820,0.0037180637
0,113830,0.0037161508
0,113840,0.0037142392
0,113850,0.0037123286
0,113860,0.0037104192
0,113870,0.003708511
0,113880,0.0037066038
0,113890,0.0037046978
0,113900,0.0037027928
0,113910,0.003700889
0,113920,0.0036989863
0,113930,0.0036970847
0,113940,0.0036951841
0,113950,0.003693285
0,113960,0.0036913867
0,113970,0.0036894896
0,113980,0.0036875936
0,113990,0.0036856986
0,114000,0.003683805
0,114010,0.0036819123
0,114020,0.0036800206
0,114030,0.0036781302
0,114040,0.0036762408
0,114050,0.0036743528
0,114060,0.0036724654
0,114070,0.0036705795
0,114080,0.0036686945
0,114090,0.003666811
0,114100,0.0036649283
0,114110,0.0036630465
0,114120,0.0036611662
0,114130,0.0036592868
0,114140,0.0036574085
0,114150,0.0036555312
0,114160,0.0036536553
0,114170,0.0036517803
0,114180,0.0036499063
0,114190,0.0036480336
0,114200,0.0036461619
0,114210,0.0036442913
0,114220,0.003642422
0,114230,0.0036405534
0,114240,0.0036386861
0,114250,0.00363682
0,114260,0.003634955
0,114270,0.003633091
0,114280,0.003631228
0,114290,0.0036293662
0,114300,0.0036275056
0,114310,0.003625646
0,114320,0.0036237873
0,114330,0.00362193
0,114340,0.0036200737
0,114350,0.0036182182
0,114360,0.0036163642
0,114370,0.003614511
0,114380,0.0036126592
0,114390,0.0036108082
0,114400,0.0036089583
0,114410,0.0036071097
0,114420,0.003605262
0,114430,0.0036034153
0,114440,0.00360157
0,114450,0.0035997254
0,114460,0.003597882
0,114470,0.00359604
0,114480,0.0035941987
0,114490,0.0035923587
0,114500,0.0035905198
0,114510,0.0035886818
0,114520,0.003586845
0,114530,0.0035850091
0,114540,0.0035831744
0,114550,0.003581341
0,114560,0.0035795083
0,114570,0.0035776768
0,114580,0.0035758466
0,114590,0.0035740172
0,114600,0.003572189
0,114610,0.0035703618
0,114620,0.0035685357
0,114630,0.0035667107
0,114640,0.0035648867
0,114650,0.003563064
0,114660,0.003561242
0,114670,0.0035594213
0,114680,0.0035576017
0,114690,0.003555783
0,114700,0.0035539654
0,114710,0.003552149
0,114720,0.0035503337
0,114730,0.0035485192
0,114740,0.003546706
0,114750,0.0035448938
0,114760,0.0035430826
0,114770,0.0035412724
0,114780,0.0035394635
0,114790,0.0035376556
0,114800,0.0035358486
0,114810,0.0035340427
0,114820,0.0035322378
0,114830,0.003530434
0,114840,0.0035286315
0,114850,0.0035268299
0,114860,0.0035250294
0,114870,0.0035232299
0,114880,0.0035214315
0,114890,0.003519634
0,114900,0.0035178377
0,114910,0.0035160424
0,114920,0.0035142482
0,114930,0.003512455
0,114940,0.0035106628
0,114950,0.0035088717
0,114960,0.0035070817
0,114970,0.0035052926
0,114980,0.0035035047
0,114990,0.003501718
0,115000,0.0034999321
0,115010,0.0034981472
0,115020,0.0034963635
0,115030,0.0034945807
0,115040,0.0034927991
0,115050,0.0034910184
0,115060,0.003489239
0,115070,0.0034874605
0,115080,0.003485683
0,115090,0.0034839066
0,115100,0.003482131
0,115110,0.003480357
0,115120,0.0034785834
0,115130,0.003476811
0,115140,0.00347504
0,115150,0.0034732698
0,115160,0.0034715007
0,115170,0.0034697326
0,115180,0.0034679654
0,115190,0.0034661994
0,115200,0.0034644343
0,115210,0.0034626704
0,115220,0.0034609074
0,115230,0.0034591455
0,115240,0.0034573846
0,115250,0.0034556247
0,115260,0.0034538659
0,115270,0.0034521082
0,115280,0.0034503515
0,115290,0.0034485958
0,115300,0.003446841
0,115310,0.0034450875
0,115320,0.0034433347
0,115330,0.0034415831
0,115340,0.0034398325
0,115350,0.003438083
0,115360,0.0034363344
0,115370,0.0034345868
0,115380,0.0034328403
0,115390,0.003431095
0,115400,0.0034293504
0,115410,0.003427607
0,115420,0.0034258647
0,115430,0.0034241234
0,115440,0.003422383
0,115450,0.0034206437
0,115460,0.0034189054
0,115470,0.003417168
0,115480,0.0034154318
0,115490,0.0034136965
0,115500,0.0034119622
0,115510,0.003410229
0,115520,0.0034084967
0,115530,0.0034067656
0,115540,0.0034050355
0,115550,0.0034033062
0,115560,0.0034015782
0,115570,0.003399851
0,115580,0.0033981248
0,115590,0.0033963998
0,115600,0.0033946757
0,115610,0.0033929525
0,115620,0.0033912305
0,115630,0.0033895094
0,115640,0.0033877892
0,115650,0.0033860703
0,115660,0.0033843522
0,115670,0.003382635
0,115680,0.003380919
0,115690,0.003379204
0,115700,0.00337749
0,115710,0.003375777
0,115720,0.003374065
0,115730,0.003372354
0,115740,0.0033706438
0,115750,0.0033689348
0,115760,0.0033672268
0,115770,0.00336552
0,115780,0.003363814
0,115790,0.003362109
0,115800,0.0033604049
0,115810,0.0033587017
0,115820,0.0033569997
0,115830,0.0033552987
0,115840,0.0033535988
0,115850,0.0033518998
0,115860,0.0033502018
0,115870,0.0033485047
0,115880,0.0033468085
0,115890,0.0033451135
0,115900,0.0033434194
0,115910,0.0033417263
0,115920,0.0033400343
0,115930,0.0033383432
0,115940,0.003336653
0,115950,0.003334964
0,115960,0.003333276
0,115970,0.0033315888
0,115980,0.0033299027
0,115990,0.0033282174
0,116000,0.0033265334
0,116010,0.00332485
0,116020,0.0033231678
0,116030,0.0033214868
0,116040,0.0033198064
0,116050,0.0033181272
0,116060,0.003316449
0,116070,0.0033147717
0,116080,0.0033130953
0,116090,0.00331142
0,116100,0.0033097458
0,116110,0.0033080725
0,116120,0.0033064
0,116130,0.0033047285
0,116140,0.0033030582
0,116150,0.0033013888
0,116160,0.0032997204
0,116170,0.0032980528
0,116180,0.0032963862
0,116190,0.0032947208
0,116200,0.0032930563
0,116210,0.0032913927
0,116220,0.00328973
0,116230,0.0032880683
0,116240,0.0032864078
0,116250,0.003284748
0,116260,0.0032830893
0,116270,0.0032814315
0,116280,0.0032797747
0,116290,0.003278119
0,116300,0.003276464
0,116310,0.0032748103
0,116320,0.0032731574
0,116330,0.0032715055
0,116340,0.0032698545
0,116350,0.0032682044
0,116360,0.0032665555
0,116370,0.0032649073
0,116380,0.0032632602
0,116390,0.0032616141
0,116400,0.003259969
0,116410,0.0032583247
0,116420,0.0032566814
0,116430,0.0032550392
0,116440,0.0032533978
0,116450,0.0032517575
0,116460,0.003250118
0,116470,0.0032484797
0,116480,0.0032468422
0,116490,0.0032452056
0,116500,0.00324357
0,116510,0.0032419355
0,116520,0.0032403017
0,116530,0.0032386691
0,116540,0.0032370372
0,116550,0.0032354065
0,116560,0.0032337767
0,116570,0.0032321478
0,116580,0.0032305198
0,116590,0.0032288928
0,116600,0.003227267
0,116610,0.0032256418
0,116620,0.0032240176
0,116630,0.0032223945
0,116640,0.0032207721
0,116650,0.003219151
0,116660,0.0032175307
0,116670,0.0032159113
0,116680,0.003214293
0,116690,0.0032126755
0,116700,0.003211059
0,116710,0.0032094433
0,116720,0.0032078286
0,116730,0.0032062149
0,116740,0.003204602
0,116750,0.0032029904
0,116760,0.0032013794
0,116770,0.0031997694
0,116780,0.0031981606
0,116790,0.0031965524
0,116800,0.0031949454
0,116810,0.003193339
0,116820,0.003191734
0,116830,0.0031901298
0,116840,0.0031885263
0,116850,0.003186924
0,116860,0.0031853225
0,116870,0.0031837218
0,116880,0.0031821223
0,116890,0.0031805236
0,116900,0.003178926
0,116910,0.0031773292
0,116920,0.0031757331
0,116930,0.0031741383
0,116940,0.0031725443
0,116950,0.0031709513
0,116960,0.0031693592
0,116970,0.003167768
0,116980,0.0031661775
0,116990,0.0031645882
0,117000,0.0031629999
0,117010,0.0031614124
0,117020,0.003159826
0,117030,0.0031582403
0,117040,0.0031566555
0,117050,0.0031550718
0,117060,0.003153489
0,117070,0.0031519071
0,117080,0.003150326
0,117090,0.003148746
0,117100,0.0031471667
0,117110,0.0031455886
0,117120,0.0031440114
0,117130,0.0031424349
0,117140,0.0031408595
0,117150,0.003139285
0,117160,0.0031377112
0,117170,0.0031361387
0,117180,0.0031345668
0,117190,0.003132996
0,117200,0.003131426
0,117210,0.0031298571
0,117220,0.003128289
0,117230,0.0031267218
0,117240,0.0031251556
0,117250,0.00312359
0,117260,0.0031220256
0,117270,0.0031204622
0,117280,0.0031188997
0,117290,0.0031173378
0,117300,0.0031157772
0,117310,0.0031142172
0,117320,0.0031126582
0,117330,0.0031111003
0,117340,0.0031095431
0,117350,0.0031079869
0,117360,0.0031064316
0,117370,0.0031048772
0,117380,0.0031033235
0,117390,0.003101771
0,117400,0.0031002194
0,117410,0.0030986685
0,117420,0.0030971188
0,117430,0.0030955698
0,117440,0.0030940217
0,117450,0.0030924745
0,117460,0.0030909283
0,117470,0.003089383
0,117480,0.0030878384
0,117490,0.003086295
0,117500,0.0030847522
0,117510,0.0030832107
0,117520,0.0030816698
0,117530,0.0030801299
0,117540,0.0030785908
0,117550,0.0030770525
0,117560,0.0030755154
0,117570,0.0030739792
0,117580,0.0030724437
0,117590,0.003070909
0,117600,0.0030693754
0,117610,0.0030678427
0,117620,0.003066311
0,117630,0.0030647798
0,117640,0.0030632499
0,117650,0.0030617206
0,117660,0.0030601923
0,117670,0.003058665
0,117680,0.0030571385
0,117690,0.0030556128
0,117700,0.0030540882
0,117710,0.0030525643
0,117720,0.0030510414
0,117730,0.0030495194
0,117740,0.0030479983
0,117750,0.003046478
0,117760,0.0030449587
0,117770,0.0030434402
0,117780,0.0030419226
0,117790,0.003040406
0,117800,0.00303889
0,117810,0.0030373752
0,117820,0.003035861
0,117830,0.003034348
0,117840,0.0030328357
0,117850,0.0030313241
0,117860,0.0030298138
0,117870,0.003028304
0,117880,0.0030267953
0,117890,0.0030252873
0,117900,0.0030237804
0,117910,0.0030222742
0,117920,0.003020769
0,117930,0.0030192647
0,117940,0.0030177613
0,117950,0.0030162586
0,117960,0.0030147568
0,117970,0.003013256
0,117980,0.003011756
0,117990,0.003010257
0,118000,0.0030087589
0,118010,0.0030072615
0,118020,0.003005765
0,118030,0.0030042694
0,118040,0.0030027747
0,118050,0.0030012808
0,118060,0.002999788
0,118070,0.0029982957
0,118080,0.0029968047
0,118090,0.002995314
0,118100,0.0029938247
0,118110,0.0029923362
0,118120,0.0029908484
0,118130,0.0029893615
0,118140,0.0029878754
0,118150,0.0029863904
0,118160,0.002984906
0,118170,0.0029834227
0,118180,0.00298194
0,118190,0.0029804583
0,118200,0.0029789775
0,118210,0.0029774976
0,118220,0.0029760185
0,118230,0.0029745402
0,118240,0.002973063
0,118250,0.0029715865
0,118260,0.0029701109
0,118270,0.002968636
0,118280,0.002967162
0,118290,0.0029656892
0,118300,0.002964217
0,118310,0.0029627455
0,118320,0.0029612752
0,118330,0.0029598055
0,118340,0.0029583368
0,118350,0.0029568688
0,118360,0.0029554018
0,118370,0.0029539356
0,118380,0.0029524702
0,118390,0.0029510057
0,118400,0.0029495421
0,118410,0.0029480795
0,118420,0.0029466175
0,118430,0.0029451565
0,118440,0.0029436962
0,118450,0.0029422368
0,118460,0.0029407784
0,118470,0.0029393209
0,118480,0.002937864
0,118490,0.002936408
0,118500,0.002934953
0,118510,0.0029334987
0,118520,0.0029320454
0,118530,0.0029305927
0,118540,0.002929141
0,118550,0.00292769
0,118560,0.0029262402
0,118570,0.002924791
0,118580,0.0029233426
0,118590,0.0029218951
0,118600,0.0029204485
0,118610,0.0029190027
0,118620,0.0029175577
0,118630,0.0029161137
0,118640,0.0029146704
0,118650,0.002913228
0,118660,0.0029117865
0,118670,0.0029103458
0,118680,0.0029089057
0,118690,0.0029074668
0,118700,0.0029060286
0,118710,0.0029045912
0,118720,0.0029031546
0,118730,0.002901719
0,118740,0.002900284
0,118750,0.00289885
0,118760,0.002897417
0,118770,0.0028959846
0,118780,0.0028945531
0,118790,0.0028931224
0,118800,0.0028916926
0,118810,0.0028902635
0,118820,0.0028888353
0,118830,0.002887408
0,118840,0.0028859815
0,118850,0.0028845558
0,118860,0.002883131
0,118870,0.002881707
0,118880,0.0028802839
0,118890,0.0028788615
0,118900,0.0028774398
0,118910,0.002876019
0,118920,0.0028745993
0,118930,0.0028731802
0,118940,0.002871762
0,118950,0.0028703448
0,118960,0.0028689282
0,118970,0.0028675124
0,118980,0.0028660975
0,118990,0.0028646835
0,119000,0.0028632702
0,119010,0.0028618576
0,119020,0.0028604462
0,119030,0.0028590353
0,119040,0.0028576255
0,119050,0.0028562162
0,119060,0.002854808
0,119070,0.0028534005
0,119080,0.0028519938
0,119090,0.002850588
0,119100,0.0028491828
0,119110,0.0028477786
0,119120,0.0028463753
0,119130,0.0028449728
0,119140,0.002843571
0,119150,0.00284217
0,119160,0.00284077
0,119170,0.0028393706
0,119180,0.002837972
0,119190,0.0028365743
0,119200,0.0028351776
0,119210,0.0028337815
0,119220,0.0028323862
0,119230,0.0028309918
0,119240,0.0028295983
0,119250,0.0028282055
0,119260,0.0028268134
0,119270,0.0028254222
0,119280,0.0028240317
0,119290,0.0028226422
0,119300,0.0028212536
0,119310,0.0028198657
0,119320,0.0028184785
0,119330,0.0028170922
0,119340,0.0028157067
0,119350,0.002814322
0,119360,0.002812938
0,119370,0.002811555
0,119380,0.0028101727
0,119390,0.0028087911
0,119400,0.0028074104
0,119410,0.0028060307
0,119420,0.0028046516
0,119430,0.0028032733
0,119440,0.0028018958
0,119450,0.0028005193
0,119460,0.0027991433
0,119470,0.0027977685
0,119480,0.002796394
0,119490,0.0027950206
0,119500,0.002793648
0,119510,0.0027922762
0,119520,0.002790905
0,119530,0.0027895349
0,119540,0.0027881654
0,119550,0.0027867968
0,119560,0.002785429
0,119570,0.002784062
0,119580,0.0027826957
0,119590,0.0027813301
0,119600,0.0027799655
0,119610,0.0027786016
0,119620,0.0027772386
0,119630,0.0027758763
0,119640,0.0027745147
0,119650,0.002773154
0,119660,0.002771794
0,119670,0.002770435
0,119680,0.0027690767
0,119690,0.002767719
0,119700,0.0027663624
0,119710,0.0027650064
0,119720,0.0027636513
0,119730,0.002762297
0,119740,0.0027609435
0,119750,0.0027595905
0,119760,0.0027582387
0,119770,0.0027568873
0,119780,0.002755537
0,119790,0.0027541872
0,119800,0.0027528384
0,119810,0.0027514903
0,119820,0.0027501432
0,119830,0.0027487965
0,119840,0.002747451
0,119850,0.002746106
0,119860,0.0027447618
0,119870,0.0027434183
0,119880,0.0027420758
0,119890,0.002740734
0,119900,0.002739393
0,119910,0.0027380527
0,119920,0.0027367133
0,119930,0.0027353747
0,119940,0.0027340367
0,119950,0.0027326997
0,119960,0.0027313633
0,119970,0.0027300278
0,119980,0.002728693
0,119990,0.0027273588
0,120000,0.0027260256
0,120010,0.0027246932
0,120020,0.0027233616
0,120030,0.0027220307
0,120040,0.0027207006
0,120050,0.002719371
0,120060,0.0027180426
0,120070,0.0027167147
0,120080,0.0027153878
0,120090,0.0027140614
0,120100,0.002712736
0,120110,0.0027114113
0,120120,0.0027100872
0,120130,0.002708764
0,120140,0.0027074418
0,120150,0.00270612
0,120160,0.0027047992
0,120170,0.0027034793
0,120180,0.0027021598
0,120190,0.0027008413
0,120200,0.0026995235
0,120210,0.0026982063
0,120220,0.0026968902
0,120230,0.0026955747
0,120240,0.0026942599
0,120250,0.002692946
0,120260,0.0026916328
0,120270,0.0026903204
0,120280,0.0026890086
0,120290,0.0026876978
0,120300,0.0026863876
0,120310,0.0026850782
0,120320,0.0026837697
0,120330,0.0026824619
0,120340,0.0026811548
0,120350,0.0026798483
0,120360,0.0026785429
0,120370,0.002677238
0,120380,0.002675934
0,120390,0.0026746306
0,120400,0.0026733282
0,120410,0.0026720264
0,120420,0.0026707253
0,120430,0.002669425
0,120440,0.0026681256
0,120450,0.0026668268
0,120460,0.0026655288
0,120470,0.0026642315
0,120480,0.002662935
0,120490,0.0026616394
0,120500,0.0026603444
0,120510,0.00265905
0,120520,0.0026577567
0,120530,0.002656464
0,120540,0.002655172
0,120550,0.0026538807
0,120560,0.0026525902
0,120570,0.0026513005
0,120580,0.0026500116
0,120590,0.0026487233
0,120600,0.002647436
0,120610,0.0026461491
0,120620,0.0026448632
0,120630,0.002643578
0,120640,0.0026422935
0,120650,0.0026410099
0,120660,0.0026397267
0,120670,0.0026384445
0,120680,0.002637163
0,120690,0.0026358822
0,120700,0.0026346024
0,120710,0.0026333232
0,120720,0.0026320445
0,120730,0.0026307667
0,120740,0.0026294899
0,120750,0.0026282135
0,120760,0.002626938
0,120770,0.0026256633
0,120780,0.0026243892
0,120790,0.002623116
0,120800,0.0026218432
0,120810,0.0026205715
0,120820,0.0026193003
0,120830,0.00261803
0,120840,0.0026167603
0,120850,0.0026154914
0,120860,0.0026142234
0,120870,0.0026129559
0,120880,0.0026116893
0,120890,0.0026104234
0,120900,0.0026091582
0,120910,0.0026078937
0,120920,0.00260663
0,120930,0.002605367
0,120940,0.0026041048
0,120950,0.0026028433
0,120960,0.0026015826
0,120970,0.0026003225
0,120980,0.002599063
0,120990,0.0025978044
0,121000,0.0025965467
0,121010,0.0025952896
0,121020,0.0025940333
0,121030,0.0025927776
0,121040,0.0025915226
0,121050,0.0025902684
0,121060,0.0025890148
0,121070,0.0025877622
0,121080,0.00258651
0,121090,0.0025852588
0,121100,0.0025840083
0,121110,0.0025827584
0,121120,0.0025815093
0,121130,0.0025802609
0,121140,0.0025790134
0,121150,0.0025777663
0,121160,0.0025765202
0,121170,0.0025752746
0,121180,0.0025740298
0,121190,0.0025727858
0,121200,0.0025715425
0,121210,0.0025703
0,121220,0.0025690582
0,121230,0.002567817
0,121240,0.0025665765
0,121250,0.0025653369
0,121260,0.0025640978
0,121270,0.0025628596
0,121280,0.002561622
0,121290,0.0025603853
0,121300,0.0025591492
0,121310,0.0025579138
0,121320,0.002556679
0,121330,0.002555445
0,121340,0.0025542118
0,121350,0.0025529794
0,121360,0.0025517475
0,121370,0.0025505165
0,121380,0.002549286
0,121390,0.0025480564
0,121400,0.0025468275
0,121410,0.0025455994
0,121420,0.0025443716
0,121430,0.0025431449
0,121440,0.0025419188
0,121450,0.0025406934
0,121460,0.0025394687
0,121470,0.002538245
0,121480,0.0025370216
0,121490,0.002535799
0,121500,0.0025345772
0,121510,0.0025333562
0,121520,0.0025321357
0,121530,0.0025309161
0,121540,0.002529697
0,121550,0.0025284789
0,121560,0.0025272612
0,121570,0.0025260444
0,121580,0.0025248283
0,121590,0.0025236127
0,121600,0.002522398
0,121610,0.002521184
0,121620,0.0025199705
0,121630,0.002518758
0,121640,0.002517546
0,121650,0.0025163349
0,121660,0.0025151244
0,121670,0.0025139146
0,121680,0.0025127055
0,121690,0.002511497
0,121700,0.0025102892
0,121710,0.0025090822
0,121720,0.002507876
0,121730,0.0025066703
0,121740,0.0025054654
0,121750,0.0025042612
0,121760,0.0025030577
0,121770,0.002501855
0,121780,0.0025006528
0,121790,0.0024994514
0,121800,0.0024982507
0,121810,0.0024970507
0,121820,0.0024958514
0,121830,0.0024946528
0,121840,0.0024934548
0,121850,0.0024922576
0,121860,0.002491061
0,121870,0.0024898653
0,121880,0.00248867
0,121890,0.0024874755
0,121900,0.0024862818
0,121910,0.0024850888
0,121920,0.0024838964
0,121930,0.0024827046
0,121940,0.0024815137
0,121950,0.0024803234
0,121960,0.002479134
0,121970,0.0024779448
0,121980,0.0024767567
0,121990,0.002475569
0,122000,0.0024743823
0,122010,0.002473196
0,122020,0.0024720107
0,122030,0.0024708258
0,122040,0.0024696416
0,122050,0.0024684584
0,122060,0.0024672756
0,122070,0.0024660935
0,122080,0.0024649121
0,122090,0.0024637314
0,122100,0.0024625515
0,122110,0.0024613722
0,122120,0.0024601936
0,122130,0.0024590157
0,122140,0.0024578385
0,122150,0.0024566618
0,122160,0.002455486
0,122170,0.002454311
0,122180,0.0024531363
0,122190,0.0024519626
0,122200,0.0024507893
0,122210,0.0024496168
0,122220,0.002448445
0,122230,0.002447274
0,122240,0.0024461036
0,122250,0.0024449336
0,122260,0.0024437646
0,122270,0.0024425962
0,122280,0.0024414286
0,122290,0.0024402614
0,122300,0.0024390952
0,122310,0.0024379294
0,122320,0.0024367645
0,122330,0.0024356002
0,122340,0.0024344365
0,122350,0.0024332735
0,122360,0.0024321112
0,122370,0.0024309496
0,122380,0.0024297885
0,122390,0.0024286283
0,122400,0.0024274685
0,122410,0.0024263097
0,122420,0.0024251514
0,122430,0.0024239938
0,122440,0.0024228368
0,122450,0.0024216806
0,122460,0.002420525
0,122470,0.00241937
0,122480,0.0024182159
0,122490,0.0024170622
0,122500,0.0024159094
0,122510,0.0024147572
0,122520,0.0024136056
0,122530,0.0024124547
0,122540,0.0024113045
0,122550,0.0024101548
0,122560,0.002409006
0,122570,0.0024078577
0,122580,0.00240671
0,122590,0.0024055631
0,122600,0.002404417
0,122610,0.0024032714
0,122620,0.0024021266
0,122630,0.0024009822
0,122640,0.0023998385
0,122650,0.0023986958
0,122660,0.0023975535
0,122670,0.0023964117
0,122680,0.0023952709
0,122690,0.0023941307
0,122700,0.002392991
0,122710,0.002391852
0,122720,0.0023907137
0,122730,0.002389576
0,122740,0.0023884391
0,122750,0.002387303
0,122760,0.0023861672
0,122770,0.0023850321
0,122780,0.0023838978
0,122790,0.0023827641
0,122800,0.0023816312
0,122810,0.0023804987
0,122820,0.002379367
0,122830,0.002378236
0,122840,0.0023771056
0,122850,0.0023759757
0,122860,0.0023748467
0,122870,0.0023737182
0,122880,0.0023725904
0,122890,0.0023714632
0,122900,0.0023703368
0,122910,0.002369211
0,122920,0.0023680858
0,122930,0.0023669614
0,122940,0.0023658376
0,122950,0.0023647142
0,122960,0.0023635917
0,122970,0.0023624697
0,122980,0.0023613486
0,122990,0.002360228
0,123000,0.0023591078
0,123010,0.0023579886
0,123020,0.0023568699
0,123030,0.0023557518
0,123040,0.0023546345
0,123050,0.0023535178
0,123060,0.0023524016
0,123070,0.0023512864
0,123080,0.0023501716
0,123090,0.0023490572
0,123100,0.0023479438
0,123110,0.002346831
0,123120,0.0023457187
0,123130,0.0023446071
0,123140,0.0023434963
0,123150,0.002342386
0,123160,0.0023412763
0,123170,0.0023401673
0,123180,0.002339059
0,123190,0.0023379512
0,123200,0.0023368443
0,123210,0.002335738
0,123220,0.002334632
0,123230,0.002333527
0,123240,0.0023324224
0,123250,0.0023313186
0,123260,0.0023302152
0,123270,0.0023291127
0,123280,0.0023280107
0,123290,0.0023269095
0,123300,0.0023258089
0,123310,0.0023247087
0,123320,0.0023236093
0,123330,0.0023225106
0,123340,0.0023214126
0,123350,0.002320315
0,123360,0.0023192181
0,123370,0.002318122
0,123380,0.0023170263
0,123390,0.0023159313
0,123400,0.002314837
0,123410,0.0023137433
0,123420,0.0023126502
0,123430,0.0023115578
0,123440,0.002310466
0,123450,0.002309375
0,123460,0.0023082844
0,123470,0.0023071945
0,123480,0.0023061053
0,123490,0.0023050166
0,123500,0.0023039286
0,123510,0.0023028413
0,123520,0.0023017544
0,123530,0.0023006685
0,123540,0.0022995828
0,123550,0.002298498
0,123560,0.0022974138
0,123570,0.0022963302
0,123580,0.0022952473
0,123590,0.0022941648
0,123600,0.0022930831
0,123610,0.002292002
0,123620,0.0022909218
0,123630,0.0022898419
0,123640,0.0022887625
0,123650,0.002287684
0,123660,0.002286606
0,123670,0.0022855287
0,123680,0.0022844519
0,123690,0.002283376
0,123700,0.0022823005
0,123710,0.0022812255
0,123720,0.0022801512
0,123730,0.0022790777
0,123740,0.0022780048
0,123750,0.0022769324
0,123760,0.0022758606
0,123770,0.0022747894
0,123780,0.002273719
0,123790,0.002272649
0,123800,0.0022715798
0,123810,0.0022705111
0,123820,0.0022694431
0,123830,0.0022683756
0,123840,0.002267309
0,123850,0.0022662426
0,123860,0.0022651772
0,123870,0.0022641122
0,123880,0.002263048
0,123890,0.0022619842
0,123900,0.002260921
0,123910,0.0022598587
0,123920,0.0022587967
0,123930,0.0022577355
0,123940,0.0022566747
0,123950,0.0022556148
0,123960,0.0022545555
0,123970,0.0022534966
0,123980,0.0022524383
0,123990,0.0022513808
0,124000,0.0022503238
0,124010,0.0022492674
0,124020,0.0022482118
0,124030,0.0022471566
0,124040,0.002246102
0,124050,0.002245048
0,124060,0.0022439947
0,124070,0.002242942
0,124080,0.00224189
0,124090,0.0022408385
0,124100,0.0022397877
0,124110,0.0022387374
0,124120,0.0022376878
0,124130,0.0022366387
0,124140,0.0022355902
0,124150,0.0022345425
0,124160,0.0022334952
0,124170,0.0022324484
0,124180,0.0022314026
0,124190,0.0022303571
0,124200,0.0022293122
0,124210,0.0022282682
0,124220,0.0022272244
0,124230,0.0022261816
0,124240,0.0022251392
0,124250,0.0022240973
0,124260,0.002223056
0,124270,0.0022220155
0,124280,0.0022209755
0,124290,0.002219936
0,124300,0.0022188972
0,124310,0.002217859
0,124320,0.0022168215
0,124330,0.0022157845
0,124340,0.0022147482
0,124350,0.0022137123
0,124360,0.0022126772
0,124370,0.0022116425
0,124380,0.0022106085
0,124390,0.0022095751
0,124400,0.0022085423
0,124410,0.0022075102
0,124420,0.0022064785
0,124430,0.0022054475
0,124440,0.002204417
0,124450,0.0022033872
0,124460,0.002202358
0,124470,0.0022013295
0,124480,0.0022003013
0,124490,0.002199274
0,124500,0.002198247
0,124510,0.002197221
0,124520,0.002196195
0,124530,0.0021951701
0,124540,0.0021941457
0,124550,0.0021931217
0,124560,0.0021920984
0,124570,0.0021910756
0,124580,0.0021900535
0,124590,0.002189032
0,124600,0.002188011
0,124610,0.0021869908
0,124620,0.002185971
0,124630,0.002184952
0,124640,0.0021839333
0,124650,0.0021829153
0,124660,0.0021818979
0,124670,0.002180881
0,124680,0.0021798648
0,124690,0.0021788492
0,124700,0.002177834
0,124710,0.0021768196
0,124720,0.0021758059
0,124730,0.0021747926
0,124740,0.0021737798
0,124750,0.0021727677
0,124760,0.002171756
0,124770,0.002170745
0,124780,0.0021697348
0,124790,0.002168725
0,124800,0.0021677157
0,124810,0.002166707
0,124820,0.0021656991
0,124830,0.0021646917
0,124840,0.0021636847
0,124850,0.0021626784
0,124860,0.0021616728
0,124870,0.0021606677
0,124880,0.002159663
0,124890,0.002158659
0,124900,0.0021576555
0,124910,0.0021566527
0,124920,0.0021556506
0,124930,0.002154649
0,124940,0.0021536478
0,124950,0.0021526474
0,124960,0.0021516473
0,124970,0.002150648
0,124980,0.0021496492
0,124990,0.002148651
0,125000,0.0021476534
0,125010,0.0021466564
0,125020,0.0021456599
0,125030,0.002144664
0,125040,0.0021436687
0,125050,0.002142674
0,125060,0.0021416799
0,125070,0.0021406861
0,125080,0.0021396931
0,125090,0.0021387008
0,125100,0.0021377087
0,125110,0.0021367176
0,125120,0.0021357269
0,125130,0.0021347366
0,125140,0.002133747
0,125150,0.002132758
0,125160,0.0021317694
0,125170,0.0021307818
0,125180,0.0021297943
0,125190,0.0021288076
0,125200,0.0021278213
0,125210,0.0021268358
0,125220,0.0021258509
0,125230,0.0021248662
0,125240,0.0021238825
0,125250,0.002122899
0,125260,0.0021219163
0,125270,0.0021209342
0,125280,0.0021199526
0,125290,0.0021189714
0,125300,0.002117991
0,125310,0.002117011
0,125320,0.0021160317
0,125330,0.002115053
0,125340,0.0021140745
0,125350,0.0021130969
0,125360,0.00211212
0,125370,0.0021111432
0,125380,0.0021101672
0,125390,0.0021091918
0,125400,0.002108217
0,125410,0.0021072426
0,125420,0.002106269
0,125430,0.002105296
0,125440,0.0021043231
0,125450,0.002103351
0,125460,0.0021023797
0,125470,0.0021014088
0,125480,0.0021004383
0,125490,0.0020994686
0,125500,0.0020984993
0,125510,0.0020975305
0,125520,0.0020965624
0,125530,0.0020955948
0,125540,0.0020946278
0,125550,0.0020936613
0,125560,0.0020926956
0,125570,0.0020917302
0,125580,0.0020907654
0,125590,0.002089801
0,125600,0.0020888373
0,125610,0.0020878743
0,125620,0.0020869118
0,125630,0.0020859498
0,125640,0.0020849882
0,125650,0.0020840273
0,125660,0.002083067
0,125670,0.0020821071
0,125680,0.0020811479
0,125690,0.0020801893
0,125700,0.0020792312
0,125710,0.0020782736
0,125720,0.0020773164
0,125730,0.00207636
0,125740,0.0020754042
0,125750,0.0020744486
0,125760,0.0020734938
0,125770,0.0020725396
0,125780,0.002071586
0,125790,0.0020706328
0,125800,0.00206968
0,125810,0.002068728
0,125820,0.0020677764
0,125830,0.0020668255
0,125840,0.002065875
0,125850,0.0020649252
0,125860,0.0020639757
0,125870,0.002063027
0,125880,0.0020620788
0,125890,0.002061131
0,125900,0.0020601838
0,125910,0.0020592373
0,125920,0.002058291
0,125930,0.0020573456
0,125940,0.0020564008
0,125950,0.0020554562
0,125960,0.0020545123
0,125970,0.002053569
0,125980,0.002052626
0,125990,0.0020516838
0,126000,0.0020507423
0,126010,0.002049801
0,126020,0.0020488603
0,126030,0.0020479204
0,126040,0.0020469807
0,126050,0.0020460417
0,126060,0.0020451033
0,126070,0.0020441653
0,126080,0.002043228
0,126090,0.0020422912
0,126100,0.0020413548
0,126110,0.002040419
0,126120,0.0020394837
0,126130,0.0020385492
0,126140,0.002037615
0,126150,0.0020366814
0,126160,0.0020357482
0,126170,0.0020348157
0,126180,0.0020338837
0,126190,0.0020329522
0,126200,0.0020320213
0,126210,0.002031091
0,126220,0.002030161
0,126230,0.0020292317
0,126240,0.002028303
0,126250,0.0020273747
0,126260,0.0020264469
0,126270,0.0020255197
0,126280,0.002024593
0,126290,0.002023667
0,126300,0.0020227414
0,126310,0.0020218163
0,126320,0.0020208918
0,126330,0.002019968
0,126340,0.0020190445
0,126350,0.0020181215
0,126360,0.002017199
0,126370,0.0020162773
0,126380,0.002015356
0,126390,0.0020144351
0,126400,0.0020135147
0,126410,0.002012595
0,126420,0.0020116759
0,126430,0.002010757
0,126440,0.002009839
0,126450,0.0020089215
0,126460,0.0020080043
0,126470,0.0020070877
0,126480,0.0020061717
0,126490,0.0020052562
0,126500,0.0020043412
0,126510,0.0020034267
0,126520,0.0020025128
0,126530,0.0020015994
0,126540,0.0020006865
0,126550,0.001999774
0,126560,0.0019988623
0,126570,0.001997951
0,126580,0.0019970401
0,126590,0.0019961298
0,126600,0.00199522
0,126610,0.0019943109
0,126620,0.0019934021
0,126630,0.001992494
0,126640,0.0019915863
0,126650,0.0019906792
0,126660,0.0019897725
0,126670,0.0019888666
0,126680,0.001987961
0,126690,0.0019870559
0,126700,0.0019861513
0,126710,0.0019852475
0,126720,0.0019843439
0,126730,0.001983441
0,126740,0.0019825385
0,126750,0.0019816365
0,126760,0.0019807352
0,126770,0.0019798344
0,126780,0.001978934
0,126790,0.0019780342
0,126800,0.0019771347
0,126810,0.001976236
0,126820,0.0019753375
0,126830,0.00197444
0,126840,0.0019735426
0,126850,0.0019726458
0,126860,0.0019717496
0,126870,0.001970854
0,126880,0.0019699587
0,126890,0.001969064
0,126900,0.0019681698
0,126910,0.0019672762
0,126920,0.0019663828
0,126930,0.0019654904
0,126940,0.0019645982
0,126950,0.0019637067
0,126960,0.0019628154
0,126970,0.0019619248
0,126980,0.0019610347
0,126990,0.0019601453
0,127000,0.0019592561
0,127010,0.0019583676
0,127020,0.0019574796
0,127030,0.001956592
0,127040,0.001955705
0,127050,0.0019548186
0,127060,0.0019539327
0,127070,0.0019530471
0,127080,0.0019521621
0,127090,0.0019512776
0,127100,0.0019503937
0,127110,0.0019495103
0,127120,0.0019486273
0,127130,0.0019477449
0,127140,0.0019468629
0,127150,0.0019459815
0,127160,0.0019451006
0,127170,0.0019442202
0,127180,0.0019433403
0,127190,0.0019424609
0,127200,0.001941582
0,127210,0.0019407036
0,127220,0.0019398257
0,127230,0.0019389484
0,127240,0.0019380715
0,127250,0.0019371951
0,127260,0.0019363193
0,127270,0.0019354438
0,127280,0.001934569
0,127290,0.0019336947
0,127300,0.0019328208
0,127310,0.0019319474
0,127320,0.0019310745
0,127330,0.0019302022
0,127340,0.0019293304
0,127350,0.001928459
0,127360,0.0019275881
0,127370,0.0019267178
0,127380,0.001925848
0,127390,0.0019249786
0,127400,0.0019241098
0,127410,0.0019232414
0,127420,0.0019223735
0,127430,0.0019215062
0,127440,0.0019206393
0,127450,0.0019197729
0,127460,0.0019189072
0,127470,0.0019180417
0,127480,0.0019171769
0,127490,0.0019163125
0,127500,0.0019154486
0,127510,0.0019145852
0,127520,0.0019137224
0,127530,0.00191286
0,127540,0.001911998
0,127550,0.0019111367
0,127560,0.0019102758
0,127570,0.0019094154
0,127580,0.0019085554
0,127590,0.001907696
0,127600,0.0019068371
0,127610,0.0019059787
0,127620,0.0019051207
0,127630,0.0019042633
0,127640,0.0019034062
0,127650,0.0019025498
0,127660,0.0019016939
0,127670,0.0019008383
0,127680,0.0018999834
0,127690,0.0018991288
0,127700,0.0018982749
0,127710,0.0018974213
0,127720,0.0018965682
0,127730,0.0018957157
0,127740,0.0018948637
0,127750,0.0018940121
0,127760,0.001893161
0,127770,0.0018923105
0,127780,0.0018914603
0,127790,0.0018906107
0,127800,0.0018897615
0,127810,0.0018889129
0,127820,0.0018880648
0,127830,0.001887217
0,127840,0.0018863699
0,127850,0.0018855232
0,127860,0.001884677
0,127870,0.0018838313
0,127880,0.001882986
0,127890,0.0018821413
0,127900,0.001881297
0,127910,0.0018804532
0,127920,0.0018796099
0,127930,0.0018787672
0,127940,0.0018779248
0,127950,0.001877083
0,127960,0.0018762415
0,127970,0.0018754007
0,127980,0.0018745603
0,127990,0.0018737203
0,128000,0.0018728808
0,128010,0.001872042
0,128020,0.0018712034
0,128030,0.0018703655
0,128040,0.001869528
0,128050,0.001868691
0,128060,0.0018678544
0,128070,0.0018670183
0,128080,0.0018661827
0,128090,0.0018653475
0,128100,0.0018645129
0,128110,0.0018636787
0,128120,0.001862845
0,128130,0.0018620118
0,128140,0.0018611791
0,128150,0.0018603469
0,128160,0.0018595151
0,128170,0.0018586838
0,128180,0.0018578529
0,128190,0.0018570226
0,128200,0.0018561927
0,128210,0.0018553634
0,128220,0.0018545344
0,128230,0.001853706
0,128240,0.001852878
0,128250,0.0018520505
0,128260,0.0018512235
0,128270,0.001850397
0,128280,0.0018495709
0,128290,0.0018487453
0,128300,0.0018479201
0,128310,0.0018470956
0,128320,0.0018462713
0,128330,0.0018454476
0,128340,0.0018446244
0,128350,0.0018438016
0,128360,0.0018429793
0,128370,0.0018421574
0,128380,0.0018413361
0,128390,0.0018405153
0,128400,0.0018396948
0,128410,0.0018388749
0,128420,0.0018380554
0,128430,0.0018372365
0,128440,0.0018364179
0,128450,0.0018355998
0,128460,0.0018347822
0,128470,0.0018339651
0,128480,0.0018331484
0,128490,0.0018323322
0,128500,0.0018315165
0,128510,0.0018307013
0,128520,0.0018298865
0,128530,0.0018290721
0,128540,0.0018282583
0,128550,0.0018274449
0,128560,0.001826632
0,128570,0.0018258195
0,128580,0.0018250075
0,128590,0.001824196
0,128600,0.0018233849
0,128610,0.0018225743
0,128620,0.0018217642
0,128630,0.0018209545
0,128640,0.0018201453
0,128650,0.0018193366
0,128660,0.0018185283
0,128670,0.0018177205
0,128680,0.0018169131
0,128690,0.0018161061
0,128700,0.0018152997
0,128710,0.0018144938
0,128720,0.0018136883
0,128730,0.0018128832
0,128740,0.0018120786
0,128750,0.0018112746
0,128760,0.0018104708
0,128770,0.0018096677
0,128780,0.0018088649
0,128790,0.0018080625
0,128800,0.0018072608
0,128810,0.0018064594
0,128820,0.0018056585
0,128830,0.001804858
0,128840,0.0018040581
0,128850,0.0018032586
0,128860,0.0018024594
0,128870,0.0018016608
0,128880,0.0018008626
0,128890,0.0018000649
0,128900,0.0017992676
0,128910,0.0017984709
0,128920,0.0017976746
0,128930,0.0017968786
0,128940,0.0017960832
0,128950,0.0017952882
0,128960,0.0017944938
0,128970,0.0017936997
0,128980,0.001792906
0,128990,0.0017921128
0,129000,0.0017913202
0,129010,0.001790528
0,129020,0.0017897361
0,129030,0.0017889448
0,129040,0.0017881539
0,129050,0.0017873634
0,129060,0.0017865734
0,129070,0.0017857839
0,129080,0.0017849948
0,129090,0.0017842061
0,129100,0.001783418
0,129110,0.0017826302
0,129120,0.001781843
0,129130,0.0017810562
0,129140,0.0017802698
0,129150,0.0017794839
0,129160,0.0017786984
0,129170,0.0017779133
0,129180,0.0017771288
0,129190,0.0017763446
0,129200,0.0017755609
0,129210,0.0017747777
0,129220,0.0017739949
0,129230,0.0017732126
0,129240,0.0017724306
0,129250,0.0017716492
0,129260,0.0017708682
0,129270,0.0017700876
0,129280,0.0017693075
0,129290,0.0017685279
0,129300,0.0017677486
0,129310,0.0017669699
0,129320,0.0017661916
0,129330,0.0017654137
0,129340,0.0017646363
0,129350,0.0017638592
0,129360,0.0017630827
0,129370,0.0017623066
0,129380,0.0017615309
0,129390,0.0017607557
0,129400,0.0017599809
0,129410,0.0017592065
0,129420,0.0017584327
0,129430,0.0017576593
0,129440,0.0017568863
0,129450,0.0017561137
0,129460,0.0017553415
0,129470,0.0017545698
0,129480,0.0017537986
0,129490,0.0017530278
0,129500,0.0017522575
0,129510,0.0017514875
0,129520,0.0017507181
0,129530,0.001749949
0,129540,0.0017491804
0,129550,0.0017484123
0,129560,0.0017476445
0,129570,0.0017468772
0,129580,0.0017461104
0,129590,0.001745344
0,129600,0.001744578
0,129610,0.0017438125
0,129620,0.0017430474
0,129630,0.0017422826
0,129640,0.0017415185
0,129650,0.0017407547
0,129660,0.0017399914
0,129670,0.0017392284
0,129680,0.001738466
0,129690,0.0017377039
0,129700,0.0017369423
0,129710,0.0017361811
0,129720,0.0017354204
0,129730,0.0017346601
0,129740,0.0017339002
0,129750,0.0017331408
0,129760,0.0017323818
0,129770,0.0017316232
0,129780,0.0017308651
0,129790,0.0017301074
0,129800,0.0017293501
0,129810,0.0017285933
0,129820,0.0017278368
0,129830,0.0017270809
0,129840,0.0017263254
0,129850,0.0017255702
0,129860,0.0017248155
0,129870,0.0017240613
0,129880,0.0017233074
0,129890,0.0017225541
0,129900,0.0017218011
0,129910,0.0017210486
0,129920,0.0017202965
0,129930,0.0017195448
0,129940,0.0017187935
0,129950,0.0017180428
0,129960,0.0017172924
0,129970,0.0017165424
0,129980,0.0017157928
0,129990,0.0017150438
0,130000,0.0017142951
0,130010,0.0017135468
0,130020,0.001712799
0,130030,0.0017120516
0,130040,0.0017113046
0,130050,0.0017105581
0,130060,0.001709812
0,130070,0.0017090663
0,130080,0.001708321
0,130090,0.0017075762
0,130100,0.0017068317
0,130110,0.0017060878
0,130120,0.0017053442
0,130130,0.0017046011
0,130140,0.0017038584
0,130150,0.0017031161
0,130160,0.0017023742
0,130170,0.0017016327
0,130180,0.0017008918
0,130190,0.0017001511
0,130200,0.001699411
0,130210,0.0016986711
0,130220,0.0016979319
0,130230,0.0016971929
0,130240,0.0016964545
0,130250,0.0016957164
0,130260,0.0016949787
0,130270,0.0016942415
0,130280,0.0016935047
0,130290,0.0016927683
0,130300,0.0016920323
0,130310,0.0016912968
0,130320,0.0016905617
0,130330,0.001689827
0,130340,0.0016890926
0,130350,0.0016883587
0,130360,0.0016876253
0,130370,0.0016868922
0,130380,0.0016861596
0,130390,0.0016854275
0,130400,0.0016846957
0,130410,0.0016839643
0,130420,0.0016832333
0,130430,0.0016825028
0,130440,0.0016817726
0,130450,0.001681043
0,130460,0.0016803137
0,130470,0.0016795848
0,130480,0.0016788564
0,130490,0.0016781284
0,130500,0.0016774007
0,130510,0.0016766735
0,130520,0.0016759468
0,130530,0.0016752203
0,130540,0.0016744944
0,130550,0.0016737689
0,130560,0.0016730437
0,130570,0.0016723189
0,130580,0.0016715946
0,130590,0.0016708707
0,130600,0.0016701472
0,130610,0.0016694241
0,130620,0.0016687015
0,130630,0.0016679793
0,130640,0.0016672574
0,130650,0.001666536
0,130660,0.0016658149
0,130670,0.0016650943
0,130680,0.0016643741
0,130690,0.0016636543
0,130700,0.001662935
0,130710,0.001662216
0,130720,0.0016614974
0,130730,0.0016607792
0,130740,0.0016600615
0,130750,0.0016593442
0,130760,0.0016586273
0,130770,0.0016579108
0,130780,0.0016571947
0,130790,0.001656479
0,130800,0.0016557637
0,130810,0.0016550488
0,130820,0.0016543342
0,130830,0.0016536203
0,130840,0.0016529065
0,130850,0.0016521933
0,130860,0.0016514804
0,130870,0.001650768
0,130880,0.001650056
0,130890,0.0016493443
0,130900,0.001648633
0,130910,0.0016479222
0,130920,0.0016472118
0,130930,0.0016465018
0,130940,0.0016457922
0,130950,0.001645083
0,130960,0.0016443742
0,130970,0.0016436658
0,130980,0.0016429578
0,130990,0.0016422502
0,131000,0.001641543
0,131010,0.0016408362
0,131020,0.0016401298
0,131030,0.0016394238
0,131040,0.0016387182
0,131050,0.001638013
0,131060,0.0016373083
0,131070,0.0016366038
0,131080,0.0016358999
0,131090,0.0016351963
0,131100,0.0016344931
0,131110,0.0016337903
0,131120,0.001633088
0,131130,0.001632386
0,131140,0.0016316844
0,131150,0.0016309832
0,131160,0.0016302825
0,131170,0.001629582
0,131180,0.0016288821
0,131190,0.0016281825
0,131200,0.0016274833
0,131210,0.0016267846
0,131220,0.0016260861
0,131230,0.0016253882
0,131240,0.0016246905
0,131250,0.0016239933
0,131260,0.0016232965
0,131270,0.0016226001
0,131280,0.0016219041
0,131290,0.0016212085
0,131300,0.0016205133
0,131310,0.0016198184
0,131320,0.001619124
0,131330,0.0016184299
0,131340,0.0016177363
0,131350,0.001617043
0,131360,0.0016163501
0,131370,0.0016156577
0,131380,0.0016149656
0,131390,0.001614274
0,131400,0.0016135827
0,131410,0.0016128918
0,131420,0.0016122013
0,131430,0.0016115112
0,131440,0.0016108215
0,131450,0.0016101322
0,131460,0.0016094432
0,131470,0.0016087547
0,131480,0.0016080666
0,131490,0.0016073788
0,131500,0.0016066914
0,131510,0.0016060044
0,131520,0.0016053179
0,131530,0.0016046317
0,131540,0.0016039459
0,131550,0.0016032605
0,131560,0.0016025754
0,131570,0.0016018908
0,131580,0.0016012066
0,131590,0.0016005228
0,131600,0.0015998393
0,131610,0.0015991562
0,131620,0.0015984735
0,131630,0.0015977912
0,131640,0.0015971093
0,131650,0.0015964278
0,131660,0.0015957466
0,131670,0.0015950658
0,131680,0.0015943855
0,131690,0.0015937055
0,131700,0.0015930259
0,131710,0.0015923467
0,131720,0.0015916679
0,131730,0.0015909894
0,131740,0.0015903114
0,131750,0.0015896338
0,131760,0.0015889565
0,131770,0.0015882795
0,131780,0.001587603
0,131790,0.0015869269
0,131800,0.0015862512
0,131810,0.0015855758
0,131820,0.0015849008
0,131830,0.0015842263
0,131840,0.001583552
0,131850,0.0015828782
0,131860,0.0015822047
0,131870,0.0015815317
0,131880,0.001580859
0,131890,0.0015801867
0,131900,0.0015795147
0,131910,0.0015788432
0,131920,0.0015781721
0,131930,0.0015775013
0,131940,0.0015768309
0,131950,0.0015761609
0,131960,0.0015754913
0,131970,0.001574822
0,131980,0.0015741531
0,131990,0.0015734846
0,132000,0.0015728165
0,132010,0.0015721488
0,132020,0.0015714815
0,132030,0.0015708144
0,132040,0.0015701478
0,132050,0.0015694817
0,132060,0.0015688158
0,132070,0.0015681504
0,132080,0.0015674853
0,132090,0.0015668205
0,132100,0.0015661562
0,132110,0.0015654922
0,132120,0.0015648287
0,132130,0.0015641655
0,132140,0.0015635026
0,132150,0.0015628402
0,132160,0.0015621781
0,132170,0.0015615164
0,132180,0.0015608551
0,132190,0.0015601942
0,132200,0.0015595335
0,132210,0.0015588733
0,132220,0.0015582135
0,132230,0.0015575541
0,132240,0.001556895
0,132250,0.0015562363
0,132260,0.001555578
0,132270,0.00155492
0,132280,0.0015542625
0,132290,0.0015536052
0,132300,0.0015529484
0,132310,0.0015522919
0,132320,0.0015516358
0,132330,0.0015509801
0,132340,0.0015503247
0,132350,0.0015496698
0,132360,0.0015490152
0,132370,0.0015483609
0,132380,0.0015477071
0,132390,0.0015470536
0,132400,0.0015464005
0,132410,0.0015457477
0,132420,0.0015450954
0,132430,0.0015444433
0,132440,0.0015437916
0,132450,0.0015431404
0,132460,0.0015424895
0,132470,0.001541839
0,132480,0.0015411888
0,132490,0.001540539
0,132500,0.0015398896
0,132510,0.0015392405
0,132520,0.0015385918
0,132530,0.0015379435
0,132540,0.0015372955
0,132550,0.0015366479
0,132560,0.0015360006
0,132570,0.0015353538
0,132580,0.0015347074
0,132590,0.0015340612
0,132600,0.0015334154
0,132610,0.0015327701
0,132620,0.001532125
0,132630,0.0015314803
0,132640,0.0015308361
0,132650,0.0015301921
0,132660,0.0015295486
0,132670,0.0015289054
0,132680,0.0015282625
0,132690,0.00152762
0,132700,0.001526978
0,132710,0.0015263362
0,132720,0.0015256949
0,132730,0.0015250538
0,132740,0.0015244131
0,132750,0.0015237728
0,132760,0.0015231329
0,132770,0.0015224933
0,132780,0.0015218541
0,132790,0.0015212153
0,132800,0.0015205768
0,132810,0.0015199387
0,132820,0.0015193009
0,132830,0.0015186635
0,132840,0.0015180265
0,132850,0.0015173898
0,132860,0.0015167535
0,132870,0.0015161175
0,132880,0.0015154819
0,132890,0.0015148467
0,132900,0.0015142118
0,132910,0.0015135773
0,132920,0.0015129431
0,132930,0.0015123093
0,132940,0.0015116759
0,132950,0.0015110427
0,132960,0.00151041
0,132970,0.0015097776
0,132980,0.0015091456
0,132990,0.001508514
0,133000,0.0015078827
0,133010,0.0015072518
0,133020,0.0015066211
0,133030,0.001505991
0,133040,0.001505361
0,133050,0.0015047316
0,133060,0.0015041024
0,133070,0.0015034736
0,133080,0.0015028452
0,133090,0.0015022171
0,133100,0.0015015893
0,133110,0.001500962
0,133120,0.0015003349
0,133130,0.0014997083
0,133140,0.001499082
0,133150,0.001498456
0,133160,0.0014978304
0,133170,0.0014972051
0,133180,0.0014965803
0,133190,0.0014959557
0,133200,0.0014953315
0,133210,0.0014947077
0,133220,0.0014940843
0,133230,0.0014934611
0,133240,0.0014928383
0,133250,0.0014922159
0,133260,0.0014915938
0,133270,0.001490972
0,133280,0.0014903507
0,133290,0.0014897296
0,133300,0.001489109
0,133310,0.0014884886
0,133320,0.0014878687
0,133330,0.001487249
0,133340,0.0014866298
0,133350,0.0014860108
0,133360,0.0014853923
0,133370,0.001484774
0,133380,0.0014841562
0,133390,0.0014835388
0,133400,0.0014829215
0,133410,0.0014823048
0,133420,0.0014816882
0,133430,0.0014810722
0,133440,0.0014804563
0,133450,0.001479841
0,133460,0.0014792258
0,133470,0.0014786111
0,133480,0.0014779967
0,133490,0.0014773827
0,133500,0.001476769
0,133510,0.0014761556
0,133520,0.0014755427
0,133530,0.00147493
0,133540,0.0014743176
0,133550,0.0014737057
0,133560,0.0014730941
0,133570,0.0014724828
0,133580,0.0014718719
0,133590,0.0014712614
0,133600,0.0014706511
0,133610,0.0014700412
0,133620,0.0014694317
0,133630,0.0014688225
0,133640,0.0014682136
0,133650,0.0014676051
0,133660,0.001466997
0,133670,0.001466389
0,133680,0.0014657816
0,133690,0.0014651745
0,133700,0.0014645676
0,133710,0.0014639612
0,133720,0.0014633551
0,133730,0.0014627493
0,133740,0.0014621438
0,133750,0.0014615388
0,133760,0.001460934
0,133770,0.0014603296
0,133780,0.0014597256
0,133790,0.0014591219
0,133800,0.0014585186
0,133810,0.0014579154
0,133820,0.0014573127
0,133830,0.0014567104
0,133840,0.0014561084
0,133850,0.0014555067
0,133860,0.0014549054
0,133870,0.0014543043
0,133880,0.0014537037
0,133890,0.0014531034
0,133900,0.0014525034
0,133910,0.0014519037
0,133920,0.0014513044
0,133930,0.0014507055
0,133940,0.0014501069
0,133950,0.0014495086
0,133960,0.0014489106
0,133970,0.001448313
0,133980,0.0014477157
0,133990,0.0014471188
0,134000,0.0014465222
0,134010,0.0014459259
0,134020,0.00144533
0,134030,0.0014447344
0,134040,0.001444139
0,134050,0.0014435442
0,134060,0.0014429496
0,134070,0.0014423553
0,134080,0.0014417614
0,134090,0.0014411678
0,134100,0.0014405745
0,134110,0.0014399816
0,134120,0.0014393891
0,134130,0.0014387969
0,134140,0.0014382049
0,134150,0.0014376134
0,134160,0.0014370221
0,134170,0.0014364312
0,134180,0.0014358406
0,134190,0.0014352504
0,134200,0.0014346604
0,134210,0.0014340709
0,134220,0.0014334816
0,134230,0.0014328928
0,134240,0.0014323042
0,134250,0.0014317159
0,134260,0.0014311279
0,134270,0.0014305403
0,134280,0.0014299531
0,134290,0.0014293662
0,134300,0.0014287796
0,134310,0.0014281933
0,134320,0.0014276074
0,134330,0.0014270218
0,134340,0.0014264365
0,134350,0.0014258516
0,134360,0.001425267
0,134370,0.0014246827
0,134380,0.0014240987
0,134390,0.001423515
0,134400,0.0014229318
0,134410,0.0014223488
0,134420,0.0014217661
0,134430,0.0014211838
0,134440,0.0014206019
0,134450,0.0014200202
0,134460,0.0014194389
0,134470,0.0014188578
0,134480,0.0014182772
0,134490,0.0014176968
0,134500,0.0014171168
0,134510,0.0014165371
0,134520,0.0014159577
0,134530,0.0014153788
0,134540,0.0014148
0,134550,0.0014142216
0,134560,0.0014136436
0,134570,0.0014130658
0,134580,0.0014124884
0,134590,0.0014119113
0,134600,0.0014113345
0,134610,0.0014107581
0,134620,0.001410182
0,134630,0.0014096062
0,134640,0.0014090308
0,134650,0.0014084555
0,134660,0.0014078808
0,134670,0.0014073063
0,134680,0.0014067321
0,134690,0.0014061582
0,134700,0.0014055847
0,134710,0.0014050115
0,134720,0.0014044386
0,134730,0.0014038661
0,134740,0.0014032939
0,134750,0.001402722
0,134760,0.0014021504
0,134770,0.0014015791
0,134780,0.0014010081
0,134790,0.0014004376
0,134800,0.0013998672
0,134810,0.0013992973
0,134820,0.0013987275
0,134830,0.0013981583
0,134840,0.0013975892
0,134850,0.0013970205
0,134860,0.0013964521
0,134870,0.0013958841
0,134880,0.0013953163
0,134890,0.0013947489
0,134900,0.0013941817
0,134910,0.001393615
0,134920,0.0013930486
0,134930,0.0013924824
0,134940,0.0013919165
0,134950,0.0013913511
0,134960,0.0013907859
0,134970,0.001390221
0,134980,0.0013896564
0,134990,0.0013890922
0,135000,0.0013885283
0,135010,0.0013879647
0,135020,0.0013874014
0,135030,0.0013868384
0,135040,0.0013862757
0,135050,0.0013857133
0,135060,0.0013851514
0,135070,0.0013845897
0,135080,0.0013840282
0,135090,0.0013834672
0,135100,0.0013829065
0,135110,0.001382346
0,135120,0.0013817858
0,135130,0.001381226
0,135140,0.0013806665
0,135150,0.0013801074
0,135160,0.0013795485
0,135170,0.0013789899
0,135180,0.0013784317
0,135190,0.0013778738
0,135200,0.0013773162
0,135210,0.0013767588
0,135220,0.0013762019
0,135230,0.0013756452
0,135240,0.0013750888
0,135250,0.0013745328
0,135260,0.001373977
0,135270,0.0013734216
0,135280,0.0013728664
0,135290,0.0013723117
0,135300,0.0013717572
0,135310,0.001371203
0,135320,0.0013706492
0,135330,0.0013700956
0,135340,0.0013695423
0,135350,0.0013689894
0,135360,0.0013684367
0,135370,0.0013678845
0,135380,0.0013673324
0,135390,0.0013667807
0,135400,0.0013662294
0,135410,0.0013656783
0,135420,0.0013651275
0,135430,0.0013645771
0,135440,0.0013640269
0,135450,0.0013634771
0,135460,0.0013629276
0,135470,0.0013623784
0,135480,0.0013618295
0,135490,0.0013612808
0,135500,0.0013607326
0,135510,0.0013601845
0,135520,0.0013596369
0,135530,0.0013590895
0,135540,0.0013585425
0,135550,0.0013579957
0,135560,0.0013574492
0,135570,0.0013569031
0,135580,0.0013563572
0,135590,0.0013558117
0,135600,0.0013552664
0,135610,0.0013547216
0,135620,0.0013541769
0,135630,0.0013536327
0,135640,0.0013530886
0,135650,0.001352545
0,135660,0.0013520016
0,135670,0.0013514585
0,135680,0.0013509156
0,135690,0.0013503731
0,135700,0.001349831
0,135710,0.0013492892
0,135720,0.0013487476
0,135730,0.0013482063
0,135740,0.0013476653
0,135750,0.0013471247
0,135760,0.0013465844
0,135770,0.0013460444
0,135780,0.0013455045
0,135790,0.0013449651
0,135800,0.001344426
0,135810,0.0013438872
0,135820,0.0013433486
0,135830,0.0013428103
0,135840,0.0013422724
0,135850,0.0013417348
0,135860,0.0013411975
0,135870,0.0013406605
0,135880,0.0013401237
0,135890,0.0013395873
0,135900,0.0013390512
0,135910,0.0013385153
0,135920,0.0013379798
0,135930,0.0013374446
0,135940,0.0013369097
0,135950,0.001336375
0,135960,0.0013358407
0,135970,0.0013353067
0,135980,0.001334773
0,135990,0.0013342395
0,136000,0.0013337064
0,136010,0.0013331736
0,136020,0.0013326411
0,136030,0.0013321089
0,136040,0.0013315768
0,136050,0.0013310453
0,136060,0.001330514
0,136070,0.0013299829
0,136080,0.0013294521
0,136090,0.0013289218
0,136100,0.0013283916
0,136110,0.0013278617
0,136120,0.0013273321
0,136130,0.0013268029
0,136140,0.0013262739
0,136150,0.0013257453
0,136160,0.001325217
0,136170,0.0013246888
0,136180,0.0013241611
0,136190,0.0013236336
0,136200,0.0013231063
0,136210,0.0013225795
0,136220,0.0013220529
0,136230,0.0013215266
0,136240,0.0013210006
0,136250,0.0013204749
0,136260,0.0013199495
0,136270,0.0013194244
0,136280,0.0013188996
0,136290,0.001318375
0,136300,0.0013178508
0,136310,0.0013173268
0,136320,0.0013168032
0,136330,0.0013162798
0,136340,0.0013157567
0,136350,0.001315234
0,136360,0.0013147114
0,136370,0.0013141893
0,136380,0.0013136674
0,136390,0.0013131457
0,136400,0.0013126244
0,136410,0.0013121035
0,136420,0.0013115827
0,136430,0.0013110623
0,136440,0.0013105421
0,136450,0.0013100223
0,136460,0.0013095026
0,136470,0.0013089834
0,136480,0.0013084644
0,136490,0.0013079457
0,136500,0.0013074273
0,136510,0.0013069093
0,136520,0.0013063914
0,136530,0.0013058739
0,136540,0.0013053566
0,136550,0.0013048396
0,136560,0.001304323
0,136570,0.0013038067
0,136580,0.0013032905
0,136590,0.0013027748
0,136600,0.0013022593
0,136610,0.001301744
0,136620,0.0013012291
0,136630,0.0013007144
0,136640,0.0013002001
0,136650,0.001299686
0,136660,0.0012991722
0,136670,0.0012986587
0,136680,0.0012981455
0,136690,0.0012976326
0,136700,0.00129712
0,136710,0.0012966075
0,136720,0.0012960956
0,136730,0.0012955838
0,136740,0.0012950723
0,136750,0.0012945611
0,136760,0.0012940501
0,136770,0.0012935395
0,136780,0.0012930292
0,136790,0.0012925192
0,136800,0.0012920094
0,136810,0.0012914998
0,136820,0.0012909906
0,136830,0.0012904817
0,136840,0.001289973
0,136850,0.0012894648
0,136860,0.0012889566
0,136870,0.0012884488
0,136880,0.0012879414
0,136890,0.0012874341
0,136900,0.0012869271
0,136910,0.0012864205
0,136920,0.0012859142
0,136930,0.001285408
0,136940,0.0012849023
0,136950,0.0012843967
0,136960,0.0012838915
0,136970,0.0012833866
0,136980,0.001282882
0,136990,0.0012823775
0,137000,0.0012818734
0,137010,0.0012813696
0,137020,0.001280866
0,137030,0.0012803627
0,137040,0.0012798598
0,137050,0.001279357
0,137060,0.0012788547
0,137070,0.0012783525
0,137080,0.0012778506
0,137090,0.0012773491
0,137100,0.0012768478
0,137110,0.0012763467
0,137120,0.0012758459
0,137130,0.0012753456
0,137140,0.0012748453
0,137150,0.0012743454
0,137160,0.0012738458
0,137170,0.0012733465
0,137180,0.0012728474
0,137190,0.0012723486
0,137200,0.0012718501
0,137210,0.0012713518
0,137220,0.0012708539
0,137230,0.0012703562
0,137240,0.0012698588
0,137250,0.0012693617
0,137260,0.0012688648
0,137270,0.0012683683
0,137280,0.0012678719
0,137290,0.001267376
0,137300,0.0012668802
0,137310,0.0012663847
0,137320,0.0012658896
0,137330,0.0012653947
0,137340,0.0012649001
0,137350,0.0012644057
0,137360,0.0012639116
0,137370,0.0012634178
0,137380,0.0012629243
0,137390,0.001262431
0,137400,0.001261938
0,137410,0.0012614453
0,137420,0.0012609529
0,137430,0.0012604607
0,137440,0.0012599688
0,137450,0.0012594772
0,137460,0.001258986
0,137470,0.0012584949
0,137480,0.0012580041
0,137490,0.0012575135
0,137500,0.0012570233
0,137510,0.0012565334
0,137520,0.0012560437
0,137530,0.0012555543
0,137540,0.0012550651
0,137550,0.0012545763
0,137560,0.0012540877
0,137570,0.0012535993
0,137580,0.0012531113
0,137590,0.0012526235
0,137600,0.001252136
0,137610,0.0012516488
0,137620,0.0012511618
0,137630,0.0012506751
0,137640,0.0012501887
0,137650,0.0012497025
0,137660,0.0012492166
0,137670,0.001248731
0,137680,0.0012482457
0,137690,0.0012477606
0,137700,0.0012472757
0,137710,0.0012467912
0,137720,0.001246307
0,137730,0.001245823
0,137740,0.0012453393
0,137750,0.0012448558
0,137760,0.0012443727
0,137770,0.0012438897
0,137780,0.001243407
0,137790,0.0012429247
0,137800,0.0012424426
0,137810,0.0012419608
0,137820,0.0012414792
0,137830,0.0012409979
0,137840,0.0012405168
0,137850,0.0012400361
0,137860,0.0012395555
0,137870,0.0012390753
0,137880,0.0012385953
0,137890,0.0012381157
0,137900,0.0012376362
0,137910,0.001237157
0,137920,0.0012366782
0,137930,0.0012361995
0,137940,0.0012357212
0,137950,0.001235243
0,137960,0.0012347653
0,137970,0.0012342877
0,137980,0.0012338104
0,137990,0.0012333334
0,138000,0.0012328565
0,138010,0.00123238
0,138020,0.0012319038
0,138030,0.0012314279
0,138040,0.0012309521
0,138050,0.0012304767
0,138060,0.0012300016
0,138070,0.0012295266
0,138080,0.001229052
0,138090,0.0012285776
0,138100,0.0012281034
0,138110,0.0012276296
0,138120,0.001227156
0,138130,0.0012266827
0,138140,0.0012262096
0,138150,0.0012257368
0,138160,0.0012252643
0,138170,0.001224792
0,138180,0.0012243199
0,138190,0.0012238482
0,138200,0.0012233767
0,138210,0.0012229055
0,138220,0.0012224345
0,138230,0.0012219638
0,138240,0.0012214934
0,138250,0.0012210232
0,138260,0.0012205532
0,138270,0.0012200836
0,138280,0.0012196142
0,138290,0.001219145
0,138300,0.0012186761
0,138310,0.0012182075
0,138320,0.0012177392
0,138330,0.0012172711
0,138340,0.0012168032
0,138350,0.0012163357
0,138360,0.0012158684
0,138370,0.0012154013
0,138380,0.0012149345
0,138390,0.0012144679
0,138400,0.0012140017
0,138410,0.0012135357
0,138420,0.0012130699
0,138430,0.0012126043
0,138440,0.0012121391
0,138450,0.0012116742
0,138460,0.0012112095
0,138470,0.001210745
0,138480,0.0012102807
0,138490,0.0012098168
0,138500,0.0012093531
0,138510,0.0012088896
0,138520,0.0012084264
0,138530,0.0012079636
0,138540,0.0012075009
0,138550,0.0012070384
0,138560,0.0012065764
0,138570,0.0012061144
0,138580,0.0012056527
0,138590,0.0012051914
0,138600,0.0012047302
0,138610,0.0012042694
0,138620,0.0012038088
0,138630,0.0012033484
0,138640,0.0012028883
0,138650,0.0012024285
0,138660,0.0012019689
0,138670,0.0012015095
0,138680,0.0012010505
0,138690,0.0012005916
0,138700,0.001200133
0,138710,0.0011996747
0,138720,0.0011992167
0,138730,0.0011987588
0,138740,0.0011983013
0,138750,0.0011978439
0,138760,0.0011973869
0,138770,0.0011969302
0,138780,0.0011964736
0,138790,0.0011960173
0,138800,0.0011955613
0,138810,0.0011951055
0,138820,0.00119465
0,138830,0.0011941947
0,138840,0.0011937396
0,138850,0.0011932849
0,138860,0.0011928304
0,138870,0.0011923761
0,138880,0.0011919221
0,138890,0.0011914683
0,138900,0.0011910148
0,138910,0.0011905616
0,138920,0.0011901085
0,138930,0.0011896557
0,138940,0.0011892032
0,138950,0.001188751
0,138960,0.0011882989
0,138970,0.0011878472
0,138980,0.0011873958
0,138990,0.0011869444
0,139000,0.0011864934
0,139010,0.0011860427
0,139020,0.0011855921
0,139030,0.001185142
0,139040,0.0011846919
0,139050,0.0011842422
0,139060,0.0011837927
0,139070,0.0011833434
0,139080,0.0011828943
0,139090,0.0011824457
0,139100,0.0011819971
0,139110,0.0011815488
0,139120,0.0011811008
0,139130,0.0011806531
0,139140,0.0011802055
0,139150,0.0011797582
0,139160,0.0011793113
0,139170,0.0011788645
0,139180,0.0011784179
0,139190,0.0011779717
0,139200,0.0011775256
0,139210,0.0011770799
0,139220,0.0011766343
0,139230,0.001176189
0,139240,0.001175744
0,139250,0.0011752992
0,139260,0.0011748546
0,139270,0.0011744103
0,139280,0.0011739662
0,139290,0.0011735224
0,139300,0.0011730789
0,139310,0.0011726356
0,139320,0.0011721924
0,139330,0.0011717497
0,139340,0.001171307
0,139350,0.0011708647
0,139360,0.0011704225
0,139370,0.0011699807
0,139380,0.0011695392
0,139390,0.0011690977
0,139400,0.0011686566
0,139410,0.0011682158
0,139420,0.0011677751
0,139430,0.0011673347
0,139440,0.0011668946
0,139450,0.0011664546
0,139460,0.001166015
0,139470,0.0011655756
0,139480,0.0011651365
0,139490,0.0011646975
0,139500,0.0011642588
0,139510,0.0011638204
0,139520,0.0011633822
0,139530,0.0011629442
0,139540,0.0011625065
0,139550,0.001162069
0,139560,0.0011616318
0,139570,0.0011611948
0,139580,0.0011607581
0,139590,0.0011603215
0,139600,0.0011598853
0,139610,0.0011594492
0,139620,0.0011590135
0,139630,0.001158578
0,139640,0.0011581426
0,139650,0.0011577075
0,139660,0.0011572727
0,139670,0.0011568381
0,139680,0.0011564038
0,139690,0.0011559697
0,139700,0.0011555358
0,139710,0.0011551023
0,139720,0.0011546689
0,139730,0.0011542357
0,139740,0.0011538028
0,139750,0.0011533701
0,139760,0.0011529378
0,139770,0.0011525055
0,139780,0.0011520736
0,139790,0.001151642
0,139800,0.0011512104
0,139810,0.0011507792
0,139820,0.0011503482
0,139830,0.0011499175
0,139840,0.001149487
0,139850,0.0011490566
0,139860,0.0011486266
0,139870,0.0011481968
0,139880,0.0011477673
0,139890,0.001147338
0,139900,0.0011469088
0,139910,0.00114648
0,139920,0.0011460513
0,139930,0.0011456229
0,139940,0.0011451949
0,139950,0.0011447669
0,139960,0.0011443392
0,139970,0.0011439119
0,139980,0.0011434846
0,139990,0.0011430576
0,140000,0.0011426309
0,140010,0.0011422044
0,140020,0.0011417782
0,140030,0.0011413521
0,140040,0.0011409264
0,140050,0.0011405008
0,140060,0.0011400755
0,140070,0.0011396505
0,140080,0.0011392256
0,140090,0.001138801
0,140100,0.0011383765
0,140110,0.0011379524
0,140120,0.0011375286
0,140130,0.0011371048
0,140140,0.0011366814
0,140150,0.0011362582
0,140160,0.0011358352
0,140170,0.0011354125
0,140180,0.00113499
0,140190,0.0011345677
0,140200,0.0011341457
0,140210,0.0011337239
0,140220,0.0011333022
0,140230,0.0011328809
0,140240,0.0011324598
0,140250,0.0011320389
0,140260,0.0011316183
0,140270,0.0011311979
0,140280,0.0011307776
0,140290,0.0011303577
0,140300,0.001129938
0,140310,0.0011295185
0,140320,0.0011290993
0,140330,0.0011286802
0,140340,0.0011282614
0,140350,0.0011278428
0,140360,0.0011274245
0,140370,0.0011270065
0,140380,0.0011265886
0,140390,0.0011261709
0,140400,0.0011257535
0,140410,0.0011253363
0,140420,0.0011249194
0,140430,0.0011245026
0,140440,0.0011240861
0,140450,0.0011236699
0,140460,0.0011232538
0,140470,0.001122838
0,140480,0.0011224225
0,140490,0.0011220071
0,140500,0.001121592
0,140510,0.0011211771
0,140520,0.0011207624
0,140530,0.001120348
0,140540,0.0011199338
0,140550,0.0011195198
0,140560,0.0011191061
0,140570,0.0011186926
0,140580,0.0011182793
0,140590,0.0011178663
0,140600,0.0011174533
0,140610,0.0011170408
0,140620,0.0011166284
0,140630,0.0011162162
0,140640,0.0011158043
0,140650,0.0011153925
0,140660,0.0011149811
0,140670,0.0011145698
0,140680,0.0011141589
0,140690,0.0011137481
0,140700,0.0011133375
0,140710,0.0011129271
0,140720,0.001112517
0,140730,0.0011121071
0,140740,0.0011116974
0,140750,0.001111288
0,140760,0.0011108788
0,140770,0.0011104698
0,140780,0.0011100611
0,140790,0.0011096525
0,140800,0.0011092442
0,140810,0.001108836
0,140820,0.0011084282
0,140830,0.0011080205
0,140840,0.0011076132
0,140850,0.001107206
0,140860,0.001106799
0,140870,0.0011063922
0,140880,0.0011059857
0,140890,0.0011055794
0,140900,0.0011051734
0,140910,0.0011047674
0,140920,0.0011043618
0,140930,0.0011039565
0,140940,0.0011035512
0,140950,0.0011031464
0,140960,0.0011027416
0,140970,0.001102337
0,140980,0.0011019327
0,140990,0.0011015286
0,141000,0.0011011248
0,141010,0.0011007212
0,141020,0.0011003178
0,141030,0.0010999147
0,141040,0.0010995116
0,141050,0.001099109
0,141060,0.0010987064
0,141070,0.001098304
0,141080,0.0010979021
0,141090,0.0010975002
0,141100,0.0010970986
0,141110,0.0010966972
0,141120,0.0010962959
0,141130,0.001095895
0,141140,0.0010954943
0,141150,0.0010950937
0,141160,0.0010946933
0,141170,0.0010942933
0,141180,0.0010938934
0,141190,0.0010934938
0,141200,0.0010930944
0,141210,0.001092695
0,141220,0.0010922961
0,141230,0.0010918974
0,141240,0.0010914988
0,141250,0.0010911004
0,141260,0.0010907023
0,141270,0.0010903043
0,141280,0.0010899067
0,141290,0.0010895092
0,141300,0.001089112
0,141310,0.0010887149
0,141320,0.0010883182
0,141330,0.0010879216
0,141340,0.0010875252
0,141350,0.001087129
0,141360,0.0010867331
0,141370,0.0010863374
0,141380,0.0010859419
0,141390,0.0010855466
0,141400,0.0010851516
0,141410,0.0010847567
0,141420,0.001084362
0,141430,0.0010839676
0,141440,0.0010835734
0,141450,0.0010831794
0,141460,0.0010827857
0,141470,0.0010823921
0,141480,0.0010819987
0,141490,0.0010816057
0,141500,0.0010812127
0,141510,0.00108082
0,141520,0.0010804276
0,141530,0.0010800352
0,141540,0.0010796433
0,141550,0.0010792514
0,141560,0.0010788598
0,141570,0.0010784684
0,141580,0.0010780772
0,141590,0.0010776862
0,141600,0.0010772955
0,141610,0.0010769049
0,141620,0.0010765146
0,141630,0.0010761245
0,141640,0.0010757346
0,141650,0.0010753449
0,141660,0.0010749554
0,141670,0.0010745662
0,141680,0.0010741771
0,141690,0.0010737883
0,141700,0.0010733997
0,141710,0.0010730112
0,141720,0.0010726231
0,141730,0.001072235
0,141740,0.0010718473
0,141750,0.0010714597
0,141760,0.0010710723
0,141770,0.0010706852
0,141780,0.0010702983
0,141790,0.0010699116
0,141800,0.0010695251
0,141810,0.0010691388
0,141820,0.0010687527
0,141830,0.0010683668
0,141840,0.0010679812
0,141850,0.0010675958
0,141860,0.0010672106
0,141870,0.0010668255
0,141880,0.0010664407
0,141890,0.0010660561
0,141900,0.0010656717
0,141910,0.0010652875
0,141920,0.0010649036
0,141930,0.0010645199
0,141940,0.0010641363
0,141950,0.0010637529
0,141960,0.0010633698
0,141970,0.0010629869
0,141980,0.0010626042
0,141990,0.0010622217
0,142000,0.0010618394
0,142010,0.0010614573
0,142020,0.0010610755
0,142030,0.0010606938
0,142040,0.0010603124
0,142050,0.0010599311
0,142060,0.0010595501
0,142070,0.0010591693
0,142080,0.0010587886
0,142090,0.0010584082
0,142100,0.001058028
0,142110,0.001057648
0,142120,0.0010572682
0,142130,0.0010568886
0,142140,0.0010565093
0,142150,0.0010561302
0,142160,0.0010557512
0,142170,0.0010553724
0,142180,0.0010549938
0,142190,0.0010546156
0,142200,0.0010542374
0,142210,0.0010538595
0,142220,0.0010534818
0,142230,0.0010531043
0,142240,0.001052727
0,142250,0.0010523499
0,142260,0.001051973
0,142270,0.0010515964
0,142280,0.0010512199
0,142290,0.0010508435
0,142300,0.0010504675
0,142310,0.0010500916
0,142320,0.001049716
0,142330,0.0010493406
0,142340,0.0010489653
0,142350,0.0010485903
0,142360,0.0010482154
0,142370,0.0010478408
0,142380,0.0010474664
0,142390,0.0010470921
0,142400,0.0010467181
0,142410,0.0010463443
0,142420,0.0010459707
0,142430,0.0010455974
0,142440,0.0010452241
0,142450,0.0010448511
0,142460,0.0010444783
0,142470,0.0010441057
0,142480,0.0010437333
0,142490,0.0010433611
0,142500,0.0010429892
0,142510,0.0010426174
0,142520,0.0010422459
0,142530,0.0010418745
0,142540,0.0010415033
0,142550,0.0010411324
0,142560,0.0010407616
0,142570,0.001040391
0,142580,0.0010400207
0,142590,0.0010396505
0,142600,0.0010392806
0,142610,0.0010389108
0,142620,0.0010385413
0,142630,0.0010381719
0,142640,0.0010378028
0,142650,0.0010374339
0,142660,0.001037065
0,142670,0.0010366966
0,142680,0.0010363283
0,142690,0.00103596
0,142700,0.0010355922
0,142710,0.0010352244
0,142720,0.0010348569
0,142730,0.0010344895
0,142740,0.0010341224
0,142750,0.0010337555
0,142760,0.0010333887
0,142770,0.0010330222
0,142780,0.0010326558
0,142790,0.0010322897
0,142800,0.0010319238
0,142810,0.001031558
0,142820,0.0010311925
0,142830,0.0010308272
0,142840,0.001030462
0,142850,0.0010300971
0,142860,0.0010297323
0,142870,0.0010293678
0,142880,0.0010290034
0,142890,0.0010286393
0,142900,0.0010282754
0,142910,0.0010279116
0,142920,0.0010275481
0,142930,0.0010271847
0,142940,0.0010268216
0,142950,0.0010264586
0,142960,0.0010260958
0,142970,0.0010257333
0,142980,0.0010253709
0,142990,0.0010250087
0,143000,0.0010246468
0,143010,0.001024285
0,143020,0.0010239234
0,143030,0.001023562
0,143040,0.0010232009
0,143050,0.0010228399
0,143060,0.0010224791
0,143070,0.0010221185
0,143080,0.0010217581
0,143090,0.0010213979
0,143100,0.0010210379
0,143110,0.0010206781
0,143120,0.0010203185
0,143130,0.0010199591
0,143140,0.0010195998
0,143150,0.0010192408
0,143160,0.001018882
0,143170,0.0010185234
0,143180,0.0010181649
0,143190,0.0010178067
0,143200,0.0010174487
0,143210,0.0010170909
0,143220,0.0010167331
0,143230,0.0010163757
0,143240,0.0010160184
0,143250,0.0010156614
0,143260,0.0010153045
0,143270,0.0010149478
0,143280,0.0010145913
0,143290,0.001014235
0,143300,0.0010138788
0,143310,0.001013523
0,143320,0.0010131673
0,143330,0.0010128118
0,143340,0.0010124564
0,143350,0.0010121013
0,143360,0.0010117464
0,143370,0.0010113916
0,143380,0.001011037
0,143390,0.0010106827
0,143400,0.0010103285
0,143410,0.0010099745
0,143420,0.0010096207
0,143430,0.0010092672
0,143440,0.0010089137
0,143450,0.0010085605
0,143460,0.0010082076
0,143470,0.0010078547
0,143480,0.0010075021
0,143490,0.0010071496
0,143500,0.0010067973
0,143510,0.0010064453
0,143520,0.0010060935
0,143530,0.0010057418
0,143540,0.0010053903
0,143550,0.001005039
0,143560,0.0010046879
0,143570,0.001004337
0,143580,0.0010039862
0,143590,0.0010036357
0,143600,0.0010032854
0,143610,0.0010029352
0,143620,0.0010025853
0,143630,0.0010022355
0,143640,0.0010018859
0,143650,0.0010015365
0,143660,0.0010011873
0,143670,0.0010008382
0,143680,0.0010004895
0,143690,0.0010001408
0,143700,0.0009997924
0,143710,0.0009994442
0,143720,0.0009990961
0,143730,0.0009987482
0,143740,0.0009984005
0,143750,0.000998053
0,143760,0.0009977057
0,143770,0.0009973586
0,143780,0.0009970117
0,143790,0.0009966649
0,143800,0.0009963183
0,143810,0.000995972
0,143820,0.0009956257
0,143830,0.0009952798
0,143840,0.000994934
0,143850,0.0009945884
0,143860,0.000994243
0,143870,0.0009938977
0,143880,0.0009935526
0,143890,0.0009932078
0,143900,0.0009928631
0,143910,0.0009925186
0,143920,0.0009921743
0,143930,0.0009918301
0,143940,0.0009914862
0,143950,0.0009911425
0,143960,0.0009907989
0,143970,0.0009904555
0,143980,0.0009901123
0,143990,0.0009897694
0,144000,0.0009894265
0,144010,0.0009890839
0,144020,0.0009887414
0,144030,0.0009883991
0,144040,0.0009880571
0,144050,0.0009877152
0,144060,0.0009873735
0,144070,0.000987032
0,144080,0.0009866906
0,144090,0.0009863495
0,144100,0.0009860086
0,144110,0.0009856678
0,144120,0.0009853272
0,144130,0.0009849868
0,144140,0.0009846465
0,144150,0.0009843064
0,144160,0.0009839666
0,144170,0.0009836269
0,144180,0.0009832875
0,144190,0.0009829481
0,144200,0.000982609
0,144210,0.0009822701
0,144220,0.0009819313
0,144230,0.0009815928
0,144240,0.0009812544
0,144250,0.0009809162
0,144260,0.0009805781
0,144270,0.0009802403
0,144280,0.0009799027
0,144290,0.0009795652
0,144300,0.000979228
0,144310,0.0009788908
0,144320,0.0009785539
0,144330,0.0009782171
0,144340,0.0009778806
0,144350,0.0009775442
0,144360,0.000977208
0,144370,0.0009768719
0,144380,0.00097653613
0,144390,0.0009762005
0,144400,0.00097586506
0,144410,0.0009755297
0,144420,0.0009751946
0,144430,0.0009748597
0,144440,0.000974525
0,144450,0.0009741904
0,144460,0.000973856
0,144470,0.00097352185
0,144480,0.0009731878
0,144490,0.000972854
0,144500,0.0009725203
0,144510,0.00097218686
0,144520,0.00097185356
0,144530,0.00097152044
0,144540,0.0009711875
0,144550,0.0009708547
0,144560,0.0009705221
0,144570,0.00097018975
0,144580,0.0009698575
0,144590,0.0009695255
0,144600,0.00096919364
0,144610,0.000968862
0,144620,0.0009685304
0,144630,0.0009681991
0,144640,0.00096786796
0,144650,0.000967537
0,144660,0.00096720626
0,144670,0.00096687564
0,144680,0.0009665452
0,144690,0.0009662149
0,144700,0.0009658849
0,144710,0.00096555497
0,144720,0.0009652253
0,144730,0.00096489576
0,144740,0.00096456637
0,144750,0.0009642372
0,144760,0.0009639082
0,144770,0.0009635794
0,144780,0.0009632507
0,144790,0.00096292223
0,144800,0.00096259394
0,144810,0.0009622658
0,144820,0.0009619379
0,144830,0.0009616101
0,144840,0.0009612826
0,144850,0.00096095516
0,144860,0.0009606279
0,144870,0.00096030085
0,144880,0.000959974
0,144890,0.0009596473
0,144900,0.00095932075
0,144910,0.00095899444
0,144920,0.00095866824
0,144930,0.0009583422
0,144940,0.00095801643
0,144950,0.00095769076
0,144960,0.0009573653
0,144970,0.00095704
0,144980,0.0009567149
0,144990,0.00095638994
0,145000,0.0009560652
0,145010,0.0009557406
0,145020,0.0009554162
0,145030,0.00095509196
0,145040,0.00095476786
0,145050,0.000954444
0,145060,0.00095412025
0,145070,0.0009537967
0,145080,0.0009534733
0,145090,0.00095315016
0,145100,0.0009528271
0,145110,0.0009525043
0,145120,0.00095218164
0,145130,0.0009518591
0,145140,0.0009515368
0,145150,0.00095121464
0,145160,0.0009508927
0,145170,0.00095057086
0,145180,0.0009502492
0,145190,0.0009499278
0,145200,0.0009496065
0,145210,0.0009492854
0,145220,0.00094896444
0,145230,0.00094864366
0,145240,0.00094832305
0,145250,0.0009480027
0,145260,0.0009476824
0,145270,0.00094736234
0,145280,0.0009470424
0,145290,0.0009467227
0,145300,0.00094640313
0,145310,0.00094608375
0,145320,0.00094576454
0,145330,0.0009454455
0,145340,0.00094512664
0,145350,0.00094480795
0,145360,0.00094448944
0,145370,0.00094417104
0,145380,0.0009438529
0,145390,0.0009435349
0,145400,0.000943217
0,145410,0.0009428994
0,145420,0.00094258186
0,145430,0.0009422645
0,145440,0.0009419474
0,145450,0.0009416304
0,145460,0.00094131357
0,145470,0.0009409969
0,145480,0.00094068045
0,145490,0.00094036415
0,145500,0.000940048
0,145510,0.000939732
0,145520,0.00093941623
0,145530,0.00093910063
0,145540,0.00093878515
0,145550,0.0009384699
0,145560,0.00093815476
0,145570,0.0009378398
0,145580,0.000937525
0,145590,0.0009372104
0,145600,0.00093689596
0,145610,0.0009365817
0,145620,0.0009362676
0,145630,0.0009359537
0,145640,0.0009356399
0,145650,0.00093532633
0,145660,0.0009350129
0,145670,0.00093469967
0,145680,0.00093438657
0,145690,0.00093407364
0,145700,0.0009337609
0,145710,0.0009334483
0,145720,0.00093313586
0,145730,0.00093282363
0,145740,0.0009325115
0,145750,0.00093219965
0,145760,0.0009318879
0,145770,0.0009315763
0,145780,0.0009312649
0,145790,0.00093095365
0,145800,0.0009306426
0,145810,0.00093033165
0,145820,0.00093002093
0,145830,0.00092971034
0,145840,0.0009293999
0,145850,0.00092908967
0,145860,0.0009287796
0,145870,0.0009284697
0,145880,0.00092816
0,145890,0.0009278504
0,145900,0.000927541
0,145910,0.00092723174
0,145920,0.00092692266
0,145930,0.00092661375
0,145940,0.000926305
0,145950,0.0009259964
0,145960,0.000925688
0,145970,0.00092537975
0,145980,0.00092507165
0,145990,0.00092476374
0,146000,0.000924456
0,146010,0.0009241484
0,146020,0.00092384097
0,146030,0.0009235337
0,146040,0.0009232266
0,146050,0.00092291966
0,146060,0.0009226129
0,146070,0.0009223063
0,146080,0.00092199986
0,146090,0.00092169363
0,146100,0.0009213875
0,146110,0.0009210816
0,146120,0.00092077575
0,146130,0.00092047016
0,146140,0.0009201647
0,146150,0.00091985945
0,146160,0.0009195543
0,146170,0.0009192493
0,146180,0.00091894454
0,146190,0.0009186399
0,146200,0.00091833546
0,146210,0.00091803115
0,146220,0.000917727
0,146230,0.000917423
0,146240,0.0009171192
0,146250,0.00091681554
0,146260,0.00091651204
0,146270,0.0009162087
0,146280,0.0009159055
0,146290,0.00091560255
0,146300,0.0009152997
0,146310,0.000914997
0,146320,0.0009146945
0,146330,0.0009143921
0,146340,0.0009140899
0,146350,0.0009137879
0,146360,0.000913486
0,146370,0.0009131843
0,146380,0.0009128828
0,146390,0.0009125814
0,146400,0.0009122802
0,146410,0.0009119791
0,146420,0.0009116782
0,146430,0.0009113774
0,146440,0.00091107684
0,146450,0.00091077643
0,146460,0.0009104762
0,146470,0.0009101761
0,146480,0.00090987614
0,146490,0.00090957637
0,146500,0.0009092768
0,146510,0.0009089773
0,146520,0.000908678
0,146530,0.00090837886
0,146540,0.0009080799
0,146550,0.00090778107
0,146560,0.0009074824
0,146570,0.0009071839
0,146580,0.0009068856
0,146590,0.0009065874
0,146600,0.0009062894
0,146610,0.00090599153
0,146620,0.0009056938
0,146630,0.0009053963
0,146640,0.0009050989
0,146650,0.00090480165
0,146660,0.0009045046
0,146670,0.0009042077
0,146680,0.00090391096
0,146690,0.0009036144
0,146700,0.00090331794
0,146710,0.00090302166
0,146720,0.00090272556
0,146730,0.0009024296
0,146740,0.0009021338
0,146750,0.0009018382
0,146760,0.00090154266
0,146770,0.0009012474
0,146780,0.0009009522
0,146790,0.0009006572
0,146800,0.0009003623
0,146810,0.0009000676
0,146820,0.0008997731
0,146830,0.00089947873
0,146840,0.0008991845
0,146850,0.00089889043
0,146860,0.00089859654
0,146870,0.00089830277
0,146880,0.0008980092
0,146890,0.00089771574
0,146900,0.0008974225
0,146910,0.00089712936
0,146920,0.0008968364
0,146930,0.0008965436
0,146940,0.00089625095
0,146950,0.00089595845
0,146960,0.0008956661
0,146970,0.00089537393
0,146980,0.0008950819
0,146990,0.00089479
0,147000,0.0008944983
0,147010,0.00089420675
0,147020,0.0008939153
0,147030,0.0008936241
0,147040,0.000893333
0,147050,0.000893042
0,147060,0.00089275127
0,147070,0.00089246064
0,147080,0.0008921701
0,147090,0.00089187984
0,147100,0.0008915897
0,147110,0.0008912996
0,147120,0.0008910098
0,147130,0.0008907201
0,147140,0.0008904305
0,147150,0.0008901411
0,147160,0.0008898519
0,147170,0.0008895628
0,147180,0.0008892739
0,147190,0.0008889851
0,147200,0.00088869646
0,147210,0.00088840805
0,147220,0.0008881197
0,147230,0.00088783156
0,147240,0.00088754355
0,147250,0.0008872557
0,147260,0.000886968
0,147270,0.00088668044
0,147280,0.000886393
0,147290,0.0008861058
0,147300,0.00088581874
0,147310,0.0008855318
0,147320,0.000885245
0,147330,0.00088495837
0,147340,0.00088467187
0,147350,0.00088438555
0,147360,0.0008840994
0,147370,0.00088381337
0,147380,0.0008835275
0,147390,0.00088324177
0,147400,0.0008829562
0,147410,0.0008826708
0,147420,0.00088238553
0,147430,0.00088210043
0,147440,0.0008818155
0,147450,0.0008815307
0,147460,0.000881246
0,147470,0.00088096154
0,147480,0.0008806772
0,147490,0.00088039297
0,147500,0.0008801089
0,147510,0.00087982503
0,147520,0.0008795413
0,147530,0.0008792577
0,147540,0.0008789743
0,147550,0.000878691
0,147560,0.0008784078
0,147570,0.0008781248
0,147580,0.00087784196
0,147590,0.0008775593
0,147600,0.00087727676
0,147610,0.00087699434
0,147620,0.0008767121
0,147630,0.00087643
0,147640,0.00087614806
0,147650,0.0008758663
0,147660,0.00087558466
0,147670,0.0008753032
0,147680,0.0008750218
0,147690,0.00087474065
0,147700,0.00087445957
0,147710,0.0008741787
0,147720,0.0008738979
0,147730,0.00087361736
0,147740,0.0008733369
0,147750,0.0008730566
0,147760,0.00087277644
0,147770,0.00087249646
0,147780,0.0008722166
0,147790,0.0008719369
0,147800,0.00087165734
0,147810,0.00087137794
0,147820,0.0008710987
0,147830,0.0008708196
0,147840,0.0008705406
0,147850,0.0008702618
0,147860,0.00086998317
0,147870,0.00086970464
0,147880,0.0008694263
0,147890,0.00086914806
0,147900,0.00086886995
0,147910,0.00086859206
0,147920,0.0008683143
0,147930,0.00086803664
0,147940,0.00086775917
0,147950,0.0008674818
0,147960,0.0008672046
0,147970,0.0008669276
0,147980,0.0008666507
0,147990,0.00086637394
0,148000,0.00086609734
0,148010,0.0008658209
0,148020,0.0008655446
0,148030,0.0008652684
0,148040,0.0008649924
0,148050,0.00086471654
0,148060,0.0008644408
0,148070,0.00086416525
0,148080,0.0008638898
0,148090,0.00086361455
0,148100,0.0008633394
0,148110,0.00086306443
0,148120,0.0008627896
0,148130,0.00086251483
0,148140,0.0008622403
0,148150,0.0008619659
0,148160,0.0008616916
0,148170,0.0008614175
0,148180,0.0008611435
0,148190,0.0008608697
0,148200,0.000860596
0,148210,0.0008603225
0,148220,0.0008600491
0,148230,0.0008597759
0,148240,0.00085950276
0,148250,0.00085922977
0,148260,0.00085895695
0,148270,0.0008586843
0,148280,0.0008584118
0,148290,0.00085813936
0,148300,0.0008578671
0,148310,0.00085759506
0,148320,0.0008573231
0,148330,0.0008570513
0,148340,0.00085677963
0,148350,0.00085650815
0,148360,0.00085623673
0,148370,0.00085596554
0,148380,0.00085569447
0,148390,0.0008554235
0,148400,0.00085515267
0,148410,0.00085488206
0,148420,0.0008546115
0,148430,0.00085434114
0,148440,0.00085407094
0,148450,0.00085380086
0,148460,0.0008535309
0,148470,0.0008532611
0,148480,0.0008529915
0,148490,0.0008527219
0,148500,0.0008524526
0,148510,0.0008521833
0,148520,0.0008519142
0,148530,0.0008516453
0,148540,0.0008513765
0,148550,0.0008511079
0,148560,0.0008508393
0,148570,0.00085057097
0,148580,0.00085030275
0,148590,0.00085003464
0,148600,0.00084976666
0,148610,0.0008494989
0,148620,0.0008492312
0,148630,0.0008489637
0,148640,0.0008486963
0,148650,0.00084842904
0,148660,0.00084816193
0,148670,0.000847895
0,148680,0.00084762817
0,148690,0.0008473615
0,148700,0.000847095
0,148710,0.00084682857
0,148720,0.0008465623
0,148730,0.0008462962
0,148740,0.0008460302
0,148750,0.00084576436
0,148760,0.0008454987
0,148770,0.00084523315
0,148780,0.0008449677
0,148790,0.0008447025
0,148800,0.00084443734
0,148810,0.0008441723
0,148820,0.0008439075
0,148830,0.00084364275
0,148840,0.0008433782
0,148850,0.00084311375
0,148860,0.00084284943
0,148870,0.0008425853
0,148880,0.00084232126
0,148890,0.0008420574
0,148900,0.00084179366
0,148910,0.00084153004
0,148920,0.0008412666
0,148930,0.00084100326
0,148940,0.0008407401
0,148950,0.00084047706
0,148960,0.00084021414
0,148970,0.0008399514
0,148980,0.00083968876
0,148990,0.0008394263
0,149000,0.0008391639
0,149010,0.00083890173
0,149020,0.0008386396
0,149030,0.0008383777
0,149040,0.0008381159
0,149050,0.0008378542
0,149060,0.0008375927
0,149070,0.00083733135
0,149080,0.0008370701
0,149090,0.000836809
0,149100,0.000836548
0,149110,0.00083628716
0,149120,0.0008360265
0,149130,0.0008357659
0,149140,0.0008355055
0,149150,0.00083524524
0,149160,0.00083498505
0,149170,0.00083472504
0,149180,0.0008344652
0,149190,0.0008342055
0,149200,0.0008339459
0,149210,0.0008336864
0,149220,0.00083342707
0,149230,0.00083316787
0,149240,0.00083290885
0,149250,0.0008326499
0,149260,0.00083239115
0,149270,0.0008321325
0,149280,0.000831874
0,149290,0.0008316156
0,149300,0.0008313574
0,149310,0.0008310993
0,149320,0.0008308413
0,149330,0.00083058345
0,149340,0.00083032576
0,149350,0.0008300682
0,149360,0.0008298108
0,149370,0.0008295535
0,149380,0.00082929636
0,149390,0.0008290393
0,149400,0.00082878245
0,149410,0.0008285257
0,149420,0.0008282691
0,149430,0.00082801265
0,149440,0.0008277563
0,149450,0.0008275001
0,149460,0.000827244
0,149470,0.0008269881
0,149480,0.00082673226
0,149490,0.0008264766
0,149500,0.0008262211
0,149510,0.00082596566
0,149520,0.0008257104
0,149530,0.0008254553
0,149540,0.0008252003
0,149550,0.0008249454
0,149560,0.0008246907
0,149570,0.0008244361
0,149580,0.0008241816
0,149590,0.0008239273
0,149600,0.0008236731
0,149610,0.000823419
0,149620,0.0008231651
0,149630,0.00082291133
0,149640,0.00082265766
0,149650,0.0008224041
0,149660,0.00082215073
0,149670,0.00082189747
0,149680,0.0008216443
0,149690,0.00082139135
0,149700,0.0008211385
0,149710,0.00082088576
0,149720,0.00082063314
0,149730,0.0008203807
0,149740,0.00082012836
0,149750,0.00081987615
0,149760,0.0008196241
0,149770,0.00081937213
0,149780,0.0008191204
0,149790,0.0008188687
0,149800,0.0008186171
0,149810,0.0008183657
0,149820,0.00081811444
0,149830,0.0008178633
0,149840,0.0008176123
0,149850,0.0008173614
0,149860,0.00081711065
0,149870,0.00081686006
0,149880,0.0008166096
0,149890,0.00081635924
0,149900,0.000816109
0,149910,0.0008158589
0,149920,0.00081560895
0,149930,0.0008153591
0,149940,0.0008151094
0,149950,0.0008148598
0,149960,0.0008146104
0,149970,0.0008143611
0,149980,0.0008141119
0,149990,0.0008138629
0,150000,0.00081361394
0,150010,0.00081336516
0,150020,0.0008131165
0,150030,0.000812868
0,150040,0.0008126196
0,150050,0.0008123713
0,150060,0.0008121232
0,150070,0.0008118752
0,150080,0.0008116273
0,150090,0.0008113796
0,150100,0.00081113196
0,150110,0.00081088446
0,150120,0.00081063714
0,150130,0.0008103899
0,150140,0.0008101428
0,150150,0.0008098958
0,150160,0.000809649
0,150170,0.00080940226
0,150180,0.0008091557
0,150190,0.00080890924
0,150200,0.0008086629
0,150210,0.00080841675
0,150220,0.00080817065
0,150230,0.0008079247
0,150240,0.0008076789
0,150250,0.0008074333
0,150260,0.0008071877
0,150270,0.0008069423
0,150280,0.000806697
0,150290,0.00080645183
0,150300,0.0008062068
0,150310,0.0008059619
0,150320,0.0008057171
0,150330,0.00080547243
0,150340,0.0008052279
0,150350,0.00080498355
0,150360,0.00080473925
0,150370,0.0008044951
0,150380,0.0008042511
0,150390,0.0008040072
0,150400,0.00080376345
0,150410,0.0008035198
0,150420,0.0008032763
0,150430,0.00080303295
0,150440,0.0008027897
0,150450,0.00080254656
0,150460,0.00080230355
0,150470,0.0008020607
0,150480,0.000801818
0,150490,0.00080157537
0,150500,0.0008013329
0,150510,0.0008010905
0,150520,0.00080084824
0,150530,0.00080060615
0,150540,0.0008003642
0,150550,0.00080012233
0,150560,0.0007998806
0,150570,0.000799639
0,150580,0.0007993975
0,150590,0.00079915614
0,150600,0.00079891493
0,150610,0.00079867383
0,150620,0.00079843285
0,150630,0.000798192
0,150640,0.00079795124
0,150650,0.0007977107
0,150660,0.0007974702
0,150670,0.0007972299
0,150680,0.00079698965
0,150690,0.00079674955
0,150700,0.00079650956
0,150710,0.00079626974
0,150720,0.00079603
0,150730,0.0007957904
0,150740,0.00079555094
0,150750,0.0007953116
0,150760,0.00079507235
0,150770,0.0007948333
0,150780,0.0007945943
0,150790,0.00079435547
0,150800,0.0007941167
0,150810,0.0007938781
0,150820,0.0007936396
0,150830,0.0007934013
0,150840,0.0007931631
0,150850,0.00079292496
0,150860,0.000792687
0,150870,0.00079244917
0,150880,0.0007922114
0,150890,0.0007919738
0,150900,0.0007917363
0,150910,0.000791499
0,150920,0.00079126173
0,150930,0.0007910246
0,150940,0.0007907876
0,150950,0.0007905508
0,150960,0.00079031405
0,150970,0.0007900774
0,150980,0.00078984094
0,150990,0.00078960456
0,151000,0.0007893683
0,151010,0.00078913214
0,151020,0.00078889617
0,151030,0.00078866025
0,151040,0.0007884245
0,151050,0.0007881889
0,151060,0.0007879534
0,151070,0.000787718
0,151080,0.0007874827
0,151090,0.00078724755
0,151100,0.00078701257
0,151110,0.00078677764
0,151120,0.0007865429
0,151130,0.0007863082
0,151140,0.0007860737
0,151150,0.0007858393
0,151160,0.000785605
0,151170,0.0007853708
0,151180,0.00078513677
0,151190,0.00078490283
0,151200,0.000784669
0,151210,0.00078443537
0,151220,0.0007842018
0,151230,0.00078396837
0,151240,0.000783735
0,151250,0.00078350183
0,151260,0.00078326877
0,151270,0.0007830358
0,151280,0.000782803
0,151290,0.0007825703
0,151300,0.0007823377
0,151310,0.0007821052
0,151320,0.00078187283
0,151330,0.0007816406
0,151340,0.0007814085
0,151350,0.0007811765
0,151360,0.00078094465
0,151370,0.0007807129
0,151380,0.00078048126
0,151390,0.0007802498
0,151400,0.0007800184
0,151410,0.00077978714
0,151420,0.00077955594
0,151430,0.0007793249
0,151440,0.000779094
0,151450,0.00077886326
0,151460,0.0007786326
0,151470,0.000778402
0,151480,0.0007781716
0,151490,0.0007779413
0,151500,0.0007777111
0,151510,0.000777481
0,151520,0.0007772511
0,151530,0.0007770212
0,151540,0.00077679154
0,151550,0.0007765619
0,151560,0.00077633245
0,151570,0.0007761031
0,151580,0.0007758739
0,151590,0.00077564473
0,151600,0.00077541574
0,151610,0.00077518687
0,151620,0.0007749581
0,151630,0.0007747295
0,151640,0.00077450095
0,151650,0.00077427254
0,151660,0.00077404425
0,151670,0.0007738161
0,151680,0.000773588
0,151690,0.0007733601
0,151700,0.00077313225
0,151710,0.0007729046
0,151720,0.000772677
0,151730,0.00077244954
0,151740,0.0007722222
0,151750,0.000771995
0,151760,0.00077176787
0,151770,0.00077154086
0,151780,0.00077131396
0,151790,0.00077108725
0,151800,0.0007708606
0,151810,0.0007706341
0,151820,0.00077040767
0,151830,0.00077018136
0,151840,0.0007699552
0,151850,0.00076972914
0,151860,0.00076950324
0,151870,0.0007692774
0,151880,0.0007690517
0,151890,0.0007688261
0,151900,0.0007686007
0,151910,0.0007683753
0,151920,0.0007681501
0,151930,0.00076792494
0,151940,0.0007676999
0,151950,0.00076747505
0,151960,0.00076725025
0,151970,0.00076702563
0,151980,0.00076680107
0,151990,0.0007665767
0,152000,0.00076635234
0,152010,0.0007661282
0,152020,0.0007659041
0,152030,0.00076568016
0,152040,0.0007654563
0,152050,0.00076523254
0,152060,0.00076500897
0,152070,0.00076478545
0,152080,0.00076456205
0,152090,0.0007643388
0,152100,0.00076411566
0,152110,0.0007638926
0,152120,0.0007636697
0,152130,0.0007634469
0,152140,0.0007632242
0,152150,0.0007630016
0,152160,0.00076277915
0,152170,0.00076255685
0,152180,0.0007623346
0,152190,0.0007621125
0,152200,0.0007618905
0,152210,0.0007616686
0,152220,0.00076144683
0,152230,0.0007612252
0,152240,0.00076100364
0,152250,0.0007607822
0,152260,0.0007605609
0,152270,0.00076033967
0,152280,0.0007601186
0,152290,0.00075989764
0,152300,0.00075967674
0,152310,0.000759456
0,152320,0.0007592354
0,152330,0.00075901486
0,152340,0.0007587945
0,152350,0.00075857417
0,152360,0.000758354
0,152370,0.00075813395
0,152380,0.000757914
0,152390,0.0007576942
0,152400,0.00075747445
0,152410,0.00075725483
0,152420,0.00075703533
0,152430,0.00075681595
0,152440,0.0007565967
0,152450,0.0007563775
0,152460,0.0007561585
0,152470,0.0007559396
0,152480,0.0007557207
0,152490,0.000755502
0,152500,0.00075528346
0,152510,0.00075506495
0,152520,0.0007548466
0,152530,0.00075462833
0,152540,0.00075441017
0,152550,0.0007541922
0,152560,0.00075397425
0,152570,0.00075375644
0,152580,0.00075353874
0,152590,0.00075332116
0,152600,0.0007531037
0,152610,0.00075288635
0,152620,0.00075266906
0,152630,0.00075245195
0,152640,0.00075223495
0,152650,0.000752018
0,152660,0.0007518012
0,152670,0.00075158454
0,152680,0.00075136794
0,152690,0.00075115147
0,152700,0.0007509351
0,152710,0.0007507189
0,152720,0.00075050275
0,152730,0.00075028674
0,152740,0.00075007085
0,152750,0.000749855
0,152760,0.00074963935
0,152770,0.00074942375
0,152780,0.00074920827
0,152790,0.00074899296
0,152800,0.0007487777
0,152810,0.00074856257
0,152820,0.00074834755
0,152830,0.00074813265
0,152840,0.0007479178
0,152850,0.00074770313
0,152860,0.0007474885
0,152870,0.0007472741
0,152880,0.0007470597
0,152890,0.00074684544
0,152900,0.0007466313
0,152910,0.00074641727
0,152920,0.00074620335
0,152930,0.00074598956
0,152940,0.0007457758
0,152950,0.00074556225
0,152960,0.00074534875
0,152970,0.0007451354
0,152980,0.00074492214
0,152990,0.000744709
0,153000,0.00074449595
0,153010,0.000744283
0,153020,0.00074407016
0,153030,0.00074385747
0,153040,0.00074364484
0,153050,0.0007434323
0,153060,0.00074322
0,153070,0.0007430077
0,153080,0.0007427955
0,153090,0.0007425834
0,153100,0.0007423715
0,153110,0.0007421596
0,153120,0.0007419479
0,153130,0.00074173626
0,153140,0.00074152474
0,153150,0.0007413133
0,153160,0.00074110203
0,153170,0.00074089086
0,153180,0.00074067974
0,153190,0.0007404688
0,153200,0.0007402579
0,153210,0.00074004714
0,153220,0.0007398365
0,153230,0.00073962595
0,153240,0.00073941547
0,153250,0.00073920516
0,153260,0.0007389949
0,153270,0.00073878485
0,153280,0.00073857483
0,153290,0.00073836494
0,153300,0.0007381551
0,153310,0.00073794543
0,153320,0.0007377358
0,153330,0.0007375264
0,153340,0.000737317
0,153350,0.00073710777
0,153360,0.0007368986
0,153370,0.00073668954
0,153380,0.00073648064
0,153390,0.0007362718
0,153400,0.00073606306
0,153410,0.00073585444
0,153420,0.00073564594
0,153430,0.00073543756
0,153440,0.00073522923
0,153450,0.0007350211
0,153460,0.000734813
0,153470,0.000734605
0,153480,0.00073439715
0,153490,0.00073418935
0,153500,0.0007339817
0,153510,0.00073377416
0,153520,0.0007335667
0,153530,0.00073335937
0,153540,0.00073315215
0,153550,0.000732945
0,153560,0.000732738
0,153570,0.0007325311
0,153580,0.00073232426
0,153590,0.00073211757
0,153600,0.000731911
0,153610,0.00073170447
0,153620,0.00073149806
0,153630,0.0007312918
0,153640,0.0007310856
0,153650,0.00073087955
0,153660,0.0007306736
0,153670,0.0007304677
0,153680,0.00073026196
0,153690,0.0007300563
0,153700,0.0007298508
0,153710,0.0007296453
0,153720,0.00072944
0,153730,0.0007292348
0,153740,0.00072902965
0,153750,0.0007288246
0,153760,0.0007286197
0,153770,0.00072841486
0,153780,0.00072821014
0,153790,0.00072800554
0,153800,0.00072780106
0,153810,0.00072759663
0,153820,0.0007273924
0,153830,0.0007271882
0,153840,0.0007269841
0,153850,0.0007267801
0,153860,0.00072657625
0,153870,0.00072637247
0,153880,0.0007261688
0,153890,0.00072596525
0,153900,0.00072576175
0,153910,0.00072555844
0,153920,0.0007253552
0,153930,0.00072515203
0,153940,0.000724949
0,153950,0.00072474603
0,153960,0.0007245432
0,153970,0.00072434044
0,153980,0.0007241378
0,153990,0.0007239353
0,154000,0.00072373287
0,154010,0.00072353054
0,154020,0.0007233283
0,154030,0.0007231262
0,154040,0.0007229242
0,154050,0.00072272227
0,154060,0.00072252046
0,154070,0.0007223188
0,154080,0.00072211714
0,154090,0.0007219157
0,154100,0.0007217143
0,154110,0.000721513
0,154120,0.0007213118
0,154130,0.0007211107
0,154140,0.0007209097
0,154150,0.0007207088
0,154160,0.00072050805
0,154170,0.00072030735
0,154180,0.00072010676
0,154190,0.0007199063
0,154200,0.0007197059
0,154210,0.00071950565
0,154220,0.0007193055
0,154230,0.0007191054
0,154240,0.0007189054
0,154250,0.0007187056
0,154260,0.0007185058
0,154270,0.0007183061
0,154280,0.0007181066
0,154290,0.0007179071
0,154300,0.00071770774
0,154310,0.0007175085
0,154320,0.0007173093
0,154330,0.0007171103
0,154340,0.00071691134
0,154350,0.00071671244
0,154360,0.0007165137
0,154370,0.00071631506
0,154380,0.0007161165
0,154390,0.0007159181
0,154400,0.0007157197
0,154410,0.00071552146
0,154420,0.0007153233
0,154430,0.00071512524
0,154440,0.00071492733
0,154450,0.0007147295
0,154460,0.00071453175
0,154470,0.0007143341
0,154480,0.0007141365
0,154490,0.0007139391
0,154500,0.00071374176
0,154510,0.0007135445
0,154520,0.00071334734
0,154530,0.0007131503
0,154540,0.00071295333
0,154550,0.00071275653
0,154560,0.0007125598
0,154570,0.0007123631
0,154580,0.0007121666
0,154590,0.00071197015
0,154600,0.00071177376
0,154610,0.00071157754
0,154620,0.0007113814
0,154630,0.00071118533
0,154640,0.0007109894
0,154650,0.00071079354
0,154660,0.0007105978
0,154670,0.00071040215
0,154680,0.0007102066
0,154690,0.0007100111
0,154700,0.00070981577
0,154710,0.00070962054
0,154720,0.00070942537
0,154730,0.0007092303
0,154740,0.0007090353
0,154750,0.0007088405
0,154760,0.00070864573
0,154770,0.000708451
0,154780,0.0007082565
0,154790,0.000708062
0,154800,0.0007078677
0,154810,0.0007076734
0,154820,0.0007074792
0,154830,0.00070728513
0,154840,0.0007070912
0,154850,0.0007068973
0,154860,0.0007067035
0,154870,0.0007065098
0,154880,0.00070631626
0,154890,0.0007061228
0,154900,0.00070592936
0,154910,0.0007057361
0,154920,0.0007055429
0,154930,0.0007053498
0,154940,0.0007051568
0,154950,0.0007049639
0,154960,0.0007047711
0,154970,0.0007045784
0,154980,0.0007043858
0,154990,0.0007041933
0,155000,0.0007040009
0,155010,0.00070380856
0,155020,0.00070361636
0,155030,0.0007034242
0,155040,0.0007032322
0,155050,0.0007030403
0,155060,0.0007028484
0,155070,0.0007026567
0,155080,0.00070246507
0,155090,0.0007022735
0,155100,0.0007020821
0,155110,0.00070189073
0,155120,0.0007016995
0,155130,0.00070150837
0,155140,0.0007013173
0,155150,0.00070112635
0,155160,0.0007009355
0,155170,0.0007007447
0,155180,0.00070055405
0,155190,0.0007003635
0,155200,0.00070017297
0,155210,0.0006999826
0,155220,0.0006997923
0,155230,0.0006996021
0,155240,0.000699412
0,155250,0.00069922203
0,155260,0.0006990321
0,155270,0.00069884234
0,155280,0.0006986526
0,155290,0.000698463
0,155300,0.0006982735
0,155310,0.00069808407
0,155320,0.0006978947
0,155330,0.0006977055
0,155340,0.00069751637
0,155350,0.0006973273
0,155360,0.00069713837
0,155370,0.0006969495
0,155380,0.0006967607
0,155390,0.00069657207
0,155400,0.00069638353
0,155410,0.00069619506
0,155420,0.00069600664
0,155430,0.0006958184
0,155440,0.0006956302
0,155450,0.0006954421
0,155460,0.0006952541
0,155470,0.0006950662
0,155480,0.0006948784
0,155490,0.0006946907
0,155500,0.0006945031
0,155510,0.00069431553
0,155520,0.0006941281
0,155530,0.00069394073
0,155540,0.00069375354
0,155550,0.00069356634
0,155560,0.0006933793
0,155570,0.00069319236
0,155580,0.0006930055
0,155590,0.0006928187
0,155600,0.00069263205
0,155610,0.00069244544
0,155620,0.00069225894
0,155630,0.00069207256
0,155640,0.00069188623
0,155650,0.0006917
0,155660,0.00069151394
0,155670,0.0006913279
0,155680,0.000691142
0,155690,0.00069095613
0,155700,0.0006907704
0,155710,0.00069058477
0,155720,0.0006903992
0,155730,0.00069021375
0,155740,0.00069002836
0,155750,0.0006898431
0,155760,0.00068965787
0,155770,0.0006894728
0,155780,0.0006892878
0,155790,0.0006891029
0,155800,0.0006889181
0,155810,0.00068873336
0,155820,0.0006885487
0,155830,0.0006883642
0,155840,0.00068817975
0,155850,0.0006879954
0,155860,0.0006878112
0,155870,0.000687627
0,155880,0.00068744295
0,155890,0.00068725896
0,155900,0.0006870751
0,155910,0.00068689126
0,155920,0.00068670756
0,155930,0.00068652397
0,155940,0.00068634044
0,155950,0.00068615703
0,155960,0.0006859737
0,155970,0.00068579044
0,155980,0.0006856073
0,155990,0.00068542425
0,156000,0.00068524125
0,156010,0.00068505836
0,156020,0.0006848756
0,156030,0.00068469293
0,156040,0.00068451033
0,156050,0.0006843278
0,156060,0.0006841454
0,156070,0.00068396307
0,156080,0.0006837808
0,156090,0.0006835987
0,156100,0.0006834166
0,156110,0.00068323466
0,156120,0.0006830528
0,156130,0.00068287103
0,156140,0.0006826893
0,156150,0.0006825077
0,156160,0.0006823262
0,156170,0.00068214483
0,156180,0.00068196346
0,156190,0.00068178226
0,156200,0.0006816011
0,156210,0.00068142003
0,156220,0.00068123906
0,156230,0.0006810582
0,156240,0.0006808774
0,156250,0.00068069674
0,156260,0.0006805161
0,156270,0.0006803356
0,156280,0.00068015524
0,156290,0.0006799749
0,156300,0.00067979464
0,156310,0.0006796145
0,156320,0.00067943445
0,156330,0.0006792545
0,156340,0.0006790746
0,156350,0.0006788948
0,156360,0.0006787151
0,156370,0.0006785355
0,156380,0.000678356
0,156390,0.0006781765
0,156400,0.0006779972
0,156410,0.00067781797
0,156420,0.0006776388
0,156430,0.0006774597
0,156440,0.0006772807
0,156450,0.00067710184
0,156460,0.000676923
0,156470,0.0006767443
0,156480,0.0006765657
0,156490,0.00067638716
0,156500,0.0006762087
0,156510,0.00067603035
0,156520,0.00067585206
0,156530,0.0006756739
0,156540,0.0006754958
0,156550,0.0006753178
0,156560,0.0006751399
0,156570,0.00067496207
0,156580,0.0006747843
0,156590,0.00067460665
0,156600,0.0006744291
0,156610,0.00067425164
0,156620,0.0006740743
0,156630,0.000673897
0,156640,0.00067371974
0,156650,0.0006735426
0,156660,0.0006733656
0,156670,0.00067318865
0,156680,0.0006730118
0,156690,0.00067283504
0,156700,0.0006726584
0,156710,0.0006724818
0,156720,0.0006723053
0,156730,0.00067212887
0,156740,0.00067195256
0,156750,0.0006717763
0,156760,0.00067160017
0,156770,0.0006714241
0,156780,0.0006712481
0,156790,0.0006710722
0,156800,0.00067089644
0,156810,0.0006707207
0,156820,0.0006705451
0,156830,0.00067036954
0,156840,0.0006701941
0,156850,0.0006700188
0,156860,0.00066984346
0,156870,0.0006696683
0,156880,0.00066949317
0,156890,0.0006693182
0,156900,0.0006691433
0,156910,0.0006689684
0,156920,0.0006687937
0,156930,0.000668619
0,156940,0.00066844444
0,156950,0.00066826993
0,156960,0.00066809554
0,156970,0.0006679212
0,156980,0.000667747
0,156990,0.00066757284
0,157000,0.00066739874
0,157010,0.0006672248
0,157020,0.0006670509
0,157030,0.0006668771
0,157040,0.0006667034
0,157050,0.00066652976
0,157060,0.00066635624
0,157070,0.0006661828
0,157080,0.0006660094
0,157090,0.0006658361
0,157100,0.0006656629
0,157110,0.0006654898
0,157120,0.00066531677
0,157130,0.00066514383
0,157140,0.000664971
0,157150,0.00066479825
0,157160,0.00066462555
0,157170,0.00066445296
0,157180,0.00066428044
0,157190,0.000664108
0,157200,0.0006639357
0,157210,0.00066376344
0,157220,0.00066359126
0,157230,0.0006634192
0,157240,0.0006632472
0,157250,0.00066307525
0,157260,0.0006629034
0,157270,0.0006627317
0,157280,0.00066256005
0,157290,0.00066238845
0,157300,0.000662217
0,157310,0.0006620456
0,157320,0.00066187425
0,157330,0.00066170306
0,157340,0.00066153187
0,157350,0.00066136086
0,157360,0.00066118984
0,157370,0.00066101894
0,157380,0.00066084816
0,157390,0.00066067744
0,157400,0.0006605068
0,157410,0.0006603362
0,157420,0.0006601658
0,157430,0.00065999536
0,157440,0.0006598251
0,157450,0.00065965485
0,157460,0.0006594847
0,157470,0.0006593147
0,157480,0.0006591447
0,157490,0.00065897487
0,157500,0.000658805
0,157510,0.00065863534
0,157520,0.0006584657
0,157530,0.00065829617
0,157540,0.0006581267
0,157550,0.00065795734
0,157560,0.000657788
0,157570,0.0006576188
0,157580,0.0006574497
0,157590,0.0006572807
0,157600,0.0006571117
0,157610,0.00065694284
0,157620,0.00065677403
0,157630,0.0006566053
0,157640,0.0006564367
0,157650,0.00065626815
0,157660,0.0006560997
0,157670,0.0006559313
0,157680,0.000655763
0,157690,0.0006555948
0,157700,0.0006554267
0,157710,0.00065525866
0,157720,0.00065509067
0,157730,0.0006549228
0,157740,0.00065475504
0,157750,0.0006545873
0,157760,0.0006544197
0,157770,0.00065425213
0,157780,0.00065408467
0,157790,0.0006539173
0,157800,0.00065375
0,157810,0.0006535828
0,157820,0.0006534156
0,157830,0.00065324863
0,157840,0.00065308163
0,157850,0.00065291475
0,157860,0.0006527479
0,157870,0.0006525812
0,157880,0.0006524146
0,157890,0.00065224804
0,157900,0.00065208157
0,157910,0.00065191515
0,157920,0.00065174885
0,157930,0.0006515826
0,157940,0.0006514165
0,157950,0.0006512504
0,157960,0.0006510844
0,157970,0.0006509185
0,157980,0.0006507527
0,157990,0.00065058697
0,158000,0.0006504213
0,158010,0.00065025577
0,158020,0.0006500902
0,158030,0.00064992486
0,158040,0.0006497595
0,158050,0.00064959424
0,158060,0.0006494291
0,158070,0.000649264
0,158080,0.000649099
0,158090,0.0006489341
0,158100,0.00064876926
0,158110,0.0006486045
0,158120,0.0006484398
0,158130,0.0006482752
0,158140,0.0006481107
0,158150,0.00064794626
0,158160,0.0006477819
0,158170,0.0006476176
0,158180,0.0006474534
0,158190,0.00064728933
0,158200,0.00064712524
0,158210,0.0006469613
0,158220,0.0006467974
0,158230,0.0006466337
0,158240,0.00064646994
0,158250,0.0006463063
0,158260,0.00064614275
0,158270,0.0006459793
0,158280,0.0006458159
0,158290,0.0006456526
0,158300,0.0006454894
0,158310,0.0006453262
0,158320,0.0006451631
0,158330,0.00064500014
0,158340,0.0006448373
0,158350,0.0006446744
0,158360,0.00064451166
0,158370,0.000644349
0,158380,0.0006441864
0,158390,0.0006440239
0,158400,0.0006438615
0,158410,0.00064369914
0,158420,0.00064353686
0,158430,0.0006433747
0,158440,0.0006432126
0,158450,0.00064305053
0,158460,0.0006428886
0,158470,0.0006427267
0,158480,0.0006425649
0,158490,0.0006424032
0,158500,0.00064224156
0,158510,0.00064208
0,158520,0.0006419185
0,158530,0.0006417571
0,158540,0.0006415958
0,158550,0.00064143457
0,158560,0.0006412734
0,158570,0.00064111233
0,158580,0.00064095133
0,158590,0.0006407904
0,158600,0.00064062956
0,158610,0.0006404688
0,158620,0.00064030814
0,158630,0.0006401475
0,158640,0.00063998695
0,158650,0.0006398265
0,158660,0.00063966616
0,158670,0.00063950586
0,158680,0.0006393456
0,158690,0.0006391855
0,158700,0.0006390254
0,158710,0.00063886546
0,158720,0.00063870556
0,158730,0.0006385457
0,158740,0.000638386
0,158750,0.00063822634
0,158760,0.00063806673
0,158770,0.00063790724
0,158780,0.0006377478
0,158790,0.00063758844
0,158800,0.0006374291
0,158810,0.0006372699
0,158820,0.00063711085
0,158830,0.00063695177
0,158840,0.0006367928
0,158850,0.00063663395
0,158860,0.0006364751
0,158870,0.00063631637
0,158880,0.00063615775
0,158890,0.00063599914
0,158900,0.00063584064
0,158910,0.00063568226
0,158920,0.0006355239
0,158930,0.0006353656
0,158940,0.0006352074
0,158950,0.0006350493
0,158960,0.0006348913
0,158970,0.0006347333
0,158980,0.00063457544
0,158990,0.00063441764
0,159000,0.0006342599
0,159010,0.00063410227
0,159020,0.00063394464
0,159030,0.0006337872
0,159040,0.00063362974
0,159050,0.0006334724
0,159060,0.0006333151
0,159070,0.00063315796
0,159080,0.0006330008
0,159090,0.0006328438
0,159100,0.00063268683
0,159110,0.00063252996
0,159120,0.00063237315
0,159130,0.0006322164
0,159140,0.00063205976
0,159150,0.0006319032
0,159160,0.00063174666
0,159170,0.00063159026
0,159180,0.0006314339
0,159190,0.0006312776
0,159200,0.0006311214
0,159210,0.0006309653
0,159220,0.0006308092
0,159230,0.0006306533
0,159240,0.0006304974
0,159250,0.0006303416
0,159260,0.0006301858
0,159270,0.0006300302
0,159280,0.0006298746
0,159290,0.00062971906
0,159300,0.0006295636
0,159310,0.0006294082
0,159320,0.000629253
0,159330,0.00062909775
0,159340,0.0006289426
0,159350,0.00062878756
0,159360,0.00062863255
0,159370,0.00062847766
0,159380,0.0006283228
0,159390,0.00062816805
0,159400,0.0006280134
0,159410,0.00062785874
0,159420,0.0006277042
0,159430,0.0006275498
0,159440,0.0006273954
0,159450,0.0006272411
0,159460,0.00062708685
0,159470,0.00062693265
0,159480,0.0006267786
0,159490,0.00062662456
0,159500,0.00062647066
0,159510,0.00062631676
0,159520,0.000626163
0,159530,0.0006260093
0,159540,0.00062585564
0,159550,0.0006257021
0,159560,0.0006255486
0,159570,0.0006253952
0,159580,0.00062524184
0,159590,0.0006250886
0,159600,0.0006249354
0,159610,0.0006247823
0,159620,0.00062462926
0,159630,0.0006244763
0,159640,0.0006243234
0,159650,0.0006241706
0,159660,0.00062401785
0,159670,0.00062386517
0,159680,0.00062371255
0,159690,0.00062356004
0,159700,0.0006234076
0,159710,0.0006232552
0,159720,0.0006231029
0,159730,0.00062295067
0,159740,0.0006227985
0,159750,0.0006226465
0,159760,0.00062249444
0,159770,0.0006223425
0,159780,0.00062219065
0,159790,0.00062203885
0,159800,0.00062188716
0,159810,0.0006217355
0,159820,0.00062158395
0,159830,0.00062143244
0,159840,0.00062128104
0,159850,0.0006211297
0,159860,0.0006209784
0,159870,0.00062082725
0,159880,0.0006206761
0,159890,0.00062052504
0,159900,0.00062037405
0,159910,0.0006202232
0,159920,0.00062007236
0,159930,0.0006199216
0,159940,0.0006197709
0,159950,0.00061962026
0,159960,0.00061946973
0,159970,0.00061931927
0,159980,0.00061916886
0,159990,0.00061901857
0,160000,0.0006188683
0,160010,0.0006187181
0,160020,0.00061856804
0,160030,0.000618418
0,160040,0.00061826804
0,160050,0.00061811815
0,160060,0.0006179683
0,160070,0.00061781856
0,160080,0.0006176689
0,160090,0.0006175193
0,160100,0.0006173698
0,160110,0.0006172203
0,160120,0.00061707094
0,160130,0.00061692164
0,160140,0.0006167724
0,160150,0.0006166232
0,160160,0.00061647414
0,160170,0.0006163251
0,160180,0.00061617617
0,160190,0.0006160273
0,160200,0.0006158785
0,160210,0.0006157298
0,160220,0.0006155811
0,160230,0.0006154325
0,160240,0.00061528396
0,160250,0.00061513553
0,160260,0.00061498716
0,160270,0.00061483885
0,160280,0.0006146906
0,160290,0.00061454246
0,160300,0.0006143944
0,160310,0.00061424635
0,160320,0.0006140984
0,160330,0.00061395054
0,160340,0.0006138027
0,160350,0.00061365496
0,160360,0.00061350735
0,160370,0.00061335973
0,160380,0.00061321224
0,160390,0.00061306474
0,160400,0.00061291736
0,160410,0.0006127701
0,160420,0.0006126228
0,160430,0.0006124757
0,160440,0.0006123286
0,160450,0.00061218155
0,160460,0.0006120346
0,160470,0.0006118877
0,160480,0.0006117409
0,160490,0.0006115942
0,160500,0.0006114475
0,160510,0.0006113009
0,160520,0.00061115436
0,160530,0.0006110079
0,160540,0.0006108615
0,160550,0.0006107152
0,160560,0.00061056897
0,160570,0.00061042275
0,160580,0.00061027665
0,160590,0.0006101306
0,160600,0.0006099847
0,160610,0.00060983875
0,160620,0.00060969294
0,160630,0.0006095472
0,160640,0.0006094015
0,160650,0.00060925586
0,160660,0.00060911034
0,160670,0.0006089648
0,160680,0.0006088194
0,160690,0.0006086741
0,160700,0.00060852885
0,160710,0.0006083836
0,160720,0.0006082385
0,160730,0.00060809345
0,160740,0.00060794846
0,160750,0.0006078035
0,160760,0.0006076587
0,160770,0.0006075139
0,160780,0.0006073692
0,160790,0.00060722453
0,160800,0.00060708
0,160810,0.0006069355
0,160820,0.00060679106
0,160830,0.0006066467
0,160840,0.0006065024
0,160850,0.00060635817
0,160860,0.000606214
0,160870,0.0006060699
0,160880,0.00060592586
0,160890,0.0006057819
0,160900,0.0006056381
0,160910,0.00060549425
0,160920,0.0006053505
0,160930,0.0006052068
0,160940,0.0006050632
0,160950,0.0006049197
0,160960,0.0006047762
0,160970,0.00060463283
0,160980,0.00060448947
0,160990,0.0006043462
0,161000,0.000604203
0,161010,0.0006040599
0,161020,0.0006039168
0,161030,0.00060377386
0,161040,0.0006036309
0,161050,0.00060348806
0,161060,0.0006033453
0,161070,0.00060320256
0,161080,0.00060305995
0,161090,0.00060291734
0,161100,0.00060277485
0,161110,0.0006026324
0,161120,0.00060249004
0,161130,0.0006023477
0,161140,0.00060220546
0,161150,0.0006020633
0,161160,0.00060192123
0,161170,0.0006017792
0,161180,0.00060163724
0,161190,0.0006014953
0,161200,0.0006013535
0,161210,0.00060121174
0,161220,0.00060107
0,161230,0.0006009284
0,161240,0.0006007868
0,161250,0.0006006453
0,161260,0.00060050393
0,161270,0.00060036255
0,161280,0.0006002213
0,161290,0.00060008006
0,161300,0.0005999389
0,161310,0.0005997978
0,161320,0.0005996568
0,161330,0.0005995158
0,161340,0.00059937494
0,161350,0.00059923413
0,161360,0.0005990934
0,161370,0.0005989527
0,161380,0.00059881207
0,161390,0.0005986715
0,161400,0.00059853104
0,161410,0.0005983906
0,161420,0.00059825025
0,161430,0.00059810997
0,161440,0.00059796975
0,161450,0.0005978296
0,161460,0.00059768953
0,161470,0.0005975495
0,161480,0.00059740955
0,161490,0.0005972697
0,161500,0.00059712987
0,161510,0.0005969901
0,161520,0.0005968504
0,161530,0.00059671083
0,161540,0.00059657125
0,161550,0.0005964318
0,161560,0.0005962924
0,161570,0.000596153
0,161580,0.00059601374
0,161590,0.0005958745
0,161600,0.0005957353
0,161610,0.00059559627
0,161620,0.00059545727
0,161630,0.00059531827
0,161640,0.0005951794
0,161650,0.00059504056
0,161660,0.0005949018
0,161670,0.00059476314
0,161680,0.0005946245
0,161690,0.00059448596
0,161700,0.0005943475
0,161710,0.000594209
0,161720,0.00059407065
0,161730,0.00059393235
0,161740,0.00059379416
0,161750,0.000593656
0,161760,0.0005935179
0,161770,0.00059337984
0,161780,0.0005932419
0,161790,0.000593104
0,161800,0.00059296616
0,161810,0.0005928284
0,161820,0.00059269066
0,161830,0.000592553
0,161840,0.00059241545
0,161850,0.00059227797
0,161860,0.0005921405
0,161870,0.0005920031
0,161880,0.0005918658
0,161890,0.00059172855
0,161900,0.00059159135
0,161910,0.00059145427
0,161920,0.0005913172
0,161930,0.0005911802
0,161940,0.00059104327
0,161950,0.0005909064
0,161960,0.00059076963
0,161970,0.0005906329
0,161980,0.00059049623
0,161990,0.0005903596
0,162000,0.0005902231
0,162010,0.0005900866
0,162020,0.00058995024
0,162030,0.00058981386
0,162040,0.0005896776
0,162050,0.0005895414
0,162060,0.00058940524
0,162070,0.00058926916
0,162080,0.0005891331
0,162090,0.0005889972
0,162100,0.0005888613
0,162110,0.00058872544
0,162120,0.0005885897
0,162130,0.000588454
0,162140,0.0005883184
0,162150,0.0005881828
0,162160,0.0005880473
0,162170,0.00058791187
0,162180,0.0005877765
0,162190,0.00058764115
0,162200,0.0005875059
0,162210,0.0005873707
0,162220,0.0005872356
0,162230,0.00058710057
0,162240,0.0005869655
0,162250,0.0005868306
0,162260,0.00058669574
0,162270,0.0005865609
0,162280,0.00058642623
0,162290,0.00058629154
0,162300,0.0005861569
0,162310,0.0005860224
0,162320,0.0005858879
0,162330,0.00058575347
0,162340,0.0005856191
0,162350,0.00058548484
0,162360,0.0005853506
0,162370,0.00058521645
0,162380,0.00058508234
0,162390,0.0005849483
0,162400,0.0005848143
0,162410,0.00058468035
0,162420,0.00058454653
0,162430,0.0005844127
0,162440,0.000584279
0,162450,0.00058414537
0,162460,0.0005840118
0,162470,0.0005838782
0,162480,0.0005837447
0,162490,0.0005836113
0,162500,0.00058347796
0,162510,0.0005833447
0,162520,0.0005832115
0,162530,0.0005830783
0,162540,0.00058294524
0,162550,0.0005828122
0,162560,0.00058267923
0,162570,0.0005825463
0,162580,0.00058241346
0,162590,0.0005822807
0,162600,0.000582148
0,162610,0.0005820153
0,162620,0.0005818827
0,162630,0.0005817502
0,162640,0.0005816177
0,162650,0.0005814853
0,162660,0.0005813529
0,162670,0.00058122067
0,162680,0.0005810884
0,162690,0.0005809563
0,162700,0.00058082415
0,162710,0.00058069214
0,162720,0.0005805601
0,162730,0.0005804282
0,162740,0.0005802964
0,162750,0.0005801646
0,162760,0.0005800329
0,162770,0.0005799012
0,162780,0.0005797696
0,162790,0.00057963806
0,162800,0.00057950657
0,162810,0.0005793752
0,162820,0.0005792438
0,162830,0.0005791125
0,162840,0.0005789813
0,162850,0.0005788501
0,162860,0.000578719
0,162870,0.00057858793
0,162880,0.00057845697
0,162890,0.00057832606
0,162900,0.00057819515
0,162910,0.00057806436
0,162920,0.0005779336
0,162930,0.00057780294
0,162940,0.0005776723
0,162950,0.00057754177
0,162960,0.00057741127
0,162970,0.0005772808
0,162980,0.0005771505
0,162990,0.00057702017
0,163000,0.0005768899
0,163010,0.0005767597
0,163020,0.0005766296
0,163030,0.0005764995
0,163040,0.0005763695
0,163050,0.00057623954
0,163060,0.0005761097
0,163070,0.0005759798
0,163080,0.0005758501
0,163090,0.0005757204
0,163100,0.00057559076
0,163110,0.00057546113
0,163120,0.0005753316
0,163130,0.00057520217
0,163140,0.0005750728
0,163150,0.00057494343
0,163160,0.00057481416
0,163170,0.00057468493
0,163180,0.0005745558
0,163190,0.00057442667
0,163200,0.0005742976
0,163210,0.00057416863
0,163220,0.00057403976
0,163230,0.0005739109
0,163240,0.0005737821
0,163250,0.0005736534
0,163260,0.0005735247
0,163270,0.00057339604
0,163280,0.0005732675
0,163290,0.000573139
0,163300,0.0005730106
0,163310,0.0005728822
0,163320,0.0005727539
0,163330,0.0005726256
0,163340,0.00057249743
0,163350,0.00057236926
0,163360,0.0005722412
0,163370,0.0005721132
0,163380,0.00057198526
0,163390,0.0005718573
0,163400,0.0005717295
0,163410,0.00057160173
0,163420,0.000571474
0,163430,0.0005713463
0,163440,0.0005712187
0,163450,0.0005710912
0,163460,0.0005709637
0,163470,0.0005708363
0,163480,0.00057070894
0,163490,0.00057058164
0,163500,0.0005704544
0,163510,0.0005703272
0,163520,0.0005702001
0,163530,0.000570073
0,163540,0.000569946
0,163550,0.00056981907
0,163560,0.0005696922
0,163570,0.00056956534
0,163580,0.00056943856
0,163590,0.00056931184
0,163600,0.0005691852
0,163610,0.00056905864
0,163620,0.0005689321
0,163630,0.0005688056
0,163640,0.0005686792
0,163650,0.0005685528
0,163660,0.0005684265
0,163670,0.0005683003
0,163680,0.0005681741
0,163690,0.000568048
0,163700,0.0005679219
0,163710,0.00056779594
0,163720,0.00056767
0,163730,0.0005675441
0,163740,0.00056741823
0,163750,0.0005672925
0,163760,0.0005671668
0,163770,0.0005670411
0,163780,0.0005669155
0,163790,0.00056679
0,163800,0.0005666645
0,163810,0.00056653906
0,163820,0.0005664137
0,163830,0.0005662884
0,163840,0.00056616316
0,163850,0.00056603795
0,163860,0.00056591287
0,163870,0.0005657878
0,163880,0.00056566275
0,163890,0.0005655378
0,163900,0.0005654129
0,163910,0.00056528806
0,163920,0.00056516327
0,163930,0.0005650385
0,163940,0.0005649139
0,163950,0.0005647893
0,163960,0.0005646647
0,163970,0.0005645402
0,163980,0.00056441576
0,163990,0.00056429143
0,164000,0.0005641671
0,164010,0.0005640428
0,164020,0.0005639186
0,164030,0.00056379446
0,164040,0.00056367036
0,164050,0.0005635464
0,164060,0.0005634224
0,164070,0.00056329847
0,164080,0.0005631746
0,164090,0.0005630508
0,164100,0.00056292705
0,164110,0.00056280335
0,164120,0.0005626797
0,164130,0.00056255615
0,164140,0.00056243263
0,164150,0.0005623092
0,164160,0.00056218577
0,164170,0.0005620624
0,164180,0.00056193914
0,164190,0.0005618159
0,164200,0.0005616927
0,164210,0.0005615696
0,164220,0.00056144653
0,164230,0.00056132354
0,164240,0.0005612006
0,164250,0.0005610777
0,164260,0.00056095485
0,164270,0.0005608321
0,164280,0.0005607094
0,164290,0.0005605867
0,164300,0.0005604641
0,164310,0.0005603415
0,164320,0.00056021905
0,164330,0.00056009664
0,164340,0.0005599742
0,164350,0.00055985193
0,164360,0.00055972964
0,164370,0.0005596074
0,164380,0.0005594853
0,164390,0.00055936316
0,164400,0.0005592411
0,164410,0.00055911916
0,164420,0.0005589972
0,164430,0.0005588753
0,164440,0.0005587535
0,164450,0.0005586318
0,164460,0.0005585101
0,164470,0.0005583884
0,164480,0.0005582668
0,164490,0.0005581453
0,164500,0.0005580238
0,164510,0.0005579024
0,164520,0.000557781
0,164530,0.00055765966
0,164540,0.0005575384
0,164550,0.0005574172
0,164560,0.0005572961
0,164570,0.00055717496
0,164580,0.00055705395
0,164590,0.000556933
0,164600,0.00055681204
0,164610,0.0005566912
0,164620,0.00055657036
0,164630,0.00055644964
0,164640,0.0005563289
0,164650,0.00055620825
0,164660,0.0005560877
0,164670,0.00055596716
0,164680,0.00055584667
0,164690,0.00055572623
0,164700,0.00055560586
0,164710,0.00055548555
0,164720,0.0005553653
0,164730,0.0005552451
0,164740,0.00055512495
0,164750,0.00055500487
0,164760,0.00055488484
0,164770,0.0005547648
0,164780,0.0005546449
0,164790,0.00055452506
0,164800,0.0005544052
0,164810,0.0005542855
0,164820,0.00055416574
0,164830,0.0005540461
0,164840,0.0005539265
0,164850,0.00055380695
0,164860,0.00055368745
0,164870,0.00055356807
0,164880,0.0005534487
0,164890,0.00055332936
0,164900,0.0005532101
0,164910,0.0005530909
0,164920,0.00055297173
0,164930,0.0005528526
0,164940,0.00055273355
0,164950,0.00055261457
0,164960,0.0005524956
0,164970,0.00055237673
0,164980,0.0005522579
0,164990,0.0005521391
0,165000,0.0005520204
0,165010,0.0005519017
0,165020,0.00055178313
0,165030,0.00055166456
0,165040,0.00055154605
0,165050,0.0005514276
0,165060,0.0005513092
0,165070,0.00055119087
0,165080,0.0005510726
0,165090,0.0005509543
0,165100,0.00055083615
0,165110,0.00055071805
0,165120,0.00055059994
0,165130,0.00055048196
0,165140,0.00055036397
0,165150,0.00055024604
0,165160,0.0005501282
0,165170,0.0005500104
0,165180,0.00054989266
0,165190,0.00054977497
0,165200,0.0005496573
0,165210,0.00054953975
0,165220,0.00054942217
0,165230,0.0005493047
0,165240,0.0005491873
0,165250,0.0005490699
0,165260,0.0005489526
0,165270,0.0005488353
0,165280,0.00054871815
0,165290,0.000548601
0,165300,0.00054848386
0,165310,0.0005483668
0,165320,0.0005482498
0,165330,0.00054813287
0,165340,0.000548016
0,165350,0.0005478991
0,165360,0.00054778234
0,165370,0.00054766564
0,165380,0.00054754893
0,165390,0.00054743234
0,165400,0.00054731575
0,165410,0.0005471992
0,165420,0.00054708275
0,165430,0.00054696633
0,165440,0.00054685
0,165450,0.0005467337
0,165460,0.00054661743
0,165470,0.0005465012
0,165480,0.00054638507
0,165490,0.000546269
0,165500,0.00054615294
0,165510,0.0005460369
0,165520,0.00054592104
0,165530,0.00054580515
0,165540,0.0005456893
0,165550,0.00054557354
0,165560,0.0005454578
0,165570,0.0005453421
0,165580,0.0005452265
0,165590,0.0005451109
0,165600,0.0005449954
0,165610,0.00054487993
0,165620,0.00054476457
0,165630,0.0005446492
0,165640,0.0005445339
0,165650,0.00054441864
0,165660,0.00054430345
0,165670,0.00054418825
0,165680,0.0005440732
0,165690,0.00054395816
0,165700,0.00054384314
0,165710,0.0005437282
0,165720,0.00054361334
0,165730,0.0005434985
0,165740,0.0005433837
0,165750,0.000543269
0,165760,0.0005431543
0,165770,0.00054303964
0,165780,0.0005429251
0,165790,0.0005428106
0,165800,0.0005426961
0,165810,0.00054258166
0,165820,0.00054246734
0,165830,0.000542353
0,165840,0.00054223876
0,165850,0.0005421245
0,165860,0.00054201036
0,165870,0.00054189627
0,165880,0.0005417822
0,165890,0.0005416682
0,165900,0.00054155424
0,165910,0.0005414403
0,165920,0.0005413265
0,165930,0.0005412127
0,165940,0.00054109894
0,165950,0.00054098526
0,165960,0.00054087164
0,165970,0.000540758
0,165980,0.00054064445
0,165990,0.000540531
0,166000,0.00054041756
0,166010,0.0005403042
0,166020,0.00054019084
0,166030,0.00054007757
0,166040,0.0005399643
0,166050,0.00053985114
0,166060,0.000539738
0,166070,0.00053962495
0,166080,0.0005395119
0,166090,0.0005393989
0,166100,0.000539286
0,166110,0.00053917314
0,166120,0.0005390603
0,166130,0.0005389475
0,166140,0.0005388348
0,166150,0.00053872215
0,166160,0.0005386095
0,166170,0.00053849694
0,166180,0.0005383844
0,166190,0.00053827197
0,166200,0.00053815957
0,166210,0.00053804717
0,166220,0.0005379349
0,166230,0.0005378226
0,166240,0.0005377104
0,166250,0.0005375982
0,166260,0.0005374861
0,166270,0.00053737406
0,166280,0.000537262
0,166290,0.0005371501
0,166300,0.00053703814
0,166310,0.0005369263
0,166320,0.0005368145
0,166330,0.00053670275
0,166340,0.00053659105
0,166350,0.00053647935
0,166360,0.00053636776
0,166370,0.0005362562
0,166380,0.0005361447
0,166390,0.00053603324
0,166400,0.00053592183
0,166410,0.0005358105
0,166420,0.0005356992
0,166430,0.0005355879
0,166440,0.0005354767
0,166450,0.00053536554
0,166460,0.0005352544
0,166470,0.00053514336
0,166480,0.00053503236
0,166490,0.0005349214
0,166500,0.00053481053
0,166510,0.00053469965
0,166520,0.0005345888
0,166530,0.0005344781
0,166540,0.0005343674
0,166550,0.00053425675
0,166560,0.0005341461
0,166570,0.00053403556
0,166580,0.000533925
0,166590,0.0005338146
0,166600,0.0005337042
0,166610,0.0005335938
0,166620,0.0005334835
0,166630,0.00053337327
0,166640,0.000533263
0,166650,0.0005331529
0,166660,0.00053304277
0,166670,0.0005329327
0,166680,0.0005328227
0,166690,0.00053271273
0,166700,0.00053260283
0,166710,0.00053249294
0,166720,0.0005323831
0,166730,0.0005322734
0,166740,0.00053216366
0,166750,0.000532054
0,166760,0.00053194433
0,166770,0.0005318348
0,166780,0.00053172524
0,166790,0.0005316158
0,166800,0.0005315064
0,166810,0.000531397
0,166820,0.0005312877
0,166830,0.0005311784
0,166840,0.0005310692
0,166850,0.00053096
0,166860,0.00053085084
0,166870,0.00053074176
0,166880,0.00053063274
0,166890,0.0005305238
0,166900,0.0005304148
0,166910,0.00053030596
0,166920,0.0005301971
0,166930,0.0005300883
0,166940,0.0005299796
0,166950,0.0005298709
0,166960,0.00052976224
0,166970,0.0005296537
0,166980,0.0005295451
0,166990,0.0005294366
0,167000,0.0005293282
0,167010,0.00052921975
0,167020,0.0005291114
0,167030,0.0005290031
0,167040,0.0005288949
0,167050,0.0005287867
0,167060,0.0005286785
0,167070,0.0005285704
0,167080,0.00052846235
0,167090,0.0005283543
0,167100,0.00052824634
0,167110,0.0005281384
0,167120,0.00052803056
0,167130,0.00052792276
0,167140,0.00052781496
0,167150,0.0005277073
0,167160,0.0005275996
0,167170,0.00052749197
0,167180,0.0005273844
0,167190,0.00052727683
0,167200,0.0005271694
0,167210,0.00052706193
0,167220,0.00052695454
0,167230,0.0005268472
0,167240,0.0005267399
0,167250,0.00052663265
0,167260,0.0005265255
0,167270,0.0005264183
0,167280,0.0005263112
0,167290,0.0005262042
0,167300,0.00052609714
0,167310,0.0005259902
0,167320,0.0005258833
0,167330,0.0005257764
0,167340,0.0005256696
0,167350,0.00052556285
0,167360,0.0005254561
0,167370,0.00052534946
0,167380,0.0005252428
0,167390,0.00052513625
0,167400,0.0005250297
0,167410,0.0005249232
0,167420,0.0005248168
0,167430,0.0005247104
0,167440,0.00052460405
0,167450,0.00052449777
0,167460,0.00052439154
0,167470,0.0005242853
0,167480,0.0005241792
0,167490,0.0005240731
0,167500,0.000523967
0,167510,0.000523861
0,167520,0.00052375504
0,167530,0.0005236491
0,167540,0.0005235432
0,167550,0.0005234374
0,167560,0.00052333163
0,167570,0.0005232259
0,167580,0.0005231202
0,167590,0.0005230146
0,167600,0.000522909
0,167610,0.00052280346
0,167620,0.000522698
0,167630,0.0005225925
0,167640,0.00052248716
0,167650,0.0005223818
0,167660,0.00052227644
0,167670,0.0005221712
0,167680,0.00052206597
0,167690,0.00052196084
0,167700,0.0005218557
0,167710,0.00052175066
0,167720,0.0005216456
0,167730,0.00052154064
0,167740,0.0005214357
0,167750,0.0005213308
0,167760,0.000521226
0,167770,0.00052112114
0,167780,0.0005210164
0,167790,0.0005209117
0,167800,0.00052080705
0,167810,0.00052070245
0,167820,0.00052059785
0,167830,0.00052049337
0,167840,0.0005203889
0,167850,0.00052028446
0,167860,0.0005201801
0,167870,0.00052007573
0,167880,0.0005199715
0,167890,0.00051986723
0,167900,0.00051976304
0,167910,0.00051965885
0,167920,0.0005195548
0,167930,0.0005194507
0,167940,0.0005193467
0,167950,0.0005192427
0,167960,0.0005191388
0,167970,0.0005190349
0,167980,0.00051893113
0,167990,0.00051882735
0,168000,0.0005187236
0,168010,0.0005186199
0,168020,0.0005185163
0,168030,0.0005184127
0,168040,0.0005183091
0,168050,0.00051820563
0,168060,0.00051810214
0,168070,0.0005179987
0,168080,0.0005178954
0,168090,0.000517792
0,168100,0.00051768875
0,168110,0.00051758555
0,168120,0.00051748235
0,168130,0.0005173792
0,168140,0.0005172761
0,168150,0.00051717303
0,168160,0.00051707006
0,168170,0.0005169671
0,168180,0.0005168642
0,168190,0.00051676127
0,168200,0.0005166585
0,168210,0.0005165557
0,168220,0.00051645294
0,168230,0.00051635026
0,168240,0.00051624764
0,168250,0.000516145
0,168260,0.00051604246
0,168270,0.00051593996
0,168280,0.0005158375
0,168290,0.00051573507
0,168300,0.0005156327
0,168310,0.00051553035
0,168320,0.0005154281
0,168330,0.00051532587
0,168340,0.00051522366
0,168350,0.0005151215
0,168360,0.0005150194
0,168370,0.00051491737
0,168380,0.0005148153
0,168390,0.00051471335
0,168400,0.0005146114
0,168410,0.00051450956
0,168420,0.0005144077
0,168430,0.0005143059
0,168440,0.00051420415
0,168450,0.00051410246
0,168460,0.0005140008
0,168470,0.0005138992
0,168480,0.0005137976
0,168490,0.0005136961
0,168500,0.00051359466
0,168510,0.0005134932
0,168520,0.0005133918
0,168530,0.00051329046
0,168540,0.0005131892
0,168550,0.0005130879
0,168560,0.0005129867
0,168570,0.0005128855
0,168580,0.0005127844
0,168590,0.0005126833
0,168600,0.0005125823
0,168610,0.0005124813
0,168620,0.0005123803
0,168630,0.00051227945
0,168640,0.0005121786
0,168650,0.00051207776
0,168660,0.000511977
0,168670,0.00051187625
0,168680,0.0005117756
0,168690,0.00051167497
0,168700,0.0005115744
0,168710,0.0005114738
0,168720,0.00051137334
0,168730,0.00051127287
0,168740,0.0005111724
0,168750,0.00051107205
0,168760,0.0005109717
0,168770,0.0005108714
0,168780,0.0005107712
0,168790,0.000510671
0,168800,0.0005105708
0,168810,0.0005104707
0,168820,0.00051037065
0,168830,0.00051027065
0,168840,0.00051017065
0,168850,0.0005100707
0,168860,0.0005099708
0,168870,0.000509871
0,168880,0.00050977117
0,168890,0.0005096714
0,168900,0.0005095717
0,168910,0.000509472
0,168920,0.0005093724
0,168930,0.0005092728
0,168940,0.00050917326
0,168950,0.0005090737
0,168960,0.0005089743
0,168970,0.0005088749
0,168980,0.00050877547
0,168990,0.00050867617
0,169000,0.00050857686
0,169010,0.0005084776
0,169020,0.00050837843
0,169030,0.0005082793
0,169040,0.0005081802
0,169050,0.0005080811
0,169060,0.0005079821
0,169070,0.0005078831
0,169080,0.00050778413
0,169090,0.00050768524
0,169100,0.0005075864
0,169110,0.00050748757
0,169120,0.0005073888
0,169130,0.00050729007
0,169140,0.0005071914
0,169150,0.00050709274
0,169160,0.0005069942
0,169170,0.0005068956
0,169180,0.0005067971
0,169190,0.0005066986
0,169200,0.0005066002
0,169210,0.0005065018
0,169220,0.0005064035
0,169230,0.0005063052
0,169240,0.00050620694
0,169250,0.00050610874
0,169260,0.00050601055
0,169270,0.0005059124
0,169280,0.0005058143
0,169290,0.0005057163
0,169300,0.0005056183
0,169310,0.0005055203
0,169320,0.0005054224
0,169330,0.00050532457
0,169340,0.0005052267
0,169350,0.00050512893
0,169360,0.0005050312
0,169370,0.0005049335
0,169380,0.00050483586
0,169390,0.00050473824
0,169400,0.00050464063
0,169410,0.00050454313
0,169420,0.00050444563
0,169430,0.0005043482
0,169440,0.00050425075
0,169450,0.0005041534
0,169460,0.00050405605
0,169470,0.0005039588
0,169480,0.0005038616
0,169490,0.0005037644
0,169500,0.0005036672
0,169510,0.0005035701
0,169520,0.00050347304
0,169530,0.000503376
0,169540,0.00050327904
0,169550,0.00050318206
0,169560,0.00050308515
0,169570,0.0005029883
0,169580,0.0005028915
0,169590,0.0005027947
0,169600,0.00050269795
0,169610,0.00050260127
0,169620,0.00050250464
0,169630,0.000502408
0,169640,0.00050231145
0,169650,0.00050221494
0,169660,0.00050211843
0,169670,0.000502022
0,169680,0.0005019256
0,169690,0.00050182926
0,169700,0.0005017329
0,169710,0.00050163665
0,169720,0.00050154043
0,169730,0.0005014442
0,169740,0.00050134805
0,169750,0.00050125195
0,169760,0.00050115585
0,169770,0.00050105987
0,169780,0.0005009639
0,169790,0.0005008679
0,169800,0.00050077203
0,169810,0.00050067616
0,169820,0.00050058035
0,169830,0.00050048454
0,169840,0.0005003888
0,169850,0.0005002931
0,169860,0.00050019746
0,169870,0.0005001018
0,169880,0.00050000625
0,169890,0.00049991073
0,169900,0.0004998153
0,169910,0.0004997198
0,169920,0.0004996244
0,169930,0.000499529
0,169940,0.00049943366
0,169950,0.0004993384
0,169960,0.00049924315
0,169970,0.000499148
0,169980,0.0004990528
0,169990,0.00049895764
0,170000,0.0004988626
0,170010,0.00049876753
0,170020,0.00049867254
0,170030,0.0004985776
0,170040,0.00049848267
0,170050,0.0004983878
0,170060,0.00049829297
0,170070,0.00049819815
0,170080,0.0004981034
0,170090,0.0004980087
0,170100,0.000497914
0,170110,0.0004978194
0,170120,0.0004977248
0,170130,0.0004976302
0,170140,0.0004975357
0,170150,0.0004974412
0,170160,0.0004973468
0,170170,0.0004972524
0,170180,0.00049715803
0,170190,0.00049706374
0,170200,0.0004969695
0,170210,0.00049687526
0,170220,0.0004967811
0,170230,0.0004966869
0,170240,0.0004965928
0,170250,0.0004964987
0,170260,0.0004964047
0,170270,0.0004963107
0,170280,0.00049621676
0,170290,0.00049612287
0,170300,0.000496029
0,170310,0.00049593515
0,170320,0.0004958414
0,170330,0.00049574766
0,170340,0.00049565395
0,170350,0.0004955603
0,170360,0.00049546664
0,170370,0.00049537304
0,170380,0.0004952795
0,170390,0.000495186
0,170400,0.00049509254
0,170410,0.0004949991
0,170420,0.00049490575
0,170430,0.0004948124
0,170440,0.0004947191
0,170450,0.0004946258
0,170460,0.0004945326
0,170470,0.0004944394
0,170480,0.00049434626
0,170490,0.0004942531
0,170500,0.00049416005
0,170510,0.00049406703
0,170520,0.000493974
0,170530,0.0004938811
0,170540,0.00049378816
0,170550,0.0004936953
0,170560,0.0004936025
0,170570,0.0004935097
0,170580,0.0004934169
0,170590,0.00049332425
0,170600,0.0004932316
0,170610,0.0004931389
0,170620,0.0004930463
0,170630,0.00049295375
0,170640,0.00049286126
0,170650,0.00049276877
0,170660,0.00049267634
0,170670,0.00049258396
0,170680,0.0004924916
0,170690,0.00049239927
0,170700,0.000492307
0,170710,0.00049221475
0,170720,0.00049212255
0,170730,0.0004920304
0,170740,0.00049193826
0,170750,0.0004918462
0,170760,0.00049175415
0,170770,0.0004916621
0,170780,0.00049157016
0,170790,0.00049147825
0,170800,0.00049138634
0,170810,0.0004912945
0,170820,0.0004912027
0,170830,0.00049111096
0,170840,0.0004910192
0,170850,0.0004909275
0,170860,0.00049083587
0,170870,0.00049074425
0,170880,0.0004906527
0,170890,0.0004905611
0,170900,0.0004904696
0,170910,0.0004903782
0,170920,0.00049028674
0,170930,0.00049019535
0,170940,0.000490104
0,170950,0.0004900127
0,170960,0.0004899214
0,170970,0.0004898302
0,170980,0.00048973906
0,170990,0.0004896479
0,171000,0.00048955675
0,171010,0.0004894657
0,171020,0.0004893747
0,171030,0.00048928364
0,171040,0.0004891927
0,171050,0.0004891018
0,171060,0.00048901094
0,171070,0.0004889201
0,171080,0.0004888293
0,171090,0.00048873853
0,171100,0.0004886478
0,171110,0.0004885571
0,171120,0.00048846647
0,171130,0.00048837584
0,171140,0.00048828527
0,171150,0.00048819472
0,171160,0.0004881042
0,171170,0.00048801376
0,171180,0.00048792336
0,171190,0.00048783296
0,171200,0.00048774263
0,171210,0.00048765232
0,171220,0.00048756204
0,171230,0.0004874718
0,171240,0.00048738162
0,171250,0.0004872915
0,171260,0.00048720135
0,171270,0.00048711128
0,171280,0.00048702123
0,171290,0.00048693124
0,171300,0.00048684128
0,171310,0.00048675135
0,171320,0.00048666148
0,171330,0.0004865716
0,171340,0.0004864818
0,171350,0.00048639203
0,171360,0.0004863023
0,171370,0.0004862126
0,171380,0.00048612294
0,171390,0.0004860333
0,171400,0.00048594372
0,171410,0.00048585417
0,171420,0.00048576467
0,171430,0.0004856752
0,171440,0.00048558577
0,171450,0.00048549636
0,171460,0.000485407
0,171470,0.0004853177
0,171480,0.0004852284
0,171490,0.00048513914
0,171500,0.00048504994
0,171510,0.00048496076
0,171520,0.00048487165
0,171530,0.00048478253
0,171540,0.00048469348
0,171550,0.00048460448
0,171560,0.00048451548
0,171570,0.00048442653
0,171580,0.00048433762
0,171590,0.00048424877
0,171600,0.00048415991
0,171610,0.00048407112
0,171620,0.00048398235
0,171630,0.00048389364
0,171640,0.00048380496
0,171650,0.0004837163
0,171660,0.0004836277
0,171670,0.00048353913
0,171680,0.0004834506
0,171690,0.0004833621
0,171700,0.00048327362
0,171710,0.0004831852
0,171720,0.0004830968
0,171730,0.00048300845
0,171740,0.00048292015
0,171750,0.00048283188
0,171760,0.00048274364
0,171770,0.00048265542
0,171780,0.00048256727
0,171790,0.0004824791
0,171800,0.00048239104
0,171810,0.00048230297
0,171820,0.00048221496
0,171830,0.00048212698
0,171840,0.00048203903
0,171850,0.0004819511
0,171860,0.00048186324
0,171870,0.0004817754
0,171880,0.0004816876
0,171890,0.00048159985
0,171900,0.00048151214
0,171910,0.00048142445
0,171920,0.00048133679
0,171930,0.00048124918
0,171940,0.00048116158
0,171950,0.00048107406
0,171960,0.00048098655
0,171970,0.00048089906
0,171980,0.00048081164
0,171990,0.00048072424
0,172000,0.0004806369
0,172010,0.00048054956
0,172020,0.00048046227
0,172030,0.00048037502
0,172040,0.00048028782
0,172050,0.00048020063
0,172060,0.0004801135
0,172070,0.00048002639
0,172080,0.00047993934
0,172090,0.0004798523
0,172100,0.0004797653
0,172110,0.00047967833
0,172120,0.00047959143
0,172130,0.00047950452
0,172140,0.00047941768
0,172150,0.00047933086
0,172160,0.00047924407
0,172170,0.00047915734
0,172180,0.00047907064
0,172190,0.00047898397
0,172200,0.00047889733
0,172210,0.00047881075
0,172220,0.00047872416
0,172230,0.00047863764
0,172240,0.00047855117
0,172250,0.0004784647
0,172260,0.0004783783
0,172270,0.0004782919
0,172280,0.00047820556
0,172290,0.00047811924
0,172300,0.00047803298
0,172310,0.00047794674
0,172320,0.00047786054
0,172330,0.00047777436
0,172340,0.00047768824
0,172350,0.00047760212
0,172360,0.00047751606
0,172370,0.00047743006
0,172380,0.00047734406
0,172390,0.00047725812
0,172400,0.0004771722
0,172410,0.00047708632
0,172420,0.00047700046
0,172430,0.00047691466
0,172440,0.0004768289
0,172450,0.00047674315
0,172460,0.00047665744
0,172470,0.00047657176
0,172480,0.00047648614
0,172490,0.00047640054
0,172500,0.00047631498
0,172510,0.00047622944
0,172520,0.00047614396
0,172530,0.0004760585
0,172540,0.0004759731
0,172550,0.0004758877
0,172560,0.00047580234
0,172570,0.00047571704
0,172580,0.00047563176
0,172590,0.00047554652
0,172600,0.0004754613
0,172610,0.00047537615
0,172620,0.000475291
0,172630,0.0004752059
0,172640,0.00047512085
0,172650,0.0004750358
0,172660,0.0004749508
0,172670,0.00047486584
0,172680,0.0004747809
0,172690,0.00047469602
0,172700,0.00047461118
0,172710,0.00047452634
0,172720,0.00047444156
0,172730,0.0004743568
0,172740,0.0004742721
0,172750,0.0004741874
0,172760,0.00047410277
0,172770,0.00047401816
0,172780,0.0004739336
0,172790,0.00047384904
0,172800,0.00047376452
0,172810,0.00047368006
0,172820,0.00047359563
0,172830,0.00047351123
0,172840,0.00047342686
0,172850,0.00047334252
0,172860,0.00047325823
0,172870,0.00047317395
0,172880,0.00047308972
0,172890,0.00047300552
0,172900,0.00047292138
0,172910,0.00047283724
0,172920,0.00047275316
0,172930,0.0004726691
0,172940,0.0004725851
0,172950,0.0004725011
0,172960,0.00047241713
0,172970,0.00047233322
0,172980,0.00047224935
0,172990,0.0004721655
0,173000,0.00047208168
0,173010,0.0004719979
0,173020,0.00047191416
0,173030,0.00047183046
0,173040,0.00047174678
0,173050,0.00047166314
0,173060,0.00047157952
0,173070,0.00047149597
0,173080,0.0004714124
0,173090,0.0004713289
0,173100,0.00047124544
0,173110,0.000471162
0,173120,0.0004710786
0,173130,0.00047099523
0,173140,0.0004709119
0,173150,0.0004708286
0,173160,0.00047074535
0,173170,0.0004706621
0,173180,0.0004705789
0,173190,0.00047049575
0,173200,0.00047041263
0,173210,0.0004703295
0,173220,0.00047024648
0,173230,0.00047016345
0,173240,0.00047008044
0,173250,0.0004699975
0,173260,0.00046991458
0,173270,0.00046983166
0,173280,0.00046974883
0,173290,0.000469666
0,173300,0.0004695832
0,173310,0.00046950046
0,173320,0.00046941772
0,173330,0.00046933503
0,173340,0.00046925238
0,173350,0.00046916978
0,173360,0.0004690872
0,173370,0.00046900465
0,173380,0.0004689221
0,173390,0.00046883963
0,173400,0.00046875718
0,173410,0.00046867476
0,173420,0.0004685924
0,173430,0.00046851003
0,173440,0.00046842772
0,173450,0.00046834545
0,173460,0.0004682632
0,173470,0.00046818098
0,173480,0.0004680988
0,173490,0.00046801663
0,173500,0.00046793453
0,173510,0.00046785246
0,173520,0.0004677704
0,173530,0.0004676884
0,173540,0.0004676064
0,173550,0.00046752446
0,173560,0.00046744256
0,173570,0.00046736066
0,173580,0.00046727882
0,173590,0.000467197
0,173600,0.00046711523
0,173610,0.00046703347
0,173620,0.00046695175
0,173630,0.0004668701
0,173640,0.00046678845
0,173650,0.0004667068
0,173660,0.00046662524
0,173670,0.0004665437
0,173680,0.00046646217
0,173690,0.0004663807
0,173700,0.00046629924
0,173710,0.00046621784
0,173720,0.00046613647
0,173730,0.0004660551
0,173740,0.00046597378
0,173750,0.00046589252
0,173760,0.00046581126
0,173770,0.00046573003
0,173780,0.00046564886
0,173790,0.00046556772
0,173800,0.00046548658
0,173810,0.0004654055
0,173820,0.00046532444
0,173830,0.00046524344
0,173840,0.00046516245
0,173850,0.00046508148
0,173860,0.00046500057
0,173870,0.0004649197
0,173880,0.00046483884
0,173890,0.00046475802
0,173900,0.00046467723
0,173910,0.00046459647
0,173920,0.00046451573
0,173930,0.00046443506
0,173940,0.00046435438
0,173950,0.00046427376
0,173960,0.00046419317
0,173970,0.0004641126
0,173980,0.00046403208
0,173990,0.00046395158
0,174000,0.00046387114
0,174010,0.0004637907
0,174020,0.0004637103
0,174030,0.00046362993
0,174040,0.0004635496
0,174050,0.0004634693
0,174060,0.00046338903
0,174070,0.0004633088
0,174080,0.00046322859
0,174090,0.00046314843
0,174100,0.00046306828
0,174110,0.0004629882
0,174120,0.00046290812
0,174130,0.0004628281
0,174140,0.00046274805
0,174150,0.0004626681
0,174160,0.00046258816
0,174170,0.00046250824
0,174180,0.00046242835
0,174190,0.00046234851
0,174200,0.00046226868
0,174210,0.0004621889
0,174220,0.00046210916
0,174230,0.00046202945
0,174240,0.00046194976
0,174250,0.0004618701
0,174260,0.00046179048
0,174270,0.0004617109
0,174280,0.00046163134
0,174290,0.00046155183
0,174300,0.00046147231
0,174310,0.00046139286
0,174320,0.00046131344
0,174330,0.00046123404
0,174340,0.00046115468
0,174350,0.00046107534
0,174360,0.00046099603
0,174370,0.00046091675
0,174380,0.00046083753
0,174390,0.0004607583
0,174400,0.00046067915
0,174410,0.00046060001
0,174420,0.00046052088
0,174430,0.0004604418
0,174440,0.00046036276
0,174450,0.00046028374
0,174460,0.00046020478
0,174470,0.00046012583
0,174480,0.0004600469
0,174490,0.00045996803
0,174500,0.00045988915
0,174510,0.00045981034
0,174520,0.00045973153
0,174530,0.00045965277
0,174540,0.00045957405
0,174550,0.00045949535
0,174560,0.00045941668
0,174570,0.00045933804
0,174580,0.00045925943
0,174590,0.00045918088
0,174600,0.00045910233
0,174610,0.00045902384
0,174620,0.00045894535
0,174630,0.0004588669
0,174640,0.00045878848
0,174650,0.0004587101
0,174660,0.00045863175
0,174670,0.00045855343
0,174680,0.00045847514
0,174690,0.00045839688
0,174700,0.00045831865
0,174710,0.00045824045
0,174720,0.0004581623
0,174730,0.00045808416
0,174740,0.00045800608
0,174750,0.000457928
0,174760,0.00045784996
0,174770,0.00045777197
0,174780,0.00045769397
0,174790,0.00045761603
0,174800,0.00045753812
0,174810,0.00045746024
0,174820,0.00045738238
0,174830,0.00045730456
0,174840,0.00045722676
0,174850,0.00045714903
0,174860,0.0004570713
0,174870,0.00045699358
0,174880,0.00045691594
0,174890,0.0004568383
0,174900,0.0004567607
0,174910,0.0004566831
0,174920,0.00045660557
0,174930,0.00045652807
0,174940,0.0004564506
0,174950,0.00045637315
0,174960,0.00045629573
0,174970,0.00045621835
0,174980,0.000456141
0,174990,0.00045606366
0,175000,0.00045598636
0,175010,0.0004559091
0,175020,0.00045583188
0,175030,0.00045575466
0,175040,0.00045567748
0,175050,0.00045560036
0,175060,0.00045552323
0,175070,0.00045544616
0,175080,0.00045536913
0,175090,0.0004552921
0,175100,0.0004552151
0,175110,0.00045513816
0,175120,0.00045506124
0,175130,0.00045498434
0,175140,0.00045490745
0,175150,0.00045483062
0,175160,0.00045475384
0,175170,0.00045467707
0,175180,0.00045460032
0,175190,0.0004545236
0,175200,0.0004544469
0,175210,0.00045437025
0,175220,0.00045429365
0,175230,0.00045421705
0,175240,0.0004541405
0,175250,0.00045406396
0,175260,0.00045398748
0,175270,0.000453911
0,175280,0.00045383457
0,175290,0.00045375814
0,175300,0.00045368177
0,175310,0.00045360543
0,175320,0.0004535291
0,175330,0.0004534528
0,175340,0.00045337656
0,175350,0.00045330034
0,175360,0.00045322414
0,175370,0.00045314798
0,175380,0.00045307184
0,175390,0.00045299574
0,175400,0.00045291966
0,175410,0.0004528436
0,175420,0.0004527676
0,175430,0.0004526916
0,175440,0.00045261564
0,175450,0.00045253974
0,175460,0.00045246384
0,175470,0.00045238796
0,175480,0.00045231212
0,175490,0.00045223633
0,175500,0.00045216054
0,175510,0.00045208482
0,175520,0.0004520091
0,175530,0.0004519334
0,175540,0.00045185775
0,175550,0.0004517821
0,175560,0.00045170652
0,175570,0.00045163097
0,175580,0.00045155542
0,175590,0.00045147992
0,175600,0.00045140443
0,175610,0.000451329
0,175620,0.00045125358
0,175630,0.00045117817
0,175640,0.00045110282
0,175650,0.0004510275
0,175660,0.0004509522
0,175670,0.00045087692
0,175680,0.0004508017
0,175690,0.00045072648
0,175700,0.0004506513
0,175710,0.00045057616
0,175720,0.00045050104
0,175730,0.00045042593
0,175740,0.00045035087
0,175750,0.00045027584
0,175760,0.00045020084
0,175770,0.00045012587
0,175780,0.00045005092
0,175790,0.000449976
0,175800,0.00044990113
0,175810,0.00044982627
0,175820,0.00044975145
0,175830,0.00044967665
0,175840,0.00044960188
0,175850,0.00044952714
0,175860,0.00044945243
0,175870,0.00044937775
0,175880,0.0004493031
0,175890,0.00044922848
0,175900,0.00044915391
0,175910,0.00044907935
0,175920,0.00044900482
0,175930,0.0004489303
0,175940,0.00044885583
0,175950,0.0004487814
0,175960,0.00044870697
0,175970,0.00044863258
0,175980,0.00044855822
0,175990,0.0004484839
0,176000,0.0004484096
0,176010,0.00044833534
0,176020,0.0004482611
0,176030,0.00044818688
0,176040,0.0004481127
0,176050,0.00044803854
0,176060,0.0004479644
0,176070,0.0004478903
0,176080,0.00044781624
0,176090,0.00044774223
0,176100,0.00044766822
0,176110,0.00044759424
0,176120,0.0004475203
0,176130,0.00044744636
0,176140,0.00044737247
0,176150,0.0004472986
0,176160,0.00044722477
0,176170,0.00044715096
0,176180,0.00044707718
0,176190,0.00044700343
0,176200,0.0004469297
0,176210,0.00044685602
0,176220,0.00044678236
0,176230,0.00044670873
0,176240,0.00044663512
0,176250,0.00044656155
0,176260,0.000446488
0,176270,0.0004464145
0,176280,0.000446341
0,176290,0.00044626754
0,176300,0.0004461941
0,176310,0.0004461207
0,176320,0.0004460473
0,176330,0.00044597397
0,176340,0.00044590066
0,176350,0.00044582738
0,176360,0.00044575412
0,176370,0.00044568087
0,176380,0.00044560767
0,176390,0.0004455345
0,176400,0.00044546137
0,176410,0.00044538823
0,176420,0.00044531515
0,176430,0.0004452421
0,176440,0.00044516905
0,176450,0.00044509606
0,176460,0.00044502306
0,176470,0.00044495013
0,176480,0.0004448772
0,176490,0.00044480432
0,176500,0.00044473144
0,176510,0.00044465862
0,176520,0.0004445858
0,176530,0.00044451305
0,176540,0.0004444403
0,176550,0.00044436756
0,176560,0.00044429488
0,176570,0.0004442222
0,176580,0.00044414957
0,176590,0.00044407696
0,176600,0.00044400437
0,176610,0.00044393184
0,176620,0.00044385932
0,176630,0.00044378682
0,176640,0.00044371435
0,176650,0.0004436419
0,176660,0.0004435695
0,176670,0.00044349712
0,176680,0.00044342477
0,176690,0.00044335242
0,176700,0.00044328012
0,176710,0.00044320786
0,176720,0.00044313562
0,176730,0.00044306339
0,176740,0.0004429912
0,176750,0.00044291906
0,176760,0.0004428469
0,176770,0.00044277482
0,176780,0.00044270273
0,176790,0.0004426307
0,176800,0.00044255867
0,176810,0.0004424867
0,176820,0.00044241472
0,176830,0.00044234277
0,176840,0.00044227086
0,176850,0.000442199
0,176860,0.00044212714
0,176870,0.00044205532
0,176880,0.00044198352
0,176890,0.00044191175
0,176900,0.00044184
0,176910,0.0004417683
0,176920,0.0004416966
0,176930,0.00044162496
0,176940,0.0004415533
0,176950,0.0004414817
0,176960,0.00044141014
0,176970,0.00044133858
0,176980,0.00044126707
0,176990,0.00044119556
0,177000,0.0004411241
0,177010,0.00044105266
0,177020,0.00044098127
0,177030,0.00044090988
0,177040,0.0004408385
0,177050,0.00044076718
0,177060,0.00044069588
0,177070,0.0004406246
0,177080,0.00044055335
0,177090,0.00044048214
0,177100,0.00044041095
0,177110,0.0004403398
0,177120,0.00044026866
0,177130,0.00044019756
0,177140,0.00044012646
0,177150,0.00044005542
0,177160,0.00043998437
0,177170,0.0004399134
0,177180,0.0004398424
0,177190,0.00043977148
0,177200,0.00043970055
0,177210,0.00043962966
0,177220,0.0004395588
0,177230,0.00043948795
0,177240,0.00043941714
0,177250,0.00043934636
0,177260,0.0004392756
0,177270,0.0004392049
0,177280,0.0004391342
0,177290,0.0004390635
0,177300,0.00043899287
0,177310,0.00043892226
0,177320,0.00043885165
0,177330,0.00043878108
0,177340,0.00043871056
0,177350,0.00043864004
0,177360,0.00043856955
0,177370,0.0004384991
0,177380,0.00043842866
0,177390,0.00043835826
0,177400,0.00043828788
0,177410,0.00043821754
0,177420,0.00043814722
0,177430,0.00043807694
0,177440,0.00043800665
0,177450,0.00043793643
0,177460,0.0004378662
0,177470,0.000437796
0,177480,0.00043772586
0,177490,0.00043765572
0,177500,0.0004375856
0,177510,0.00043751553
0,177520,0.00043744547
0,177530,0.00043737545
0,177540,0.00043730545
0,177550,0.0004372355
0,177560,0.00043716552
0,177570,0.00043709562
0,177580,0.0004370257
0,177590,0.00043695586
0,177600,0.000436886
0,177610,0.0004368162
0,177620,0.0004367464
0,177630,0.00043667664
0,177640,0.0004366069
0,177650,0.0004365372
0,177660,0.00043646753
0,177670,0.00043639788
0,177680,0.00043632824
0,177690,0.00043625865
0,177700,0.00043618906
0,177710,0.00043611953
0,177720,0.00043605
0,177730,0.0004359805
0,177740,0.00043591103
0,177750,0.0004358416
0,177760,0.00043577218
0,177770,0.0004357028
0,177780,0.0004356334
0,177790,0.00043556408
0,177800,0.0004354948
0,177810,0.0004354255
0,177820,0.00043535623
0,177830,0.00043528702
0,177840,0.0004352178
0,177850,0.00043514863
0,177860,0.00043507948
0,177870,0.00043501036
0,177880,0.00043494123
0,177890,0.00043487217
0,177900,0.0004348031
0,177910,0.0004347341
0,177920,0.0004346651
0,177930,0.00043459615
0,177940,0.0004345272
0,177950,0.00043445828
0,177960,0.0004343894
0,177970,0.0004343205
0,177980,0.00043425168
0,177990,0.00043418288
0,178000,0.00043411407
0,178010,0.00043404533
0,178020,0.0004339766
0,178030,0.00043390787
0,178040,0.0004338392
0,178050,0.00043377053
0,178060,0.0004337019
0,178070,0.0004336333
0,178080,0.00043356474
0,178090,0.00043349617
0,178100,0.00043342766
0,178110,0.00043335915
0,178120,0.00043329067
0,178130,0.00043322225
0,178140,0.00043315382
0,178150,0.0004330854
0,178160,0.00043301703
0,178170,0.0004329487
0,178180,0.00043288036
0,178190,0.00043281208
0,178200,0.0004327438
0,178210,0.00043267556
0,178220,0.00043260737
0,178230,0.00043253918
0,178240,0.000432471
0,178250,0.00043240286
0,178260,0.00043233475
0,178270,0.00043226665
0,178280,0.0004321986
0,178290,0.00043213056
0,178300,0.00043206254
0,178310,0.00043199456
0,178320,0.0004319266
0,178330,0.00043185867
0,178340,0.00043179077
0,178350,0.00043172287
0,178360,0.00043165503
0,178370,0.0004315872
0,178380,0.00043151938
0,178390,0.0004314516
0,178400,0.00043138384
0,178410,0.00043131612
0,178420,0.00043124842
0,178430,0.00043118073
0,178440,0.0004311131
0,178450,0.00043104545
0,178460,0.00043097785
0,178470,0.00043091027
0,178480,0.00043084272
0,178490,0.0004307752
0,178500,0.0004307077
0,178510,0.0004306402
0,178520,0.00043057278
0,178530,0.00043050534
0,178540,0.00043043794
0,178550,0.00043037056
0,178560,0.00043030322
0,178570,0.0004302359
0,178580,0.0004301686
0,178590,0.00043010133
0,178600,0.0004300341
0,178610,0.00042996687
0,178620,0.00042989966
0,178630,0.0004298325
0,178640,0.00042976535
0,178650,0.0004296982
0,178660,0.00042963112
0,178670,0.00042956404
0,178680,0.000429497
0,178690,0.00042943
0,178700,0.000429363
0,178710,0.00042929602
0,178720,0.00042922905
0,178730,0.00042916214
0,178740,0.00042909523
0,178750,0.00042902838
0,178760,0.00042896153
0,178770,0.0004288947
0,178780,0.00042882792
0,178790,0.00042876115
0,178800,0.0004286944
0,178810,0.00042862768
0,178820,0.00042856098
0,178830,0.0004284943
0,178840,0.00042842765
0,178850,0.00042836103
0,178860,0.00042829444
0,178870,0.00042822785
0,178880,0.00042816132
0,178890,0.0004280948
0,178900,0.0004280283
0,178910,0.00042796182
0,178920,0.00042789537
0,178930,0.00042782896
0,178940,0.00042776254
0,178950,0.00042769618
0,178960,0.00042762983
0,178970,0.0004275635
0,178980,0.0004274972
0,178990,0.00042743093
0,179000,0.00042736466
0,179010,0.00042729845
0,179020,0.00042723224
0,179030,0.00042716606
0,179040,0.0004270999
0,179050,0.00042703378
0,179060,0.0004269677
0,179070,0.00042690162
0,179080,0.00042683556
0,179090,0.00042676952
0,179100,0.0004267035
0,179110,0.00042663753
0,179120,0.00042657158
0,179130,0.00042650566
0,179140,0.00042643974
0,179150,0.00042637385
0,179160,0.000426308
0,179170,0.00042624216
0,179180,0.00042617635
0,179190,0.00042611058
0,179200,0.0004260448
0,179210,0.0004259791
0,179220,0.00042591337
0,179230,0.00042584768
0,179240,0.00042578203
0,179250,0.00042571637
0,179260,0.00042565077
0,179270,0.00042558517
0,179280,0.0004255196
0,179290,0.00042545405
0,179300,0.00042538854
0,179310,0.00042532306
0,179320,0.0004252576
0,179330,0.00042519215
0,179340,0.00042512672
0,179350,0.00042506133
0,179360,0.00042499596
0,179370,0.00042493062
0,179380,0.00042486528
0,179390,0.00042479998
0,179400,0.00042473472
0,179410,0.00042466947
0,179420,0.00042460422
0,179430,0.00042453903
0,179440,0.00042447384
0,179450,0.0004244087
0,179460,0.00042434357
0,179470,0.00042427846
0,179480,0.0004242134
0,179490,0.0004241483
0,179500,0.0004240833
0,179510,0.00042401828
0,179520,0.0004239533
0,179530,0.00042388833
0,179540,0.0004238234
0,179550,0.00042375847
0,179560,0.00042369356
0,179570,0.00042362872
0,179580,0.00042356388
0,179590,0.00042349906
0,179600,0.00042343425
0,179610,0.0004233695
0,179620,0.00042330474
0,179630,0.00042324
0,179640,0.0004231753
0,179650,0.00042311064
0,179660,0.00042304597
0,179670,0.00042298136
0,179680,0.00042291675
0,179690,0.00042285217
0,179700,0.00042278762
0,179710,0.00042272307
0,179720,0.00042265857
0,179730,0.00042259408
0,179740,0.0004225296
0,179750,0.00042246518
0,179760,0.00042240077
0,179770,0.00042233636
0,179780,0.000422272
0,179790,0.00042220767
0,179800,0.00042214335
0,179810,0.00042207903
0,179820,0.00042201477
0,179830,0.0004219505
0,179840,0.00042188627
0,179850,0.00042182207
0,179860,0.0004217579
0,179870,0.00042169375
0,179880,0.0004216296
0,179890,0.00042156552
0,179900,0.00042150143
0,179910,0.00042143735
0,179920,0.00042137332
0,179930,0.00042130932
0,179940,0.00042124532
0,179950,0.00042118135
0,179960,0.0004211174
0,179970,0.00042105347
0,179980,0.00042098959
0,179990,0.0004209257
0,180000,0.00042086185
0,180010,0.00042079802
0,180020,0.00042073423
0,180030,0.00042067043
0,180040,0.0004206067
0,180050,0.00042054296
0,180060,0.00042047922
0,180070,0.00042041554
0,180080,0.0004203519
0,180090,0.00042028824
0,180100,0.00042022462
0,180110,0.00042016103
0,180120,0.00042009747
0,180130,0.0004200339
0,180140,0.00041997037
0,180150,0.00041990686
0,180160,0.0004198434
0,180170,0.00041977994
0,180180,0.0004197165
0,180190,0.00041965308
0,180200,0.0004195897
0,180210,0.00041952633
0,180220,0.000419463
0,180230,0.00041939967
0,180240,0.0004193364
0,180250,0.00041927313
0,180260,0.00041920986
0,180270,0.00041914664
0,180280,0.00041908343
0,180290,0.00041902025
0,180300,0.0004189571
0,180310,0.00041889396
0,180320,0.00041883087
0,180330,0.00041876777
0,180340,0.0004187047
0,180350,0.00041864166
0,180360,0.00041857862
0,180370,0.00041851564
0,180380,0.00041845266
0,180390,0.0004183897
0,180400,0.0004183268
0,180410,0.0004182639
0,180420,0.000418201
0,180430,0.00041813814
0,180440,0.0004180753
0,180450,0.0004180125
0,180460,0.0004179497
0,180470,0.00041788694
0,180480,0.0004178242
0,180490,0.00041776145
0,180500,0.00041769876
0,180510,0.00041763607
0,180520,0.00041757344
0,180530,0.0004175108
0,180540,0.00041744817
0,180550,0.0004173856
0,180560,0.00041732303
0,180570,0.00041726048
0,180580,0.00041719797
0,180590,0.00041713548
0,180600,0.000417073
0,180610,0.00041701054
0,180620,0.0004169481
0,180630,0.0004168857
0,180640,0.00041682334
0,180650,0.00041676097
0,180660,0.00041669863
0,180670,0.00041663632
0,180680,0.000416574
0,180690,0.00041651176
0,180700,0.0004164495
0,180710,0.00041638728
0,180720,0.00041632506
0,180730,0.0004162629
0,180740,0.00041620072
0,180750,0.0004161386
0,180760,0.00041607648
0,180770,0.00041601437
0,180780,0.00041595232
0,180790,0.00041589027
0,180800,0.00041582825
0,180810,0.00041576623
0,180820,0.00041570427
0,180830,0.0004156423
0,180840,0.00041558038
0,180850,0.00041551844
0,180860,0.00041545657
0,180870,0.0004153947
0,180880,0.00041533285
0,180890,0.00041527103
0,180900,0.00041520922
0,180910,0.00041514743
0,180920,0.00041508567
0,180930,0.00041502394
0,180940,0.00041496224
0,180950,0.00041490054
0,180960,0.00041483887
0,180970,0.00041477723
0,180980,0.0004147156
0,180990,0.000414654
0,181000,0.00041459242
0,181010,0.00041453086
0,181020,0.00041446934
0,181030,0.0004144078
0,181040,0.00041434632
0,181050,0.00041428485
0,181060,0.0004142234
0,181070,0.00041416197
0,181080,0.00041410056
0,181090,0.00041403918
0,181100,0.00041397783
0,181110,0.00041391648
0,181120,0.00041385516
0,181130,0.00041379387
0,181140,0.0004137326
0,181150,0.00041367137
0,181160,0.00041361013
0,181170,0.00041354893
0,181180,0.00041348772
0,181190,0.00041342658
0,181200,0.00041336543
0,181210,0.0004133043
0,181220,0.00041324322
0,181230,0.00041318213
0,181240,0.00041312107
0,181250,0.00041306004
0,181260,0.00041299904
0,181270,0.00041293807
0,181280,0.0004128771
0,181290,0.00041281615
0,181300,0.0004127552
0,181310,0.00041269432
0,181320,0.00041263344
0,181330,0.00041257258
0,181340,0.00041251176
0,181350,0.00041245093
0,181360,0.00041239013
0,181370,0.00041232936
0,181380,0.00041226862
0,181390,0.00041220788
0,181400,0.00041214717
0,181410,0.0004120865
0,181420,0.00041202584
0,181430,0.0004119652
0,181440,0.00041190456
0,181450,0.00041184397
0,181460,0.0004117834
0,181470,0.00041172284
0,181480,0.0004116623
0,181490,0.0004116018
0,181500,0.00041154132
0,181510,0.00041148084
0,181520,0.0004114204
0,181530,0.00041135997
0,181540,0.00041129955
0,181550,0.00041123916
0,181560,0.0004111788
0,181570,0.00041111847
0,181580,0.00041105814
0,181590,0.00041099786
0,181600,0.0004109376
0,181610,0.0004108773
0,181620,0.0004108171
0,181630,0.00041075688
0,181640,0.0004106967
0,181650,0.0004106365
0,181660,0.00041057638
0,181670,0.00041051625
0,181680,0.00041045612
0,181690,0.00041039605
0,181700,0.00041033598
0,181710,0.00041027594
0,181720,0.00041021593
0,181730,0.00041015592
0,181740,0.00041009593
0,181750,0.00041003598
0,181760,0.00040997606
0,181770,0.00040991613
0,181780,0.00040985623
0,181790,0.00040979637
0,181800,0.00040973653
0,181810,0.0004096767
0,181820,0.00040961689
0,181830,0.0004095571
0,181840,0.00040949733
0,181850,0.00040943758
0,181860,0.00040937786
0,181870,0.00040931816
0,181880,0.00040925847
0,181890,0.0004091988
0,181900,0.00040913917
0,181910,0.00040907954
0,181920,0.00040901997
0,181930,0.0004089604
0,181940,0.0004089008
0,181950,0.0004088413
0,181960,0.00040878178
0,181970,0.0004087223
0,181980,0.0004086628
0,181990,0.00040860334
0,182000,0.0004085439
0,182010,0.0004084845
0,182020,0.0004084251
0,182030,0.00040836577
0,182040,0.0004083064
0,182050,0.00040824708
0,182060,0.00040818777
0,182070,0.0004081285
0,182080,0.00040806923
0,182090,0.00040801
0,182100,0.00040795078
0,182110,0.00040789158
0,182120,0.00040783238
0,182130,0.00040777322
0,182140,0.00040771408
0,182150,0.00040765497
0,182160,0.0004075959
0,182170,0.0004075368
0,182180,0.00040747775
0,182190,0.0004074187
0,182200,0.0004073597
0,182210,0.0004073007
0,182220,0.00040724172
0,182230,0.0004071828
0,182240,0.00040712385
0,182250,0.00040706494
0,182260,0.00040700604
0,182270,0.00040694716
0,182280,0.0004068883
0,182290,0.0004068295
0,182300,0.00040677068
0,182310,0.0004067119
0,182320,0.00040665313
0,182330,0.0004065944
0,182340,0.00040653566
0,182350,0.00040647696
0,182360,0.00040641826
0,182370,0.0004063596
0,182380,0.00040630097
0,182390,0.00040624235
0,182400,0.00040618374
0,182410,0.00040612515
0,182420,0.0004060666
0,182430,0.00040600807
0,182440,0.00040594954
0,182450,0.00040589104
0,182460,0.00040583254
0,182470,0.0004057741
0,182480,0.00040571566
0,182490,0.00040565722
0,182500,0.00040559884
0,182510,0.00040554046
0,182520,0.0004054821
0,182530,0.00040542375
0,182540,0.00040536546
0,182550,0.00040530716
0,182560,0.00040524887
0,182570,0.00040519063
0,182580,0.0004051324
0,182590,0.00040507416
0,182600,0.00040501598
0,182610,0.0004049578
0,182620,0.00040489965
0,182630,0.0004048415
0,182640,0.00040478338
0,182650,0.0004047253
0,182660,0.00040466723
0,182670,0.00040460916
0,182680,0.00040455113
0,182690,0.00040449313
0,182700,0.00040443512
0,182710,0.00040437715
0,182720,0.0004043192
0,182730,0.00040426126
0,182740,0.00040420337
0,182750,0.00040414545
0,182760,0.0004040876
0,182770,0.00040402974
0,182780,0.0004039719
0,182790,0.0004039141
0,182800,0.0004038563
0,182810,0.00040379853
0,182820,0.00040374076
0,182830,0.00040368305
0,182840,0.00040362534
0,182850,0.00040356762
0,182860,0.00040350997
0,182870,0.00040345232
0,182880,0.0004033947
0,182890,0.00040333706
0,182900,0.00040327947
0,182910,0.0004032219
0,182920,0.00040316433
0,182930,0.00040310682
0,182940,0.00040304931
0,182950,0.0004029918
0,182960,0.00040293433
0,182970,0.00040287687
0,182980,0.00040281945
0,182990,0.00040276203
0,183000,0.00040270464
0,183010,0.00040264727
0,183020,0.0004025899
0,183030,0.00040253258
0,183040,0.00040247527
0,183050,0.00040241797
0,183060,0.0004023607
0,183070,0.00040230344
0,183080,0.0004022462
0,183090,0.00040218898
0,183100,0.0004021318
0,183110,0.0004020746
0,183120,0.00040201744
0,183130,0.0004019603
0,183140,0.0004019032
0,183150,0.0004018461
0,183160,0.00040178903
0,183170,0.00040173196
0,183180,0.00040167492
0,183190,0.0004016179
0,183200,0.00040156092
0,183210,0.00040150393
0,183220,0.00040144697
0,183230,0.00040139002
0,183240,0.0004013331
0,183250,0.0004012762
0,183260,0.00040121932
0,183270,0.00040116246
0,183280,0.00040110562
0,183290,0.00040104878
0,183300,0.00040099196
0,183310,0.00040093518
0,183320,0.00040087843
0,183330,0.00040082168
0,183340,0.00040076495
0,183350,0.00040070826
0,183360,0.00040065157
0,183370,0.0004005949
0,183380,0.00040053824
0,183390,0.00040048163
0,183400,0.000400425
0,183410,0.00040036842
0,183420,0.00040031184
0,183430,0.0004002553
0,183440,0.00040019877
0,183450,0.00040014225
0,183460,0.00040008576
0,183470,0.00040002927
0,183480,0.00039997284
0,183490,0.00039991637
0,183500,0.00039985997
0,183510,0.00039980357
0,183520,0.0003997472
0,183530,0.00039969085
0,183540,0.0003996345
0,183550,0.0003995782
0,183560,0.00039952187
0,183570,0.00039946559
0,183580,0.00039940933
0,183590,0.0003993531
0,183600,0.00039929687
0,183610,0.00039924067
0,183620,0.00039918447
0,183630,0.0003991283
0,183640,0.00039907216
0,183650,0.00039901602
0,183660,0.0003989599
0,183670,0.00039890382
0,183680,0.00039884777
0,183690,0.00039879172
0,183700,0.00039873566
0,183710,0.00039867967
0,183720,0.00039862367
0,183730,0.00039856767
0,183740,0.00039851174
0,183750,0.0003984558
0,183760,0.00039839986
0,183770,0.00039834398
0,183780,0.0003982881
0,183790,0.00039823222
0,183800,0.0003981764
0,183810,0.00039812055
0,183820,0.00039806476
0,183830,0.00039800897
0,183840,0.0003979532
0,183850,0.00039789747
0,183860,0.00039784174
0,183870,0.00039778603
0,183880,0.00039773033
0,183890,0.00039767465
0,183900,0.000397619
0,183910,0.00039756336
0,183920,0.00039750774
0,183930,0.00039745215
0,183940,0.0003973966
0,183950,0.00039734103
0,183960,0.00039728548
0,183970,0.00039722995
0,183980,0.00039717444
0,183990,0.00039711897
0,184000,0.0003970635
0,184010,0.00039700806
0,184020,0.00039695264
0,184030,0.00039689723
0,184040,0.00039684185
0,184050,0.00039678646
0,184060,0.0003967311
0,184070,0.00039667578
0,184080,0.00039662045
0,184090,0.00039656516
0,184100,0.0003965099
0,184110,0.00039645462
0,184120,0.00039639938
0,184130,0.00039634417
0,184140,0.00039628896
0,184150,0.00039623378
0,184160,0.0003961786
0,184170,0.00039612348
0,184180,0.00039606832
0,184190,0.00039601323
0,184200,0.00039595814
0,184210,0.00039590307
0,184220,0.000395848
0,184230,0.00039579297
0,184240,0.00039573794
0,184250,0.00039568296
0,184260,0.00039562798
0,184270,0.000395573
0,184280,0.00039551806
0,184290,0.00039546314
0,184300,0.00039540822
0,184310,0.00039535336
0,184320,0.00039529847
0,184330,0.00039524364
0,184340,0.0003951888
0,184350,0.00039513397
0,184360,0.00039507917
0,184370,0.0003950244
0,184380,0.00039496965
0,184390,0.0003949149
0,184400,0.0003948602
0,184410,0.00039480548
0,184420,0.0003947508
0,184430,0.00039469614
0,184440,0.00039464148
0,184450,0.00039458685
0,184460,0.00039453222
0,184470,0.00039447765
0,184480,0.00039442306
0,184490,0.00039436852
0,184500,0.00039431397
0,184510,0.00039425943
0,184520,0.00039420495
0,184530,0.00039415047
0,184540,0.000394096
0,184550,0.00039404153
0,184560,0.0003939871
0,184570,0.0003939327
0,184580,0.00039387832
0,184590,0.00039382392
0,184600,0.0003937696
0,184610,0.00039371525
0,184620,0.0003936609
0,184630,0.00039360664
0,184640,0.00039355233
0,184650,0.00039349808
0,184660,0.00039344383
0,184670,0.00039338958
0,184680,0.0003933354
0,184690,0.0003932812
0,184700,0.000393227
0,184710,0.00039317284
0,184720,0.0003931187
0,184730,0.0003930646
0,184740,0.0003930105
0,184750,0.0003929564
0,184760,0.00039290235
0,184770,0.00039284828
0,184780,0.00039279426
0,184790,0.00039274024
0,184800,0.00039268626
0,184810,0.00039263227
0,184820,0.0003925783
0,184830,0.00039252438
0,184840,0.00039247045
0,184850,0.00039241655
0,184860,0.00039236265
0,184870,0.00039230878
0,184880,0.00039225494
0,184890,0.0003922011
0,184900,0.00039214728
0,184910,0.0003920935
0,184920,0.0003920397
0,184930,0.00039198596
0,184940,0.0003919322
0,184950,0.00039187848
0,184960,0.00039182475
0,184970,0.0003917711
0,184980,0.0003917174
0,184990,0.00039166375
0,185000,0.0003916101
0,185010,0.0003915565
0,185020,0.0003915029
0,185030,0.0003914493
0,185040,0.00039139573
0,185050,0.00039134218
0,185060,0.00039128866
0,185070,0.00039123514
0,185080,0.00039118165
0,185090,0.00039112818
0,185100,0.00039107472
0,185110,0.00039102128
0,185120,0.00039096785
0,185130,0.00039091444
0,185140,0.00039086104
0,185150,0.0003908077
0,185160,0.0003907543
0,185170,0.000390701
0,185180,0.00039064768
0,185190,0.00039059436
0,185200,0.00039054107
0,185210,0.0003904878
0,185220,0.00039043458
0,185230,0.00039038135
0,185240,0.00039032812
0,185250,0.00039027492
0,185260,0.00039022174
0,185270,0.0003901686
0,185280,0.00039011546
0,185290,0.0003900623
0,185300,0.00039000923
0,185310,0.0003899561
0,185320,0.00038990306
0,185330,0.00038985
0,185340,0.00038979697
0,185350,0.00038974395
0,185360,0.00038969095
0,185370,0.00038963795
0,185380,0.00038958498
0,185390,0.00038953204
0,185400,0.0003894791
0,185410,0.0003894262
0,185420,0.00038937328
0,185430,0.0003893204
0,185440,0.00038926754
0,185450,0.0003892147
0,185460,0.00038916187
0,185470,0.00038910905
0,185480,0.00038905625
0,185490,0.0003890035
0,185500,0.00038895072
0,185510,0.00038889798
0,185520,0.00038884525
0,185530,0.00038879254
0,185540,0.00038873986
0,185550,0.0003886872
0,185560,0.00038863454
0,185570,0.0003885819
0,185580,0.00038852927
0,185590,0.00038847665
0,185600,0.0003884241
0,185610,0.0003883715
0,185620,0.00038831896
0,185630,0.0003882664
0,185640,0.0003882139
0,185650,0.0003881614
0,185660,0.00038810892
0,185670,0.00038805645
0,185680,0.000388004
0,185690,0.00038795156
0,185700,0.00038789914
0,185710,0.00038784675
0,185720,0.00038779437
0,185730,0.000387742
0,185740,0.00038768965
0,185750,0.00038763732
0,185760,0.00038758502
0,185770,0.00038753272
0,185780,0.00038748045
0,185790,0.00038742818
0,185800,0.00038737594
0,185810,0.0003873237
0,185820,0.00038727152
0,185830,0.0003872193
0,185840,0.00038716712
0,185850,0.00038711497
0,185860,0.00038706284
0,185870,0.00038701072
0,185880,0.0003869586
0,185890,0.0003869065
0,185900,0.00038685443
0,185910,0.0003868024
0,185920,0.00038675033
0,185930,0.00038669832
0,185940,0.0003866463
0,185950,0.00038659433
0,185960,0.00038654235
0,185970,0.0003864904
0,185980,0.00038643845
0,185990,0.00038638653
0,186000,0.00038633464
0,186010,0.00038628274
0,186020,0.00038623085
0,186030,0.00038617902
0,186040,0.00038612718
0,186050,0.00038607535
0,186060,0.00038602354
0,186070,0.00038597177
0,186080,0.00038592
0,186090,0.00038586825
0,186100,0.0003858165
0,186110,0.00038576478
0,186120,0.00038571307
0,186130,0.00038566138
0,186140,0.00038560972
0,186150,0.00038555806
0,186160,0.00038550643
0,186170,0.0003854548
0,186180,0.0003854032
0,186190,0.00038535162
0,186200,0.00038530005
0,186210,0.0003852485
0,186220,0.00038519697
0,186230,0.00038514545
0,186240,0.00038509394
0,186250,0.00038504245
0,186260,0.000384991
0,186270,0.00038493954
0,186280,0.0003848881
0,186290,0.0003848367
0,186300,0.00038478526
0,186310,0.0003847339
0,186320,0.00038468253
0,186330,0.00038463116
0,186340,0.00038457982
0,186350,0.0003845285
0,186360,0.0003844772
0,186370,0.00038442592
0,186380,0.00038437464
0,186390,0.0003843234
0,186400,0.00038427216
0,186410,0.00038422094
0,186420,0.00038416972
0,186430,0.00038411855
0,186440,0.00038406736
0,186450,0.00038401622
0,186460,0.0003839651
0,186470,0.00038391395
0,186480,0.00038386285
0,186490,0.00038381177
0,186500,0.0003837607
0,186510,0.00038370962
0,186520,0.0003836586
0,186530,0.00038360758
0,186540,0.00038355656
0,186550,0.00038350557
0,186560,0.00038345458
0,186570,0.00038340365
0,186580,0.0003833527
0,186590,0.00038330175
0,186600,0.00038325085
0,186610,0.00038319998
0,186620,0.00038314908
0,186630,0.00038309823
0,186640,0.0003830474
0,186650,0.00038299657
0,186660,0.00038294576
0,186670,0.00038289494
0,186680,0.00038284418
0,186690,0.0003827934
0,186700,0.00038274267
0,186710,0.00038269194
0,186720,0.0003826412
0,186730,0.00038259052
0,186740,0.00038253985
0,186750,0.00038248918
0,186760,0.00038243853
0,186770,0.0003823879
0,186780,0.00038233728
0,186790,0.00038228667
0,186800,0.0003822361
0,186810,0.00038218554
0,186820,0.00038213498
0,186830,0.00038208443
0,186840,0.00038203393
0,186850,0.0003819834
0,186860,0.00038193294
0,186870,0.00038188245
0,186880,0.000381832
0,186890,0.00038178157
0,186900,0.00038173114
0,186910,0.00038168073
0,186920,0.00038163035
0,186930,0.00038157997
0,186940,0.00038152962
0,186950,0.00038147927
0,186960,0.00038142895
0,186970,0.00038137863
0,186980,0.00038132834
0,186990,0.00038127805
0,187000,0.0003812278
0,187010,0.00038117755
0,187020,0.00038112732
0,187030,0.00038107712
0,187040,0.0003810269
0,187050,0.0003809767
0,187060,0.00038092656
0,187070,0.00038087642
0,187080,0.00038082627
0,187090,0.00038077615
0,187100,0.00038072604
0,187110,0.00038067595
0,187120,0.0003806259
0,187130,0.00038057583
0,187140,0.0003805258
0,187150,0.00038047577
0,187160,0.00038042577
0,187170,0.00038037577
0,187180,0.0003803258
0,187190,0.00038027583
0,187200,0.0003802259
0,187210,0.00038017597
0,187220,0.00038012606
0,187230,0.00038007615
0,187240,0.00038002626
0,187250,0.0003799764
0,187260,0.00037992655
0,187270,0.00037987673
0,187280,0.0003798269
0,187290,0.0003797771
0,187300,0.0003797273
0,187310,0.00037967754
0,187320,0.0003796278
0,187330,0.00037957806
0,187340,0.00037952833
0,187350,0.00037947862
0,187360,0.00037942894
0,187370,0.00037937926
0,187380,0.00037932958
0,187390,0.00037927995
0,187400,0.0003792303
0,187410,0.0003791807
0,187420,0.0003791311
0,187430,0.00037908152
0,187440,0.00037903196
0,187450,0.0003789824
0,187460,0.00037893286
0,187470,0.00037888336
0,187480,0.00037883385
0,187490,0.00037878435
0,187500,0.00037873487
0,187510,0.00037868542
0,187520,0.00037863597
0,187530,0.00037858656
0,187540,0.00037853714
0,187550,0.00037848775
0,187560,0.00037843836
0,187570,0.000378389
0,187580,0.00037833964
0,187590,0.0003782903
0,187600,0.000378241
0,187610,0.0003781917
0,187620,0.0003781424
0,187630,0.00037809313
0,187640,0.0003780439
0,187650,0.00037799464
0,187660,0.00037794543
0,187670,0.0003778962
0,187680,0.000377847
0,187690,0.00037779784
0,187700,0.00037774866
0,187710,0.00037769953
0,187720,0.0003776504
0,187730,0.00037760127
0,187740,0.00037755218
0,187750,0.00037750308
0,187760,0.000377454
0,187770,0.00037740497
0,187780,0.00037735593
0,187790,0.0003773069
0,187800,0.00037725788
0,187810,0.0003772089
0,187820,0.00037715991
0,187830,0.00037711093
0,187840,0.00037706198
0,187850,0.00037701306
0,187860,0.00037696413
0,187870,0.00037691524
0,187880,0.00037686634
0,187890,0.00037681748
0,187900,0.0003767686
0,187910,0.00037671978
0,187920,0.00037667097
0,187930,0.00037662213
0,187940,0.00037657336
0,187950,0.00037652458
0,187960,0.0003764758
0,187970,0.00037642705
0,187980,0.00037637833
0,187990,0.0003763296
0,188000,0.0003762809
0,188010,0.0003762322
0,188020,0.00037618354
0,188030,0.00037613488
0,188040,0.00037608622
0,188050,0.00037603758
0,188060,0.00037598898
0,188070,0.00037594038
0,188080,0.0003758918
0,188090,0.00037584323
0,188100,0.00037579468
0,188110,0.00037574614
0,188120,0.00037569762
0,188130,0.0003756491
0,188140,0.00037560062
0,188150,0.00037555213
0,188160,0.00037550367
0,188170,0.00037545522
0,188180,0.0003754068
0,188190,0.0003753584
0,188200,0.00037530996
0,188210,0.0003752616
0,188220,0.00037521322
0,188230,0.00037516485
0,188240,0.0003751165
0,188250,0.0003750682
0,188260,0.00037501988
0,188270,0.00037497157
0,188280,0.0003749233
0,188290,0.00037487503
0,188300,0.00037482678
0,188310,0.00037477852
0,188320,0.0003747303
0,188330,0.0003746821
0,188340,0.0003746339
0,188350,0.0003745857
0,188360,0.00037453757
0,188370,0.0003744894
0,188380,0.00037444127
0,188390,0.00037439316
0,188400,0.00037434505
0,188410,0.00037429697
0,188420,0.0003742489
0,188430,0.00037420084
0,188440,0.0003741528
0,188450,0.00037410474
0,188460,0.00037405675
0,188470,0.00037400873
0,188480,0.00037396076
0,188490,0.00037391277
0,188500,0.00037386484
0,188510,0.00037381687
0,188520,0.00037376897
0,188530,0.00037372104
0,188540,0.00037367316
0,188550,0.00037362525
0,188560,0.0003735774
0,188570,0.00037352953
0,188580,0.00037348171
0,188590,0.0003734339
0,188600,0.00037338608
0,188610,0.0003733383
0,188620,0.0003732905
0,188630,0.00037324274
0,188640,0.00037319498
0,188650,0.00037314725
0,188660,0.00037309952
0,188670,0.00037305182
0,188680,0.00037300412
0,188690,0.00037295645
0,188700,0.0003729088
0,188710,0.00037286113
0,188720,0.00037281352
0,188730,0.0003727659
0,188740,0.0003727183
0,188750,0.0003726707
0,188760,0.00037262312
0,188770,0.00037257557
0,188780,0.000372528
0,188790,0.00037248048
0,188800,0.000372433
0,188810,0.00037238546
0,188820,0.000372338
0,188830,0.00037229052
0,188840,0.00037224306
0,188850,0.00037219562
0,188860,0.00037214818
0,188870,0.00037210077
0,188880,0.00037205336
0,188890,0.00037200598
0,188900,0.00037195862
0,188910,0.00037191124
0,188920,0.00037186392
0,188930,0.0003718166
0,188940,0.00037176927
0,188950,0.00037172198
0,188960,0.0003716747
0,188970,0.00037162742
0,188980,0.00037158016
0,188990,0.00037153292
0,189000,0.0003714857
0,189010,0.00037143848
0,189020,0.00037139127
0,189030,0.0003713441
0,189040,0.00037129692
0,189050,0.00037124977
0,189060,0.00037120262
0,189070,0.0003711555
0,189080,0.00037110838
0,189090,0.0003710613
0,189100,0.0003710142
0,189110,0.00037096714
0,189120,0.00037092008
0,189130,0.00037087305
0,189140,0.00037082602
0,189150,0.00037077902
0,189160,0.000370732
0,189170,0.00037068504
0,189180,0.00037063807
0,189190,0.0003705911
0,189200,0.00037054418
0,189210,0.00037049723
0,189220,0.00037045032
0,189230,0.00037040343
0,189240,0.00037035655
0,189250,0.0003703097
0,189260,0.00037026283
0,189270,0.00037021597
0,189280,0.00037016915
0,189290,0.00037012235
0,189300,0.00037007555
0,189310,0.00037002875
0,189320,0.00036998198
0,189330,0.00036993524
0,189340,0.0003698885
0,189350,0.00036984176
0,189360,0.00036979505
0,189370,0.00036974836
0,189380,0.00036970165
0,189390,0.000369655
0,189400,0.00036960834
0,189410,0.0003695617
0,189420,0.00036951507
0,189430,0.00036946844
0,189440,0.00036942185
0,189450,0.00036937525
0,189460,0.00036932869
0,189470,0.00036928212
0,189480,0.00036923558
0,189490,0.00036918905
0,189500,0.00036914254
0,189510,0.00036909603
0,189520,0.00036904955
0,189530,0.00036900307
0,189540,0.00036895662
0,189550,0.00036891017
0,189560,0.00036886372
0,189570,0.0003688173
0,189580,0.0003687709
0,189590,0.00036872452
0,189600,0.00036867816
0,189610,0.0003686318
0,189620,0.00036858543
0,189630,0.0003685391
0,189640,0.00036849277
0,189650,0.00036844646
0,189660,0.0003684002
0,189670,0.00036835388
0,189680,0.00036830764
0,189690,0.0003682614
0,189700,0.00036821514
0,189710,0.00036816893
0,189720,0.0003681227
0,189730,0.00036807652
0,189740,0.00036803033
0,189750,0.00036798418
0,189760,0.00036793802
0,189770,0.00036789186
0,189780,0.00036784573
0,189790,0.00036779963
0,189800,0.00036775353
0,189810,0.00036770746
0,189820,0.00036766139
0,189830,0.0003676153
0,189840,0.00036756927
0,189850,0.00036752323
0,189860,0.00036747722
0,189870,0.00036743123
0,189880,0.00036738522
0,189890,0.00036733926
0,189900,0.0003672933
0,189910,0.00036724735
0,189920,0.00036720143
0,189930,0.0003671555
0,189940,0.00036710958
0,189950,0.00036706368
0,189960,0.0003670178
0,189970,0.00036697194
0,189980,0.0003669261
0,189990,0.00036688027
0,190000,0.00036683443
0,190010,0.00036678862
0,190020,0.00036674284
0,190030,0.00036669706
0,190040,0.00036665128
0,190050,0.00036660553
0,190060,0.00036655978
0,190070,0.00036651405
0,190080,0.00036646833
0,190090,0.00036642264
0,190100,0.00036637695
0,190110,0.00036633125
0,190120,0.00036628562
0,190130,0.00036623995
0,190140,0.00036619432
0,190150,0.0003661487
0,190160,0.0003661031
0,190170,0.0003660575
0,190180,0.00036601193
0,190190,0.00036596635
0,190200,0.0003659208
0,190210,0.00036587525
0,190220,0.00036582974
0,190230,0.00036578422
0,190240,0.00036573873
0,190250,0.00036569324
0,190260,0.00036564778
0,190270,0.00036560232
0,190280,0.00036555686
0,190290,0.00036551143
0,190300,0.00036546602
0,190310,0.00036542062
0,190320,0.00036537522
0,190330,0.00036532985
0,190340,0.00036528448
0,190350,0.00036523913
0,190360,0.0003651938
0,190370,0.00036514847
0,190380,0.00036510316
0,190390,0.00036505787
0,190400,0.0003650126
0,190410,0.0003649673
0,190420,0.00036492205
0,190430,0.00036487682
0,190440,0.0003648316
0,190450,0.00036478636
0,190460,0.00036474116
0,190470,0.00036469597
0,190480,0.0003646508
0,190490,0.00036460563
0,190500,0.0003645605
0,190510,0.00036451535
0,190520,0.00036447024
0,190530,0.00036442513
0,190540,0.00036438002
0,190550,0.00036433493
0,190560,0.00036428985
0,190570,0.0003642448
0,190580,0.00036419978
0,190590,0.00036415472
0,190600,0.00036410973
0,190610,0.0003640647
0,190620,0.0003640197
0,190630,0.00036397474
0,190640,0.00036392978
0,190650,0.0003638848
0,190660,0.00036383988
0,190670,0.00036379497
0,190680,0.00036375006
0,190690,0.00036370516
0,190700,0.00036366028
0,190710,0.0003636154
0,190720,0.00036357055
0,190730,0.0003635257
0,190740,0.00036348085
0,190750,0.00036343603
0,190760,0.00036339124
0,190770,0.00036334645
0,190780,0.00036330166
0,190790,0.0003632569
0,190800,0.00036321214
0,190810,0.0003631674
0,190820,0.00036312267
0,190830,0.00036307797
0,190840,0.00036303326
0,190850,0.00036298856
0,190860,0.0003629439
0,190870,0.00036289924
0,190880,0.0003628546
0,190890,0.00036280995
0,190900,0.00036276534
0,190910,0.00036272072
0,190920,0.00036267613
0,190930,0.00036263154
0,190940,0.00036258696
0,190950,0.0003625424
0,190960,0.00036249787
0,190970,0.00036245334
0,190980,0.0003624088
0,190990,0.0003623643
0,191000,0.0003623198
0,191010,0.00036227534
0,191020,0.00036223087
0,191030,0.0003621864
0,191040,0.00036214196
0,191050,0.00036209755
0,191060,0.00036205314
0,191070,0.00036200872
0,191080,0.00036196434
0,191090,0.00036191996
0,191100,0.0003618756
0,191110,0.00036183125
0,191120,0.0003617869
0,191130,0.00036174257
0,191140,0.00036169827
0,191150,0.00036165398
0,191160,0.00036160968
0,191170,0.0003615654
0,191180,0.00036152115
0,191190,0.0003614769
0,191200,0.00036143267
0,191210,0.00036138843
0,191220,0.00036134422
0,191230,0.00036130004
0,191240,0.00036125586
0,191250,0.00036121169
0,191260,0.00036116753
0,191270,0.00036112338
0,191280,0.00036107926
0,191290,0.00036103514
0,191300,0.00036099102
0,191310,0.00036094693
0,191320,0.00036090286
0,191330,0.00036085877
0,191340,0.00036081474
0,191350,0.00036077067
0,191360,0.00036072664
0,191370,0.00036068264
0,191380,0.00036063863
0,191390,0.00036059463
0,191400,0.00036055065
0,191410,0.0003605067
0,191420,0.00036046273
0,191430,0.0003604188
0,191440,0.00036037486
0,191450,0.00036033095
0,191460,0.00036028706
0,191470,0.00036024317
0,191480,0.00036019928
0,191490,0.00036015542
0,191500,0.00036011156
0,191510,0.00036006773
0,191520,0.0003600239
0,191530,0.0003599801
0,191540,0.00035993627
0,191550,0.0003598925
0,191560,0.00035984872
0,191570,0.00035980495
0,191580,0.0003597612
0,191590,0.00035971747
0,191600,0.00035967372
0,191610,0.00035963
0,191620,0.00035958632
0,191630,0.00035954264
0,191640,0.00035949895
0,191650,0.0003594553
0,191660,0.00035941164
0,191670,0.00035936802
0,191680,0.0003593244
0,191690,0.00035928076
0,191700,0.00035923716
0,191710,0.00035919357
0,191720,0.00035915
0,191730,0.00035910643
0,191740,0.0003590629
0,191750,0.00035901935
0,191760,0.0003589758
0,191770,0.0003589323
0,191780,0.0003588888
0,191790,0.0003588453
0,191800,0.00035880183
0,191810,0.00035875838
0,191820,0.00035871493
0,191830,0.00035867147
0,191840,0.00035862805
0,191850,0.00035858466
0,191860,0.00035854123
0,191870,0.00035849787
0,191880,0.00035845448
0,191890,0.0003584111
0,191900,0.00035836778
0,191910,0.0003583244
0,191920,0.0003582811
0,191930,0.00035823777
0,191940,0.0003581945
0,191950,0.00035815118
0,191960,0.0003581079
0,191970,0.00035806466
0,191980,0.00035802138
0,191990,0.00035797816
0,192000,0.0003579349
0,192010,0.0003578917
0,192020,0.0003578485
0,192030,0.00035780531
0,192040,0.00035776212
0,192050,0.00035771896
0,192060,0.0003576758
0,192070,0.00035763267
0,192080,0.00035758954
0,192090,0.00035754644
0,192100,0.0003575033
0,192110,0.00035746023
0,192120,0.00035741716
0,192130,0.00035737408
0,192140,0.000357331
0,192150,0.00035728797
0,192160,0.00035724495
0,192170,0.00035720193
0,192180,0.00035715892
0,192190,0.00035711593
0,192200,0.00035707295
0,192210,0.00035702996
0,192220,0.000356987
0,192230,0.00035694407
0,192240,0.00035690112
0,192250,0.00035685822
0,192260,0.0003568153
0,192270,0.0003567724
0,192280,0.00035672952
0,192290,0.00035668665
0,192300,0.00035664378
0,192310,0.00035660094
0,192320,0.0003565581
0,192330,0.00035651526
0,192340,0.00035647245
0,192350,0.00035642963
0,192360,0.00035638685
0,192370,0.00035634407
0,192380,0.00035630132
0,192390,0.00035625856
0,192400,0.00035621584
0,192410,0.00035617308
0,192420,0.0003561304
0,192430,0.00035608766
0,192440,0.000356045
0,192450,0.0003560023
0,192460,0.00035595964
0,192470,0.00035591697
0,192480,0.00035587433
0,192490,0.0003558317
0,192500,0.0003557891
0,192510,0.00035574648
0,192520,0.00035570387
0,192530,0.0003556613
0,192540,0.00035561871
0,192550,0.00035557617
0,192560,0.00035553362
0,192570,0.0003554911
0,192580,0.00035544854
0,192590,0.00035540605
0,192600,0.00035536353
0,192610,0.00035532107
0,192620,0.00035527858
0,192630,0.00035523612
0,192640,0.00035519365
0,192650,0.00035515122
0,192660,0.0003551088
0,192670,0.00035506638
0,192680,0.00035502398
0,192690,0.00035498157
0,192700,0.0003549392
0,192710,0.00035489682
0,192720,0.00035485448
0,192730,0.00035481213
0,192740,0.00035476979
0,192750,0.00035472747
0,192760,0.00035468515
0,192770,0.00035464286
0,192780,0.00035460058
0,192790,0.00035455832
0,192800,0.00035451603
0,192810,0.0003544738
0,192820,0.00035443154
0,192830,0.00035438934
0,192840,0.0003543471
0,192850,0.0003543049
0,192860,0.0003542627
0,192870,0.00035422054
0,192880,0.00035417837
0,192890,0.00035413622
0,192900,0.00035409408
0,192910,0.00035405194
0,192920,0.00035400983
0,192930,0.0003539677
0,192940,0.0003539256
0,192950,0.00035388352
0,192960,0.00035384146
0,192970,0.00035379938
0,192980,0.00035375735
0,192990,0.0003537153
0,193000,0.00035367327
0,193010,0.00035363124
0,193020,0.00035358925
0,193030,0.00035354725
0,193040,0.00035350528
0,193050,0.0003534633
0,193060,0.00035342135
0,193070,0.0003533794
0,193080,0.00035333747
0,193090,0.00035329556
0,193100,0.00035325365
0,193110,0.00035321174
0,193120,0.00035316986
0,193130,0.00035312798
0,193140,0.00035308613
0,193150,0.00035304428
0,193160,0.00035300243
0,193170,0.0003529606
0,193180,0.00035291878
0,193190,0.000352877
0,193200,0.0003528352
0,193210,0.0003527934
0,193220,0.00035275164
0,193230,0.00035270987
0,193240,0.0003526681
0,193250,0.00035262638
0,193260,0.00035258467
0,193270,0.00035254296
0,193280,0.00035250126
0,193290,0.00035245955
0,193300,0.00035241788
0,193310,0.00035237623
0,193320,0.00035233455
0,193330,0.0003522929
0,193340,0.00035225129
0,193350,0.00035220967
0,193360,0.00035216805
0,193370,0.00035212646
0,193380,0.00035208487
0,193390,0.0003520433
0,193400,0.00035200172
0,193410,0.0003519602
0,193420,0.00035191863
0,193430,0.0003518771
0,193440,0.0003518356
0,193450,0.0003517941
0,193460,0.0003517526
0,193470,0.00035171112
0,193480,0.00035166965
0,193490,0.00035162817
0,193500,0.00035158673
0,193510,0.00035154528
0,193520,0.00035150387
0,193530,0.00035146246
0,193540,0.00035142104
0,193550,0.00035137965
0,193560,0.00035133827
0,193570,0.0003512969
0,193580,0.00035125556
0,193590,0.0003512142
0,193600,0.00035117287
0,193610,0.00035113154
0,193620,0.00035109025
0,193630,0.00035104892
0,193640,0.00035100765
0,193650,0.00035096635
0,193660,0.0003509251
0,193670,0.00035088384
0,193680,0.0003508426
0,193690,0.00035080136
0,193700,0.00035076015
0,193710,0.00035071894
0,193720,0.00035067773
0,193730,0.00035063655
0,193740,0.00035059536
0,193750,0.0003505542
0,193760,0.00035051306
0,193770,0.0003504719
0,193780,0.00035043078
0,193790,0.00035038966
0,193800,0.00035034853
0,193810,0.00035030744
0,193820,0.00035026637
0,193830,0.00035022528
0,193840,0.00035018421
0,193850,0.00035014318
0,193860,0.00035010214
0,193870,0.0003500611
0,193880,0.00035002007
0,193890,0.00034997906
0,193900,0.00034993808
0,193910,0.0003498971
0,193920,0.00034985613
0,193930,0.00034981515
0,193940,0.0003497742
0,193950,0.00034973325
0,193960,0.00034969233
0,193970,0.0003496514
0,193980,0.00034961052
0,193990,0.0003495696
0,194000,0.00034952874
0,194010,0.00034948785
0,194020,0.000349447
0,194030,0.00034940612
0,194040,0.0003493653
0,194050,0.00034932446
0,194060,0.00034928365
0,194070,0.00034924285
0,194080,0.00034920205
0,194090,0.00034916127
0,194100,0.0003491205
0,194110,0.00034907972
0,194120,0.00034903898
0,194130,0.00034899823
0,194140,0.0003489575
0,194150,0.00034891677
0,194160,0.00034887608
0,194170,0.00034883537
0,194180,0.00034879468
0,194190,0.00034875402
0,194200,0.00034871337
0,194210,0.0003486727
0,194220,0.00034863205
0,194230,0.00034859142
0,194240,0.00034855082
0,194250,0.0003485102
0,194260,0.0003484696
0,194270,0.00034842902
0,194280,0.00034838845
0,194290,0.00034834788
0,194300,0.00034830734
0,194310,0.00034826677
0,194320,0.00034822625
0,194330,0.00034818574
0,194340,0.00034814523
0,194350,0.00034810472
0,194360,0.00034806423
0,194370,0.00034802375
0,194380,0.0003479833
0,194390,0.00034794284
0,194400,0.0003479024
0,194410,0.00034786196
0,194420,0.00034782154
0,194430,0.0003477811
0,194440,0.00034774072
0,194450,0.00034770032
0,194460,0.00034765995
0,194470,0.00034761959
0,194480,0.00034757922
0,194490,0.00034753888
0,194500,0.00034749854
0,194510,0.00034745823
0,194520,0.0003474179
0,194530,0.00034737762
0,194540,0.0003473373
0,194550,0.00034729703
0,194560,0.00034725675
0,194570,0.0003472165
0,194580,0.00034717625
0,194590,0.00034713603
0,194600,0.00034709577
0,194610,0.00034705558
0,194620,0.00034701536
0,194630,0.00034697517
0,194640,0.00034693498
0,194650,0.0003468948
0,194660,0.00034685465
0,194670,0.00034681452
0,194680,0.00034677435
0,194690,0.00034673422
0,194700,0.0003466941
0,194710,0.000346654
0,194720,0.0003466139
0,194730,0.00034657383
0,194740,0.00034653375
0,194750,0.00034649367
0,194760,0.00034645363
0,194770,0.00034641358
0,194780,0.00034637353
0,194790,0.00034633352
0,194800,0.0003462935
0,194810,0.0003462535
0,194820,0.00034621352
0,194830,0.00034617353
0,194840,0.00034613357
0,194850,0.0003460936
0,194860,0.00034605365
0,194870,0.00034601372
0,194880,0.0003459738
0,194890,0.0003459339
0,194900,0.00034589396
0,194910,0.0003458541
0,194920,0.0003458142
0,194930,0.00034577432
0,194940,0.00034573444
0,194950,0.0003456946
0,194960,0.00034565476
0,194970,0.00034561494
0,194980,0.0003455751
0,194990,0.0003455353
0,195000,0.0003454955
0,195010,0.00034545572
0,195020,0.00034541593
0,195030,0.00034537617
0,195040,0.00034533642
0,195050,0.00034529666
0,195060,0.00034525694
0,195070,0.0003452172
0,195080,0.00034517748
0,195090,0.00034513779
0,195100,0.0003450981
0,195110,0.00034505842
0,195120,0.00034501872
0,195130,0.00034497908
0,195140,0.0003449394
0,195150,0.00034489977
0,195160,0.00034486013
0,195170,0.00034482052
0,195180,0.0003447809
0,195190,0.0003447413
0,195200,0.00034470172
0,195210,0.00034466214
0,195220,0.0003446226
0,195230,0.00034458304
0,195240,0.00034454348
0,195250,0.00034450393
0,195260,0.0003444644
0,195270,0.00034442492
0,195280,0.0003443854
0,195290,0.0003443459
0,195300,0.0003443064
0,195310,0.00034426694
0,195320,0.00034422748
0,195330,0.00034418804
0,195340,0.00034414858
0,195350,0.00034410914
0,195360,0.00034406973
0,195370,0.00034403033
0,195380,0.00034399092
0,195390,0.00034395154
0,195400,0.00034391214
0,195410,0.0003438728
0,195420,0.0003438334
0,195430,0.00034379406
0,195440,0.00034375474
0,195450,0.0003437154
0,195460,0.00034367607
0,195470,0.00034363678
0,195480,0.0003435975
0,195490,0.0003435582
0,195500,0.0003435189
0,195510,0.00034347965
0,195520,0.0003434404
0,195530,0.00034340116
0,195540,0.00034336193
0,195550,0.0003433227
0,195560,0.00034328346
0,195570,0.00034324426
0,195580,0.0003432051
0,195590,0.00034316588
0,195600,0.0003431267
0,195610,0.00034308757
0,195620,0.0003430484
0,195630,0.00034300925
0,195640,0.00034297013
0,195650,0.00034293102
0,195660,0.0003428919
0,195670,0.00034285279
0,195680,0.0003428137
0,195690,0.0003427746
0,195700,0.00034273556
0,195710,0.0003426965
0,195720,0.00034265744
0,195730,0.00034261838
0,195740,0.00034257935
0,195750,0.00034254036
0,195760,0.00034250133
0,195770,0.00034246233
0,195780,0.00034242336
0,195790,0.00034238436
0,195800,0.0003423454
0,195810,0.00034230645
0,195820,0.00034226748
0,195830,0.00034222857
0,195840,0.00034218963
0,195850,0.0003421507
0,195860,0.0003421118
0,195870,0.0003420729
0,195880,0.000342034
0,195890,0.00034199512
0,195900,0.00034195627
0,195910,0.00034191742
0,195920,0.00034187856
0,195930,0.0003418397
0,195940,0.0003418009
0,195950,0.0003417621
0,195960,0.00034172327
0,195970,0.00034168447
0,195980,0.0003416457
0,195990,0.0003416069
0,196000,0.00034156814
0,196010,0.00034152938
0,196020,0.00034149064
0,196030,0.0003414519
0,196040,0.0003414132
0,196050,0.00034137446
0,196060,0.00034133575
0,196070,0.00034129707
0,196080,0.00034125836
0,196090,0.0003412197
0,196100,0.00034118103
0,196110,0.00034114238
0,196120,0.00034110373
0,196130,0.00034106508
0,196140,0.00034102646
0,196150,0.00034098784
0,196160,0.00034094925
0,196170,0.00034091066
0,196180,0.00034087207
0,196190,0.00034083347
0,196200,0.0003407949
0,196210,0.00034075638
0,196220,0.00034071782
0,196230,0.00034067928
0,196240,0.00034064075
0,196250,0.00034060224
0,196260,0.00034056374
0,196270,0.00034052524
0,196280,0.00034048676
0,196290,0.00034044828
0,196300,0.0003404098
0,196310,0.00034037136
0,196320,0.00034033292
0,196330,0.00034029447
0,196340,0.00034025605
0,196350,0.00034021764
0,196360,0.00034017922
0,196370,0.00034014083
0,196380,0.00034010244
0,196390,0.00034006406
0,196400,0.0003400257
0,196410,0.00033998734
0,196420,0.00033994898
0,196430,0.00033991065
0,196440,0.00033987232
0,196450,0.000339834
0,196460,0.0003397957
0,196470,0.0003397574
0,196480,0.0003397191
0,196490,0.00033968082
0,196500,0.00033964255
0,196510,0.0003396043
0,196520,0.00033956603
0,196530,0.0003395278
0,196540,0.00033948958
0,196550,0.00033945136
0,196560,0.00033941315
0,196570,0.00033937494
0,196580,0.00033933675
0,196590,0.00033929857
0,196600,0.0003392604
0,196610,0.00033922223
0,196620,0.00033918407
0,196630,0.00033914595
0,196640,0.00033910782
0,196650,0.0003390697
0,196660,0.00033903157
0,196670,0.00033899347
0,196680,0.00033895537
0,196690,0.0003389173
0,196700,0.0003388792
0,196710,0.00033884117
0,196720,0.0003388031
0,196730,0.00033876506
0,196740,0.00033872703
0,196750,0.000338689
0,196760,0.00033865098
0,196770,0.00033861297
0,196780,0.000338575
0,196790,0.000338537
0,196800,0.00033849903
0,196810,0.00033846105
0,196820,0.0003384231
0,196830,0.00033838514
0,196840,0.00033834722
0,196850,0.00033830927
0,196860,0.00033827138
0,196870,0.00033823345
0,196880,0.00033819556
0,196890,0.00033815767
0,196900,0.00033811977
0,196910,0.0003380819
0,196920,0.00033804405
0,196930,0.0003380062
0,196940,0.00033796838
0,196950,0.00033793054
0,196960,0.0003378927
0,196970,0.0003378549
0,196980,0.0003378171
0,196990,0.0003377793
0,197000,0.0003377415
0,197010,0.00033770374
0,197020,0.000337666
0,197030,0.0003376282
0,197040,0.00033759046
0,197050,0.00033755274
0,197060,0.00033751503
0,197070,0.0003374773
0,197080,0.0003374396
0,197090,0.0003374019
0,197100,0.0003373642
0,197110,0.00033732652
0,197120,0.00033728886
0,197130,0.0003372512
0,197140,0.00033721354
0,197150,0.0003371759
0,197160,0.00033713828
0,197170,0.00033710065
0,197180,0.00033706304
0,197190,0.00033702544
0,197200,0.00033698784
0,197210,0.00033695027
0,197220,0.0003369127
0,197230,0.00033687512
0,197240,0.00033683758
0,197250,0.00033680003
0,197260,0.0003367625
0,197270,0.00033672497
0,197280,0.00033668743
0,197290,0.00033664994
0,197300,0.00033661243
0,197310,0.00033657494
0,197320,0.00033653746
0,197330,0.0003365
0,197340,0.00033646254
0,197350,0.0003364251
0,197360,0.00033638763
0,197370,0.0003363502
0,197380,0.00033631278
0,197390,0.00033627538
0,197400,0.00033623798
0,197410,0.00033620058
0,197420,0.00033616318
0,197430,0.0003361258
0,197440,0.00033608844
0,197450,0.0003360511
0,197460,0.00033601373
0,197470,0.0003359764
0,197480,0.00033593908
0,197490,0.00033590177
0,197500,0.00033586446
0,197510,0.00033582715
0,197520,0.00033578987
0,197530,0.0003357526
0,197540,0.0003357153
0,197550,0.00033567805
0,197560,0.00033564077
0,197570,0.00033560354
0,197580,0.0003355663
0,197590,0.00033552907
0,197600,0.00033549184
0,197610,0.00033545465
0,197620,0.00033541746
0,197630,0.00033538026
0,197640,0.0003353431
0,197650,0.0003353059
0,197660,0.00033526876
0,197670,0.0003352316
0,197680,0.00033519446
0,197690,0.00033515733
0,197700,0.0003351202
0,197710,0.00033508308
0,197720,0.00033504597
0,197730,0.0003350089
0,197740,0.0003349718
0,197750,0.0003349347
0,197760,0.00033489766
0,197770,0.00033486058
0,197780,0.00033482353
0,197790,0.0003347865
0,197800,0.00033474946
0,197810,0.00033471244
0,197820,0.00033467542
0,197830,0.00033463843
0,197840,0.00033460144
0,197850,0.00033456445
0,197860,0.00033452746
0,197870,0.0003344905
0,197880,0.00033445354
0,197890,0.0003344166
0,197900,0.00033437967
0,197910,0.00033434274
0,197920,0.0003343058
0,197930,0.0003342689
0,197940,0.000334232
0,197950,0.0003341951
0,197960,0.00033415822
0,197970,0.00033412135
0,197980,0.00033408447
0,197990,0.00033404763
0,198000,0.00033401075
0,198010,0.00033397393
0,198020,0.0003339371
0,198030,0.00033390027
0,198040,0.00033386346
0,198050,0.00033382667
0,198060,0.00033378985
0,198070,0.0003337531
0,198080,0.0003337163
0,198090,0.00033367955
0,198100,0.0003336428
0,198110,0.00033360603
0,198120,0.0003335693
0,198130,0.00033353257
0,198140,0.00033349585
0,198150,0.00033345915
0,198160,0.00033342242
0,198170,0.00033338575
0,198180,0.00033334905
0,198190,0.00033331238
0,198200,0.0003332757
0,198210,0.00033323906
0,198220,0.0003332024
0,198230,0.00033316575
0,198240,0.00033312914
0,198250,0.00033309252
0,198260,0.0003330559
0,198270,0.0003330193
0,198280,0.00033298272
0,198290,0.0003329461
0,198300,0.00033290955
0,198310,0.00033287297
0,198320,0.0003328364
0,198330,0.00033279986
0,198340,0.00033276333
0,198350,0.0003327268
0,198360,0.00033269028
0,198370,0.00033265376
0,198380,0.00033261726
0,198390,0.00033258076
0,198400,0.00033254427
0,198410,0.0003325078
0,198420,0.00033247133
0,198430,0.00033243487
0,198440,0.00033239843
0,198450,0.00033236196
0,198460,0.00033232555
0,198470,0.0003322891
0,198480,0.0003322527
0,198490,0.0003322163
0,198500,0.0003321799
0,198510,0.0003321435
0,198520,0.00033210713
0,198530,0.00033207075
0,198540,0.0003320344
0,198550,0.00033199805
0,198560,0.0003319617
0,198570,0.00033192537
0,198580,0.00033188905
0,198590,0.00033185273
0,198600,0.0003318164
0,198610,0.00033178012
0,198620,0.00033174382
0,198630,0.00033170753
0,198640,0.00033167127
0,198650,0.000331635
0,198660,0.00033159874
0,198670,0.0003315625
0,198680,0.00033152627
0,198690,0.00033149004
0,198700,0.0003314538
0,198710,0.0003314176
0,198720,0.0003313814
0,198730,0.00033134522
0,198740,0.000331309
0,198750,0.00033127284
0,198760,0.0003312367
0,198770,0.0003312005
0,198780,0.00033116437
0,198790,0.00033112825
0,198800,0.0003310921
0,198810,0.00033105598
0,198820,0.00033101987
0,198830,0.00033098375
0,198840,0.00033094766
0,198850,0.00033091157
0,198860,0.00033087548
0,198870,0.00033083942
0,198880,0.00033080336
0,198890,0.0003307673
0,198900,0.00033073127
0,198910,0.00033069524
0,198920,0.0003306592
0,198930,0.00033062318
0,198940,0.00033058718
0,198950,0.00033055118
0,198960,0.00033051518
0,198970,0.0003304792
0,198980,0.00033044323
0,198990,0.00033040726
0,199000,0.00033037132
0,199010,0.00033033534
0,199020,0.00033029943
0,199030,0.0003302635
0,199040,0.00033022757
0,199050,0.00033019166
0,199060,0.00033015574
0,199070,0.00033011986
0,199080,0.00033008397
0,199090,0.0003300481
0,199100,0.0003300122
0,199110,0.00032997635
0,199120,0.0003299405
0,199130,0.00032990467
0,199140,0.0003298688
0,199150,0.00032983298
0,199160,0.00032979719
0,199170,0.00032976136
0,199180,0.00032972556
0,199190,0.00032968976
0,199200,0.000329654
0,199210,0.0003296182
0,199220,0.00032958243
0,199230,0.0003295467
0,199240,0.00032951092
0,199250,0.00032947518
0,199260,0.00032943947
0,199270,0.00032940373
0,199280,0.00032936802
0,199290,0.0003293323
0,199300,0.00032929663
0,199310,0.00032926092
0,199320,0.00032922524
0,199330,0.00032918958
0,199340,0.0003291539
0,199350,0.00032911825
0,199360,0.0003290826
0,199370,0.00032904698
0,199380,0.00032901135
0,199390,0.00032897573
0,199400,0.0003289401
0,199410,0.0003289045
0,199420,0.00032886892
0,199430,0.00032883332
0,199440,0.00032879773
0,199450,0.00032876217
0,199460,0.0003287266
0,199470,0.00032869107
0,199480,0.00032865553
0,199490,0.00032862
0,199500,0.00032858446
0,199510,0.00032854892
0,199520,0.00032851342
0,199530,0.0003284779
0,199540,0.00032844243
0,199550,0.00032840695
0,199560,0.00032837148
0,199570,0.000328336
0,199580,0.00032830055
0,199590,0.0003282651
0,199600,0.00032822965
0,199610,0.0003281942
0,199620,0.00032815879
0,199630,0.00032812337
0,199640,0.00032808795
0,199650,0.00032805256
0,199660,0.00032801717
0,199670,0.00032798178
0,199680,0.0003279464
0,199690,0.00032791105
0,199700,0.0003278757
0,199710,0.00032784033
0,199720,0.000327805
0,199730,0.00032776967
0,199740,0.00032773433
0,199750,0.00032769903
0,199760,0.0003276637
0,199770,0.0003276284
0,199780,0.00032759312
0,199790,0.00032755785
0,199800,0.00032752258
0,199810,0.0003274873
0,199820,0.00032745203
0,199830,0.00032741678
0,199840,0.00032738154
0,199850,0.00032734632
0,199860,0.00032731108
0,199870,0.00032727586
0,199880,0.00032724068
0,199890,0.00032720546
0,199900,0.00032717027
0,199910,0.0003271351
0,199920,0.00032709993
0,199930,0.00032706474
0,199940,0.0003270296
0,199950,0.00032699446
0,199960,0.0003269593
0,199970,0.00032692417
0,199980,0.00032688904
0,199990,0.00032685394
0,200000,0.00032681882
0,200010,0.00032678372
0,200020,0.00032674865
0,200030,0.00032671355
0,200040,0.00032667848
0,200050,0.0003266434
0,200060,0.00032660837
0,200070,0.0003265733
0,200080,0.00032653825
0,200090,0.0003265032
0,200100,0.0003264682
0,200110,0.0003264332
0,200120,0.00032639818
0,200130,0.00032636317
0,200140,0.00032632818
0,200150,0.0003262932
0,200160,0.00032625822
0,200170,0.00032622326
0,200180,0.0003261883
0,200190,0.00032615336
0,200200,0.0003261184
0,200210,0.00032608348
0,200220,0.00032604855
0,200230,0.00032601363
0,200240,0.0003259787
0,200250,0.0003259438
0,200260,0.0003259089
0,200270,0.00032587405
0,200280,0.00032583915
0,200290,0.00032580429
0,200300,0.00032576942
0,200310,0.00032573458
0,200320,0.00032569972
0,200330,0.0003256649
0,200340,0.00032563007
0,200350,0.00032559523
0,200360,0.00032556042
0,200370,0.00032552562
0,200380,0.00032549084
0,200390,0.00032545606
0,200400,0.00032542128
0,200410,0.0003253865
0,200420,0.00032535172
0,200430,0.00032531697
0,200440,0.00032528222
0,200450,0.0003252475
0,200460,0.00032521275
0,200470,0.00032517803
0,200480,0.00032514334
0,200490,0.00032510862
0,200500,0.00032507392
0,200510,0.00032503923
0,200520,0.00032500454
0,200530,0.00032496988
0,200540,0.00032493522
0,200550,0.00032490055
0,200560,0.0003248659
0,200570,0.00032483126
0,200580,0.00032479662
0,200590,0.000324762
0,200600,0.00032472739
0,200610,0.00032469278
0,200620,0.00032465818
0,200630,0.00032462357
0,200640,0.000324589
0,200650,0.00032455442
0,200660,0.00032451985
0,200670,0.0003244853
0,200680,0.00032445072
0,200690,0.00032441618
0,200700,0.00032438166
0,200710,0.00032434711
0,200720,0.0003243126
0,200730,0.00032427808
0,200740,0.0003242436
0,200750,0.00032420908
0,200760,0.0003241746
0,200770,0.00032414013
0,200780,0.00032410564
0,200790,0.00032407118
0,200800,0.00032403672
0,200810,0.00032400226
0,200820,0.00032396783
0,200830,0.0003239334
0,200840,0.00032389897
0,200850,0.00032386454
0,200860,0.00032383014
0,200870,0.00032379574
0,200880,0.00032376134
0,200890,0.00032372697
0,200900,0.0003236926
0,200910,0.00032365823
0,200920,0.00032362386
0,200930,0.0003235895
0,200940,0.00032355517
0,200950,0.00032352083
0,200960,0.00032348649
0,200970,0.00032345217
0,200980,0.00032341786
0,200990,0.00032338355
0,201000,0.00032334926
0,201010,0.00032331495
0,201020,0.00032328066
0,201030,0.0003232464
0,201040,0.00032321212
0,201050,0.00032317787
0,201060,0.0003231436
0,201070,0.0003231094
0,201080,0.00032307516
0,201090,0.00032304093
0,201100,0.0003230067
0,201110,0.00032297248
0,201120,0.0003229383
0,201130,0.0003229041
0,201140,0.0003228699
0,201150,0.00032283572
0,201160,0.00032280156
0,201170,0.0003227674
0,201180,0.00032273322
0,201190,0.00032269908
0,201200,0.00032266494
0,201210,0.0003226308
0,201220,0.0003225967
0,201230,0.00032256256
0,201240,0.00032252845
0,201250,0.00032249436
0,201260,0.00032246026
0,201270,0.00032242617
0,201280,0.0003223921
0,201290,0.000322358
0,201300,0.00032232396
0,201310,0.0003222899
0,201320,0.00032225586
0,201330,0.0003222218
0,201340,0.00032218779
0,201350,0.00032215376
0,201360,0.00032211974
0,201370,0.00032208575
0,201380,0.00032205175
0,201390,0.00032201776
0,201400,0.00032198377
0,201410,0.00032194977
0,201420,0.0003219158
0,201430,0.00032188185
0,201440,0.0003218479
0,201450,0.00032181395
0,201460,0.00032178
0,201470,0.00032174608
0,201480,0.00032171217
0,201490,0.00032167824
0,201500,0.00032164433
0,201510,0.00032161045
0,201520,0.00032157655
0,201530,0.00032154267
0,201540,0.0003215088
0,201550,0.00032147492
0,201560,0.00032144107
0,201570,0.0003214072
0,201580,0.00032137334
0,201590,0.00032133952
0,201600,0.00032130568
0,201610,0.00032127186
0,201620,0.00032123804
0,201630,0.00032120425
0,201640,0.00032117043
0,201650,0.00032113664
0,201660,0.00032110288
0,201670,0.0003210691
0,201680,0.00032103533
0,201690,0.00032100157
0,201700,0.0003209678
0,201710,0.00032093405
0,201720,0.00032090032
0,201730,0.0003208666
0,201740,0.00032083286
0,201750,0.00032079915
0,201760,0.00032076545
0,201770,0.00032073175
0,201780,0.00032069805
0,201790,0.00032066437
0,201800,0.0003206307
0,201810,0.00032059703
0,201820,0.00032056335
0,201830,0.0003205297
0,201840,0.00032049607
0,201850,0.00032046242
0,201860,0.00032042878
0,201870,0.00032039516
0,201880,0.00032036155
0,201890,0.00032032793
0,201900,0.00032029432
0,201910,0.00032026073
0,201920,0.00032022715
0,201930,0.00032019356
0,201940,0.00032016
0,201950,0.00032012645
0,201960,0.0003200929
0,201970,0.00032005933
0,201980,0.00032002578
0,201990,0.00031999225
0,202000,0.00031995872
0,202010,0.00031992522
0,202020,0.0003198917
0,202030,0.0003198582
0,202040,0.0003198247
0,202050,0.00031979123
0,202060,0.00031975773
0,202070,0.00031972426
0,202080,0.0003196908
0,202090,0.00031965735
0,202100,0.00031962388
0,202110,0.00031959044
0,202120,0.000319557
0,202130,0.0003195236
0,202140,0.00031949015
0,202150,0.00031945674
0,202160,0.00031942333
0,202170,0.00031938995
0,202180,0.00031935656
0,202190,0.00031932318
0,202200,0.0003192898
0,202210,0.00031925642
0,202220,0.00031922307
0,202230,0.0003191897
0,202240,0.00031915636
0,202250,0.00031912304
0,202260,0.00031908968
0,202270,0.00031905636
0,202280,0.00031902306
0,202290,0.00031898974
0,202300,0.00031895644
0,202310,0.00031892315
0,202320,0.00031888986
0,202330,0.0003188566
0,202340,0.00031882332
0,202350,0.00031879006
0,202360,0.0003187568
0,202370,0.00031872356
0,202380,0.0003186903
0,202390,0.00031865708
0,202400,0.00031862385
0,202410,0.0003185906
0,202420,0.0003185574
0,202430,0.0003185242
0,202440,0.00031849102
0,202450,0.0003184578
0,202460,0.00031842463
0,202470,0.00031839145
0,202480,0.0003183583
0,202490,0.00031832512
0,202500,0.00031829198
0,202510,0.00031825883
0,202520,0.0003182257
0,202530,0.00031819256
0,202540,0.00031815944
0,202550,0.00031812632
0,202560,0.00031809323
0,202570,0.0003180601
0,202580,0.000318027
0,202590,0.00031799392
0,202600,0.00031796086
0,202610,0.00031792777
0,202620,0.0003178947
0,202630,0.00031786165
0,202640,0.0003178286
0,202650,0.00031779555
0,202660,0.00031776252
0,202670,0.00031772951
0,202680,0.00031769648
0,202690,0.00031766348
0,202700,0.00031763045
0,202710,0.00031759747
0,202720,0.00031756447
0,202730,0.0003175315
0,202740,0.00031749852
0,202750,0.00031746554
0,202760,0.00031743257
0,202770,0.00031739962
0,202780,0.00031736668
0,202790,0.00031733373
0,202800,0.0003173008
0,202810,0.00031726787
0,202820,0.00031723495
0,202830,0.00031720204
0,202840,0.00031716912
0,202850,0.00031713623
0,202860,0.00031710335
0,202870,0.00031707046
0,202880,0.0003170376
0,202890,0.0003170047
0,202900,0.00031697185
0,202910,0.000316939
0,202920,0.00031690617
0,202930,0.0003168733
0,202940,0.00031684048
0,202950,0.00031680765
0,202960,0.00031677485
0,202970,0.00031674202
0,202980,0.00031670922
0,202990,0.00031667642
0,203000,0.00031664365
0,203010,0.00031661085
0,203020,0.00031657808
0,203030,0.0003165453
0,203040,0.00031651257
0,203050,0.0003164798
0,203060,0.00031644705
0,203070,0.0003164143
0,203080,0.0003163816
0,203090,0.00031634886
0,203100,0.00031631615
0,203110,0.00031628343
0,203120,0.00031625075
0,203130,0.00031621804
0,203140,0.00031618535
0,203150,0.00031615267
0,203160,0.00031612001
0,203170,0.00031608733
0,203180,0.00031605468
0,203190,0.00031602202
0,203200,0.00031598937
0,203210,0.00031595674
0,203220,0.00031592412
0,203230,0.0003158915
0,203240,0.00031585887
0,203250,0.00031582624
0,203260,0.00031579364
0,203270,0.00031576105
0,203280,0.00031572848
0,203290,0.00031569588
0,203300,0.00031566332
0,203310,0.00031563075
0,203320,0.00031559818
0,203330,0.00031556564
0,203340,0.00031553308
0,203350,0.00031550054
0,203360,0.000315468
0,203370,0.0003154355
0,203380,0.00031540298
0,203390,0.00031537047
0,203400,0.00031533797
0,203410,0.00031530546
0,203420,0.00031527298
0,203430,0.0003152405
0,203440,0.00031520802
0,203450,0.00031517554
0,203460,0.0003151431
0,203470,0.00031511064
0,203480,0.00031507818
0,203490,0.00031504573
0,203500,0.0003150133
0,203510,0.0003149809
0,203520,0.00031494847
0,203530,0.00031491605
0,203540,0.00031488365
0,203550,0.00031485126
0,203560,0.00031481887
0,203570,0.00031478648
0,203580,0.0003147541
0,203590,0.00031472172
0,203600,0.00031468936
0,203610,0.00031465702
0,203620,0.00031462466
0,203630,0.00031459233
0,203640,0.00031456
0,203650,0.00031452766
0,203660,0.00031449535
0,203670,0.00031446302
0,203680,0.0003144307
0,203690,0.0003143984
0,203700,0.00031436613
0,203710,0.00031433383
0,203720,0.00031430155
0,203730,0.0003142693
0,203740,0.00031423703
0,203750,0.00031420478
0,203760,0.0003141725
0,203770,0.00031414026
0,203780,0.00031410804
0,203790,0.0003140758
0,203800,0.00031404357
0,203810,0.00031401135
0,203820,0.00031397917
0,203830,0.00031394695
0,203840,0.00031391476
0,203850,0.00031388257
0,203860,0.00031385038
0,203870,0.00031381822
0,203880,0.00031378603
0,203890,0.00031375387
0,203900,0.0003137217
0,203910,0.00031368958
0,203920,0.00031365745
0,203930,0.0003136253
0,203940,0.0003135932
0,203950,0.00031356106
0,203960,0.00031352896
0,203970,0.00031349683
0,203980,0.00031346476
0,203990,0.00031343265
0,204000,0.00031340055
0,204010,0.00031336848
0,204020,0.0003133364
0,204030,0.00031330436
0,204040,0.0003132723
0,204050,0.00031324025
0,204060,0.0003132082
0,204070,0.00031317616
0,204080,0.00031314412
0,204090,0.0003131121
0,204100,0.0003130801
0,204110,0.00031304808
0,204120,0.0003130161
0,204130,0.00031298408
0,204140,0.0003129521
0,204150,0.0003129201
0,204160,0.00031288812
0,204170,0.00031285617
0,204180,0.0003128242
0,204190,0.00031279225
0,204200,0.0003127603
0,204210,0.00031272837
0,204220,0.00031269641
0,204230,0.0003126645
0,204240,0.0003126326
0,204250,0.00031260066
0,204260,0.00031256877
0,204270,0.00031253687
0,204280,0.00031250497
0,204290,0.00031247307
0,204300,0.0003124412
0,204310,0.0003124093
0,204320,0.00031237747
0,204330,0.0003123456
0,204340,0.00031231373
0,204350,0.0003122819
0,204360,0.00031225005
0,204370,0.0003122182
0,204380,0.0003121864
0,204390,0.0003121546
0,204400,0.00031212275
0,204410,0.00031209097
0,204420,0.00031205916
0,204430,0.00031202738
0,204440,0.0003119956
0,204450,0.0003119638
0,204460,0.00031193203
0,204470,0.00031190025
0,204480,0.0003118685
0,204490,0.00031183675
0,204500,0.00031180502
0,204510,0.00031177327
0,204520,0.00031174155
0,204530,0.00031170982
0,204540,0.0003116781
0,204550,0.00031164638
0,204560,0.00031161468
0,204570,0.000311583
0,204580,0.0003115513
0,204590,0.0003115196
0,204600,0.00031148794
0,204610,0.00031145624
0,204620,0.00031142458
0,204630,0.00031139294
0,204640,0.00031136128
0,204650,0.00031132964
0,204660,0.000311298
0,204670,0.00031126637
0,204680,0.00031123473
0,204690,0.00031120313
0,204700,0.00031117152
0,204710,0.0003111399
0,204720,0.0003111083
0,204730,0.00031107673
0,204740,0.00031104512
0,204750,0.00031101354
0,204760,0.000310982
0,204770,0.00031095042
0,204780,0.00031091887
0,204790,0.00031088732
0,204800,0.00031085577
0,204810,0.00031082422
0,204820,0.0003107927
0,204830,0.00031076116
0,204840,0.00031072967
0,204850,0.00031069815
0,204860,0.00031066663
0,204870,0.00031063514
0,204880,0.00031060365
0,204890,0.00031057216
0,204900,0.0003105407
0,204910,0.0003105092
0,204920,0.00031047774
0,204930,0.00031044628
0,204940,0.00031041482
0,204950,0.0003103834
0,204960,0.00031035196
0,204970,0.00031032052
0,204980,0.0003102891
0,204990,0.00031025766
0,205000,0.00031022626
0,205010,0.00031019485
0,205020,0.00031016345
0,205030,0.00031013205
0,205040,0.00031010067
0,205050,0.0003100693
0,205060,0.00031003793
0,205070,0.00031000655
0,205080,0.00030997518
0,205090,0.00030994383
0,205100,0.0003099125
0,205110,0.00030988114
0,205120,0.00030984983
0,205130,0.00030981848
0,205140,0.00030978717
0,205150,0.00030975585
0,205160,0.00030972454
0,205170,0.00030969325
0,205180,0.00030966193
0,205190,0.00030963065
0,205200,0.0003095994
0,205210,0.0003095681
0,205220,0.00030953684
0,205230,0.00030950556
0,205240,0.0003094743
0,205250,0.00030944307
0,205260,0.00030941181
0,205270,0.0003093806
0,205280,0.00030934936
0,205290,0.00030931813
0,205300,0.0003092869
0,205310,0.0003092557
0,205320,0.0003092245
0,205330,0.0003091933
0,205340,0.0003091621
0,205350,0.00030913093
0,205360,0.00030909973
0,205370,0.00030906856
0,205380,0.00030903742
0,205390,0.00030900625
0,205400,0.0003089751
0,205410,0.00030894394
0,205420,0.0003089128
0,205430,0.0003088817
0,205440,0.00030885055
0,205450,0.00030881944
0,205460,0.00030878832
0,205470,0.0003087572
0,205480,0.0003087261
0,205490,0.00030869502
0,205500,0.00030866393
0,205510,0.00030863285
0,205520,0.00030860177
0,205530,0.0003085707
0,205540,0.00030853963
0,205550,0.00030850858
0,205560,0.00030847752
0,205570,0.0003084465
0,205580,0.00030841545
0,205590,0.00030838442
0,205600,0.0003083534
0,205610,0.0003083224
0,205620,0.00030829138
0,205630,0.00030826038
0,205640,0.00030822938
0,205650,0.0003081984
0,205660,0.0003081674
0,205670,0.00030813643
0,205680,0.00030810543
0,205690,0.00030807446
0,205700,0.00030804353
0,205710,0.00030801256
0,205720,0.00030798162
0,205730,0.0003079507
0,205740,0.00030791975
0,205750,0.0003078888
0,205760,0.0003078579
0,205770,0.00030782697
0,205780,0.00030779606
0,205790,0.00030776515
0,205800,0.00030773427
0,205810,0.0003077034
0,205820,0.00030767248
0,205830,0.0003076416
0,205840,0.00030761075
0,205850,0.00030757987
0,205860,0.00030754902
0,205870,0.00030751817
0,205880,0.00030748732
0,205890,0.00030745647
0,205900,0.00030742565
0,205910,0.00030739483
0,205920,0.000307364
0,205930,0.0003073332
0,205940,0.00030730237
0,205950,0.00030727158
0,205960,0.00030724079
0,205970,0.00030721
0,205980,0.0003071792
0,205990,0.00030714844
0,206000,0.00030711768
0,206010,0.0003070869
0,206020,0.00030705615
0,206030,0.0003070254
0,206040,0.00030699465
0,206050,0.00030696392
0,206060,0.0003069332
0,206070,0.00030690245
0,206080,0.00030687172
0,206090,0.00030684102
0,206100,0.0003068103
0,206110,0.0003067796
0,206120,0.0003067489
0,206130,0.00030671823
0,206140,0.00030668755
0,206150,0.00030665688
0,206160,0.0003066262
0,206170,0.00030659552
0,206180,0.00030656488
0,206190,0.00030653423
0,206200,0.00030650359
0,206210,0.00030647294
0,206220,0.0003064423
0,206230,0.00030641168
0,206240,0.00030638106
0,206250,0.00030635044
0,206260,0.00030631985
0,206270,0.00030628924
0,206280,0.00030625865
0,206290,0.00030622806
0,206300,0.00030619747
0,206310,0.00030616688
0,206320,0.00030613632
0,206330,0.00030610577
0,206340,0.0003060752
0,206350,0.00030604465
0,206360,0.0003060141
0,206370,0.00030598356
0,206380,0.00030595303
0,206390,0.0003059225
0,206400,0.00030589197
0,206410,0.00030586147
0,206420,0.00030583097
0,206430,0.00030580047
0,206440,0.00030576997
0,206450,0.00030573946
0,206460,0.000305709
0,206470,0.0003056785
0,206480,0.00030564802
0,206490,0.00030561758
0,206500,0.0003055871
0,206510,0.00030555666
0,206520,0.00030552622
0,206530,0.00030549578
0,206540,0.00030546534
0,206550,0.0003054349
0,206560,0.00030540448
0,206570,0.00030537407
0,206580,0.00030534365
0,206590,0.00030531324
0,206600,0.00030528285
0,206610,0.00030525247
0,206620,0.00030522209
0,206630,0.0003051917
0,206640,0.00030516132
0,206650,0.00030513096
0,206660,0.0003051006
0,206670,0.00030507025
0,206680,0.0003050399
0,206690,0.00030500954
0,206700,0.0003049792
0,206710,0.0003049489
0,206720,0.00030491856
0,206730,0.00030488824
0,206740,0.0003048579
0,206750,0.0003048276
0,206760,0.00030479732
0,206770,0.00030476702
0,206780,0.00030473672
0,206790,0.00030470645
0,206800,0.00030467618
0,206810,0.0003046459
0,206820,0.00030461565
0,206830,0.00030458538
0,206840,0.0003045551
0,206850,0.00030452487
0,206860,0.00030449464
0,206870,0.0003044644
0,206880,0.0003044342
0,206890,0.00030440395
0,206900,0.00030437374
0,206910,0.00030434353
0,206920,0.00030431332
0,206930,0.00030428314
0,206940,0.00030425293
0,206950,0.00030422275
0,206960,0.00030419257
0,206970,0.0003041624
0,206980,0.00030413223
0,206990,0.00030410208
0,207000,0.0003040719
0,207010,0.00030404175
0,207020,0.00030401163
0,207030,0.00030398148
0,207040,0.00030395135
0,207050,0.00030392123
0,207060,0.0003038911
0,207070,0.000303861
0,207080,0.0003038309
0,207090,0.00030380077
0,207100,0.00030377068
0,207110,0.0003037406
0,207120,0.00030371052
0,207130,0.00030368043
0,207140,0.00030365036
0,207150,0.0003036203
0,207160,0.00030359023
0,207170,0.0003035602
0,207180,0.00030353013
0,207190,0.0003035001
0,207200,0.00030347006
0,207210,0.00030344003
0,207220,0.00030341002
0,207230,0.00030338
0,207240,0.00030334998
0,207250,0.00030331998
0,207260,0.00030328997
0,207270,0.00030326
0,207280,0.00030323
0,207290,0.0003032
0,207300,0.00030317003
0,207310,0.00030314006
0,207320,0.0003031101
0,207330,0.00030308013
0,207340,0.00030305018
0,207350,0.00030302024
0,207360,0.0003029903
0,207370,0.00030296037
0,207380,0.00030293042
0,207390,0.0003029005
0,207400,0.00030287058
0,207410,0.0003028407
0,207420,0.00030281077
0,207430,0.00030278089
0,207440,0.000302751
0,207450,0.0003027211
0,207460,0.00030269122
0,207470,0.00030266133
0,207480,0.00030263147
0,207490,0.0003026016
0,207500,0.00030257175
0,207510,0.00030254188
0,207520,0.00030251205
0,207530,0.0003024822
0,207540,0.00030245236
0,207550,0.00030242253
0,207560,0.00030239273
0,207570,0.0003023629
0,207580,0.0003023331
0,207590,0.0003023033
0,207600,0.0003022735
0,207610,0.0003022437
0,207620,0.0003022139
0,207630,0.0003021841
0,207640,0.00030215434
0,207650,0.00030212456
0,207660,0.00030209482
0,207670,0.00030206505
0,207680,0.0003020353
0,207690,0.00030200556
0,207700,0.00030197582
0,207710,0.00030194607
0,207720,0.00030191636
0,207730,0.0003018866
0,207740,0.0003018569
0,207750,0.00030182718
0,207760,0.0003017975
0,207770,0.00030176778
0,207780,0.0003017381
0,207790,0.0003017084
0,207800,0.00030167872
0,207810,0.00030164904
0,207820,0.00030161938
0,207830,0.0003015897
0,207840,0.00030156004
0,207850,0.00030153038
0,207860,0.00030150075
0,207870,0.0003014711
0,207880,0.00030144147
0,207890,0.00030141184
0,207900,0.0003013822
0,207910,0.0003013526
0,207920,0.000301323
0,207930,0.00030129336
0,207940,0.00030126376
0,207950,0.00030123416
0,207960,0.0003012046
0,207970,0.000301175
0,207980,0.00030114542
0,207990,0.00030111586
0,208000,0.0003010863
0,208010,0.00030105672
0,208020,0.00030102718
0,208030,0.0003009976
0,208040,0.00030096807
0,208050,0.00030093853
0,208060,0.00030090899
0,208070,0.00030087947
0,208080,0.00030084993
0,208090,0.00030082042
0,208100,0.0003007909
0,208110,0.00030076143
0,208120,0.00030073192
0,208130,0.00030070244
0,208140,0.00030067295
0,208150,0.00030064347
0,208160,0.000300614
0,208170,0.0003005845
0,208180,0.00030055505
0,208190,0.0003005256
0,208200,0.00030049615
0,208210,0.0003004667
0,208220,0.00030043724
0,208230,0.00030040782
0,208240,0.0003003784
0,208250,0.00030034897
0,208260,0.00030031955
0,208270,0.00030029012
0,208280,0.00030026073
0,208290,0.00030023133
0,208300,0.00030020194
0,208310,0.00030017254
0,208320,0.00030014315
0,208330,0.00030011378
0,208340,0.0003000844
0,208350,0.00030005502
0,208360,0.00030002565
0,208370,0.00029999632
0,208380,0.00029996695
0,208390,0.00029993762
0,208400,0.00029990828
0,208410,0.00029987894
0,208420,0.0002998496
0,208430,0.0002998203
0,208440,0.000299791
0,208450,0.00029976165
0,208460,0.00029973238
0,208470,0.00029970307
0,208480,0.00029967376
0,208490,0.00029964448
0,208500,0.0002996152
0,208510,0.00029958592
0,208520,0.00029955665
0,208530,0.00029952737
0,208540,0.00029949812
0,208550,0.00029946887
0,208560,0.00029943962
0,208570,0.00029941037
0,208580,0.00029938115
0,208590,0.0002993519
0,208600,0.00029932268
0,208610,0.00029929346
0,208620,0.00029926424
0,208630,0.00029923502
0,208640,0.00029920583
0,208650,0.00029917664
0,208660,0.00029914745
0,208670,0.00029911826
0,208680,0.00029908906
0,208690,0.0002990599
0,208700,0.0002990307
0,208710,0.00029900155
0,208720,0.0002989724
0,208730,0.00029894325
0,208740,0.0002989141
0,208750,0.00029888496
0,208760,0.00029885583
0,208770,0.0002988267
0,208780,0.00029879756
0,208790,0.00029876843
0,208800,0.00029873932
0,208810,0.00029871022
0,208820,0.00029868112
0,208830,0.000298652
0,208840,0.0002986229
0,208850,0.00029859383
0,208860,0.00029856476
0,208870,0.00029853568
0,208880,0.0002985066
0,208890,0.00029847753
0,208900,0.0002984485
0,208910,0.0002984194
0,208920,0.00029839037
0,208930,0.00029836132
0,208940,0.0002983323
0,208950,0.00029830326
0,208960,0.00029827424
0,208970,0.00029824523
0,208980,0.0002982162
0,208990,0.0002981872
0,209000,0.00029815818
0,209010,0.0002981292
0,209020,0.0002981002
0,209030,0.00029807122
0,209040,0.00029804223
0,209050,0.00029801324
0,209060,0.00029798428
0,209070,0.00029795532
0,209080,0.00029792637
0,209090,0.0002978974
0,209100,0.00029786845
0,209110,0.00029783952
0,209120,0.00029781056
0,209130,0.00029778163
0,209140,0.0002977527
0,209150,0.00029772377
0,209160,0.00029769487
0,209170,0.00029766597
0,209180,0.00029763705
0,209190,0.00029760815
0,209200,0.00029757927
0,209210,0.00029755037
0,209220,0.0002975215
0,209230,0.0002974926
0,209240,0.00029746373
0,209250,0.00029743486
0,209260,0.00029740602
0,209270,0.00029737715
0,209280,0.0002973483
0,209290,0.00029731946
0,209300,0.00029729062
0,209310,0.00029726178
0,209320,0.00029723297
0,209330,0.00029720413
0,209340,0.0002971753
0,209350,0.0002971465
0,209360,0.0002971177
0,209370,0.0002970889
0,209380,0.0002970601
0,209390,0.0002970313
0,209400,0.00029700252
0,209410,0.00029697374
0,209420,0.00029694496
0,209430,0.0002969162
0,209440,0.00029688742
0,209450,0.00029685866
0,209460,0.0002968299
0,209470,0.00029680118
0,209480,0.00029677243
0,209490,0.0002967437
0,209500,0.00029671495
0,209510,0.00029668622
0,209520,0.00029665753
0,209530,0.0002966288
0,209540,0.00029660008
0,209550,0.00029657138
0,209560,0.00029654268
0,209570,0.000296514
0,209580,0.0002964853
0,209590,0.00029645662
0,209600,0.00029642796
0,209610,0.00029639926
0,209620,0.0002963706
0,209630,0.00029634195
0,209640,0.0002963133
0,209650,0.00029628465
0,209660,0.00029625598
0,209670,0.00029622734
0,209680,0.0002961987
0,209690,0.0002961701
0,209700,0.00029614146
0,209710,0.00029611285
0,209720,0.00029608424
0,209730,0.00029605563
0,209740,0.00029602702
0,209750,0.0002959984
0,209760,0.00029596983
0,209770,0.00029594125
0,209780,0.00029591267
0,209790,0.0002958841
0,209800,0.0002958555
0,209810,0.00029582696
0,209820,0.00029579838
0,209830,0.00029576983
0,209840,0.00029574128
0,209850,0.00029571273
0,209860,0.0002956842
0,209870,0.00029565566
0,209880,0.00029562713
0,209890,0.0002955986
0,209900,0.0002955701
0,209910,0.0002955416
0,209920,0.00029551308
0,209930,0.00029548458
0,209940,0.0002954561
0,209950,0.0002954276
0,209960,0.0002953991
0,209970,0.00029537064
0,209980,0.00029534215
0,209990,0.0002953137
0,210000,0.00029528522
0,210010,0.00029525676
0,210020,0.0002952283
0,210030,0.00029519986
0,210040,0.00029517143
0,210050,0.00029514296
0,210060,0.00029511453
0,210070,0.00029508612
0,210080,0.0002950577
0,210090,0.00029502928
0,210100,0.00029500085
0,210110,0.00029497244
0,210120,0.00029494407
0,210130,0.00029491566
0,210140,0.00029488726
0,210150,0.00029485888
0,210160,0.0002948305
0,210170,0.00029480213
0,210180,0.00029477375
0,210190,0.0002947454
0,210200,0.00029471703
0,210210,0.00029468868
0,210220,0.00029466033
0,210230,0.000294632
0,210240,0.00029460364
0,210250,0.00029457532
0,210260,0.00029454698
0,210270,0.00029451866
0,210280,0.00029449034
0,210290,0.00029446205
0,210300,0.00029443373
0,210310,0.0002944054
0,210320,0.00029437713
0,210330,0.00029434884
0,210340,0.00029432055
0,210350,0.00029429226
0,210360,0.000294264
0,210370,0.00029423574
0,210380,0.00029420745
0,210390,0.0002941792
0,210400,0.00029415096
0,210410,0.0002941227
0,210420,0.00029409444
0,210430,0.0002940662
0,210440,0.00029403798
0,210450,0.00029400975
0,210460,0.00029398152
0,210470,0.00029395332
0,210480,0.00029392508
0,210490,0.00029389688
0,210500,0.00029386868
0,210510,0.00029384048
0,210520,0.00029381228
0,210530,0.0002937841
0,210540,0.00029375593
0,210550,0.00029372773
0,210560,0.00029369956
0,210570,0.00029367142
0,210580,0.00029364324
0,210590,0.00029361507
0,210600,0.00029358693
0,210610,0.00029355878
0,210620,0.00029353064
0,210630,0.0002935025
0,210640,0.00029347438
0,210650,0.00029344624
0,210660,0.00029341812
0,210670,0.00029339
0,210680,0.0002933619
0,210690,0.0002933338
0,210700,0.0002933057
0,210710,0.0002932776
0,210720,0.00029324953
0,210730,0.00029322144
0,210740,0.00029319336
0,210750,0.00029316527
0,210760,0.00029313721
0,210770,0.00029310913
0,210780,0.00029308107
0,210790,0.00029305302
0,210800,0.000293025
0,210810,0.00029299693
0,210820,0.0002929689
0,210830,0.00029294085
0,210840,0.00029291282
0,210850,0.00029288483
0,210860,0.0002928568
0,210870,0.00029282877
0,210880,0.00029280077
0,210890,0.00029277278
0,210900,0.00029274478
0,210910,0.00029271678
0,210920,0.00029268878
0,210930,0.0002926608
0,210940,0.00029263285
0,210950,0.00029260485
0,210960,0.00029257688
0,210970,0.00029254894
0,210980,0.00029252097
0,210990,0.00029249303
0,211000,0.00029246506
0,211010,0.00029243712
0,211020,0.00029240918
0,211030,0.00029238127
0,211040,0.00029235333
0,211050,0.00029232542
0,211060,0.00029229748
0,211070,0.00029226957
0,211080,0.0002922417
0,211090,0.00029221378
0,211100,0.00029218587
0,211110,0.000292158
0,211120,0.0002921301
0,211130,0.00029210222
0,211140,0.00029207434
0,211150,0.00029204646
0,211160,0.0002920186
0,211170,0.00029199076
0,211180,0.00029196288
0,211190,0.00029193502
0,211200,0.0002919072
0,211210,0.00029187935
0,211220,0.00029185152
0,211230,0.00029182367
0,211240,0.00029179585
0,211250,0.00029176802
0,211260,0.0002917402
0,211270,0.0002917124
0,211280,0.0002916846
0,211290,0.0002916568
0,211300,0.000291629
0,211310,0.0002916012
0,211320,0.00029157344
0,211330,0.00029154564
0,211340,0.00029151788
0,211350,0.00029149008
0,211360,0.00029146232
0,211370,0.00029143458
0,211380,0.00029140682
0,211390,0.00029137905
0,211400,0.00029135132
0,211410,0.00029132358
0,211420,0.00029129584
0,211430,0.0002912681
0,211440,0.00029124037
0,211450,0.00029121267
0,211460,0.00029118493
0,211470,0.00029115722
0,211480,0.00029112952
0,211490,0.0002911018
0,211500,0.00029107413
0,211510,0.00029104642
0,211520,0.00029101875
0,211530,0.00029099107
0,211540,0.0002909634
0,211550,0.0002909357
0,211560,0.00029090806
0,211570,0.0002908804
0,211580,0.00029085274
0,211590,0.0002908251
0,211600,0.00029079744
0,211610,0.0002907698
0,211620,0.00029074214
0,211630,0.00029071452
0,211640,0.0002906869
0,211650,0.00029065929
0,211660,0.00029063167
0,211670,0.00029060405
0,211680,0.00029057643
0,211690,0.00029054884
0,211700,0.00029052125
0,211710,0.00029049366
0,211720,0.00029046607
0,211730,0.00029043847
0,211740,0.00029041088
0,211750,0.00029038332
0,211760,0.00029035576
0,211770,0.0002903282
0,211780,0.00029030064
0,211790,0.00029027308
0,211800,0.00029024552
0,211810,0.00029021798
0,211820,0.00029019045
0,211830,0.00029016292
0,211840,0.0002901354
0,211850,0.00029010786
0,211860,0.00029008035
0,211870,0.00029005282
0,211880,0.00029002532
0,211890,0.0002899978
0,211900,0.0002899703
0,211910,0.0002899428
0,211920,0.00028991533
0,211930,0.00028988783
0,211940,0.00028986036
0,211950,0.00028983288
0,211960,0.0002898054
0,211970,0.00028977796
0,211980,0.0002897505
0,211990,0.00028972304
0,212000,0.00028969557
0,212010,0.00028966813
0,212020,0.00028964068
0,212030,0.00028961326
0,212040,0.00028958582
0,212050,0.0002895584
0,212060,0.000289531
0,212070,0.00028950357
0,212080,0.00028947616
0,212090,0.00028944874
0,212100,0.00028942132
0,212110,0.00028939394
0,212120,0.00028936655
0,212130,0.00028933916
0,212140,0.00028931178
0,212150,0.0002892844
0,212160,0.00028925703
0,212170,0.00028922965
0,212180,0.0002892023
0,212190,0.00028917493
0,212200,0.00028914757
0,212210,0.00028912025
0,212220,0.0002890929
0,212230,0.00028906556
0,212240,0.0002890382
0,212250,0.00028901087
0,212260,0.00028898355
0,212270,0.00028895625
0,212280,0.00028892892
0,212290,0.00028890162
0,212300,0.00028887432
0,212310,0.000288847
0,212320,0.00028881972
0,212330,0.00028879242
0,212340,0.00028876512
0,212350,0.00028873785
0,212360,0.00028871058
0,212370,0.0002886833
0,212380,0.00028865604
0,212390,0.00028862877
0,212400,0.0002886015
0,212410,0.00028857426
0,212420,0.00028854702
0,212430,0.00028851978
0,212440,0.00028849253
0,212450,0.0002884653
0,212460,0.00028843805
0,212470,0.00028841084
0,212480,0.00028838363
0,212490,0.0002883564
0,212500,0.00028832917
0,212510,0.000288302
0,212520,0.00028827478
0,212530,0.0002882476
0,212540,0.00028822038
0,212550,0.0002881932
0,212560,0.00028816602
0,212570,0.00028813884
0,212580,0.00028811168
0,212590,0.0002880845
0,212600,0.00028805734
0,212610,0.0002880302
0,212620,0.00028800304
0,212630,0.00028797588
0,212640,0.00028794873
0,212650,0.0002879216
0,212660,0.00028789448
0,212670,0.00028786733
0,212680,0.0002878402
0,212690,0.0002878131
0,212700,0.00028778598
0,212710,0.00028775886
0,212720,0.00028773176
0,212730,0.00028770466
0,212740,0.00028767757
0,212750,0.00028765047
0,212760,0.00028762338
0,212770,0.0002875963
0,212780,0.00028756922
0,212790,0.00028754215
0,212800,0.00028751508
0,212810,0.00028748802
0,212820,0.00028746095
0,212830,0.0002874339
0,212840,0.00028740685
0,212850,0.0002873798
0,212860,0.00028735277
0,212870,0.00028732573
0,212880,0.0002872987
0,212890,0.0002872717
0,212900,0.00028724465
0,212910,0.00028721764
0,212920,0.00028719063
0,212930,0.00028716362
0,212940,0.00028713662
0,212950,0.0002871096
0,212960,0.00028708263
0,212970,0.00028705565
0,212980,0.00028702864
0,212990,0.00028700166
0,213000,0.0002869747
0,213010,0.00028694773
0,213020,0.00028692075
0,213030,0.0002868938
0,213040,0.00028686685
0,213050,0.0002868399
0,213060,0.00028681295
0,213070,0.000286786
0,213080,0.00028675908
0,213090,0.00028673213
0,213100,0.0002867052
0,213110,0.0002866783
0,213120,0.00028665137
0,213130,0.00028662445
0,213140,0.00028659755
0,213150,0.00028657063
0,213160,0.00028654374
0,213170,0.00028651685
0,213180,0.00028648996
0,213190,0.00028646307
0,213200,0.00028643617
0,213210,0.0002864093
0,213220,0.00028638245
0,213230,0.00028635556
0,213240,0.0002863287
0,213250,0.00028630186
0,213260,0.000286275
0,213270,0.00028624813
0,213280,0.0002862213
0,213290,0.00028619447
0,213300,0.00028616763
0,213310,0.0002861408
0,213320,0.00028611397
0,213330,0.00028608713
0,213340,0.00028606033
0,213350,0.00028603352
0,213360,0.00028600672
0,213370,0.0002859799
0,213380,0.0002859531
0,213390,0.0002859263
0,213400,0.00028589953
0,213410,0.00028587272
0,213420,0.00028584595
0,213430,0.00028581917
0,213440,0.0002857924
0,213450,0.00028576565
0,213460,0.00028573888
0,213470,0.00028571213
0,213480,0.00028568538
0,213490,0.00028565864
0,213500,0.0002856319
0,213510,0.00028560514
0,213520,0.0002855784
0,213530,0.00028555168
0,213540,0.00028552496
0,213550,0.00028549822
0,213560,0.00028547153
0,213570,0.0002854448
0,213580,0.0002854181
0,213590,0.0002853914
0,213600,0.0002853647
0,213610,0.000285338
0,213620,0.0002853113
0,213630,0.00028528462
0,213640,0.00028525793
0,213650,0.00028523128
0,213660,0.00028520462
0,213670,0.00028517793
0,213680,0.00028515127
0,213690,0.0002851246
0,213700,0.00028509795
0,213710,0.00028507132
0,213720,0.00028504466
0,213730,0.00028501803
0,213740,0.0002849914
0,213750,0.00028496477
0,213760,0.00028493814
0,213770,0.0002849115
0,213780,0.0002848849
0,213790,0.0002848583
0,213800,0.00028483168
0,213810,0.00028480508
0,213820,0.00028477848
0,213830,0.0002847519
0,213840,0.0002847253
0,213850,0.00028469873
0,213860,0.00028467213
0,213870,0.00028464556
0,213880,0.000284619
0,213890,0.00028459242
0,213900,0.00028456587
0,213910,0.0002845393
0,213920,0.00028451276
0,213930,0.00028448622
0,213940,0.00028445967
0,213950,0.00028443313
0,213960,0.0002844066
0,213970,0.00028438005
0,213980,0.00028435353
0,213990,0.00028432702
0,214000,0.0002843005
0,214010,0.000284274
0,214020,0.00028424748
0,214030,0.00028422097
0,214040,0.00028419448
0,214050,0.00028416797
0,214060,0.00028414148
0,214070,0.000284115
0,214080,0.0002840885
0,214090,0.00028406203
0,214100,0.00028403557
0,214110,0.0002840091
0,214120,0.00028398263
0,214130,0.00028395618
0,214140,0.00028392972
0,214150,0.00028390327
0,214160,0.0002838768
0,214170,0.0002838504
0,214180,0.00028382396
0,214190,0.0002837975
0,214200,0.00028377108
0,214210,0.00028374465
0,214220,0.00028371825
0,214230,0.00028369183
0,214240,0.00028366543
0,214250,0.000283639
0,214260,0.0002836126
0,214270,0.0002835862
0,214280,0.0002835598
0,214290,0.00028353345
0,214300,0.00028350705
0,214310,0.00028348068
0,214320,0.0002834543
0,214330,0.00028342794
0,214340,0.00028340158
0,214350,0.0002833752
0,214360,0.00028334884
0,214370,0.0002833225
0,214380,0.00028329613
0,214390,0.0002832698
0,214400,0.00028324345
0,214410,0.00028321712
0,214420,0.0002831908
0,214430,0.00028316447
0,214440,0.00028313816
0,214450,0.00028311185
0,214460,0.0002830855
0,214470,0.0002830592
0,214480,0.00028303292
0,214490,0.0002830066
0,214500,0.00028298033
0,214510,0.00028295402
0,214520,0.00028292774
0,214530,0.00028290146
0,214540,0.00028287517
0,214550,0.0002828489
0,214560,0.00028282264
0,214570,0.00028279636
0,214580,0.0002827701
0,214590,0.00028274386
0,214600,0.0002827176
0,214610,0.00028269136
0,214620,0.0002826651
0,214630,0.00028263888
0,214640,0.00028261263
0,214650,0.0002825864
0,214660,0.00028256018
0,214670,0.00028253396
0,214680,0.00028250774
0,214690,0.00028248155
0,214700,0.00028245532
0,214710,0.00028242913
0,214720,0.00028240294
0,214730,0.00028237674
0,214740,0.00028235055
0,214750,0.00028232436
0,214760,0.0002822982
0,214770,0.000282272
0,214780,0.00028224583
0,214790,0.00028221967
0,214800,0.0002821935
0,214810,0.00028216734
0,214820,0.00028214118
0,214830,0.00028211504
0,214840,0.00028208888
0,214850,0.00028206274
0,214860,0.0002820366
0,214870,0.00028201047
0,214880,0.00028198434
0,214890,0.00028195823
0,214900,0.0002819321
0,214910,0.000281906
0,214920,0.00028187985
0,214930,0.00028185375
0,214940,0.00028182764
0,214950,0.00028180156
0,214960,0.00028177546
0,214970,0.00028174938
0,214980,0.00028172327
0,214990,0.0002816972
0,215000,0.00028167112
0,215010,0.00028164504
0,215020,0.000281619
0,215030,0.00028159292
0,215040,0.00028156687
0,215050,0.0002815408
0,215060,0.00028151475
0,215070,0.0002814887
0,215080,0.00028146265
0,215090,0.00028143663
0,215100,0.00028141058
0,215110,0.00028138456
0,215120,0.00028135855
0,215130,0.0002813325
0,215140,0.0002813065
0,215150,0.0002812805
0,215160,0.00028125447
0,215170,0.00028122848
0,215180,0.00028120246
0,215190,0.00028117647
0,215200,0.00028115048
0,215210,0.0002811245
0,215220,0.0002810985
0,215230,0.00028107254
0,215240,0.00028104655
0,215250,0.0002810206
0,215260,0.00028099463
0,215270,0.00028096867
0,215280,0.0002809427
0,215290,0.00028091675
0,215300,0.0002808908
0,215310,0.00028086486
0,215320,0.00028083893
0,215330,0.00028081296
0,215340,0.00028078703
0,215350,0.00028076113
0,215360,0.0002807352
0,215370,0.00028070927
0,215380,0.00028068337
0,215390,0.00028065746
0,215400,0.00028063153
0,215410,0.00028060563
0,215420,0.00028057976
0,215430,0.00028055385
0,215440,0.00028052795
0,215450,0.00028050208
0,215460,0.0002804762
0,215470,0.00028045033
0,215480,0.00028042446
0,215490,0.00028039858
0,215500,0.0002803727
0,215510,0.00028034687
0,215520,0.000280321
0,215530,0.00028029515
0,215540,0.0002802693
0,215550,0.00028024346
0,215560,0.00028021762
0,215570,0.00028019177
0,215580,0.00028016596
0,215590,0.00028014014
0,215600,0.0002801143
0,215610,0.00028008848
0,215620,0.00028006267
0,215630,0.00028003685
0,215640,0.00028001107
0,215650,0.00027998525
0,215660,0.00027995947
0,215670,0.00027993368
0,215680,0.0002799079
0,215690,0.0002798821
0,215700,0.00027985632
0,215710,0.00027983054
0,215720,0.00027980478
0,215730,0.000279779
0,215740,0.00027975324
0,215750,0.00027972748
0,215760,0.00027970172
0,215770,0.00027967597
0,215780,0.00027965024
0,215790,0.00027962448
0,215800,0.00027959875
0,215810,0.00027957303
0,215820,0.0002795473
0,215830,0.00027952157
0,215840,0.00027949584
0,215850,0.0002794701
0,215860,0.00027944442
0,215870,0.00027941872
0,215880,0.000279393
0,215890,0.0002793673
0,215900,0.0002793416
0,215910,0.00027931592
0,215920,0.00027929022
0,215930,0.00027926455
0,215940,0.00027923886
0,215950,0.00027921319
0,215960,0.00027918752
0,215970,0.00027916185
0,215980,0.00027913618
0,215990,0.00027911054
0,216000,0.00027908487
0,216010,0.00027905923
0,216020,0.0002790336
0,216030,0.00027900795
0,216040,0.0002789823
0,216050,0.00027895666
0,216060,0.00027893102
0,216070,0.0002789054
0,216080,0.00027887977
0,216090,0.00027885416
0,216100,0.00027882855
0,216110,0.00027880294
0,216120,0.00027877733
0,216130,0.00027875174
0,216140,0.00027872613
0,216150,0.00027870055
0,216160,0.00027867497
0,216170,0.0002786494
0,216180,0.0002786238
0,216190,0.00027859822
0,216200,0.00027857264
0,216210,0.0002785471
0,216220,0.0002785215
0,216230,0.00027849595
0,216240,0.0002784704
0,216250,0.00027844484
0,216260,0.0002784193
0,216270,0.00027839377
0,216280,0.0002783682
0,216290,0.0002783427
0,216300,0.00027831717
0,216310,0.0002782916
0,216320,0.00027826612
0,216330,0.0002782406
0,216340,0.00027821507
0,216350,0.00027818957
0,216360,0.00027816405
0,216370,0.00027813856
0,216380,0.00027811306
0,216390,0.00027808757
0,216400,0.00027806207
0,216410,0.00027803658
0,216420,0.0002780111
0,216430,0.00027798561
0,216440,0.00027796015
0,216450,0.00027793468
0,216460,0.00027790922
0,216470,0.00027788375
0,216480,0.0002778583
0,216490,0.00027783285
0,216500,0.00027780738
0,216510,0.00027778195
0,216520,0.0002777565
0,216530,0.00027773107
0,216540,0.00027770564
0,216550,0.0002776802
0,216560,0.0002776548
0,216570,0.00027762935
0,216580,0.00027760395
0,216590,0.00027757854
0,216600,0.00027755313
0,216610,0.00027752772
0,216620,0.00027750232
0,216630,0.00027747694
0,216640,0.00027745153
0,216650,0.00027742615
0,216660,0.00027740077
0,216670,0.00027737537
0,216680,0.00027735002
0,216690,0.00027732464
0,216700,0.00027729926
0,216710,0.0002772739
0,216720,0.00027724853
0,216730,0.00027722318
0,216740,0.00027719783
0,216750,0.00027717248
0,216760,0.00027714713
0,216770,0.0002771218
0,216780,0.00027709646
0,216790,0.00027707114
0,216800,0.0002770458
0,216810,0.00027702047
0,216820,0.00027699515
0,216830,0.00027696983
0,216840,0.00027694454
0,216850,0.00027691922
0,216860,0.00027689393
0,216870,0.0002768686
0,216880,0.00027684332
0,216890,0.00027681803
0,216900,0.00027679274
0,216910,0.00027676747
0,216920,0.00027674218
0,216930,0.00027671692
0,216940,0.00027669163
0,216950,0.00027666637
0,216960,0.0002766411
0,216970,0.00027661584
0,216980,0.00027659058
0,216990,0.00027656535
0,217000,0.0002765401
0,217010,0.00027651485
0,217020,0.00027648962
0,217030,0.00027646436
0,217040,0.00027643915
0,217050,0.00027641392
0,217060,0.0002763887
0,217070,0.00027636345
0,217080,0.00027633825
0,217090,0.00027631305
0,217100,0.00027628784
0,217110,0.00027626264
0,217120,0.00027623744
0,217130,0.00027621223
0,217140,0.00027618703
0,217150,0.00027616185
0,217160,0.00027613668
0,217170,0.0002761115
0,217180,0.00027608633
0,217190,0.00027606115
0,217200,0.00027603598
0,217210,0.0002760108
0,217220,0.00027598566
0,217230,0.00027596048
0,217240,0.00027593534
0,217250,0.0002759102
0,217260,0.00027588505
0,217270,0.0002758599
0,217280,0.00027583478
0,217290,0.00027580964
0,217300,0.00027578452
0,217310,0.00027575938
0,217320,0.00027573426
0,217330,0.00027570914
0,217340,0.00027568403
0,217350,0.00027565894
0,217360,0.00027563382
0,217370,0.00027560873
0,217380,0.00027558362
0,217390,0.00027555853
0,217400,0.00027553344
0,217410,0.00027550836
0,217420,0.00027548327
0,217430,0.0002754582
0,217440,0.00027543312
0,217450,0.00027540806
0,217460,0.00027538298
0,217470,0.00027535792
0,217480,0.00027533286
0,217490,0.00027530783
0,217500,0.00027528277
0,217510,0.0002752577
0,217520,0.00027523268
0,217530,0.00027520765
0,217540,0.0002751826
0,217550,0.00027515757
0,217560,0.00027513254
0,217570,0.00027510754
0,217580,0.0002750825
0,217590,0.00027505748
0,217600,0.00027503248
0,217610,0.00027500748
0,217620,0.00027498248
0,217630,0.00027495748
0,217640,0.00027493248
0,217650,0.00027490748
0,217660,0.0002748825
0,217670,0.0002748575
0,217680,0.00027483254
0,217690,0.00027480756
0,217700,0.0002747826
0,217710,0.00027475762
0,217720,0.00027473265
0,217730,0.0002747077
0,217740,0.00027468274
0,217750,0.0002746578
0,217760,0.00027463285
0,217770,0.00027460788
0,217780,0.00027458294
0,217790,0.00027455803
0,217800,0.0002745331
0,217810,0.00027450814
0,217820,0.00027448323
0,217830,0.00027445832
0,217840,0.0002744334
0,217850,0.00027440846
0,217860,0.00027438358
0,217870,0.00027435867
0,217880,0.00027433375
0,217890,0.00027430887
0,217900,0.00027428396
0,217910,0.00027425907
0,217920,0.0002742342
0,217930,0.0002742093
0,217940,0.00027418442
0,217950,0.00027415957
0,217960,0.00027413468
0,217970,0.00027410983
0,217980,0.00027408494
0,217990,0.0002740601
0,218000,0.00027403524
0,218010,0.00027401038
0,218020,0.00027398553
0,218030,0.0002739607
0,218040,0.00027393585
0,218050,0.00027391102
0,218060,0.0002738862
0,218070,0.00027386134
0,218080,0.00027383651
0,218090,0.00027381172
0,218100,0.0002737869
0,218110,0.00027376207
0,218120,0.00027373727
0,218130,0.00027371247
0,218140,0.00027368765
0,218150,0.00027366285
0,218160,0.00027363806
0,218170,0.0002736133
0,218180,0.0002735885
0,218190,0.0002735637
0,218200,0.00027353893
0,218210,0.00027351416
0,218220,0.0002734894
0,218230,0.00027346463
0,218240,0.00027343986
0,218250,0.0002734151
0,218260,0.00027339032
0,218270,0.0002733656
0,218280,0.00027334082
0,218290,0.00027331608
0,218300,0.00027329134
0,218310,0.0002732666
0,218320,0.00027324187
0,218330,0.00027321716
0,218340,0.00027319242
0,218350,0.0002731677
0,218360,0.00027314297
0,218370,0.00027311826
0,218380,0.00027309355
0,218390,0.00027306884
0,218400,0.00027304413
0,218410,0.00027301945
0,218420,0.00027299474
0,218430,0.00027297006
0,218440,0.00027294536
0,218450,0.00027292068
0,218460,0.000272896
0,218470,0.00027287132
0,218480,0.00027284666
0,218490,0.00027282198
0,218500,0.00027279733
0,218510,0.00027277265
0,218520,0.000272748
0,218530,0.00027272335
0,218540,0.0002726987
0,218550,0.00027267405
0,218560,0.0002726494
0,218570,0.00027262478
0,218580,0.00027260013
0,218590,0.0002725755
0,218600,0.00027255088
0,218610,0.00027252626
0,218620,0.00027250164
0,218630,0.00027247702
0,218640,0.0002724524
0,218650,0.0002724278
0,218660,0.00027240318
0,218670,0.0002723786
0,218680,0.000272354
0,218690,0.0002723294
0,218700,0.0002723048
0,218710,0.00027228022
0,218720,0.00027225562
0,218730,0.00027223106
0,218740,0.0002722065
0,218750,0.0002721819
0,218760,0.00027215734
0,218770,0.00027213278
0,218780,0.0002721082
0,218790,0.00027208368
0,218800,0.00027205911
0,218810,0.00027203455
0,218820,0.00027201002
0,218830,0.00027198548
0,218840,0.00027196095
0,218850,0.0002719364
0,218860,0.00027191188
0,218870,0.00027188734
0,218880,0.00027186284
0,218890,0.0002718383
0,218900,0.0002718138
0,218910,0.0002717893
0,218920,0.00027176476
0,218930,0.00027174028
0,218940,0.00027171578
0,218950,0.00027169127
0,218960,0.00027166677
0,218970,0.0002716423
0,218980,0.0002716178
0,218990,0.0002715933
0,219000,0.00027156883
0,219010,0.00027154436
0,219020,0.0002715199
0,219030,0.00027149543
0,219040,0.00027147096
0,219050,0.0002714465
0,219060,0.00027142206
0,219070,0.0002713976
0,219080,0.00027137314
0,219090,0.00027134872
0,219100,0.00027132427
0,219110,0.00027129982
0,219120,0.0002712754
0,219130,0.00027125096
0,219140,0.00027122654
0,219150,0.00027120212
0,219160,0.0002711777
0,219170,0.0002711533
0,219180,0.00027112887
0,219190,0.00027110445
0,219200,0.00027108006
0,219210,0.00027105564
0,219220,0.00027103125
0,219230,0.00027100687
0,219240,0.00027098248
0,219250,0.0002709581
0,219260,0.0002709337
0,219270,0.00027090934
0,219280,0.00027088495
0,219290,0.0002708606
0,219300,0.00027083623
0,219310,0.00027081184
0,219320,0.00027078748
0,219330,0.00027076312
0,219340,0.0002707388
0,219350,0.00027071443
0,219360,0.0002706901
0,219370,0.00027066574
0,219380,0.0002706414
0,219390,0.00027061708
0,219400,0.00027059275
0,219410,0.00027056842
0,219420,0.0002705441
0,219430,0.00027051978
0,219440,0.00027049545
0,219450,0.00027047115
0,219460,0.00027044682
0,219470,0.00027042252
0,219480,0.00027039822
0,219490,0.00027037392
0,219500,0.00027034964
0,219510,0.00027032534
0,219520,0.00027030107
0,219530,0.00027027677
0,219540,0.0002702525
0,219550,0.00027022822
0,219560,0.00027020395
0,219570,0.00027017968
0,219580,0.0002701554
0,219590,0.00027013116
0,219600,0.0002701069
0,219610,0.00027008264
0,219620,0.00027005837
0,219630,0.00027003413
0,219640,0.00027000988
0,219650,0.00026998564
0,219660,0.00026996143
0,219670,0.00026993718
0,219680,0.00026991294
0,219690,0.00026988873
0,219700,0.0002698645
0,219710,0.0002698403
0,219720,0.00026981608
0,219730,0.00026979187
0,219740,0.00026976765
0,219750,0.00026974344
0,219760,0.00026971925
0,219770,0.00026969507
0,219780,0.00026967085
0,219790,0.00026964667
0,219800,0.00026962248
0,219810,0.0002695983
0,219820,0.0002695741
0,219830,0.00026954996
0,219840,0.00026952577
0,219850,0.00026950162
0,219860,0.00026947746
0,219870,0.00026945327
0,219880,0.00026942912
0,219890,0.00026940496
0,219900,0.00026938083
0,219910,0.00026935668
0,219920,0.00026933255
0,219930,0.0002693084
0,219940,0.00026928427
0,219950,0.00026926014
0,219960,0.000269236
0,219970,0.0002692119
0,219980,0.00026918776
0,219990,0.00026916363
0,220000,0.00026913953
0,220010,0.0002691154
0,220020,0.0002690913
0,220030,0.0002690672
0,220040,0.0002690431
0,220050,0.00026901902
0,220060,0.00026899492
0,220070,0.00026897082
0,220080,0.00026894675
0,220090,0.00026892265
0,220100,0.00026889858
0,220110,0.00026887452
0,220120,0.00026885045
0,220130,0.00026882638
0,220140,0.0002688023
0,220150,0.00026877824
0,220160,0.00026875417
0,220170,0.00026873013
0,220180,0.0002687061
0,220190,0.00026868202
0,220200,0.00026865798
0,220210,0.00026863394
0,220220,0.00026860993
0,220230,0.0002685859
0,220240,0.00026856185
0,220250,0.00026853784
0,220260,0.0002685138
0,220270,0.0002684898
0,220280,0.00026846578
0,220290,0.00026844177
0,220300,0.00026841776
0,220310,0.00026839375
0,220320,0.00026836977
0,220330,0.00026834576
0,220340,0.00026832178
0,220350,0.00026829776
0,220360,0.00026827378
0,220370,0.0002682498
0,220380,0.00026822582
0,220390,0.00026820187
0,220400,0.0002681779
0,220410,0.0002681539
0,220420,0.00026812995
0,220430,0.000268106
0,220440,0.00026808202
0,220450,0.00026805807
0,220460,0.0002680341
0,220470,0.0002680102
0,220480,0.00026798624
0,220490,0.00026796228
0,220500,0.00026793836
0,220510,0.0002679144
0,220520,0.0002678905
0,220530,0.00026786656
0,220540,0.00026784264
0,220550,0.00026781872
0,220560,0.00026779482
0,220570,0.0002677709
0,220580,0.00026774697
0,220590,0.00026772308
0,220600,0.0002676992
0,220610,0.0002676753
0,220620,0.0002676514
0,220630,0.0002676275
0,220640,0.0002676036
0,220650,0.00026757972
0,220660,0.00026755585
0,220670,0.00026753196
0,220680,0.0002675081
0,220690,0.00026748423
0,220700,0.00026746036
0,220710,0.0002674365
0,220720,0.00026741263
0,220730,0.00026738876
0,220740,0.00026736493
0,220750,0.00026734106
0,220760,0.00026731723
0,220770,0.0002672934
0,220780,0.00026726956
0,220790,0.00026724572
0,220800,0.00026722188
0,220810,0.00026719805
0,220820,0.0002671742
0,220830,0.0002671504
0,220840,0.0002671266
0,220850,0.00026710276
0,220860,0.00026707895
0,220870,0.00026705515
0,220880,0.00026703134
0,220890,0.00026700753
0,220900,0.00026698376
0,220910,0.00026695995
0,220920,0.00026693617
0,220930,0.0002669124
0,220940,0.0002668886
0,220950,0.0002668648
0,220960,0.00026684103
0,220970,0.00026681725
0,220980,0.0002667935
0,220990,0.00026676973
0,221000,0.00026674598
0,221010,0.0002667222
0,221020,0.00026669845
0,221030,0.0002666747
0,221040,0.00026665095
0,221050,0.0002666272
0,221060,0.00026660346
0,221070,0.00026657974
0,221080,0.000266556
0,221090,0.00026653227
0,221100,0.00026650852
0,221110,0.0002664848
0,221120,0.00026646108
0,221130,0.00026643736
0,221140,0.00026641364
0,221150,0.00026638995
0,221160,0.00026636623
0,221170,0.00026634254
0,221180,0.00026631882
0,221190,0.00026629513
0,221200,0.00026627144
0,221210,0.00026624775
0,221220,0.00026622406
0,221230,0.00026620037
0,221240,0.0002661767
0,221250,0.00026615302
0,221260,0.00026612935
0,221270,0.00026610566
0,221280,0.000266082
0,221290,0.00026605834
0,221300,0.00026603468
0,221310,0.00026601102
0,221320,0.0002659874
0,221330,0.00026596372
0,221340,0.0002659401
0,221350,0.00026591643
0,221360,0.0002658928
0,221370,0.00026586917
0,221380,0.00026584553
0,221390,0.0002658219
0,221400,0.00026579827
0,221410,0.00026577467
0,221420,0.00026575103
0,221430,0.00026572743
0,221440,0.0002657038
0,221450,0.0002656802
0,221460,0.0002656566
0,221470,0.000265633
0,221480,0.0002656094
0,221490,0.0002655858
0,221500,0.0002655622
0,221510,0.00026553863
0,221520,0.00026551503
0,221530,0.00026549146
0,221540,0.00026546788
0,221550,0.0002654443
0,221560,0.00026542073
0,221570,0.00026539716
0,221580,0.0002653736
0,221590,0.00026535004
0,221600,0.00026532647
0,221610,0.00026530292
0,221620,0.00026527938
0,221630,0.00026525583
0,221640,0.0002652323
0,221650,0.00026520874
0,221660,0.0002651852
0,221670,0.00026516168
0,221680,0.00026513814
0,221690,0.00026511462
0,221700,0.00026509108
0,221710,0.00026506756
0,221720,0.00026504404
0,221730,0.00026502053
0,221740,0.00026499704
0,221750,0.00026497353
0,221760,0.00026495
0,221770,0.00026492652
0,221780,0.000264903
0,221790,0.00026487952
0,221800,0.00026485603
0,221810,0.00026483255
0,221820,0.00026480906
0,221830,0.00026478557
0,221840,0.00026476211
0,221850,0.00026473863
0,221860,0.00026471517
0,221870,0.00026469168
0,221880,0.00026466823
0,221890,0.00026464477
0,221900,0.0002646213
0,221910,0.00026459785
0,221920,0.00026457442
0,221930,0.00026455097
0,221940,0.0002645275
0,221950,0.00026450408
0,221960,0.00026448065
0,221970,0.00026445722
0,221980,0.0002644338
0,221990,0.00026441037
0,222000,0.00026438694
0,222010,0.0002643635
0,222020,0.00026434008
0,222030,0.00026431668
0,222040,0.00026429328
0,222050,0.00026426985
0,222060,0.00026424645
0,222070,0.00026422305
0,222080,0.00026419965
0,222090,0.00026417628
0,222100,0.00026415288
0,222110,0.00026412949
0,222120,0.00026410611
0,222130,0.00026408272
0,222140,0.00026405934
0,222150,0.00026403597
0,222160,0.0002640126
0,222170,0.00026398923
0,222180,0.0002639659
0,222190,0.00026394252
0,222200,0.00026391915
0,222210,0.0002638958
0,222220,0.00026387247
0,222230,0.0002638491
0,222240,0.00026382576
0,222250,0.00026380242
0,222260,0.00026377907
0,222270,0.00026375576
0,222280,0.00026373242
0,222290,0.0002637091
0,222300,0.00026368577
0,222310,0.00026366246
0,222320,0.00026363914
0,222330,0.00026361583
0,222340,0.00026359252
0,222350,0.0002635692
0,222360,0.0002635459
0,222370,0.0002635226
0,222380,0.0002634993
0,222390,0.00026347602
0,222400,0.0002634527
0,222410,0.00026342942
0,222420,0.00026340614
0,222430,0.00026338286
0,222440,0.00026335957
0,222450,0.00026333632
0,222460,0.00026331304
0,222470,0.00026328978
0,222480,0.0002632665
0,222490,0.00026324324
0,222500,0.00026322
0,222510,0.00026319674
0,222520,0.00026317348
0,222530,0.00026315023
0,222540,0.00026312697
0,222550,0.00026310375
0,222560,0.0002630805
0,222570,0.00026305727
0,222580,0.00026303405
0,222590,0.00026301082
0,222600,0.0002629876
0,222610,0.00026296437
0,222620,0.00026294115
0,222630,0.00026291792
0,222640,0.00026289473
0,222650,0.0002628715
0,222660,0.0002628483
0,222670,0.0002628251
0,222680,0.0002628019
0,222690,0.00026277872
0,222700,0.00026275552
0,222710,0.00026273233
0,222720,0.00026270913
0,222730,0.00026268596
0,222740,0.00026266277
0,222750,0.0002626396
0,222760,0.00026261644
0,222770,0.00026259324
0,222780,0.00026257007
0,222790,0.00026254694
0,222800,0.00026252377
0,222810,0.0002625006
0,222820,0.00026247746
0,222830,0.0002624543
0,222840,0.00026243116
0,222850,0.00026240802
0,222860,0.00026238486
0,222870,0.00026236172
0,222880,0.0002623386
0,222890,0.00026231547
0,222900,0.00026229233
0,222910,0.00026226923
0,222920,0.0002622461
0,222930,0.00026222298
0,222940,0.00026219987
0,222950,0.00026217673
0,222960,0.00026215363
0,222970,0.00026213055
0,222980,0.00026210744
0,222990,0.00026208433
0,223000,0.00026206125
0,223010,0.00026203814
0,223020,0.00026201506
0,223030,0.00026199195
0,223040,0.00026196887
0,223050,0.0002619458
0,223060,0.00026192272
0,223070,0.00026189967
0,223080,0.0002618766
0,223090,0.0002618535
0,223100,0.00026183046
0,223110,0.0002618074
0,223120,0.00026178433
0,223130,0.00026176128
0,223140,0.00026173823
0,223150,0.00026171518
0,223160,0.00026169216
0,223170,0.0002616691
0,223180,0.00026164606
0,223190,0.00026162303
0,223200,0.0002616
0,223210,0.00026157696
0,223220,0.00026155394
0,223230,0.00026153092
0,223240,0.0002615079
0,223250,0.00026148488
0,223260,0.0002614619
0,223270,0.00026143886
0,223280,0.00026141587
0,223290,0.00026139285
0,223300,0.00026136986
0,223310,0.00026134687
0,223320,0.00026132388
0,223330,0.00026130088
0,223340,0.0002612779
0,223350,0.0002612549
0,223360,0.00026123194
0,223370,0.00026120894
0,223380,0.00026118598
0,223390,0.00026116302
0,223400,0.00026114006
0,223410,0.00026111706
0,223420,0.00026109413
0,223430,0.00026107117
0,223440,0.0002610482
0,223450,0.00026102524
0,223460,0.0002610023
0,223470,0.00026097934
0,223480,0.0002609564
0,223490,0.00026093348
0,223500,0.00026091054
0,223510,0.0002608876
0,223520,0.00026086468
0,223530,0.00026084174
0,223540,0.00026081884
0,223550,0.0002607959
0,223560,0.000260773
0,223570,0.0002607501
0,223580,0.00026072716
0,223590,0.00026070426
0,223600,0.00026068135
0,223610,0.00026065845
0,223620,0.00026063557
0,223630,0.00026061267
0,223640,0.00026058976
0,223650,0.00026056689
0,223660,0.000260544
0,223670,0.0002605211
0,223680,0.00026049823
0,223690,0.00026047535
0,223700,0.00026045248
0,223710,0.00026042963
0,223720,0.00026040676
0,223730,0.00026038388
0,223740,0.00026036103
0,223750,0.0002603382
0,223760,0.0002603153
0,223770,0.00026029247
0,223780,0.00026026962
0,223790,0.00026024677
0,223800,0.00026022393
0,223810,0.0002602011
0,223820,0.00026017826
0,223830,0.00026015544
0,223840,0.0002601326
0,223850,0.00026010978
0,223860,0.00026008696
0,223870,0.00026006415
0,223880,0.00026004133
0,223890,0.0002600185
0,223900,0.0002599957
0,223910,0.00025997288
0,223920,0.0002599501
0,223930,0.00025992727
0,223940,0.00025990448
0,223950,0.0002598817
0,223960,0.0002598589
0,223970,0.00025983612
0,223980,0.00025981333
0,223990,0.00025979054
0,224000,0.00025976778
0,224010,0.000259745
0,224020,0.00025972223
0,224030,0.00025969945
0,224040,0.0002596767
0,224050,0.00025965393
0,224060,0.00025963117
0,224070,0.0002596084
0,224080,0.00025958565
0,224090,0.0002595629
0,224100,0.00025954016
0,224110,0.0002595174
0,224120,0.00025949467
0,224130,0.00025947194
0,224140,0.00025944918
0,224150,0.00025942645
0,224160,0.00025940372
0,224170,0.00025938102
0,224180,0.0002593583
0,224190,0.00025933556
0,224200,0.00025931286
0,224210,0.00025929013
0,224220,0.00025926743
0,224230,0.00025924473
0,224240,0.00025922203
0,224250,0.00025919933
0,224260,0.00025917662
0,224270,0.00025915392
0,224280,0.00025913122
0,224290,0.00025910855
0,224300,0.00025908585
0,224310,0.00025906318
0,224320,0.0002590405
0,224330,0.0002590178
0,224340,0.00025899513
0,224350,0.00025897246
0,224360,0.00025894982
0,224370,0.00025892715
0,224380,0.00025890447
0,224390,0.00025888183
0,224400,0.00025885916
0,224410,0.00025883652
0,224420,0.00025881387
0,224430,0.00025879123
0,224440,0.0002587686
0,224450,0.00025874595
0,224460,0.0002587233
0,224470,0.00025870066
0,224480,0.00025867805
0,224490,0.0002586554
0,224500,0.0002586328
0,224510,0.00025861018
0,224520,0.00025858756
0,224530,0.00025856492
0,224540,0.00025854234
0,224550,0.00025851972
0,224560,0.0002584971
0,224570,0.0002584745
0,224580,0.0002584519
0,224590,0.0002584293
0,224600,0.0002584067
0,224610,0.00025838413
0,224620,0.00025836154
0,224630,0.00025833896
0,224640,0.00025831637
0,224650,0.0002582938
0,224660,0.0002582712
0,224670,0.00025824865
0,224680,0.00025822606
0,224690,0.0002582035
0,224700,0.00025818095
0,224710,0.0002581584
0,224720,0.00025813584
0,224730,0.0002581133
0,224740,0.00025809073
0,224750,0.00025806818
0,224760,0.00025804562
0,224770,0.0002580231
0,224780,0.00025800057
0,224790,0.000257978
0,224800,0.0002579555
0,224810,0.00025793296
0,224820,0.00025791043
0,224830,0.0002578879
0,224840,0.00025786538
0,224850,0.00025784288
0,224860,0.00025782036
0,224870,0.00025779783
0,224880,0.00025777533
0,224890,0.00025775284
0,224900,0.00025773034
0,224910,0.00025770784
0,224920,0.00025768534
0,224930,0.00025766285
0,224940,0.00025764035
0,224950,0.00025761785
0,224960,0.00025759538
0,224970,0.0002575729
0,224980,0.00025755042
0,224990,0.00025752795
0,225000,0.00025750548
0,225010,0.000257483
0,225020,0.00025746055
0,225030,0.00025743808
0,225040,0.0002574156
0,225050,0.00025739317
0,225060,0.0002573707
0,225070,0.00025734826
0,225080,0.0002573258
0,225090,0.00025730336
0,225100,0.00025728092
0,225110,0.00025725848
0,225120,0.00025723604
0,225130,0.0002572136
0,225140,0.0002571912
0,225150,0.00025716875
0,225160,0.00025714634
0,225170,0.0002571239
0,225180,0.0002571015
0,225190,0.00025707908
0,225200,0.00025705667
0,225210,0.00025703426
0,225220,0.00025701185
0,225230,0.00025698944
0,225240,0.00025696703
0,225250,0.00025694465
0,225260,0.00025692224
0,225270,0.00025689986
0,225280,0.00025687748
0,225290,0.0002568551
0,225300,0.00025683272
0,225310,0.00025681034
0,225320,0.00025678796
0,225330,0.00025676558
0,225340,0.00025674322
0,225350,0.00025672084
0,225360,0.0002566985
0,225370,0.0002566761
0,225380,0.00025665376
0,225390,0.0002566314
0,225400,0.00025660906
0,225410,0.0002565867
0,225420,0.00025656435
0,225430,0.00025654203
0,225440,0.00025651968
0,225450,0.00025649733
0,225460,0.000256475
0,225470,0.00025645268
0,225480,0.00025643036
0,225490,0.000256408
0,225500,0.00025638568
0,225510,0.0002563634
0,225520,0.00025634107
0,225530,0.00025631874
0,225540,0.00025629645
0,225550,0.00025627413
0,225560,0.00025625183
0,225570,0.0002562295
0,225580,0.00025620722
0,225590,0.00025618493
0,225600,0.00025616263
0,225610,0.00025614034
0,225620,0.00025611807
0,225630,0.00025609578
0,225640,0.0002560735
0,225650,0.00025605122
0,225660,0.00025602893
0,225670,0.00025600666
0,225680,0.0002559844
0,225690,0.00025596214
0,225700,0.00025593987
0,225710,0.0002559176
0,225720,0.00025589534
0,225730,0.0002558731
0,225740,0.00025585084
0,225750,0.0002558286
0,225760,0.00025580634
0,225770,0.0002557841
0,225780,0.00025576187
0,225790,0.00025573964
0,225800,0.0002557174
0,225810,0.00025569517
0,225820,0.00025567293
0,225830,0.00025565072
0,225840,0.0002556285
0,225850,0.00025560628
0,225860,0.00025558405
0,225870,0.00025556184
0,225880,0.00025553963
0,225890,0.00025551743
0,225900,0.00025549522
0,225910,0.00025547302
0,225920,0.00025545084
0,225930,0.00025542863
0,225940,0.00025540643
0,225950,0.00025538425
0,225960,0.00025536207
0,225970,0.00025533987
0,225980,0.0002553177
0,225990,0.0002552955
0,226000,0.00025527333
0,226010,0.00025525116
0,226020,0.000255229
0,226030,0.00025520683
0,226040,0.00025518468
0,226050,0.0002551625
0,226060,0.00025514036
0,226070,0.0002551182
0,226080,0.00025509603
0,226090,0.0002550739
0,226100,0.00025505177
0,226110,0.00025502962
0,226120,0.00025500747
0,226130,0.00025498532
0,226140,0.0002549632
0,226150,0.00025494106
0,226160,0.00025491894
0,226170,0.00025489682
0,226180,0.0002548747
0,226190,0.00025485258
0,226200,0.00025483046
0,226210,0.00025480834
0,226220,0.00025478622
0,226230,0.00025476413
0,226240,0.00025474202
0,226250,0.00025471993
0,226260,0.0002546978
0,226270,0.00025467572
0,226280,0.00025465363
0,226290,0.00025463154
0,226300,0.00025460945
0,226310,0.00025458736
0,226320,0.00025456527
0,226330,0.0002545432
0,226340,0.00025452112
0,226350,0.00025449906
0,226360,0.00025447697
0,226370,0.0002544549
0,226380,0.00025443285
0,226390,0.00025441078
0,226400,0.00025438872
0,226410,0.00025436666
0,226420,0.0002543446
0,226430,0.00025432257
0,226440,0.0002543005
0,226450,0.00025427848
0,226460,0.00025425642
0,226470,0.0002542344
0,226480,0.00025421235
0,226490,0.00025419032
0,226500,0.0002541683
0,226510,0.00025414626
0,226520,0.00025412423
0,226530,0.00025410223
0,226540,0.0002540802
0,226550,0.0002540582
0,226560,0.00025403616
0,226570,0.00025401416
0,226580,0.00025399216
0,226590,0.00025397015
0,226600,0.00025394815
0,226610,0.00025392615
0,226620,0.00025390415
0,226630,0.00025388217
0,226640,0.00025386017
0,226650,0.0002538382
0,226660,0.0002538162
0,226670,0.00025379422
0,226680,0.00025377225
0,226690,0.00025375027
0,226700,0.0002537283
0,226710,0.00025370633
0,226720,0.00025368435
0,226730,0.00025366238
0,226740,0.00025364044
0,226750,0.00025361846
0,226760,0.00025359652
0,226770,0.00025357457
0,226780,0.0002535526
0,226790,0.00025353066
0,226800,0.0002535087
0,226810,0.0002534868
0,226820,0.00025346485
0,226830,0.0002534429
0,226840,0.00025342096
0,226850,0.00025339905
0,226860,0.0002533771
0,226870,0.0002533552
0,226880,0.00025333327
0,226890,0.00025331136
0,226900,0.00025328944
0,226910,0.00025326753
0,226920,0.0002532456
0,226930,0.0002532237
0,226940,0.0002532018
0,226950,0.0002531799
0,226960,0.000253158
0,226970,0.0002531361
0,226980,0.0002531142
0,226990,0.00025309232
0,227000,0.00025307044
0,227010,0.00025304855
0,227020,0.00025302666
0,227030,0.00025300478
0,227040,0.00025298292
0,227050,0.00025296104
0,227060,0.00025293918
0,227070,0.0002529173
0,227080,0.00025289544
0,227090,0.00025287358
0,227100,0.00025285172
0,227110,0.00025282986
0,227120,0.000252808
0,227130,0.00025278615
0,227140,0.0002527643
0,227150,0.00025274247
0,227160,0.0002527206
0,227170,0.00025269878
0,227180,0.00025267695
0,227190,0.0002526551
0,227200,0.00025263327
0,227210,0.00025261144
0,227220,0.0002525896
0,227230,0.0002525678
0,227240,0.000252546
0,227250,0.00025252416
0,227260,0.00025250236
0,227270,0.00025248053
0,227280,0.00025245873
0,227290,0.00025243693
0,227300,0.00025241514
0,227310,0.00025239334
0,227320,0.00025237154
0,227330,0.00025234974
0,227340,0.00025232794
0,227350,0.00025230614
0,227360,0.00025228437
0,227370,0.00025226257
0,227380,0.0002522408
0,227390,0.00025221903
0,227400,0.00025219726
0,227410,0.00025217546
0,227420,0.0002521537
0,227430,0.00025213195
0,227440,0.00025211019
0,227450,0.00025208842
0,227460,0.00025206665
0,227470,0.0002520449
0,227480,0.00025202316
0,227490,0.0002520014
0,227500,0.00025197965
0,227510,0.0002519579
0,227520,0.00025193617
0,227530,0.00025191443
0,227540,0.0002518927
0,227550,0.00025187095
0,227560,0.00025184924
0,227570,0.0002518275
0,227580,0.0002518058
0,227590,0.00025178405
0,227600,0.00025176234
0,227610,0.00025174062
0,227620,0.0002517189
0,227630,0.0002516972
0,227640,0.0002516755
0,227650,0.00025165378
0,227660,0.0002516321
0,227670,0.00025161039
0,227680,0.00025158867
0,227690,0.000251567
0,227700,0.0002515453
0,227710,0.0002515236
0,227720,0.00025150192
0,227730,0.00025148023
0,227740,0.00025145855
0,227750,0.0002514369
0,227760,0.00025141521
0,227770,0.00025139353
0,227780,0.00025137188
0,227790,0.0002513502
0,227800,0.00025132854
0,227810,0.0002513069
0,227820,0.0002512852
0,227830,0.00025126355
0,227840,0.0002512419
0,227850,0.00025122025
0,227860,0.00025119862
0,227870,0.00025117697
0,227880,0.00025115532
0,227890,0.0002511337
0,227900,0.00025111204
0,227910,0.00025109042
0,227920,0.0002510688
0,227930,0.00025104717
0,227940,0.00025102554
0,227950,0.00025100392
0,227960,0.0002509823
0,227970,0.00025096067
0,227980,0.00025093908
0,227990,0.00025091745
0,228000,0.00025089586
0,228010,0.00025087423
0,228020,0.00025085264
0,228030,0.00025083104
0,228040,0.00025080945
0,228050,0.00025078785
0,228060,0.00025076626
0,228070,0.00025074466
0,228080,0.00025072307
0,228090,0.0002507015
0,228100,0.0002506799
0,228110,0.00025065834
0,228120,0.00025063675
0,228130,0.00025061518
0,228140,0.0002505936
0,228150,0.00025057205
0,228160,0.00025055048
0,228170,0.00025052892
0,228180,0.00025050735
0,228190,0.0002504858
0,228200,0.00025046425
0,228210,0.0002504427
0,228220,0.00025042114
0,228230,0.0002503996
0,228240,0.00025037807
0,228250,0.00025035653
0,228260,0.000250335
0,228270,0.00025031346
0,228280,0.00025029192
0,228290,0.0002502704
0,228300,0.00025024885
0,228310,0.00025022734
0,228320,0.0002502058
0,228330,0.0002501843
0,228340,0.0002501628
0,228350,0.00025014128
0,228360,0.00025011975
0,228370,0.00025009824
0,228380,0.00025007676
0,228390,0.00025005525
0,228400,0.00025003374
0,228410,0.00025001224
0,228420,0.00024999076
0,228430,0.00024996925
0,228440,0.00024994777
0,228450,0.0002499263
0,228460,0.0002499048
0,228470,0.00024988333
0,228480,0.00024986186
0,228490,0.00024984038
0,228500,0.0002498189
0,228510,0.00024979742
0,228520,0.00024977597
0,228530,0.0002497545
0,228540,0.00024973304
0,228550,0.0002497116
0,228560,0.0002496901
0,228570,0.00024966866
0,228580,0.00024964722
0,228590,0.00024962577
0,228600,0.00024960432
0,228610,0.0002495829
0,228620,0.00024956145
0,228630,0.00024954
0,228640,0.00024951858
0,228650,0.00024949713
0,228660,0.0002494757
0,228670,0.0002494543
0,228680,0.00024943287
0,228690,0.00024941145
0,228700,0.00024939002
0,228710,0.0002493686
0,228720,0.00024934718
0,228730,0.0002493258
0,228740,0.00024930437
0,228750,0.00024928298
0,228760,0.00024926156
0,228770,0.00024924017
0,228780,0.00024921878
0,228790,0.0002491974
0,228800,0.000249176
0,228810,0.0002491546
0,228820,0.0002491332
0,228830,0.00024911182
0,228840,0.00024909046
0,228850,0.00024906907
0,228860,0.0002490477
0,228870,0.0002490263
0,228880,0.00024900495
0,228890,0.0002489836
0,228900,0.00024896223
0,228910,0.00024894087
0,228920,0.0002489195
0,228930,0.00024889814
0,228940,0.00024887678
0,228950,0.00024885545
0,228960,0.00024883408
0,228970,0.00024881275
0,228980,0.0002487914
0,228990,0.00024877005
0,229000,0.00024874872
0,229010,0.0002487274
0,229020,0.00024870606
0,229030,0.00024868472
0,229040,0.0002486634
0,229050,0.00024864206
0,229060,0.00024862075
0,229070,0.00024859942
0,229080,0.00024857812
0,229090,0.0002485568
0,229100,0.00024853548
0,229110,0.00024851417
0,229120,0.00024849287
0,229130,0.00024847157
0,229140,0.00024845026
0,229150,0.00024842896
0,229160,0.00024840768
0,229170,0.00024838638
0,229180,0.0002483651
0,229190,0.0002483438
0,229200,0.00024832253
0,229210,0.00024830122
0,229220,0.00024827995
0,229230,0.00024825867
0,229240,0.0002482374
0,229250,0.00024821612
0,229260,0.00024819488
0,229270,0.0002481736
0,229280,0.00024815233
0,229290,0.00024813108
0,229300,0.0002481098
0,229310,0.00024808856
0,229320,0.0002480673
0,229330,0.00024804607
0,229340,0.0002480248
0,229350,0.00024800358
0,229360,0.00024798233
0,229370,0.00024796108
0,229380,0.00024793984
0,229390,0.0002479186
0,229400,0.00024789738
0,229410,0.00024787616
0,229420,0.0002478549
0,229430,0.0002478337
0,229440,0.00024781248
0,229450,0.00024779126
0,229460,0.00024777005
0,229470,0.00024774883
0,229480,0.0002477276
0,229490,0.0002477064
0,229500,0.0002476852
0,229510,0.000247664
0,229520,0.0002476428
0,229530,0.0002476216
0,229540,0.0002476004
0,229550,0.0002475792
0,229560,0.00024755803
0,229570,0.00024753684
0,229580,0.00024751565
0,229590,0.00024749446
0,229600,0.00024747328
0,229610,0.00024745212
0,229620,0.00024743093
0,229630,0.00024740977
0,229640,0.00024738858
0,229650,0.00024736742
0,229660,0.00024734627
0,229670,0.0002473251
0,229680,0.00024730395
0,229690,0.0002472828
0,229700,0.00024726163
0,229710,0.00024724047
0,229720,0.00024721934
0,229730,0.0002471982
0,229740,0.00024717706
0,229750,0.0002471559
0,229760,0.00024713477
0,229770,0.00024711364
0,229780,0.0002470925
0,229790,0.00024707138
0,229800,0.00024705025
0,229810,0.00024702912
0,229820,0.000247008
0,229830,0.0002469869
0,229840,0.00024696576
0,229850,0.00024694466
0,229860,0.00024692353
0,229870,0.00024690243
0,229880,0.00024688133
0,229890,0.0002468602
0,229900,0.0002468391
0,229910,0.00024681803
0,229920,0.00024679693
0,229930,0.00024677583
0,229940,0.00024675473
0,229950,0.00024673366
0,229960,0.00024671256
0,229970,0.0002466915
0,229980,0.0002466704
0,229990,0.00024664932
0,230000,0.00024662825
0,230010,0.00024660717
0,230020,0.0002465861
0,230030,0.00024656503
0,230040,0.00024654396
0,230050,0.00024652292
0,230060,0.00024650185
0,230070,0.00024648078
0,230080,0.00024645973
0,230090,0.0002464387
0,230100,0.00024641762
0,230110,0.00024639658
0,230120,0.00024637554
0,230130,0.0002463545
0,230140,0.00024633345
0,230150,0.00024631244
0,230160,0.0002462914
0,230170,0.00024627036
0,230180,0.00024624934
0,230190,0.0002462283
0,230200,0.0002462073
0,230210,0.00024618625
0,230220,0.00024616523
0,230230,0.00024614422
0,230240,0.0002461232
0,230250,0.0002461022
0,230260,0.00024608118
0,230270,0.0002460602
0,230280,0.00024603918
0,230290,0.00024601817
0,230300,0.0002459972
0,230310,0.0002459762
0,230320,0.0002459552
0,230330,0.0002459342
0,230340,0.00024591322
0,230350,0.00024589224
0,230360,0.00024587126
0,230370,0.00024585027
0,230380,0.0002458293
0,230390,0.0002458083
0,230400,0.00024578735
0,230410,0.00024576636
0,230420,0.0002457454
0,230430,0.00024572446
0,230440,0.00024570347
0,230450,0.00024568252
0,230460,0.00024566156
0,230470,0.0002456406
0,230480,0.00024561965
0,230490,0.0002455987
0,230500,0.00024557777
0,230510,0.00024555682
0,230520,0.00024553586
0,230530,0.00024551494
0,230540,0.000245494
0,230550,0.00024547306
0,230560,0.00024545213
0,230570,0.0002454312
0,230580,0.00024541028
0,230590,0.00024538935
0,230600,0.00024536843
0,230610,0.0002453475
0,230620,0.0002453266
0,230630,0.00024530568
0,230640,0.00024528478
0,230650,0.00024526386
0,230660,0.00024524296
0,230670,0.00024522207
0,230680,0.00024520114
0,230690,0.00024518024
0,230700,0.00024515935
0,230710,0.00024513848
0,230720,0.00024511758
0,230730,0.0002450967
0,230740,0.0002450758
0,230750,0.00024505492
0,230760,0.00024503403
0,230770,0.00024501316
0,230780,0.0002449923
0,230790,0.00024497142
0,230800,0.00024495053
0,230810,0.00024492966
0,230820,0.0002449088
0,230830,0.00024488795
0,230840,0.0002448671
0,230850,0.00024484622
0,230860,0.00024482538
0,230870,0.0002448045
0,230880,0.00024478367
0,230890,0.0002447628
0,230900,0.00024474197
0,230910,0.00024472113
0,230920,0.0002447003
0,230930,0.00024467945
0,230940,0.00024465861
0,230950,0.00024463778
0,230960,0.00024461694
0,230970,0.00024459613
0,230980,0.0002445753
0,230990,0.00024455448
0,231000,0.00024453364
0,231010,0.00024451283
0,231020,0.00024449202
0,231030,0.00024447122
0,231040,0.0002444504
0,231050,0.0002444296
0,231060,0.0002444088
0,231070,0.00024438798
0,231080,0.0002443672
0,231090,0.0002443464
0,231100,0.00024432558
0,231110,0.0002443048
0,231120,0.00024428402
0,231130,0.0002442632
0,231140,0.00024424243
0,231150,0.00024422165
0,231160,0.00024420087
0,231170,0.0002441801
0,231180,0.0002441593
0,231190,0.00024413854
0,231200,0.00024411778
0,231210,0.00024409701
0,231220,0.00024407625
0,231230,0.00024405548
0,231240,0.00024403472
0,231250,0.00024401397
0,231260,0.00024399321
0,231270,0.00024397246
0,231280,0.00024395171
0,231290,0.00024393096
0,231300,0.00024391021
0,231310,0.00024388947
0,231320,0.00024386874
0,231330,0.000243848
0,231340,0.00024382726
0,231350,0.00024380653
0,231360,0.00024378579
0,231370,0.00024376507
0,231380,0.00024374435
0,231390,0.00024372363
0,231400,0.0002437029
0,231410,0.00024368218
0,231420,0.00024366147
0,231430,0.00024364075
0,231440,0.00024362004
0,231450,0.00024359934
0,231460,0.00024357863
0,231470,0.00024355792
0,231480,0.00024353723
0,231490,0.00024351654
0,231500,0.00024349583
0,231510,0.00024347514
0,231520,0.00024345446
0,231530,0.00024343377
0,231540,0.00024341307
0,231550,0.0002433924
0,231560,0.00024337172
0,231570,0.00024335104
0,231580,0.00024333036
0,231590,0.0002433097
0,231600,0.00024328902
0,231610,0.00024326835
0,231620,0.00024324769
0,231630,0.00024322703
0,231640,0.00024320636
0,231650,0.0002431857
0,231660,0.00024316505
0,231670,0.0002431444
0,231680,0.00024312374
0,231690,0.00024310309
0,231700,0.00024308245
0,231710,0.0002430618
0,231720,0.00024304117
0,231730,0.00024302052
0,231740,0.00024299989
0,231750,0.00024297925
0,231760,0.00024295863
0,231770,0.000242938
0,231780,0.00024291738
0,231790,0.00024289674
0,231800,0.00024287612
0,231810,0.0002428555
0,231820,0.0002428349
0,231830,0.00024281428
0,231840,0.00024279367
0,231850,0.00024277305
0,231860,0.00024275245
0,231870,0.00024273184
0,231880,0.00024271125
0,231890,0.00024269064
0,231900,0.00024267005
0,231910,0.00024264946
0,231920,0.00024262886
0,231930,0.00024260828
0,231940,0.00024258769
0,231950,0.0002425671
0,231960,0.00024254652
0,231970,0.00024252594
0,231980,0.00024250537
0,231990,0.00024248479
0,232000,0.00024246422
0,232010,0.00024244365
0,232020,0.00024242308
0,232030,0.00024240252
0,232040,0.00024238195
0,232050,0.00024236139
0,232060,0.00024234083
0,232070,0.00024232028
0,232080,0.00024229972
0,232090,0.00024227917
0,232100,0.00024225863
0,232110,0.00024223808
0,232120,0.00024221755
0,232130,0.000242197
0,232140,0.00024217647
0,232150,0.00024215593
0,232160,0.0002421354
0,232170,0.00024211487
0,232180,0.00024209433
0,232190,0.0002420738
0,232200,0.00024205328
0,232210,0.00024203277
0,232220,0.00024201225
0,232230,0.00024199173
0,232240,0.00024197121
0,232250,0.00024195071
0,232260,0.00024193019
0,232270,0.00024190969
0,232280,0.00024188918
0,232290,0.00024186868
0,232300,0.00024184819
0,232310,0.00024182769
0,232320,0.0002418072
0,232330,0.0002417867
0,232340,0.00024176622
0,232350,0.00024174573
0,232360,0.00024172524
0,232370,0.00024170475
0,232380,0.00024168428
0,232390,0.0002416638
0,232400,0.00024164333
0,232410,0.00024162285
0,232420,0.00024160238
0,232430,0.00024158192
0,232440,0.00024156144
0,232450,0.00024154098
0,232460,0.00024152052
0,232470,0.00024150006
0,232480,0.00024147962
0,232490,0.00024145916
0,232500,0.00024143871
0,232510,0.00024141827
0,232520,0.00024139782
0,232530,0.00024137738
0,232540,0.00024135693
0,232550,0.00024133649
0,232560,0.00024131605
0,232570,0.00024129562
0,232580,0.0002412752
0,232590,0.00024125476
0,232600,0.00024123433
0,232610,0.00024121391
0,232620,0.00024119348
0,232630,0.00024117307
0,232640,0.00024115265
0,232650,0.00024113223
0,232660,0.00024111182
0,232670,0.00024109142
0,232680,0.00024107101
0,232690,0.0002410506
0,232700,0.0002410302
0,232710,0.0002410098
0,232720,0.00024098941
0,232730,0.000240969
0,232740,0.00024094862
0,232750,0.00024092822
0,232760,0.00024090783
0,232770,0.00024088744
0,232780,0.00024086707
0,232790,0.00024084668
0,232800,0.00024082631
0,232810,0.00024080592
0,232820,0.00024078555
0,232830,0.00024076518
0,232840,0.00024074482
0,232850,0.00024072445
0,232860,0.00024070409
0,232870,0.00024068372
0,232880,0.00024066336
0,232890,0.000240643
0,232900,0.00024062266
0,232910,0.0002406023
0,232920,0.00024058195
0,232930,0.0002405616
0,232940,0.00024054125
0,232950,0.00024052091
0,232960,0.00024050057
0,232970,0.00024048024
0,232980,0.00024045989
0,232990,0.00024043956
0,233000,0.00024041923
0,233010,0.0002403989
0,233020,0.00024037858
0,233030,0.00024035825
0,233040,0.00024033793
0,233050,0.00024031762
0,233060,0.0002402973
0,233070,0.00024027699
0,233080,0.00024025668
0,233090,0.00024023636
0,233100,0.00024021606
0,233110,0.00024019575
0,233120,0.00024017545
0,233130,0.00024015515
0,233140,0.00024013485
0,233150,0.00024011455
0,233160,0.00024009426
0,233170,0.00024007398
0,233180,0.00024005368
0,233190,0.00024003339
0,233200,0.0002400131
0,233210,0.00023999283
0,233220,0.00023997255
0,233230,0.00023995228
0,233240,0.00023993201
0,233250,0.00023991174
0,233260,0.00023989147
0,233270,0.0002398712
0,233280,0.00023985092
0,233290,0.00023983067
0,233300,0.00023981041
0,233310,0.00023979016
0,233320,0.0002397699
0,233330,0.00023974964
0,233340,0.00023972939
0,233350,0.00023970914
0,233360,0.0002396889
0,233370,0.00023966866
0,233380,0.00023964842
0,233390,0.00023962818
0,233400,0.00023960794
0,233410,0.00023958771
0,233420,0.00023956747
0,233430,0.00023954724
0,233440,0.00023952701
0,233450,0.00023950679
0,233460,0.00023948657
0,233470,0.00023946635
0,233480,0.00023944613
0,233490,0.00023942592
0,233500,0.00023940571
0,233510,0.0002393855
0,233520,0.00023936528
0,233530,0.00023934508
0,233540,0.00023932487
0,233550,0.00023930467
0,233560,0.00023928448
0,233570,0.00023926428
0,233580,0.00023924408
0,233590,0.0002392239
0,233600,0.0002392037
0,233610,0.00023918352
0,233620,0.00023916333
0,233630,0.00023914315
0,233640,0.00023912298
0,233650,0.0002391028
0,233660,0.00023908261
0,233670,0.00023906244
0,233680,0.00023904227
0,233690,0.0002390221
0,233700,0.00023900194
0,233710,0.00023898178
0,233720,0.00023896161
0,233730,0.00023894146
0,233740,0.0002389213
0,233750,0.00023890115
0,233760,0.000238881
0,233770,0.00023886084
0,233780,0.0002388407
0,233790,0.00023882055
0,233800,0.0002388004
0,233810,0.00023878027
0,233820,0.00023876013
0,233830,0.00023874
0,233840,0.00023871986
0,233850,0.00023869974
0,233860,0.0002386796
0,233870,0.00023865947
0,233880,0.00023863935
0,233890,0.00023861924
0,233900,0.00023859911
0,233910,0.000238579
0,233920,0.00023855887
0,233930,0.00023853876
0,233940,0.00023851865
0,233950,0.00023849856
0,233960,0.00023847845
0,233970,0.00023845833
0,233980,0.00023843824
0,233990,0.00023841814
0,234000,0.00023839805
0,234010,0.00023837795
0,234020,0.00023835785
0,234030,0.00023833777
0,234040,0.00023831769
0,234050,0.0002382976
0,234060,0.00023827751
0,234070,0.00023825743
0,234080,0.00023823736
0,234090,0.00023821728
0,234100,0.00023819722
0,234110,0.00023817713
0,234120,0.00023815707
0,234130,0.000238137
0,234140,0.00023811695
0,234150,0.00023809688
0,234160,0.00023807683
0,234170,0.00023805676
0,234180,0.00023803671
0,234190,0.00023801666
0,234200,0.0002379966
0,234210,0.00023797656
0,234220,0.00023795651
0,234230,0.00023793647
0,234240,0.00023791644
0,234250,0.0002378964
0,234260,0.00023787636
0,234270,0.00023785632
0,234280,0.00023783628
0,234290,0.00023781626
0,234300,0.00023779624
0,234310,0.00023777621
0,234320,0.00023775619
0,234330,0.00023773617
0,234340,0.00023771614
0,234350,0.00023769613
0,234360,0.00023767613
0,234370,0.00023765612
0,234380,0.00023763611
0,234390,0.0002376161
0,234400,0.00023759609
0,234410,0.0002375761
0,234420,0.00023755609
0,234430,0.0002375361
0,234440,0.0002375161
0,234450,0.0002374961
0,234460,0.00023747611
0,234470,0.00023745613
0,234480,0.00023743614
0,234490,0.00023741616
0,234500,0.00023739618
0,234510,0.0002373762
0,234520,0.00023735622
0,234530,0.00023733625
0,234540,0.00023731627
0,234550,0.0002372963
0,234560,0.00023727634
0,234570,0.00023725638
0,234580,0.00023723641
0,234590,0.00023721645
0,234600,0.0002371965
0,234610,0.00023717653
0,234620,0.00023715658
0,234630,0.00023713663
0,234640,0.00023711668
0,234650,0.00023709674
0,234660,0.00023707679
0,234670,0.00023705685
0,234680,0.0002370369
0,234690,0.00023701697
0,234700,0.00023699703
0,234710,0.0002369771
0,234720,0.00023695717
0,234730,0.00023693724
0,234740,0.00023691732
0,234750,0.0002368974
0,234760,0.00023687747
0,234770,0.00023685755
0,234780,0.00023683763
0,234790,0.00023681772
0,234800,0.0002367978
0,234810,0.0002367779
0,234820,0.00023675799
0,234830,0.00023673808
0,234840,0.00023671817
0,234850,0.00023669828
0,234860,0.00023667837
0,234870,0.00023665848
0,234880,0.00023663859
0,234890,0.0002366187
0,234900,0.0002365988
0,234910,0.00023657891
0,234920,0.00023655903
0,234930,0.00023653914
0,234940,0.00023651926
0,234950,0.00023649939
0,234960,0.00023647951
0,234970,0.00023645963
0,234980,0.00023643977
0,234990,0.00023641989
0,235000,0.00023640002
0,235010,0.00023638016
0,235020,0.0002363603
0,235030,0.00023634043
0,235040,0.00023632057
0,235050,0.00023630072
0,235060,0.00023628087
0,235070,0.00023626101
0,235080,0.00023624116
0,235090,0.00023622131
0,235100,0.00023620148
0,235110,0.00023618163
0,235120,0.0002361618
0,235130,0.00023614195
0,235140,0.00023612211
0,235150,0.00023610228
0,235160,0.00023608246
0,235170,0.00023606262
0,235180,0.00023604279
0,235190,0.00023602297
0,235200,0.00023600315
0,235210,0.00023598333
0,235220,0.00023596351
0,235230,0.00023594369
0,235240,0.00023592389
0,235250,0.00023590407
0,235260,0.00023588426
0,235270,0.00023586446
0,235280,0.00023584465
0,235290,0.00023582485
0,235300,0.00023580504
0,235310,0.00023578525
0,235320,0.00023576546
0,235330,0.00023574565
0,235340,0.00023572586
0,235350,0.00023570607
0,235360,0.0002356863
0,235370,0.0002356665
0,235380,0.00023564673
0,235390,0.00023562694
0,235400,0.00023560716
0,235410,0.00023558739
0,235420,0.00023556763
0,235430,0.00023554785
0,235440,0.00023552807
0,235450,0.00023550831
0,235460,0.00023548855
0,235470,0.00023546879
0,235480,0.00023544903
0,235490,0.00023542927
0,235500,0.00023540952
0,235510,0.00023538976
0,235520,0.00023537001
0,235530,0.00023535026
0,235540,0.00023533052
0,235550,0.00023531077
0,235560,0.00023529102
0,235570,0.00023527129
0,235580,0.00023525156
0,235590,0.00023523181
0,235600,0.00023521208
0,235610,0.00023519235
0,235620,0.00023517263
0,235630,0.0002351529
0,235640,0.00023513318
0,235650,0.00023511345
0,235660,0.00023509373
0,235670,0.00023507401
0,235680,0.00023505429
0,235690,0.00023503459
0,235700,0.00023501487
0,235710,0.00023499517
0,235720,0.00023497546
0,235730,0.00023495576
0,235740,0.00023493606
0,235750,0.00023491636
0,235760,0.00023489665
0,235770,0.00023487696
0,235780,0.00023485726
0,235790,0.00023483757
0,235800,0.00023481788
0,235810,0.0002347982
0,235820,0.00023477852
0,235830,0.00023475883
0,235840,0.00023473916
0,235850,0.00023471948
0,235860,0.0002346998
0,235870,0.00023468013
0,235880,0.00023466046
0,235890,0.00023464079
0,235900,0.00023462113
0,235910,0.00023460145
0,235920,0.00023458179
0,235930,0.00023456213
0,235940,0.00023454247
0,235950,0.00023452281
0,235960,0.00023450317
0,235970,0.00023448351
0,235980,0.00023446386
0,235990,0.00023444422
0,236000,0.00023442457
0,236010,0.00023440493
0,236020,0.0002343853
0,236030,0.00023436565
0,236040,0.00023434602
0,236050,0.00023432638
0,236060,0.00023430675
0,236070,0.00023428713
0,236080,0.0002342675
0,236090,0.00023424787
0,236100,0.00023422825
0,236110,0.00023420862
0,236120,0.000234189
0,236130,0.00023416939
0,236140,0.00023414977
0,236150,0.00023413017
0,236160,0.00023411056
0,236170,0.00023409096
0,236180,0.00023407134
0,236190,0.00023405174
0,236200,0.00023403214
0,236210,0.00023401255
0,236220,0.00023399295
0,236230,0.00023397335
0,236240,0.00023395376
0,236250,0.00023393417
0,236260,0.00023391459
0,236270,0.000233895
0,236280,0.00023387541
0,236290,0.00023385583
0,236300,0.00023383625
0,236310,0.00023381668
0,236320,0.00023379711
0,236330,0.00023377754
0,236340,0.00023375796
0,236350,0.00023373839
0,236360,0.00023371882
0,236370,0.00023369926
0,236380,0.0002336797
0,236390,0.00023366015
0,236400,0.00023364059
0,236410,0.00023362103
0,236420,0.00023360147
0,236430,0.00023358193
0,236440,0.00023356237
0,236450,0.00023354283
0,236460,0.00023352329
0,236470,0.00023350374
0,236480,0.00023348421
0,236490,0.00023346467
0,236500,0.00023344513
0,236510,0.0002334256
0,236520,0.00023340607
0,236530,0.00023338654
0,236540,0.00023336701
0,236550,0.00023334748
0,236560,0.00023332797
0,236570,0.00023330844
0,236580,0.00023328893
0,236590,0.00023326941
0,236600,0.0002332499
0,236610,0.00023323038
0,236620,0.00023321089
0,236630,0.00023319137
0,236640,0.00023317187
0,236650,0.00023315236
0,236660,0.00023313286
0,236670,0.00023311336
0,236680,0.00023309387
0,236690,0.00023307437
0,236700,0.00023305489
0,236710,0.00023303539
0,236720,0.0002330159
0,236730,0.00023299642
0,236740,0.00023297693
0,236750,0.00023295745
0,236760,0.00023293798
0,236770,0.0002329185
0,236780,0.00023289902
0,236790,0.00023287955
0,236800,0.00023286008
0,236810,0.00023284061
0,236820,0.00023282114
0,236830,0.00023280169
0,236840,0.00023278221
0,236850,0.00023276276
0,236860,0.0002327433
0,236870,0.00023272385
0,236880,0.00023270439
0,236890,0.00023268495
0,236900,0.0002326655
0,236910,0.00023264605
0,236920,0.0002326266
0,236930,0.00023260716
0,236940,0.00023258771
0,236950,0.00023256829
0,236960,0.00023254885
0,236970,0.00023252942
0,236980,0.00023250998
0,236990,0.00023249055
0,237000,0.00023247112
0,237010,0.0002324517
0,237020,0.00023243227
0,237030,0.00023241286
0,237040,0.00023239343
0,237050,0.00023237402
0,237060,0.0002323546
0,237070,0.0002323352
0,237080,0.00023231578
0,237090,0.00023229637
0,237100,0.00023227697
0,237110,0.00023225756
0,237120,0.00023223816
0,237130,0.00023221876
0,237140,0.00023219937
0,237150,0.00023217997
0,237160,0.00023216057
0,237170,0.00023214119
0,237180,0.00023212179
0,237190,0.00023210241
0,237200,0.00023208302
0,237210,0.00023206364
0,237220,0.00023204426
0,237230,0.00023202489
0,237240,0.0002320055
0,237250,0.00023198614
0,237260,0.00023196677
0,237270,0.0002319474
0,237280,0.00023192803
0,237290,0.00023190866
0,237300,0.0002318893
0,237310,0.00023186994
0,237320,0.00023185057
0,237330,0.00023183122
0,237340,0.00023181186
0,237350,0.00023179251
0,237360,0.00023177316
0,237370,0.00023175382
0,237380,0.00023173446
0,237390,0.00023171512
0,237400,0.00023169578
0,237410,0.00023167644
0,237420,0.0002316571
0,237430,0.00023163776
0,237440,0.00023161844
0,237450,0.0002315991
0,237460,0.00023157978
0,237470,0.00023156045
0,237480,0.00023154113
0,237490,0.0002315218
0,237500,0.00023150248
0,237510,0.00023148317
0,237520,0.00023146384
0,237530,0.00023144453
0,237540,0.00023142522
0,237550,0.00023140591
0,237560,0.0002313866
0,237570,0.00023136729
0,237580,0.00023134799
0,237590,0.00023132868
0,237600,0.00023130939
0,237610,0.00023129009
0,237620,0.0002312708
0,237630,0.0002312515
0,237640,0.00023123222
0,237650,0.00023121292
0,237660,0.00023119364
0,237670,0.00023117434
0,237680,0.00023115506
0,237690,0.00023113578
0,237700,0.00023111652
0,237710,0.00023109723
0,237720,0.00023107795
0,237730,0.00023105869
0,237740,0.00023103942
0,237750,0.00023102015
0,237760,0.00023100089
0,237770,0.00023098162
0,237780,0.00023096235
0,237790,0.0002309431
0,237800,0.00023092383
0,237810,0.00023090458
0,237820,0.00023088533
0,237830,0.00023086608
0,237840,0.00023084682
0,237850,0.00023082759
0,237860,0.00023080833
0,237870,0.0002307891
0,237880,0.00023076986
0,237890,0.00023075062
0,237900,0.00023073138
0,237910,0.00023071215
0,237920,0.00023069291
0,237930,0.00023067369
0,237940,0.00023065446
0,237950,0.00023063523
0,237960,0.000230616
0,237970,0.00023059678
0,237980,0.00023057757
0,237990,0.00023055835
0,238000,0.00023053914
0,238010,0.00023051992
0,238020,0.00023050071
0,238030,0.0002304815
0,238040,0.00023046229
0,238050,0.00023044308
0,238060,0.00023042389
0,238070,0.00023040468
0,238080,0.00023038549
0,238090,0.00023036629
0,238100,0.0002303471
0,238110,0.0002303279
0,238120,0.00023030871
0,238130,0.00023028953
0,238140,0.00023027034
0,238150,0.00023025116
0,238160,0.00023023198
0,238170,0.0002302128
0,238180,0.00023019362
0,238190,0.00023017444
0,238200,0.00023015526
0,238210,0.0002301361
0,238220,0.00023011693
0,238230,0.00023009775
0,238240,0.00023007859
0,238250,0.00023005944
0,238260,0.00023004027
0,238270,0.0002300211
0,238280,0.00023000196
0,238290,0.00022998279
0,238300,0.00022996364
0,238310,0.00022994449
0,238320,0.00022992534
0,238330,0.0002299062
0,238340,0.00022988705
0,238350,0.00022986792
0,238360,0.00022984877
0,238370,0.00022982963
0,238380,0.0002298105
0,238390,0.00022979136
0,238400,0.00022977222
0,238410,0.0002297531
0,238420,0.00022973397
0,238430,0.00022971485
0,238440,0.00022969572
0,238450,0.0002296766
0,238460,0.00022965748
0,238470,0.00022963836
0,238480,0.00022961925
0,238490,0.00022960013
0,238500,0.00022958103
0,238510,0.00022956192
0,238520,0.00022954281
0,238530,0.0002295237
0,238540,0.0002295046
0,238550,0.0002294855
0,238560,0.0002294664
0,238570,0.00022944731
0,238580,0.0002294282
0,238590,0.00022940911
0,238600,0.00022939002
0,238610,0.00022937094
0,238620,0.00022935185
0,238630,0.00022933277
0,238640,0.00022931368
0,238650,0.0002292946
0,238660,0.00022927552
0,238670,0.00022925645
0,238680,0.00022923737
0,238690,0.0002292183
0,238700,0.00022919923
0,238710,0.00022918016
0,238720,0.0002291611
0,238730,0.00022914204
0,238740,0.00022912298
0,238750,0.00022910391
0,238760,0.00022908485
0,238770,0.0002290658
0,238780,0.00022904674
0,238790,0.00022902769
0,238800,0.00022900864
0,238810,0.0002289896
0,238820,0.00022897056
0,238830,0.00022895151
0,238840,0.00022893246
0,238850,0.00022891343
0,238860,0.0002288944
0,238870,0.00022887536
0,238880,0.00022885633
0,238890,0.00022883729
0,238900,0.00022881826
0,238910,0.00022879924
0,238920,0.0002287802
0,238930,0.00022876119
0,238940,0.00022874217
0,238950,0.00022872315
0,238960,0.00022870413
0,238970,0.00022868512
0,238980,0.0002286661
0,238990,0.0002286471
0,239000,0.00022862808
0,239010,0.00022860907
0,239020,0.00022859007
0,239030,0.00022857108
0,239040,0.00022855207
0,239050,0.00022853307
0,239060,0.00022851408
0,239070,0.00022849509
0,239080,0.0002284761
0,239090,0.00022845711
0,239100,0.00022843812
0,239110,0.00022841913
0,239120,0.00022840014
0,239130,0.00022838116
0,239140,0.00022836219
0,239150,0.00022834321
0,239160,0.00022832424
0,239170,0.00022830526
0,239180,0.00022828628
0,239190,0.00022826731
0,239200,0.00022824835
0,239210,0.00022822939
0,239220,0.00022821041
0,239230,0.00022819145
0,239240,0.0002281725
0,239250,0.00022815354
0,239260,0.00022813458
0,239270,0.00022811563
0,239280,0.00022809667
0,239290,0.00022807773
0,239300,0.00022805878
0,239310,0.00022803983
0,239320,0.0002280209
0,239330,0.00022800195
0,239340,0.00022798301
0,239350,0.00022796408
0,239360,0.00022794514
0,239370,0.00022792621
0,239380,0.00022790728
0,239390,0.00022788835
0,239400,0.00022786942
0,239410,0.0002278505
0,239420,0.00022783157
0,239430,0.00022781265
0,239440,0.00022779373
0,239450,0.00022777481
0,239460,0.0002277559
0,239470,0.000227737
0,239480,0.00022771808
0,239490,0.00022769917
0,239500,0.00022768026
0,239510,0.00022766135
0,239520,0.00022764245
0,239530,0.00022762356
0,239540,0.00022760466
0,239550,0.00022758576
0,239560,0.00022756687
0,239570,0.00022754798
0,239580,0.00022752908
0,239590,0.00022751019
0,239600,0.0002274913
0,239610,0.00022747242
0,239620,0.00022745354
0,239630,0.00022743466
0,239640,0.00022741577
0,239650,0.0002273969
0,239660,0.00022737803
0,239670,0.00022735915
0,239680,0.00022734028
0,239690,0.00022732142
0,239700,0.00022730255
0,239710,0.00022728369
0,239720,0.00022726483
0,239730,0.00022724597
0,239740,0.00022722711
0,239750,0.00022720825
0,239760,0.00022718939
0,239770,0.00022717055
0,239780,0.00022715169
0,239790,0.00022713284
0,239800,0.000227114
0,239810,0.00022709515
0,239820,0.0002270763
0,239830,0.00022705748
0,239840,0.00022703863
0,239850,0.0002270198
0,239860,0.00022700096
0,239870,0.00022698213
0,239880,0.0002269633
0,239890,0.00022694447
0,239900,0.00022692565
0,239910,0.00022690682
0,239920,0.00022688799
0,239930,0.00022686918
0,239940,0.00022685036
0,239950,0.00022683154
0,239960,0.00022681273
0,239970,0.00022679391
0,239980,0.00022677511
0,239990,0.0002267563
0,240000,0.0002267375
0,240010,0.0002267187
0,240020,0.00022669988
0,240030,0.00022668109
0,240040,0.00022666229
0,240050,0.00022664349
0,240060,0.00022662469
0,240070,0.0002266059
0,240080,0.00022658712
0,240090,0.00022656833
0,240100,0.00022654954
0,240110,0.00022653076
0,240120,0.00022651197
0,240130,0.0002264932
0,240140,0.00022647441
0,240150,0.00022645564
0,240160,0.00022643687
0,240170,0.0002264181
0,240180,0.00022639932
0,240190,0.00022638055
0,240200,0.00022636178
0,240210,0.00022634302
0,240220,0.00022632426
0,240230,0.00022630549
0,240240,0.00022628673
0,240250,0.00022626798
0,240260,0.00022624923
0,240270,0.00022623048
0,240280,0.00022621172
0,240290,0.00022619298
0,240300,0.00022617423
0,240310,0.00022615549
0,240320,0.00022613675
0,240330,0.000226118
0,240340,0.00022609926
0,240350,0.00022608053
0,240360,0.00022606179
0,240370,0.00022604306
0,240380,0.00022602433
0,240390,0.0002260056
0,240400,0.00022598688
0,240410,0.00022596815
0,240420,0.00022594942
0,240430,0.00022593071
0,240440,0.000225912
0,240450,0.00022589327
0,240460,0.00022587455
0,240470,0.00022585584
0,240480,0.00022583712
0,240490,0.00022581842
0,240500,0.00022579971
0,240510,0.00022578101
0,240520,0.00022576231
0,240530,0.00022574361
0,240540,0.00022572491
0,240550,0.00022570622
0,240560,0.00022568752
0,240570,0.00022566882
0,240580,0.00022565013
0,240590,0.00022563145
0,240600,0.00022561275
0,240610,0.00022559406
0,240620,0.0002255754
0,240630,0.00022555671
0,240640,0.00022553802
0,240650,0.00022551935
0,240660,0.00022550067
0,240670,0.000225482
0,240680,0.00022546333
0,240690,0.00022544466
0,240700,0.00022542599
0,240710,0.00022540732
0,240720,0.00022538866
0,240730,0.00022537001
0,240740,0.00022535134
0,240750,0.00022533268
0,240760,0.00022531403
0,240770,0.00022529537
0,240780,0.00022527672
0,240790,0.00022525807
0,240800,0.00022523942
0,240810,0.00022522078
0,240820,0.00022520214
0,240830,0.0002251835
0,240840,0.00022516485
0,240850,0.00022514621
0,240860,0.00022512757
0,240870,0.00022510895
0,240880,0.0002250903
0,240890,0.00022507168
0,240900,0.00022505305
0,240910,0.00022503443
0,240920,0.0002250158
0,240930,0.00022499719
0,240940,0.00022497856
0,240950,0.00022495993
0,240960,0.00022494132
0,240970,0.00022492271
0,240980,0.0002249041
0,240990,0.00022488549
0,241000,0.00022486688
0,241010,0.00022484828
0,241020,0.00022482967
0,241030,0.00022481107
0,241040,0.00022479246
0,241050,0.00022477386
0,241060,0.00022475526
0,241070,0.00022473668
0,241080,0.00022471808
0,241090,0.00022469948
0,241100,0.0002246809
0,241110,0.00022466232
0,241120,0.00022464372
0,241130,0.00022462514
0,241140,0.00022460656
0,241150,0.00022458799
0,241160,0.0002245694
0,241170,0.00022455082
0,241180,0.00022453225
0,241190,0.00022451369
0,241200,0.00022449512
0,241210,0.00022447655
0,241220,0.00022445798
0,241230,0.00022443941
0,241240,0.00022442086
0,241250,0.00022440229
0,241260,0.00022438374
0,241270,0.00022436518
0,241280,0.00022434663
0,241290,0.00022432808
0,241300,0.00022430952
0,241310,0.00022429097
0,241320,0.00022427243
0,241330,0.00022425389
0,241340,0.00022423534
0,241350,0.0002242168
0,241360,0.00022419826
0,241370,0.00022417972
0,241380,0.0002241612
0,241390,0.00022414266
0,241400,0.00022412413
0,241410,0.00022410559
0,241420,0.00022408707
0,241430,0.00022406854
0,241440,0.00022405002
0,241450,0.00022403151
0,241460,0.00022401298
0,241470,0.00022399446
0,241480,0.00022397595
0,241490,0.00022395744
0,241500,0.00022393893
0,241510,0.00022392042
0,241520,0.00022390191
0,241530,0.0002238834
0,241540,0.0002238649
0,241550,0.0002238464
0,241560,0.0002238279
0,241570,0.0002238094
0,241580,0.0002237909
0,241590,0.00022377241
0,241600,0.00022375392
0,241610,0.00022373542
0,241620,0.00022371694
0,241630,0.00022369844
0,241640,0.00022367996
0,241650,0.00022366148
0,241660,0.000223643
0,241670,0.00022362452
0,241680,0.00022360605
0,241690,0.00022358757
0,241700,0.0002235691
0,241710,0.00022355063
0,241720,0.00022353216
0,241730,0.00022351369
0,241740,0.00022349523
0,241750,0.00022347676
0,241760,0.00022345831
0,241770,0.00022343984
0,241780,0.00022342139
0,241790,0.00022340292
0,241800,0.00022338447
0,241810,0.00022336602
0,241820,0.00022334757
0,241830,0.00022332913
0,241840,0.00022331068
0,241850,0.00022329224
0,241860,0.00022327379
0,241870,0.00022325535
0,241880,0.00022323692
0,241890,0.00022321848
0,241900,0.00022320004
0,241910,0.0002231816
0,241920,0.00022316318
0,241930,0.00022314474
0,241940,0.00022312632
0,241950,0.0002231079
0,241960,0.00022308948
0,241970,0.00022307105
0,241980,0.00022305263
0,241990,0.00022303422
0,242000,0.0002230158
0,242010,0.00022299739
0,242020,0.00022297898
0,242030,0.00022296056
0,242040,0.00022294215
0,242050,0.00022292376
0,242060,0.00022290535
0,242070,0.00022288694
0,242080,0.00022286855
0,242090,0.00022285015
0,242100,0.00022283175
0,242110,0.00022281335
0,242120,0.00022279496
0,242130,0.00022277658
0,242140,0.00022275819
0,242150,0.00022273979
0,242160,0.00022272141
0,242170,0.00022270303
0,242180,0.00022268466
0,242190,0.00022266628
0,242200,0.0002226479
0,242210,0.00022262952
0,242220,0.00022261114
0,242230,0.00022259277
0,242240,0.0002225744
0,242250,0.00022255603
0,242260,0.00022253767
0,242270,0.0002225193
0,242280,0.00022250094
0,242290,0.00022248259
0,242300,0.00022246422
0,242310,0.00022244587
0,242320,0.00022242751
0,242330,0.00022240916
0,242340,0.00022239081
0,242350,0.00022237246
0,242360,0.00022235411
0,242370,0.00022233577
0,242380,0.00022231742
0,242390,0.00022229909
0,242400,0.00022228074
0,242410,0.0002222624
0,242420,0.00022224407
0,242430,0.00022222573
0,242440,0.00022220741
0,242450,0.00022218908
0,242460,0.00022217075
0,242470,0.00022215242
0,242480,0.0002221341
0,242490,0.00022211578
0,242500,0.00022209746
0,242510,0.00022207914
0,242520,0.00022206081
0,242530,0.00022204251
0,242540,0.00022202419
0,242550,0.00022200588
0,242560,0.00022198758
0,242570,0.00022196927
0,242580,0.00022195096
0,242590,0.00022193266
0,242600,0.00022191435
0,242610,0.00022189606
0,242620,0.00022187775
0,242630,0.00022185946
0,242640,0.00022184117
0,242650,0.00022182288
0,242660,0.00022180458
0,242670,0.0002217863
0,242680,0.00022176802
0,242690,0.00022174972
0,242700,0.00022173145
0,242710,0.00022171316
0,242720,0.00022169488
0,242730,0.0002216766
0,242740,0.00022165832
0,242750,0.00022164006
0,242760,0.00022162178
0,242770,0.00022160352
0,242780,0.00022158524
0,242790,0.00022156698
0,242800,0.00022154872
0,242810,0.00022153046
0,242820,0.0002215122
0,242830,0.00022149393
0,242840,0.00022147568
0,242850,0.00022145742
0,242860,0.00022143917
0,242870,0.00022142092
0,242880,0.00022140268
0,242890,0.00022138443
0,242900,0.00022136618
0,242910,0.00022134795
0,242920,0.0002213297
0,242930,0.00022131146
0,242940,0.00022129322
0,242950,0.00022127498
0,242960,0.00022125675
0,242970,0.00022123852
0,242980,0.00022122028
0,242990,0.00022120206
0,243000,0.00022118383
0,243010,0.00022116561
0,243020,0.00022114739
0,243030,0.00022112917
0,243040,0.00022111095
0,243050,0.00022109273
0,243060,0.00022107452
0,243070,0.0002210563
0,243080,0.00022103809
0,243090,0.00022101987
0,243100,0.00022100167
0,243110,0.00022098346
0,243120,0.00022096526
0,243130,0.00022094705
0,243140,0.00022092887
0,243150,0.00022091066
0,243160,0.00022089247
0,243170,0.00022087427
0,243180,0.00022085608
0,243190,0.00022083789
0,243200,0.0002208197
0,243210,0.0002208015
0,243220,0.00022078332
0,243230,0.00022076514
0,243240,0.00022074695
0,243250,0.00022072878
0,243260,0.0002207106
0,243270,0.00022069243
0,243280,0.00022067425
0,243290,0.00022065607
0,243300,0.00022063791
0,243310,0.00022061974
0,243320,0.00022060158
0,243330,0.0002205834
0,243340,0.00022056524
0,243350,0.00022054708
0,243360,0.00022052892
0,243370,0.00022051076
0,243380,0.00022049261
0,243390,0.00022047445
0,243400,0.0002204563
0,243410,0.00022043816
0,243420,0.00022042
0,243430,0.00022040185
0,243440,0.00022038372
0,243450,0.00022036557
0,243460,0.00022034743
0,243470,0.0002203293
0,243480,0.00022031115
0,243490,0.00022029302
0,243500,0.00022027489
0,243510,0.00022025676
0,243520,0.00022023862
0,243530,0.00022022049
0,243540,0.00022020238
0,243550,0.00022018424
0,243560,0.00022016613
0,243570,0.00022014801
0,243580,0.00022012989
0,243590,0.00022011177
0,243600,0.00022009366
0,243610,0.00022007554
0,243620,0.00022005742
0,243630,0.00022003932
0,243640,0.00022002122
0,243650,0.0002200031
0,243660,0.000219985
0,243670,0.0002199669
0,243680,0.00021994881
0,243690,0.0002199307
0,243700,0.0002199126
0,243710,0.00021989451
0,243720,0.00021987641
0,243730,0.00021985832
0,243740,0.00021984024
0,243750,0.00021982215
0,243760,0.00021980406
0,243770,0.00021978599
0,243780,0.0002197679
0,243790,0.00021974983
0,243800,0.00021973174
0,243810,0.00021971366
0,243820,0.00021969559
0,243830,0.00021967752
0,243840,0.00021965944
0,243850,0.00021964138
0,243860,0.00021962331
0,243870,0.00021960525
0,243880,0.00021958718
0,243890,0.00021956912
0,243900,0.00021955106
0,243910,0.000219533
0,243920,0.00021951494
0,243930,0.0002194969
0,243940,0.00021947884
0,243950,0.0002194608
0,243960,0.00021944274
0,243970,0.00021942469
0,243980,0.00021940665
0,243990,0.0002193886
0,244000,0.00021937057
0,244010,0.00021935253
0,244020,0.00021933448
0,244030,0.00021931645
0,244040,0.00021929842
0,244050,0.00021928038
0,244060,0.00021926235
0,244070,0.00021924432
0,244080,0.0002192263
0,244090,0.00021920828
0,244100,0.00021919025
0,244110,0.00021917223
0,244120,0.00021915422
0,244130,0.0002191362
0,244140,0.00021911818
0,244150,0.00021910017
0,244160,0.00021908215
0,244170,0.00021906414
0,244180,0.00021904614
0,244190,0.00021902812
0,244200,0.00021901012
0,244210,0.00021899212
0,244220,0.00021897412
0,244230,0.00021895612
0,244240,0.00021893812
0,244250,0.00021892012
0,244260,0.00021890213
0,244270,0.00021888415
0,244280,0.00021886615
0,244290,0.00021884816
0,244300,0.00021883017
0,244310,0.00021881219
0,244320,0.0002187942
0,244330,0.00021877623
0,244340,0.00021875824
0,244350,0.00021874027
0,244360,0.00021872229
0,244370,0.00021870431
0,244380,0.00021868634
0,244390,0.00021866837
0,244400,0.00021865041
0,244410,0.00021863244
0,244420,0.00021861447
0,244430,0.00021859651
0,244440,0.00021857856
0,244450,0.0002185606
0,244460,0.00021854264
0,244470,0.00021852468
0,244480,0.00021850673
0,244490,0.00021848877
0,244500,0.00021847083
0,244510,0.00021845287
0,244520,0.00021843493
0,244530,0.00021841699
0,244540,0.00021839904
0,244550,0.0002183811
0,244560,0.00021836316
0,244570,0.00021834522
0,244580,0.00021832729
0,244590,0.00021830935
0,244600,0.00021829142
0,244610,0.00021827349
0,244620,0.00021825556
0,244630,0.00021823763
0,244640,0.0002182197
0,244650,0.00021820179
0,244660,0.00021818386
0,244670,0.00021816595
0,244680,0.00021814802
0,244690,0.00021813011
0,244700,0.0002181122
0,244710,0.00021809428
0,244720,0.00021807637
0,244730,0.00021805847
0,244740,0.00021804056
0,244750,0.00021802266
0,244760,0.00021800474
0,244770,0.00021798685
0,244780,0.00021796895
0,244790,0.00021795105
0,244800,0.00021793315
0,244810,0.00021791527
0,244820,0.00021789737
0,244830,0.00021787948
0,244840,0.00021786158
0,244850,0.0002178437
0,244860,0.00021782581
0,244870,0.00021780793
0,244880,0.00021779005
0,244890,0.00021777218
0,244900,0.00021775429
0,244910,0.00021773642
0,244920,0.00021771854
0,244930,0.00021770067
0,244940,0.0002176828
0,244950,0.00021766493
0,244960,0.00021764706
0,244970,0.00021762919
0,244980,0.00021761133
0,244990,0.00021759346
0,245000,0.00021757561
0,245010,0.00021755775
0,245020,0.0002175399
0,245030,0.00021752204
0,245040,0.00021750419
0,245050,0.00021748633
0,245060,0.00021746849
0,245070,0.00021745064
0,245080,0.0002174328
0,245090,0.00021741496
0,245100,0.0002173971
0,245110,0.00021737926
0,245120,0.00021736143
0,245130,0.0002173436
0,245140,0.00021732575
0,245150,0.00021730793
0,245160,0.00021729009
0,245170,0.00021727226
0,245180,0.00021725443
0,245190,0.00021723661
0,245200,0.00021721878
0,245210,0.00021720096
0,245220,0.00021718314
0,245230,0.00021716532
0,245240,0.0002171475
0,245250,0.0002171297
0,245260,0.00021711187
0,245270,0.00021709406
0,245280,0.00021707626
0,245290,0.00021705845
0,245300,0.00021704064
0,245310,0.00021702284
0,245320,0.00021700503
0,245330,0.00021698723
0,245340,0.00021696943
0,245350,0.00021695164
0,245360,0.00021693384
0,245370,0.00021691604
0,245380,0.00021689825
0,245390,0.00021688046
0,245400,0.00021686267
0,245410,0.00021684488
0,245420,0.0002168271
0,245430,0.00021680932
0,245440,0.00021679154
0,245450,0.00021677375
0,245460,0.00021675597
0,245470,0.0002167382
0,245480,0.00021672042
0,245490,0.00021670265
0,245500,0.00021668489
0,245510,0.00021666712
0,245520,0.00021664935
0,245530,0.00021663158
0,245540,0.00021661381
0,245550,0.00021659606
0,245560,0.0002165783
0,245570,0.00021656054
0,245580,0.00021654277
0,245590,0.00021652502
0,245600,0.00021650727
0,245610,0.00021648953
0,245620,0.00021647177
0,245630,0.00021645402
0,245640,0.00021643628
0,245650,0.00021641853
0,245660,0.00021640079
0,245670,0.00021638305
0,245680,0.00021636531
0,245690,0.00021634757
0,245700,0.00021632983
0,245710,0.00021631211
0,245720,0.00021629437
0,245730,0.00021627665
0,245740,0.00021625891
0,245750,0.00021624118
0,245760,0.00021622346
0,245770,0.00021620574
0,245780,0.00021618801
0,245790,0.0002161703
0,245800,0.00021615258
0,245810,0.00021613487
0,245820,0.00021611714
0,245830,0.00021609943
0,245840,0.00021608172
0,245850,0.00021606401
0,245860,0.0002160463
0,245870,0.00021602861
0,245880,0.0002160109
0,245890,0.0002159932
0,245900,0.0002159755
0,245910,0.0002159578
0,245920,0.0002159401
0,245930,0.00021592241
0,245940,0.00021590471
0,245950,0.00021588702
0,245960,0.00021586934
0,245970,0.00021585164
0,245980,0.00021583396
0,245990,0.00021581628
0,246000,0.00021579859
0,246010,0.0002157809
0,246020,0.00021576324
0,246030,0.00021574556
0,246040,0.00021572788
0,246050,0.00021571021
0,246060,0.00021569253
0,246070,0.00021567487
0,246080,0.0002156572
0,246090,0.00021563953
0,246100,0.00021562187
0,246110,0.0002156042
0,246120,0.00021558654
0,246130,0.00021556889
0,246140,0.00021555122
0,246150,0.00021553357
0,246160,0.00021551592
0,246170,0.00021549826
0,246180,0.00021548061
0,246190,0.00021546296
0,246200,0.00021544531
0,246210,0.00021542766
0,246220,0.00021541002
0,246230,0.00021539239
0,246240,0.00021537473
0,246250,0.0002153571
0,246260,0.00021533946
0,246270,0.00021532182
0,246280,0.0002153042
0,246290,0.00021528656
0,246300,0.00021526893
0,246310,0.0002152513
0,246320,0.00021523368
0,246330,0.00021521606
0,246340,0.00021519844
0,246350,0.00021518081
0,246360,0.00021516319
0,246370,0.00021514557
0,246380,0.00021512796
0,246390,0.00021511034
0,246400,0.00021509273
0,246410,0.00021507512
0,246420,0.00021505752
0,246430,0.00021503991
0,246440,0.0002150223
0,246450,0.0002150047
0,246460,0.00021498709
0,246470,0.00021496949
0,246480,0.0002149519
0,246490,0.00021493429
0,246500,0.0002149167
0,246510,0.0002148991
0,246520,0.00021488151
0,246530,0.00021486393
0,246540,0.00021484634
0,246550,0.00021482875
0,246560,0.00021481117
0,246570,0.00021479359
0,246580,0.00021477601
0,246590,0.00021475843
0,246600,0.00021474085
0,246610,0.00021472327
0,246620,0.0002147057
0,246630,0.00021468813
0,246640,0.00021467055
0,246650,0.00021465299
0,246660,0.00021463542
0,246670,0.00021461784
0,246680,0.00021460028
0,246690,0.00021458273
0,246700,0.00021456517
0,246710,0.0002145476
0,246720,0.00021453005
0,246730,0.00021451249
0,246740,0.00021449494
0,246750,0.00021447739
0,246760,0.00021445984
0,246770,0.00021444229
0,246780,0.00021442474
0,246790,0.0002144072
0,246800,0.00021438966
0,246810,0.00021437212
0,246820,0.00021435457
0,246830,0.00021433704
0,246840,0.0002143195
0,246850,0.00021430197
0,246860,0.00021428443
0,246870,0.00021426691
0,246880,0.00021424938
0,246890,0.00021423186
0,246900,0.00021421432
0,246910,0.0002141968
0,246920,0.00021417928
0,246930,0.00021416176
0,246940,0.00021414424
0,246950,0.00021412672
0,246960,0.00021410921
0,246970,0.00021409169
0,246980,0.00021407419
0,246990,0.00021405666
0,247000,0.00021403916
0,247010,0.00021402165
0,247020,0.00021400415
0,247030,0.00021398664
0,247040,0.00021396915
0,247050,0.00021395164
0,247060,0.00021393415
0,247070,0.00021391665
0,247080,0.00021389915
0,247090,0.00021388166
0,247100,0.00021386417
0,247110,0.00021384668
0,247120,0.00021382919
0,247130,0.00021381171
0,247140,0.00021379422
0,247150,0.00021377674
0,247160,0.00021375925
0,247170,0.00021374178
0,247180,0.0002137243
0,247190,0.00021370682
0,247200,0.00021368936
0,247210,0.00021367188
0,247220,0.0002136544
0,247230,0.00021363694
0,247240,0.00021361948
0,247250,0.000213602
0,247260,0.00021358454
0,247270,0.00021356708
0,247280,0.00021354962
0,247290,0.00021353217
0,247300,0.00021351471
0,247310,0.00021349725
0,247320,0.0002134798
0,247330,0.00021346235
0,247340,0.0002134449
0,247350,0.00021342745
0,247360,0.00021341
0,247370,0.00021339256
0,247380,0.00021337511
0,247390,0.00021335768
0,247400,0.00021334023
0,247410,0.0002133228
0,247420,0.00021330536
0,247430,0.00021328793
0,247440,0.0002132705
0,247450,0.00021325306
0,247460,0.00021323563
0,247470,0.0002132182
0,247480,0.00021320078
0,247490,0.00021318335
0,247500,0.00021316593
0,247510,0.00021314851
0,247520,0.00021313109
0,247530,0.00021311367
0,247540,0.00021309625
0,247550,0.00021307885
0,247560,0.00021306143
0,247570,0.00021304403
0,247580,0.00021302661
0,247590,0.0002130092
0,247600,0.0002129918
0,247610,0.0002129744
0,247620,0.00021295699
0,247630,0.00021293959
0,247640,0.0002129222
0,247650,0.0002129048
0,247660,0.0002128874
0,247670,0.00021287
0,247680,0.00021285261
0,247690,0.00021283522
0,247700,0.00021281783
0,247710,0.00021280046
0,247720,0.00021278307
0,247730,0.00021276568
0,247740,0.0002127483
0,247750,0.00021273091
0,247760,0.00021271354
0,247770,0.00021269616
0,247780,0.00021267879
0,247790,0.00021266141
0,247800,0.00021264404
0,247810,0.00021262668
0,247820,0.0002126093
0,247830,0.00021259194
0,247840,0.00021257458
0,247850,0.0002125572
0,247860,0.00021253985
0,247870,0.00021252249
0,247880,0.00021250514
0,247890,0.00021248778
0,247900,0.00021247042
0,247910,0.00021245307
0,247920,0.00021243571
0,247930,0.00021241837
0,247940,0.00021240102
0,247950,0.00021238367
0,247960,0.00021236633
0,247970,0.00021234898
0,247980,0.00021233165
0,247990,0.0002123143
0,248000,0.00021229697
0,248010,0.00021227963
0,248020,0.0002122623
0,248030,0.00021224497
0,248040,0.00021222763
0,248050,0.0002122103
0,248060,0.00021219297
0,248070,0.00021217566
0,248080,0.00021215832
0,248090,0.000212141
0,248100,0.00021212369
0,248110,0.00021210637
0,248120,0.00021208904
0,248130,0.00021207174
0,248140,0.00021205442
0,248150,0.0002120371
0,248160,0.00021201979
0,248170,0.00021200249
0,248180,0.00021198519
0,248190,0.00021196787
0,248200,0.00021195057
0,248210,0.00021193326
0,248220,0.00021191596
0,248230,0.00021189867
0,248240,0.00021188137
0,248250,0.00021186408
0,248260,0.00021184678
0,248270,0.0002118295
0,248280,0.0002118122
0,248290,0.00021179492
0,248300,0.00021177763
0,248310,0.00021176034
0,248320,0.00021174306
0,248330,0.00021172577
0,248340,0.0002117085
0,248350,0.00021169122
0,248360,0.00021167393
0,248370,0.00021165666
0,248380,0.00021163939
0,248390,0.00021162211
0,248400,0.00021160484
0,248410,0.00021158758
0,248420,0.00021157031
0,248430,0.00021155305
0,248440,0.00021153578
0,248450,0.00021151852
0,248460,0.00021150126
0,248470,0.000211484
0,248480,0.00021146674
0,248490,0.00021144949
0,248500,0.00021143224
0,248510,0.00021141498
0,248520,0.00021139774
0,248530,0.00021138048
0,248540,0.00021136324
0,248550,0.00021134599
0,248560,0.00021132875
0,248570,0.0002113115
0,248580,0.00021129427
0,248590,0.00021127703
0,248600,0.0002112598
0,248610,0.00021124256
0,248620,0.00021122533
0,248630,0.0002112081
0,248640,0.00021119087
0,248650,0.00021117364
0,248660,0.00021115641
0,248670,0.00021113918
0,248680,0.00021112197
0,248690,0.00021110474
0,248700,0.00021108752
0,248710,0.0002110703
0,248720,0.00021105308
0,248730,0.00021103586
0,248740,0.00021101866
0,248750,0.00021100145
0,248760,0.00021098423
0,248770,0.00021096703
0,248780,0.00021094982
0,248790,0.00021093262
0,248800,0.00021091542
0,248810,0.00021089822
0,248820,0.00021088101
0,248830,0.00021086381
0,248840,0.00021084661
0,248850,0.00021082941
0,248860,0.00021081223
0,248870,0.00021079503
0,248880,0.00021077784
0,248890,0.00021076066
0,248900,0.00021074347
0,248910,0.00021072628
0,248920,0.0002107091
0,248930,0.00021069191
0,248940,0.00021067474
0,248950,0.00021065756
0,248960,0.00021064038
0,248970,0.00021062321
0,248980,0.00021060604
0,248990,0.00021058886
0,249000,0.0002105717
0,249010,0.00021055453
0,249020,0.00021053736
0,249030,0.0002105202
0,249040,0.00021050303
0,249050,0.00021048587
0,249060,0.0002104687
0,249070,0.00021045154
0,249080,0.00021043439
0,249090,0.00021041723
0,249100,0.00021040009
0,249110,0.00021038293
0,249120,0.00021036578
0,249130,0.00021034863
0,249140,0.00021033149
0,249150,0.00021031433
0,249160,0.00021029719
0,249170,0.00021028005
0,249180,0.00021026292
0,249190,0.00021024578
0,249200,0.00021022864
0,249210,0.00021021151
0,249220,0.00021019437
0,249230,0.00021017724
0,249240,0.00021016011
0,249250,0.00021014299
0,249260,0.00021012586
0,249270,0.00021010873
0,249280,0.0002100916
0,249290,0.00021007449
0,249300,0.00021005736
0,249310,0.00021004025
0,249320,0.00021002312
0,249330,0.00021000601
0,249340,0.0002099889
0,249350,0.00020997178
0,249360,0.00020995467
0,249370,0.00020993757
0,249380,0.00020992046
0,249390,0.00020990336
0,249400,0.00020988625
0,249410,0.00020986915
0,249420,0.00020985205
0,249430,0.00020983495
0,249440,0.00020981785
0,249450,0.00020980075
0,249460,0.00020978366
0,249470,0.00020976657
0,249480,0.00020974947
0,249490,0.00020973239
0,249500,0.0002097153
0,249510,0.00020969822
0,249520,0.00020968114
0,249530,0.00020966405
0,249540,0.00020964697
0,249550,0.00020962988
0,249560,0.00020961282
0,249570,0.00020959573
0,249580,0.00020957866
0,249590,0.0002095616
0,249600,0.00020954452
0,249610,0.00020952745
0,249620,0.00020951038
0,249630,0.00020949332
0,249640,0.00020947625
0,249650,0.00020945919
0,249660,0.00020944212
0,249670,0.00020942507
0,249680,0.00020940801
0,249690,0.00020939096
0,249700,0.0002093739
0,249710,0.00020935685
0,249720,0.00020933979
0,249730,0.00020932274
0,249740,0.0002093057
0,249750,0.00020928864
0,249760,0.0002092716
0,249770,0.00020925456
0,249780,0.00020923752
0,249790,0.00020922048
0,249800,0.00020920344
0,249810,0.0002091864
0,249820,0.00020916938
0,249830,0.00020915233
0,249840,0.00020913531
0,249850,0.00020911827
0,249860,0.00020910124
0,249870,0.00020908422
0,249880,0.00020906719
0,249890,0.00020905017
0,249900,0.00020903315
0,249910,0.00020901613
0,249920,0.0002089991
0,249930,0.00020898209
0,249940,0.00020896508
0,249950,0.00020894807
0,249960,0.00020893106
0,249970,0.00020891405
0,249980,0.00020889704
0,249990,0.00020888002
0,250000,0.00020886301
0,250010,0.00020884602
0,250020,0.00020882902
0,250030,0.00020881201
0,250040,0.00020879501
0,250050,0.00020877802
0,250060,0.00020876102
0,250070,0.00020874402
0,250080,0.00020872704
0,250090,0.00020871004
0,250100,0.00020869305
0,250110,0.00020867607
0,250120,0.00020865908
0,250130,0.0002086421
0,250140,0.00020862512
0,250150,0.00020860814
0,250160,0.00020859115
0,250170,0.00020857417
0,250180,0.0002085572
0,250190,0.00020854022
0,250200,0.00020852326
0,250210,0.00020850627
0,250220,0.0002084893
0,250230,0.00020847234
0,250240,0.00020845537
0,250250,0.00020843842
0,250260,0.00020842145
0,250270,0.00020840448
0,250280,0.00020838753
0,250290,0.00020837056
0,250300,0.00020835361
0,250310,0.00020833666
0,250320,0.0002083197
0,250330,0.00020830275
0,250340,0.0002082858
0,250350,0.00020826884
0,250360,0.0002082519
0,250370,0.00020823495
0,250380,0.00020821801
0,250390,0.00020820108
0,250400,0.00020818414
0,250410,0.0002081672
0,250420,0.00020815026
0,250430,0.00020813332
0,250440,0.00020811638
0,250450,0.00020809946
0,250460,0.00020808252
0,250470,0.0002080656
0,250480,0.00020804866
0,250490,0.00020803174
0,250500,0.00020801481
0,250510,0.00020799789
0,250520,0.00020798098
0,250530,0.00020796405
0,250540,0.00020794713
0,250550,0.00020793022
0,250560,0.0002079133
0,250570,0.00020789639
0,250580,0.00020787948
0,250590,0.00020786257
0,250600,0.00020784566
0,250610,0.00020782875
0,250620,0.00020781184
0,250630,0.00020779495
0,250640,0.00020777804
0,250650,0.00020776114
0,250660,0.00020774425
0,250670,0.00020772735
0,250680,0.00020771046
0,250690,0.00020769356
0,250700,0.00020767667
0,250710,0.00020765977
0,250720,0.0002076429
0,250730,0.000207626
0,250740,0.00020760912
0,250750,0.00020759222
0,250760,0.00020757534
0,250770,0.00020755846
0,250780,0.00020754158
0,250790,0.0002075247
0,250800,0.00020750784
0,250810,0.00020749096
0,250820,0.00020747409
0,250830,0.00020745721
0,250840,0.00020744035
0,250850,0.00020742348
0,250860,0.00020740661
0,250870,0.00020738975
0,250880,0.00020737288
0,250890,0.00020735602
0,250900,0.00020733917
0,250910,0.0002073223
0,250920,0.00020730545
0,250930,0.0002072886
0,250940,0.00020727173
0,250950,0.00020725488
0,250960,0.00020723803
0,250970,0.00020722118
0,250980,0.00020720434
0,250990,0.00020718749
0,251000,0.00020717065
0,251010,0.0002071538
0,251020,0.00020713697
0,251030,0.00020712013
0,251040,0.0002071033
0,251050,0.00020708646
0,251060,0.00020706962
0,251070,0.00020705278
0,251080,0.00020703596
0,251090,0.00020701913
0,251100,0.0002070023
0,251110,0.00020698547
0,251120,0.00020696865
0,251130,0.00020695182
0,251140,0.000206935
0,251150,0.00020691818
0,251160,0.00020690136
0,251170,0.00020688455
0,251180,0.00020686773
0,251190,0.00020685092
0,251200,0.00020683411
0,251210,0.00020681729
0,251220,0.00020680048
0,251230,0.00020678368
0,251240,0.00020676687
0,251250,0.00020675008
0,251260,0.00020673327
0,251270,0.00020671646
0,251280,0.00020669967
0,251290,0.00020668287
0,251300,0.00020666607
0,251310,0.00020664927
0,251320,0.00020663248
0,251330,0.00020661569
0,251340,0.00020659891
0,251350,0.00020658212
0,251360,0.00020656532
0,251370,0.00020654855
0,251380,0.00020653177
0,251390,0.00020651497
0,251400,0.0002064982
0,251410,0.00020648142
0,251420,0.00020646464
0,251430,0.00020644788
0,251440,0.0002064311
0,251450,0.00020641432
0,251460,0.00020639756
0,251470,0.00020638079
0,251480,0.00020636401
0,251490,0.00020634725
0,251500,0.00020633049
0,251510,0.00020631372
0,251520,0.00020629696
0,251530,0.00020628021
0,251540,0.00020626344
0,251550,0.0002062467
0,251560,0.00020622993
0,251570,0.00020621318
0,251580,0.00020619643
0,251590,0.00020617968
0,251600,0.00020616293
0,251610,0.00020614619
0,251620,0.00020612944
0,251630,0.0002061127
0,251640,0.00020609595
0,251650,0.00020607922
0,251660,0.00020606247
0,251670,0.00020604573
0,251680,0.000206029
0,251690,0.00020601226
0,251700,0.00020599553
0,251710,0.00020597881
0,251720,0.00020596207
0,251730,0.00020594535
0,251740,0.00020592862
0,251750,0.0002059119
0,251760,0.00020589518
0,251770,0.00020587846
0,251780,0.00020586174
0,251790,0.00020584502
0,251800,0.0002058283
0,251810,0.00020581158
0,251820,0.00020579487
0,251830,0.00020577815
0,251840,0.00020576145
0,251850,0.00020574474
0,251860,0.00020572804
0,251870,0.00020571133
0,251880,0.00020569463
0,251890,0.00020567792
0,251900,0.00020566121
0,251910,0.00020564452
0,251920,0.00020562782
0,251930,0.00020561113
0,251940,0.00020559444
0,251950,0.00020557773
0,251960,0.00020556104
0,251970,0.00020554435
0,251980,0.00020552767
0,251990,0.00020551098
0,252000,0.00020549429
0,252010,0.00020547761
0,252020,0.00020546092
0,252030,0.00020544424
0,252040,0.00020542757
0,252050,0.00020541089
0,252060,0.00020539422
0,252070,0.00020537754
0,252080,0.00020536086
0,252090,0.0002053442
0,252100,0.00020532752
0,252110,0.00020531086
0,252120,0.0002052942
0,252130,0.00020527752
0,252140,0.00020526086
0,252150,0.0002052442
0,252160,0.00020522754
0,252170,0.00020521089
0,252180,0.00020519423
0,252190,0.00020517758
0,252200,0.00020516092
0,252210,0.00020514427
0,252220,0.00020512762
0,252230,0.00020511096
0,252240,0.00020509431
0,252250,0.00020507767
0,252260,0.00020506103
0,252270,0.00020504439
0,252280,0.00020502774
0,252290,0.0002050111
0,252300,0.00020499447
0,252310,0.00020497783
0,252320,0.0002049612
0,252330,0.00020494456
0,252340,0.00020492793
0,252350,0.0002049113
0,252360,0.00020489468
0,252370,0.00020487804
0,252380,0.00020486143
0,252390,0.0002048448
0,252400,0.00020482817
0,252410,0.00020481156
0,252420,0.00020479494
0,252430,0.00020477832
0,252440,0.0002047617
0,252450,0.00020474508
0,252460,0.00020472847
0,252470,0.00020471186
0,252480,0.00020469524
0,252490,0.00020467864
0,252500,0.00020466204
0,252510,0.00020464543
0,252520,0.00020462883
0,252530,0.00020461222
0,252540,0.00020459562
0,252550,0.00020457902
0,252560,0.00020456243
0,252570,0.00020454582
0,252580,0.00020452923
0,252590,0.00020451265
0,252600,0.00020449606
0,252610,0.00020447947
0,252620,0.00020446288
0,252630,0.00020444629
0,252640,0.0002044297
0,252650,0.00020441313
0,252660,0.00020439654
0,252670,0.00020437996
0,252680,0.00020436337
0,252690,0.0002043468
0,252700,0.00020433022
0,252710,0.00020431365
0,252720,0.00020429707
0,252730,0.00020428051
0,252740,0.00020426394
0,252750,0.00020424736
0,252760,0.0002042308
0,252770,0.00020421424
0,252780,0.00020419767
0,252790,0.00020418111
0,252800,0.00020416455
0,252810,0.00020414799
0,252820,0.00020413144
0,252830,0.00020411488
0,252840,0.00020409832
0,252850,0.00020408178
0,252860,0.00020406523
0,252870,0.00020404867
0,252880,0.00020403213
0,252890,0.00020401558
0,252900,0.00020399904
0,252910,0.00020398249
0,252920,0.00020396596
0,252930,0.00020394941
0,252940,0.00020393287
0,252950,0.00020391634
0,252960,0.0002038998
0,252970,0.00020388328
0,252980,0.00020386673
0,252990,0.0002038502
0,253000,0.00020383368
0,253010,0.00020381715
0,253020,0.00020380062
0,253030,0.0002037841
0,253040,0.00020376757
0,253050,0.00020375106
0,253060,0.00020373454
0,253070,0.00020371801
0,253080,0.0002037015
0,253090,0.00020368499
0,253100,0.00020366847
0,253110,0.00020365196
0,253120,0.00020363544
0,253130,0.00020361894
0,253140,0.00020360244
0,253150,0.00020358592
0,253160,0.00020356942
0,253170,0.00020355292
0,253180,0.00020353642
0,253190,0.00020351991
0,253200,0.00020350341
0,253210,0.00020348692
0,253220,0.00020347042
0,253230,0.00020345394
0,253240,0.00020343743
0,253250,0.00020342095
0,253260,0.00020340446
0,253270,0.00020338797
0,253280,0.00020337148
0,253290,0.000203355
0,253300,0.00020333852
0,253310,0.00020332204
0,253320,0.00020330556
0,253330,0.00020328908
0,253340,0.0002032726
0,253350,0.00020325613
0,253360,0.00020323966
0,253370,0.00020322319
0,253380,0.00020320671
0,253390,0.00020319024
0,253400,0.00020317378
0,253410,0.00020315731
0,253420,0.00020314085
0,253430,0.00020312438
0,253440,0.00020310792
0,253450,0.00020309146
0,253460,0.000203075
0,253470,0.00020305855
0,253480,0.00020304209
0,253490,0.00020302564
0,253500,0.00020300919
0,253510,0.00020299274
0,253520,0.00020297628
0,253530,0.00020295984
0,253540,0.0002029434
0,253550,0.00020292695
0,253560,0.00020291051
0,253570,0.00020289407
0,253580,0.00020287762
0,253590,0.00020286119
0,253600,0.00020284475
0,253610,0.00020282832
0,253620,0.00020281188
0,253630,0.00020279545
0,253640,0.00020277902
0,253650,0.00020276259
0,253660,0.00020274616
0,253670,0.00020272973
0,253680,0.00020271332
0,253690,0.00020269689
0,253700,0.00020268047
0,253710,0.00020266404
0,253720,0.00020264763
0,253730,0.00020263121
0,253740,0.0002026148
0,253750,0.00020259838
0,253760,0.00020258197
0,253770,0.00020256556
0,253780,0.00020254916
0,253790,0.00020253274
0,253800,0.00020251634
0,253810,0.00020249993
0,253820,0.00020248353
0,253830,0.00020246713
0,253840,0.00020245073
0,253850,0.00020243433
0,253860,0.00020241793
0,253870,0.00020240154
0,253880,0.00020238514
0,253890,0.00020236876
0,253900,0.00020235236
0,253910,0.00020233597
0,253920,0.00020231958
0,253930,0.0002023032
0,253940,0.00020228681
0,253950,0.00020227043
0,253960,0.00020225404
0,253970,0.00020223766
0,253980,0.00020222129
0,253990,0.00020220492
0,254000,0.00020218853
0,254010,0.00020217216
0,254020,0.00020215579
0,254030,0.00020213942
0,254040,0.00020212305
0,254050,0.00020210668
0,254060,0.0002020903
0,254070,0.00020207395
0,254080,0.00020205758
0,254090,0.00020204122
0,254100,0.00020202486
0,254110,0.0002020085
0,254120,0.00020199214
0,254130,0.00020197578
0,254140,0.00020195944
0,254150,0.00020194308
0,254160,0.00020192673
0,254170,0.00020191038
0,254180,0.00020189403
0,254190,0.00020187769
0,254200,0.00020186134
0,254210,0.00020184499
0,254220,0.00020182865
0,254230,0.0002018123
0,254240,0.00020179598
0,254250,0.00020177964
0,254260,0.0002017633
0,254270,0.00020174697
0,254280,0.00020173063
0,254290,0.0002017143
0,254300,0.00020169797
0,254310,0.00020168164
0,254320,0.00020166532
0,254330,0.00020164899
0,254340,0.00020163266
0,254350,0.00020161633
0,254360,0.00020160002
0,254370,0.0002015837
0,254380,0.00020156738
0,254390,0.00020155107
0,254400,0.00020153476
0,254410,0.00020151844
0,254420,0.00020150213
0,254430,0.00020148582
0,254440,0.0002014695
0,254450,0.0002014532
0,254460,0.0002014369
0,254470,0.00020142058
0,254480,0.00020140428
0,254490,0.00020138799
0,254500,0.00020137169
0,254510,0.00020135539
0,254520,0.00020133909
0,254530,0.0002013228
0,254540,0.0002013065
0,254550,0.00020129021
0,254560,0.00020127391
0,254570,0.00020125763
0,254580,0.00020124133
0,254590,0.00020122505
0,254600,0.00020120876
0,254610,0.00020119248
0,254620,0.0002011762
0,254630,0.00020115993
0,254640,0.00020114364
0,254650,0.00020112736
0,254660,0.00020111109
0,254670,0.00020109481
0,254680,0.00020107854
0,254690,0.00020106227
0,254700,0.000201046
0,254710,0.00020102973
0,254720,0.00020101346
0,254730,0.0002009972
0,254740,0.00020098094
0,254750,0.00020096467
0,254760,0.00020094842
0,254770,0.00020093216
0,254780,0.00020091589
0,254790,0.00020089964
0,254800,0.00020088338
0,254810,0.00020086713
0,254820,0.00020085087
0,254830,0.00020083463
0,254840,0.00020081838
0,254850,0.00020080214
0,254860,0.00020078589
0,254870,0.00020076965
0,254880,0.0002007534
0,254890,0.00020073717
0,254900,0.00020072093
0,254910,0.00020070469
0,254920,0.00020068845
0,254930,0.0002006722
0,254940,0.00020065598
0,254950,0.00020063974
0,254960,0.00020062352
0,254970,0.00020060729
0,254980,0.00020059106
0,254990,0.00020057482
0,255000,0.00020055861
0,255010,0.00020054239
0,255020,0.00020052616
0,255030,0.00020050994
0,255040,0.00020049373
0,255050,0.0002004775
0,255060,0.00020046129
0,255070,0.00020044508
0,255080,0.00020042887
0,255090,0.00020041266
0,255100,0.00020039645
0,255110,0.00020038024
0,255120,0.00020036403
0,255130,0.00020034781
0,255140,0.00020033162
0,255150,0.00020031542
0,255160,0.00020029921
0,255170,0.00020028302
0,255180,0.00020026682
0,255190,0.00020025062
0,255200,0.00020023443
0,255210,0.00020021823
0,255220,0.00020020203
0,255230,0.00020018585
0,255240,0.00020016966
0,255250,0.00020015347
0,255260,0.00020013729
0,255270,0.00020012111
0,255280,0.00020010491
0,255290,0.00020008873
0,255300,0.00020007257
0,255310,0.00020005638
0,255320,0.0002000402
0,255330,0.00020002403
0,255340,0.00020000785
0,255350,0.00019999169
0,255360,0.0001999755
0,255370,0.00019995934
0,255380,0.00019994317
0,255390,0.000199927
0,255400,0.00019991084
0,255410,0.00019989468
0,255420,0.00019987852
0,255430,0.00019986236
0,255440,0.0001998462
0,255450,0.00019983004
0,255460,0.00019981388
0,255470,0.00019979772
0,255480,0.00019978157
0,255490,0.00019976542
0,255500,0.00019974928
0,255510,0.00019973313
0,255520,0.00019971697
0,255530,0.00019970084
0,255540,0.00019968468
0,255550,0.00019966855
0,255560,0.00019965241
0,255570,0.00019963627
0,255580,0.00019962013
0,255590,0.000199604
0,255600,0.00019958786
0,255610,0.00019957172
0,255620,0.0001995556
0,255630,0.00019953946
0,255640,0.00019952333
0,255650,0.0001995072
0,255660,0.00019949107
0,255670,0.00019947495
0,255680,0.00019945882
0,255690,0.0001994427
0,255700,0.00019942658
0,255710,0.00019941047
0,255720,0.00019939434
0,255730,0.00019937824
0,255740,0.00019936211
0,255750,0.000199346
0,255760,0.0001993299
0,255770,0.00019931378
0,255780,0.00019929768
0,255790,0.00019928157
0,255800,0.00019926546
0,255810,0.00019924935
0,255820,0.00019923325
0,255830,0.00019921715
0,255840,0.00019920105
0,255850,0.00019918496
0,255860,0.00019916885
0,255870,0.00019915275
0,255880,0.00019913666
0,255890,0.00019912058
0,255900,0.00019910448
0,255910,0.00019908839
0,255920,0.00019907231
0,255930,0.00019905622
0,255940,0.00019904014
0,255950,0.00019902406
0,255960,0.00019900796
0,255970,0.00019899188
0,255980,0.0001989758
0,255990,0.00019895974
0,256000,0.00019894366
0,256010,0.00019892758
0,256020,0.00019891151
0,256030,0.00019889543
0,256040,0.00019887937
0,256050,0.0001988633
0,256060,0.00019884722
0,256070,0.00019883116
0,256080,0.00019881509
0,256090,0.00019879904
0,256100,0.00019878297
0,256110,0.00019876691
0,256120,0.00019875086
0,256130,0.0001987348
0,256140,0.00019871874
0,256150,0.00019870269
0,256160,0.00019868664
0,256170,0.00019867059
0,256180,0.00019865454
0,256190,0.00019863849
0,256200,0.00019862244
0,256210,0.00019860639
0,256220,0.00019859035
0,256230,0.0001985743
0,256240,0.00019855826
0,256250,0.00019854223
0,256260,0.00019852619
0,256270,0.00019851016
0,256280,0.00019849412
0,256290,0.00019847808
0,256300,0.00019846205
0,256310,0.00019844603
0,256320,0.00019842999
0,256330,0.00019841397
0,256340,0.00019839793
0,256350,0.00019838191
0,256360,0.00019836589
0,256370,0.00019834987
0,256380,0.00019833384
0,256390,0.00019831782
0,256400,0.00019830182
0,256410,0.0001982858
0,256420,0.00019826979
0,256430,0.00019825377
0,256440,0.00019823776
0,256450,0.00019822175
0,256460,0.00019820574
0,256470,0.00019818974
0,256480,0.00019817373
0,256490,0.00019815772
0,256500,0.00019814172
0,256510,0.00019812572
0,256520,0.00019810972
0,256530,0.00019809372
0,256540,0.00019807772
0,256550,0.00019806172
0,256560,0.00019804573
0,256570,0.00019802974
0,256580,0.00019801375
0,256590,0.00019799775
0,256600,0.00019798178
0,256610,0.00019796578
0,256620,0.0001979498
0,256630,0.00019793381
0,256640,0.00019791783
0,256650,0.00019790186
0,256660,0.00019788588
0,256670,0.0001978699
0,256680,0.00019785392
0,256690,0.00019783794
0,256700,0.00019782197
0,256710,0.000197806
0,256720,0.00019779002
0,256730,0.00019777406
0,256740,0.00019775808
0,256750,0.00019774212
0,256760,0.00019772616
0,256770,0.0001977102
0,256780,0.00019769423
0,256790,0.00019767827
0,256800,0.00019766232
0,256810,0.00019764635
0,256820,0.0001976304
0,256830,0.00019761444
0,256840,0.00019759849
0,256850,0.00019758254
0,256860,0.0001975666
0,256870,0.00019755065
0,256880,0.0001975347
0,256890,0.00019751875
0,256900,0.0001975028
0,256910,0.00019748686
0,256920,0.00019747092
0,256930,0.00019745498
0,256940,0.00019743903
0,256950,0.0001974231
0,256960,0.00019740716
0,256970,0.00019739123
0,256980,0.0001973753
0,256990,0.00019735936
0,257000,0.00019734344
0,257010,0.0001973275
0,257020,0.00019731159
0,257030,0.00019729565
0,257040,0.00019727973
0,257050,0.00019726381
0,257060,0.0001972479
0,257070,0.00019723197
0,257080,0.00019721605
0,257090,0.00019720013
0,257100,0.00019718421
0,257110,0.00019716831
0,257120,0.00019715239
0,257130,0.00019713648
0,257140,0.00019712056
0,257150,0.00019710466
0,257160,0.00019708875
0,257170,0.00019707285
0,257180,0.00019705694
0,257190,0.00019704104
0,257200,0.00019702515
0,257210,0.00019700924
0,257220,0.00019699334
0,257230,0.00019697745
0,257240,0.00019696156
0,257250,0.00019694566
0,257260,0.00019692976
0,257270,0.00019691387
0,257280,0.00019689799
0,257290,0.0001968821
0,257300,0.00019686621
0,257310,0.00019685032
0,257320,0.00019683444
0,257330,0.00019681855
0,257340,0.00019680268
0,257350,0.0001967868
0,257360,0.00019677092
0,257370,0.00019675505
0,257380,0.00019673917
0,257390,0.0001967233
0,257400,0.00019670742
0,257410,0.00019669156
0,257420,0.00019667568
0,257430,0.00019665982
0,257440,0.00019664394
0,257450,0.00019662808
0,257460,0.00019661222
0,257470,0.00019659636
0,257480,0.0001965805
0,257490,0.00019656464
0,257500,0.00019654878
0,257510,0.00019653293
0,257520,0.00019651707
0,257530,0.00019650122
0,257540,0.00019648537
0,257550,0.00019646951
0,257560,0.00019645366
0,257570,0.00019643782
0,257580,0.00019642197
0,257590,0.00019640612
0,257600,0.00019639029
0,257610,0.00019637444
0,257620,0.0001963586
0,257630,0.00019634276
0,257640,0.00019632693
0,257650,0.00019631108
0,257660,0.00019629525
0,257670,0.00019627942
0,257680,0.00019626359
0,257690,0.00019624775
0,257700,0.00019623194
0,257710,0.0001962161
0,257720,0.00019620027
0,257730,0.00019618445
0,257740,0.00019616864
0,257750,0.0001961528
0,257760,0.00019613699
0,257770,0.00019612117
0,257780,0.00019610535
0,257790,0.00019608953
0,257800,0.00019607371
0,257810,0.00019605791
0,257820,0.00019604209
0,257830,0.00019602629
0,257840,0.00019601047
0,257850,0.00019599467
0,257860,0.00019597886
0,257870,0.00019596306
0,257880,0.00019594726
0,257890,0.00019593145
0,257900,0.00019591565
0,257910,0.00019589985
0,257920,0.00019588406
0,257930,0.00019586826
0,257940,0.00019585247
0,257950,0.00019583668
0,257960,0.00019582087
0,257970,0.00019580509
0,257980,0.0001957893
0,257990,0.00019577351
0,258000,0.00019575773
0,258010,0.00019574194
0,258020,0.00019572616
0,258030,0.00019571038
0,258040,0.00019569459
0,258050,0.00019567882
0,258060,0.00019566304
0,258070,0.00019564727
0,258080,0.0001956315
0,258090,0.00019561572
0,258100,0.00019559995
0,258110,0.00019558417
0,258120,0.00019556841
0,258130,0.00019555264
0,258140,0.00019553688
0,258150,0.0001955211
0,258160,0.00019550534
0,258170,0.00019548959
0,258180,0.00019547383
0,258190,0.00019545807
0,258200,0.0001954423
0,258210,0.00019542655
0,258220,0.0001954108
0,258230,0.00019539504
0,258240,0.0001953793
0,258250,0.00019536354
0,258260,0.00019534779
0,258270,0.00019533205
0,258280,0.0001953163
0,258290,0.00019530056
0,258300,0.00019528481
0,258310,0.00019526907
0,258320,0.00019525333
0,258330,0.00019523759
0,258340,0.00019522186
0,258350,0.00019520611
0,258360,0.00019519038
0,258370,0.00019517465
0,258380,0.00019515892
0,258390,0.00019514319
0,258400,0.00019512746
0,258410,0.00019511173
0,258420,0.000195096
0,258430,0.00019508028
0,258440,0.00019506455
0,258450,0.00019504884
0,258460,0.00019503312
0,258470,0.00019501739
0,258480,0.00019500167
0,258490,0.00019498596
0,258500,0.00019497024
0,258510,0.00019495453
0,258520,0.00019493882
0,258530,0.00019492311
0,258540,0.0001949074
0,258550,0.00019489169
0,258560,0.00019487599
0,258570,0.00019486029
0,258580,0.00019484457
0,258590,0.00019482887
0,258600,0.00019481317
0,258610,0.00019479748
0,258620,0.00019478178
0,258630,0.00019476608
0,258640,0.00019475039
0,258650,0.00019473469
0,258660,0.000194719
0,258670,0.00019470332
0,258680,0.00019468761
0,258690,0.00019467193
0,258700,0.00019465624
0,258710,0.00019464057
0,258720,0.00019462488
0,258730,0.0001946092
0,258740,0.00019459352
0,258750,0.00019457783
0,258760,0.00019456216
0,258770,0.00019454648
0,258780,0.0001945308
0,258790,0.00019451513
0,258800,0.00019449946
0,258810,0.00019448379
0,258820,0.00019446811
0,258830,0.00019445246
0,258840,0.00019443678
0,258850,0.00019442113
0,258860,0.00019440545
0,258870,0.0001943898
0,258880,0.00019437414
0,258890,0.00019435848
0,258900,0.00019434282
0,258910,0.00019432716
0,258920,0.0001943115
0,258930,0.00019429585
0,258940,0.00019428019
0,258950,0.00019426455
0,258960,0.00019424889
0,258970,0.00019423325
0,258980,0.0001942176
0,258990,0.00019420196
0,259000,0.00019418632
0,259010,0.00019417067
0,259020,0.00019415503
0,259030,0.00019413939
0,259040,0.00019412374
0,259050,0.00019410811
0,259060,0.00019409247
0,259070,0.00019407684
0,259080,0.00019406121
0,259090,0.00019404557
0,259100,0.00019402994
0,259110,0.00019401431
0,259120,0.00019399868
0,259130,0.00019398307
0,259140,0.00019396744
0,259150,0.00019395181
0,259160,0.0001939362
0,259170,0.00019392057
0,259180,0.00019390495
0,259190,0.00019388934
0,259200,0.00019387373
0,259210,0.00019385811
0,259220,0.0001938425
0,259230,0.00019382688
0,259240,0.00019381127
0,259250,0.00019379567
0,259260,0.00019378006
0,259270,0.00019376446
0,259280,0.00019374884
0,259290,0.00019373324
0,259300,0.00019371764
0,259310,0.00019370204
0,259320,0.00019368644
0,259330,0.00019367084
0,259340,0.00019365524
0,259350,0.00019363964
0,259360,0.00019362406
0,259370,0.00019360846
0,259380,0.00019359287
0,259390,0.00019357729
0,259400,0.00019356169
0,259410,0.0001935461
0,259420,0.00019353052
0,259430,0.00019351493
0,259440,0.00019349936
0,259450,0.00019348378
0,259460,0.0001934682
0,259470,0.00019345262
0,259480,0.00019343704
0,259490,0.00019342147
0,259500,0.0001934059
0,259510,0.00019339033
0,259520,0.00019337476
0,259530,0.00019335918
0,259540,0.00019334361
0,259550,0.00019332804
0,259560,0.00019331247
0,259570,0.00019329692
0,259580,0.00019328135
0,259590,0.00019326579
0,259600,0.00019325023
0,259610,0.00019323466
0,259620,0.00019321911
0,259630,0.00019320355
0,259640,0.000193188
0,259650,0.00019317245
0,259660,0.0001931569
0,259670,0.00019314134
0,259680,0.0001931258
0,259690,0.00019311025
0,259700,0.0001930947
0,259710,0.00019307916
0,259720,0.00019306362
0,259730,0.00019304808
0,259740,0.00019303254
0,259750,0.000193017
0,259760,0.00019300146
0,259770,0.00019298593
0,259780,0.00019297039
0,259790,0.00019295486
0,259800,0.00019293932
0,259810,0.00019292379
0,259820,0.00019290826
0,259830,0.00019289274
0,259840,0.00019287721
0,259850,0.00019286168
0,259860,0.00019284616
0,259870,0.00019283063
0,259880,0.00019281512
0,259890,0.00019279959
0,259900,0.00019278408
0,259910,0.00019276855
0,259920,0.00019275304
0,259930,0.00019273753
0,259940,0.00019272201
0,259950,0.0001927065
0,259960,0.00019269099
0,259970,0.00019267549
0,259980,0.00019265998
0,259990,0.00019264447
0,260000,0.00019262897
0,260010,0.00019261347
0,260020,0.00019259796
0,260030,0.00019258246
0,260040,0.00019256696
0,260050,0.00019255147
0,260060,0.00019253597
0,260070,0.00019252047
0,260080,0.00019250499
0,260090,0.00019248949
0,260100,0.000192474
0,260110,0.00019245851
0,260120,0.00019244303
0,260130,0.00019242754
0,260140,0.00019241206
0,260150,0.00019239658
0,260160,0.00019238109
0,260170,0.00019236561
0,260180,0.00019235013
0,260190,0.00019233464
0,260200,0.00019231917
0,260210,0.00019230369
0,260220,0.00019228822
0,260230,0.00019227275
0,260240,0.00019225728
0,260250,0.00019224182
0,260260,0.00019222635
0,260270,0.00019221088
0,260280,0.00019219541
0,260290,0.00019217994
0,260300,0.00019216449
0,260310,0.00019214902
0,260320,0.00019213356
0,260330,0.0001921181
0,260340,0.00019210264
0,260350,0.00019208719
0,260360,0.00019207173
0,260370,0.00019205628
0,260380,0.00019204082
0,260390,0.00019202537
0,260400,0.00019200993
0,260410,0.00019199448
0,260420,0.00019197904
0,260430,0.00019196358
0,260440,0.00019194814
0,260450,0.0001919327
0,260460,0.00019191726
0,260470,0.00019190183
0,260480,0.00019188639
0,260490,0.00019187095
0,260500,0.00019185552
0,260510,0.00019184008
0,260520,0.00019182464
0,260530,0.00019180922
0,260540,0.00019179379
0,260550,0.00019177835
0,260560,0.00019176293
0,260570,0.0001917475
0,260580,0.00019173208
0,260590,0.00019171665
0,260600,0.00019170124
0,260610,0.00019168582
0,260620,0.00019167039
0,260630,0.00019165498
0,260640,0.00019163957
0,260650,0.00019162415
0,260660,0.00019160873
0,260670,0.00019159332
0,260680,0.00019157791
0,260690,0.0001915625
0,260700,0.0001915471
0,260710,0.0001915317
0,260720,0.00019151629
0,260730,0.00019150088
0,260740,0.00019148548
0,260750,0.00019147008
0,260760,0.00019145467
0,260770,0.00019143928
0,260780,0.00019142388
0,260790,0.00019140849
0,260800,0.00019139309
0,260810,0.00019137771
0,260820,0.00019136231
0,260830,0.00019134692
0,260840,0.00019133154
0,260850,0.00019131614
0,260860,0.00019130076
0,260870,0.00019128538
0,260880,0.00019127
0,260890,0.00019125461
0,260900,0.00019123923
0,260910,0.00019122385
0,260920,0.00019120847
0,260930,0.0001911931
0,260940,0.00019117772
0,260950,0.00019116235
0,260960,0.00019114697
0,260970,0.0001911316
0,260980,0.00019111624
0,260990,0.00019110087
0,261000,0.0001910855
0,261010,0.00019107014
0,261020,0.00019105477
0,261030,0.0001910394
0,261040,0.00019102405
0,261050,0.00019100869
0,261060,0.00019099333
0,261070,0.00019097797
0,261080,0.00019096262
0,261090,0.00019094726
0,261100,0.00019093191
0,261110,0.00019091656
0,261120,0.0001909012
0,261130,0.00019088585
0,261140,0.00019087052
0,261150,0.00019085516
0,261160,0.00019083983
0,261170,0.00019082447
0,261180,0.00019080914
0,261190,0.0001907938
0,261200,0.00019077846
0,261210,0.00019076312
0,261220,0.00019074779
0,261230,0.00019073245
0,261240,0.00019071711
0,261250,0.00019070179
0,261260,0.00019068645
0,261270,0.00019067113
0,261280,0.00019065579
0,261290,0.00019064047
0,261300,0.00019062514
0,261310,0.00019060982
0,261320,0.0001905945
0,261330,0.00019057917
0,261340,0.00019056385
0,261350,0.00019054853
0,261360,0.00019053322
0,261370,0.0001905179
0,261380,0.00019050259
0,261390,0.00019048726
0,261400,0.00019047195
0,261410,0.00019045665
0,261420,0.00019044134
0,261430,0.00019042603
0,261440,0.00019041072
0,261450,0.00019039541
0,261460,0.00019038012
0,261470,0.00019036481
0,261480,0.00019034951
0,261490,0.0001903342
0,261500,0.00019031891
0,261510,0.00019030362
0,261520,0.00019028832
0,261530,0.00019027303
0,261540,0.00019025774
0,261550,0.00019024244
0,261560,0.00019022715
0,261570,0.00019021185
0,261580,0.00019019657
0,261590,0.00019018128
0,261600,0.000190166
0,261610,0.00019015072
0,261620,0.00019013544
0,261630,0.00019012015
0,261640,0.00019010487
0,261650,0.0001900896
0,261660,0.00019007432
0,261670,0.00019005904
0,261680,0.00019004376
0,261690,0.0001900285
0,261700,0.00019001322
0,261710,0.00018999795
0,261720,0.00018998269
0,261730,0.00018996742
0,261740,0.00018995216
0,261750,0.0001899369
0,261760,0.00018992163
0,261770,0.00018990636
0,261780,0.0001898911
0,261790,0.00018987585
0,261800,0.00018986058
0,261810,0.00018984533
0,261820,0.00018983007
0,261830,0.00018981482
0,261840,0.00018979957
0,261850,0.00018978432
0,261860,0.00018976907
0,261870,0.00018975382
0,261880,0.00018973857
0,261890,0.00018972333
0,261900,0.00018970808
0,261910,0.00018969284
0,261920,0.0001896776
0,261930,0.00018966236
0,261940,0.00018964712
0,261950,0.00018963189
0,261960,0.00018961665
0,261970,0.00018960141
0,261980,0.00018958618
0,261990,0.00018957094
0,262000,0.0001895557
0,262010,0.00018954049
0,262020,0.00018952525
0,262030,0.00018951003
0,262040,0.0001894948
0,262050,0.00018947957
0,262060,0.00018946435
0,262070,0.00018944913
0,262080,0.00018943391
0,262090,0.0001894187
0,262100,0.00018940348
0,262110,0.00018938826
0,262120,0.00018937305
0,262130,0.00018935783
0,262140,0.00018934262
0,262150,0.00018932742
0,262160,0.0001893122
0,262170,0.00018929699
0,262180,0.00018928178
0,262190,0.00018926659
0,262200,0.00018925138
0,262210,0.00018923618
0,262220,0.00018922097
0,262230,0.00018920578
0,262240,0.00018919057
0,262250,0.00018917538
0,262260,0.00018916019
0,262270,0.000189145
0,262280,0.0001891298
0,262290,0.00018911461
0,262300,0.00018909942
0,262310,0.00018908422
0,262320,0.00018906903
0,262330,0.00018905386
0,262340,0.00018903866
0,262350,0.00018902349
0,262360,0.0001890083
0,262370,0.00018899312
0,262380,0.00018897794
0,262390,0.00018896276
0,262400,0.00018894758
0,262410,0.0001889324
0,262420,0.00018891723
0,262430,0.00018890206
0,262440,0.00018888689
0,262450,0.00018887172
0,262460,0.00018885655
0,262470,0.00018884138
0,262480,0.00018882622
0,262490,0.00018881106
0,262500,0.0001887959
0,262510,0.00018878073
0,262520,0.00018876557
0,262530,0.0001887504
0,262540,0.00018873524
0,262550,0.00018872009
0,262560,0.00018870493
0,262570,0.00018868978
0,262580,0.00018867463
0,262590,0.00018865947
0,262600,0.00018864432
0,262610,0.00018862917
0,262620,0.00018861402
0,262630,0.00018859887
0,262640,0.00018858374
0,262650,0.00018856859
0,262660,0.00018855344
0,262670,0.00018853831
0,262680,0.00018852318
0,262690,0.00018850803
0,262700,0.0001884929
0,262710,0.00018847776
0,262720,0.00018846263
0,262730,0.00018844749
0,262740,0.00018843236
0,262750,0.00018841722
0,262760,0.0001884021
0,262770,0.00018838697
0,262780,0.00018837185
0,262790,0.00018835672
0,262800,0.0001883416
0,262810,0.00018832648
0,262820,0.00018831136
0,262830,0.00018829624
0,262840,0.00018828112
0,262850,0.000188266
0,262860,0.00018825088
0,262870,0.00018823578
0,262880,0.00018822066
0,262890,0.00018820555
0,262900,0.00018819043
0,262910,0.00018817533
0,262920,0.00018816022
0,262930,0.00018814512
0,262940,0.00018813001
0,262950,0.00018811491
0,262960,0.0001880998
0,262970,0.0001880847
0,262980,0.0001880696
0,262990,0.0001880545
0,263000,0.00018803941
0,263010,0.0001880243
0,263020,0.00018800922
0,263030,0.00018799413
0,263040,0.00018797904
0,263050,0.00018796395
0,263060,0.00018794886
0,263070,0.00018793377
0,263080,0.00018791867
0,263090,0.0001879036
0,263100,0.00018788851
0,263110,0.00018787343
0,263120,0.00018785836
0,263130,0.00018784327
0,263140,0.00018782819
0,263150,0.00018781312
0,263160,0.00018779804
0,263170,0.00018778296
0,263180,0.00018776789
0,263190,0.00018775283
0,263200,0.00018773775
0,263210,0.00018772268
0,263220,0.00018770761
0,263230,0.00018769255
0,263240,0.00018767748
0,263250,0.00018766242
0,263260,0.00018764735
0,263270,0.0001876323
0,263280,0.00018761723
0,263290,0.00018760217
0,263300,0.00018758712
0,263310,0.00018757206
0,263320,0.00018755702
0,263330,0.00018754195
0,263340,0.00018752691
0,263350,0.00018751186
0,263360,0.0001874968
0,263370,0.00018748175
0,263380,0.0001874667
0,263390,0.00018745166
0,263400,0.00018743663
0,263410,0.00018742158
0,263420,0.00018740653
0,263430,0.0001873915
0,263440,0.00018737646
0,263450,0.00018736142
0,263460,0.00018734639
0,263470,0.00018733136
0,263480,0.00018731631
0,263490,0.00018730128
0,263500,0.00018728626
0,263510,0.00018727123
0,263520,0.0001872562
0,263530,0.00018724117
0,263540,0.00018722615
0,263550,0.00018721112
0,263560,0.0001871961
0,263570,0.00018718108
0,263580,0.00018716606
0,263590,0.00018715105
0,263600,0.00018713603
0,263610,0.00018712101
0,263620,0.000187106
0,263630,0.00018709098
0,263640,0.00018707597
0,263650,0.00018706096
0,263660,0.00018704595
0,263670,0.00018703094
0,263680,0.00018701593
0,263690,0.00018700093
0,263700,0.00018698593
0,263710,0.00018697092
0,263720,0.00018695592
0,263730,0.00018694092
0,263740,0.00018692591
0,263750,0.00018691093
0,263760,0.00018689592
0,263770,0.00018688093
0,263780,0.00018686593
0,263790,0.00018685094
0,263800,0.00018683595
0,263810,0.00018682097
0,263820,0.00018680598
0,263830,0.00018679099
0,263840,0.000186776
0,263850,0.00018676101
0,263860,0.00018674604
0,263870,0.00018673105
0,263880,0.00018671608
0,263890,0.00018670109
0,263900,0.00018668611
0,263910,0.00018667114
0,263920,0.00018665617
0,263930,0.00018664119
0,263940,0.00018662622
0,263950,0.00018661124
0,263960,0.00018659627
0,263970,0.00018658131
0,263980,0.00018656634
0,263990,0.00018655138
0,264000,0.0001865364
0,264010,0.00018652144
0,264020,0.00018650648
0,264030,0.00018649152
0,264040,0.00018647657
0,264050,0.0001864616
0,264060,0.00018644665
0,264070,0.00018643169
0,264080,0.00018641674
0,264090,0.00018640178
0,264100,0.00018638684
0,264110,0.00018637188
0,264120,0.00018635693
0,264130,0.00018634199
0,264140,0.00018632704
0,264150,0.0001863121
0,264160,0.00018629715
0,264170,0.00018628221
0,264180,0.00018626727
0,264190,0.00018625232
0,264200,0.00018623739
0,264210,0.00018622245
0,264220,0.00018620752
0,264230,0.00018619258
0,264240,0.00018617764
0,264250,0.00018616271
0,264260,0.00018614778
0,264270,0.00018613285
0,264280,0.00018611793
0,264290,0.000186103
0,264300,0.00018608807
0,264310,0.00018607316
0,264320,0.00018605823
0,264330,0.00018604331
0,264340,0.00018602838
0,264350,0.00018601347
0,264360,0.00018599855
0,264370,0.00018598363
0,264380,0.00018596872
0,264390,0.0001859538
0,264400,0.00018593889
0,264410,0.00018592399
0,264420,0.00018590907
0,264430,0.00018589417
0,264440,0.00018587925
0,264450,0.00018586435
0,264460,0.00018584945
0,264470,0.00018583453
0,264480,0.00018581963
0,264490,0.00018580473
0,264500,0.00018578985
0,264510,0.00018577494
0,264520,0.00018576004
0,264530,0.00018574514
0,264540,0.00018573026
0,264550,0.00018571537
0,264560,0.00018570047
0,264570,0.00018568558
0,264580,0.0001856707
0,264590,0.00018565581
0,264600,0.00018564092
0,264610,0.00018562604
0,264620,0.00018561115
0,264630,0.00018559626
0,264640,0.00018558139
0,264650,0.0001855665
0,264660,0.00018555163
0,264670,0.00018553674
0,264680,0.00018552187
0,264690,0.000185507
0,264700,0.00018549213
0,264710,0.00018547726
0,264720,0.00018546238
0,264730,0.00018544751
0,264740,0.00018543264
0,264750,0.00018541778
0,264760,0.00018540291
0,264770,0.00018538805
0,264780,0.00018537318
0,264790,0.00018535832
0,264800,0.00018534347
0,264810,0.00018532861
0,264820,0.00018531375
0,264830,0.0001852989
0,264840,0.00018528404
0,264850,0.00018526918
0,264860,0.00018525434
0,264870,0.00018523948
0,264880,0.00018522464
0,264890,0.00018520978
0,264900,0.00018519493
0,264910,0.00018518009
0,264920,0.00018516525
0,264930,0.00018515039
0,264940,0.00018513556
0,264950,0.00018512072
0,264960,0.00018510588
0,264970,0.00018509103
0,264980,0.0001850762
0,264990,0.00018506136
0,265000,0.00018504653
0,265010,0.00018503169
0,265020,0.00018501686
0,265030,0.00018500203
0,265040,0.0001849872
0,265050,0.00018497238
0,265060,0.00018495755
0,265070,0.00018494272
0,265080,0.0001849279
0,265090,0.00018491308
0,265100,0.00018489826
0,265110,0.00018488344
0,265120,0.00018486862
0,265130,0.0001848538
0,265140,0.00018483898
0,265150,0.00018482417
0,265160,0.00018480935
0,265170,0.00018479454
0,265180,0.00018477974
0,265190,0.00018476493
0,265200,0.00018475011
0,265210,0.00018473531
0,265220,0.0001847205
0,265230,0.0001847057
0,265240,0.0001846909
0,265250,0.00018467609
0,265260,0.00018466129
0,265270,0.00018464649
0,265280,0.00018463169
0,265290,0.00018461689
0,265300,0.0001846021
0,265310,0.0001845873
0,265320,0.00018457252
0,265330,0.00018455772
0,265340,0.00018454294
0,265350,0.00018452814
0,265360,0.00018451335
0,265370,0.00018449857
0,265380,0.00018448378
0,265390,0.000184469
0,265400,0.00018445421
0,265410,0.00018443943
0,265420,0.00018442466
0,265430,0.00018440987
0,265440,0.0001843951
0,265450,0.00018438032
0,265460,0.00018436555
0,265470,0.00018435078
0,265480,0.000184336
0,265490,0.00018432122
0,265500,0.00018430645
0,265510,0.0001842917
0,265520,0.00018427693
0,265530,0.00018426216
0,265540,0.00018424739
0,265550,0.00018423263
0,265560,0.00018421786
0,265570,0.0001842031
0,265580,0.00018418835
0,265590,0.0001841736
0,265600,0.00018415884
0,265610,0.00018414408
0,265620,0.00018412933
0,265630,0.00018411457
0,265640,0.00018409982
0,265650,0.00018408506
0,265660,0.00018407032
0,265670,0.00018405556
0,265680,0.00018404082
0,265690,0.00018402608
0,265700,0.00018401133
0,265710,0.00018399658
0,265720,0.00018398184
0,265730,0.0001839671
0,265740,0.00018395238
0,265750,0.00018393763
0,265760,0.0001839229
0,265770,0.00018390815
0,265780,0.00018389343
0,265790,0.0001838787
0,265800,0.00018386396
0,265810,0.00018384923
0,265820,0.0001838345
0,265830,0.00018381978
0,265840,0.00018380505
0,265850,0.00018379033
0,265860,0.0001837756
0,265870,0.00018376087
0,265880,0.00018374616
0,265890,0.00018373143
0,265900,0.00018371672
0,265910,0.000183702
0,265920,0.00018368728
0,265930,0.00018367257
0,265940,0.00018365786
0,265950,0.00018364315
0,265960,0.00018362844
0,265970,0.00018361372
0,265980,0.00018359901
0,265990,0.00018358431
0,266000,0.0001835696
0,266010,0.0001835549
0,266020,0.00018354019
0,266030,0.0001835255
0,266040,0.0001835108
0,266050,0.0001834961
0,266060,0.0001834814
0,266070,0.0001834667
0,266080,0.00018345201
0,266090,0.00018343731
0,266100,0.00018342261
0,266110,0.00018340793
0,266120,0.00018339323
0,266130,0.00018337855
0,266140,0.00018336385
0,266150,0.00018334917
0,266160,0.00018333449
0,266170,0.0001833198
0,266180,0.00018330512
0,266190,0.00018329044
0,266200,0.00018327576
0,266210,0.00018326109
0,266220,0.0001832464
0,266230,0.00018323172
0,266240,0.00018321705
0,266250,0.00018320237
0,266260,0.0001831877
0,266270,0.00018317303
0,266280,0.00018315836
0,266290,0.0001831437
0,266300,0.00018312903
0,266310,0.00018311436
0,266320,0.00018309969
0,266330,0.00018308504
0,266340,0.00018307037
0,266350,0.00018305572
0,266360,0.00018304105
0,266370,0.0001830264
0,266380,0.00018301174
0,266390,0.00018299707
0,266400,0.00018298242
0,266410,0.00018296776
0,266420,0.00018295311
0,266430,0.00018293847
0,266440,0.00018292382
0,266450,0.00018290916
0,266460,0.00018289452
0,266470,0.00018287987
0,266480,0.00018286523
0,266490,0.00018285059
0,266500,0.00018283595
0,266510,0.0001828213
0,266520,0.00018280666
0,266530,0.00018279202
0,266540,0.0001827774
0,266550,0.00018276276
0,266560,0.00018274812
0,266570,0.00018273349
0,266580,0.00018271885
0,266590,0.00018270423
0,266600,0.00018268959
0,266610,0.00018267496
0,266620,0.00018266034
0,266630,0.00018264572
0,266640,0.00018263109
0,266650,0.00018261647
0,266660,0.00018260184
0,266670,0.00018258723
0,266680,0.0001825726
0,266690,0.00018255798
0,266700,0.00018254337
0,266710,0.00018252876
0,266720,0.00018251414
0,266730,0.00018249953
0,266740,0.00018248492
0,266750,0.0001824703
0,266760,0.0001824557
0,266770,0.00018244109
0,266780,0.00018242649
0,266790,0.00018241188
0,266800,0.00018239727
0,266810,0.00018238268
0,266820,0.00018236806
0,266830,0.00018235347
0,266840,0.00018233887
0,266850,0.00018232428
0,266860,0.00018230968
0,266870,0.00018229509
0,266880,0.00018228049
0,266890,0.0001822659
0,266900,0.0001822513
0,266910,0.00018223672
0,266920,0.00018222212
0,266930,0.00018220754
0,266940,0.00018219295
0,266950,0.00018217837
0,266960,0.00018216379
0,266970,0.0001821492
0,266980,0.00018213462
0,266990,0.00018212004
0,267000,0.00018210546
0,267010,0.00018209088
0,267020,0.00018207631
0,267030,0.00018206173
0,267040,0.00018204717
0,267050,0.00018203259
0,267060,0.00018201802
0,267070,0.00018200345
0,267080,0.00018198889
0,267090,0.0001819743
0,267100,0.00018195974
0,267110,0.00018194519
0,267120,0.00018193062
0,267130,0.00018191605
0,267140,0.00018190149
0,267150,0.00018188694
0,267160,0.00018187237
0,267170,0.00018185782
0,267180,0.00018184326
0,267190,0.00018182871
0,267200,0.00018181416
0,267210,0.00018179961
0,267220,0.00018178506
0,267230,0.0001817705
0,267240,0.00018175595
0,267250,0.0001817414
0,267260,0.00018172686
0,267270,0.00018171231
0,267280,0.00018169777
0,267290,0.00018168322
0,267300,0.00018166869
0,267310,0.00018165415
0,267320,0.00018163961
0,267330,0.00018162507
0,267340,0.00018161054
0,267350,0.000181596
0,267360,0.00018158148
0,267370,0.00018156694
0,267380,0.0001815524
0,267390,0.00018153788
0,267400,0.00018152336
0,267410,0.00018150882
0,267420,0.0001814943
0,267430,0.00018147977
0,267440,0.00018146525
0,267450,0.00018145073
0,267460,0.0001814362
0,267470,0.00018142168
0,267480,0.00018140717
0,267490,0.00018139265
0,267500,0.00018137814
0,267510,0.00018136362
0,267520,0.00018134911
0,267530,0.00018133459
0,267540,0.00018132008
0,267550,0.00018130557
0,267560,0.00018129106
0,267570,0.00018127655
0,267580,0.00018126205
0,267590,0.00018124755
0,267600,0.00018123304
0,267610,0.00018121855
0,267620,0.00018120404
0,267630,0.00018118955
0,267640,0.00018117504
0,267650,0.00018116055
0,267660,0.00018114605
0,267670,0.00018113156
0,267680,0.00018111707
0,267690,0.00018110257
0,267700,0.00018108808
0,267710,0.0001810736
0,267720,0.0001810591
0,267730,0.00018104461
0,267740,0.00018103013
0,267750,0.00018101565
0,267760,0.00018100116
0,267770,0.00018098668
0,267780,0.0001809722
0,267790,0.00018095772
0,267800,0.00018094324
0,267810,0.00018092876
0,267820,0.00018091429
0,267830,0.00018089982
0,267840,0.00018088534
0,267850,0.00018087088
0,267860,0.0001808564
0,267870,0.00018084193
0,267880,0.00018082747
0,267890,0.000180813
0,267900,0.00018079852
0,267910,0.00018078406
0,267920,0.00018076961
0,267930,0.00018075515
0,267940,0.00018074068
0,267950,0.00018072622
0,267960,0.00018071177
0,267970,0.0001806973
0,267980,0.00018068285
0,267990,0.0001806684
0,268000,0.00018065394
0,268010,0.00018063949
0,268020,0.00018062504
0,268030,0.00018061059
0,268040,0.00018059614
0,268050,0.0001805817
0,268060,0.00018056725
0,268070,0.0001805528
0,268080,0.00018053837
0,268090,0.00018052392
0,268100,0.00018050948
0,268110,0.00018049504
0,268120,0.0001804806
0,268130,0.00018046616
0,268140,0.00018045172
0,268150,0.00018043729
0,268160,0.00018042287
0,268170,0.00018040843
0,268180,0.000180394
0,268190,0.00018037956
0,268200,0.00018036514
0,268210,0.00018035072
0,268220,0.00018033628
0,268230,0.00018032186
0,268240,0.00018030744
0,268250,0.00018029302
0,268260,0.0001802786
0,268270,0.00018026418
0,268280,0.00018024976
0,268290,0.00018023534
0,268300,0.00018022093
0,268310,0.00018020651
0,268320,0.0001801921
0,268330,0.00018017768
0,268340,0.00018016328
0,268350,0.00018014887
0,268360,0.00018013445
0,268370,0.00018012004
0,268380,0.00018010564
0,268390,0.00018009124
0,268400,0.00018007684
0,268410,0.00018006243
0,268420,0.00018004802
0,268430,0.00018003363
0,268440,0.00018001923
0,268450,0.00018000483
0,268460,0.00017999044
0,268470,0.00017997605
0,268480,0.00017996164
0,268490,0.00017994725
0,268500,0.00017993286
0,268510,0.00017991848
0,268520,0.00017990409
0,268530,0.0001798897
0,268540,0.00017987531
0,268550,0.00017986093
0,268560,0.00017984655
0,268570,0.00017983216
0,268580,0.00017981778
0,268590,0.0001798034
0,268600,0.00017978903
0,268610,0.00017977465
0,268620,0.00017976027
0,268630,0.0001797459
0,268640,0.00017973152
0,268650,0.00017971714
0,268660,0.00017970278
0,268670,0.0001796884
0,268680,0.00017967404
0,268690,0.00017965968
0,268700,0.0001796453
0,268710,0.00017963094
0,268720,0.00017961657
0,268730,0.00017960221
0,268740,0.00017958785
0,268750,0.00017957349
0,268760,0.00017955914
0,268770,0.00017954478
0,268780,0.00017953041
0,268790,0.00017951606
0,268800,0.0001795017
0,268810,0.00017948735
0,268820,0.000179473
0,268830,0.00017945866
0,268840,0.00017944431
0,268850,0.00017942996
0,268860,0.00017941561
0,268870,0.00017940126
0,268880,0.00017938692
0,268890,0.00017937258
0,268900,0.00017935823
0,268910,0.0001793439
0,268920,0.00017932955
0,268930,0.00017931522
0,268940,0.00017930089
0,268950,0.00017928655
0,268960,0.00017927222
0,268970,0.00017925788
0,268980,0.00017924355
0,268990,0.00017922922
0,269000,0.00017921488
0,269010,0.00017920056
0,269020,0.00017918623
0,269030,0.00017917191
0,269040,0.00017915758
0,269050,0.00017914326
0,269060,0.00017912894
0,269070,0.00017911462
0,269080,0.0001791003
0,269090,0.00017908598
0,269100,0.00017907166
0,269110,0.00017905734
0,269120,0.00017904303
0,269130,0.00017902872
0,269140,0.0001790144
0,269150,0.0001790001
0,269160,0.00017898578
0,269170,0.00017897147
0,269180,0.00017895717
0,269190,0.00017894286
0,269200,0.00017892856
0,269210,0.00017891426
0,269220,0.00017889995
0,269230,0.00017888565
0,269240,0.00017887136
0,269250,0.00017885705
0,269260,0.00017884276
0,269270,0.00017882846
0,269280,0.00017881417
0,269290,0.00017879988
0,269300,0.00017878557
0,269310,0.00017877128
0,269320,0.00017875699
0,269330,0.0001787427
0,269340,0.00017872843
0,269350,0.00017871414
0,269360,0.00017869985
0,269370,0.00017868557
0,269380,0.00017867128
0,269390,0.000178657
0,269400,0.00017864272
0,269410,0.00017862844
0,269420,0.00017861417
0,269430,0.00017859989
0,269440,0.00017858561
0,269450,0.00017857134
0,269460,0.00017855706
0,269470,0.00017854279
0,269480,0.00017852853
0,269490,0.00017851425
0,269500,0.00017849999
0,269510,0.00017848572
0,269520,0.00017847146
0,269530,0.0001784572
0,269540,0.00017844292
0,269550,0.00017842866
0,269560,0.0001784144
0,269570,0.00017840015
0,269580,0.00017838589
0,269590,0.00017837163
0,269600,0.00017835737
0,269610,0.00017834312
0,269620,0.00017832886
0,269630,0.00017831461
0,269640,0.00017830037
0,269650,0.0001782861
0,269660,0.00017827186
0,269670,0.00017825761
0,269680,0.00017824337
0,269690,0.00017822912
0,269700,0.00017821488
0,269710,0.00017820064
0,269720,0.0001781864
0,269730,0.00017817217
0,269740,0.00017815792
0,269750,0.00017814369
0,269760,0.00017812944
0,269770,0.00017811521
0,269780,0.00017810098
0,269790,0.00017808675
0,269800,0.00017807251
0,269810,0.00017805828
0,269820,0.00017804405
0,269830,0.00017802983
0,269840,0.0001780156
0,269850,0.00017800137
0,269860,0.00017798715
0,269870,0.00017797294
0,269880,0.0001779587
0,269890,0.00017794449
0,269900,0.00017793027
0,269910,0.00017791605
0,269920,0.00017790183
0,269930,0.00017788762
0,269940,0.0001778734
0,269950,0.00017785918
0,269960,0.00017784498
0,269970,0.00017783076
0,269980,0.00017781656
0,269990,0.00017780234
0,270000,0.00017778814
0,270010,0.00017777394
0,270020,0.00017775974
0,270030,0.00017774553
0,270040,0.00017773133
0,270050,0.00017771713
0,270060,0.00017770292
0,270070,0.00017768872
0,270080,0.00017767453
0,270090,0.00017766033
0,270100,0.00017764614
0,270110,0.00017763194
0,270120,0.00017761775
0,270130,0.00017760356
0,270140,0.00017758938
0,270150,0.00017757519
0,270160,0.000177561
0,270170,0.00017754681
0,270180,0.00017753262
0,270190,0.00017751844
0,270200,0.00017750426
0,270210,0.00017749007
0,270220,0.0001774759
0,270230,0.00017746171
0,270240,0.00017744754
0,270250,0.00017743337
0,270260,0.00017741919
0,270270,0.00017740502
0,270280,0.00017739084
0,270290,0.00017737667
0,270300,0.0001773625
0,270310,0.00017734832
0,270320,0.00017733416
0,270330,0.00017731999
0,270340,0.00017730583
0,270350,0.00017729166
0,270360,0.0001772775
0,270370,0.00017726334
0,270380,0.00017724918
0,270390,0.00017723502
0,270400,0.00017722086
0,270410,0.0001772067
0,270420,0.00017719255
0,270430,0.00017717839
0,270440,0.00017716424
0,270450,0.00017715008
0,270460,0.00017713594
0,270470,0.00017712178
0,270480,0.00017710763
0,270490,0.00017709349
0,270500,0.00017707935
0,270510,0.0001770652
0,270520,0.00017705106
0,270530,0.00017703691
0,270540,0.00017702277
0,270550,0.00017700862
0,270560,0.0001769945
0,270570,0.00017698035
0,270580,0.00017696622
0,270590,0.00017695207
0,270600,0.00017693795
0,270610,0.00017692382
0,270620,0.00017690969
0,270630,0.00017689556
0,270640,0.00017688143
0,270650,0.0001768673
0,270660,0.00017685317
0,270670,0.00017683904
0,270680,0.00017682492
0,270690,0.00017681079
0,270700,0.00017679668
0,270710,0.00017678255
0,270720,0.00017676843
0,270730,0.00017675431
0,270740,0.00017674018
0,270750,0.00017672607
0,270760,0.00017671195
0,270770,0.00017669785
0,270780,0.00017668374
0,270790,0.00017666962
0,270800,0.0001766555
0,270810,0.0001766414
0,270820,0.00017662729
0,270830,0.00017661319
0,270840,0.00017659909
0,270850,0.00017658497
0,270860,0.00017657087
0,270870,0.00017655677
0,270880,0.00017654267
0,270890,0.00017652857
0,270900,0.00017651447
0,270910,0.00017650038
0,270920,0.00017648628
0,270930,0.0001764722
0,270940,0.0001764581
0,270950,0.00017644401
0,270960,0.00017642991
0,270970,0.00017641582
0,270980,0.00017640174
0,270990,0.00017638765
0,271000,0.00017637356
0,271010,0.00017635948
0,271020,0.00017634539
0,271030,0.0001763313
0,271040,0.00017631723
0,271050,0.00017630315
0,271060,0.00017628908
0,271070,0.00017627499
0,271080,0.00017626092
0,271090,0.00017624685
0,271100,0.00017623277
0,271110,0.00017621869
0,271120,0.00017620462
0,271130,0.00017619056
0,271140,0.00017617649
0,271150,0.00017616242
0,271160,0.00017614834
0,271170,0.00017613429
0,271180,0.00017612021
0,271190,0.00017610616
0,271200,0.00017609209
0,271210,0.00017607803
0,271220,0.00017606397
0,271230,0.00017604991
0,271240,0.00017603586
0,271250,0.0001760218
0,271260,0.00017600774
0,271270,0.00017599369
0,271280,0.00017597964
0,271290,0.00017596559
0,271300,0.00017595154
0,271310,0.00017593749
0,271320,0.00017592344
0,271330,0.0001759094
0,271340,0.00017589534
0,271350,0.0001758813
0,271360,0.00017586726
0,271370,0.00017585322
0,271380,0.00017583917
0,271390,0.00017582515
0,271400,0.0001758111
0,271410,0.00017579706
0,271420,0.00017578303
0,271430,0.00017576899
0,271440,0.00017575496
0,271450,0.00017574093
0,271460,0.0001757269
0,271470,0.00017571286
0,271480,0.00017569883
0,271490,0.0001756848
0,271500,0.0001756708
0,271510,0.00017565677
0,271520,0.00017564274
0,271530,0.00017562871
0,271540,0.0001756147
0,271550,0.00017560067
0,271560,0.00017558665
0,271570,0.00017557264
0,271580,0.00017555863
0,271590,0.0001755446
0,271600,0.00017553059
0,271610,0.00017551657
0,271620,0.00017550257
0,271630,0.00017548856
0,271640,0.00017547455
0,271650,0.00017546053
0,271660,0.00017544653
0,271670,0.00017543252
0,271680,0.00017541852
0,271690,0.00017540452
0,271700,0.00017539051
0,271710,0.00017537651
0,271720,0.00017536251
0,271730,0.00017534851
0,271740,0.00017533451
0,271750,0.00017532053
0,271760,0.00017530653
0,271770,0.00017529253
0,271780,0.00017527855
0,271790,0.00017526455
0,271800,0.00017525056
0,271810,0.00017523656
0,271820,0.00017522258
0,271830,0.0001752086
0,271840,0.00017519461
0,271850,0.00017518063
0,271860,0.00017516664
0,271870,0.00017515266
0,271880,0.00017513867
0,271890,0.0001751247
0,271900,0.00017511072
0,271910,0.00017509675
0,271920,0.00017508277
0,271930,0.0001750688
0,271940,0.00017505481
0,271950,0.00017504084
0,271960,0.00017502687
0,271970,0.0001750129
0,271980,0.00017499893
0,271990,0.00017498496
0,272000,0.000174971
0,272010,0.00017495704
0,272020,0.00017494307
0,272030,0.00017492911
0,272040,0.00017491514
0,272050,0.00017490119
0,272060,0.00017488723
0,272070,0.00017487326
0,272080,0.0001748593
0,272090,0.00017484535
0,272100,0.0001748314
0,272110,0.00017481744
0,272120,0.0001748035
0,272130,0.00017478954
0,272140,0.00017477559
0,272150,0.00017476165
0,272160,0.00017474769
0,272170,0.00017473375
0,272180,0.00017471981
0,272190,0.00017470586
0,272200,0.00017469192
0,272210,0.00017467797
0,272220,0.00017466403
0,272230,0.0001746501
0,272240,0.00017463615
0,272250,0.00017462223
0,272260,0.00017460829
0,272270,0.00017459434
0,272280,0.00017458042
0,272290,0.00017456649
0,272300,0.00017455255
0,272310,0.00017453863
0,272320,0.0001745247
0,272330,0.00017451077
0,272340,0.00017449685
0,272350,0.00017448292
0,272360,0.000174469
0,272370,0.00017445507
0,272380,0.00017444114
0,272390,0.00017442723
0,272400,0.0001744133
0,272410,0.00017439939
0,272420,0.00017438548
0,272430,0.00017437155
0,272440,0.00017435764
0,272450,0.00017434373
0,272460,0.00017432982
0,272470,0.00017431591
0,272480,0.000174302
0,272490,0.00017428808
0,272500,0.00017427419
0,272510,0.00017426028
0,272520,0.00017424636
0,272530,0.00017423247
0,272540,0.00017421857
0,272550,0.00017420466
0,272560,0.00017419076
0,272570,0.00017417686
0,272580,0.00017416297
0,272590,0.00017414907
0,272600,0.00017413517
0,272610,0.00017412128
0,272620,0.00017410738
0,272630,0.0001740935
0,272640,0.0001740796
0,272650,0.00017406572
0,272660,0.00017405182
0,272670,0.00017403794
0,272680,0.00017402406
0,272690,0.00017401017
0,272700,0.00017399628
0,272710,0.0001739824
0,272720,0.00017396852
0,272730,0.00017395464
0,272740,0.00017394076
0,272750,0.00017392688
0,272760,0.00017391301
0,272770,0.00017389913
0,272780,0.00017388526
0,272790,0.00017387138
0,272800,0.00017385751
0,272810,0.00017384364
0,272820,0.00017382977
0,272830,0.0001738159
0,272840,0.00017380204
0,272850,0.00017378817
0,272860,0.0001737743
0,272870,0.00017376043
0,272880,0.00017374658
0,272890,0.00017373271
0,272900,0.00017371886
0,272910,0.00017370499
0,272920,0.00017369114
0,272930,0.00017367728
0,272940,0.00017366343
0,272950,0.00017364958
0,272960,0.00017363572
0,272970,0.00017362187
0,272980,0.00017360802
0,272990,0.00017359416
0,273000,0.00017358032
0,273010,0.00017356647
0,273020,0.00017355262
0,273030,0.00017353878
0,273040,0.00017352494
0,273050,0.00017351109
0,273060,0.00017349725
0,273070,0.00017348341
0,273080,0.00017346957
0,273090,0.00017345573
0,273100,0.00017344189
0,273110,0.00017342807
0,273120,0.00017341423
0,273130,0.00017340039
0,273140,0.00017338656
0,273150,0.00017337273
0,273160,0.0001733589
0,273170,0.00017334508
0,273180,0.00017333124
0,273190,0.00017331741
0,273200,0.00017330359
0,273210,0.00017328977
0,273220,0.00017327594
0,273230,0.00017326213
0,273240,0.0001732483
0,273250,0.00017323448
0,273260,0.00017322067
0,273270,0.00017320685
0,273280,0.00017319304
0,273290,0.00017317921
0,273300,0.0001731654
0,273310,0.0001731516
0,273320,0.00017313779
0,273330,0.00017312398
0,273340,0.00017311017
0,273350,0.00017309636
0,273360,0.00017308255
0,273370,0.00017306875
0,273380,0.00017305494
0,273390,0.00017304115
0,273400,0.00017302734
0,273410,0.00017301354
0,273420,0.00017299975
0,273430,0.00017298594
0,273440,0.00017297214
0,273450,0.00017295835
0,273460,0.00017294455
0,273470,0.00017293076
0,273480,0.00017291697
0,273490,0.00017290318
0,273500,0.00017288938
0,273510,0.0001728756
0,273520,0.00017286181
0,273530,0.00017284803
0,273540,0.00017283423
0,273550,0.00017282045
0,273560,0.00017280667
0,273570,0.00017279289
0,273580,0.00017277911
0,273590,0.00017276533
0,273600,0.00017275155
0,273610,0.00017273777
0,273620,0.000172724
0,273630,0.00017271022
0,273640,0.00017269645
0,273650,0.00017268267
0,273660,0.00017266891
0,273670,0.00017265514
0,273680,0.00017264136
0,273690,0.0001726276
0,273700,0.00017261383
0,273710,0.00017260006
0,273720,0.0001725863
0,273730,0.00017257255
0,273740,0.00017255878
0,273750,0.00017254501
0,273760,0.00017253126
0,273770,0.0001725175
0,273780,0.00017250374
0,273790,0.00017248999
0,273800,0.00017247623
0,273810,0.00017246247
0,273820,0.00017244872
0,273830,0.00017243497
0,273840,0.00017242122
0,273850,0.00017240747
0,273860,0.00017239373
0,273870,0.00017237998
0,273880,0.00017236623
0,273890,0.00017235249
0,273900,0.00017233874
0,273910,0.000172325
0,273920,0.00017231127
0,273930,0.00017229753
0,273940,0.00017228378
0,273950,0.00017227004
0,273960,0.0001722563
0,273970,0.00017224258
0,273980,0.00017222884
0,273990,0.0001722151
0,274000,0.00017220137
0,274010,0.00017218765
0,274020,0.00017217391
0,274030,0.00017216019
0,274040,0.00017214647
0,274050,0.00017213273
0,274060,0.000172119
0,274070,0.00017210528
0,274080,0.00017209156
0,274090,0.00017207784
0,274100,0.00017206412
0,274110,0.00017205041
0,274120,0.00017203669
0,274130,0.00017202296
0,274140,0.00017200926
0,274150,0.00017199553
0,274160,0.00017198182
0,274170,0.00017196812
0,274180,0.00017195441
0,274190,0.00017194069
0,274200,0.00017192698
0,274210,0.00017191327
0,274220,0.00017189956
0,274230,0.00017188587
0,274240,0.00017187216
0,274250,0.00017185845
0,274260,0.00017184476
0,274270,0.00017183105
0,274280,0.00017181736
0,274290,0.00017180367
0,274300,0.00017178996
0,274310,0.00017177626
0,274320,0.00017176257
0,274330,0.00017174888
0,274340,0.00017173518
0,274350,0.00017172149
0,274360,0.0001717078
0,274370,0.00017169412
0,274380,0.00017168043
0,274390,0.00017166675
0,274400,0.00017165305
0,274410,0.00017163937
0,274420,0.00017162568
0,274430,0.000171612
0,274440,0.00017159832
0,274450,0.00017158464
0,274460,0.00017157097
0,274470,0.00017155729
0,274480,0.00017154361
0,274490,0.00017152994
0,274500,0.00017151627
0,274510,0.00017150259
0,274520,0.00017148892
0,274530,0.00017147524
0,274540,0.00017146158
0,274550,0.00017144791
0,274560,0.00017143425
0,274570,0.00017142059
0,274580,0.00017140692
0,274590,0.00017139326
0,274600,0.0001713796
0,274610,0.00017136593
0,274620,0.00017135227
0,274630,0.00017133862
0,274640,0.00017132495
0,274650,0.0001713113
0,274660,0.00017129764
0,274670,0.00017128399
0,274680,0.00017127034
0,274690,0.00017125669
0,274700,0.00017124302
0,274710,0.00017122937
0,274720,0.00017121574
0,274730,0.00017120209
0,274740,0.00017118844
0,274750,0.00017117479
0,274760,0.00017116115
0,274770,0.0001711475
0,274780,0.00017113387
0,274790,0.00017112022
0,274800,0.00017110659
0,274810,0.00017109295
0,274820,0.00017107931
0,274830,0.00017106568
0,274840,0.00017105204
0,274850,0.00017103841
0,274860,0.00017102477
0,274870,0.00017101114
0,274880,0.00017099752
0,274890,0.00017098388
0,274900,0.00017097026
0,274910,0.00017095663
0,274920,0.000170943
0,274930,0.00017092939
0,274940,0.00017091575
0,274950,0.00017090213
0,274960,0.00017088851
0,274970,0.00017087489
0,274980,0.00017086127
0,274990,0.00017084766
0,275000,0.00017083404
0,275010,0.00017082042
0,275020,0.00017080682
0,275030,0.0001707932
0,275040,0.00017077959
0,275050,0.00017076598
0,275060,0.00017075236
0,275070,0.00017073876
0,275080,0.00017072515
0,275090,0.00017071154
0,275100,0.00017069794
0,275110,0.00017068433
0,275120,0.00017067074
0,275130,0.00017065713
0,275140,0.00017064353
0,275150,0.00017062994
0,275160,0.00017061633
0,275170,0.00017060274
0,275180,0.00017058915
0,275190,0.00017057556
0,275200,0.00017056195
0,275210,0.00017054836
0,275220,0.00017053477
0,275230,0.00017052118
0,275240,0.0001705076
0,275250,0.00017049401
0,275260,0.00017048042
0,275270,0.00017046684
0,275280,0.00017045325
0,275290,0.00017043967
0,275300,0.00017042608
0,275310,0.0001704125
0,275320,0.00017039893
0,275330,0.00017038535
0,275340,0.00017037177
0,275350,0.0001703582
0,275360,0.00017034462
0,275370,0.00017033104
0,275380,0.00017031748
0,275390,0.0001703039
0,275400,0.00017029032
0,275410,0.00017027676
0,275420,0.00017026319
0,275430,0.00017024962
0,275440,0.00017023606
0,275450,0.0001702225
0,275460,0.00017020894
0,275470,0.00017019537
0,275480,0.00017018181
0,275490,0.00017016825
0,275500,0.00017015469
0,275510,0.00017014112
0,275520,0.00017012758
0,275530,0.00017011401
0,275540,0.00017010047
0,275550,0.0001700869
0,275560,0.00017007336
0,275570,0.00017005981
0,275580,0.00017004626
0,275590,0.00017003271
0,275600,0.00017001916
0,275610,0.00017000562
0,275620,0.00016999207
0,275630,0.00016997852
0,275640,0.00016996499
0,275650,0.00016995144
0,275660,0.00016993789
0,275670,0.00016992436
0,275680,0.00016991083
0,275690,0.00016989728
0,275700,0.00016988374
0,275710,0.00016987021
0,275720,0.00016985668
0,275730,0.00016984314
0,275740,0.00016982961
0,275750,0.00016981608
0,275760,0.00016980256
0,275770,0.00016978903
0,275780,0.00016977549
0,275790,0.00016976197
0,275800,0.00016974844
0,275810,0.00016973492
0,275820,0.0001697214
0,275830,0.00016970788
0,275840,0.00016969435
0,275850,0.00016968083
0,275860,0.00016966731
0,275870,0.00016965381
0,275880,0.00016964029
0,275890,0.00016962677
0,275900,0.00016961325
0,275910,0.00016959975
0,275920,0.00016958623
0,275930,0.00016957273
0,275940,0.00016955922
0,275950,0.0001695457
0,275960,0.0001695322
0,275970,0.0001695187
0,275980,0.00016950519
0,275990,0.00016949169
0,276000,0.00016947818
0,276010,0.00016946469
0,276020,0.00016945119
0,276030,0.00016943768
0,276040,0.0001694242
0,276050,0.00016941069
0,276060,0.0001693972
0,276070,0.0001693837
0,276080,0.0001693702
0,276090,0.00016935672
0,276100,0.00016934323
0,276110,0.00016932974
0,276120,0.00016931625
0,276130,0.00016930276
0,276140,0.00016928927
0,276150,0.0001692758
0,276160,0.0001692623
0,276170,0.00016924883
0,276180,0.00016923534
0,276190,0.00016922186
0,276200,0.00016920838
0,276210,0.0001691949
0,276220,0.00016918143
0,276230,0.00016916795
0,276240,0.00016915447
0,276250,0.000169141
0,276260,0.00016912752
0,276270,0.00016911406
0,276280,0.00016910059
0,276290,0.00016908711
0,276300,0.00016907365
0,276310,0.00016906018
0,276320,0.00016904672
0,276330,0.00016903326
0,276340,0.00016901978
0,276350,0.00016900632
0,276360,0.00016899286
0,276370,0.0001689794
0,276380,0.00016896594
0,276390,0.0001689525
0,276400,0.00016893903
0,276410,0.00016892557
0,276420,0.00016891213
0,276430,0.00016889867
0,276440,0.00016888522
0,276450,0.00016887176
0,276460,0.00016885831
0,276470,0.00016884487
0,276480,0.00016883142
0,276490,0.00016881798
0,276500,0.00016880453
0,276510,0.00016879108
0,276520,0.00016877764
0,276530,0.00016876419
0,276540,0.00016875075
0,276550,0.00016873732
0,276560,0.00016872387
0,276570,0.00016871044
0,276580,0.000168697
0,276590,0.00016868356
0,276600,0.00016867013
0,276610,0.0001686567
0,276620,0.00016864327
0,276630,0.00016862983
0,276640,0.0001686164
0,276650,0.00016860297
0,276660,0.00016858955
0,276670,0.00016857612
0,276680,0.00016856269
0,276690,0.00016854928
0,276700,0.00016853584
0,276710,0.00016852243
0,276720,0.00016850901
0,276730,0.0001684956
0,276740,0.00016848218
0,276750,0.00016846876
0,276760,0.00016845534
0,276770,0.00016844193
0,276780,0.00016842851
0,276790,0.00016841509
0,276800,0.00016840169
0,276810,0.00016838827
0,276820,0.00016837486
0,276830,0.00016836145
0,276840,0.00016834805
0,276850,0.00016833463
0,276860,0.00016832123
0,276870,0.00016830783
0,276880,0.00016829443
0,276890,0.00016828103
0,276900,0.00016826762
0,276910,0.00016825424
0,276920,0.00016824083
0,276930,0.00016822743
0,276940,0.00016821404
0,276950,0.00016820064
0,276960,0.00016818725
0,276970,0.00016817385
0,276980,0.00016816046
0,276990,0.00016814707
0,277000,0.00016813369
0,277010,0.0001681203
0,277020,0.00016810691
0,277030,0.00016809352
0,277040,0.00016808014
0,277050,0.00016806675
0,277060,0.00016805338
0,277070,0.00016803999
0,277080,0.00016802661
0,277090,0.00016801323
0,277100,0.00016799985
0,277110,0.00016798648
0,277120,0.0001679731
0,277130,0.00016795973
0,277140,0.00016794636
0,277150,0.00016793299
0,277160,0.00016791961
0,277170,0.00016790624
0,277180,0.00016789287
0,277190,0.00016787951
0,277200,0.00016786614
0,277210,0.00016785278
0,277220,0.0001678394
0,277230,0.00016782605
0,277240,0.00016781269
0,277250,0.00016779931
0,277260,0.00016778595
0,277270,0.0001677726
0,277280,0.00016775924
0,277290,0.00016774588
0,277300,0.00016773253
0,277310,0.00016771918
0,277320,0.00016770582
0,277330,0.00016769247
0,277340,0.00016767911
0,277350,0.00016766577
0,277360,0.00016765243
0,277370,0.00016763907
0,277380,0.00016762572
0,277390,0.00016761238
0,277400,0.00016759904
0,277410,0.00016758569
0,277420,0.00016757235
0,277430,0.000167559
0,277440,0.00016754567
0,277450,0.00016753233
0,277460,0.00016751899
0,277470,0.00016750566
0,277480,0.00016749233
0,277490,0.00016747898
0,277500,0.00016746565
0,277510,0.00016745232
0,277520,0.000167439
0,277530,0.00016742566
0,277540,0.00016741233
0,277550,0.000167399
0,277560,0.00016738568
0,277570,0.00016737235
0,277580,0.00016735903
0,277590,0.0001673457
0,277600,0.00016733239
0,277610,0.00016731906
0,277620,0.00016730574
0,277630,0.00016729243
0,277640,0.0001672791
0,277650,0.00016726578
0,277660,0.00016725247
0,277670,0.00016723915
0,277680,0.00016722585
0,277690,0.00016721254
0,277700,0.00016719922
0,277710,0.0001671859
0,277720,0.0001671726
0,277730,0.00016715929
0,277740,0.00016714599
0,277750,0.00016713269
0,277760,0.00016711937
0,277770,0.00016710607
0,277780,0.00016709277
0,277790,0.00016707947
0,277800,0.00016706617
0,277810,0.00016705287
0,277820,0.00016703957
0,277830,0.00016702629
0,277840,0.00016701299
0,277850,0.00016699969
0,277860,0.0001669864
0,277870,0.0001669731
0,277880,0.00016695981
0,277890,0.00016694653
0,277900,0.00016693324
0,277910,0.00016691996
0,277920,0.00016690667
0,277930,0.00016689338
0,277940,0.0001668801
0,277950,0.00016686681
0,277960,0.00016685353
0,277970,0.00016684024
0,277980,0.00016682697
0,277990,0.00016681368
0,278000,0.00016680041
0,278010,0.00016678714
0,278020,0.00016677385
0,278030,0.00016676058
0,278040,0.00016674731
0,278050,0.00016673404
0,278060,0.00016672077
0,278070,0.0001667075
0,278080,0.00016669423
0,278090,0.00016668097
0,278100,0.0001666677
0,278110,0.00016665443
0,278120,0.00016664117
0,278130,0.0001666279
0,278140,0.00016661464
0,278150,0.00016660138
0,278160,0.00016658813
0,278170,0.00016657486
0,278180,0.0001665616
0,278190,0.00016654834
0,278200,0.00016653509
0,278210,0.00016652184
0,278220,0.00016650859
0,278230,0.00016649533
0,278240,0.00016648209
0,278250,0.00016646883
0,278260,0.00016645559
0,278270,0.00016644233
0,278280,0.00016642909
0,278290,0.00016641585
0,278300,0.0001664026
0,278310,0.00016638936
0,278320,0.00016637612
0,278330,0.00016636288
0,278340,0.00016634964
0,278350,0.0001663364
0,278360,0.00016632315
0,278370,0.00016630992
0,278380,0.00016629668
0,278390,0.00016628345
0,278400,0.00016627021
0,278410,0.00016625698
0,278420,0.00016624376
0,278430,0.00016623053
0,278440,0.0001662173
0,278450,0.00016620407
0,278460,0.00016619085
0,278470,0.00016617762
0,278480,0.00016616439
0,278490,0.00016615116
0,278500,0.00016613795
0,278510,0.00016612472
0,278520,0.00016611151
0,278530,0.00016609828
0,278540,0.00016608507
0,278550,0.00016607186
0,278560,0.00016605864
0,278570,0.00016604543
0,278580,0.00016603222
0,278590,0.000166019
0,278600,0.00016600579
0,278610,0.00016599258
0,278620,0.00016597936
0,278630,0.00016596616
0,278640,0.00016595295
0,278650,0.00016593975
0,278660,0.00016592654
0,278670,0.00016591334
0,278680,0.00016590014
0,278690,0.00016588693
0,278700,0.00016587373
0,278710,0.00016586053
0,278720,0.00016584733
0,278730,0.00016583415
0,278740,0.00016582095
0,278750,0.00016580775
0,278760,0.00016579455
0,278770,0.00016578137
0,278780,0.00016576817
0,278790,0.00016575499
0,278800,0.00016574179
0,278810,0.0001657286
0,278820,0.00016571542
0,278830,0.00016570224
0,278840,0.00016568905
0,278850,0.00016567587
0,278860,0.00016566268
0,278870,0.0001656495
0,278880,0.00016563632
0,278890,0.00016562315
0,278900,0.00016560996
0,278910,0.0001655968
0,278920,0.00016558361
0,278930,0.00016557044
0,278940,0.00016555727
0,278950,0.00016554409
0,278960,0.00016553092
0,278970,0.00016551775
0,278980,0.00016550458
0,278990,0.00016549141
0,279000,0.00016547824
0,279010,0.00016546508
0,279020,0.00016545191
0,279030,0.00016543875
0,279040,0.00016542559
0,279050,0.00016541242
0,279060,0.00016539927
0,279070,0.00016538611
0,279080,0.00016537296
0,279090,0.00016535979
0,279100,0.00016534663
0,279110,0.00016533348
0,279120,0.00016532032
0,279130,0.00016530718
0,279140,0.00016529403
0,279150,0.00016528087
0,279160,0.00016526772
0,279170,0.00016525458
0,279180,0.00016524142
0,279190,0.00016522828
0,279200,0.00016521514
0,279210,0.00016520199
0,279220,0.00016518885
0,279230,0.0001651757
0,279240,0.00016516256
0,279250,0.00016514942
0,279260,0.00016513628
0,279270,0.00016512314
0,279280,0.00016511002
0,279290,0.00016509688
0,279300,0.00016508375
0,279310,0.00016507061
0,279320,0.00016505748
0,279330,0.00016504434
0,279340,0.00016503122
0,279350,0.0001650181
0,279360,0.00016500497
