"IndividualId","Time [min]","Organism|PeripheralVenousBlood|Compound1|Plasma (Peripheral Venous Blood) [µmol/l]"
0,0,0
0,10,27.444334
0,20,48.24642
0,30,56.24245
0,40,58.479366
0,50,58.042187
0,60,56.394558
0,70,54.245823
0,80,51.937584
0,90,49.62991
0,100,47.39387
0,110,45.25753
0,120,43.228672
0,130,41.306007
0,140,39.484585
0,150,37.758263
0,160,36.12084
0,170,34.5665
0,180,33.089954
0,190,31.686403
0,200,30.351536
0,210,29.081429
0,220,27.872505
0,230,26.721474
0,240,25.625294
0,250,24.581139
0,260,23.586369
0,270,22.638504
0,280,21.735216
0,290,20.874311
0,300,20.05371
0,310,19.271454
0,320,18.525679
0,330,17.814623
0,340,17.13661
0,350,16.490053
0,360,15.87344
0,370,15.285336
0,380,14.724374
0,390,14.189258
0,400,13.678751
0,410,13.191681
0,420,12.726929
0,430,12.28343
0,440,11.860174
0,450,11.456196
0,460,11.07058
0,470,10.702451
0,480,10.350981
0,490,10.015376
0,500,9.694885
0,510,9.388791
0,520,9.096411
0,530,8.817094
0,540,8.550222
0,550,8.295207
0,560,8.051487
0,570,7.8185287
0,580,7.595823
0,590,7.3828855
0,600,7.179256
0,610,6.984495
0,620,6.7981844
0,630,6.619927
0,640,6.4493427
0,650,6.286071
0,660,6.1297684
0,670,5.980108
0,680,5.8367767
0,690,5.699479
0,700,5.567932
0,710,5.4418664
0,720,5.321026
0,730,5.2051663
0,740,5.094055
0,750,4.9874716
0,760,4.885204
0,770,4.7870517
0,780,4.6928234
0,790,4.6023374
0,800,4.51542
0,810,4.4319057
0,820,4.351637
0,830,4.2744646
0,840,4.2002454
0,850,4.1288433
0,860,4.0601287
0,870,3.9939785
0,880,3.930275
0,890,3.8689063
0,900,3.8097656
0,910,3.7527514
0,920,3.6977668
0,930,3.6447198
0,940,3.5935225
0,950,3.5440912
0,960,3.4963462
0,970,3.4502115
0,980,3.4056149
0,990,3.3624873
0,1000,3.320763
0,1010,3.2803795
0,1020,3.2412772
0,1030,3.2033994
0,1040,3.1666915
0,1050,3.1311023
0,1060,3.0965827
0,1070,3.0630856
0,1080,3.0305665
0,1090,2.9989827
0,1100,2.9682937
0,1110,2.938461
0,1120,2.9094477
0,1130,2.8812187
0,1140,2.8537405
0,1150,2.826981
0,1160,2.8009105
0,1170,2.775499
0,1180,2.7507195
0,1190,2.7265458
0,1200,2.7029521
0,1210,2.6799152
0,1220,2.6574118
0,1230,2.6354203
0,1240,2.61392
0,1250,2.5928907
0,1260,2.572314
0,1270,2.552172
0,1280,2.5324469
0,1290,2.5131226
0,1300,2.4941835
0,1310,2.4756148
0,1320,2.457402
0,1330,2.4395318
0,1340,2.421991
0,1350,2.4047675
0,1360,2.3878493
0,1370,2.3712254
0,1380,2.3548846
0,1390,2.3388171
0,1400,2.3230128
0,1410,2.3074625
0,1420,2.2921572
0,1430,2.2770886
0,1440,2.262248
0,1450,29.691761
0,1460,50.479694
0,1470,58.46146
0,1480,60.684216
0,1490,60.232906
0,1500,58.571644
0,1510,56.40965
0,1520,54.088257
0,1530,51.767555
0,1540,49.51864
0,1550,47.36957
0,1560,45.328117
0,1570,43.393005
0,1580,41.55926
0,1590,39.820755
0,1600,38.171288
0,1610,36.60504
0,1620,35.116714
0,1630,33.701515
0,1640,32.355118
0,1650,31.073603
0,1660,29.853388
0,1670,28.69118
0,1680,27.583937
0,1690,26.528826
0,1700,25.523205
0,1710,24.564594
0,1720,23.650661
0,1730,22.77921
0,1740,21.94816
0,1750,21.15555
0,1760,20.399513
0,1770,19.678286
0,1780,18.99019
0,1790,18.333637
0,1800,17.707115
0,1810,17.109182
0,1820,16.538477
0,1830,15.993696
0,1840,15.473605
0,1850,14.977028
0,1860,14.502844
0,1870,14.049988
0,1880,13.617447
0,1890,13.204257
0,1900,12.8095
0,1910,12.432301
0,1920,12.071828
0,1930,11.727286
0,1940,11.397925
0,1950,11.083023
0,1960,10.781902
0,1970,10.493906
0,1980,10.218422
0,1990,9.954855
0,2000,9.702647
0,2010,9.46126
0,2020,9.230186
0,2030,9.00894
0,2040,8.79706
0,2050,8.594105
0,2060,8.399658
0,2070,8.21332
0,2080,8.03471
0,2090,7.8634624
0,2100,7.6992373
0,2110,7.541711
0,2120,7.390558
0,2130,7.245491
0,2140,7.106234
0,2150,6.9725046
0,2160,6.8440523
0,2170,6.7206364
0,2180,6.602021
0,2190,6.4879837
0,2200,6.378312
0,2210,6.272805
0,2220,6.1712723
0,2230,6.073527
0,2240,5.979395
0,2250,5.8887124
0,2260,5.8013206
0,2270,5.7170677
0,2280,5.6358123
0,2290,5.557418
0,2300,5.4817543
0,2310,5.4086986
0,2320,5.3381324
0,2330,5.2699437
0,2340,5.204026
0,2350,5.1402774
0,2360,5.0786
0,2370,5.0189013
0,2380,4.961094
0,2390,4.9050922
0,2400,4.8508167
0,2410,4.798192
0,2420,4.747144
0,2430,4.697604
0,2440,4.6495066
0,2450,4.6027884
0,2460,4.5573893
0,2470,4.5132527
0,2480,4.4703245
0,2490,4.4285517
0,2500,4.387886
0,2510,4.34828
0,2520,4.309688
0,2530,4.272068
0,2540,4.235379
0,2550,4.199582
0,2560,4.16464
0,2570,4.130517
0,2580,4.09718
0,2590,4.0645967
0,2600,4.032736
0,2610,4.0015693
0,2620,3.9710684
0,2630,3.9412067
0,2640,3.911959
0,2650,3.883301
0,2660,3.8552096
0,2670,3.827663
0,2680,3.8006399
0,2690,3.7741206
0,2700,3.7480855
0,2710,3.722517
0,2720,3.697397
0,2730,3.6727097
0,2740,3.6484385
0,2750,3.6245685
0,2760,3.6010854
0,2770,3.5779755
0,2780,3.5552254
0,2790,3.5328224
0,2800,3.5107548
0,2810,3.4890113
0,2820,3.4675806
0,2830,3.4464524
0,2840,3.4256167
0,2850,3.405064
0,2860,3.384785
0,2870,3.3647711
0,2880,3.3450143
0,2890,30.769829
0,2900,51.552654
0,2910,59.52965
0,2920,61.747726
0,2930,61.292034
0,2940,59.626038
0,2950,57.459183
0,2960,55.132957
0,2970,52.80748
0,2980,50.55385
0,2990,48.40011
0,3000,46.35404
0,3010,44.414345
0,3020,42.57606
0,3030,40.83304
0,3040,39.17908
0,3050,37.60837
0,3060,36.115604
0,3070,34.69599
0,3080,33.345207
0,3090,32.05933
0,3100,30.834776
0,3110,29.668253
0,3120,28.556719
0,3130,27.497343
0,3140,26.487478
0,3150,25.524649
0,3160,24.606522
0,3170,23.730898
0,3180,22.8957
0,3190,22.098963
0,3200,21.338823
0,3210,20.613516
0,3220,19.921364
0,3230,19.260777
0,3240,18.63024
0,3250,18.028318
0,3260,17.453644
0,3270,16.904919
0,3280,16.380903
0,3290,15.880422
0,3300,15.402357
0,3310,14.945642
0,3320,14.509264
0,3330,14.092258
0,3340,13.693706
0,3350,13.312733
0,3360,12.948506
0,3370,12.600235
0,3380,12.267164
0,3390,11.948575
0,3400,11.6437845
0,3410,11.352142
0,3420,11.073029
0,3430,10.805851
0,3440,10.550046
0,3450,10.305083
0,3460,10.070446
0,3470,9.845653
0,3480,9.630251
0,3490,9.423783
0,3500,9.225845
0,3510,9.036041
0,3520,8.853978
0,3530,8.679307
0,3540,8.511678
0,3550,8.35076
0,3560,8.196251
0,3570,8.04784
0,3580,7.905251
0,3590,7.7682166
0,3600,7.636471
0,3610,7.5097766
0,3620,7.3878984
0,3630,7.270612
0,3640,7.15771
0,3650,7.0489874
0,3660,6.9442525
0,3670,6.8433275
0,3680,6.746031
0,3690,6.6522017
0,3700,6.5616827
0,3710,6.474319
0,3720,6.3899713
0,3730,6.3085017
0,3740,6.2297792
0,3750,6.1536827
0,3760,6.0800896
0,3770,6.008891
0,3780,5.93998
0,3790,5.8732486
0,3800,5.8086033
0,3810,5.7459526
0,3820,5.6852126
0,3830,5.626286
0,3840,5.5691004
0,3850,5.513582
0,3860,5.459662
0,3870,5.4072638
0,3880,5.3563213
0,3890,5.306775
0,3900,5.258567
0,3910,5.211638
0,3920,5.1659327
0,3930,5.121399
0,3940,5.0779867
0,3950,5.035648
0,3960,4.994341
0,3970,4.9540195
0,3980,4.9146423
0,3990,4.8761683
0,4000,4.8385644
0,4010,4.8017936
0,4020,4.765821
0,4030,4.730614
0,4040,4.696143
0,4050,4.6623793
0,4060,4.629294
0,4070,4.596861
0,4080,4.565055
0,4090,4.533852
0,4100,4.5032287
0,4110,4.4731627
0,4120,4.4436336
0,4130,4.4146223
0,4140,4.3861094
0,4150,4.358075
0,4160,4.3305025
0,4170,4.303374
0,4180,4.276673
0,4190,4.2503896
0,4200,4.224506
0,4210,4.1990075
0,4220,4.17388
0,4230,4.1491103
0,4240,4.124686
0,4250,4.1006007
0,4260,4.0768404
0,4270,4.0533934
0,4280,4.0302496
0,4290,4.0073986
0,4300,3.9848309
0,4310,3.9625418
0,4320,3.9405205
0,4330,31.362892
0,4340,52.143707
0,4350,60.11845
0,4360,62.33429
0,4370,61.87633
0,4380,60.208138
0,4390,58.0391
0,4400,55.710705
0,4410,53.38307
0,4420,51.127293
0,4430,48.97141
0,4440,46.923206
0,4450,44.981396
0,4460,43.140995
0,4470,41.395874
0,4480,39.739822
0,4490,38.167034
0,4500,36.672195
0,4510,35.25052
0,4520,33.897686
0,4530,32.609768
0,4540,31.383183
0,4550,30.214638
0,4560,29.101093
0,4570,28.039715
0,4580,27.02786
0,4590,26.06305
0,4600,25.14295
0,4610,24.265366
0,4620,23.428215
0,4630,22.629534
0,4640,21.867462
0,4650,21.14023
0,4660,20.446165
0,4670,19.783672
0,4680,19.15124
0,4690,18.547432
0,4700,17.97088
0,4710,17.420286
0,4720,16.894411
0,4730,16.39208
0,4740,15.912173
0,4750,15.453626
0,4760,15.015425
0,4770,14.596603
0,4780,14.196244
0,4790,13.813474
0,4800,13.447458
0,4810,13.097406
0,4820,12.762564
0,4830,12.442212
0,4840,12.135667
0,4850,11.842276
0,4860,11.561419
0,4870,11.292508
0,4880,11.034973
0,4890,10.788288
0,4900,10.551947
0,4910,10.32545
0,4920,10.108355
0,4930,9.900211
0,4940,9.700601
0,4950,9.509134
0,4960,9.325417
0,4970,9.149096
0,4980,8.97983
0,4990,8.817281
0,5000,8.661143
0,5010,8.511118
0,5020,8.366919
0,5030,8.228281
0,5040,8.094941
0,5050,7.966657
0,5060,7.8432007
0,5070,7.7243404
0,5080,7.609872
0,5090,7.4995914
0,5100,7.3932996
0,5110,7.2908196
0,5120,7.1919813
0,5130,7.09662
0,5140,7.004562
0,5150,6.9156685
0,5160,6.829801
0,5170,6.746829
0,5180,6.6666026
0,5190,6.58901
0,5200,6.513934
0,5210,6.441265
0,5220,6.3708906
0,5230,6.3027096
0,5240,6.2366242
0,5250,6.172539
0,5260,6.110369
0,5270,6.05003
0,5280,5.991439
0,5290,5.934516
0,5300,5.8791914
0,5310,5.825397
0,5320,5.773065
0,5330,5.7221317
0,5340,5.672537
0,5350,5.624225
0,5360,5.577142
0,5370,5.5312343
0,5380,5.486454
0,5390,5.442754
0,5400,5.4000883
0,5410,5.358415
0,5420,5.3176923
0,5430,5.277885
0,5440,5.238953
0,5450,5.200862
0,5460,5.163576
0,5470,5.127062
0,5480,5.091287
0,5490,5.056234
0,5500,5.021867
0,5510,4.9881577
0,5520,4.9550805
0,5530,4.922608
0,5540,4.8907156
0,5550,4.8593955
0,5560,4.828617
0,5570,4.7983594
0,5580,4.7686024
0,5590,4.7393265
0,5600,4.7105126
0,5610,4.682154
0,5620,4.654229
0,5630,4.626722
0,5640,4.5996175
0,5650,4.5729027
0,5660,4.5465627
0,5670,4.520589
0,5680,4.4949675
0,5690,4.469687
0,5700,4.4447355
0,5710,4.4201035
0,5720,4.3957806
0,5730,4.3717585
0,5740,4.3480268
0,5750,4.3245773
0,5760,4.3014007
0,5770,31.722528
0,5780,52.502266
0,5790,60.475872
0,5800,62.690502
0,5810,62.231316
0,5820,60.562027
0,5830,58.391926
0,5840,56.062454
0,5850,53.733723
0,5860,51.476864
0,5870,49.319904
0,5880,47.270626
0,5890,45.32773
0,5900,43.48625
0,5910,41.740047
0,5920,40.082924
0,5930,38.509064
0,5940,37.013157
0,5950,35.590424
0,5960,34.23653
0,5970,32.94756
0,5980,31.719925
0,5990,30.550339
0,6000,29.435753
0,6010,28.37334
0,6020,27.360456
0,6030,26.394619
0,6040,25.473497
0,6050,24.594894
0,6060,23.756731
0,6070,22.957043
0,6080,22.193966
0,6090,21.465734
0,6100,20.770672
0,6110,20.107187
0,6120,19.473768
0,6130,18.868977
0,6140,18.291445
0,6150,17.739874
0,6160,17.213028
0,6170,16.70973
0,6180,16.22886
0,6190,15.769354
0,6200,15.330197
0,6210,14.910425
0,6220,14.509119
0,6230,14.125404
0,6240,13.75845
0,6250,13.407462
0,6260,13.071683
0,6270,12.750398
0,6280,12.442921
0,6290,12.148596
0,6300,11.866817
0,6310,11.596981
0,6320,11.3385315
0,6330,11.090946
0,6340,10.853695
0,6350,10.626308
0,6360,10.408323
0,6370,10.19929
0,6380,9.998802
0,6390,9.806451
0,6400,9.621859
0,6410,9.44467
0,6420,9.274528
0,6430,9.111113
0,6440,8.954113
0,6450,8.803224
0,6460,8.65817
0,6470,8.518675
0,6480,8.384484
0,6490,8.255358
0,6500,8.131053
0,6510,8.0113535
0,6520,7.8960495
0,6530,7.7849336
0,6540,7.6778197
0,6550,7.574522
0,6560,7.4748654
0,6570,7.3786883
0,6580,7.2858267
0,6590,7.196134
0,6600,7.109467
0,6610,7.0256824
0,6620,6.944655
0,6630,6.866263
0,6640,6.79039
0,6650,6.7169113
0,6660,6.6457286
0,6670,6.5767426
0,6680,6.509862
0,6690,6.444978
0,6700,6.3820124
0,6710,6.320881
0,6720,6.2615056
0,6730,6.203807
0,6740,6.1477118
0,6750,6.093151
0,6760,6.040056
0,6770,5.988367
0,6780,5.938023
0,6790,5.8889647
0,6800,5.841136
0,6810,5.7944856
0,6820,5.748966
0,6830,5.7045283
0,6840,5.6611266
0,6850,5.6187186
0,6860,5.5772643
0,6870,5.536724
0,6880,5.497061
0,6890,5.45824
0,6900,5.420227
0,6910,5.38299
0,6920,5.346498
0,6930,5.310722
0,6940,5.2756352
0,6950,5.241211
0,6960,5.2074227
0,6970,5.1742454
0,6980,5.141656
0,6990,5.1096296
0,7000,5.078154
0,7010,5.047204
0,7020,5.0167594
0,7030,4.986801
0,7040,4.9573097
0,7050,4.9282675
0,7060,4.8996677
0,7070,4.8714895
0,7080,4.843718
0,7090,4.816338
0,7100,4.7893353
0,7110,4.7626963
0,7120,4.736416
0,7130,4.7104783
0,7140,4.6848726
0,7150,4.6595874
0,7160,4.634613
0,7170,4.609939
0,7180,4.5855594
0,7190,4.561463
0,7200,4.537642
0,7210,31.958126
0,7220,52.737225
0,7230,60.710197
0,7240,62.924194
0,7250,62.46438
0,7260,60.79446
0,7270,58.62373
0,7280,56.293613
0,7290,53.964256
0,7300,51.706783
0,7310,49.549206
0,7320,47.499313
0,7330,45.555805
0,7340,43.71372
0,7350,41.96691
0,7360,40.30918
0,7370,38.734715
0,7380,37.238205
0,7390,35.81487
0,7400,34.460377
0,7410,33.17081
0,7420,31.942581
0,7430,30.772402
0,7440,29.657227
0,7450,28.594227
0,7460,27.580755
0,7470,26.614334
0,7480,25.692633
0,7490,24.81345
0,7500,23.974709
0,7510,23.174444
0,7520,22.410793
0,7530,21.68199
0,7540,20.986359
0,7550,20.322308
0,7560,19.688322
0,7570,19.082968
0,7580,18.504875
0,7590,17.952745
0,7600,17.425343
0,7610,16.921486
0,7620,16.440058
0,7630,15.97999
0,7640,15.540265
0,7650,15.119936
0,7660,14.718057
0,7670,14.333777
0,7680,13.966267
0,7690,13.614717
0,7700,13.278396
0,7710,12.956565
0,7720,12.648552
0,7730,12.353707
0,7740,12.0714
0,7750,11.801051
0,7760,11.542089
0,7770,11.2939825
0,7780,11.056226
0,7790,10.828324
0,7800,10.609826
0,7810,10.400285
0,7820,10.199282
0,7830,10.006425
0,7840,9.821323
0,7850,9.643624
0,7860,9.4729805
0,7870,9.30906
0,7880,9.151559
0,7890,9.00017
0,7900,8.854615
0,7910,8.714624
0,7920,8.579938
0,7930,8.450316
0,7940,8.325515
0,7950,8.2053175
0,7960,8.089515
0,7970,7.9779105
0,7980,7.870295
0,7990,7.766498
0,8000,7.66635
0,8010,7.5696864
0,8020,7.476337
0,8030,7.3861604
0,8040,7.2990146
0,8050,7.214763
0,8060,7.133272
0,8070,7.0544195
0,8080,6.978084
0,8090,6.904155
0,8100,6.832526
0,8110,6.763092
0,8120,6.695754
0,8130,6.63042
0,8140,6.5670047
0,8150,6.5054207
0,8160,6.445587
0,8170,6.3874297
0,8180,6.330875
0,8190,6.275854
0,8200,6.222301
0,8210,6.170153
0,8220,6.11935
0,8230,6.069835
0,8240,6.021553
0,8250,5.974455
0,8260,5.92849
0,8270,5.8836107
0,8280,5.839771
0,8290,5.7969255
0,8300,5.755032
0,8310,5.714065
0,8320,5.673979
0,8330,5.634736
0,8340,5.5963016
0,8350,5.5586405
0,8360,5.521719
0,8370,5.4855256
0,8380,5.4500217
0,8390,5.4151793
0,8400,5.380971
0,8410,5.347371
0,8420,5.31435
0,8430,5.2818823
0,8440,5.2499647
0,8450,5.21856
0,8460,5.187673
0,8470,5.1572666
0,8480,5.1273417
0,8490,5.097869
0,8500,5.068849
0,8510,5.0402575
0,8520,5.012075
0,8530,4.984291
0,8540,4.9568887
0,8550,4.929853
0,8560,4.903171
0,8570,4.876842
0,8580,4.8508463
0,8590,4.82517
0,8600,4.7998
0,8610,4.7747436
0,8620,4.74998
0,8630,4.7254977
0,8640,4.701287
0,8650,32.12138
0,8660,52.900085
0,8670,60.872665
0,8680,63.08637
0,8690,62.626324
0,8700,60.95597
0,8710,58.784786
0,8720,56.45426
0,8730,54.12451
0,8740,51.866623
0,8750,49.708645
0,8760,47.65834
0,8770,45.71444
0,8780,43.871967
0,8790,42.12478
0,8800,40.466675
0,8810,38.891834
0,8820,37.394955
0,8830,35.971245
0,8840,34.616383
0,8850,33.326447
0,8860,32.09785
0,8870,30.927305
0,8880,29.811766
0,8890,28.7484
0,8900,27.734566
0,8910,26.767784
0,8920,25.84572
0,8930,24.966177
0,8940,24.127077
0,8950,23.326456
0,8960,22.562449
0,8970,21.83329
0,8980,21.137304
0,8990,20.472898
0,9000,19.838562
0,9010,19.232857
0,9020,18.654413
0,9030,18.101934
0,9040,17.574184
0,9050,17.069983
0,9060,16.588215
0,9070,16.127813
0,9080,15.687763
0,9090,15.2671
0,9100,14.864904
0,9110,14.480301
0,9120,14.112458
0,9130,13.760579
0,9140,13.423922
0,9150,13.101752
0,9160,12.793402
0,9170,12.498216
0,9180,12.215571
0,9190,11.944887
0,9200,11.685588
0,9210,11.437151
0,9220,11.19906
0,9230,10.97083
0,9240,10.752004
0,9250,10.542132
0,9260,10.340806
0,9270,10.147617
0,9280,9.962193
0,9290,9.784169
0,9300,9.613199
0,9310,9.44896
0,9320,9.291133
0,9330,9.139424
0,9340,8.99355
0,9350,8.85324
0,9360,8.718238
0,9370,8.588296
0,9380,8.463184
0,9390,8.342679
0,9400,8.226569
0,9410,8.114653
0,9420,8.006733
0,9430,7.902631
0,9440,7.802176
0,9450,7.7051992
0,9460,7.611535
0,9470,7.521043
0,9480,7.4335837
0,9490,7.3490167
0,9500,7.267206
0,9510,7.1880355
0,9520,7.1113887
0,9530,7.0371513
0,9540,6.965214
0,9550,6.895475
0,9560,6.8278356
0,9570,6.7622056
0,9580,6.6984954
0,9590,6.6366186
0,9600,6.576493
0,9610,6.5180445
0,9620,6.461201
0,9630,6.405891
0,9640,6.352048
0,9650,6.29961
0,9660,6.248517
0,9670,6.1987123
0,9680,6.1501412
0,9690,6.102752
0,9700,6.056495
0,9710,6.0113235
0,9720,5.9671917
0,9730,5.9240594
0,9740,5.8818846
0,9750,5.8406277
0,9760,5.8002505
0,9770,5.7607164
0,9780,5.7219906
0,9790,5.6840506
0,9800,5.6468596
0,9810,5.6103864
0,9820,5.574602
0,9830,5.5394773
0,9840,5.504985
0,9850,5.4711156
0,9860,5.437836
0,9870,5.4051237
0,9880,5.3729563
0,9890,5.3413115
0,9900,5.310169
0,9910,5.279522
0,9920,5.2493453
0,9930,5.219622
0,9940,5.190336
0,9950,5.161472
0,9960,5.1330147
0,9970,5.1049542
0,9980,5.0772753
0,9990,5.049965
0,10000,5.023011
0,10010,4.9964027
0,10020,4.970128
0,10030,4.9441786
0,10040,4.918543
0,10050,4.8932114
0,10060,4.8681746
0,10070,4.843424
0,10080,4.81895
0,10090,32.23907
0,10100,53.017223
0,10110,60.98955
0,10120,63.202995
0,10130,62.742657
0,10140,61.072075
0,10150,58.900654
0,10160,56.56988
0,10170,54.23988
0,10180,51.98174
0,10190,49.82351
0,10200,47.77297
0,10210,45.82882
0,10220,43.9861
0,10230,42.238663
0,10240,40.580307
0,10250,39.005222
0,10260,37.508095
0,10270,36.084145
0,10280,34.72904
0,10290,33.438858
0,10300,32.21002
0,10310,31.03923
0,10320,29.923449
0,10330,28.859842
0,10340,27.845766
0,10350,26.878744
0,10360,25.956442
0,10370,25.07666
0,10380,24.237322
0,10390,23.436462
0,10400,22.672218
0,10410,21.942823
0,10420,21.246603
0,10430,20.581963
0,10440,19.947392
0,10450,19.341452
0,10460,18.762775
0,10470,18.210064
0,10480,17.682081
0,10490,17.17765
0,10500,16.69565
0,10510,16.235018
0,10520,15.794738
0,10530,15.373846
0,10540,14.971424
0,10550,14.586597
0,10560,14.2185335
0,10570,13.866441
0,10580,13.529564
0,10590,13.207183
0,10600,12.898615
0,10610,12.603208
0,10620,12.320346
0,10630,12.049434
0,10640,11.789917
0,10650,11.541253
0,10660,11.30294
0,10670,11.07449
0,10680,10.855439
0,10690,10.64535
0,10700,10.443802
0,10710,10.250397
0,10720,10.064753
0,10730,9.886512
0,10740,9.715324
0,10750,9.550867
0,10760,9.392823
0,10770,9.240899
0,10780,9.094809
0,10790,8.954283
0,10800,8.819066
0,10810,8.6889105
0,10820,8.563584
0,10830,8.4428625
0,10840,8.326536
0,10850,8.214407
0,10860,8.106275
0,10870,8.001961
0,10880,7.9012957
0,10890,7.8041124
0,10900,7.710249
0,10910,7.6195583
0,10920,7.5318995
0,10930,7.4471326
0,10940,7.365128
0,10950,7.285761
0,10960,7.208914
0,10970,7.1344748
0,10980,7.0623336
0,10990,6.992388
0,11000,6.924543
0,11010,6.858704
0,11020,6.7947826
0,11030,6.732695
0,11040,6.672362
0,11050,6.6137056
0,11060,6.556655
0,11070,6.5011396
0,11080,6.4470944
0,11090,6.394456
0,11100,6.3431635
0,11110,6.2931604
0,11120,6.2443953
0,11130,6.1968145
0,11140,6.1503673
0,11150,6.1050053
0,11160,6.060682
0,11170,6.0173535
0,11180,5.9749913
0,11190,5.933547
0,11200,5.8929834
0,11210,5.853262
0,11220,5.8143473
0,11230,5.7762065
0,11240,5.7388215
0,11250,5.7021537
0,11260,5.666174
0,11270,5.6308537
0,11280,5.596166
0,11290,5.562086
0,11300,5.528603
0,11310,5.495687
0,11320,5.463317
0,11330,5.431473
0,11340,5.400135
0,11350,5.3692856
0,11360,5.3389096
0,11370,5.30899
0,11380,5.279511
0,11390,5.250457
0,11400,5.221814
0,11410,5.193568
0,11420,5.1657066
0,11430,5.138216
0,11440,5.111084
0,11450,5.084298
0,11460,5.0578475
0,11470,5.03172
0,11480,5.005911
0,11490,4.980406
0,11500,4.955196
0,11510,4.930271
0,11520,4.9056215
0,11530,4.8812394
0,11540,4.857123
0,11550,4.8332596
0,11560,4.8096433
0,11570,4.7862663
0,11580,4.763123
0,11590,4.7402067
0,11600,4.7175126
0,11610,4.6950355
0,11620,4.672769
0,11630,4.650709
0,11640,4.628851
0,11650,4.6071897
0,11660,4.585719
0,11670,4.5644364
0,11680,4.5433373
0,11690,4.5224175
0,11700,4.501673
0,11710,4.4811
0,11720,4.4606957
0,11730,4.4404554
0,11740,4.4203753
0,11750,4.4004526
0,11760,4.3806834
0,11770,4.3610644
0,11780,4.3415956
0,11790,4.322272
0,11800,4.3030906
0,11810,4.284049
0,11820,4.265145
0,11830,4.246375
0,11840,4.22774
0,11850,4.2092347
0,11860,4.190859
0,11870,4.1726103
0,11880,4.1544867
0,11890,4.136487
0,11900,4.118608
0,11910,4.1008487
0,11920,4.0832076
0,11930,4.065684
0,11940,4.048275
0,11950,4.0309796
0,11960,4.013796
0,11970,3.9967227
0,11980,3.9797585
0,11990,3.9629016
0,12000,3.9461505
0,12010,3.929504
0,12020,3.9129615
0,12030,3.896521
0,12040,3.8801813
0,12050,3.863941
0,12060,3.8477988
0,12070,3.8317537
0,12080,3.8158054
0,12090,3.7999525
0,12100,3.784194
0,12110,3.7685285
0,12120,3.7529557
0,12130,3.7374742
0,12140,3.7220833
0,12150,3.7067823
0,12160,3.6915703
0,12170,3.6764467
0,12180,3.6614106
0,12190,3.6464615
0,12200,3.6315978
0,12210,3.6168191
0,12220,3.602125
0,12230,3.5875142
0,12240,3.5729864
0,12250,3.5585403
0,12260,3.544176
0,12270,3.5298922
0,12280,3.5156882
0,12290,3.5015633
0,12300,3.4875164
0,12310,3.4735475
0,12320,3.459656
0,12330,3.445841
0,12340,3.432102
0,12350,3.4184382
0,12360,3.404849
0,12370,3.391334
0,12380,3.3778927
0,12390,3.3645244
0,12400,3.3512287
0,12410,3.3380048
0,12420,3.3248527
0,12430,3.3117714
0,12440,3.2987607
0,12450,3.2858195
0,12460,3.272948
0,12470,3.2601454
0,12480,3.2474115
0,12490,3.2347455
0,12500,3.2221467
0,12510,3.2096152
0,12520,3.1971502
0,12530,3.184751
0,12540,3.1724176
0,12550,3.1601493
0,12560,3.147946
0,12570,3.1358063
0,12580,3.123731
0,12590,3.1117187
0,12600,3.099769
0,12610,3.0878823
0,12620,3.0760574
0,12630,3.0642943
0,12640,3.0525923
0,12650,3.040951
0,12660,3.0293703
0,12670,3.0178494
0,12680,3.0063884
0,12690,2.9949865
0,12700,2.9836435
0,12710,2.972359
0,12720,2.9611323
0,12730,2.9499636
0,12740,2.9388523
0,12750,2.9277978
0,12760,2.9168
0,12770,2.9058583
0,12780,2.8949728
0,12790,2.8841426
0,12800,2.8733675
0,12810,2.8626475
0,12820,2.8519819
0,12830,2.8413703
0,12840,2.8308127
0,12850,2.8203082
0,12860,2.8098571
0,12870,2.7994587
0,12880,2.7891128
0,12890,2.7788188
0,12900,2.7685769
0,12910,2.7583861
0,12920,2.7482467
0,12930,2.7381582
0,12940,2.72812
0,12950,2.718132
0,12960,2.708194
0,12970,2.6983056
0,12980,2.6884663
0,12990,2.6786761
0,13000,2.6689346
0,13010,2.6592414
0,13020,2.6495962
0,13030,2.639999
0,13040,2.630449
0,13050,2.6209464
0,13060,2.6114907
0,13070,2.6020815
0,13080,2.5927188
0,13090,2.5834022
0,13100,2.5741313
0,13110,2.5649056
0,13120,2.5557256
0,13130,2.5465903
0,13140,2.5375
0,13150,2.5284536
0,13160,2.5194516
0,13170,2.5104935
0,13180,2.501579
0,13190,2.492708
0,13200,2.4838798
0,13210,2.4750946
0,13220,2.466352
0,13230,2.4576516
0,13240,2.4489934
0,13250,2.440377
0,13260,2.4318023
0,13270,2.4232688
0,13280,2.4147763
0,13290,2.4063246
0,13300,2.3979137
0,13310,2.3895428
0,13320,2.3812122
0,13330,2.3729217
0,13340,2.3646705
0,13350,2.356459
0,13360,2.3482864
0,13370,2.340153
0,13380,2.3320582
0,13390,2.3240018
0,13400,2.3159838
0,13410,2.3080037
0,13420,2.3000615
0,13430,2.2921567
0,13440,2.2842896
0,13450,2.2764595
0,13460,2.2686663
0,13470,2.2609098
0,13480,2.2531898
0,13490,2.245506
0,13500,2.2378583
0,13510,2.2302465
0,13520,2.2226706
0,13530,2.2151299
0,13540,2.2076244
0,13550,2.200154
0,13560,2.1927185
0,13570,2.1853175
0,13580,2.177951
0,13590,2.1706188
0,13600,2.1633208
0,13610,2.1560564
0,13620,2.1488256
0,13630,2.1416283
0,13640,2.1344643
0,13650,2.1273334
0,13660,2.1202352
0,13670,2.11317
0,13680,2.106137
0,13690,2.0991364
0,13700,2.092168
0,13710,2.0852315
0,13720,2.0783267
0,13730,2.0714536
0,13740,2.064612
0,13750,2.0578012
0,13760,2.0510218
0,13770,2.0442731
0,13780,2.0375552
0,13790,2.0308678
0,13800,2.0242107
0,13810,2.0175838
0,13820,2.0109868
0,13830,2.0044198
0,13840,1.9978824
0,13850,1.9913744
0,13860,1.9848958
0,13870,1.9784464
0,13880,1.9720259
0,13890,1.9656342
0,13900,1.9592712
0,13910,1.9529368
0,13920,1.9466306
0,13930,1.9403527
0,13940,1.9341028
0,13950,1.9278808
0,13960,1.9216864
0,13970,1.9155197
0,13980,1.9093803
0,13990,1.9032682
0,14000,1.8971832
0,14010,1.8911251
0,14020,1.8850938
0,14030,1.8790892
0,14040,1.873111
0,14050,1.8671592
0,14060,1.8612337
0,14070,1.8553342
0,14080,1.8494606
0,14090,1.8436128
0,14100,1.8377905
0,14110,1.8319938
0,14120,1.8262224
0,14130,1.8204763
0,14140,1.8147551
0,14150,1.8090589
0,14160,1.8033875
0,14170,1.7977408
0,14180,1.7921185
0,14190,1.7865207
0,14200,1.7809471
0,14210,1.7753975
0,14220,1.7698721
0,14230,1.7643704
0,14240,1.7588924
0,14250,1.7534381
0,14260,1.7480072
0,14270,1.7425996
0,14280,1.7372153
0,14290,1.731854
0,14300,1.7265157
0,14310,1.7212001
0,14320,1.7159072
0,14330,1.710637
0,14340,1.7053893
0,14350,1.7001638
0,14360,1.6949606
0,14370,1.6897794
0,14380,1.6846203
0,14390,1.6794829
0,14400,1.6743673
0,14410,1.6692734
0,14420,1.6642009
0,14430,1.6591498
0,14440,1.65412
0,14450,1.6491113
0,14460,1.6441237
0,14470,1.6391569
0,14480,1.6342111
0,14490,1.6292859
0,14500,1.6243813
0,14510,1.6194972
0,14520,1.6146334
0,14530,1.60979
0,14540,1.6049666
0,14550,1.6001633
0,14560,1.59538
0,14570,1.5906165
0,14580,1.5858727
0,14590,1.5811485
0,14600,1.5764439
0,14610,1.5717586
0,14620,1.5670928
0,14630,1.562446
0,14640,1.5578184
0,14650,1.5532099
0,14660,1.5486201
0,14670,1.5440493
0,14680,1.5394971
0,14690,1.5349635
0,14700,1.5304484
0,14710,1.5259517
0,14720,1.5214734
0,14730,1.5170133
0,14740,1.5125713
0,14750,1.5081474
0,14760,1.5037413
0,14770,1.499353
0,14780,1.4949826
0,14790,1.4906298
0,14800,1.4862945
0,14810,1.4819767
0,14820,1.4776764
0,14830,1.4733932
0,14840,1.4691273
0,14850,1.4648784
0,14860,1.4606466
0,14870,1.4564317
0,14880,1.4522338
0,14890,1.4480525
0,14900,1.4438878
0,14910,1.4397398
0,14920,1.4356083
0,14930,1.4314932
0,14940,1.4273943
0,14950,1.4233117
0,14960,1.4192454
0,14970,1.415195
0,14980,1.4111606
0,14990,1.4071422
0,15000,1.4031396
0,15010,1.3991526
0,15020,1.3951814
0,15030,1.3912258
0,15040,1.3872857
0,15050,1.383361
0,15060,1.3794516
0,15070,1.3755575
0,15080,1.3716787
0,15090,1.3678149
0,15100,1.3639661
0,15110,1.3601323
0,15120,1.3563133
0,15130,1.3525093
0,15140,1.34872
0,15150,1.3449452
0,15160,1.3411851
0,15170,1.3374394
0,15180,1.3337083
0,15190,1.3299913
0,15200,1.3262888
0,15210,1.3226005
0,15220,1.3189263
0,15230,1.3152663
0,15240,1.3116201
0,15250,1.3079879
0,15260,1.3043697
0,15270,1.3007652
0,15280,1.2971743
0,15290,1.2935972
0,15300,1.2900337
0,15310,1.2864836
0,15320,1.2829471
0,15330,1.2794238
0,15340,1.275914
0,15350,1.2724173
0,15360,1.2689339
0,15370,1.2654636
0,15380,1.2620063
0,15390,1.2585621
0,15400,1.2551308
0,15410,1.2517122
0,15420,1.2483065
0,15430,1.2449136
0,15440,1.2415333
0,15450,1.2381656
0,15460,1.2348105
0,15470,1.2314678
0,15480,1.2281376
0,15490,1.2248198
0,15500,1.2215142
0,15510,1.218221
0,15520,1.2149398
0,15530,1.2116708
0,15540,1.2084138
0,15550,1.205169
0,15560,1.2019359
0,15570,1.1987147
0,15580,1.1955055
0,15590,1.192308
0,15600,1.1891222
0,15610,1.185948
0,15620,1.1827855
0,15630,1.1796345
0,15640,1.176495
0,15650,1.1733669
0,15660,1.1702502
0,15670,1.1671448
0,15680,1.1640507
0,15690,1.1609678
0,15700,1.157896
0,15710,1.1548353
0,15720,1.1517857
0,15730,1.1487472
0,15740,1.1457195
0,15750,1.1427028
0,15760,1.1396968
0,15770,1.1367017
0,15780,1.1337173
0,15790,1.1307436
0,15800,1.1277806
0,15810,1.124828
0,15820,1.121886
0,15830,1.1189545
0,15840,1.1160336
0,15850,1.1131228
0,15860,1.1102226
0,15870,1.1073325
0,15880,1.1044526
0,15890,1.101583
0,15900,1.0987235
0,15910,1.0958742
0,15920,1.0930347
0,15930,1.0902054
0,15940,1.087386
0,15950,1.0845765
0,15960,1.0817769
0,15970,1.078987
0,15980,1.0762069
0,15990,1.0734366
0,16000,1.0706758
0,16010,1.0679249
0,16020,1.0651834
0,16030,1.0624514
0,16040,1.059729
0,16050,1.0570159
0,16060,1.0543123
0,16070,1.0516181
0,16080,1.0489331
0,16090,1.0462575
0,16100,1.043591
0,16110,1.0409338
0,16120,1.0382857
0,16130,1.0356468
0,16140,1.0330168
0,16150,1.0303959
0,16160,1.027784
0,16170,1.0251809
0,16180,1.0225868
0,16190,1.0200015
0,16200,1.0174252
0,16210,1.0148574
0,16220,1.0122986
0,16230,1.0097482
0,16240,1.0072067
0,16250,1.0046737
0,16260,1.0021492
0,16270,0.9996334
0,16280,0.997126
0,16290,0.99462706
0,16300,0.99213654
0,16310,0.9896544
0,16320,0.98718065
0,16330,0.98471516
0,16340,0.9822579
0,16350,0.9798089
0,16360,0.9773681
0,16370,0.9749355
0,16380,0.97251093
0,16390,0.97009444
0,16400,0.96768606
0,16410,0.96528566
0,16420,0.96289325
0,16430,0.9605087
0,16440,0.95813215
0,16450,0.9557634
0,16460,0.9534025
0,16470,0.9510494
0,16480,0.94870406
0,16490,0.9463664
0,16500,0.9440365
0,16510,0.9417142
0,16520,0.93939954
0,16530,0.9370925
0,16540,0.934793
0,16550,0.93250096
0,16560,0.9302165
0,16570,0.9279394
0,16580,0.9256698
0,16590,0.92340755
0,16600,0.92115265
0,16610,0.9189051
0,16620,0.91666484
0,16630,0.9144318
0,16640,0.91220605
0,16650,0.90998745
0,16660,0.907776
0,16670,0.9055717
0,16680,0.90337455
0,16690,0.90118444
0,16700,0.8990013
0,16710,0.89682525
0,16720,0.8946562
0,16730,0.892494
0,16740,0.8903388
0,16750,0.88819045
0,16760,0.8860489
0,16770,0.8839143
0,16780,0.8817864
0,16790,0.8796653
0,16800,0.87755096
0,16810,0.8754433
0,16820,0.87334234
0,16830,0.871248
0,16840,0.8691603
0,16850,0.8670792
0,16860,0.86500466
0,16870,0.8629367
0,16880,0.8608752
0,16890,0.8588202
0,16900,0.85677165
0,16910,0.85472953
0,16920,0.8526938
0,16930,0.85066444
0,16940,0.84864146
0,16950,0.8466248
0,16960,0.8446144
0,16970,0.84261024
0,16980,0.84061235
0,16990,0.83862066
0,17000,0.8366352
0,17010,0.8346558
0,17020,0.8326826
0,17030,0.83071554
0,17040,0.8287545
0,17050,0.8267995
0,17060,0.82485056
0,17070,0.8229076
0,17080,0.8209707
0,17090,0.8190397
0,17100,0.81711465
0,17110,0.81519544
0,17120,0.8132822
0,17130,0.8113747
0,17140,0.80947316
0,17150,0.8075774
0,17160,0.8056873
0,17170,0.8038031
0,17180,0.8019245
0,17190,0.80005175
0,17200,0.79818463
0,17210,0.7963231
0,17220,0.79446733
0,17230,0.7926171
0,17240,0.7907725
0,17250,0.78893346
0,17260,0.78709996
0,17270,0.78527194
0,17280,0.7834495
0,17290,0.7816325
0,17300,0.779821
0,17310,0.77801484
0,17320,0.7762142
0,17330,0.77441883
0,17340,0.7726289
0,17350,0.77084434
0,17360,0.769065
0,17370,0.76729107
0,17380,0.76552236
0,17390,0.76375896
0,17400,0.76200074
0,17410,0.76024777
0,17420,0.7585
0,17430,0.7567574
0,17440,0.75501996
0,17450,0.7532876
0,17460,0.7515604
0,17470,0.7498383
0,17480,0.7481212
0,17490,0.74640924
0,17500,0.7447023
0,17510,0.7430003
0,17520,0.7413033
0,17530,0.7396113
0,17540,0.7379243
0,17550,0.7362422
0,17560,0.73456496
0,17570,0.73289263
0,17580,0.73122513
0,17590,0.7295626
0,17600,0.7279048
0,17610,0.72625184
0,17620,0.72460365
0,17630,0.7229603
0,17640,0.72132164
0,17650,0.71968776
0,17660,0.7180586
0,17670,0.7164341
0,17680,0.71481436
0,17690,0.7131992
0,17700,0.71158874
0,17710,0.7099829
0,17720,0.7083816
0,17730,0.70678496
0,17740,0.70519286
0,17750,0.70360535
0,17760,0.7020224
0,17770,0.70044386
0,17780,0.6988699
0,17790,0.69730043
0,17800,0.6957354
0,17810,0.6941748
0,17820,0.69261867
0,17830,0.6910669
0,17840,0.6895196
0,17850,0.68797666
0,17860,0.6864381
0,17870,0.68490386
0,17880,0.6833739
0,17890,0.68184835
0,17900,0.68032706
0,17910,0.67881
0,17920,0.67729723
0,17930,0.67578876
0,17940,0.67428446
0,17950,0.67278445
0,17960,0.67128855
0,17970,0.6697969
0,17980,0.6683094
0,17990,0.666826
0,18000,0.6653468
0,18010,0.6638717
0,18020,0.66240066
0,18030,0.6609338
0,18040,0.6594709
0,18050,0.65801215
0,18060,0.6565574
0,18070,0.6551067
0,18080,0.65366
0,18090,0.65221727
0,18100,0.6507786
0,18110,0.64934385
0,18120,0.64791304
0,18130,0.64648616
0,18140,0.6450632
0,18150,0.64364415
0,18160,0.642229
0,18170,0.64081776
0,18180,0.6394104
0,18190,0.6380068
0,18200,0.6366071
0,18210,0.6352112
0,18220,0.6338191
0,18230,0.63243085
0,18240,0.6310463
0,18250,0.62966555
0,18260,0.62828857
0,18270,0.6269153
0,18280,0.62554574
0,18290,0.62417996
0,18300,0.6228178
0,18310,0.62145936
0,18320,0.62010455
0,18330,0.61875343
0,18340,0.61740595
0,18350,0.6160621
0,18360,0.6147219
0,18370,0.61338526
0,18380,0.6120522
0,18390,0.6107227
0,18400,0.6093968
0,18410,0.6080744
0,18420,0.6067556
0,18430,0.6054403
0,18440,0.60412854
0,18450,0.6028203
0,18460,0.6015155
0,18470,0.6002141
0,18480,0.5989163
0,18490,0.59762186
0,18500,0.5963309
0,18510,0.5950433
0,18520,0.5937592
0,18530,0.59247845
0,18540,0.59120107
0,18550,0.58992714
0,18560,0.5886565
0,18570,0.58738923
0,18580,0.5861253
0,18590,0.5848647
0,18600,0.58360744
0,18610,0.5823534
0,18620,0.5811027
0,18630,0.5798553
0,18640,0.5786112
0,18650,0.57737035
0,18660,0.5761327
0,18670,0.5748983
0,18680,0.5736671
0,18690,0.57243913
0,18700,0.5712144
0,18710,0.56999284
0,18720,0.5687744
0,18730,0.5675592
0,18740,0.5663471
0,18750,0.56513816
0,18760,0.56393236
0,18770,0.5627297
0,18780,0.5615301
0,18790,0.56033367
0,18800,0.5591403
0,18810,0.55795
0,18820,0.5567628
0,18830,0.55557865
0,18840,0.5543975
0,18850,0.55321944
0,18860,0.5520444
0,18870,0.5508723
0,18880,0.5497033
0,18890,0.54853725
0,18900,0.54737425
0,18910,0.54621416
0,18920,0.54505706
0,18930,0.5439029
0,18940,0.54275167
0,18950,0.5416034
0,18960,0.540458
0,18970,0.5393156
0,18980,0.53817606
0,18990,0.53703946
0,19000,0.53590566
0,19010,0.5347748
0,19020,0.53364676
0,19030,0.5325216
0,19040,0.5313993
0,19050,0.5302798
0,19060,0.5291632
0,19070,0.52804935
0,19080,0.5269383
0,19090,0.5258301
0,19100,0.52472466
0,19110,0.523622
0,19120,0.5225221
0,19130,0.521425
0,19140,0.5203306
0,19150,0.51923895
0,19160,0.5181501
0,19170,0.5170639
0,19180,0.5159804
0,19190,0.5148997
0,19200,0.5138216
0,19210,0.5127463
0,19220,0.51167357
0,19230,0.51060355
0,19240,0.5095362
0,19250,0.5084715
0,19260,0.5074094
0,19270,0.50635
0,19280,0.5052932
0,19290,0.504239
0,19300,0.5031874
0,19310,0.5021385
0,19320,0.5010921
0,19330,0.5000483
0,19340,0.49900708
0,19350,0.4979684
0,19360,0.49693233
0,19370,0.49589878
0,19380,0.49486777
0,19390,0.4938393
0,19400,0.49281335
0,19410,0.49178994
0,19420,0.49076903
0,19430,0.4897506
0,19440,0.48873466
0,19450,0.48772123
0,19460,0.48671028
0,19470,0.48570177
0,19480,0.48469573
0,19490,0.48369217
0,19500,0.48269102
0,19510,0.48169234
0,19520,0.48069605
0,19530,0.4797022
0,19540,0.47871077
0,19550,0.47772175
0,19560,0.47673512
0,19570,0.4757509
0,19580,0.47476903
0,19590,0.47378954
0,19600,0.47281244
0,19610,0.4718377
0,19620,0.47086528
0,19630,0.46989524
0,19640,0.46892753
0,19650,0.46796215
0,19660,0.46699908
0,19670,0.46603832
0,19680,0.4650799
0,19690,0.46412376
0,19700,0.46316993
0,19710,0.46221837
0,19720,0.46126908
0,19730,0.46032208
0,19740,0.45937735
0,19750,0.45843488
0,19760,0.45749465
0,19770,0.45655668
0,19780,0.45562094
0,19790,0.45468742
0,19800,0.45375612
0,19810,0.45282707
0,19820,0.45190018
0,19830,0.45097554
0,19840,0.45005307
0,19850,0.4491328
0,19860,0.4482147
0,19870,0.4472988
0,19880,0.44638506
0,19890,0.44547346
0,19900,0.44456404
0,19910,0.44365674
0,19920,0.44275162
0,19930,0.4418486
0,19940,0.44094774
0,19950,0.440049
0,19960,0.43915236
0,19970,0.43825784
0,19980,0.43736544
0,19990,0.4364751
0,20000,0.43558687
0,20010,0.43470073
0,20020,0.43381667
0,20030,0.43293467
0,20040,0.43205476
0,20050,0.43117687
0,20060,0.43030104
0,20070,0.4294273
0,20080,0.42855555
0,20090,0.42768586
0,20100,0.4268182
0,20110,0.42595255
0,20120,0.4250889
0,20130,0.4242273
0,20140,0.42336768
0,20150,0.42251006
0,20160,0.42165443
0,20170,0.4208008
0,20180,0.41994914
0,20190,0.41909948
0,20200,0.41825175
0,20210,0.417406
0,20220,0.4165622
0,20230,0.41572037
0,20240,0.41488045
0,20250,0.4140425
0,20260,0.4132065
0,20270,0.41237238
0,20280,0.4115402
0,20290,0.41070995
0,20300,0.4098816
0,20310,0.40905517
0,20320,0.40823063
0,20330,0.40740797
0,20340,0.4065872
0,20350,0.40576833
0,20360,0.40495133
0,20370,0.4041362
0,20380,0.40332296
0,20390,0.40251154
0,20400,0.40170202
0,20410,0.4008943
0,20420,0.40008846
0,20430,0.39928445
0,20440,0.3984823
0,20450,0.39768195
0,20460,0.39688343
0,20470,0.39608672
0,20480,0.39529184
0,20490,0.39449874
0,20500,0.39370745
0,20510,0.392918
0,20520,0.3921303
0,20530,0.3913444
0,20540,0.39056027
0,20550,0.38977793
0,20560,0.38899735
0,20570,0.38821855
0,20580,0.38744152
0,20590,0.3866662
0,20600,0.3858927
0,20610,0.3851209
0,20620,0.38435084
0,20630,0.38358253
0,20640,0.38281596
0,20650,0.3820511
0,20660,0.38128796
0,20670,0.38052657
0,20680,0.37976685
0,20690,0.37900886
0,20700,0.37825257
0,20710,0.37749797
0,20720,0.37674507
0,20730,0.37599388
0,20740,0.37524432
0,20750,0.3744965
0,20760,0.3737503
0,20770,0.3730058
0,20780,0.37226295
0,20790,0.37152177
0,20800,0.37078223
0,20810,0.37004435
0,20820,0.3693081
0,20830,0.36857355
0,20840,0.3678406
0,20850,0.36710927
0,20860,0.36637956
0,20870,0.3656515
0,20880,0.36492503
0,20890,0.3642002
0,20900,0.36347696
0,20910,0.36275536
0,20920,0.36203533
0,20930,0.3613169
0,20940,0.36060005
0,20950,0.3598848
0,20960,0.35917115
0,20970,0.35845906
0,20980,0.35774854
0,20990,0.3570396
0,21000,0.35633224
0,21010,0.3556264
0,21020,0.35492215
0,21030,0.35421947
0,21040,0.3535183
0,21050,0.3528187
0,21060,0.3521206
0,21070,0.35142407
0,21080,0.35072908
0,21090,0.3500356
0,21100,0.34934366
0,21110,0.34865323
0,21120,0.34796432
0,21130,0.3472769
0,21140,0.346591
0,21150,0.34590662
0,21160,0.3452237
0,21170,0.3445423
0,21180,0.34386238
0,21190,0.34318396
0,21200,0.34250703
0,21210,0.34183156
0,21220,0.3411576
0,21230,0.34048507
0,21240,0.339814
0,21250,0.3391444
0,21260,0.3384763
0,21270,0.33780962
0,21280,0.3371444
0,21290,0.33648062
0,21300,0.3358183
0,21310,0.3351574
0,21320,0.33449796
0,21330,0.33383992
0,21340,0.33318332
0,21350,0.33252817
0,21360,0.3318744
0,21370,0.3312221
0,21380,0.33057114
0,21390,0.32992163
0,21400,0.32927355
0,21410,0.32862684
0,21420,0.32798153
0,21430,0.32733762
0,21440,0.3266951
0,21450,0.32605398
0,21460,0.32541424
0,21470,0.32477587
0,21480,0.32413888
0,21490,0.32350326
0,21500,0.322869
0,21510,0.32223612
0,21520,0.32160458
0,21530,0.32097444
0,21540,0.3203456
0,21550,0.31971815
0,21560,0.31909207
0,21570,0.3184673
0,21580,0.31784385
0,21590,0.3172218
0,21600,0.316601
0,21610,0.3159816
0,21620,0.3153635
0,21630,0.31474674
0,21640,0.3141313
0,21650,0.31351715
0,21660,0.31290433
0,21670,0.3122928
0,21680,0.3116826
0,21690,0.3110737
0,21700,0.31046608
0,21710,0.30985978
0,21720,0.30925477
0,21730,0.30865106
0,21740,0.3080486
0,21750,0.30744746
0,21760,0.30684757
0,21770,0.306249
0,21780,0.30565166
0,21790,0.3050556
0,21800,0.30446082
0,21810,0.30386728
0,21820,0.30327502
0,21830,0.302684
0,21840,0.30209428
0,21850,0.30150577
0,21860,0.30091852
0,21870,0.3003325
0,21880,0.29974774
0,21890,0.2991642
0,21900,0.2985819
0,21910,0.29800084
0,21920,0.297421
0,21930,0.2968424
0,21940,0.296265
0,21950,0.29568884
0,21960,0.2951139
0,21970,0.29454017
0,21980,0.29396763
0,21990,0.29339632
0,22000,0.2928262
0,22010,0.29225728
0,22020,0.29168957
0,22030,0.29112303
0,22040,0.2905577
0,22050,0.28999358
0,22060,0.28943062
0,22070,0.28886884
0,22080,0.28830826
0,22090,0.28774884
0,22100,0.28719062
0,22110,0.28663355
0,22120,0.28607765
0,22130,0.28552294
0,22140,0.28496936
0,22150,0.28441694
0,22160,0.2838657
0,22170,0.2833156
0,22180,0.28276667
0,22190,0.28221887
0,22200,0.2816722
0,22210,0.2811267
0,22220,0.28058234
0,22230,0.2800391
0,22240,0.279497
0,22250,0.27895606
0,22260,0.27841622
0,22270,0.2778775
0,22280,0.2773399
0,22290,0.27680343
0,22300,0.2762681
0,22310,0.27573386
0,22320,0.27520075
0,22330,0.27466872
0,22340,0.27413782
0,22350,0.27360803
0,22360,0.27307934
0,22370,0.27255175
0,22380,0.27202523
0,22390,0.2714998
0,22400,0.2709755
0,22410,0.27045226
0,22420,0.26993012
0,22430,0.26940906
0,22440,0.2688891
0,22450,0.26837018
0,22460,0.26785237
0,22470,0.2673356
0,22480,0.26681992
0,22490,0.2663053
0,22500,0.26579174
0,22510,0.26527926
0,22520,0.26476783
0,22530,0.26425743
0,22540,0.2637481
0,22550,0.26323986
0,22560,0.26273263
0,22570,0.26222646
0,22580,0.26172134
0,22590,0.26121724
0,22600,0.2607142
0,22610,0.26021218
0,22620,0.2597112
0,22630,0.25921127
0,22640,0.25871235
0,22650,0.25821447
0,22660,0.2577176
0,22670,0.2572218
0,22680,0.25672695
0,22690,0.25623316
0,22700,0.25574037
0,22710,0.25524858
0,22720,0.25475782
0,22730,0.25426808
0,22740,0.25377932
0,22750,0.25329158
0,22760,0.25280482
0,22770,0.25231907
0,22780,0.2518343
0,22790,0.25135055
0,22800,0.25086778
0,22810,0.250386
0,22820,0.2499052
0,22830,0.2494254
0,22840,0.24894656
0,22850,0.24846871
0,22860,0.24799185
0,22870,0.24751595
0,22880,0.24704102
0,22890,0.24656707
0,22900,0.24609408
0,22910,0.24562205
0,22920,0.245151
0,22930,0.2446809
0,22940,0.24421176
0,22950,0.24374358
0,22960,0.24327636
0,22970,0.24281009
0,22980,0.24234477
0,22990,0.24188039
0,23000,0.24141696
0,23010,0.24095447
0,23020,0.24049293
0,23030,0.24003232
0,23040,0.23957264
0,23050,0.23911391
0,23060,0.23865612
0,23070,0.23819925
0,23080,0.2377433
0,23090,0.23728828
0,23100,0.23683418
0,23110,0.23638101
0,23120,0.23592876
0,23130,0.23547743
0,23140,0.23502702
0,23150,0.2345775
0,23160,0.2341289
0,23170,0.23368123
0,23180,0.23323445
0,23190,0.23278858
0,23200,0.2323436
0,23210,0.23189953
0,23220,0.23145635
0,23230,0.23101409
0,23240,0.2305727
0,23250,0.23013222
0,23260,0.22969262
0,23270,0.22925392
0,23280,0.22881609
0,23290,0.22837915
0,23300,0.2279431
0,23310,0.22750792
0,23320,0.22707362
0,23330,0.22664021
0,23340,0.22620766
0,23350,0.22577599
0,23360,0.22534518
0,23370,0.22491525
0,23380,0.22448617
0,23390,0.22405797
0,23400,0.22363064
0,23410,0.22320415
0,23420,0.22277853
0,23430,0.22235376
0,23440,0.22192985
0,23450,0.22150679
0,23460,0.22108458
0,23470,0.22066322
0,23480,0.22024271
0,23490,0.21982305
0,23500,0.21940422
0,23510,0.21898623
0,23520,0.21856909
0,23530,0.21815279
0,23540,0.21773732
0,23550,0.21732268
0,23560,0.21690887
0,23570,0.2164959
0,23580,0.21608375
0,23590,0.21567243
0,23600,0.21526194
0,23610,0.21485226
0,23620,0.2144434
0,23630,0.21403538
0,23640,0.21362816
0,23650,0.21322176
0,23660,0.21281616
0,23670,0.21241139
0,23680,0.21200742
0,23690,0.21160425
0,23700,0.2112019
0,23710,0.21080035
0,23720,0.21039961
0,23730,0.20999967
0,23740,0.20960051
0,23750,0.20920217
0,23760,0.2088046
0,23770,0.20840785
0,23780,0.20801188
0,23790,0.2076167
0,23800,0.20722231
0,23810,0.2068287
0,23820,0.20643589
0,23830,0.20604385
0,23840,0.2056526
0,23850,0.20526212
0,23860,0.20487241
0,23870,0.2044835
0,23880,0.20409535
0,23890,0.20370798
0,23900,0.20332137
0,23910,0.20293555
0,23920,0.20255047
0,23930,0.20216617
0,23940,0.20178264
0,23950,0.20139986
0,23960,0.20101786
0,23970,0.2006366
0,23980,0.20025611
0,23990,0.19987637
0,24000,0.19949737
0,24010,0.19911915
0,24020,0.19874166
0,24030,0.19836493
0,24040,0.19798894
0,24050,0.1976137
0,24060,0.19723922
0,24070,0.19686545
0,24080,0.19649245
0,24090,0.19612017
0,24100,0.19574864
0,24110,0.19537786
0,24120,0.19500779
0,24130,0.19463846
0,24140,0.19426987
0,24150,0.19390199
0,24160,0.19353485
0,24170,0.19316843
0,24180,0.19280276
0,24190,0.19243778
0,24200,0.19207354
0,24210,0.19171003
0,24220,0.19134723
0,24230,0.19098513
0,24240,0.19062376
0,24250,0.1902631
0,24260,0.18990317
0,24270,0.18954393
0,24280,0.18918541
0,24290,0.18882759
0,24300,0.18847048
0,24310,0.18811408
0,24320,0.18775839
0,24330,0.18740338
0,24340,0.18704909
0,24350,0.18669549
0,24360,0.18634258
0,24370,0.18599038
0,24380,0.18563887
0,24390,0.18528806
0,24400,0.18493792
0,24410,0.18458849
0,24420,0.18423973
0,24430,0.18389167
0,24440,0.1835443
0,24450,0.1831976
0,24460,0.1828516
0,24470,0.18250626
0,24480,0.18216161
0,24490,0.18181765
0,24500,0.18147434
0,24510,0.18113174
0,24520,0.18078978
0,24530,0.18044852
0,24540,0.1801079
0,24550,0.17976798
0,24560,0.17942871
0,24570,0.17909011
0,24580,0.17875217
0,24590,0.17841491
0,24600,0.1780783
0,24610,0.17774235
0,24620,0.17740707
0,24630,0.17707244
0,24640,0.17673846
0,24650,0.17640515
0,24660,0.17607248
0,24670,0.17574047
0,24680,0.17540911
0,24690,0.1750784
0,24700,0.17474835
0,24710,0.17441893
0,24720,0.17409016
0,24730,0.17376204
0,24740,0.17343456
0,24750,0.17310771
0,24760,0.17278151
0,24770,0.17245595
0,24780,0.17213102
0,24790,0.17180674
0,24800,0.17148308
0,24810,0.17116006
0,24820,0.17083767
0,24830,0.17051591
0,24840,0.17019479
0,24850,0.16987428
0,24860,0.16955441
0,24870,0.16923517
0,24880,0.16891654
0,24890,0.16859855
0,24900,0.16828117
0,24910,0.1679644
0,24920,0.16764826
0,24930,0.16733274
0,24940,0.16701783
0,24950,0.16670354
0,24960,0.16638987
0,24970,0.1660768
0,24980,0.16576435
0,24990,0.1654525
0,25000,0.16514125
0,25010,0.16483063
0,25020,0.1645206
0,25030,0.16421118
0,25040,0.16390237
0,25050,0.16359416
0,25060,0.16328655
0,25070,0.16297953
0,25080,0.16267312
0,25090,0.1623673
0,25100,0.16206208
0,25110,0.16175745
0,25120,0.16145341
0,25130,0.16114998
0,25140,0.16084713
0,25150,0.16054486
0,25160,0.1602432
0,25170,0.1599421
0,25180,0.15964161
0,25190,0.1593417
0,25200,0.15904236
0,25210,0.15874362
0,25220,0.15844545
0,25230,0.15814786
0,25240,0.15785085
0,25250,0.15755442
0,25260,0.15725856
0,25270,0.15696327
0,25280,0.15666857
0,25290,0.15637444
0,25300,0.15608087
0,25310,0.15578789
0,25320,0.15549546
0,25330,0.15520361
0,25340,0.15491232
0,25350,0.1546216
0,25360,0.15433145
0,25370,0.15404184
0,25380,0.15375282
0,25390,0.15346435
0,25400,0.15317643
0,25410,0.15288907
0,25420,0.15260229
0,25430,0.15231605
0,25440,0.15203036
0,25450,0.15174523
0,25460,0.15146065
0,25470,0.15117662
0,25480,0.15089315
0,25490,0.15061022
0,25500,0.15032785
0,25510,0.15004602
0,25520,0.14976473
0,25530,0.149484
0,25540,0.14920379
0,25550,0.14892414
0,25560,0.14864503
0,25570,0.14836647
0,25580,0.14808843
0,25590,0.14781094
0,25600,0.14753398
0,25610,0.14725757
0,25620,0.14698167
0,25630,0.14670633
0,25640,0.1464315
0,25650,0.14615722
0,25660,0.14588346
0,25670,0.14561023
0,25680,0.14533754
0,25690,0.14506537
0,25700,0.14479372
0,25710,0.14452259
0,25720,0.144252
0,25730,0.14398193
0,25740,0.14371237
0,25750,0.14344335
0,25760,0.14317484
0,25770,0.14290684
0,25780,0.14263937
0,25790,0.14237241
0,25800,0.14210597
0,25810,0.14184004
0,25820,0.14157464
0,25830,0.14130972
0,25840,0.14104533
0,25850,0.14078146
0,25860,0.14051808
0,25870,0.14025523
0,25880,0.13999286
0,25890,0.13973102
0,25900,0.13946967
0,25910,0.13920884
0,25920,0.1389485
0,25930,0.13868867
0,25940,0.13842933
0,25950,0.1381705
0,25960,0.13791215
0,25970,0.13765432
0,25980,0.13739698
0,25990,0.13714014
0,26000,0.1368838
0,26010,0.13662793
0,26020,0.13637257
0,26030,0.1361177
0,26040,0.13586332
0,26050,0.13560943
0,26060,0.13535602
0,26070,0.13510312
0,26080,0.1348507
0,26090,0.13459875
0,26100,0.13434729
0,26110,0.13409632
0,26120,0.13384584
0,26130,0.13359582
0,26140,0.1333463
0,26150,0.13309726
0,26160,0.1328487
0,26170,0.1326006
0,26180,0.132353
0,26190,0.13210586
0,26200,0.1318592
0,26210,0.13161302
0,26220,0.13136731
0,26230,0.13112207
0,26240,0.1308773
0,26250,0.13063301
0,26260,0.13038918
0,26270,0.13014582
0,26280,0.12990293
0,26290,0.1296605
0,26300,0.12941855
0,26310,0.12917705
0,26320,0.12893602
0,26330,0.12869546
0,26340,0.12845536
0,26350,0.1282157
0,26360,0.12797652
0,26370,0.12773779
0,26380,0.12749954
0,26390,0.12726173
0,26400,0.12702437
0,26410,0.12678747
0,26420,0.12655103
0,26430,0.12631504
0,26440,0.1260795
0,26450,0.12584442
0,26460,0.12560979
0,26470,0.12537561
0,26480,0.12514187
0,26490,0.12490859
0,26500,0.12467575
0,26510,0.12444336
0,26520,0.124211416
0,26530,0.12397991
0,26540,0.123748854
0,26550,0.12351824
0,26560,0.123288065
0,26570,0.123058334
0,26580,0.12282904
0,26590,0.12260019
0,26600,0.12237178
0,26610,0.122143805
0,26620,0.121916264
0,26630,0.12168916
0,26640,0.121462494
0,26650,0.121236265
0,26660,0.12101046
0,26670,0.120785095
0,26680,0.120560154
0,26690,0.12033565
0,26700,0.12011158
0,26710,0.119887926
0,26720,0.119664714
0,26730,0.11944192
0,26740,0.11921956
0,26750,0.11899761
0,26760,0.1187761
0,26770,0.11855501
0,26780,0.11833434
0,26790,0.11811409
0,26800,0.11789427
0,26810,0.117674865
0,26820,0.11745588
0,26830,0.117237315
0,26840,0.11701917
0,26850,0.11680143
0,26860,0.11658412
0,26870,0.11636722
0,26880,0.11615074
0,26890,0.11593467
0,26900,0.11571901
0,26910,0.115503766
0,26920,0.115288936
0,26930,0.11507451
0,26940,0.1148605
0,26950,0.1146469
0,26960,0.1144337
0,26970,0.11422091
0,26980,0.11400852
0,26990,0.11379655
0,27000,0.11358498
0,27010,0.11337381
0,27020,0.11316305
0,27030,0.11295269
0,27040,0.11274272
0,27050,0.11253317
0,27060,0.11232401
0,27070,0.11211524
0,27080,0.111906886
0,27090,0.11169892
0,27100,0.11149135
0,27110,0.11128418
0,27120,0.111077406
0,27130,0.110871024
0,27140,0.11066504
0,27150,0.11045945
0,27160,0.11025424
0,27170,0.110049434
0,27180,0.10984501
0,27190,0.109640986
0,27200,0.10943735
0,27210,0.109234095
0,27220,0.10903123
0,27230,0.10882875
0,27240,0.10862666
0,27250,0.108424954
0,27260,0.10822363
0,27270,0.1080227
0,27280,0.10782214
0,27290,0.10762197
0,27300,0.10742218
0,27310,0.107222766
0,27320,0.10702374
0,27330,0.10682509
0,27340,0.106626816
0,27350,0.10642892
0,27360,0.10623141
0,27370,0.106034264
0,27380,0.1058375
0,27390,0.10564111
0,27400,0.105445094
0,27410,0.10524945
0,27420,0.10505418
0,27430,0.10485928
0,27440,0.10466475
0,27450,0.104470596
0,27460,0.104276806
0,27470,0.10408339
0,27480,0.103890345
0,27490,0.10369766
0,27500,0.10350534
0,27510,0.103313394
0,27520,0.10312181
0,27530,0.10293059
0,27540,0.10273974
0,27550,0.10254924
0,27560,0.102359116
0,27570,0.10216934
0,27580,0.10197994
0,27590,0.10179089
0,27600,0.101602204
0,27610,0.101413876
0,27620,0.101225905
0,27630,0.10103829
0,27640,0.10085104
0,27650,0.10066414
0,27660,0.1004776
0,27670,0.10029141
0,27680,0.100105576
0,27690,0.099920094
0,27700,0.09973496
0,27710,0.09955019
0,27720,0.09936576
0,27730,0.09918169
0,27740,0.09899796
0,27750,0.098814584
0,27760,0.09863156
0,27770,0.09844888
0,27780,0.09826655
0,27790,0.09808456
0,27800,0.097902924
0,27810,0.09772163
0,27820,0.09754068
0,27830,0.09736007
0,27840,0.09717981
0,27850,0.09699988
0,27860,0.09682031
0,27870,0.09664107
0,27880,0.096462175
0,27890,0.096283615
0,27900,0.0961054
0,27910,0.095927514
0,27920,0.095749974
0,27930,0.09557277
0,27940,0.0953959
0,27950,0.095219366
0,27960,0.095043175
0,27970,0.09486731
0,27980,0.094691776
0,27990,0.09451658
0,28000,0.09434172
0,28010,0.09416719
0,28020,0.093992986
0,28030,0.09381912
0,28040,0.09364558
0,28050,0.09347237
0,28060,0.093299486
0,28070,0.09312694
0,28080,0.09295471
0,28090,0.09278281
0,28100,0.09261124
0,28110,0.092439994
0,28120,0.09226907
0,28130,0.09209847
0,28140,0.0919282
0,28150,0.091758244
0,28160,0.09158862
0,28170,0.09141931
0,28180,0.09125032
0,28190,0.09108166
0,28200,0.09091331
0,28210,0.090745285
0,28220,0.09057757
0,28230,0.09041018
0,28240,0.09024311
0,28250,0.09007636
0,28260,0.08990991
0,28270,0.08974379
0,28280,0.08957798
0,28290,0.08941249
0,28300,0.0892473
0,28310,0.089082435
0,28320,0.08891788
0,28330,0.08875363
0,28340,0.088589706
0,28350,0.08842608
0,28360,0.08826277
0,28370,0.08809976
0,28380,0.08793707
0,28390,0.08777469
0,28400,0.08761261
0,28410,0.08745084
0,28420,0.08728938
0,28430,0.087128215
0,28440,0.086967364
0,28450,0.08680681
0,28460,0.08664657
0,28470,0.08648663
0,28480,0.086326994
0,28490,0.086167656
0,28500,0.08600862
0,28510,0.08584989
0,28520,0.08569146
0,28530,0.08553333
0,28540,0.085375495
0,28550,0.08521796
0,28560,0.08506072
0,28570,0.084903784
0,28580,0.08474714
0,28590,0.0845908
0,28600,0.084434755
0,28610,0.084279
0,28620,0.084123544
0,28630,0.08396838
0,28640,0.08381351
0,28650,0.08365893
0,28660,0.08350465
0,28670,0.08335066
0,28680,0.08319695
0,28690,0.083043545
0,28700,0.08289042
0,28710,0.082737595
0,28720,0.08258505
0,28730,0.0824328
0,28740,0.08228084
0,28750,0.08212916
0,28760,0.08197777
0,28770,0.081826665
0,28780,0.08167585
0,28790,0.08152532
0,28800,0.08137507
0,28810,0.081225105
0,28820,0.08107542
0,28830,0.08092603
0,28840,0.080776915
0,28850,0.08062808
0,28860,0.08047953
0,28870,0.08033126
0,28880,0.08018327
0,28890,0.08003556
0,28900,0.07988813
0,28910,0.07974098
0,28920,0.079594105
0,28930,0.07944751
0,28940,0.07930119
0,28950,0.07915515
0,28960,0.079009384
0,28970,0.07886389
0,28980,0.07871868
0,28990,0.07857373
0,29000,0.078429066
0,29010,0.07828467
0,29020,0.07814056
0,29030,0.07799671
0,29040,0.07785313
0,29050,0.077709824
0,29060,0.07756679
0,29070,0.07742403
0,29080,0.07728153
0,29090,0.0771393
0,29100,0.07699735
0,29110,0.07685566
0,29120,0.07671424
0,29130,0.07657308
0,29140,0.0764322
0,29150,0.076291576
0,29160,0.07615122
0,29170,0.07601113
0,29180,0.0758713
0,29190,0.07573175
0,29200,0.07559245
0,29210,0.075453416
0,29220,0.07531464
0,29230,0.075176135
0,29240,0.07503788
0,29250,0.0748999
0,29260,0.074762166
0,29270,0.0746247
0,29280,0.07448749
0,29290,0.07435054
0,29300,0.074213855
0,29310,0.07407743
0,29320,0.07394125
0,29330,0.07380533
0,29340,0.07366967
0,29350,0.07353427
0,29360,0.07339912
0,29370,0.07326423
0,29380,0.07312959
0,29390,0.0729952
0,29400,0.072861075
0,29410,0.072727196
0,29420,0.07259357
0,29430,0.0724602
0,29440,0.07232708
0,29450,0.072194204
0,29460,0.07206158
0,29470,0.07192922
0,29480,0.071797095
0,29490,0.07166523
0,29500,0.071533605
0,29510,0.07140223
0,29520,0.07127111
0,29530,0.07114023
0,29540,0.0710096
0,29550,0.07087921
0,29560,0.070749074
0,29570,0.07061918
0,29580,0.07048953
0,29590,0.07036013
0,29600,0.070230976
0,29610,0.07010206
0,29620,0.06997339
0,29630,0.06984495
0,29640,0.06971677
0,29650,0.06958882
0,29660,0.069461115
0,29670,0.06933365
0,29680,0.06920643
0,29690,0.069079444
0,29700,0.0689527
0,29710,0.0688262
0,29720,0.06869993
0,29730,0.0685739
0,29740,0.06844811
0,29750,0.068322554
0,29760,0.06819724
0,29770,0.06807216
0,29780,0.06794731
0,29790,0.06782271
0,29800,0.06769833
0,29810,0.06757419
0,29820,0.067450285
0,29830,0.06732661
0,29840,0.06720317
0,29850,0.06707997
0,29860,0.06695699
0,29870,0.06683425
0,29880,0.06671174
0,29890,0.06658946
0,29900,0.066467404
0,29910,0.06634559
0,29920,0.066223994
0,29930,0.06610264
0,29940,0.0659815
0,29950,0.0658606
0,29960,0.06573992
0,29970,0.06561947
0,29980,0.06549925
0,29990,0.065379255
0,30000,0.06525949
0,30010,0.06513994
0,30020,0.06502062
0,30030,0.06490153
0,30040,0.06478266
0,30050,0.06466401
0,30060,0.06454559
0,30070,0.06442739
0,30080,0.06430941
0,30090,0.06419166
0,30100,0.06407413
0,30110,0.06395682
0,30120,0.063839726
0,30130,0.06372286
0,30140,0.06360621
0,30150,0.06348978
0,30160,0.063373566
0,30170,0.063257575
0,30180,0.0631418
0,30190,0.06302625
0,30200,0.06291091
0,30210,0.06279579
0,30220,0.062680885
0,30230,0.0625662
0,30240,0.062451728
0,30250,0.06233747
0,30260,0.06222343
0,30270,0.062109604
0,30280,0.06199599
0,30290,0.061882593
0,30300,0.06176941
0,30310,0.061656438
0,30320,0.06154368
0,30330,0.061431132
0,30340,0.0613188
0,30350,0.061206676
0,30360,0.061094765
0,30370,0.06098306
0,30380,0.06087157
0,30390,0.06076029
0,30400,0.06064922
0,30410,0.060538355
0,30420,0.060427703
0,30430,0.060317256
0,30440,0.06020702
0,30450,0.06009699
0,30460,0.059987165
0,30470,0.05987755
0,30480,0.059768137
0,30490,0.059658933
0,30500,0.059549935
0,30510,0.05944114
0,30520,0.059332553
0,30530,0.059224166
0,30540,0.059115987
0,30550,0.05900801
0,30560,0.058900233
0,30570,0.058792662
0,30580,0.058685295
0,30590,0.058578126
0,30600,0.058471162
0,30610,0.0583644
0,30620,0.058257833
0,30630,0.058151472
0,30640,0.05804531
0,30650,0.057939347
0,30660,0.057833582
0,30670,0.057728015
0,30680,0.05762265
0,30690,0.057517484
0,30700,0.057412513
0,30710,0.05730774
0,30720,0.057203162
0,30730,0.057098784
0,30740,0.056994602
0,30750,0.056890614
0,30760,0.056786824
0,30770,0.056683227
0,30780,0.056579825
0,30790,0.05647662
0,30800,0.056373607
0,30810,0.056270786
0,30820,0.05616816
0,30830,0.056065727
0,30840,0.05596349
0,30850,0.05586144
0,30860,0.055759586
0,30870,0.05565792
0,30880,0.055556446
0,30890,0.055455163
0,30900,0.055354074
0,30910,0.05525317
0,30920,0.055152457
0,30930,0.055051934
0,30940,0.0549516
0,30950,0.054851454
0,30960,0.054751497
0,30970,0.05465173
0,30980,0.054552145
0,30990,0.05445275
0,31000,0.054353546
0,31010,0.054254524
0,31020,0.05415569
0,31030,0.05405704
0,31040,0.053958576
0,31050,0.053860296
0,31060,0.0537622
0,31070,0.053664293
0,31080,0.053566568
0,31090,0.053469025
0,31100,0.053371664
0,31110,0.05327449
0,31120,0.053177495
0,31130,0.053080685
0,31140,0.052984055
0,31150,0.052887607
0,31160,0.052791342
0,31170,0.052695256
0,31180,0.05259935
0,31190,0.052503627
0,31200,0.052408084
0,31210,0.052312717
0,31220,0.052217532
0,31230,0.052122526
0,31240,0.0520277
0,31250,0.051933046
0,31260,0.051838573
0,31270,0.05174428
0,31280,0.05165016
0,31290,0.05155622
0,31300,0.051462453
0,31310,0.051368866
0,31320,0.051275454
0,31330,0.051182218
0,31340,0.051089153
0,31350,0.050996266
0,31360,0.050903555
0,31370,0.050811015
0,31380,0.05071865
0,31390,0.05062646
0,31400,0.050534442
0,31410,0.050442595
0,31420,0.050350923
0,31430,0.050259423
0,31440,0.050168093
0,31450,0.050076935
0,31460,0.04998595
0,31470,0.049895134
0,31480,0.04980449
0,31490,0.049714014
0,31500,0.04962371
0,31510,0.049533576
0,31520,0.04944361
0,31530,0.049353812
0,31540,0.049264185
0,31550,0.049174726
0,31560,0.049085435
0,31570,0.04899631
0,31580,0.04890735
0,31590,0.048818562
0,31600,0.048729938
0,31610,0.048641484
0,31620,0.04855319
0,31630,0.048465066
0,31640,0.048377108
0,31650,0.048289314
0,31660,0.048201684
0,31670,0.048114218
0,31680,0.04802692
0,31690,0.04793978
0,31700,0.047852807
0,31710,0.047766
0,31720,0.04767935
0,31730,0.047592867
0,31740,0.047506545
0,31750,0.047420386
0,31760,0.047334388
0,31770,0.04724855
0,31780,0.047162876
0,31790,0.047077358
0,31800,0.046992004
0,31810,0.04690681
0,31820,0.046821777
0,31830,0.0467369
0,31840,0.046652187
0,31850,0.04656763
0,31860,0.046483234
0,31870,0.046398994
0,31880,0.04631491
0,31890,0.046230987
0,31900,0.046147224
0,31910,0.046063613
0,31920,0.045980163
0,31930,0.045896865
0,31940,0.045813728
0,31950,0.045730744
0,31960,0.04564792
0,31970,0.045565248
0,31980,0.04548273
0,31990,0.045400366
0,32000,0.04531816
0,32010,0.045236107
0,32020,0.045154206
0,32030,0.045072462
0,32040,0.04499087
0,32050,0.044909433
0,32060,0.044828147
0,32070,0.044747014
0,32080,0.04466603
0,32090,0.044585202
0,32100,0.044504523
0,32110,0.044423997
0,32120,0.04434362
0,32130,0.044263396
0,32140,0.04418332
0,32150,0.0441034
0,32160,0.044023626
0,32170,0.043944
0,32180,0.043864526
0,32190,0.0437852
0,32200,0.043706022
0,32210,0.043626994
0,32220,0.043548115
0,32230,0.04346938
0,32240,0.043390796
0,32250,0.04331236
0,32260,0.04323407
0,32270,0.043155923
0,32280,0.043077927
0,32290,0.043000076
0,32300,0.042922374
0,32310,0.042844813
0,32320,0.0427674
0,32330,0.04269013
0,32340,0.04261301
0,32350,0.04253603
0,32360,0.042459197
0,32370,0.042382505
0,32380,0.04230596
0,32390,0.042229556
0,32400,0.0421533
0,32410,0.04207718
0,32420,0.042001206
0,32430,0.041925374
0,32440,0.041849688
0,32450,0.04177414
0,32460,0.041698735
0,32470,0.04162347
0,32480,0.041548345
0,32490,0.041473363
0,32500,0.04139852
0,32510,0.041323822
0,32520,0.04124926
0,32530,0.04117484
0,32540,0.041100558
0,32550,0.041026413
0,32560,0.04095241
0,32570,0.040878545
0,32580,0.04080482
0,32590,0.04073123
0,32600,0.04065778
0,32610,0.040584467
0,32620,0.04051129
0,32630,0.040438253
0,32640,0.040365353
0,32650,0.040292587
0,32660,0.040219963
0,32670,0.04014747
0,32680,0.040075112
0,32690,0.040002894
0,32700,0.03993081
0,32710,0.03985886
0,32720,0.039787043
0,32730,0.03971536
0,32740,0.039643817
0,32750,0.039572403
0,32760,0.039501127
0,32770,0.03942998
0,32780,0.03935897
0,32790,0.039288092
0,32800,0.039217345
0,32810,0.039146733
0,32820,0.039076254
0,32830,0.039005905
0,32840,0.038935687
0,32850,0.038865604
0,32860,0.03879565
0,32870,0.038725827
0,32880,0.038656138
0,32890,0.038586576
0,32900,0.038517144
0,32910,0.038447846
0,32920,0.038378675
0,32930,0.038309634
0,32940,0.03824072
0,32950,0.03817194
0,32960,0.038103286
0,32970,0.03803476
0,32980,0.037966363
0,32990,0.037898093
0,33000,0.037829954
0,33010,0.03776194
0,33020,0.037694056
0,33030,0.037626296
0,33040,0.037558664
0,33050,0.03749116
0,33060,0.037423782
0,33070,0.03735653
0,33080,0.037289403
0,33090,0.037222404
0,33100,0.03715553
0,33110,0.03708878
0,33120,0.037022155
0,33130,0.036955655
0,33140,0.03688928
0,33150,0.03682303
0,33160,0.036756903
0,33170,0.036690902
0,33180,0.036625024
0,33190,0.036559265
0,33200,0.036493633
0,33210,0.036428124
0,33220,0.036362737
0,33230,0.036297474
0,33240,0.03623233
0,33250,0.036167312
0,33260,0.036102414
0,33270,0.036037635
0,33280,0.03597298
0,33290,0.035908446
0,33300,0.03584403
0,33310,0.03577974
0,33320,0.03571557
0,33330,0.035651516
0,33340,0.035587583
0,33350,0.03552377
0,33360,0.035460077
0,33370,0.0353965
0,33380,0.03533305
0,33390,0.03526971
0,33400,0.035206497
0,33410,0.035143398
0,33420,0.035080414
0,33430,0.035017554
0,33440,0.03495481
0,33450,0.03489218
0,33460,0.03482967
0,33470,0.034767278
0,33480,0.034704998
0,33490,0.03464284
0,33500,0.034580797
0,33510,0.034518868
0,33520,0.034457058
0,33530,0.034395363
0,33540,0.03433378
0,33550,0.034272317
0,33560,0.03421097
0,33570,0.034149732
0,33580,0.03408861
0,33590,0.034027606
0,33600,0.033966716
0,33610,0.03390594
0,33620,0.033845272
0,33630,0.033784725
0,33640,0.033724286
0,33650,0.033663962
0,33660,0.03360375
0,33670,0.033543654
0,33680,0.03348367
0,33690,0.033423796
0,33700,0.033364035
0,33710,0.033304386
0,33720,0.03324485
0,33730,0.03318542
0,33740,0.033126105
0,33750,0.033066902
0,33760,0.033007808
0,33770,0.032948826
0,33780,0.032889955
0,33790,0.032831192
0,33800,0.03277254
0,33810,0.032713998
0,33820,0.032655563
0,33830,0.03259724
0,33840,0.03253903
0,33850,0.03248092
0,33860,0.032422926
0,33870,0.03236504
0,33880,0.03230726
0,33890,0.03224959
0,33900,0.03219202
0,33910,0.032134566
0,33920,0.03207722
0,33930,0.03201998
0,33940,0.031962845
0,33950,0.03190582
0,33960,0.031848896
0,33970,0.031792086
0,33980,0.031735376
0,33990,0.031678777
0,34000,0.03162228
0,34010,0.03156589
0,34020,0.031509608
0,34030,0.031453427
0,34040,0.031397354
0,34050,0.031341385
0,34060,0.03128552
0,34070,0.031229762
0,34080,0.031174107
0,34090,0.031118557
0,34100,0.03106311
0,34110,0.031007767
0,34120,0.030952526
0,34130,0.03089739
0,34140,0.030842356
0,34150,0.030787427
0,34160,0.030732598
0,34170,0.030677874
0,34180,0.030623252
0,34190,0.03056873
0,34200,0.030514313
0,34210,0.030459996
0,34220,0.03040578
0,34230,0.030351667
0,34240,0.030297656
0,34250,0.030243743
0,34260,0.030189933
0,34270,0.030136224
0,34280,0.030082615
0,34290,0.030029105
0,34300,0.029975697
0,34310,0.029922388
0,34320,0.029869178
0,34330,0.029816069
0,34340,0.029763058
0,34350,0.029710148
0,34360,0.029657334
0,34370,0.029604621
0,34380,0.029552007
0,34390,0.02949949
0,34400,0.029447071
0,34410,0.029394751
0,34420,0.029342528
0,34430,0.029290404
0,34440,0.029238377
0,34450,0.029186446
0,34460,0.029134614
0,34470,0.029082878
0,34480,0.02903124
0,34490,0.028979696
0,34500,0.02892825
0,34510,0.0288769
0,34520,0.028825646
0,34530,0.028774489
0,34540,0.028723426
0,34550,0.028672459
0,34560,0.028621588
0,34570,0.02857081
0,34580,0.02852013
0,34590,0.028469542
0,34600,0.028419051
0,34610,0.028368654
0,34620,0.02831835
0,34630,0.02826814
0,34640,0.028218023
0,34650,0.028168002
0,34660,0.028118074
0,34670,0.028068239
0,34680,0.028018497
0,34690,0.027968848
0,34700,0.027919292
0,34710,0.02786983
0,34720,0.027820459
0,34730,0.02777118
0,34740,0.027721994
0,34750,0.0276729
0,34760,0.027623896
0,34770,0.027574986
0,34780,0.027526166
0,34790,0.027477438
0,34800,0.0274288
0,34810,0.027380254
0,34820,0.027331797
0,34830,0.027283434
0,34840,0.027235158
0,34850,0.027186975
0,34860,0.02713888
0,34870,0.027090875
0,34880,0.02704296
0,34890,0.026995135
0,34900,0.0269474
0,34910,0.026899753
0,34920,0.026852196
0,34930,0.026804728
0,34940,0.026757348
0,34950,0.026710058
0,34960,0.026662854
0,34970,0.026615739
0,34980,0.026568713
0,34990,0.026521774
0,35000,0.026474923
0,35010,0.02642816
0,35020,0.026381483
0,35030,0.026334895
0,35040,0.026288394
0,35050,0.026241979
0,35060,0.02619565
0,35070,0.026149409
0,35080,0.026103254
0,35090,0.026057186
0,35100,0.026011202
0,35110,0.025965307
0,35120,0.025919495
0,35130,0.025873771
0,35140,0.02582813
0,35150,0.025782576
0,35160,0.025737107
0,35170,0.025691722
0,35180,0.025646422
0,35190,0.025601206
0,35200,0.025556076
0,35210,0.02551103
0,35220,0.025466068
0,35230,0.02542119
0,35240,0.025376396
0,35250,0.025331685
0,35260,0.025287058
0,35270,0.025242515
0,35280,0.025198054
0,35290,0.025153678
0,35300,0.025109382
0,35310,0.02506517
0,35320,0.025021043
0,35330,0.024976995
0,35340,0.02493303
0,35350,0.024889149
0,35360,0.024845349
0,35370,0.02480163
0,35380,0.024757994
0,35390,0.024714438
0,35400,0.024670964
0,35410,0.024627572
0,35420,0.02458426
0,35430,0.02454103
0,35440,0.02449788
0,35450,0.024454812
0,35460,0.024411822
0,35470,0.024368914
0,35480,0.024326086
0,35490,0.024283336
0,35500,0.024240669
0,35510,0.02419808
0,35520,0.02415557
0,35530,0.024113141
0,35540,0.02407079
0,35550,0.02402852
0,35560,0.023986327
0,35570,0.023944212
0,35580,0.023902178
0,35590,0.02386022
0,35600,0.023818342
0,35610,0.023776542
0,35620,0.023734821
0,35630,0.023693176
0,35640,0.023651611
0,35650,0.023610123
0,35660,0.02356871
0,35670,0.023527376
0,35680,0.02348612
0,35690,0.023444941
0,35700,0.023403838
0,35710,0.023362812
0,35720,0.023321863
0,35730,0.02328099
0,35740,0.023240194
0,35750,0.023199473
0,35760,0.023158828
0,35770,0.023118261
0,35780,0.023077767
0,35790,0.02303735
0,35800,0.022997009
0,35810,0.022956742
0,35820,0.022916552
0,35830,0.022876436
0,35840,0.022836395
0,35850,0.022796428
0,35860,0.022756537
0,35870,0.02271672
0,35880,0.022676976
0,35890,0.022637308
0,35900,0.022597713
0,35910,0.022558192
0,35920,0.022518745
0,35930,0.022479372
0,35940,0.022440072
0,35950,0.022400847
0,35960,0.022361692
0,35970,0.022322612
0,35980,0.022283606
0,35990,0.022244671
0,36000,0.02220581
0,36010,0.022167021
0,36020,0.022128304
0,36030,0.02208966
0,36040,0.022051087
0,36050,0.022012588
0,36060,0.021974158
0,36070,0.021935802
0,36080,0.021897517
0,36090,0.021859303
0,36100,0.02182116
0,36110,0.02178309
0,36120,0.02174509
0,36130,0.02170716
0,36140,0.021669302
0,36150,0.021631515
0,36160,0.021593798
0,36170,0.02155615
0,36180,0.021518573
0,36190,0.021481067
0,36200,0.021443632
0,36210,0.021406265
0,36220,0.021368967
0,36230,0.02133174
0,36240,0.021294583
0,36250,0.021257496
0,36260,0.021220475
0,36270,0.021183526
0,36280,0.021146644
0,36290,0.021109832
0,36300,0.021073088
0,36310,0.021036414
0,36320,0.020999808
0,36330,0.020963268
0,36340,0.0209268
0,36350,0.020890396
0,36360,0.020854063
0,36370,0.020817796
0,36380,0.020781597
0,36390,0.020745466
0,36400,0.020709403
0,36410,0.020673407
0,36420,0.020637477
0,36430,0.020601615
0,36440,0.020565819
0,36450,0.020530092
0,36460,0.02049443
0,36470,0.020458834
0,36480,0.020423304
0,36490,0.020387841
0,36500,0.020352446
0,36510,0.020317115
0,36520,0.020281851
0,36530,0.020246653
0,36540,0.02021152
0,36550,0.020176452
0,36560,0.020141449
0,36570,0.020106513
0,36580,0.02007164
0,36590,0.020036833
0,36600,0.020002093
0,36610,0.019967416
0,36620,0.019932803
0,36630,0.019898256
0,36640,0.019863773
0,36650,0.019829353
0,36660,0.019794999
0,36670,0.019760707
0,36680,0.019726481
0,36690,0.019692319
0,36700,0.01965822
0,36710,0.019624185
0,36720,0.019590212
0,36730,0.019556304
0,36740,0.019522458
0,36750,0.019488676
0,36760,0.019454956
0,36770,0.0194213
0,36780,0.019387707
0,36790,0.019354176
0,36800,0.019320708
0,36810,0.019287301
0,36820,0.019253958
0,36830,0.019220676
0,36840,0.019187456
0,36850,0.019154299
0,36860,0.019121204
0,36870,0.019088168
0,36880,0.019055197
0,36890,0.019022286
0,36900,0.018989436
0,36910,0.018956648
0,36920,0.01892392
0,36930,0.018891254
0,36940,0.018858649
0,36950,0.018826105
0,36960,0.01879362
0,36970,0.018761197
0,36980,0.018728834
0,36990,0.018696532
0,37000,0.01866429
0,37010,0.018632108
0,37020,0.018599985
0,37030,0.018567923
0,37040,0.018535921
0,37050,0.018503977
0,37060,0.018472094
0,37070,0.01844027
0,37080,0.018408507
0,37090,0.018376801
0,37100,0.018345155
0,37110,0.018313568
0,37120,0.01828204
0,37130,0.01825057
0,37140,0.018219158
0,37150,0.018187806
0,37160,0.018156512
0,37170,0.018125277
0,37180,0.0180941
0,37190,0.01806298
0,37200,0.01803192
0,37210,0.018000916
0,37220,0.01796997
0,37230,0.017939083
0,37240,0.017908253
0,37250,0.01787748
0,37260,0.017846763
0,37270,0.017816106
0,37280,0.017785504
0,37290,0.01775496
0,37300,0.017724473
0,37310,0.017694043
0,37320,0.017663669
0,37330,0.017633352
0,37340,0.017603092
0,37350,0.017572887
0,37360,0.017542738
0,37370,0.017512647
0,37380,0.017482612
0,37390,0.017452633
0,37400,0.017422708
0,37410,0.01739284
0,37420,0.017363029
0,37430,0.017333271
0,37440,0.01730357
0,37450,0.017273923
0,37460,0.017244333
0,37470,0.017214797
0,37480,0.017185317
0,37490,0.017155891
0,37500,0.01712652
0,37510,0.017097203
0,37520,0.017067943
0,37530,0.017038735
0,37540,0.017009582
0,37550,0.016980484
0,37560,0.01695144
0,37570,0.01692245
0,37580,0.016893514
0,37590,0.016864631
0,37600,0.016835803
0,37610,0.016807029
0,37620,0.016778307
0,37630,0.01674964
0,37640,0.016721027
0,37650,0.016692465
0,37660,0.016663957
0,37670,0.016635504
0,37680,0.016607102
0,37690,0.016578753
0,37700,0.016550457
0,37710,0.016522214
0,37720,0.016494023
0,37730,0.016465886
0,37740,0.0164378
0,37750,0.016409766
0,37760,0.016381785
0,37770,0.016353857
0,37780,0.016325979
0,37790,0.016298154
0,37800,0.01627038
0,37810,0.016242659
0,37820,0.01621499
0,37830,0.016187372
0,37840,0.016159805
0,37850,0.01613229
0,37860,0.016104825
0,37870,0.01607741
0,37880,0.016050048
0,37890,0.016022738
0,37900,0.015995476
0,37910,0.015968267
0,37920,0.01594111
0,37930,0.015914
0,37940,0.015886942
0,37950,0.015859935
0,37960,0.015832977
0,37970,0.01580607
0,37980,0.015779214
0,37990,0.015752407
0,38000,0.01572565
0,38010,0.015698941
0,38020,0.015672285
0,38030,0.015645677
0,38040,0.015619118
0,38050,0.0155926095
0,38060,0.01556615
0,38070,0.015539739
0,38080,0.015513378
0,38090,0.015487066
0,38100,0.015460803
0,38110,0.015434588
0,38120,0.015408423
0,38130,0.015382307
0,38140,0.015356238
0,38150,0.015330219
0,38160,0.015304247
0,38170,0.0152783245
0,38180,0.01525245
0,38190,0.015226623
0,38200,0.015200845
0,38210,0.015175114
0,38220,0.015149432
0,38230,0.015123798
0,38240,0.01509821
0,38250,0.015072671
0,38260,0.015047179
0,38270,0.015021735
0,38280,0.014996338
0,38290,0.014970988
0,38300,0.014945685
0,38310,0.014920429
0,38320,0.014895221
0,38330,0.014870059
0,38340,0.014844945
0,38350,0.014819876
0,38360,0.014794854
0,38370,0.01476988
0,38380,0.014744951
0,38390,0.014720069
0,38400,0.014695234
0,38410,0.014670444
0,38420,0.0146457
0,38430,0.014621003
0,38440,0.014596351
0,38450,0.014571746
0,38460,0.014547186
0,38470,0.014522672
0,38480,0.014498203
0,38490,0.01447378
0,38500,0.014449403
0,38510,0.014425071
0,38520,0.014400784
0,38530,0.014376542
0,38540,0.014352345
0,38550,0.014328193
0,38560,0.014304087
0,38570,0.014280025
0,38580,0.014256007
0,38590,0.014232035
0,38600,0.014208107
0,38610,0.0141842235
0,38620,0.014160384
0,38630,0.01413659
0,38640,0.0141128395
0,38650,0.014089134
0,38660,0.0140654715
0,38670,0.014041853
0,38680,0.014018279
0,38690,0.013994749
0,38700,0.013971262
0,38710,0.013947818
0,38720,0.01392442
0,38730,0.013901063
0,38740,0.013877751
0,38750,0.013854482
0,38760,0.013831256
0,38770,0.0138080735
0,38780,0.013784934
0,38790,0.013761838
0,38800,0.013738784
0,38810,0.013715774
0,38820,0.013692806
0,38830,0.01366988
0,38840,0.0136469975
0,38850,0.013624158
0,38860,0.01360136
0,38870,0.013578605
0,38880,0.013555892
0,38890,0.013533222
0,38900,0.013510593
0,38910,0.013488007
0,38920,0.013465462
0,38930,0.01344296
0,38940,0.013420499
0,38950,0.01339808
0,38960,0.013375702
0,38970,0.013353367
0,38980,0.013331072
0,38990,0.01330882
0,39000,0.013286608
0,39010,0.013264438
0,39020,0.01324231
0,39030,0.013220222
0,39040,0.0131981755
0,39050,0.013176169
0,39060,0.013154205
0,39070,0.013132281
0,39080,0.013110397
0,39090,0.013088554
0,39100,0.013066753
0,39110,0.0130449915
0,39120,0.01302327
0,39130,0.013001589
0,39140,0.012979949
0,39150,0.012958349
0,39160,0.012936789
0,39170,0.012915269
0,39180,0.0128937885
0,39190,0.012872349
0,39200,0.012850949
0,39210,0.012829588
0,39220,0.012808267
0,39230,0.012786985
0,39240,0.012765744
0,39250,0.012744542
0,39260,0.012723379
0,39270,0.0127022555
0,39280,0.012681171
0,39290,0.012660126
0,39300,0.01263912
0,39310,0.012618153
0,39320,0.012597225
0,39330,0.012576336
0,39340,0.012555486
0,39350,0.012534674
0,39360,0.012513901
0,39370,0.012493167
0,39380,0.012472471
0,39390,0.012451814
0,39400,0.012431194
0,39410,0.012410614
0,39420,0.012390071
0,39430,0.012369567
0,39440,0.0123491
0,39450,0.012328672
0,39460,0.012308282
0,39470,0.012287929
0,39480,0.012267615
0,39490,0.012247338
0,39500,0.012227098
0,39510,0.012206896
0,39520,0.012186732
0,39530,0.012166605
0,39540,0.012146516
0,39550,0.012126464
0,39560,0.012106449
0,39570,0.012086472
0,39580,0.012066531
0,39590,0.012046627
0,39600,0.012026761
0,39610,0.012006931
0,39620,0.011987138
0,39630,0.011967381
0,39640,0.011947663
0,39650,0.011927979
0,39660,0.011908333
0,39670,0.011888723
0,39680,0.011869149
0,39690,0.011849612
0,39700,0.011830112
0,39710,0.011810647
0,39720,0.011791218
0,39730,0.011771826
0,39740,0.011752469
0,39750,0.011733149
0,39760,0.011713864
0,39770,0.011694615
0,39780,0.011675402
0,39790,0.011656225
0,39800,0.011637082
0,39810,0.011617976
0,39820,0.011598906
0,39830,0.011579869
0,39840,0.011560869
0,39850,0.011541904
0,39860,0.011522975
0,39870,0.01150408
0,39880,0.01148522
0,39890,0.011466396
0,39900,0.011447606
0,39910,0.011428852
0,39920,0.011410131
0,39930,0.011391446
0,39940,0.011372795
0,39950,0.011354179
0,39960,0.011335598
0,39970,0.011317051
0,39980,0.011298538
0,39990,0.01128006
0,40000,0.011261616
0,40010,0.011243206
0,40020,0.0112248305
0,40030,0.011206489
0,40040,0.011188182
0,40050,0.011169909
0,40060,0.011151669
0,40070,0.011133463
0,40080,0.011115291
0,40090,0.011097153
0,40100,0.011079048
0,40110,0.011060977
0,40120,0.0110429395
0,40130,0.011024935
0,40140,0.011006964
0,40150,0.010989027
0,40160,0.010971123
0,40170,0.010953252
0,40180,0.010935415
0,40190,0.01091761
0,40200,0.010899838
0,40210,0.010882099
0,40220,0.010864394
0,40230,0.010846721
0,40240,0.010829081
0,40250,0.010811473
0,40260,0.010793898
0,40270,0.010776356
0,40280,0.010758846
0,40290,0.010741369
0,40300,0.010723923
0,40310,0.010706511
0,40320,0.010689131
0,40330,0.010671783
0,40340,0.010654467
0,40350,0.010637184
0,40360,0.010619932
0,40370,0.010602712
0,40380,0.010585524
0,40390,0.010568368
0,40400,0.010551244
0,40410,0.010534151
0,40420,0.010517091
0,40430,0.010500061
0,40440,0.010483064
0,40450,0.010466098
0,40460,0.010449164
0,40470,0.01043226
0,40480,0.010415388
0,40490,0.010398547
0,40500,0.010381738
0,40510,0.01036496
0,40520,0.010348213
0,40530,0.010331497
0,40540,0.010314811
0,40550,0.010298157
0,40560,0.010281534
0,40570,0.0102649415
0,40580,0.010248379
0,40590,0.010231848
0,40600,0.010215348
0,40610,0.010198877
0,40620,0.010182438
0,40630,0.010166029
0,40640,0.01014965
0,40650,0.010133302
0,40660,0.010116984
0,40670,0.010100696
0,40680,0.010084439
0,40690,0.010068212
0,40700,0.010052014
0,40710,0.010035847
0,40720,0.010019709
0,40730,0.010003602
0,40740,0.009987524
0,40750,0.009971476
0,40760,0.009955458
0,40770,0.009939469
0,40780,0.00992351
0,40790,0.009907581
0,40800,0.009891681
0,40810,0.009875811
0,40820,0.00985997
0,40830,0.009844158
0,40840,0.009828376
0,40850,0.009812622
0,40860,0.009796899
0,40870,0.009781204
0,40880,0.009765537
0,40890,0.0097499015
0,40900,0.009734293
0,40910,0.009718714
0,40920,0.009703164
0,40930,0.009687643
0,40940,0.00967215
0,40950,0.009656686
0,40960,0.009641251
0,40970,0.009625844
0,40980,0.009610466
0,40990,0.009595117
0,41000,0.0095797945
0,41010,0.009564502
0,41020,0.009549237
0,41030,0.009534001
0,41040,0.009518793
0,41050,0.009503612
0,41060,0.009488461
0,41070,0.009473337
0,41080,0.009458241
0,41090,0.009443173
0,41100,0.009428133
0,41110,0.00941312
0,41120,0.009398136
0,41130,0.009383179
0,41140,0.00936825
0,41150,0.009353349
0,41160,0.009338475
0,41170,0.009323629
0,41180,0.009308809
0,41190,0.009294018
0,41200,0.009279254
0,41210,0.009264518
0,41220,0.009249808
0,41230,0.009235126
0,41240,0.009220471
0,41250,0.009205842
0,41260,0.009191241
0,41270,0.009176668
0,41280,0.0091621205
0,41290,0.0091476
0,41300,0.009133107
0,41310,0.009118641
0,41320,0.009104202
0,41330,0.009089788
0,41340,0.009075402
0,41350,0.009061042
0,41360,0.009046709
0,41370,0.009032402
0,41380,0.009018122
0,41390,0.009003868
0,41400,0.008989641
0,41410,0.00897544
0,41420,0.008961265
0,41430,0.008947116
0,41440,0.008932994
0,41450,0.008918898
0,41460,0.008904828
0,41470,0.008890783
0,41480,0.008876765
0,41490,0.008862773
0,41500,0.008848806
0,41510,0.008834866
0,41520,0.008820951
0,41530,0.008807061
0,41540,0.008793198
0,41550,0.00877936
0,41560,0.008765548
0,41570,0.008751761
0,41580,0.008738
0,41590,0.008724264
0,41600,0.008710553
0,41610,0.008696868
0,41620,0.008683208
0,41630,0.008669574
0,41640,0.008655964
0,41650,0.00864238
0,41660,0.008628821
0,41670,0.008615287
0,41680,0.008601778
0,41690,0.008588294
0,41700,0.008574835
0,41710,0.008561401
0,41720,0.008547991
0,41730,0.008534607
0,41740,0.008521247
0,41750,0.008507911
0,41760,0.008494601
0,41770,0.008481314
0,41780,0.008468052
0,41790,0.0084548155
0,41800,0.008441603
0,41810,0.008428415
0,41820,0.008415251
0,41830,0.008402112
0,41840,0.008388997
0,41850,0.008375905
0,41860,0.008362839
0,41870,0.008349796
0,41880,0.008336778
0,41890,0.008323783
0,41900,0.0083108125
0,41910,0.008297866
0,41920,0.008284943
0,41930,0.008272044
0,41940,0.00825917
0,41950,0.008246318
0,41960,0.00823349
0,41970,0.008220687
0,41980,0.008207907
0,41990,0.008195151
0,42000,0.008182418
0,42010,0.008169708
0,42020,0.008157021
0,42030,0.008144359
0,42040,0.00813172
0,42050,0.008119104
0,42060,0.008106511
0,42070,0.008093942
0,42080,0.008081396
0,42090,0.008068873
0,42100,0.008056373
0,42110,0.008043896
0,42120,0.008031443
0,42130,0.0080190115
0,42140,0.008006603
0,42150,0.007994219
0,42160,0.007981856
0,42170,0.007969517
0,42180,0.0079572005
0,42190,0.007944907
0,42200,0.007932636
0,42210,0.007920387
0,42220,0.007908162
0,42230,0.007895959
0,42240,0.007883778
0,42250,0.007871619
0,42260,0.007859483
0,42270,0.00784737
0,42280,0.007835279
0,42290,0.00782321
0,42300,0.0078111636
0,42310,0.0077991392
0,42320,0.007787137
0,42330,0.0077751568
0,42340,0.007763199
0,42350,0.007751263
0,42360,0.0077393493
0,42370,0.007727457
0,42380,0.0077155875
0,42390,0.007703739
0,42400,0.007691913
0,42410,0.007680109
0,42420,0.007668326
0,42430,0.007656565
0,42440,0.007644826
0,42450,0.007633108
0,42460,0.007621412
0,42470,0.007609738
0,42480,0.007598085
0,42490,0.0075864536
0,42500,0.0075748437
0,42510,0.0075632553
0,42520,0.007551688
0,42530,0.007540142
0,42540,0.0075286175
0,42550,0.0075171143
0,42560,0.007505632
0,42570,0.007494171
0,42580,0.0074827312
0,42590,0.0074713123
0,42600,0.007459915
0,42610,0.007448538
0,42620,0.007437182
0,42630,0.0074258475
0,42640,0.0074145338
0,42650,0.0074032405
0,42660,0.0073919683
0,42670,0.007380717
0,42680,0.007369486
0,42690,0.007358276
0,42700,0.0073470864
0,42710,0.007335918
0,42720,0.0073247696
0,42730,0.0073136417
0,42740,0.0073025348
0,42750,0.007291448
0,42760,0.007280382
0,42770,0.007269336
0,42780,0.0072583104
0,42790,0.007247305
0,42800,0.00723632
0,42810,0.007225355
0,42820,0.0072144107
0,42830,0.0072034863
0,42840,0.007192582
0,42850,0.007181698
0,42860,0.0071708336
0,42870,0.00715999
0,42880,0.0071491655
0,42890,0.007138361
0,42900,0.007127577
0,42910,0.0071168123
0,42920,0.0071060676
0,42930,0.007095343
0,42940,0.007084638
0,42950,0.0070739524
0,42960,0.0070632864
0,42970,0.0070526404
0,42980,0.007042014
0,42990,0.0070314067
0,43000,0.0070208195
0,43010,0.0070102513
0,43020,0.006999703
0,43030,0.006989174
0,43040,0.006978664
0,43050,0.0069681737
0,43060,0.006957703
0,43070,0.006947251
0,43080,0.0069368184
0,43090,0.006926405
0,43100,0.0069160108
0,43110,0.006905636
0,43120,0.00689528
0,43130,0.0068849428
0,43140,0.006874625
0,43150,0.006864326
0,43160,0.006854046
0,43170,0.006843785
0,43180,0.0068335426
0,43190,0.0068233195
0,43200,0.006813115
0,43210,0.006802929
0,43220,0.006792762
0,43230,0.0067826137
0,43240,0.006772484
0,43250,0.006762373
0,43260,0.0067522805
0,43270,0.006742207
0,43280,0.0067321514
0,43290,0.0067221145
0,43300,0.006712096
0,43310,0.006702096
0,43320,0.0066921143
0,43330,0.006682151
0,43340,0.0066722063
0,43350,0.0066622794
0,43360,0.006652371
0,43370,0.006642481
0,43380,0.006632609
0,43390,0.006622755
0,43400,0.0066129193
0,43410,0.0066031017
0,43420,0.006593302
0,43430,0.0065835207
0,43440,0.0065737567
0,43450,0.0065640113
0,43460,0.006554283
0,43470,0.0065445737
0,43480,0.0065348814
0,43490,0.0065252073
0,43500,0.006515551
0,43510,0.006505912
0,43520,0.006496291
0,43530,0.006486688
0,43540,0.006477102
0,43550,0.0064675338
0,43560,0.0064579835
0,43570,0.0064484505
0,43580,0.006438935
0,43590,0.006429437
0,43600,0.0064199567
0,43610,0.0064104935
0,43620,0.0064010476
0,43630,0.0063916193
0,43640,0.0063822083
0,43650,0.0063728145
0,43660,0.006363438
0,43670,0.0063540787
0,43680,0.0063447366
0,43690,0.0063354117
0,43700,0.006326104
0,43710,0.006316813
0,43720,0.0063075395
0,43730,0.0062982826
0,43740,0.006289043
0,43750,0.0062798206
0,43760,0.0062706145
0,43770,0.0062614256
0,43780,0.006252254
0,43790,0.0062430985
0,43800,0.0062339604
0,43810,0.0062248386
0,43820,0.006215734
0,43830,0.0062066456
0,43840,0.006197574
0,43850,0.0061885193
0,43860,0.0061794813
0,43870,0.0061704596
0,43880,0.0061614546
0,43890,0.006152466
0,43900,0.006143494
0,43910,0.0061345384
0,43920,0.006125599
0,43930,0.0061166766
0,43940,0.00610777
0,43950,0.00609888
0,43960,0.0060900063
0,43970,0.006081149
0,43980,0.0060723075
0,43990,0.0060634827
0,44000,0.006054674
0,44010,0.006045881
0,44020,0.0060371044
0,44030,0.0060283444
0,44040,0.0060195997
0,44050,0.0060108714
0,44060,0.0060021593
0,44070,0.0059934626
0,44080,0.0059847822
0,44090,0.005976118
0,44100,0.0059674694
0,44110,0.0059588365
0,44120,0.0059502195
0,44130,0.0059416187
0,44140,0.0059330333
0,44150,0.0059244637
0,44160,0.0059159095
0,44170,0.0059073716
0,44180,0.0058988486
0,44190,0.005890342
0,44200,0.0058818506
0,44210,0.0058733746
0,44220,0.0058649145
0,44230,0.0058564697
0,44240,0.0058480403
0,44250,0.0058396263
0,44260,0.005831228
0,44270,0.005822845
0,44280,0.0058144773
0,44290,0.005806125
0,44300,0.0057977876
0,44310,0.005789466
0,44320,0.0057811593
0,44330,0.005772868
0,44340,0.005764592
0,44350,0.005756331
0,44360,0.005748085
0,44370,0.005739854
0,44380,0.0057316385
0,44390,0.0057234378
0,44400,0.0057152524
0,44410,0.005707082
0,44420,0.005698926
0,44430,0.005690785
0,44440,0.0056826593
0,44450,0.0056745484
0,44460,0.0056664525
0,44470,0.005658371
0,44480,0.0056503047
0,44490,0.005642253
0,44500,0.0056342157
0,44510,0.0056261937
0,44520,0.0056181857
0,44530,0.005610193
0,44540,0.0056022145
0,44550,0.0055942507
0,44560,0.005586302
0,44570,0.005578367
0,44580,0.005570447
0,44590,0.0055625415
0,44600,0.0055546504
0,44610,0.005546774
0,44620,0.0055389116
0,44630,0.0055310633
0,44640,0.00552323
0,44650,0.0055154106
0,44660,0.0055076056
0,44670,0.005499815
0,44680,0.0054920386
0,44690,0.0054842765
0,44700,0.005476529
0,44710,0.0054687946
0,44720,0.0054610753
0,44730,0.0054533696
0,44740,0.0054456783
0,44750,0.005438001
0,44760,0.0054303375
0,44770,0.005422688
0,44780,0.0054150526
0,44790,0.005407431
0,44800,0.0053998237
0,44810,0.00539223
0,44820,0.0053846505
0,44830,0.0053770845
0,44840,0.005369533
0,44850,0.0053619947
0,44860,0.00535447
0,44870,0.0053469595
0,44880,0.0053394623
0,44890,0.005331979
0,44900,0.0053245095
0,44910,0.0053170538
0,44920,0.0053096116
0,44930,0.005302183
0,44940,0.0052947677
0,44950,0.005287366
0,44960,0.005279978
0,44970,0.005272603
0,44980,0.005265242
0,44990,0.0052578943
0,45000,0.00525056
0,45010,0.0052432395
0,45020,0.005235932
0,45030,0.0052286377
0,45040,0.005221357
0,45050,0.0052140895
0,45060,0.005206835
0,45070,0.005199594
0,45080,0.0051923664
0,45090,0.005185152
0,45100,0.0051779505
0,45110,0.005170762
0,45120,0.0051635867
0,45130,0.005156425
0,45140,0.005149276
0,45150,0.0051421397
0,45160,0.005135017
0,45170,0.005127907
0,45180,0.00512081
0,45190,0.005113726
0,45200,0.005106655
0,45210,0.005099597
0,45220,0.0050925515
0,45230,0.005085519
0,45240,0.005078499
0,45250,0.0050714924
0,45260,0.0050644986
0,45270,0.0050575174
0,45280,0.005050549
0,45290,0.005043593
0,45300,0.0050366498
0,45310,0.0050297193
0,45320,0.0050228015
0,45330,0.005015896
0,45340,0.0050090034
0,45350,0.0050021233
0,45360,0.0049952557
0,45370,0.0049884007
0,45380,0.0049815583
0,45390,0.0049747285
0,45400,0.0049679107
0,45410,0.0049611055
0,45420,0.004954313
0,45430,0.0049475324
0,45440,0.0049407645
0,45450,0.0049340087
0,45460,0.0049272655
0,45470,0.0049205343
0,45480,0.0049138153
0,45490,0.004907109
0,45500,0.0049004145
0,45510,0.0048937323
0,45520,0.0048870626
0,45530,0.0048804046
0,45540,0.0048737586
0,45550,0.0048671253
0,45560,0.0048605036
0,45570,0.0048538945
0,45580,0.004847297
0,45590,0.0048407116
0,45600,0.004834138
0,45610,0.0048275767
0,45620,0.004821027
0,45630,0.0048144893
0,45640,0.004807964
0,45650,0.00480145
0,45660,0.0047949483
0,45670,0.004788458
0,45680,0.0047819796
0,45690,0.004775513
0,45700,0.0047690584
0,45710,0.0047626155
0,45720,0.0047561843
0,45730,0.0047497647
0,45740,0.0047433567
0,45750,0.0047369604
0,45760,0.004730576
0,45770,0.004724203
0,45780,0.0047178417
0,45790,0.004711492
0,45800,0.004705154
0,45810,0.004698827
0,45820,0.0046925116
0,45830,0.004686208
0,45840,0.004679916
0,45850,0.004673635
0,45860,0.0046673655
0,45870,0.0046611074
0,45880,0.004654861
0,45890,0.004648626
0,45900,0.004642402
0,45910,0.0046361894
0,45920,0.0046299878
0,45930,0.0046237977
0,45940,0.0046176193
0,45950,0.0046114516
0,45960,0.004605295
0,45970,0.0045991503
0,45980,0.004593016
0,45990,0.004586893
0,46000,0.004580782
0,46010,0.004574681
0,46020,0.0045685917
0,46030,0.004562513
0,46040,0.004556446
0,46050,0.0045503895
0,46060,0.004544344
0,46070,0.0045383093
0,46080,0.004532286
0,46090,0.0045262733
0,46100,0.004520272
0,46110,0.004514281
0,46120,0.0045083016
0,46130,0.004502333
0,46140,0.0044963746
0,46150,0.004490427
0,46160,0.0044844905
0,46170,0.004478565
0,46180,0.00447265
0,46190,0.004466746
0,46200,0.004460852
0,46210,0.0044549694
0,46220,0.0044490974
0,46230,0.0044432357
0,46240,0.004437385
0,46250,0.004431545
0,46260,0.004425715
0,46270,0.0044198963
0,46280,0.0044140876
0,46290,0.0044082897
0,46300,0.0044025024
0,46310,0.0043967254
0,46320,0.004390959
0,46330,0.004385203
0,46340,0.0043794573
0,46350,0.0043737222
0,46360,0.0043679974
0,46370,0.0043622833
0,46380,0.0043565794
0,46390,0.0043508857
0,46400,0.0043452024
0,46410,0.004339529
0,46420,0.0043338668
0,46430,0.004328214
0,46440,0.0043225717
0,46450,0.00431694
0,46460,0.004311318
0,46470,0.0043057064
0,46480,0.004300105
0,46490,0.0042945137
0,46500,0.004288933
0,46510,0.0042833616
0,46520,0.0042778007
0,46530,0.00427225
0,46540,0.004266709
0,46550,0.0042611784
0,46560,0.0042556575
0,46570,0.004250147
0,46580,0.004244646
0,46590,0.004239155
0,46600,0.004233674
0,46610,0.0042282036
0,46620,0.0042227423
0,46630,0.0042172913
0,46640,0.00421185
0,46650,0.0042064185
0,46660,0.004200997
0,46670,0.004195585
0,46680,0.0041901832
0,46690,0.004184791
0,46700,0.0041794083
0,46710,0.0041740355
0,46720,0.004168673
0,46730,0.0041633192
0,46740,0.004157976
0,46750,0.004152642
0,46760,0.0041473177
0,46770,0.004142003
0,46780,0.004136698
0,46790,0.0041314024
0,46800,0.0041261166
0,46810,0.00412084
0,46820,0.0041155736
0,46830,0.0041103163
0,46840,0.0041050687
0,46850,0.0040998305
0,46860,0.0040946016
0,46870,0.0040893825
0,46880,0.0040841727
0,46890,0.004078972
0,46900,0.004073781
0,46910,0.0040685995
0,46920,0.004063427
0,46930,0.004058264
0,46940,0.0040531103
0,46950,0.004047966
0,46960,0.0040428312
0,46970,0.0040377053
0,46980,0.004032589
0,46990,0.0040274817
0,47000,0.0040223836
0,47010,0.004017295
0,47020,0.004012215
0,47030,0.004007145
0,47040,0.0040020836
0,47050,0.003997031
0,47060,0.0039919885
0,47070,0.003986954
0,47080,0.0039819297
0,47090,0.0039769136
0,47100,0.003971907
0,47110,0.0039669094
0,47120,0.0039619207
0,47130,0.003956941
0,47140,0.0039519705
0,47150,0.003947009
0,47160,0.003942056
0,47170,0.003937112
0,47180,0.0039321776
0,47190,0.0039272513
0,47200,0.0039223344
0,47210,0.0039174263
0,47220,0.0039125266
0,47230,0.0039076363
0,47240,0.0039027545
0,47250,0.0038978816
0,47260,0.0038930175
0,47270,0.0038881623
0,47280,0.0038833157
0,47290,0.0038784777
0,47300,0.0038736486
0,47310,0.0038688283
0,47320,0.0038640166
0,47330,0.0038592136
0,47340,0.003854419
0,47350,0.0038496333
0,47360,0.0038448563
0,47370,0.0038400877
0,47380,0.0038353277
0,47390,0.0038305763
0,47400,0.0038258336
0,47410,0.0038210994
0,47420,0.0038163736
0,47430,0.0038116565
0,47440,0.0038069477
0,47450,0.0038022473
0,47460,0.0037975556
0,47470,0.0037928724
0,47480,0.0037881974
0,47490,0.003783531
0,47500,0.003778873
0,47510,0.0037742232
0,47520,0.003769582
0,47530,0.003764949
0,47540,0.0037603243
0,47550,0.003755708
0,47560,0.0037511
0,47570,0.0037465005
0,47580,0.003741909
0,47590,0.0037373258
0,47600,0.003732751
0,47610,0.0037281842
0,47620,0.0037236258
0,47630,0.0037190756
0,47640,0.0037145333
0,47650,0.0037099994
0,47660,0.0037054736
0,47670,0.003700956
0,47680,0.0036964465
0,47690,0.0036919452
0,47700,0.0036874518
0,47710,0.0036829666
0,47720,0.0036784895
0,47730,0.0036740203
0,47740,0.0036695593
0,47750,0.0036651061
0,47760,0.0036606612
0,47770,0.003656224
0,47780,0.003651795
0,47790,0.0036473738
0,47800,0.0036429607
0,47810,0.0036385553
0,47820,0.003634158
0,47830,0.0036297685
0,47840,0.003625387
0,47850,0.0036210134
0,47860,0.0036166473
0,47870,0.0036122894
0,47880,0.0036079392
0,47890,0.003603597
0,47900,0.0035992623
0,47910,0.0035949354
0,47920,0.0035906164
0,47930,0.003586305
0,47940,0.0035820017
0,47950,0.0035777057
0,47960,0.0035734177
0,47970,0.003569137
0,47980,0.0035648644
0,47990,0.0035605994
0,48000,0.0035563419
0,48010,0.0035520922
0,48020,0.00354785
0,48030,0.0035436153
0,48040,0.0035393885
0,48050,0.003535169
0,48060,0.0035309573
0,48070,0.0035267528
0,48080,0.0035225563
0,48090,0.003518367
0,48100,0.0035141853
0,48110,0.0035100111
0,48120,0.0035058444
0,48130,0.003501685
0,48140,0.0034975333
0,48150,0.0034933889
0,48160,0.003489252
0,48170,0.0034851225
0,48180,0.0034810002
0,48190,0.0034768856
0,48200,0.0034727782
0,48210,0.003468678
0,48220,0.0034645854
0,48230,0.0034605002
0,48240,0.0034564221
0,48250,0.0034523513
0,48260,0.003448288
0,48270,0.0034442316
0,48280,0.0034401827
0,48290,0.0034361412
0,48300,0.0034321067
0,48310,0.0034280794
0,48320,0.0034240594
0,48330,0.0034200465
0,48340,0.003416041
0,48350,0.0034120425
0,48360,0.003408051
0,48370,0.003404067
0,48380,0.00340009
0,48390,0.00339612
0,48400,0.0033921571
0,48410,0.0033882014
0,48420,0.0033842528
0,48430,0.003380311
0,48440,0.0033763763
0,48450,0.003372449
0,48460,0.0033685283
0,48470,0.003364615
0,48480,0.0033607082
0,48490,0.0033568088
0,48500,0.003352916
0,48510,0.0033490306
0,48520,0.003345152
0,48530,0.0033412802
0,48540,0.0033374154
0,48550,0.0033335574
0,48560,0.0033297064
0,48570,0.003325862
0,48580,0.0033220248
0,48590,0.0033181943
0,48600,0.0033143708
0,48610,0.003310554
0,48620,0.003306744
0,48630,0.0033029409
0,48640,0.0032991443
0,48650,0.0032953548
0,48660,0.003291572
0,48670,0.003287796
0,48680,0.0032840264
0,48690,0.0032802639
0,48700,0.0032765078
0,48710,0.0032727586
0,48720,0.003269016
0,48730,0.0032652803
0,48740,0.003261551
0,48750,0.0032578285
0,48760,0.0032541126
0,48770,0.0032504033
0,48780,0.0032467006
0,48790,0.0032430044
0,48800,0.003239315
0,48810,0.003235632
0,48820,0.0032319557
0,48830,0.0032282858
0,48840,0.0032246227
0,48850,0.0032209659
0,48860,0.0032173155
0,48870,0.003213672
0,48880,0.0032100347
0,48890,0.003206404
0,48900,0.0032027795
0,48910,0.0031991617
0,48920,0.0031955503
0,48930,0.0031919454
0,48940,0.0031883467
0,48950,0.0031847546
0,48960,0.0031811688
0,48970,0.0031775895
0,48980,0.0031740165
0,48990,0.0031704498
0,49000,0.0031668895
0,49010,0.0031633354
0,49020,0.0031597877
0,49030,0.0031562464
0,49040,0.0031527113
0,49050,0.0031491828
0,49060,0.0031456603
0,49070,0.003142144
0,49080,0.003138634
0,49090,0.0031351303
0,49100,0.0031316327
0,49110,0.0031281414
0,49120,0.0031246564
0,49130,0.0031211774
0,49140,0.0031177048
0,49150,0.0031142381
0,49160,0.0031107778
0,49170,0.0031073235
0,49180,0.0031038756
0,49190,0.0031004336
0,49200,0.0030969977
0,49210,0.003093568
0,49220,0.0030901441
0,49230,0.0030867266
0,49240,0.0030833152
0,49250,0.0030799096
0,49260,0.0030765103
0,49270,0.0030731168
0,49280,0.0030697295
0,49290,0.0030663481
0,49300,0.0030629728
0,49310,0.0030596033
0,49320,0.00305624
0,49330,0.0030528826
0,49340,0.003049531
0,49350,0.0030461855
0,49360,0.003042846
0,49370,0.0030395123
0,49380,0.0030361845
0,49390,0.0030328627
0,49400,0.0030295467
0,49410,0.0030262365
0,49420,0.0030229322
0,49430,0.003019634
0,49440,0.0030163412
0,49450,0.0030130546
0,49460,0.0030097738
0,49470,0.0030064988
0,49480,0.0030032294
0,49490,0.002999966
0,49500,0.0029967083
0,49510,0.0029934563
0,49520,0.0029902102
0,49530,0.0029869697
0,49540,0.002983735
0,49550,0.002980506
0,49560,0.0029772827
0,49570,0.0029740653
0,49580,0.0029708534
0,49590,0.0029676473
0,49600,0.0029644468
0,49610,0.002961252
0,49620,0.0029580626
0,49630,0.002954879
0,49640,0.0029517012
0,49650,0.0029485289
0,49660,0.0029453621
0,49670,0.002942201
0,49680,0.0029390457
0,49690,0.0029358957
0,49700,0.0029327513
0,49710,0.0029296125
0,49720,0.0029264793
0,49730,0.0029233515
0,49740,0.0029202292
0,49750,0.0029171125
0,49760,0.0029140015
0,49770,0.0029108957
0,49780,0.0029077956
0,49790,0.0029047008
0,49800,0.0029016116
0,49810,0.0028985278
0,49820,0.0028954495
0,49830,0.0028923764
0,49840,0.002889309
0,49850,0.002886247
0,49860,0.0028831903
0,49870,0.0028801388
0,49880,0.002877093
0,49890,0.0028740524
0,49900,0.0028710172
0,49910,0.0028679874
0,49920,0.002864963
0,49930,0.0028619438
0,49940,0.00285893
0,49950,0.0028559214
0,49960,0.0028529183
0,49970,0.0028499204
0,49980,0.0028469276
0,49990,0.0028439404
0,50000,0.0028409583
0,50010,0.0028379813
0,50020,0.0028350097
0,50030,0.0028320435
0,50040,0.0028290823
0,50050,0.0028261263
0,50060,0.0028231756
0,50070,0.00282023
0,50080,0.0028172897
0,50090,0.0028143546
0,50100,0.0028114247
0,50110,0.0028084998
0,50120,0.0028055802
0,50130,0.0028026656
0,50140,0.0027997561
0,50150,0.0027968518
0,50160,0.0027939526
0,50170,0.0027910585
0,50180,0.0027881695
0,50190,0.0027852855
0,50200,0.0027824065
0,50210,0.002779533
0,50220,0.002776664
0,50230,0.0027738004
0,50240,0.0027709417
0,50250,0.0027680881
0,50260,0.0027652394
0,50270,0.0027623957
0,50280,0.002759557
0,50290,0.0027567234
0,50300,0.0027538948
0,50310,0.002751071
0,50320,0.0027482524
0,50330,0.0027454384
0,50340,0.0027426295
0,50350,0.0027398258
0,50360,0.0027370267
0,50370,0.0027342325
0,50380,0.0027314434
0,50390,0.002728659
0,50400,0.0027258797
0,50410,0.002723105
0,50420,0.0027203355
0,50430,0.0027175706
0,50440,0.0027148107
0,50450,0.0027120553
0,50460,0.0027093051
0,50470,0.0027065596
0,50480,0.002703819
0,50490,0.0027010832
0,50500,0.002698352
0,50510,0.0026956256
0,50520,0.0026929043
0,50530,0.0026901874
0,50540,0.0026874754
0,50550,0.0026847683
0,50560,0.0026820658
0,50570,0.002679368
0,50580,0.0026766749
0,50590,0.0026739866
0,50600,0.002671303
0,50610,0.002668624
0,50620,0.0026659498
0,50630,0.0026632803
0,50640,0.0026606154
0,50650,0.002657955
0,50660,0.0026552996
0,50670,0.0026526486
0,50680,0.0026500023
0,50690,0.0026473606
0,50700,0.0026447235
0,50710,0.0026420911
0,50720,0.0026394634
0,50730,0.00263684
0,50740,0.0026342215
0,50750,0.0026316072
0,50760,0.002628998
0,50770,0.0026263928
0,50780,0.0026237925
0,50790,0.0026211964
0,50800,0.0026186053
0,50810,0.0026160183
0,50820,0.002613436
0,50830,0.0026108583
0,50840,0.002608285
0,50850,0.0026057162
0,50860,0.0026031518
0,50870,0.002600592
0,50880,0.0025980365
0,50890,0.0025954857
0,50900,0.0025929392
0,50910,0.0025903971
0,50920,0.0025878595
0,50930,0.0025853266
0,50940,0.0025827978
0,50950,0.0025802734
0,50960,0.0025777533
0,50970,0.0025752378
0,50980,0.0025727267
0,50990,0.0025702198
0,51000,0.0025677173
0,51010,0.0025652193
0,51020,0.0025627257
0,51030,0.0025602363
0,51040,0.0025577513
0,51050,0.0025552704
0,51060,0.002552794
0,51070,0.0025503219
0,51080,0.002547854
0,51090,0.0025453905
0,51100,0.0025429314
0,51110,0.0025404764
0,51120,0.0025380258
0,51130,0.0025355795
0,51140,0.0025331373
0,51150,0.0025306994
0,51160,0.0025282656
0,51170,0.0025258362
0,51180,0.002523411
0,51190,0.00252099
0,51200,0.0025185733
0,51210,0.0025161607
0,51220,0.0025137523
0,51230,0.002511348
0,51240,0.0025089479
0,51250,0.002506552
0,51260,0.0025041604
0,51270,0.0025017727
0,51280,0.0024993895
0,51290,0.0024970102
0,51300,0.0024946348
0,51310,0.002492264
0,51320,0.002489897
0,51330,0.0024875342
0,51340,0.0024851754
0,51350,0.0024828208
0,51360,0.0024804703
0,51370,0.0024781239
0,51380,0.0024757814
0,51390,0.002473443
0,51400,0.0024711087
0,51410,0.0024687785
0,51420,0.0024664523
0,51430,0.0024641303
0,51440,0.002461812
0,51450,0.002459498
0,51460,0.0024571877
0,51470,0.0024548816
0,51480,0.0024525796
0,51490,0.0024502813
0,51500,0.0024479872
0,51510,0.0024456969
0,51520,0.0024434107
0,51530,0.0024411285
0,51540,0.00243885
0,51550,0.0024365757
0,51560,0.0024343051
0,51570,0.0024320388
0,51580,0.0024297761
0,51590,0.0024275174
0,51600,0.0024252625
0,51610,0.0024230117
0,51620,0.0024207646
0,51630,0.0024185216
0,51640,0.0024162822
0,51650,0.0024140468
0,51660,0.0024118153
0,51670,0.0024095876
0,51680,0.0024073638
0,51690,0.0024051438
0,51700,0.0024029277
0,51710,0.0024007154
0,51720,0.0023985067
0,51730,0.002396302
0,51740,0.0023941011
0,51750,0.0023919041
0,51760,0.0023897109
0,51770,0.0023875213
0,51780,0.0023853355
0,51790,0.0023831534
0,51800,0.0023809753
0,51810,0.002378801
0,51820,0.00237663
0,51830,0.002374463
0,51840,0.0023722998
0,51850,0.0023701403
0,51860,0.0023679845
0,51870,0.0023658324
0,51880,0.002363684
0,51890,0.0023615393
0,51900,0.0023593984
0,51910,0.002357261
0,51920,0.0023551274
0,51930,0.0023529974
0,51940,0.002350871
0,51950,0.0023487485
0,51960,0.0023466295
0,51970,0.002344514
0,51980,0.0023424025
0,51990,0.0023402942
0,52000,0.0023381899
0,52010,0.002336089
0,52020,0.0023339917
0,52030,0.002331898
0,52040,0.0023298082
0,52050,0.0023277216
0,52060,0.0023256387
0,52070,0.0023235595
0,52080,0.0023214838
0,52090,0.0023194116
0,52100,0.0023173431
0,52110,0.002315278
0,52120,0.0023132164
0,52130,0.0023111585
0,52140,0.0023091042
0,52150,0.0023070532
0,52160,0.0023050057
0,52170,0.002302962
0,52180,0.0023009216
0,52190,0.0022988846
0,52200,0.0022968512
0,52210,0.0022948214
0,52220,0.0022927949
0,52230,0.002290772
0,52240,0.0022887525
0,52250,0.0022867364
0,52260,0.0022847238
0,52270,0.0022827147
0,52280,0.002280709
0,52290,0.0022787068
0,52300,0.002276708
0,52310,0.0022747125
0,52320,0.0022727204
0,52330,0.0022707318
0,52340,0.0022687467
0,52350,0.0022667649
0,52360,0.0022647865
0,52370,0.0022628114
0,52380,0.0022608398
0,52390,0.0022588714
0,52400,0.0022569066
0,52410,0.002254945
0,52420,0.0022529867
0,52430,0.0022510318
0,52440,0.0022490802
0,52450,0.0022471321
0,52460,0.0022451873
0,52470,0.0022432457
0,52480,0.0022413074
0,52490,0.0022393726
0,52500,0.0022374408
0,52510,0.0022355125
0,52520,0.0022335874
0,52530,0.0022316657
0,52540,0.0022297471
0,52550,0.002227832
0,52560,0.00222592
0,52570,0.0022240113
0,52580,0.0022221059
0,52590,0.0022202036
0,52600,0.0022183047
0,52610,0.002216409
0,52620,0.0022145165
0,52630,0.0022126273
0,52640,0.0022107412
0,52650,0.0022088583
0,52660,0.0022069786
0,52670,0.0022051022
0,52680,0.0022032289
0,52690,0.0022013588
0,52700,0.002199492
0,52710,0.0021976281
0,52720,0.0021957676
0,52730,0.0021939103
0,52740,0.002192056
0,52750,0.002190205
0,52760,0.002188357
0,52770,0.0021865123
0,52780,0.0021846707
0,52790,0.002182832
0,52800,0.0021809966
0,52810,0.0021791644
0,52820,0.002177335
0,52830,0.002175509
0,52840,0.0021736862
0,52850,0.0021718661
0,52860,0.0021700494
0,52870,0.0021682356
0,52880,0.002166425
0,52890,0.0021646174
0,52900,0.002162813
0,52910,0.0021610116
0,52920,0.0021592132
0,52930,0.0021574178
0,52940,0.0021556255
0,52950,0.0021538362
0,52960,0.00215205
0,52970,0.0021502667
0,52980,0.0021484864
0,52990,0.0021467092
0,53000,0.002144935
0,53010,0.002143164
0,53020,0.0021413956
0,53030,0.0021396305
0,53040,0.0021378682
0,53050,0.002136109
0,53060,0.0021343527
0,53070,0.0021325995
0,53080,0.002130849
0,53090,0.0021291017
0,53100,0.0021273573
0,53110,0.002125616
0,53120,0.0021238774
0,53130,0.0021221417
0,53140,0.0021204092
0,53150,0.0021186792
0,53160,0.0021169526
0,53170,0.0021152287
0,53180,0.0021135076
0,53190,0.0021117895
0,53200,0.0021100743
0,53210,0.002108362
0,53220,0.0021066526
0,53230,0.002104946
0,53240,0.0021032423
0,53250,0.0021015415
0,53260,0.0020998437
0,53270,0.0020981485
0,53280,0.0020964562
0,53290,0.002094767
0,53300,0.0020930804
0,53310,0.0020913968
0,53320,0.002089716
0,53330,0.002088038
0,53340,0.0020863628
0,53350,0.0020846904
0,53360,0.0020830208
0,53370,0.002081354
0,53380,0.00207969
0,53390,0.0020780289
0,53400,0.0020763704
0,53410,0.002074715
0,53420,0.0020730621
0,53430,0.002071412
0,53440,0.0020697648
0,53450,0.0020681203
0,53460,0.0020664786
0,53470,0.0020648397
0,53480,0.0020632034
0,53490,0.00206157
0,53500,0.0020599393
0,53510,0.0020583111
0,53520,0.002056686
0,53530,0.0020550634
0,53540,0.0020534436
0,53550,0.0020518263
0,53560,0.0020502121
0,53570,0.0020486002
0,53580,0.0020469914
0,53590,0.002045385
0,53600,0.0020437813
0,53610,0.0020421804
0,53620,0.0020405822
0,53630,0.0020389867
0,53640,0.0020373939
0,53650,0.0020358034
0,53660,0.002034216
0,53670,0.002032631
0,53680,0.0020310488
0,53690,0.002029469
0,53700,0.002027892
0,53710,0.0020263176
0,53720,0.002024746
0,53730,0.002023177
0,53740,0.0020216105
0,53750,0.0020200466
0,53760,0.0020184852
0,53770,0.0020169266
0,53780,0.0020153706
0,53790,0.0020138172
0,53800,0.0020122663
0,53810,0.002010718
0,53820,0.0020091722
0,53830,0.0020076293
0,53840,0.0020060886
0,53850,0.0020045508
0,53860,0.0020030153
0,53870,0.0020014825
0,53880,0.0019999521
0,53890,0.0019984243
0,53900,0.0019968993
0,53910,0.0019953765
0,53920,0.0019938564
0,53930,0.0019923388
0,53940,0.0019908235
0,53950,0.001989311
0,53960,0.001987801
0,53970,0.0019862936
0,53980,0.0019847886
0,53990,0.0019832859
0,54000,0.001981786
0,54010,0.0019802884
0,54020,0.0019787934
0,54030,0.0019773007
0,54040,0.0019758106
0,54050,0.001974323
0,54060,0.0019728378
0,54070,0.0019713552
0,54080,0.001969875
0,54090,0.0019683973
0,54100,0.0019669218
0,54110,0.001965449
0,54120,0.0019639786
0,54130,0.0019625106
0,54140,0.001961045
0,54150,0.0019595819
0,54160,0.001958121
0,54170,0.0019566629
0,54180,0.001955207
0,54190,0.0019537536
0,54200,0.0019523025
0,54210,0.0019508539
0,54220,0.0019494075
0,54230,0.0019479637
0,54240,0.0019465222
0,54250,0.0019450831
0,54260,0.0019436463
0,54270,0.001942212
0,54280,0.0019407801
0,54290,0.0019393505
0,54300,0.0019379233
0,54310,0.0019364983
0,54320,0.0019350757
0,54330,0.0019336556
0,54340,0.0019322378
0,54350,0.0019308223
0,54360,0.0019294091
0,54370,0.0019279983
0,54380,0.0019265898
0,54390,0.0019251836
0,54400,0.0019237796
0,54410,0.0019223781
0,54420,0.0019209789
0,54430,0.0019195819
0,54440,0.0019181872
0,54450,0.0019167949
0,54460,0.0019154048
0,54470,0.001914017
0,54480,0.0019126316
0,54490,0.0019112484
0,54500,0.0019098674
0,54510,0.0019084888
0,54520,0.0019071124
0,54530,0.0019057383
0,54540,0.0019043664
0,54550,0.0019029968
0,54560,0.0019016294
0,54570,0.0019002643
0,54580,0.0018989014
0,54590,0.0018975408
0,54600,0.0018961823
0,54610,0.0018948262
0,54620,0.0018934722
0,54630,0.0018921205
0,54640,0.001890771
0,54650,0.0018894237
0,54660,0.0018880785
0,54670,0.0018867357
0,54680,0.001885395
0,54690,0.0018840565
0,54700,0.0018827202
0,54710,0.001881386
0,54720,0.0018800541
0,54730,0.0018787244
0,54740,0.0018773968
0,54750,0.0018760714
0,54760,0.0018747482
0,54770,0.0018734271
0,54780,0.0018721082
0,54790,0.0018707914
0,54800,0.0018694769
0,54810,0.0018681644
0,54820,0.001866854
0,54830,0.0018655459
0,54840,0.0018642399
0,54850,0.001862936
0,54860,0.0018616342
0,54870,0.0018603345
0,54880,0.001859037
0,54890,0.0018577416
0,54900,0.0018564482
0,54910,0.0018551571
0,54920,0.001853868
0,54930,0.001852581
0,54940,0.0018512962
0,54950,0.0018500134
0,54960,0.0018487326
0,54970,0.001847454
0,54980,0.0018461775
0,54990,0.001844903
0,55000,0.0018436306
0,55010,0.0018423602
0,55020,0.001841092
0,55030,0.0018398258
0,55040,0.0018385617
0,55050,0.0018372996
0,55060,0.0018360396
0,55070,0.0018347816
0,55080,0.0018335256
0,55090,0.0018322717
0,55100,0.0018310199
0,55110,0.00182977
0,55120,0.0018285222
0,55130,0.0018272764
0,55140,0.0018260326
0,55150,0.001824791
0,55160,0.0018235513
0,55170,0.0018223135
0,55180,0.0018210778
0,55190,0.001819844
0,55200,0.0018186123
0,55210,0.0018173826
0,55220,0.0018161548
0,55230,0.0018149291
0,55240,0.0018137053
0,55250,0.0018124835
0,55260,0.0018112637
0,55270,0.0018100459
0,55280,0.0018088301
0,55290,0.0018076161
0,55300,0.0018064042
0,55310,0.0018051942
0,55320,0.0018039861
0,55330,0.0018027801
0,55340,0.001801576
0,55350,0.0018003738
0,55360,0.0017991735
0,55370,0.0017979752
0,55380,0.0017967788
0,55390,0.0017955843
0,55400,0.0017943918
0,55410,0.0017932012
0,55420,0.0017920125
0,55430,0.0017908257
0,55440,0.0017896409
0,55450,0.001788458
0,55460,0.0017872769
0,55470,0.0017860978
0,55480,0.0017849205
0,55490,0.0017837451
0,55500,0.0017825717
0,55510,0.0017814001
0,55520,0.0017802303
0,55530,0.0017790626
0,55540,0.0017778965
0,55550,0.0017767325
0,55560,0.0017755703
0,55570,0.0017744099
0,55580,0.0017732515
0,55590,0.0017720949
0,55600,0.0017709401
0,55610,0.0017697872
0,55620,0.0017686362
0,55630,0.0017674869
0,55640,0.0017663395
0,55650,0.001765194
0,55660,0.0017640502
0,55670,0.0017629084
0,55680,0.0017617684
0,55690,0.0017606302
0,55700,0.0017594937
0,55710,0.0017583591
0,55720,0.0017572264
0,55730,0.0017560954
0,55740,0.0017549662
0,55750,0.001753839
0,55760,0.0017527133
0,55770,0.0017515896
0,55780,0.0017504677
0,55790,0.0017493475
0,55800,0.0017482291
0,55810,0.0017471125
0,55820,0.0017459977
0,55830,0.0017448846
0,55840,0.0017437735
0,55850,0.0017426639
0,55860,0.0017415562
0,55870,0.0017404503
0,55880,0.0017393461
0,55890,0.0017382436
0,55900,0.001737143
0,55910,0.0017360441
0,55920,0.0017349469
0,55930,0.0017338514
0,55940,0.0017327578
0,55950,0.0017316658
0,55960,0.0017305756
0,55970,0.0017294871
0,55980,0.0017284004
0,55990,0.0017273152
0,56000,0.001726232
0,56010,0.0017251504
0,56020,0.0017240705
0,56030,0.0017229924
0,56040,0.0017219159
0,56050,0.0017208412
0,56060,0.0017197682
0,56070,0.0017186968
0,56080,0.0017176272
0,56090,0.0017165592
0,56100,0.0017154929
0,56110,0.0017144284
0,56120,0.0017133655
0,56130,0.0017123043
0,56140,0.0017112448
0,56150,0.001710187
0,56160,0.0017091307
0,56170,0.0017080762
0,56180,0.0017070234
0,56190,0.0017059722
0,56200,0.0017049228
0,56210,0.0017038749
0,56220,0.0017028287
0,56230,0.0017017841
0,56240,0.0017007412
0,56250,0.0016996999
0,56260,0.0016986603
0,56270,0.0016976224
0,56280,0.001696586
0,56290,0.0016955512
0,56300,0.0016945181
0,56310,0.0016934867
0,56320,0.0016924569
0,56330,0.0016914287
0,56340,0.001690402
0,56350,0.0016893771
0,56360,0.0016883537
0,56370,0.0016873319
0,56380,0.0016863118
0,56390,0.0016852933
0,56400,0.0016842763
0,56410,0.0016832609
0,56420,0.0016822472
0,56430,0.001681235
0,56440,0.0016802244
0,56450,0.0016792155
0,56460,0.001678208
0,56470,0.0016772022
0,56480,0.0016761979
0,56490,0.0016751952
0,56500,0.0016741941
0,56510,0.0016731946
0,56520,0.0016721966
0,56530,0.0016712002
0,56540,0.0016702053
0,56550,0.001669212
0,56560,0.0016682203
0,56570,0.00166723
0,56580,0.0016662413
0,56590,0.0016652542
0,56600,0.0016642687
0,56610,0.0016632846
0,56620,0.0016623022
0,56630,0.0016613211
0,56640,0.0016603417
0,56650,0.0016593639
0,56660,0.0016583875
0,56670,0.0016574126
0,56680,0.0016564393
0,56690,0.0016554674
0,56700,0.0016544971
0,56710,0.0016535283
0,56720,0.001652561
0,56730,0.0016515952
0,56740,0.001650631
0,56750,0.0016496682
0,56760,0.0016487068
0,56770,0.0016477471
0,56780,0.0016467888
0,56790,0.001645832
0,56800,0.0016448767
0,56810,0.0016439228
0,56820,0.0016429704
0,56830,0.0016420195
0,56840,0.0016410701
0,56850,0.0016401222
0,56860,0.0016391757
0,56870,0.0016382306
0,56880,0.0016372872
0,56890,0.001636345
0,56900,0.0016354044
0,56910,0.0016344653
0,56920,0.0016335276
0,56930,0.0016325912
0,56940,0.0016316564
0,56950,0.0016307231
0,56960,0.0016297912
0,56970,0.0016288607
0,56980,0.0016279316
0,56990,0.001627004
0,57000,0.0016260778
0,57010,0.0016251531
0,57020,0.0016242297
0,57030,0.0016233078
0,57040,0.0016223873
0,57050,0.0016214683
0,57060,0.0016205506
0,57070,0.0016196345
0,57080,0.0016187195
0,57090,0.0016178061
0,57100,0.0016168942
0,57110,0.0016159836
0,57120,0.0016150743
0,57130,0.0016141665
0,57140,0.0016132601
0,57150,0.0016123551
0,57160,0.0016114515
0,57170,0.0016105492
0,57180,0.0016096483
0,57190,0.0016087489
0,57200,0.0016078508
0,57210,0.001606954
0,57220,0.0016060587
0,57230,0.0016051647
0,57240,0.0016042722
0,57250,0.0016033809
0,57260,0.001602491
0,57270,0.0016016025
0,57280,0.0016007153
0,57290,0.0015998296
0,57300,0.0015989451
0,57310,0.0015980621
0,57320,0.0015971804
0,57330,0.0015962999
0,57340,0.0015954209
0,57350,0.0015945432
0,57360,0.0015936668
0,57370,0.0015927919
0,57380,0.0015919182
0,57390,0.0015910458
0,57400,0.0015901747
0,57410,0.001589305
0,57420,0.0015884367
0,57430,0.0015875696
0,57440,0.0015867039
0,57450,0.0015858394
0,57460,0.0015849763
0,57470,0.0015841146
0,57480,0.0015832541
0,57490,0.0015823949
0,57500,0.0015815371
0,57510,0.0015806805
0,57520,0.0015798253
0,57530,0.0015789713
0,57540,0.0015781187
0,57550,0.0015772673
0,57560,0.0015764172
0,57570,0.0015755685
0,57580,0.001574721
0,57590,0.0015738747
0,57600,0.0015730298
0,57610,0.0015721861
0,57620,0.0015713437
0,57630,0.0015705026
0,57640,0.0015696628
0,57650,0.0015688242
0,57660,0.0015679869
0,57670,0.0015671509
0,57680,0.0015663161
0,57690,0.0015654826
0,57700,0.0015646503
0,57710,0.0015638194
0,57720,0.0015629897
0,57730,0.0015621611
0,57740,0.0015613339
0,57750,0.0015605079
0,57760,0.0015596831
0,57770,0.0015588596
0,57780,0.0015580374
0,57790,0.0015572164
0,57800,0.0015563966
0,57810,0.001555578
0,57820,0.0015547607
0,57830,0.0015539445
0,57840,0.0015531298
0,57850,0.001552316
0,57860,0.0015515037
0,57870,0.0015506925
0,57880,0.0015498825
0,57890,0.0015490736
0,57900,0.0015482662
0,57910,0.0015474597
0,57920,0.0015466546
0,57930,0.0015458507
0,57940,0.001545048
0,57950,0.0015442465
0,57960,0.0015434461
0,57970,0.0015426469
0,57980,0.001541849
0,57990,0.0015410522
0,58000,0.0015402567
0,58010,0.0015394624
0,58020,0.0015386691
0,58030,0.0015378771
0,58040,0.0015370863
0,58050,0.0015362967
0,58060,0.0015355082
0,58070,0.001534721
0,58080,0.0015339348
0,58090,0.00153315
0,58100,0.0015323662
0,58110,0.0015315836
0,58120,0.0015308021
0,58130,0.0015300219
0,58140,0.0015292427
0,58150,0.0015284647
0,58160,0.001527688
0,58170,0.0015269123
0,58180,0.0015261378
0,58190,0.0015253645
0,58200,0.0015245923
0,58210,0.0015238213
0,58220,0.0015230513
0,58230,0.0015222826
0,58240,0.001521515
0,58250,0.0015207485
0,58260,0.001519983
0,58270,0.0015192189
0,58280,0.0015184558
0,58290,0.0015176939
0,58300,0.001516933
0,58310,0.0015161732
0,58320,0.0015154147
0,58330,0.0015146573
0,58340,0.0015139009
0,58350,0.0015131456
0,58360,0.0015123915
0,58370,0.0015116385
0,58380,0.0015108866
0,58390,0.0015101358
0,58400,0.0015093861
0,58410,0.0015086376
0,58420,0.0015078901
0,58430,0.0015071437
0,58440,0.0015063984
0,58450,0.0015056543
0,58460,0.0015049112
0,58470,0.0015041692
0,58480,0.0015034283
0,58490,0.0015026885
0,58500,0.0015019497
0,58510,0.0015012121
0,58520,0.0015004756
0,58530,0.00149974
0,58540,0.0014990057
0,58550,0.0014982723
0,58560,0.00149754
0,58570,0.001496809
0,58580,0.0014960788
0,58590,0.0014953498
0,58600,0.0014946217
0,58610,0.0014938948
0,58620,0.001493169
0,58630,0.0014924442
0,58640,0.0014917204
0,58650,0.0014909978
0,58660,0.0014902762
0,58670,0.0014895556
0,58680,0.0014888361
0,58690,0.0014881176
0,58700,0.0014874003
0,58710,0.0014866838
0,58720,0.0014859685
0,58730,0.0014852543
0,58740,0.001484541
0,58750,0.0014838288
0,58760,0.0014831176
0,58770,0.0014824074
0,58780,0.0014816984
0,58790,0.0014809902
0,58800,0.0014802832
0,58810,0.0014795772
0,58820,0.0014788721
0,58830,0.0014781682
0,58840,0.0014774651
0,58850,0.0014767633
0,58860,0.0014760623
0,58870,0.0014753625
0,58880,0.0014746635
0,58890,0.0014739656
0,58900,0.0014732687
0,58910,0.0014725729
0,58920,0.001471878
0,58930,0.0014711841
0,58940,0.0014704913
0,58950,0.0014697994
0,58960,0.0014691085
0,58970,0.0014684186
0,58980,0.0014677298
0,58990,0.0014670419
0,59000,0.001466355
0,59010,0.0014656691
0,59020,0.0014649843
0,59030,0.0014643003
0,59040,0.0014636173
0,59050,0.0014629354
0,59060,0.0014622544
0,59070,0.0014615743
0,59080,0.0014608954
0,59090,0.0014602173
0,59100,0.0014595402
0,59110,0.0014588641
0,59120,0.001458189
0,59130,0.0014575148
0,59140,0.0014568416
0,59150,0.0014561693
0,59160,0.001455498
0,59170,0.0014548277
0,59180,0.0014541583
0,59190,0.00145349
0,59200,0.0014528225
0,59210,0.001452156
0,59220,0.0014514904
0,59230,0.0014508258
0,59240,0.0014501623
0,59250,0.0014494995
0,59260,0.0014488378
0,59270,0.0014481769
0,59280,0.0014475171
0,59290,0.0014468582
0,59300,0.0014462002
0,59310,0.0014455431
0,59320,0.001444887
0,59330,0.0014442318
0,59340,0.0014435776
0,59350,0.0014429243
0,59360,0.0014422718
0,59370,0.0014416203
0,59380,0.0014409698
0,59390,0.0014403202
0,59400,0.0014396714
0,59410,0.0014390236
0,59420,0.0014383767
0,59430,0.0014377309
0,59440,0.0014370858
0,59450,0.0014364417
0,59460,0.0014357985
0,59470,0.0014351561
0,59480,0.0014345146
0,59490,0.0014338742
0,59500,0.0014332347
0,59510,0.0014325959
0,59520,0.0014319582
0,59530,0.0014313213
0,59540,0.0014306853
0,59550,0.0014300501
0,59560,0.0014294159
0,59570,0.0014287826
0,59580,0.0014281502
0,59590,0.0014275187
0,59600,0.001426888
0,59610,0.0014262582
0,59620,0.0014256294
0,59630,0.0014250014
0,59640,0.0014243743
0,59650,0.0014237481
0,59660,0.0014231227
0,59670,0.0014224983
0,59680,0.0014218746
0,59690,0.0014212519
0,59700,0.00142063
0,59710,0.0014200091
0,59720,0.0014193889
0,59730,0.0014187697
0,59740,0.0014181513
0,59750,0.0014175338
0,59760,0.0014169172
0,59770,0.0014163014
0,59780,0.0014156864
0,59790,0.0014150724
0,59800,0.0014144591
0,59810,0.0014138467
0,59820,0.0014132352
0,59830,0.0014126246
0,59840,0.0014120147
0,59850,0.0014114057
0,59860,0.0014107977
0,59870,0.0014101904
0,59880,0.001409584
0,59890,0.0014089784
0,59900,0.0014083736
0,59910,0.0014077696
0,59920,0.0014071666
0,59930,0.0014065644
0,59940,0.001405963
0,59950,0.0014053624
0,59960,0.0014047626
0,59970,0.0014041638
0,59980,0.0014035656
0,59990,0.0014029684
0,60000,0.0014023719
0,60010,0.0014017763
0,60020,0.0014011816
0,60030,0.0014005876
0,60040,0.0013999945
0,60050,0.0013994022
0,60060,0.0013988105
0,60070,0.0013982198
0,60080,0.00139763
0,60090,0.0013970409
0,60100,0.0013964527
0,60110,0.0013958652
0,60120,0.0013952786
0,60130,0.0013946927
0,60140,0.0013941077
0,60150,0.0013935234
0,60160,0.0013929401
0,60170,0.0013923574
0,60180,0.0013917756
0,60190,0.0013911945
0,60200,0.0013906143
0,60210,0.0013900348
0,60220,0.0013894562
0,60230,0.0013888783
0,60240,0.0013883013
0,60250,0.0013877249
0,60260,0.0013871494
0,60270,0.0013865747
0,60280,0.0013860008
0,60290,0.0013854277
0,60300,0.0013848552
0,60310,0.0013842836
0,60320,0.0013837129
0,60330,0.0013831429
0,60340,0.0013825736
0,60350,0.001382005
0,60360,0.0013814374
0,60370,0.0013808705
0,60380,0.0013803043
0,60390,0.0013797389
0,60400,0.0013791743
0,60410,0.0013786104
0,60420,0.0013780473
0,60430,0.001377485
0,60440,0.0013769234
0,60450,0.0013763625
0,60460,0.0013758024
0,60470,0.0013752432
0,60480,0.0013746846
0,60490,0.0013741269
0,60500,0.0013735698
0,60510,0.0013730135
0,60520,0.001372458
0,60530,0.0013719032
0,60540,0.0013713492
0,60550,0.0013707959
0,60560,0.0013702434
0,60570,0.0013696916
0,60580,0.0013691405
0,60590,0.0013685902
0,60600,0.0013680406
0,60610,0.0013674917
0,60620,0.0013669436
0,60630,0.0013663962
0,60640,0.0013658496
0,60650,0.0013653036
0,60660,0.0013647585
0,60670,0.0013642141
0,60680,0.0013636703
0,60690,0.0013631274
0,60700,0.0013625851
0,60710,0.0013620435
0,60720,0.0013615028
0,60730,0.0013609627
0,60740,0.0013604233
0,60750,0.0013598846
0,60760,0.0013593468
0,60770,0.0013588095
0,60780,0.0013582731
0,60790,0.0013577372
0,60800,0.0013572022
0,60810,0.0013566678
0,60820,0.0013561342
0,60830,0.0013556012
0,60840,0.001355069
0,60850,0.0013545376
0,60860,0.0013540067
0,60870,0.0013534765
0,60880,0.0013529472
0,60890,0.0013524184
0,60900,0.0013518905
0,60910,0.0013513631
0,60920,0.0013508366
0,60930,0.0013503106
0,60940,0.0013497854
0,60950,0.0013492609
0,60960,0.001348737
0,60970,0.0013482139
0,60980,0.0013476915
0,60990,0.0013471697
0,61000,0.0013466487
0,61010,0.0013461283
0,61020,0.0013456085
0,61030,0.0013450895
0,61040,0.0013445712
0,61050,0.0013440535
0,61060,0.0013435365
0,61070,0.0013430202
0,61080,0.0013425046
0,61090,0.0013419897
0,61100,0.0013414754
0,61110,0.0013409619
0,61120,0.001340449
0,61130,0.0013399367
0,61140,0.0013394251
0,61150,0.0013389143
0,61160,0.001338404
0,61170,0.0013378945
0,61180,0.0013373855
0,61190,0.0013368772
0,61200,0.0013363697
0,61210,0.0013358628
0,61220,0.0013353565
0,61230,0.0013348509
0,61240,0.001334346
0,61250,0.0013338417
0,61260,0.0013333381
0,61270,0.0013328352
0,61280,0.0013323328
0,61290,0.0013318312
0,61300,0.0013313302
0,61310,0.0013308298
0,61320,0.00133033
0,61330,0.001329831
0,61340,0.0013293326
0,61350,0.0013288348
0,61360,0.0013283377
0,61370,0.0013278412
0,61380,0.0013273454
0,61390,0.0013268501
0,61400,0.0013263556
0,61410,0.0013258617
0,61420,0.0013253684
0,61430,0.0013248757
0,61440,0.0013243838
0,61450,0.0013238924
0,61460,0.0013234016
0,61470,0.0013229115
0,61480,0.001322422
0,61490,0.0013219331
0,61500,0.0013214449
0,61510,0.0013209573
0,61520,0.0013204704
0,61530,0.001319984
0,61540,0.0013194983
0,61550,0.0013190132
0,61560,0.0013185287
0,61570,0.0013180448
0,61580,0.0013175615
0,61590,0.001317079
0,61600,0.0013165969
0,61610,0.0013161155
0,61620,0.0013156347
0,61630,0.0013151546
0,61640,0.001314675
0,61650,0.001314196
0,61660,0.0013137177
0,61670,0.00131324
0,61680,0.0013127628
0,61690,0.0013122864
0,61700,0.0013118105
0,61710,0.0013113351
0,61720,0.0013108605
0,61730,0.0013103863
0,61740,0.0013099129
0,61750,0.00130944
0,61760,0.0013089677
0,61770,0.001308496
0,61780,0.001308025
0,61790,0.0013075544
0,61800,0.0013070846
0,61810,0.0013066152
0,61820,0.0013061465
0,61830,0.0013056784
0,61840,0.0013052109
0,61850,0.0013047439
0,61860,0.0013042776
0,61870,0.0013038118
0,61880,0.0013033466
0,61890,0.001302882
0,61900,0.001302418
0,61910,0.0013019545
0,61920,0.0013014916
0,61930,0.0013010295
0,61940,0.0013005678
0,61950,0.0013001066
0,61960,0.0012996461
0,61970,0.0012991861
0,61980,0.0012987268
0,61990,0.001298268
0,62000,0.0012978098
0,62010,0.001297352
0,62020,0.001296895
0,62030,0.0012964385
0,62040,0.0012959825
0,62050,0.0012955271
0,62060,0.0012950724
0,62070,0.0012946181
0,62080,0.0012941645
0,62090,0.0012937112
0,62100,0.0012932587
0,62110,0.0012928068
0,62120,0.0012923554
0,62130,0.0012919045
0,62140,0.0012914542
0,62150,0.0012910045
0,62160,0.0012905552
0,62170,0.0012901066
0,62180,0.0012896585
0,62190,0.001289211
0,62200,0.0012887641
0,62210,0.0012883176
0,62220,0.0012878717
0,62230,0.0012874265
0,62240,0.0012869816
0,62250,0.0012865375
0,62260,0.0012860938
0,62270,0.0012856507
0,62280,0.0012852082
0,62290,0.001284766
0,62300,0.0012843246
0,62310,0.0012838836
0,62320,0.0012834432
0,62330,0.0012830034
0,62340,0.001282564
0,62350,0.0012821252
0,62360,0.0012816871
0,62370,0.0012812493
0,62380,0.0012808121
0,62390,0.0012803755
0,62400,0.0012799394
0,62410,0.0012795038
0,62420,0.0012790688
0,62430,0.0012786343
0,62440,0.0012782003
0,62450,0.0012777668
0,62460,0.0012773339
0,62470,0.0012769015
0,62480,0.0012764697
0,62490,0.0012760384
0,62500,0.0012756075
0,62510,0.0012751772
0,62520,0.0012747474
0,62530,0.0012743182
0,62540,0.0012738894
0,62550,0.0012734613
0,62560,0.0012730336
0,62570,0.0012726063
0,62580,0.0012721797
0,62590,0.0012717536
0,62600,0.001271328
0,62610,0.0012709028
0,62620,0.0012704782
0,62630,0.0012700541
0,62640,0.0012696305
0,62650,0.0012692075
0,62660,0.001268785
0,62670,0.0012683629
0,62680,0.0012679413
0,62690,0.0012675204
0,62700,0.0012670998
0,62710,0.0012666797
0,62720,0.0012662603
0,62730,0.0012658412
0,62740,0.0012654227
0,62750,0.0012650047
0,62760,0.0012645872
0,62770,0.0012641702
0,62780,0.0012637536
0,62790,0.0012633377
0,62800,0.0012629221
0,62810,0.001262507
0,62820,0.0012620926
0,62830,0.0012616785
0,62840,0.001261265
0,62850,0.001260852
0,62860,0.0012604394
0,62870,0.0012600273
0,62880,0.0012596158
0,62890,0.0012592047
0,62900,0.0012587941
0,62910,0.001258384
0,62920,0.0012579743
0,62930,0.0012575652
0,62940,0.0012571565
0,62950,0.0012567483
0,62960,0.0012563406
0,62970,0.0012559334
0,62980,0.0012555268
0,62990,0.0012551205
0,63000,0.0012547148
0,63010,0.0012543094
0,63020,0.0012539047
0,63030,0.0012535003
0,63040,0.0012530965
0,63050,0.0012526931
0,63060,0.0012522902
0,63070,0.0012518878
0,63080,0.0012514858
0,63090,0.0012510843
0,63100,0.0012506832
0,63110,0.0012502827
0,63120,0.0012498826
0,63130,0.001249483
0,63140,0.0012490839
0,63150,0.0012486852
0,63160,0.0012482869
0,63170,0.0012478892
0,63180,0.0012474919
0,63190,0.0012470952
0,63200,0.0012466988
0,63210,0.0012463029
0,63220,0.0012459074
0,63230,0.0012455125
0,63240,0.001245118
0,63250,0.0012447239
0,63260,0.0012443303
0,63270,0.0012439372
0,63280,0.0012435445
0,63290,0.0012431522
0,63300,0.0012427605
0,63310,0.0012423691
0,63320,0.0012419783
0,63330,0.0012415878
0,63340,0.0012411978
0,63350,0.0012408083
0,63360,0.0012404192
0,63370,0.0012400306
0,63380,0.0012396425
0,63390,0.0012392547
0,63400,0.0012388675
0,63410,0.0012384807
0,63420,0.0012380943
0,63430,0.0012377083
0,63440,0.0012373228
0,63450,0.0012369377
0,63460,0.0012365531
0,63470,0.0012361689
0,63480,0.0012357852
0,63490,0.001235402
0,63500,0.0012350191
0,63510,0.0012346366
0,63520,0.0012342547
0,63530,0.0012338731
0,63540,0.0012334919
0,63550,0.0012331113
0,63560,0.001232731
0,63570,0.0012323512
0,63580,0.0012319719
0,63590,0.0012315928
0,63600,0.0012312144
0,63610,0.0012308363
0,63620,0.0012304586
0,63630,0.0012300814
0,63640,0.0012297046
0,63650,0.0012293282
0,63660,0.0012289522
0,63670,0.0012285768
0,63680,0.0012282017
0,63690,0.0012278269
0,63700,0.0012274527
0,63710,0.0012270788
0,63720,0.0012267054
0,63730,0.0012263324
0,63740,0.0012259599
0,63750,0.0012255877
0,63760,0.001225216
0,63770,0.0012248447
0,63780,0.0012244738
0,63790,0.0012241033
0,63800,0.0012237332
0,63810,0.0012233636
0,63820,0.0012229943
0,63830,0.0012226255
0,63840,0.001222257
0,63850,0.001221889
0,63860,0.0012215215
0,63870,0.0012211544
0,63880,0.0012207875
0,63890,0.0012204212
0,63900,0.0012200553
0,63910,0.0012196897
0,63920,0.0012193245
0,63930,0.0012189598
0,63940,0.0012185955
0,63950,0.0012182315
0,63960,0.0012178681
0,63970,0.001217505
0,63980,0.0012171422
0,63990,0.0012167799
0,64000,0.001216418
0,64010,0.0012160565
0,64020,0.0012156954
0,64030,0.0012153346
0,64040,0.0012149743
0,64050,0.0012146145
0,64060,0.0012142549
0,64070,0.0012138957
0,64080,0.0012135371
0,64090,0.0012131787
0,64100,0.0012128208
0,64110,0.0012124632
0,64120,0.0012121061
0,64130,0.0012117493
0,64140,0.0012113929
0,64150,0.0012110369
0,64160,0.0012106814
0,64170,0.0012103262
0,64180,0.0012099714
0,64190,0.0012096169
0,64200,0.0012092629
0,64210,0.0012089092
0,64220,0.001208556
0,64230,0.0012082031
0,64240,0.0012078506
0,64250,0.0012074985
0,64260,0.0012071468
0,64270,0.0012067955
0,64280,0.0012064445
0,64290,0.0012060938
0,64300,0.0012057436
0,64310,0.0012053938
0,64320,0.0012050443
0,64330,0.0012046953
0,64340,0.0012043467
0,64350,0.0012039983
0,64360,0.0012036504
0,64370,0.0012033028
0,64380,0.0012029556
0,64390,0.0012026088
0,64400,0.0012022624
0,64410,0.0012019163
0,64420,0.0012015706
0,64430,0.0012012252
0,64440,0.0012008803
0,64450,0.0012005357
0,64460,0.0012001916
0,64470,0.0011998477
0,64480,0.0011995042
0,64490,0.001199161
0,64500,0.0011988183
0,64510,0.001198476
0,64520,0.0011981339
0,64530,0.0011977924
0,64540,0.001197451
0,64550,0.0011971102
0,64560,0.0011967695
0,64570,0.0011964294
0,64580,0.0011960895
0,64590,0.0011957501
0,64600,0.001195411
0,64610,0.0011950722
0,64620,0.0011947338
0,64630,0.0011943958
0,64640,0.0011940581
0,64650,0.0011937208
0,64660,0.0011933838
0,64670,0.0011930473
0,64680,0.0011927111
0,64690,0.0011923751
0,64700,0.0011920396
0,64710,0.0011917044
0,64720,0.0011913696
0,64730,0.0011910351
0,64740,0.0011907009
0,64750,0.0011903672
0,64760,0.0011900337
0,64770,0.0011897007
0,64780,0.001189368
0,64790,0.0011890356
0,64800,0.0011887036
0,64810,0.0011883719
0,64820,0.0011880406
0,64830,0.0011877095
0,64840,0.0011873789
0,64850,0.0011870486
0,64860,0.0011867187
0,64870,0.001186389
0,64880,0.0011860598
0,64890,0.0011857309
0,64900,0.0011854023
0,64910,0.0011850741
0,64920,0.0011847462
0,64930,0.0011844186
0,64940,0.0011840913
0,64950,0.0011837645
0,64960,0.001183438
0,64970,0.0011831118
0,64980,0.0011827858
0,64990,0.0011824603
0,65000,0.0011821352
0,65010,0.0011818103
0,65020,0.0011814857
0,65030,0.0011811616
0,65040,0.0011808377
0,65050,0.0011805142
0,65060,0.0011801911
0,65070,0.0011798681
0,65080,0.0011795457
0,65090,0.0011792234
0,65100,0.0011789015
0,65110,0.00117858
0,65120,0.0011782588
0,65130,0.001177938
0,65140,0.0011776173
0,65150,0.0011772972
0,65160,0.0011769773
0,65170,0.0011766577
0,65180,0.0011763384
0,65190,0.0011760195
0,65200,0.0011757009
0,65210,0.0011753826
0,65220,0.0011750647
0,65230,0.001174747
0,65240,0.0011744298
0,65250,0.0011741128
0,65260,0.0011737961
0,65270,0.0011734798
0,65280,0.0011731638
0,65290,0.001172848
0,65300,0.0011725327
0,65310,0.0011722177
0,65320,0.0011719029
0,65330,0.0011715884
0,65340,0.0011712743
0,65350,0.0011709605
0,65360,0.001170647
0,65370,0.0011703338
0,65380,0.001170021
0,65390,0.0011697084
0,65400,0.0011693962
0,65410,0.0011690843
0,65420,0.0011687727
0,65430,0.0011684614
0,65440,0.0011681505
0,65450,0.0011678397
0,65460,0.0011675294
0,65470,0.0011672194
0,65480,0.0011669096
0,65490,0.0011666002
0,65500,0.0011662911
0,65510,0.0011659822
0,65520,0.0011656737
0,65530,0.0011653656
0,65540,0.0011650576
0,65550,0.0011647501
0,65560,0.0011644427
0,65570,0.0011641358
0,65580,0.0011638291
0,65590,0.0011635227
0,65600,0.0011632167
0,65610,0.0011629108
0,65620,0.0011626054
0,65630,0.0011623002
0,65640,0.0011619953
0,65650,0.0011616908
0,65660,0.0011613865
0,65670,0.0011610825
0,65680,0.0011607788
0,65690,0.0011604754
0,65700,0.0011601724
0,65710,0.0011598696
0,65720,0.0011595672
0,65730,0.0011592649
0,65740,0.0011589631
0,65750,0.0011586614
0,65760,0.0011583602
0,65770,0.0011580591
0,65780,0.0011577584
0,65790,0.0011574579
0,65800,0.0011571578
0,65810,0.0011568579
0,65820,0.0011565584
0,65830,0.0011562591
0,65840,0.0011559601
0,65850,0.0011556615
0,65860,0.001155363
0,65870,0.001155065
0,65880,0.0011547671
0,65890,0.0011544697
0,65900,0.0011541724
0,65910,0.0011538755
0,65920,0.0011535787
0,65930,0.0011532824
0,65940,0.0011529863
0,65950,0.0011526905
0,65960,0.0011523949
0,65970,0.0011520997
0,65980,0.0011518047
0,65990,0.00115151
0,66000,0.0011512156
0,66010,0.0011509216
0,66020,0.0011506277
0,66030,0.0011503341
0,66040,0.0011500409
0,66050,0.0011497479
0,66060,0.0011494551
0,66070,0.0011491627
0,66080,0.0011488706
0,66090,0.0011485786
0,66100,0.0011482871
0,66110,0.0011479957
0,66120,0.0011477047
0,66130,0.0011474139
0,66140,0.0011471234
0,66150,0.0011468332
0,66160,0.0011465432
0,66170,0.0011462535
0,66180,0.0011459641
0,66190,0.001145675
0,66200,0.0011453861
0,66210,0.0011450975
0,66220,0.0011448092
0,66230,0.0011445212
0,66240,0.0011442334
0,66250,0.0011439458
0,66260,0.0011436587
0,66270,0.0011433717
0,66280,0.001143085
0,66290,0.0011427986
0,66300,0.0011425124
0,66310,0.0011422265
0,66320,0.0011419408
0,66330,0.0011416555
0,66340,0.0011413704
0,66350,0.0011410855
0,66360,0.001140801
0,66370,0.0011405167
0,66380,0.0011402327
0,66390,0.001139949
0,66400,0.0011396654
0,66410,0.0011393821
0,66420,0.0011390991
0,66430,0.0011388165
0,66440,0.0011385339
0,66450,0.0011382517
0,66460,0.0011379699
0,66470,0.0011376882
0,66480,0.0011374068
0,66490,0.0011371255
0,66500,0.0011368446
0,66510,0.0011365641
0,66520,0.0011362836
0,66530,0.0011360035
0,66540,0.0011357237
0,66550,0.001135444
0,66560,0.0011351646
0,66570,0.0011348856
0,66580,0.0011346068
0,66590,0.0011343281
0,66600,0.0011340497
0,66610,0.0011337717
0,66620,0.0011334938
0,66630,0.0011332163
0,66640,0.001132939
0,66650,0.001132662
0,66660,0.0011323851
0,66670,0.0011321085
0,66680,0.0011318321
0,66690,0.0011315561
0,66700,0.0011312803
0,66710,0.0011310047
0,66720,0.0011307293
0,66730,0.0011304544
0,66740,0.0011301795
0,66750,0.0011299049
0,66760,0.0011296306
0,66770,0.0011293564
0,66780,0.0011290826
0,66790,0.0011288091
0,66800,0.0011285357
0,66810,0.0011282626
0,66820,0.0011279897
0,66830,0.0011277172
0,66840,0.0011274448
0,66850,0.0011271726
0,66860,0.0011269008
0,66870,0.0011266292
0,66880,0.0011263577
0,66890,0.0011260866
0,66900,0.0011258157
0,66910,0.001125545
0,66920,0.0011252746
0,66930,0.0011250044
0,66940,0.0011247344
0,66950,0.0011244647
0,66960,0.0011241953
0,66970,0.001123926
0,66980,0.001123657
0,66990,0.0011233883
0,67000,0.0011231197
0,67010,0.0011228515
0,67020,0.0011225834
0,67030,0.0011223156
0,67040,0.001122048
0,67050,0.0011217807
0,67060,0.0011215135
0,67070,0.0011212467
0,67080,0.0011209801
0,67090,0.0011207137
0,67100,0.0011204475
0,67110,0.0011201815
0,67120,0.0011199159
0,67130,0.0011196504
0,67140,0.0011193851
0,67150,0.0011191202
0,67160,0.0011188553
0,67170,0.0011185908
0,67180,0.0011183264
0,67190,0.0011180624
0,67200,0.0011177985
0,67210,0.0011175349
0,67220,0.0011172715
0,67230,0.0011170084
0,67240,0.0011167454
0,67250,0.0011164827
0,67260,0.0011162203
0,67270,0.001115958
0,67280,0.0011156959
0,67290,0.0011154341
0,67300,0.0011151725
0,67310,0.0011149112
0,67320,0.00111465
0,67330,0.001114389
0,67340,0.0011141284
0,67350,0.001113868
0,67360,0.0011136077
0,67370,0.0011133477
0,67380,0.0011130879
0,67390,0.0011128284
0,67400,0.001112569
0,67410,0.0011123099
0,67420,0.001112051
0,67430,0.0011117923
0,67440,0.0011115337
0,67450,0.0011112755
0,67460,0.0011110175
0,67470,0.0011107597
0,67480,0.001110502
0,67490,0.0011102448
0,67500,0.0011099876
0,67510,0.0011097307
0,67520,0.0011094739
0,67530,0.0011092174
0,67540,0.0011089611
0,67550,0.0011087051
0,67560,0.0011084492
0,67570,0.0011081935
0,67580,0.0011079381
0,67590,0.0011076829
0,67600,0.0011074279
0,67610,0.0011071732
0,67620,0.0011069186
0,67630,0.0011066642
0,67640,0.00110641
0,67650,0.0011061562
0,67660,0.0011059024
0,67670,0.0011056489
0,67680,0.0011053956
0,67690,0.0011051425
0,67700,0.0011048897
0,67710,0.0011046369
0,67720,0.0011043845
0,67730,0.0011041323
0,67740,0.0011038802
0,67750,0.0011036284
0,67760,0.0011033769
0,67770,0.0011031254
0,67780,0.0011028742
0,67790,0.0011026232
0,67800,0.0011023724
0,67810,0.0011021219
0,67820,0.0011018715
0,67830,0.0011016213
0,67840,0.0011013714
0,67850,0.0011011215
0,67860,0.0011008721
0,67870,0.0011006227
0,67880,0.0011003736
0,67890,0.0011001246
0,67900,0.0010998759
0,67910,0.0010996273
0,67920,0.001099379
0,67930,0.0010991308
0,67940,0.001098883
0,67950,0.0010986353
0,67960,0.0010983878
0,67970,0.0010981404
0,67980,0.0010978932
0,67990,0.0010976463
0,68000,0.0010973996
0,68010,0.0010971532
0,68020,0.0010969068
0,68030,0.0010966607
0,68040,0.0010964148
0,68050,0.001096169
0,68060,0.0010959235
0,68070,0.0010956782
0,68080,0.001095433
0,68090,0.0010951882
0,68100,0.0010949434
0,68110,0.0010946989
0,68120,0.0010944546
0,68130,0.0010942104
0,68140,0.0010939664
0,68150,0.0010937226
0,68160,0.0010934791
0,68170,0.0010932358
0,68180,0.0010929926
0,68190,0.0010927496
0,68200,0.0010925068
0,68210,0.0010922642
0,68220,0.0010920218
0,68230,0.0010917797
0,68240,0.0010915376
0,68250,0.0010912959
0,68260,0.0010910542
0,68270,0.0010908127
0,68280,0.0010905715
0,68290,0.0010903304
0,68300,0.0010900896
0,68310,0.0010898489
0,68320,0.0010896084
0,68330,0.0010893681
0,68340,0.001089128
0,68350,0.0010888882
0,68360,0.0010886483
0,68370,0.0010884089
0,68380,0.0010881695
0,68390,0.0010879303
0,68400,0.0010876913
0,68410,0.0010874525
0,68420,0.001087214
0,68430,0.0010869756
0,68440,0.0010867373
0,68450,0.0010864992
0,68460,0.0010862614
0,68470,0.0010860238
0,68480,0.0010857863
0,68490,0.0010855489
0,68500,0.0010853118
0,68510,0.0010850749
0,68520,0.0010848381
0,68530,0.0010846015
0,68540,0.0010843651
0,68550,0.0010841289
0,68560,0.0010838929
0,68570,0.001083657
0,68580,0.0010834214
0,68590,0.0010831859
0,68600,0.0010829506
0,68610,0.0010827155
0,68620,0.0010824805
0,68630,0.0010822458
0,68640,0.0010820113
0,68650,0.0010817768
0,68660,0.0010815426
0,68670,0.0010813086
0,68680,0.0010810747
0,68690,0.0010808411
0,68700,0.0010806075
0,68710,0.0010803741
0,68720,0.001080141
0,68730,0.0010799081
0,68740,0.0010796753
0,68750,0.0010794427
0,68760,0.0010792102
0,68770,0.001078978
0,68780,0.0010787458
0,68790,0.0010785139
0,68800,0.0010782821
0,68810,0.0010780506
0,68820,0.0010778193
0,68830,0.001077588
0,68840,0.001077357
0,68850,0.0010771261
0,68860,0.0010768954
0,68870,0.0010766649
0,68880,0.0010764345
0,68890,0.0010762044
0,68900,0.0010759743
0,68910,0.0010757445
0,68920,0.0010755148
0,68930,0.0010752854
0,68940,0.001075056
0,68950,0.0010748269
0,68960,0.0010745979
0,68970,0.0010743691
0,68980,0.0010741404
0,68990,0.001073912
0,69000,0.0010736837
0,69010,0.0010734556
0,69020,0.0010732276
0,69030,0.0010729998
0,69040,0.0010727722
0,69050,0.0010725447
0,69060,0.0010723175
0,69070,0.0010720904
0,69080,0.0010718633
0,69090,0.0010716366
0,69100,0.00107141
0,69110,0.0010711835
0,69120,0.0010709572
0,69130,0.0010707311
0,69140,0.0010705051
0,69150,0.0010702794
0,69160,0.0010700538
0,69170,0.0010698283
0,69180,0.001069603
0,69190,0.0010693779
0,69200,0.0010691528
0,69210,0.001068928
0,69220,0.0010687034
0,69230,0.0010684789
0,69240,0.0010682546
0,69250,0.0010680305
0,69260,0.0010678065
0,69270,0.0010675826
0,69280,0.001067359
0,69290,0.0010671355
0,69300,0.0010669121
0,69310,0.0010666889
0,69320,0.001066466
0,69330,0.001066243
0,69340,0.0010660203
0,69350,0.0010657979
0,69360,0.0010655754
0,69370,0.0010653532
0,69380,0.0010651312
0,69390,0.0010649093
0,69400,0.0010646875
0,69410,0.001064466
0,69420,0.0010642445
0,69430,0.0010640232
0,69440,0.001063802
0,69450,0.0010635811
0,69460,0.0010633604
0,69470,0.0010631396
0,69480,0.0010629192
0,69490,0.0010626989
0,69500,0.0010624788
0,69510,0.0010622587
0,69520,0.0010620388
0,69530,0.0010618191
0,69540,0.0010615996
0,69550,0.0010613801
0,69560,0.0010611609
0,69570,0.0010609418
0,69580,0.0010607229
0,69590,0.0010605041
0,69600,0.0010602855
0,69610,0.001060067
0,69620,0.0010598487
0,69630,0.0010596305
0,69640,0.0010594125
0,69650,0.0010591947
0,69660,0.0010589769
0,69670,0.0010587594
0,69680,0.0010585419
0,69690,0.0010583247
0,69700,0.0010581076
0,69710,0.0010578906
0,69720,0.0010576738
0,69730,0.0010574572
0,69740,0.0010572406
0,69750,0.0010570243
0,69760,0.001056808
0,69770,0.001056592
0,69780,0.0010563761
0,69790,0.0010561603
0,69800,0.0010559447
0,69810,0.0010557293
0,69820,0.001055514
0,69830,0.0010552988
0,69840,0.0010550838
0,69850,0.0010548689
0,69860,0.0010546542
0,69870,0.0010544396
0,69880,0.0010542251
0,69890,0.0010540109
0,69900,0.0010537967
0,69910,0.0010535828
0,69920,0.0010533689
0,69930,0.0010531552
0,69940,0.0010529417
0,69950,0.0010527283
0,69960,0.001052515
0,69970,0.0010523018
0,69980,0.0010520889
0,69990,0.0010518761
0,70000,0.0010516634
0,70010,0.0010514508
0,70020,0.0010512384
0,70030,0.0010510262
0,70040,0.001050814
0,70050,0.0010506021
0,70060,0.0010503902
0,70070,0.0010501785
0,70080,0.001049967
0,70090,0.0010497556
0,70100,0.0010495443
0,70110,0.0010493333
0,70120,0.0010491222
0,70130,0.0010489114
0,70140,0.0010487007
0,70150,0.0010484902
0,70160,0.0010482797
0,70170,0.0010480694
0,70180,0.0010478593
0,70190,0.0010476493
0,70200,0.0010474394
0,70210,0.0010472297
0,70220,0.0010470201
0,70230,0.0010468106
0,70240,0.0010466013
0,70250,0.0010463921
0,70260,0.0010461832
0,70270,0.0010459742
0,70280,0.0010457655
0,70290,0.0010455569
0,70300,0.0010453484
0,70310,0.0010451401
0,70320,0.0010449318
0,70330,0.0010447238
0,70340,0.0010445159
0,70350,0.0010443081
0,70360,0.0010441004
0,70370,0.0010438928
0,70380,0.0010436855
0,70390,0.0010434781
0,70400,0.001043271
0,70410,0.001043064
0,70420,0.0010428572
0,70430,0.0010426505
0,70440,0.0010424439
0,70450,0.0010422375
0,70460,0.0010420311
0,70470,0.0010418249
0,70480,0.0010416189
0,70490,0.001041413
0,70500,0.0010412072
0,70510,0.0010410015
0,70520,0.001040796
0,70530,0.0010405907
0,70540,0.0010403853
0,70550,0.0010401802
0,70560,0.0010399752
0,70570,0.0010397704
0,70580,0.0010395657
0,70590,0.0010393611
0,70600,0.0010391566
0,70610,0.0010389523
0,70620,0.0010387481
0,70630,0.001038544
0,70640,0.00103834
0,70650,0.0010381362
0,70660,0.0010379325
0,70670,0.001037729
0,70680,0.0010375255
0,70690,0.0010373222
0,70700,0.001037119
0,70710,0.0010369159
0,70720,0.001036713
0,70730,0.0010365102
0,70740,0.0010363075
0,70750,0.0010361051
0,70760,0.0010359026
0,70770,0.0010357003
0,70780,0.0010354982
0,70790,0.0010352961
0,70800,0.0010350943
0,70810,0.0010348925
0,70820,0.0010346909
0,70830,0.0010344894
0,70840,0.001034288
0,70850,0.0010340867
0,70860,0.0010338855
0,70870,0.0010336845
0,70880,0.0010334835
0,70890,0.0010332828
0,70900,0.0010330821
0,70910,0.0010328817
0,70920,0.0010326812
0,70930,0.001032481
0,70940,0.0010322807
0,70950,0.0010320807
0,70960,0.0010318808
0,70970,0.0010316811
0,70980,0.0010314814
0,70990,0.0010312819
0,71000,0.0010310825
0,71010,0.0010308832
0,71020,0.001030684
0,71030,0.0010304849
0,71040,0.0010302861
0,71050,0.0010300872
0,71060,0.0010298885
0,71070,0.00102969
0,71080,0.0010294915
0,71090,0.0010292932
0,71100,0.001029095
0,71110,0.0010288969
0,71120,0.001028699
0,71130,0.0010285011
0,71140,0.0010283034
0,71150,0.0010281058
0,71160,0.0010279083
0,71170,0.001027711
0,71180,0.0010275138
0,71190,0.0010273166
0,71200,0.0010271196
0,71210,0.0010269227
0,71220,0.001026726
0,71230,0.0010265294
0,71240,0.0010263327
0,71250,0.0010261363
0,71260,0.0010259401
0,71270,0.0010257439
0,71280,0.0010255479
0,71290,0.0010253519
0,71300,0.001025156
0,71310,0.0010249603
0,71320,0.0010247647
0,71330,0.0010245693
0,71340,0.0010243739
0,71350,0.0010241787
0,71360,0.0010239836
0,71370,0.0010237886
0,71380,0.0010235936
0,71390,0.0010233988
0,71400,0.0010232042
0,71410,0.0010230097
0,71420,0.0010228152
0,71430,0.0010226208
0,71440,0.0010224266
0,71450,0.0010222326
0,71460,0.0010220386
0,71470,0.0010218447
0,71480,0.001021651
0,71490,0.0010214574
0,71500,0.0010212638
0,71510,0.0010210704
0,71520,0.001020877
0,71530,0.0010206839
0,71540,0.0010204908
0,71550,0.0010202979
0,71560,0.001020105
0,71570,0.0010199123
0,71580,0.0010197196
0,71590,0.0010195271
0,71600,0.0010193348
0,71610,0.0010191425
0,71620,0.0010189502
0,71630,0.0010187582
0,71640,0.0010185662
0,71650,0.0010183743
0,71660,0.0010181826
0,71670,0.001017991
0,71680,0.0010177995
0,71690,0.0010176081
0,71700,0.0010174168
0,71710,0.0010172257
0,71720,0.0010170345
0,71730,0.0010168436
0,71740,0.0010166527
0,71750,0.001016462
0,71760,0.0010162713
0,71770,0.0010160808
0,71780,0.0010158904
0,71790,0.0010157
0,71800,0.0010155098
0,71810,0.0010153197
0,71820,0.0010151297
0,71830,0.0010149399
0,71840,0.0010147501
0,71850,0.0010145605
0,71860,0.0010143708
0,71870,0.0010141814
0,71880,0.001013992
0,71890,0.0010138028
0,71900,0.0010136137
0,71910,0.0010134246
0,71920,0.0010132358
0,71930,0.001013047
0,71940,0.0010128582
0,71950,0.0010126696
0,71960,0.001012481
0,71970,0.0010122927
0,71980,0.0010121044
0,71990,0.0010119162
0,72000,0.0010117282
0,72010,0.0010115402
0,72020,0.0010113523
0,72030,0.0010111645
0,72040,0.0010109768
0,72050,0.0010107893
0,72060,0.0010106019
0,72070,0.0010104146
0,72080,0.0010102272
0,72090,0.0010100402
0,72100,0.0010098531
0,72110,0.0010096661
0,72120,0.0010094793
0,72130,0.0010092926
0,72140,0.0010091059
0,72150,0.0010089194
0,72160,0.0010087331
0,72170,0.0010085467
0,72180,0.0010083605
0,72190,0.0010081744
0,72200,0.0010079884
0,72210,0.0010078024
0,72220,0.0010076166
0,72230,0.001007431
0,72240,0.0010072453
0,72250,0.0010070598
0,72260,0.0010068744
0,72270,0.001006689
0,72280,0.0010065039
0,72290,0.0010063188
0,72300,0.0010061337
0,72310,0.0010059489
0,72320,0.0010057641
0,72330,0.0010055794
0,72340,0.0010053947
0,72350,0.0010052102
0,72360,0.0010050258
0,72370,0.0010048415
0,72380,0.0010046574
0,72390,0.0010044732
0,72400,0.0010042893
0,72410,0.0010041053
0,72420,0.0010039215
0,72430,0.0010037378
0,72440,0.0010035541
0,72450,0.0010033706
0,72460,0.0010031871
0,72470,0.0010030039
0,72480,0.0010028207
0,72490,0.0010026376
0,72500,0.0010024544
0,72510,0.0010022715
0,72520,0.0010020887
0,72530,0.001001906
0,72540,0.0010017233
0,72550,0.0010015408
0,72560,0.0010013583
0,72570,0.001001176
0,72580,0.0010009937
0,72590,0.0010008116
0,72600,0.0010006295
0,72610,0.0010004474
0,72620,0.0010002656
0,72630,0.0010000839
0,72640,0.0009999021
0,72650,0.0009997205
0,72660,0.000999539
0,72670,0.0009993577
0,72680,0.0009991763
0,72690,0.0009989952
0,72700,0.000998814
0,72710,0.000998633
0,72720,0.0009984521
0,72730,0.0009982712
0,72740,0.0009980905
0,72750,0.0009979098
0,72760,0.0009977293
0,72770,0.0009975488
0,72780,0.0009973685
0,72790,0.0009971882
0,72800,0.0009970079
0,72810,0.0009968278
0,72820,0.0009966479
0,72830,0.000996468
0,72840,0.0009962881
0,72850,0.0009961084
0,72860,0.0009959288
0,72870,0.0009957493
0,72880,0.0009955699
0,72890,0.0009953905
0,72900,0.0009952112
0,72910,0.000995032
0,72920,0.000994853
0,72930,0.0009946739
0,72940,0.0009944951
0,72950,0.0009943163
0,72960,0.0009941375
0,72970,0.0009939589
0,72980,0.0009937803
0,72990,0.000993602
0,73000,0.0009934236
0,73010,0.0009932453
0,73020,0.0009930672
0,73030,0.000992889
0,73040,0.000992711
0,73050,0.0009925332
0,73060,0.0009923553
0,73070,0.0009921776
0,73080,0.000992
0,73090,0.0009918225
0,73100,0.0009916449
0,73110,0.0009914676
0,73120,0.0009912903
0,73130,0.0009911131
0,73140,0.0009909361
0,73150,0.000990759
0,73160,0.000990582
0,73170,0.0009904052
0,73180,0.0009902285
0,73190,0.0009900518
0,73200,0.0009898752
0,73210,0.0009896987
0,73220,0.0009895223
0,73230,0.0009893461
0,73240,0.0009891698
0,73250,0.0009889937
0,73260,0.0009888175
0,73270,0.0009886416
0,73280,0.0009884657
0,73290,0.00098829
0,73300,0.0009881143
0,73310,0.0009879386
0,73320,0.000987763
0,73330,0.0009875876
0,73340,0.0009874123
0,73350,0.000987237
0,73360,0.0009870618
0,73370,0.0009868867
0,73380,0.0009867117
0,73390,0.0009865367
0,73400,0.0009863619
0,73410,0.0009861871
0,73420,0.0009860124
0,73430,0.0009858378
0,73440,0.0009856633
0,73450,0.0009854889
0,73460,0.0009853145
0,73470,0.0009851402
0,73480,0.000984966
0,73490,0.000984792
0,73500,0.000984618
0,73510,0.000984444
0,73520,0.0009842702
0,73530,0.0009840964
0,73540,0.0009839227
0,73550,0.0009837492
0,73560,0.0009835757
0,73570,0.0009834022
0,73580,0.0009832289
0,73590,0.0009830557
0,73600,0.0009828825
0,73610,0.0009827093
0,73620,0.0009825364
0,73630,0.0009823634
0,73640,0.0009821906
0,73650,0.0009820178
0,73660,0.0009818451
0,73670,0.0009816726
0,73680,0.0009815
0,73690,0.0009813275
0,73700,0.0009811552
0,73710,0.0009809829
0,73720,0.0009808107
0,73730,0.0009806385
0,73740,0.0009804666
0,73750,0.0009802947
0,73760,0.0009801227
0,73770,0.0009799509
0,73780,0.0009797792
0,73790,0.0009796076
0,73800,0.0009794361
0,73810,0.0009792646
0,73820,0.0009790931
0,73830,0.0009789219
0,73840,0.0009787506
0,73850,0.0009785795
0,73860,0.0009784084
0,73870,0.0009782374
0,73880,0.0009780665
0,73890,0.0009778957
0,73900,0.0009777249
0,73910,0.0009775542
0,73920,0.0009773837
0,73930,0.0009772131
0,73940,0.0009770427
0,73950,0.0009768723
0,73960,0.0009767021
0,73970,0.0009765318
0,73980,0.0009763617
0,73990,0.00097619166
0,74000,0.0009760217
0,74010,0.0009758518
0,74020,0.000975682
0,74030,0.00097551226
0,74040,0.0009753426
0,74050,0.00097517297
0,74060,0.00097500347
0,74070,0.0009748341
0,74080,0.0009746647
0,74090,0.00097449543
0,74100,0.0009743262
0,74110,0.0009741571
0,74120,0.0009739881
0,74130,0.0009738191
0,74140,0.0009736502
0,74150,0.0009734814
0,74160,0.00097331265
0,74170,0.000973144
0,74180,0.0009729754
0,74190,0.0009728069
0,74200,0.0009726385
0,74210,0.0009724701
0,74220,0.0009723018
0,74230,0.0009721336
0,74240,0.0009719655
0,74250,0.00097179745
0,74260,0.00097162946
0,74270,0.00097146153
0,74280,0.0009712937
0,74290,0.00097112596
0,74300,0.00097095827
0,74310,0.0009707907
0,74320,0.0009706231
0,74330,0.00097045564
0,74340,0.0009702883
0,74350,0.00097012095
0,74360,0.0009699537
0,74370,0.00096978655
0,74380,0.0009696195
0,74390,0.0009694525
0,74400,0.00096928555
0,74410,0.0009691187
0,74420,0.00096895185
0,74430,0.00096878514
0,74440,0.0009686185
0,74450,0.0009684519
0,74460,0.0009682854
0,74470,0.000968119
0,74480,0.00096795266
0,74490,0.00096778636
0,74500,0.0009676202
0,74510,0.000967454
0,74520,0.0009672879
0,74530,0.000967122
0,74540,0.000966956
0,74550,0.0009667902
0,74560,0.0009666244
0,74570,0.0009664587
0,74580,0.0009662931
0,74590,0.0009661275
0,74600,0.000965962
0,74610,0.0009657966
0,74620,0.0009656313
0,74630,0.00096546597
0,74640,0.0009653008
0,74650,0.00096513564
0,74660,0.0009649706
0,74670,0.0009648056
0,74680,0.0009646407
0,74690,0.00096447585
0,74700,0.00096431107
0,74710,0.00096414634
0,74720,0.0009639817
0,74730,0.0009638171
0,74740,0.0009636526
0,74750,0.00096348824
0,74760,0.00096332387
0,74770,0.0009631596
0,74780,0.00096299534
0,74790,0.0009628312
0,74800,0.00096266717
0,74810,0.00096250314
0,74820,0.0009623392
0,74830,0.0009621753
0,74840,0.0009620115
0,74850,0.0009618478
0,74860,0.00096168416
0,74870,0.00096152053
0,74880,0.00096135703
0,74890,0.0009611936
0,74900,0.0009610302
0,74910,0.00096086686
0,74920,0.00096070365
0,74930,0.00096054043
0,74940,0.00096037734
0,74950,0.0009602143
0,74960,0.0009600513
0,74970,0.0009598884
0,74980,0.0009597256
0,74990,0.0009595628
0,75000,0.0009594001
0,75010,0.00095923746
0,75020,0.0009590749
0,75030,0.00095891237
0,75040,0.00095874997
0,75050,0.00095858757
0,75060,0.0009584253
0,75070,0.00095826306
0,75080,0.0009581009
0,75090,0.0009579388
0,75100,0.0009577768
0,75110,0.0009576148
0,75120,0.0009574529
0,75130,0.0009572911
0,75140,0.00095712935
0,75150,0.00095696765
0,75160,0.000956806
0,75170,0.0009566444
0,75180,0.00095648295
0,75190,0.0009563215
0,75200,0.00095616013
0,75210,0.00095599884
0,75220,0.0009558376
0,75230,0.0009556764
0,75240,0.0009555153
0,75250,0.0009553543
0,75260,0.0009551933
0,75270,0.0009550324
0,75280,0.0009548716
0,75290,0.0009547108
0,75300,0.0009545501
0,75310,0.00095438946
0,75320,0.00095422886
0,75330,0.0009540683
0,75340,0.0009539079
0,75350,0.0009537475
0,75360,0.0009535872
0,75370,0.00095342693
0,75380,0.00095326675
0,75390,0.0009531066
0,75400,0.00095294655
0,75410,0.00095278653
0,75420,0.0009526266
0,75430,0.00095246674
0,75440,0.0009523069
0,75450,0.0009521472
0,75460,0.00095198746
0,75470,0.00095182785
0,75480,0.0009516683
0,75490,0.0009515088
0,75500,0.0009513494
0,75510,0.00095119
0,75520,0.0009510307
0,75530,0.0009508715
0,75540,0.0009507123
0,75550,0.0009505532
0,75560,0.00095039414
0,75570,0.0009502352
0,75580,0.0009500762
0,75590,0.00094991736
0,75600,0.00094975857
0,75610,0.00094959984
0,75620,0.00094944116
0,75630,0.00094928255
0,75640,0.000949124
0,75650,0.0009489655
0,75660,0.0009488071
0,75670,0.0009486487
0,75680,0.0009484904
0,75690,0.0009483322
0,75700,0.000948174
0,75710,0.0009480159
0,75720,0.00094785786
0,75730,0.0009476998
0,75740,0.0009475419
0,75750,0.00094738405
0,75760,0.00094722625
0,75770,0.0009470685
0,75780,0.0009469108
0,75790,0.0009467532
0,75800,0.0009465956
0,75810,0.0009464381
0,75820,0.00094628066
0,75830,0.00094612327
0,75840,0.00094596593
0,75850,0.0009458087
0,75860,0.0009456515
0,75870,0.00094549434
0,75880,0.0009453373
0,75890,0.00094518025
0,75900,0.00094502326
0,75910,0.0009448664
0,75920,0.0009447095
0,75930,0.00094455277
0,75940,0.000944396
0,75950,0.0009442394
0,75960,0.0009440828
0,75970,0.0009439262
0,75980,0.00094376976
0,75990,0.0009436133
0,76000,0.00094345695
0,76010,0.00094330066
0,76020,0.00094314443
0,76030,0.0009429882
0,76040,0.0009428321
0,76050,0.00094267604
0,76060,0.00094252004
0,76070,0.00094236404
0,76080,0.00094220816
0,76090,0.00094205234
0,76100,0.0009418966
0,76110,0.0009417409
0,76120,0.00094158517
0,76130,0.0009414296
0,76140,0.00094127405
0,76150,0.0009411186
0,76160,0.00094096316
0,76170,0.00094080775
0,76180,0.00094065245
0,76190,0.0009404972
0,76200,0.000940342
0,76210,0.0009401869
0,76220,0.0009400318
0,76230,0.0009398768
0,76240,0.0009397218
0,76250,0.00093956693
0,76260,0.00093941204
0,76270,0.00093925727
0,76280,0.00093910255
0,76290,0.00093894784
0,76300,0.00093879324
0,76310,0.0009386387
0,76320,0.00093848415
0,76330,0.00093832973
0,76340,0.0009381753
0,76350,0.000938021
0,76360,0.0009378667
0,76370,0.0009377125
0,76380,0.0009375583
0,76390,0.0009374042
0,76400,0.00093725015
0,76410,0.00093709613
0,76420,0.00093694223
0,76430,0.00093678833
0,76440,0.0009366345
0,76450,0.0009364807
0,76460,0.00093632704
0,76470,0.00093617337
0,76480,0.00093601976
0,76490,0.0009358662
0,76500,0.0009357127
0,76510,0.0009355593
0,76520,0.0009354059
0,76530,0.0009352526
0,76540,0.00093509926
0,76550,0.00093494606
0,76560,0.0009347929
0,76570,0.0009346398
0,76580,0.00093448674
0,76590,0.0009343338
0,76600,0.0009341808
0,76610,0.00093402795
0,76620,0.0009338751
0,76630,0.0009337223
0,76640,0.00093356956
0,76650,0.00093341694
0,76660,0.0009332643
0,76670,0.00093311176
0,76680,0.00093295926
0,76690,0.0009328068
0,76700,0.0009326544
0,76710,0.00093250204
0,76720,0.00093234977
0,76730,0.00093219755
0,76740,0.00093204534
0,76750,0.00093189324
0,76760,0.00093174115
0,76770,0.0009315891
0,76780,0.0009314372
0,76790,0.00093128526
0,76800,0.0009311334
0,76810,0.0009309816
0,76820,0.00093082985
0,76830,0.00093067816
0,76840,0.0009305265
0,76850,0.0009303749
0,76860,0.0009302234
0,76870,0.00093007187
0,76880,0.00092992047
0,76890,0.00092976907
0,76900,0.00092961773
0,76910,0.0009294665
0,76920,0.0009293153
0,76930,0.0009291641
0,76940,0.00092901295
0,76950,0.0009288619
0,76960,0.0009287109
0,76970,0.0009285599
0,76980,0.00092840905
0,76990,0.0009282582
0,77000,0.0009281074
0,77010,0.00092795666
0,77020,0.00092780596
0,77030,0.0009276553
0,77040,0.00092750473
0,77050,0.00092735415
0,77060,0.0009272037
0,77070,0.0009270533
0,77080,0.00092690287
0,77090,0.0009267525
0,77100,0.0009266022
0,77110,0.000926452
0,77120,0.0009263018
0,77130,0.0009261517
0,77140,0.00092600164
0,77150,0.00092585164
0,77160,0.00092570164
0,77170,0.0009255517
0,77180,0.00092540187
0,77190,0.00092525204
0,77200,0.0009251023
0,77210,0.00092495256
0,77220,0.00092480285
0,77230,0.00092465326
0,77240,0.00092450366
0,77250,0.0009243542
0,77260,0.0009242047
0,77270,0.0009240553
0,77280,0.0009239059
0,77290,0.0009237566
0,77300,0.0009236074
0,77310,0.00092345814
0,77320,0.000923309
0,77330,0.0009231599
0,77340,0.0009230108
0,77350,0.0009228618
0,77360,0.00092271285
0,77370,0.00092256395
0,77380,0.00092241506
0,77390,0.0009222663
0,77400,0.0009221175
0,77410,0.0009219688
0,77420,0.0009218201
0,77430,0.0009216715
0,77440,0.0009215229
0,77450,0.0009213744
0,77460,0.00092122593
0,77470,0.00092107756
0,77480,0.0009209292
0,77490,0.0009207809
0,77500,0.00092063256
0,77510,0.00092048437
0,77520,0.0009203362
0,77530,0.0009201881
0,77540,0.00092004
0,77550,0.000919892
0,77560,0.000919744
0,77570,0.00091959606
0,77580,0.0009194482
0,77590,0.00091930036
0,77600,0.0009191526
0,77610,0.00091900484
0,77620,0.0009188572
0,77630,0.00091870956
0,77640,0.00091856194
0,77650,0.00091841444
0,77660,0.00091826695
0,77670,0.0009181195
0,77680,0.0009179721
0,77690,0.00091782474
0,77700,0.0009176775
0,77710,0.0009175302
0,77720,0.000917383
0,77730,0.00091723586
0,77740,0.00091708876
0,77750,0.0009169417
0,77760,0.0009167947
0,77770,0.0009166477
0,77780,0.0009165008
0,77790,0.00091635395
0,77800,0.0009162071
0,77810,0.00091606035
0,77820,0.0009159136
0,77830,0.0009157669
0,77840,0.0009156203
0,77850,0.00091547373
0,77860,0.00091532717
0,77870,0.0009151807
0,77880,0.00091503427
0,77890,0.0009148879
0,77900,0.00091474154
0,77910,0.0009145952
0,77920,0.00091444893
0,77930,0.0009143028
0,77940,0.0009141566
0,77950,0.00091401045
0,77960,0.0009138644
0,77970,0.00091371837
0,77980,0.0009135724
0,77990,0.00091342645
0,78000,0.0009132806
0,78010,0.0009131348
0,78020,0.00091298897
0,78030,0.0009128432
0,78040,0.0009126975
0,78050,0.0009125519
0,78060,0.00091240625
0,78070,0.0009122607
0,78080,0.0009121152
0,78090,0.0009119697
0,78100,0.0009118243
0,78110,0.00091167894
0,78120,0.0009115336
0,78130,0.0009113883
0,78140,0.0009112431
0,78150,0.00091109786
0,78160,0.00091095275
0,78170,0.00091080763
0,78180,0.0009106626
0,78190,0.0009105175
0,78200,0.0009103726
0,78210,0.00091022765
0,78220,0.0009100828
0,78230,0.00090993795
0,78240,0.00090979313
0,78250,0.0009096484
0,78260,0.0009095037
0,78270,0.0009093591
0,78280,0.00090921443
0,78290,0.0009090699
0,78300,0.0009089254
0,78310,0.0009087809
0,78320,0.0009086365
0,78330,0.0009084921
0,78340,0.0009083478
0,78350,0.0009082035
0,78360,0.0009080592
0,78370,0.000907915
0,78380,0.0009077708
0,78390,0.0009076267
0,78400,0.00090748264
0,78410,0.00090733863
0,78420,0.0009071946
0,78430,0.0009070507
0,78440,0.0009069068
0,78450,0.00090676296
0,78460,0.0009066191
0,78470,0.00090647535
0,78480,0.00090633164
0,78490,0.000906188
0,78500,0.0009060443
0,78510,0.0009059008
0,78520,0.0009057572
0,78530,0.0009056137
0,78540,0.0009054703
0,78550,0.00090532686
0,78560,0.0009051835
0,78570,0.0009050401
0,78580,0.0009048969
0,78590,0.00090475363
0,78600,0.00090461044
0,78610,0.00090446725
0,78620,0.0009043242
0,78630,0.0009041811
0,78640,0.0009040381
0,78650,0.00090389507
0,78660,0.0009037521
0,78670,0.0009036092
0,78680,0.00090346637
0,78690,0.0009033236
0,78700,0.0009031808
0,78710,0.0009030381
0,78720,0.0009028954
0,78730,0.00090275274
0,78740,0.00090261013
0,78750,0.0009024676
0,78760,0.0009023251
0,78770,0.0009021826
0,78780,0.0009020402
0,78790,0.0009018978
0,78800,0.00090175547
0,78810,0.00090161315
0,78820,0.0009014709
0,78830,0.0009013287
0,78840,0.0009011865
0,78850,0.0009010444
0,78860,0.0009009023
0,78870,0.00090076023
0,78880,0.00090061827
0,78890,0.0009004763
0,78900,0.00090033433
0,78910,0.0009001925
0,78920,0.0009000506
0,78930,0.00089990883
0,78940,0.0008997671
0,78950,0.00089962536
0,78960,0.0008994837
0,78970,0.00089934206
0,78980,0.0008992005
0,78990,0.00089905894
0,79000,0.00089891744
0,79010,0.00089877594
0,79020,0.00089863455
0,79030,0.00089849316
0,79040,0.00089835183
0,79050,0.0008982105
0,79060,0.00089806924
0,79070,0.000897928
0,79080,0.0008977869
0,79090,0.0008976457
0,79100,0.0008975046
0,79110,0.0008973636
0,79120,0.00089722255
0,79130,0.00089708157
0,79140,0.00089694065
0,79150,0.0008967998
0,79160,0.0008966589
0,79170,0.0008965181
0,79180,0.0008963774
0,79190,0.0008962366
0,79200,0.00089609594
0,79210,0.0008959553
0,79220,0.0008958147
0,79230,0.0008956741
0,79240,0.0008955336
0,79250,0.0008953931
0,79260,0.0008952526
0,79270,0.0008951122
0,79280,0.0008949719
0,79290,0.00089483155
0,79300,0.0008946913
0,79310,0.00089455105
0,79320,0.0008944108
0,79330,0.00089427066
0,79340,0.00089413056
0,79350,0.00089399045
0,79360,0.0008938504
0,79370,0.0008937104
0,79380,0.0008935704
0,79390,0.0008934305
0,79400,0.0008932906
0,79410,0.00089315075
0,79420,0.000893011
0,79430,0.0008928712
0,79440,0.0008927315
0,79450,0.0008925918
0,79460,0.00089245214
0,79470,0.0008923125
0,79480,0.000892173
0,79490,0.00089203345
0,79500,0.0008918939
0,79510,0.00089175446
0,79520,0.00089161505
0,79530,0.0008914757
0,79540,0.00089133636
0,79550,0.00089119707
0,79560,0.0008910578
0,79570,0.0008909186
0,79580,0.0008907794
0,79590,0.00089064025
0,79600,0.00089050113
0,79610,0.0008903621
0,79620,0.0008902231
0,79630,0.0008900841
0,79640,0.00088994513
0,79650,0.00088980625
0,79660,0.00088966737
0,79670,0.00088952854
0,79680,0.0008893897
0,79690,0.000889251
0,79700,0.00088911224
0,79710,0.0008889736
0,79720,0.00088883494
0,79730,0.00088869635
0,79740,0.0008885578
0,79750,0.0008884193
0,79760,0.0008882808
0,79770,0.0008881423
0,79780,0.0008880039
0,79790,0.00088786555
0,79800,0.0008877272
0,79810,0.00088758895
0,79820,0.00088745065
0,79830,0.00088731246
0,79840,0.0008871743
0,79850,0.0008870361
0,79860,0.000886898
0,79870,0.00088675995
0,79880,0.0008866219
0,79890,0.00088648393
0,79900,0.000886346
0,79910,0.000886208
0,79920,0.0008860702
0,79930,0.0008859323
0,79940,0.0008857945
0,79950,0.00088565674
0,79960,0.000885519
0,79970,0.0008853813
0,79980,0.00088524364
0,79990,0.00088510604
0,80000,0.0008849685
0,80010,0.00088483095
0,80020,0.0008846934
0,80030,0.0008845559
0,80040,0.0008844185
0,80050,0.0008842811
0,80060,0.00088414375
0,80070,0.00088400644
0,80080,0.0008838691
0,80090,0.00088373193
0,80100,0.0008835947
0,80110,0.00088345754
0,80120,0.0008833204
0,80130,0.00088318327
0,80140,0.00088304625
0,80150,0.0008829092
0,80160,0.0008827722
0,80170,0.00088263524
0,80180,0.00088249834
0,80190,0.00088236143
0,80200,0.0008822246
0,80210,0.0008820878
0,80220,0.000881951
0,80230,0.0008818143
0,80240,0.0008816776
0,80250,0.00088154094
0,80260,0.0008814043
0,80270,0.0008812677
0,80280,0.00088113116
0,80290,0.00088099466
0,80300,0.00088085816
0,80310,0.0008807217
0,80320,0.00088058534
0,80330,0.00088044896
0,80340,0.00088031264
0,80350,0.0008801763
0,80360,0.00088004005
0,80370,0.00087990385
0,80380,0.00087976764
0,80390,0.0008796315
0,80400,0.00087949535
0,80410,0.00087935926
0,80420,0.0008792232
0,80430,0.0008790872
0,80440,0.0008789512
0,80450,0.0008788153
0,80460,0.0008786794
0,80470,0.0008785435
0,80480,0.0008784077
0,80490,0.0008782719
0,80500,0.0008781361
0,80510,0.0008780004
0,80520,0.00087786466
0,80530,0.00087772903
0,80540,0.0008775934
0,80550,0.0008774578
0,80560,0.0008773223
0,80570,0.0008771867
0,80580,0.00087705126
0,80590,0.0008769158
0,80600,0.0008767804
0,80610,0.00087664503
0,80620,0.0008765097
0,80630,0.00087637437
0,80640,0.0008762391
0,80650,0.0008761039
0,80660,0.00087596866
0,80670,0.0008758335
0,80680,0.00087569834
0,80690,0.00087556324
0,80700,0.0008754282
0,80710,0.00087529316
0,80720,0.0008751582
0,80730,0.0008750232
0,80740,0.00087488827
0,80750,0.0008747534
0,80760,0.00087461853
0,80770,0.0008744837
0,80780,0.0008743489
0,80790,0.00087421417
0,80800,0.0008740795
0,80810,0.0008739448
0,80820,0.00087381015
0,80830,0.0008736755
0,80840,0.00087354094
0,80850,0.0008734064
0,80860,0.0008732719
0,80870,0.00087313744
0,80880,0.000873003
0,80890,0.0008728686
0,80900,0.0008727342
0,80910,0.00087259983
0,80920,0.00087246555
0,80930,0.00087233126
0,80940,0.00087219704
0,80950,0.0008720628
0,80960,0.00087192864
0,80970,0.00087179453
0,80980,0.0008716604
0,80990,0.00087152637
0,81000,0.0008713923
0,81010,0.0008712583
0,81020,0.0008711243
0,81030,0.0008709904
0,81040,0.0008708565
0,81050,0.00087072264
0,81060,0.0008705888
0,81070,0.000870455
0,81080,0.00087032124
0,81090,0.00087018753
0,81100,0.00087005383
0,81110,0.0008699201
0,81120,0.0008697865
0,81130,0.0008696529
0,81140,0.00086951937
0,81150,0.00086938584
0,81160,0.0008692523
0,81170,0.00086911884
0,81180,0.00086898543
0,81190,0.000868852
0,81200,0.00086871866
0,81210,0.0008685853
0,81220,0.000868452
0,81230,0.0008683188
0,81240,0.00086818554
0,81250,0.0008680523
0,81260,0.0008679191
0,81270,0.000867786
0,81280,0.00086765294
0,81290,0.0008675198
0,81300,0.0008673868
0,81310,0.0008672538
0,81320,0.00086712086
0,81330,0.0008669879
0,81340,0.00086685497
0,81350,0.00086672214
0,81360,0.0008665893
0,81370,0.0008664565
0,81380,0.0008663237
0,81390,0.00086619094
0,81400,0.0008660582
0,81410,0.00086592557
0,81420,0.0008657929
0,81430,0.0008656603
0,81440,0.0008655277
0,81450,0.0008653952
0,81460,0.0008652627
0,81470,0.0008651302
0,81480,0.00086499774
0,81490,0.0008648653
0,81500,0.00086473295
0,81510,0.0008646006
0,81520,0.0008644683
0,81530,0.000864336
0,81540,0.0008642037
0,81550,0.0008640715
0,81560,0.0008639393
0,81570,0.00086380716
0,81580,0.000863675
0,81590,0.00086354295
0,81600,0.0008634109
0,81610,0.0008632788
0,81620,0.00086314685
0,81630,0.00086301484
0,81640,0.00086288294
0,81650,0.00086275104
0,81660,0.00086261914
0,81670,0.0008624873
0,81680,0.0008623555
0,81690,0.00086222374
0,81700,0.00086209195
0,81710,0.0008619603
0,81720,0.00086182856
0,81730,0.00086169696
0,81740,0.0008615653
0,81750,0.00086143374
0,81760,0.0008613022
0,81770,0.00086117064
0,81780,0.00086103915
0,81790,0.00086090766
0,81800,0.0008607763
0,81810,0.00086064485
0,81820,0.0008605135
0,81830,0.00086038216
0,81840,0.00086025085
0,81850,0.0008601196
0,81860,0.00085998833
0,81870,0.00085985713
0,81880,0.00085972593
0,81890,0.0008595948
0,81900,0.0008594637
0,81910,0.00085933256
0,81920,0.00085920154
0,81930,0.0008590705
0,81940,0.00085893954
0,81950,0.0008588086
0,81960,0.0008586776
0,81970,0.0008585467
0,81980,0.00085841585
0,81990,0.000858285
0,82000,0.0008581542
0,82010,0.0008580234
0,82020,0.0008578927
0,82030,0.00085776194
0,82040,0.00085763127
0,82050,0.00085750065
0,82060,0.00085737003
0,82070,0.0008572394
0,82080,0.00085710885
0,82090,0.00085697835
0,82100,0.00085684785
0,82110,0.00085671735
0,82120,0.0008565869
0,82130,0.0008564565
0,82140,0.00085632614
0,82150,0.00085619575
0,82160,0.0008560655
0,82170,0.00085593516
0,82180,0.00085580494
0,82190,0.0008556747
0,82200,0.0008555445
0,82210,0.0008554143
0,82220,0.0008552842
0,82230,0.00085515407
0,82240,0.00085502403
0,82250,0.000854894
0,82260,0.00085476396
0,82270,0.000854634
0,82280,0.000854504
0,82290,0.0008543741
0,82300,0.0008542442
0,82310,0.00085411436
0,82320,0.0008539845
0,82330,0.0008538547
0,82340,0.00085372495
0,82350,0.0008535952
0,82360,0.00085346546
0,82370,0.0008533358
0,82380,0.00085320615
0,82390,0.0008530765
0,82400,0.0008529469
0,82410,0.0008528174
0,82420,0.0008526878
0,82430,0.0008525583
0,82440,0.00085242884
0,82450,0.0008522994
0,82460,0.00085217
0,82470,0.0008520406
0,82480,0.00085191126
0,82490,0.0008517819
0,82500,0.0008516526
0,82510,0.00085152336
0,82520,0.0008513941
0,82530,0.0008512649
0,82540,0.0008511357
0,82550,0.0008510066
0,82560,0.00085087743
0,82570,0.0008507483
0,82580,0.0008506193
0,82590,0.00085049024
0,82600,0.00085036125
0,82610,0.00085023226
0,82620,0.00085010333
0,82630,0.0008499744
0,82640,0.0008498455
0,82650,0.0008497167
0,82660,0.00084958784
0,82670,0.0008494591
0,82680,0.0008493303
0,82690,0.0008492016
0,82700,0.0008490728
0,82710,0.0008489442
0,82720,0.0008488155
0,82730,0.0008486869
0,82740,0.00084855827
0,82750,0.00084842974
0,82760,0.00084830116
0,82770,0.0008481727
0,82780,0.00084804423
0,82790,0.00084791577
0,82800,0.00084778736
0,82810,0.00084765896
0,82820,0.00084753055
0,82830,0.00084740226
0,82840,0.0008472739
0,82850,0.0008471457
0,82860,0.0008470174
0,82870,0.0008468892
0,82880,0.000846761
0,82890,0.0008466329
0,82900,0.0008465047
0,82910,0.0008463766
0,82920,0.0008462485
0,82930,0.00084612047
0,82940,0.0008459925
0,82950,0.0008458645
0,82960,0.00084573653
0,82970,0.0008456086
0,82980,0.00084548065
0,82990,0.00084535277
0,83000,0.00084522495
0,83010,0.0008450971
0,83020,0.00084496936
0,83030,0.0008448416
0,83040,0.0008447138
0,83050,0.0008445861
0,83060,0.00084445847
0,83070,0.0008443308
0,83080,0.00084420317
0,83090,0.0008440756
0,83100,0.00084394804
0,83110,0.0008438205
0,83120,0.000843693
0,83130,0.0008435655
0,83140,0.000843438
0,83150,0.0008433106
0,83160,0.00084318325
0,83170,0.00084305584
0,83180,0.00084292854
0,83190,0.0008428012
0,83200,0.00084267394
0,83210,0.00084254664
0,83220,0.00084241945
0,83230,0.0008422922
0,83240,0.0008421651
0,83250,0.0008420379
0,83260,0.0008419108
0,83270,0.0008417837
0,83280,0.00084165664
0,83290,0.00084152963
0,83300,0.0008414026
0,83310,0.0008412756
0,83320,0.00084114866
0,83330,0.00084102177
0,83340,0.0008408949
0,83350,0.000840768
0,83360,0.00084064115
0,83370,0.0008405143
0,83380,0.00084038754
0,83390,0.0008402608
0,83400,0.00084013405
0,83410,0.0008400074
0,83420,0.00083988067
0,83430,0.00083975407
0,83440,0.0008396274
0,83450,0.00083950086
0,83460,0.00083937426
0,83470,0.0008392477
0,83480,0.00083912123
0,83490,0.00083899475
0,83500,0.00083886826
0,83510,0.00083874183
0,83520,0.00083861547
0,83530,0.0008384891
0,83540,0.0008383627
0,83550,0.0008382364
0,83560,0.0008381101
0,83570,0.00083798385
0,83580,0.0008378576
0,83590,0.0008377314
0,83600,0.0008376052
0,83610,0.0008374791
0,83620,0.00083735294
0,83630,0.00083722686
0,83640,0.0008371008
0,83650,0.0008369747
0,83660,0.0008368487
0,83670,0.0008367227
0,83680,0.0008365967
0,83690,0.0008364708
0,83700,0.0008363449
0,83710,0.000836219
0,83720,0.00083609315
0,83730,0.0008359673
0,83740,0.0008358415
0,83750,0.00083571573
0,83760,0.00083558995
0,83770,0.0008354642
0,83780,0.00083533855
0,83790,0.0008352129
0,83800,0.0008350872
0,83810,0.0008349616
0,83820,0.00083483604
0,83830,0.00083471043
0,83840,0.00083458493
0,83850,0.0008344594
0,83860,0.00083433394
0,83870,0.00083420845
0,83880,0.000834083
0,83890,0.00083395763
0,83900,0.00083383225
0,83910,0.0008337069
0,83920,0.00083358155
0,83930,0.0008334563
0,83940,0.00083333097
0,83950,0.00083320576
0,83960,0.0008330805
0,83970,0.00083295535
0,83980,0.00083283015
0,83990,0.000832705
0,84000,0.0008325799
0,84010,0.0008324548
0,84020,0.00083232974
0,84030,0.0008322047
0,84040,0.00083207974
0,84050,0.0008319547
0,84060,0.0008318298
0,84070,0.0008317048
0,84080,0.00083157996
0,84090,0.00083145505
0,84100,0.0008313302
0,84110,0.0008312054
0,84120,0.0008310806
0,84130,0.0008309558
0,84140,0.00083083106
0,84150,0.0008307063
0,84160,0.00083058164
0,84170,0.00083045696
0,84180,0.00083033234
0,84190,0.0008302077
0,84200,0.0008300831
0,84210,0.00082995853
0,84220,0.000829834
0,84230,0.0008297095
0,84240,0.000829585
0,84250,0.00082946057
0,84260,0.0008293361
0,84270,0.00082921167
0,84280,0.00082908734
0,84290,0.00082896295
0,84300,0.0008288386
0,84310,0.0008287143
0,84320,0.00082859
0,84330,0.0008284658
0,84340,0.0008283415
0,84350,0.00082821737
0,84360,0.00082809315
0,84370,0.000827969
0,84380,0.0008278449
0,84390,0.0008277208
0,84400,0.0008275967
0,84410,0.00082747266
0,84420,0.0008273486
0,84430,0.00082722463
0,84440,0.00082710065
0,84450,0.0008269767
0,84460,0.0008268528
0,84470,0.0008267289
0,84480,0.000826605
0,84490,0.00082648115
0,84500,0.00082635734
0,84510,0.00082623353
0,84520,0.0008261098
0,84530,0.00082598603
0,84540,0.0008258623
0,84550,0.0008257386
0,84560,0.00082561496
0,84570,0.00082549127
0,84580,0.0008253677
0,84590,0.00082524406
0,84600,0.0008251205
0,84610,0.00082499697
0,84620,0.00082487345
0,84630,0.00082474994
0,84640,0.0008246265
0,84650,0.000824503
0,84660,0.0008243796
0,84670,0.0008242562
0,84680,0.0008241329
0,84690,0.00082400953
0,84700,0.0008238862
0,84710,0.0008237629
0,84720,0.0008236396
0,84730,0.0008235164
0,84740,0.0008233932
0,84750,0.00082327
0,84760,0.00082314684
0,84770,0.00082302367
0,84780,0.00082290056
0,84790,0.0008227775
0,84800,0.0008226544
0,84810,0.00082253135
0,84820,0.00082240836
0,84830,0.00082228536
0,84840,0.0008221624
0,84850,0.00082203944
0,84860,0.00082191656
0,84870,0.0008217936
0,84880,0.00082167075
0,84890,0.00082154793
0,84900,0.0008214251
0,84910,0.0008213023
0,84920,0.00082117954
0,84930,0.0008210568
0,84940,0.0008209341
0,84950,0.0008208114
0,84960,0.0008206887
0,84970,0.0008205661
0,84980,0.00082044344
0,84990,0.00082032086
0,85000,0.0008201983
0,85010,0.00082007574
0,85020,0.0008199532
0,85030,0.0008198307
0,85040,0.0008197082
0,85050,0.00081958575
0,85060,0.00081946334
0,85070,0.00081934093
0,85080,0.0008192186
0,85090,0.0008190962
0,85100,0.0008189739
0,85110,0.0008188516
0,85120,0.0008187293
0,85130,0.00081860705
0,85140,0.0008184848
0,85150,0.00081836263
0,85160,0.00081824046
0,85170,0.0008181183
0,85180,0.00081799616
0,85190,0.00081787404
0,85200,0.000817752
0,85210,0.0008176299
0,85220,0.00081750785
0,85230,0.00081738585
0,85240,0.00081726385
0,85250,0.0008171419
0,85260,0.00081701996
0,85270,0.000816898
0,85280,0.0008167761
0,85290,0.0008166543
0,85300,0.0008165324
0,85310,0.00081641064
0,85320,0.0008162888
0,85330,0.00081616704
0,85340,0.00081604527
0,85350,0.00081592356
0,85360,0.0008158019
0,85370,0.0008156802
0,85380,0.00081555854
0,85390,0.00081543694
0,85400,0.00081531535
0,85410,0.00081519375
0,85420,0.0008150722
0,85430,0.0008149507
0,85440,0.00081482914
0,85450,0.00081470766
0,85460,0.0008145862
0,85470,0.00081446476
0,85480,0.00081434334
0,85490,0.000814222
0,85500,0.0008141006
0,85510,0.00081397925
0,85520,0.00081385794
0,85530,0.00081373664
0,85540,0.0008136154
0,85550,0.00081349415
0,85560,0.0008133729
0,85570,0.0008132517
0,85580,0.0008131305
0,85590,0.0008130094
0,85600,0.00081288826
0,85610,0.00081276713
0,85620,0.00081264606
0,85630,0.00081252505
0,85640,0.000812404
0,85650,0.00081228296
0,85660,0.000812162
0,85670,0.00081204105
0,85680,0.0008119201
0,85690,0.0008117992
0,85700,0.0008116783
0,85710,0.0008115574
0,85720,0.00081143656
0,85730,0.0008113157
0,85740,0.00081119494
0,85750,0.00081107416
0,85760,0.00081095344
0,85770,0.0008108327
0,85780,0.000810712
0,85790,0.00081059133
0,85800,0.00081047066
0,85810,0.00081035
0,85820,0.0008102294
0,85830,0.00081010885
0,85840,0.00080998824
0,85850,0.0008098677
0,85860,0.0008097472
0,85870,0.0008096267
0,85880,0.0008095062
0,85890,0.0008093858
0,85900,0.00080926536
0,85910,0.000809145
0,85920,0.00080902455
0,85930,0.00080890424
0,85940,0.00080878387
0,85950,0.0008086636
0,85960,0.0008085433
0,85970,0.00080842304
0,85980,0.0008083028
0,85990,0.0008081826
0,86000,0.0008080624
0,86010,0.00080794224
0,86020,0.00080782204
0,86030,0.00080770196
0,86040,0.0008075818
0,86050,0.00080746174
0,86060,0.0008073417
0,86070,0.0008072217
0,86080,0.00080710166
0,86090,0.0008069817
0,86100,0.00080686173
0,86110,0.00080674177
0,86120,0.00080662186
0,86130,0.00080650195
0,86140,0.0008063821
0,86150,0.00080626225
0,86160,0.0008061424
0,86170,0.0008060226
0,86180,0.0008059028
0,86190,0.0008057831
0,86200,0.00080566335
0,86210,0.0008055436
0,86220,0.00080542394
0,86230,0.00080530427
0,86240,0.0008051846
0,86250,0.000805065
0,86260,0.0008049454
0,86270,0.0008048258
0,86280,0.00080470624
0,86290,0.00080458674
0,86300,0.00080446724
0,86310,0.00080434774
0,86320,0.0008042283
0,86330,0.00080410886
0,86340,0.0008039894
0,86350,0.00080387003
0,86360,0.00080375065
0,86370,0.0008036313
0,86380,0.000803512
0,86390,0.0008033927
0,86400,0.0008032734
0,86410,0.00080315414
0,86420,0.00080303487
0,86430,0.00080291566
0,86440,0.0008027965
0,86450,0.0008026773
0,86460,0.00080255815
0,86470,0.00080243906
0,86480,0.00080231996
0,86490,0.00080220087
0,86500,0.00080208183
0,86510,0.0008019628
0,86520,0.00080184377
0,86530,0.0008017248
0,86540,0.0008016058
0,86550,0.00080148684
0,86560,0.0008013679
0,86570,0.00080124906
0,86580,0.00080113014
0,86590,0.0008010113
0,86600,0.0008008925
0,86610,0.0008007737
0,86620,0.0008006549
0,86630,0.0008005361
0,86640,0.0008004173
0,86650,0.00080029864
0,86660,0.0008001799
0,86670,0.0008000613
0,86680,0.0007999426
0,86690,0.00079982396
0,86700,0.00079970533
0,86710,0.00079958676
0,86720,0.0007994682
0,86730,0.0007993496
0,86740,0.0007992311
0,86750,0.0007991126
0,86760,0.00079899415
0,86770,0.0007988757
0,86780,0.00079875725
0,86790,0.00079863885
0,86800,0.00079852046
0,86810,0.00079840206
0,86820,0.0007982837
0,86830,0.0007981654
0,86840,0.0007980471
0,86850,0.00079792883
0,86860,0.00079781056
0,86870,0.00079769234
0,86880,0.0007975741
0,86890,0.0007974559
0,86900,0.00079733774
0,86910,0.0007972196
0,86920,0.0007971015
0,86930,0.00079698337
0,86940,0.00079686526
0,86950,0.0007967472
0,86960,0.0007966292
0,86970,0.0007965111
0,86980,0.00079639314
0,86990,0.00079627516
0,87000,0.0007961572
0,87010,0.0007960393
0,87020,0.00079592137
0,87030,0.0007958035
0,87040,0.0007956856
0,87050,0.00079556776
0,87060,0.00079544995
0,87070,0.00079533213
0,87080,0.0007952144
0,87090,0.0007950966
0,87100,0.00079497887
0,87110,0.0007948612
0,87120,0.0007947435
0,87130,0.0007946258
0,87140,0.00079450815
0,87150,0.0007943905
0,87160,0.0007942729
0,87170,0.00079415535
0,87180,0.00079403777
0,87190,0.00079392025
0,87200,0.0007938027
0,87210,0.0007936852
0,87220,0.00079356774
0,87230,0.0007934503
0,87240,0.0007933328
0,87250,0.0007932154
0,87260,0.000793098
0,87270,0.00079298066
0,87280,0.0007928633
0,87290,0.00079274597
0,87300,0.0007926287
0,87310,0.0007925114
0,87320,0.00079239416
0,87330,0.0007922769
0,87340,0.0007921597
0,87350,0.00079204247
0,87360,0.0007919253
0,87370,0.0007918081
0,87380,0.000791691
0,87390,0.0007915739
0,87400,0.0007914568
0,87410,0.0007913397
0,87420,0.0007912227
0,87430,0.0007911057
0,87440,0.0007909887
0,87450,0.0007908717
0,87460,0.0007907547
0,87470,0.00079063774
0,87480,0.00079052086
0,87490,0.0007904039
0,87500,0.00079028704
0,87510,0.0007901702
0,87520,0.0007900534
0,87530,0.0007899366
0,87540,0.00078981975
0,87550,0.000789703
0,87560,0.0007895862
0,87570,0.0007894695
0,87580,0.0007893528
0,87590,0.0007892361
0,87600,0.00078911945
0,87610,0.0007890028
0,87620,0.00078888616
0,87630,0.00078876957
0,87640,0.000788653
0,87650,0.0007885364
0,87660,0.00078841986
0,87670,0.0007883034
0,87680,0.00078818685
0,87690,0.0007880704
0,87700,0.0007879539
0,87710,0.0007878375
0,87720,0.0007877211
0,87730,0.00078760466
0,87740,0.0007874883
0,87750,0.00078737194
0,87760,0.00078725565
0,87770,0.0007871393
0,87780,0.00078702305
0,87790,0.00078690675
0,87800,0.0007867905
0,87810,0.00078667427
0,87820,0.0007865581
0,87830,0.0007864419
0,87840,0.0007863257
0,87850,0.0007862096
0,87860,0.0007860935
0,87870,0.00078597735
0,87880,0.0007858613
0,87890,0.0007857452
0,87900,0.00078562915
0,87910,0.00078551314
0,87920,0.00078539713
0,87930,0.0007852812
0,87940,0.00078516523
0,87950,0.0007850493
0,87960,0.0007849334
0,87970,0.0007848175
0,87980,0.0007847016
0,87990,0.0007845858
0,88000,0.00078446994
0,88010,0.0007843541
0,88020,0.00078423833
0,88030,0.00078412256
0,88040,0.0007840068
0,88050,0.00078389107
0,88060,0.00078377535
0,88070,0.0007836597
0,88080,0.00078354403
0,88090,0.0007834284
0,88100,0.0007833127
0,88110,0.0007831971
0,88120,0.0007830816
0,88130,0.000782966
0,88140,0.00078285043
0,88150,0.00078273495
0,88160,0.0007826194
0,88170,0.0007825039
0,88180,0.0007823885
0,88190,0.000782273
0,88200,0.0007821576
0,88210,0.0007820422
0,88220,0.00078192685
0,88230,0.0007818115
0,88240,0.0007816961
0,88250,0.0007815808
0,88260,0.0007814655
0,88270,0.00078135025
0,88280,0.000781235
0,88290,0.00078111974
0,88300,0.00078100455
0,88310,0.00078088936
0,88320,0.00078077416
0,88330,0.00078065903
0,88340,0.0007805439
0,88350,0.00078042876
0,88360,0.0007803137
0,88370,0.0007801986
0,88380,0.00078008353
0,88390,0.0007799685
0,88400,0.0007798535
0,88410,0.0007797385
0,88420,0.0007796235
0,88430,0.00077950855
0,88440,0.00077939365
0,88450,0.00077927875
0,88460,0.00077916385
0,88470,0.00077904895
0,88480,0.0007789341
0,88490,0.00077881926
0,88500,0.0007787045
0,88510,0.0007785897
0,88520,0.0007784749
0,88530,0.0007783602
0,88540,0.00077824545
0,88550,0.0007781307
0,88560,0.00077801605
0,88570,0.0007779014
0,88580,0.0007777867
0,88590,0.0007776721
0,88600,0.0007775575
0,88610,0.0007774429
0,88620,0.0007773283
0,88630,0.0007772138
0,88640,0.0007770992
0,88650,0.0007769847
0,88660,0.00077687023
0,88670,0.0007767558
0,88680,0.0007766413
0,88690,0.00077652687
0,88700,0.0007764125
0,88710,0.0007762981
0,88720,0.00077618373
0,88730,0.00077606936
0,88740,0.00077595504
0,88750,0.0007758407
0,88760,0.00077572645
0,88770,0.0007756122
0,88780,0.00077549793
0,88790,0.0007753837
0,88800,0.0007752695
0,88810,0.0007751553
0,88820,0.0007750411
0,88830,0.000774927
0,88840,0.0007748129
0,88850,0.00077469874
0,88860,0.00077458465
0,88870,0.00077447057
0,88880,0.00077435654
0,88890,0.0007742425
0,88900,0.0007741285
0,88910,0.0007740145
0,88920,0.00077390054
0,88930,0.00077378657
0,88940,0.00077367265
0,88950,0.00077355874
0,88960,0.00077344483
0,88970,0.000773331
0,88980,0.0007732171
0,88990,0.00077310327
0,89000,0.0007729895
0,89010,0.0007728757
0,89020,0.00077276194
0,89030,0.00077264814
0,89040,0.0007725344
0,89050,0.0007724207
0,89060,0.000772307
0,89070,0.00077219337
0,89080,0.0007720797
0,89090,0.00077196606
0,89100,0.00077185244
0,89110,0.0007717388
0,89120,0.00077162526
0,89130,0.0007715117
0,89140,0.0007713982
0,89150,0.0007712846
0,89160,0.0007711711
0,89170,0.0007710577
0,89180,0.0007709442
0,89190,0.0007708308
0,89200,0.00077071734
0,89210,0.00077060395
0,89220,0.00077049056
0,89230,0.0007703772
0,89240,0.00077026384
0,89250,0.00077015057
0,89260,0.00077003724
0,89270,0.00076992396
0,89280,0.0007698107
0,89290,0.0007696974
0,89300,0.0007695842
0,89310,0.000769471
0,89320,0.00076935784
0,89330,0.0007692447
0,89340,0.0007691315
0,89350,0.00076901837
0,89360,0.0007689053
0,89370,0.0007687922
0,89380,0.00076867914
0,89390,0.0007685661
0,89400,0.00076845306
0,89410,0.00076834
0,89420,0.00076822704
0,89430,0.00076811406
0,89440,0.00076800113
0,89450,0.00076788815
0,89460,0.0007677753
0,89470,0.00076766236
0,89480,0.0007675495
0,89490,0.00076743664
0,89500,0.00076732377
0,89510,0.00076721096
0,89520,0.00076709816
0,89530,0.0007669854
0,89540,0.00076687266
0,89550,0.0007667599
0,89560,0.00076664716
0,89570,0.0007665345
0,89580,0.0007664218
0,89590,0.00076630915
0,89600,0.00076619646
0,89610,0.00076608383
0,89620,0.00076597126
0,89630,0.0007658587
0,89640,0.0007657461
0,89650,0.00076563354
0,89660,0.000765521
0,89670,0.0007654085
0,89680,0.000765296
0,89690,0.00076518353
0,89700,0.0007650711
0,89710,0.0007649587
0,89720,0.0007648462
0,89730,0.0007647338
0,89740,0.0007646215
0,89750,0.00076450914
0,89760,0.0007643968
0,89770,0.00076428446
0,89780,0.0007641722
0,89790,0.0007640599
0,89800,0.0007639476
0,89810,0.0007638354
0,89820,0.00076372316
0,89830,0.00076361094
0,89840,0.00076349877
0,89850,0.0007633866
0,89860,0.00076327444
0,89870,0.00076316233
0,89880,0.0007630502
0,89890,0.0007629381
0,89900,0.000762826
0,89910,0.00076271396
0,89920,0.00076260197
0,89930,0.0007624899
0,89940,0.0007623779
0,89950,0.00076226593
0,89960,0.000762154
0,89970,0.00076204207
0,89980,0.00076193013
0,89990,0.00076181826
0,90000,0.0007617064
0,90010,0.0007615945
0,90020,0.00076148263
0,90030,0.0007613708
0,90040,0.000761259
0,90050,0.00076114724
0,90060,0.0007610355
0,90070,0.0007609237
0,90080,0.00076081196
0,90090,0.00076070026
0,90100,0.00076058856
0,90110,0.0007604769
0,90120,0.0007603652
0,90130,0.0007602536
0,90140,0.000760142
0,90150,0.0007600304
0,90160,0.0007599188
0,90170,0.00075980724
0,90180,0.0007596957
0,90190,0.0007595842
0,90200,0.00075947266
0,90210,0.0007593612
0,90220,0.0007592497
0,90230,0.00075913826
0,90240,0.00075902685
0,90250,0.00075891544
0,90260,0.00075880403
0,90270,0.0007586926
0,90280,0.0007585813
0,90290,0.00075847
0,90300,0.0007583586
0,90310,0.00075824733
0,90320,0.00075813604
0,90330,0.0007580248
0,90340,0.00075791357
0,90350,0.00075780234
0,90360,0.0007576911
0,90370,0.0007575799
0,90380,0.00075746875
0,90390,0.00075735763
0,90400,0.00075724645
0,90410,0.00075713533
0,90420,0.0007570243
0,90430,0.0007569132
0,90440,0.00075680215
0,90450,0.0007566911
0,90460,0.0007565801
0,90470,0.0007564691
0,90480,0.0007563581
0,90490,0.00075624714
0,90500,0.00075613614
0,90510,0.00075602526
0,90520,0.0007559143
0,90530,0.0007558034
0,90540,0.00075569254
0,90550,0.0007555817
0,90560,0.0007554709
0,90570,0.00075536006
0,90580,0.0007552493
0,90590,0.00075513846
0,90600,0.0007550277
0,90610,0.000754917
0,90620,0.0007548063
0,90630,0.00075469556
0,90640,0.00075458485
0,90650,0.0007544742
0,90660,0.00075436354
0,90670,0.0007542529
0,90680,0.0007541423
0,90690,0.0007540317
0,90700,0.0007539211
0,90710,0.0007538106
0,90720,0.00075370003
0,90730,0.0007535895
0,90740,0.00075347896
0,90750,0.0007533685
0,90760,0.000753258
0,90770,0.0007531476
0,90780,0.00075303717
0,90790,0.00075292675
0,90800,0.0007528163
0,90810,0.00075270596
0,90820,0.0007525956
0,90830,0.0007524853
0,90840,0.00075237494
0,90850,0.00075226463
0,90860,0.0007521544
0,90870,0.0007520441
0,90880,0.00075193384
0,90890,0.0007518236
0,90900,0.0007517134
0,90910,0.0007516032
0,90920,0.00075149303
0,90930,0.0007513829
0,90940,0.0007512728
0,90950,0.00075116265
0,90960,0.0007510525
0,90970,0.00075094245
0,90980,0.0007508324
0,90990,0.0007507223
0,91000,0.0007506123
0,91010,0.0007505023
0,91020,0.00075039227
0,91030,0.0007502823
0,91040,0.00075017236
0,91050,0.0007500624
0,91060,0.0007499525
0,91070,0.0007498426
0,91080,0.0007497327
0,91090,0.0007496229
0,91100,0.000749513
0,91110,0.0007494032
0,91120,0.00074929337
0,91130,0.0007491836
0,91140,0.0007490738
0,91150,0.000748964
0,91160,0.0007488543
0,91170,0.0007487446
0,91180,0.00074863486
0,91190,0.0007485252
0,91200,0.00074841554
0,91210,0.0007483059
0,91220,0.00074819627
0,91230,0.0007480866
0,91240,0.00074797706
0,91250,0.00074786745
0,91260,0.0007477579
0,91270,0.00074764836
0,91280,0.0007475388
0,91290,0.0007474293
0,91300,0.00074731983
0,91310,0.0007472104
0,91320,0.0007471009
0,91330,0.0007469915
0,91340,0.00074688205
0,91350,0.0007467727
0,91360,0.0007466633
0,91370,0.00074655394
0,91380,0.0007464446
0,91390,0.00074633525
0,91400,0.00074622594
0,91410,0.0007461167
0,91420,0.0007460074
0,91430,0.00074589817
0,91440,0.0007457889
0,91450,0.0007456797
0,91460,0.0007455705
0,91470,0.0007454613
0,91480,0.0007453521
0,91490,0.000745243
0,91500,0.0007451339
0,91510,0.00074502476
0,91520,0.0007449157
0,91530,0.0007448066
0,91540,0.0007446975
0,91550,0.0007445885
0,91560,0.0007444795
0,91570,0.00074437045
0,91580,0.0007442615
0,91590,0.0007441525
0,91600,0.00074404356
0,91610,0.00074393465
0,91620,0.00074382575
0,91630,0.00074371684
0,91640,0.00074360793
0,91650,0.0007434991
0,91660,0.00074339024
0,91670,0.00074328145
0,91680,0.0007431726
0,91690,0.0007430638
0,91700,0.0007429551
0,91710,0.0007428463
0,91720,0.00074273755
0,91730,0.0007426288
0,91740,0.00074252015
0,91750,0.0007424115
0,91760,0.0007423028
0,91770,0.0007421941
0,91780,0.0007420855
0,91790,0.0007419769
0,91800,0.0007418683
0,91810,0.0007417597
0,91820,0.00074165117
0,91830,0.0007415426
0,91840,0.0007414341
0,91850,0.0007413256
0,91860,0.0007412171
0,91870,0.0007411086
0,91880,0.00074100017
0,91890,0.00074089173
0,91900,0.0007407833
0,91910,0.0007406749
0,91920,0.0007405665
0,91930,0.00074045814
0,91940,0.0007403498
0,91950,0.0007402415
0,91960,0.00074013317
0,91970,0.00074002484
0,91980,0.0007399166
0,91990,0.0007398083
0,92000,0.0007397001
0,92010,0.00073959184
0,92020,0.0007394836
0,92030,0.0007393755
0,92040,0.00073926727
0,92050,0.0007391591
0,92060,0.00073905097
0,92070,0.0007389429
0,92080,0.0007388348
0,92090,0.0007387267
0,92100,0.0007386186
0,92110,0.0007385106
0,92120,0.00073840254
0,92130,0.0007382945
0,92140,0.0007381865
0,92150,0.00073807855
0,92160,0.0007379706
0,92170,0.0007378626
0,92180,0.0007377547
0,92190,0.00073764677
0,92200,0.0007375389
0,92210,0.000737431
0,92220,0.00073732313
0,92230,0.00073721533
0,92240,0.0007371075
0,92250,0.0007369997
0,92260,0.0007368919
0,92270,0.00073678413
0,92280,0.0007366764
0,92290,0.00073656865
0,92300,0.0007364609
0,92310,0.0007363532
0,92320,0.00073624554
0,92330,0.00073613785
0,92340,0.0007360302
0,92350,0.0007359226
0,92360,0.000735815
0,92370,0.00073570735
0,92380,0.0007355998
0,92390,0.0007354922
0,92400,0.00073538464
0,92410,0.00073527714
0,92420,0.0007351696
0,92430,0.0007350621
0,92440,0.00073495466
0,92450,0.0007348472
0,92460,0.00073473976
0,92470,0.0007346323
0,92480,0.0007345249
0,92490,0.0007344175
0,92500,0.00073431013
0,92510,0.0007342028
0,92520,0.00073409546
0,92530,0.0007339881
0,92540,0.00073388085
0,92550,0.0007337736
0,92560,0.0007336663
0,92570,0.000733559
0,92580,0.0007334518
0,92590,0.0007333446
0,92600,0.00073323736
0,92610,0.0007331302
0,92620,0.00073302304
0,92630,0.0007329159
0,92640,0.0007328087
0,92650,0.0007327016
0,92660,0.0007325945
0,92670,0.0007324874
0,92680,0.0007323804
0,92690,0.0007322733
0,92700,0.0007321663
0,92710,0.0007320593
0,92720,0.0007319523
0,92730,0.0007318453
0,92740,0.00073173834
0,92750,0.0007316314
0,92760,0.0007315245
0,92770,0.00073141756
0,92780,0.0007313107
0,92790,0.0007312038
0,92800,0.00073109695
0,92810,0.0007309901
0,92820,0.0007308833
0,92830,0.00073077646
0,92840,0.0007306697
0,92850,0.0007305629
0,92860,0.00073045614
0,92870,0.00073034945
0,92880,0.0007302427
0,92890,0.000730136
0,92900,0.0007300293
0,92910,0.0007299226
0,92920,0.000729816
0,92930,0.00072970934
0,92940,0.0007296027
0,92950,0.0007294961
0,92960,0.00072938955
0,92970,0.00072928297
0,92980,0.00072917645
0,92990,0.00072906987
0,93000,0.00072896335
0,93010,0.0007288569
0,93020,0.00072875037
0,93030,0.0007286439
0,93040,0.00072853744
0,93050,0.00072843104
0,93060,0.00072832464
0,93070,0.00072821823
0,93080,0.00072811183
0,93090,0.0007280055
0,93100,0.00072789914
0,93110,0.0007277928
0,93120,0.0007276865
0,93130,0.00072758016
0,93140,0.00072747393
0,93150,0.00072736765
0,93160,0.0007272614
0,93170,0.0007271552
0,93180,0.00072704896
0,93190,0.00072694273
0,93200,0.00072683656
0,93210,0.0007267304
0,93220,0.0007266243
0,93230,0.00072651816
0,93240,0.00072641205
0,93250,0.00072630594
0,93260,0.0007261999
0,93270,0.0007260938
0,93280,0.0007259878
0,93290,0.0007258817
0,93300,0.0007257757
0,93310,0.0007256697
0,93320,0.00072556373
0,93330,0.0007254578
0,93340,0.00072535186
0,93350,0.0007252459
0,93360,0.00072514004
0,93370,0.0007250341
0,93380,0.0007249282
0,93390,0.0007248224
0,93400,0.0007247165
0,93410,0.0007246107
0,93420,0.00072450493
0,93430,0.0007243991
0,93440,0.00072429335
0,93450,0.0007241876
0,93460,0.0007240818
0,93470,0.0007239761
0,93480,0.0007238704
0,93490,0.0007237647
0,93500,0.00072365906
0,93510,0.00072355336
0,93520,0.00072344777
0,93530,0.0007233421
0,93540,0.00072323653
0,93550,0.00072313094
0,93560,0.00072302535
0,93570,0.00072291977
0,93580,0.00072281423
0,93590,0.0007227087
0,93600,0.00072260323
0,93610,0.0007224977
0,93620,0.00072239223
0,93630,0.0007222868
0,93640,0.00072218134
0,93650,0.0007220759
0,93660,0.0007219705
0,93670,0.0007218651
0,93680,0.00072175974
0,93690,0.0007216544
0,93700,0.00072154903
0,93710,0.00072144374
0,93720,0.00072133844
0,93730,0.00072123314
0,93740,0.00072112784
0,93750,0.0007210226
0,93760,0.00072091736
0,93770,0.0007208121
0,93780,0.00072070694
0,93790,0.00072060176
0,93800,0.0007204966
0,93810,0.0007203914
0,93820,0.0007202863
0,93830,0.00072018115
0,93840,0.00072007603
0,93850,0.0007199709
0,93860,0.00071986584
0,93870,0.0007197608
0,93880,0.00071965577
0,93890,0.0007195507
0,93900,0.0007194457
0,93910,0.00071934075
0,93920,0.00071923574
0,93930,0.0007191308
0,93940,0.00071902585
0,93950,0.0007189209
0,93960,0.000718816
0,93970,0.0007187111
0,93980,0.0007186062
0,93990,0.0007185014
0,94000,0.0007183965
0,94010,0.00071829173
0,94020,0.0007181869
0,94030,0.0007180821
0,94040,0.0007179773
0,94050,0.0007178726
0,94060,0.0007177678
0,94070,0.0007176631
0,94080,0.0007175584
0,94090,0.00071745366
0,94100,0.000717349
0,94110,0.00071724434
0,94120,0.0007171397
0,94130,0.000717035
0,94140,0.00071693043
0,94150,0.00071682583
0,94160,0.0007167213
0,94170,0.0007166167
0,94180,0.00071651215
0,94190,0.0007164076
0,94200,0.0007163031
0,94210,0.0007161986
0,94220,0.0007160941
0,94230,0.0007159897
0,94240,0.0007158852
0,94250,0.00071578077
0,94260,0.00071567635
0,94270,0.000715572
0,94280,0.00071546755
0,94290,0.0007153632
0,94300,0.0007152588
0,94310,0.0007151545
0,94320,0.0007150502
0,94330,0.0007149459
0,94340,0.0007148416
0,94350,0.00071473734
0,94360,0.0007146331
0,94370,0.00071452884
0,94380,0.00071442465
0,94390,0.0007143204
0,94400,0.0007142162
0,94410,0.0007141121
0,94420,0.0007140079
0,94430,0.00071390375
0,94440,0.0007137996
0,94450,0.00071369554
0,94460,0.00071359146
0,94470,0.0007134874
0,94480,0.0007133833
0,94490,0.00071327924
0,94500,0.0007131752
0,94510,0.0007130712
0,94520,0.00071296724
0,94530,0.0007128632
0,94540,0.00071275927
0,94550,0.00071265537
0,94560,0.0007125514
0,94570,0.0007124475
0,94580,0.0007123436
0,94590,0.0007122397
0,94600,0.00071213586
0,94610,0.000712032
0,94620,0.0007119282
0,94630,0.0007118244
0,94640,0.00071172055
0,94650,0.00071161677
0,94660,0.00071151304
0,94670,0.00071140926
0,94680,0.00071130553
0,94690,0.0007112018
0,94700,0.00071109814
0,94710,0.0007109944
0,94720,0.00071089074
0,94730,0.00071078714
0,94740,0.00071068347
0,94750,0.00071057986
0,94760,0.00071047625
0,94770,0.0007103727
0,94780,0.0007102691
0,94790,0.00071016554
0,94800,0.000710062
0,94810,0.0007099585
0,94820,0.00070985494
0,94830,0.00070975145
0,94840,0.000709648
0,94850,0.0007095445
0,94860,0.0007094411
0,94870,0.00070933765
0,94880,0.0007092343
0,94890,0.00070913084
0,94900,0.00070902746
0,94910,0.00070892414
0,94920,0.00070882076
0,94930,0.00070871745
0,94940,0.0007086141
0,94950,0.0007085108
0,94960,0.00070840755
0,94970,0.0007083043
0,94980,0.000708201
0,94990,0.00070809777
0,95000,0.00070799456
0,95010,0.00070789136
0,95020,0.00070778816
0,95030,0.000707685
0,95040,0.0007075819
0,95050,0.0007074787
0,95060,0.0007073756
0,95070,0.0007072725
0,95080,0.0007071694
0,95090,0.0007070663
0,95100,0.00070696324
0,95110,0.0007068602
0,95120,0.0007067572
0,95130,0.0007066542
0,95140,0.0007065512
0,95150,0.0007064482
0,95160,0.00070634525
0,95170,0.0007062423
0,95180,0.00070613937
0,95190,0.00070603646
0,95200,0.00070593355
0,95210,0.0007058307
0,95220,0.00070572784
0,95230,0.000705625
0,95240,0.00070552214
0,95250,0.0007054193
0,95260,0.0007053165
0,95270,0.0007052137
0,95280,0.00070511096
0,95290,0.0007050082
0,95300,0.0007049054
0,95310,0.00070480275
0,95320,0.0007047
0,95330,0.00070459733
0,95340,0.00070449465
0,95350,0.000704392
0,95360,0.00070428936
0,95370,0.00070418674
0,95380,0.0007040841
0,95390,0.0007039815
0,95400,0.00070387893
0,95410,0.0007037764
0,95420,0.0007036738
0,95430,0.0007035713
0,95440,0.00070346874
0,95450,0.00070336624
0,95460,0.0007032638
0,95470,0.0007031613
0,95480,0.00070305885
0,95490,0.0007029564
0,95500,0.000702854
0,95510,0.00070275157
0,95520,0.0007026492
0,95530,0.00070254685
0,95540,0.00070244446
0,95550,0.00070234213
0,95560,0.0007022398
0,95570,0.0007021375
0,95580,0.0007020352
0,95590,0.00070193294
0,95600,0.00070183066
0,95610,0.0007017284
0,95620,0.0007016262
0,95630,0.00070152397
0,95640,0.00070142176
0,95650,0.00070131954
0,95660,0.0007012174
0,95670,0.00070111523
0,95680,0.0007010131
0,95690,0.000700911
0,95700,0.0007008089
0,95710,0.0007007068
0,95720,0.0007006047
0,95730,0.00070050266
0,95740,0.0007004006
0,95750,0.0007002986
0,95760,0.00070019654
0,95770,0.00070009456
0,95780,0.0006999926
0,95790,0.0006998906
0,95800,0.0006997887
0,95810,0.00069968676
0,95820,0.00069958484
0,95830,0.0006994829
0,95840,0.00069938105
0,95850,0.0006992792
0,95860,0.0006991773
0,95870,0.00069907546
0,95880,0.00069897366
0,95890,0.00069887185
0,95900,0.00069877005
0,95910,0.0006986683
0,95920,0.0006985665
0,95930,0.00069846475
0,95940,0.00069836306
0,95950,0.0006982613
0,95960,0.0006981596
0,95970,0.00069805793
0,95980,0.0006979563
0,95990,0.0006978546
0,96000,0.000697753
0,96010,0.00069765135
0,96020,0.0006975498
0,96030,0.00069744815
0,96040,0.0006973466
0,96050,0.00069724506
0,96060,0.0006971435
0,96070,0.000697042
0,96080,0.00069694046
0,96090,0.00069683895
0,96100,0.0006967375
0,96110,0.00069663604
0,96120,0.0006965346
0,96130,0.0006964331
0,96140,0.0006963317
0,96150,0.00069623033
0,96160,0.00069612893
0,96170,0.0006960276
0,96180,0.0006959262
0,96190,0.00069582486
0,96200,0.0006957236
0,96210,0.00069562224
0,96220,0.00069552095
0,96230,0.0006954197
0,96240,0.0006953184
0,96250,0.00069521717
0,96260,0.00069511594
0,96270,0.0006950147
0,96280,0.0006949135
0,96290,0.00069481233
0,96300,0.00069471117
0,96310,0.00069461
0,96320,0.0006945089
0,96330,0.00069440773
0,96340,0.0006943066
0,96350,0.0006942056
0,96360,0.00069410447
0,96370,0.0006940034
0,96380,0.0006939024
0,96390,0.0006938013
0,96400,0.00069370033
0,96410,0.00069359934
0,96420,0.00069349835
0,96430,0.00069339736
0,96440,0.00069329643
0,96450,0.0006931955
0,96460,0.00069309457
0,96470,0.0006929937
0,96480,0.00069289276
0,96490,0.0006927919
0,96500,0.0006926911
0,96510,0.0006925902
0,96520,0.0006924894
0,96530,0.00069238857
0,96540,0.00069228775
0,96550,0.000692187
0,96560,0.00069208624
0,96570,0.0006919855
0,96580,0.0006918847
0,96590,0.000691784
0,96600,0.0006916833
0,96610,0.0006915826
0,96620,0.0006914819
0,96630,0.0006913813
0,96640,0.00069128064
0,96650,0.00069118
0,96660,0.0006910794
0,96670,0.00069097884
0,96680,0.00069087825
0,96690,0.00069077767
0,96700,0.0006906771
0,96710,0.00069057656
0,96720,0.00069047604
0,96730,0.0006903756
0,96740,0.00069027505
0,96750,0.0006901746
0,96760,0.0006900741
0,96770,0.0006899737
0,96780,0.00068987324
0,96790,0.00068977283
0,96800,0.0006896724
0,96810,0.0006895721
0,96820,0.0006894717
0,96830,0.0006893714
0,96840,0.000689271
0,96850,0.0006891707
0,96860,0.0006890704
0,96870,0.0006889701
0,96880,0.0006888698
0,96890,0.00068876956
0,96900,0.00068866933
0,96910,0.0006885691
0,96920,0.00068846886
0,96930,0.0006883687
0,96940,0.0006882685
0,96950,0.00068816834
0,96960,0.00068806816
0,96970,0.00068796804
0,96980,0.0006878679
0,96990,0.0006877678
0,97000,0.0006876677
0,97010,0.00068756763
0,97020,0.0006874676
0,97030,0.0006873675
0,97040,0.0006872675
0,97050,0.0006871675
0,97060,0.0006870675
0,97070,0.0006869675
0,97080,0.0006868675
0,97090,0.00068676757
0,97100,0.0006866676
0,97110,0.00068656774
0,97120,0.0006864678
0,97130,0.0006863679
0,97140,0.00068626803
0,97150,0.00068616815
0,97160,0.0006860683
0,97170,0.0006859685
0,97180,0.00068586867
0,97190,0.0006857689
0,97200,0.0006856691
0,97210,0.0006855693
0,97220,0.00068546954
0,97230,0.0006853698
0,97240,0.0006852701
0,97250,0.00068517035
0,97260,0.0006850707
0,97270,0.000684971
0,97280,0.00068487134
0,97290,0.0006847717
0,97300,0.00068467204
0,97310,0.00068457244
0,97320,0.00068447285
0,97330,0.00068437326
0,97340,0.00068427366
0,97350,0.0006841741
0,97360,0.00068407453
0,97370,0.00068397506
0,97380,0.0006838755
0,97390,0.000683776
0,97400,0.0006836765
0,97410,0.0006835771
0,97420,0.0006834776
0,97430,0.0006833782
0,97440,0.0006832787
0,97450,0.00068317936
0,97460,0.00068307994
0,97470,0.0006829806
0,97480,0.0006828812
0,97490,0.00068278186
0,97500,0.0006826825
0,97510,0.0006825832
0,97520,0.0006824839
0,97530,0.0006823846
0,97540,0.00068228535
0,97550,0.0006821861
0,97560,0.00068208686
0,97570,0.0006819876
0,97580,0.0006818884
0,97590,0.0006817892
0,97600,0.00068169
0,97610,0.0006815909
0,97620,0.0006814917
0,97630,0.00068139256
0,97640,0.00068129343
0,97650,0.00068119436
0,97660,0.00068109523
0,97670,0.00068099616
0,97680,0.0006808971
0,97690,0.0006807981
0,97700,0.000680699
0,97710,0.0006806
0,97720,0.000680501
0,97730,0.00068040204
0,97740,0.000680303
0,97750,0.0006802041
0,97760,0.0006801052
0,97770,0.0006800062
0,97780,0.00067990733
0,97790,0.00067980844
0,97800,0.00067970954
0,97810,0.00067961065
0,97820,0.0006795118
0,97830,0.000679413
0,97840,0.00067931414
0,97850,0.00067921536
0,97860,0.0006791166
0,97870,0.0006790178
0,97880,0.000678919
0,97890,0.00067882024
0,97900,0.0006787215
0,97910,0.0006786228
0,97920,0.00067852414
0,97930,0.0006784254
0,97940,0.00067832676
0,97950,0.0006782281
0,97960,0.00067812944
0,97970,0.00067803083
0,97980,0.0006779322
0,97990,0.0006778336
0,98000,0.000677735
0,98010,0.0006776365
0,98020,0.00067753793
0,98030,0.0006774394
0,98040,0.00067734084
0,98050,0.00067724235
0,98060,0.00067714386
0,98070,0.0006770454
0,98080,0.0006769469
0,98090,0.00067684846
0,98100,0.00067675003
0,98110,0.0006766516
0,98120,0.00067655323
0,98130,0.0006764548
0,98140,0.00067635643
0,98150,0.00067625806
0,98160,0.00067615975
0,98170,0.00067606143
0,98180,0.0006759631
0,98190,0.0006758648
0,98200,0.0006757665
0,98210,0.00067566824
0,98220,0.00067557
0,98230,0.00067547173
0,98240,0.00067537354
0,98250,0.0006752753
0,98260,0.0006751771
0,98270,0.00067507895
0,98280,0.00067498075
0,98290,0.0006748826
0,98300,0.0006747845
0,98310,0.00067468634
0,98320,0.00067458826
0,98330,0.0006744902
0,98340,0.0006743921
0,98350,0.000674294
0,98360,0.00067419594
0,98370,0.0006740979
0,98380,0.0006739999
0,98390,0.00067390193
0,98400,0.0006738039
0,98410,0.00067370594
0,98420,0.000673608
0,98430,0.00067351
0,98440,0.0006734121
0,98450,0.0006733142
0,98460,0.0006732163
0,98470,0.0006731184
0,98480,0.00067302055
0,98490,0.0006729227
0,98500,0.00067282486
0,98510,0.000672727
0,98520,0.0006726292
0,98530,0.00067253143
0,98540,0.00067243364
0,98550,0.00067233585
0,98560,0.0006722381
0,98570,0.0006721404
0,98580,0.00067204266
0,98590,0.00067194493
0,98600,0.00067184726
0,98610,0.0006717496
0,98620,0.0006716519
0,98630,0.00067155424
0,98640,0.0006714566
0,98650,0.000671359
0,98660,0.0006712614
0,98670,0.0006711638
0,98680,0.0006710662
0,98690,0.0006709687
0,98700,0.0006708711
0,98710,0.0006707736
0,98720,0.00067067606
0,98730,0.00067057856
0,98740,0.00067048107
0,98750,0.0006703836
0,98760,0.0006702861
0,98770,0.0006701887
0,98780,0.0006700913
0,98790,0.00066999387
0,98800,0.0006698965
0,98810,0.0006697991
0,98820,0.0006697017
0,98830,0.00066960434
0,98840,0.000669507
0,98850,0.0006694097
0,98860,0.0006693124
0,98870,0.0006692151
0,98880,0.0006691178
0,98890,0.0006690205
0,98900,0.00066892325
0,98910,0.00066882605
0,98920,0.00066872884
0,98930,0.0006686316
0,98940,0.0006685344
0,98950,0.0006684372
0,98960,0.0006683401
0,98970,0.0006682429
0,98980,0.0006681458
0,98990,0.0006680487
0,99000,0.00066795154
0,99010,0.00066785445
0,99020,0.00066775735
0,99030,0.0006676603
0,99040,0.0006675633
0,99050,0.00066746626
0,99060,0.0006673692
0,99070,0.0006672722
0,99080,0.0006671752
0,99090,0.00066707825
0,99100,0.0006669813
0,99110,0.00066688436
0,99120,0.0006667874
0,99130,0.00066669047
0,99140,0.0006665936
0,99150,0.0006664967
0,99160,0.00066639984
0,99170,0.000666303
0,99180,0.0006662061
0,99190,0.00066610926
0,99200,0.00066601246
0,99210,0.00066591566
0,99220,0.00066581886
0,99230,0.0006657221
0,99240,0.0006656254
0,99250,0.00066552864
0,99260,0.0006654319
0,99270,0.00066533516
0,99280,0.0006652385
0,99290,0.0006651418
0,99300,0.0006650451
0,99310,0.0006649485
0,99320,0.0006648518
0,99330,0.0006647552
0,99340,0.00066465855
0,99350,0.000664562
0,99360,0.0006644654
0,99370,0.00066436885
0,99380,0.0006642723
0,99390,0.0006641757
0,99400,0.0006640792
0,99410,0.0006639827
0,99420,0.0006638862
0,99430,0.00066378975
0,99440,0.00066369324
0,99450,0.0006635968
0,99460,0.00066350034
0,99470,0.00066340395
0,99480,0.00066330755
0,99490,0.00066321116
0,99500,0.00066311477
0,99510,0.0006630184
0,99520,0.00066292204
0,99530,0.0006628257
0,99540,0.0006627294
0,99550,0.00066263304
0,99560,0.00066253677
0,99570,0.0006624405
0,99580,0.0006623442
0,99590,0.000662248
0,99600,0.0006621517
0,99610,0.0006620555
0,99620,0.0006619593
0,99630,0.00066186313
0,99640,0.000661767
0,99650,0.00066167075
0,99660,0.00066157465
0,99670,0.0006614785
0,99680,0.0006613824
0,99690,0.0006612863
0,99700,0.0006611902
0,99710,0.0006610941
0,99720,0.00066099805
0,99730,0.000660902
0,99740,0.00066080596
0,99750,0.0006607099
0,99760,0.00066061394
0,99770,0.00066051795
0,99780,0.00066042197
0,99790,0.000660326
0,99800,0.00066023006
0,99810,0.00066013413
0,99820,0.0006600382
0,99830,0.0006599423
0,99840,0.0006598464
0,99850,0.00065975054
0,99860,0.0006596547
0,99870,0.0006595588
0,99880,0.000659463
0,99890,0.0006593672
0,99900,0.0006592714
0,99910,0.00065917557
0,99920,0.0006590798
0,99930,0.000658984
0,99940,0.00065888825
0,99950,0.00065879256
0,99960,0.0006586968
0,99970,0.0006586011
0,99980,0.0006585054
0,99990,0.0006584097
0,100000,0.0006583141
0,100010,0.00065821846
0,100020,0.0006581228
0,100030,0.0006580272
0,100040,0.0006579316
0,100050,0.000657836
0,100060,0.0006577404
0,100070,0.0006576449
0,100080,0.0006575493
0,100090,0.0006574538
0,100100,0.00065735827
0,100110,0.00065726275
0,100120,0.0006571673
0,100130,0.0006570718
0,100140,0.00065697636
0,100150,0.0006568809
0,100160,0.00065678544
0,100170,0.00065669004
0,100180,0.00065659464
0,100190,0.00065649924
0,100200,0.0006564039
0,100210,0.0006563085
0,100220,0.00065621315
0,100230,0.0006561178
0,100240,0.0006560225
0,100250,0.00065592723
0,100260,0.0006558319
0,100270,0.00065573666
0,100280,0.0006556414
0,100290,0.00065554614
0,100300,0.0006554509
0,100310,0.0006553557
0,100320,0.00065526046
0,100330,0.0006551653
0,100340,0.0006550701
0,100350,0.00065497495
0,100360,0.0006548798
0,100370,0.0006547847
0,100380,0.00065468956
0,100390,0.00065459445
0,100400,0.00065449934
0,100410,0.0006544043
0,100420,0.0006543092
0,100430,0.0006542142
0,100440,0.0006541191
0,100450,0.0006540241
0,100460,0.0006539291
0,100470,0.0006538341
0,100480,0.00065373915
0,100490,0.00065364415
0,100500,0.0006535492
0,100510,0.0006534543
0,100520,0.00065335934
0,100530,0.00065326446
0,100540,0.0006531695
0,100550,0.00065307465
0,100560,0.0006529798
0,100570,0.00065288495
0,100580,0.0006527901
0,100590,0.0006526953
0,100600,0.0006526005
0,100610,0.0006525057
0,100620,0.0006524109
0,100630,0.00065231614
0,100640,0.0006522214
0,100650,0.0006521267
0,100660,0.0006520319
0,100670,0.0006519372
0,100680,0.00065184257
0,100690,0.00065174786
0,100700,0.0006516532
0,100710,0.0006515585
0,100720,0.0006514639
0,100730,0.0006513693
0,100740,0.0006512747
0,100750,0.00065118005
0,100760,0.00065108546
0,100770,0.0006509909
0,100780,0.00065089634
0,100790,0.0006508018
0,100800,0.0006507073
0,100810,0.0006506128
0,100820,0.0006505183
0,100830,0.0006504238
0,100840,0.00065032934
0,100850,0.00065023487
0,100860,0.00065014046
0,100870,0.000650046
0,100880,0.0006499516
0,100890,0.0006498572
0,100900,0.0006497628
0,100910,0.00064966845
0,100920,0.0006495741
0,100930,0.00064947974
0,100940,0.00064938545
0,100950,0.0006492911
0,100960,0.0006491968
0,100970,0.0006491025
0,100980,0.00064900826
0,100990,0.00064891396
0,101000,0.0006488197
0,101010,0.0006487255
0,101020,0.0006486313
0,101030,0.00064853707
0,101040,0.0006484429
0,101050,0.0006483487
0,101060,0.0006482546
0,101070,0.0006481604
0,101080,0.0006480663
0,101090,0.00064797216
0,101100,0.00064787804
0,101110,0.000647784
0,101120,0.0006476899
0,101130,0.00064759585
0,101140,0.0006475018
0,101150,0.0006474078
0,101160,0.0006473137
0,101170,0.0006472197
0,101180,0.00064712577
0,101190,0.00064703176
0,101200,0.0006469378
0,101210,0.00064684387
0,101220,0.0006467499
0,101230,0.000646656
0,101240,0.0006465621
0,101250,0.0006464682
0,101260,0.0006463743
0,101270,0.0006462804
0,101280,0.0006461866
0,101290,0.00064609275
0,101300,0.0006459989
0,101310,0.0006459051
0,101320,0.0006458113
0,101330,0.00064571755
0,101340,0.0006456238
0,101350,0.00064553
0,101360,0.0006454363
0,101370,0.0006453425
0,101380,0.0006452488
0,101390,0.00064515515
0,101400,0.00064506143
0,101410,0.0006449678
0,101420,0.0006448741
0,101430,0.00064478046
0,101440,0.00064468686
0,101450,0.0006445932
0,101460,0.0006444996
0,101470,0.000644406
0,101480,0.0006443125
0,101490,0.00064421893
0,101500,0.00064412534
0,101510,0.00064403185
0,101520,0.0006439383
0,101530,0.00064384483
0,101540,0.0006437513
0,101550,0.0006436578
0,101560,0.0006435644
0,101570,0.0006434709
0,101580,0.0006433775
0,101590,0.00064328406
0,101600,0.0006431907
0,101610,0.0006430973
0,101620,0.0006430039
0,101630,0.00064291054
0,101640,0.0006428172
0,101650,0.0006427238
0,101660,0.0006426305
0,101670,0.0006425372
0,101680,0.0006424439
0,101690,0.00064235064
0,101700,0.00064225734
0,101710,0.0006421641
0,101720,0.00064207084
0,101730,0.00064197765
0,101740,0.0006418844
0,101750,0.0006417912
0,101760,0.000641698
0,101770,0.0006416049
0,101780,0.0006415117
0,101790,0.00064141856
0,101800,0.00064132543
0,101810,0.0006412323
0,101820,0.0006411392
0,101830,0.00064104615
0,101840,0.0006409531
0,101850,0.00064086
0,101860,0.0006407669
0,101870,0.0006406739
0,101880,0.0006405809
0,101890,0.0006404879
0,101900,0.0006403949
0,101910,0.0006403019
0,101920,0.00064020895
0,101930,0.000640116
0,101940,0.0006400231
0,101950,0.00063993013
0,101960,0.00063983724
0,101970,0.00063974434
0,101980,0.00063965144
0,101990,0.0006395586
0,102000,0.00063946575
0,102010,0.0006393729
0,102020,0.0006392801
0,102030,0.00063918723
0,102040,0.00063909445
0,102050,0.00063900166
0,102060,0.0006389089
0,102070,0.00063881616
0,102080,0.0006387234
0,102090,0.00063863065
0,102100,0.000638538
0,102110,0.00063844526
0,102120,0.0006383526
0,102130,0.00063825987
0,102140,0.0006381672
0,102150,0.0006380746
0,102160,0.0006379819
0,102170,0.0006378893
0,102180,0.0006377967
0,102190,0.0006377041
0,102200,0.00063761155
0,102210,0.000637519
0,102220,0.00063742645
0,102230,0.0006373339
0,102240,0.00063724135
0,102250,0.00063714886
0,102260,0.00063705636
0,102270,0.0006369639
0,102280,0.0006368714
0,102290,0.00063677895
0,102300,0.0006366865
0,102310,0.0006365941
0,102320,0.00063650165
0,102330,0.00063640927
0,102340,0.0006363169
0,102350,0.0006362245
0,102360,0.00063613214
0,102370,0.0006360398
0,102380,0.00063594745
0,102390,0.00063585513
0,102400,0.0006357629
0,102410,0.00063567056
0,102420,0.0006355783
0,102430,0.00063548604
0,102440,0.0006353938
0,102450,0.0006353015
0,102460,0.0006352093
0,102470,0.0006351171
0,102480,0.0006350249
0,102490,0.0006349327
0,102500,0.0006348406
0,102510,0.0006347484
0,102520,0.00063465623
0,102530,0.00063456415
0,102540,0.000634472
0,102550,0.0006343799
0,102560,0.00063428783
0,102570,0.00063419575
0,102580,0.00063410366
0,102590,0.00063401164
0,102600,0.0006339196
0,102610,0.0006338276
0,102620,0.0006337356
0,102630,0.0006336436
0,102640,0.0006335516
0,102650,0.00063345965
0,102660,0.0006333677
0,102670,0.0006332758
0,102680,0.00063318387
0,102690,0.00063309196
0,102700,0.00063300005
0,102710,0.00063290814
0,102720,0.0006328163
0,102730,0.00063272443
0,102740,0.0006326326
0,102750,0.0006325408
0,102760,0.00063244894
0,102770,0.00063235714
0,102780,0.00063226535
0,102790,0.0006321736
0,102800,0.0006320818
0,102810,0.0006319901
0,102820,0.00063189835
0,102830,0.0006318066
0,102840,0.00063171494
0,102850,0.00063162326
0,102860,0.0006315316
0,102870,0.0006314399
0,102880,0.00063134823
0,102890,0.0006312566
0,102900,0.000631165
0,102910,0.0006310734
0,102920,0.00063098175
0,102930,0.0006308902
0,102940,0.00063079863
0,102950,0.0006307071
0,102960,0.0006306155
0,102970,0.000630524
0,102980,0.00063043245
0,102990,0.00063034095
0,103000,0.0006302495
0,103010,0.000630158
0,103020,0.00063006656
0,103030,0.0006299751
0,103040,0.00062988367
0,103050,0.0006297922
0,103060,0.00062970084
0,103070,0.00062960945
0,103080,0.00062951806
0,103090,0.0006294267
0,103100,0.00062933535
0,103110,0.000629244
0,103120,0.0006291527
0,103130,0.00062906137
0,103140,0.00062897004
0,103150,0.00062887877
0,103160,0.0006287875
0,103170,0.00062869623
0,103180,0.000628605
0,103190,0.00062851375
0,103200,0.00062842254
0,103210,0.0006283313
0,103220,0.0006282402
0,103230,0.00062814896
0,103240,0.0006280578
0,103250,0.00062796666
0,103260,0.0006278755
0,103270,0.0006277844
0,103280,0.00062769325
0,103290,0.00062760216
0,103300,0.0006275111
0,103310,0.00062742
0,103320,0.000627329
0,103330,0.00062723795
0,103340,0.0006271469
0,103350,0.0006270559
0,103360,0.0006269649
0,103370,0.00062687387
0,103380,0.0006267829
0,103390,0.00062669197
0,103400,0.000626601
0,103410,0.00062651007
0,103420,0.00062641915
0,103430,0.0006263282
0,103440,0.00062623736
0,103450,0.00062614644
0,103460,0.0006260556
0,103470,0.0006259647
0,103480,0.0006258739
0,103490,0.00062578305
0,103500,0.00062569225
0,103510,0.00062560145
0,103520,0.00062551064
0,103530,0.0006254199
0,103540,0.0006253291
0,103550,0.00062523835
0,103560,0.00062514766
0,103570,0.0006250569
0,103580,0.0006249662
0,103590,0.00062487554
0,103600,0.00062478485
0,103610,0.00062469416
0,103620,0.00062460353
0,103630,0.00062451285
0,103640,0.0006244222
0,103650,0.00062433165
0,103660,0.000624241
0,103670,0.00062415045
0,103680,0.0006240599
0,103690,0.0006239693
0,103700,0.00062387873
0,103710,0.0006237882
0,103720,0.0006236977
0,103730,0.0006236072
0,103740,0.0006235167
0,103750,0.0006234262
0,103760,0.00062333577
0,103770,0.0006232453
0,103780,0.00062315486
0,103790,0.0006230644
0,103800,0.000622974
0,103810,0.0006228836
0,103820,0.0006227932
0,103830,0.0006227028
0,103840,0.0006226125
0,103850,0.00062252214
0,103860,0.0006224318
0,103870,0.00062234147
0,103880,0.0006222512
0,103890,0.0006221609
0,103900,0.0006220706
0,103910,0.00062198035
0,103920,0.00062189007
0,103930,0.00062179985
0,103940,0.0006217096
0,103950,0.0006216194
0,103960,0.0006215292
0,103970,0.000621439
0,103980,0.00062134885
0,103990,0.0006212587
0,104000,0.0006211685
0,104010,0.0006210784
0,104020,0.00062098826
0,104030,0.00062089815
0,104040,0.00062080804
0,104050,0.000620718
0,104060,0.0006206279
0,104070,0.00062053784
0,104080,0.0006204478
0,104090,0.0006203578
0,104100,0.00062026776
0,104110,0.0006201778
0,104120,0.0006200878
0,104130,0.0006199978
0,104140,0.00061990786
0,104150,0.00061981793
0,104160,0.00061972794
0,104170,0.0006196381
0,104180,0.00061954814
0,104190,0.00061945827
0,104200,0.00061936834
0,104210,0.0006192785
0,104220,0.00061918865
0,104230,0.0006190988
0,104240,0.00061900896
0,104250,0.00061891915
0,104260,0.00061882933
0,104270,0.0006187396
0,104280,0.00061864976
0,104290,0.00061856
0,104300,0.00061847025
0,104310,0.00061838055
0,104320,0.0006182908
0,104330,0.0006182011
0,104340,0.0006181114
0,104350,0.0006180217
0,104360,0.00061793206
0,104370,0.00061784236
0,104380,0.0006177527
0,104390,0.00061766314
0,104400,0.0006175735
0,104410,0.0006174839
0,104420,0.0006173943
0,104430,0.0006173047
0,104440,0.0006172152
0,104450,0.0006171256
0,104460,0.0006170361
0,104470,0.00061694655
0,104480,0.000616857
0,104490,0.00061676756
0,104500,0.00061667804
0,104510,0.0006165886
0,104520,0.0006164991
0,104530,0.00061640964
0,104540,0.00061632023
0,104550,0.0006162308
0,104560,0.0006161414
0,104570,0.000616052
0,104580,0.00061596266
0,104590,0.00061587326
0,104600,0.0006157839
0,104610,0.00061569456
0,104620,0.00061560527
0,104630,0.0006155159
0,104640,0.00061542663
0,104650,0.00061533734
0,104660,0.00061524805
0,104670,0.0006151588
0,104680,0.0006150696
0,104690,0.0006149803
0,104700,0.0006148911
0,104710,0.0006148019
0,104720,0.0006147127
0,104730,0.0006146235
0,104740,0.00061453437
0,104750,0.0006144452
0,104760,0.000614356
0,104770,0.0006142669
0,104780,0.0006141778
0,104790,0.00061408867
0,104800,0.0006139996
0,104810,0.0006139105
0,104820,0.00061382144
0,104830,0.0006137324
0,104840,0.0006136434
0,104850,0.0006135543
0,104860,0.0006134653
0,104870,0.0006133763
0,104880,0.0006132873
0,104890,0.0006131984
0,104900,0.0006131094
0,104910,0.00061302044
0,104920,0.0006129315
0,104930,0.0006128426
0,104940,0.0006127537
0,104950,0.0006126648
0,104960,0.0006125759
0,104970,0.000612487
0,104980,0.0006123982
0,104990,0.0006123094
0,105000,0.0006122205
0,105010,0.0006121317
0,105020,0.0006120429
0,105030,0.00061195414
0,105040,0.0006118653
0,105050,0.00061177654
0,105060,0.00061168784
0,105070,0.00061159907
0,105080,0.00061151036
0,105090,0.00061142165
0,105100,0.00061133294
0,105110,0.00061124424
0,105120,0.0006111556
0,105130,0.00061106693
0,105140,0.0006109783
0,105150,0.00061088963
0,105160,0.00061080104
0,105170,0.0006107124
0,105180,0.0006106238
0,105190,0.00061053527
0,105200,0.0006104467
0,105210,0.00061035814
0,105220,0.0006102696
0,105230,0.0006101811
0,105240,0.00061009254
0,105250,0.000610004
0,105260,0.0006099155
0,105270,0.00060982705
0,105280,0.0006097386
0,105290,0.00060965016
0,105300,0.0006095617
0,105310,0.00060947327
0,105320,0.00060938485
0,105330,0.0006092965
0,105340,0.0006092081
0,105350,0.0006091197
0,105360,0.00060903135
0,105370,0.000608943
0,105380,0.0006088547
0,105390,0.00060876634
0,105400,0.00060867803
0,105410,0.00060858973
0,105420,0.0006085015
0,105430,0.0006084132
0,105440,0.00060832495
0,105450,0.0006082367
0,105460,0.00060814846
0,105470,0.0006080602
0,105480,0.00060797203
0,105490,0.00060788385
0,105500,0.00060779566
0,105510,0.0006077075
0,105520,0.00060761935
0,105530,0.0006075312
0,105540,0.0006074431
0,105550,0.000607355
0,105560,0.00060726685
0,105570,0.0006071788
0,105580,0.0006070907
0,105590,0.00060700264
0,105600,0.0006069146
0,105610,0.00060682656
0,105620,0.00060673855
0,105630,0.00060665054
0,105640,0.00060656253
0,105650,0.0006064745
0,105660,0.0006063866
0,105670,0.0006062986
0,105680,0.00060621067
0,105690,0.0006061227
0,105700,0.0006060348
0,105710,0.00060594693
0,105720,0.00060585904
0,105730,0.00060577114
0,105740,0.00060568325
0,105750,0.0006055954
0,105760,0.0006055076
0,105770,0.00060541974
0,105780,0.0006053319
0,105790,0.00060524413
0,105800,0.00060515635
0,105810,0.0006050686
0,105820,0.0006049808
0,105830,0.000604893
0,105840,0.0006048053
0,105850,0.0006047176
0,105860,0.00060462987
0,105870,0.00060454215
0,105880,0.0006044545
0,105890,0.00060436677
0,105900,0.0006042791
0,105910,0.0006041915
0,105920,0.00060410384
0,105930,0.00060401624
0,105940,0.00060392864
0,105950,0.00060384104
0,105960,0.00060375343
0,105970,0.0006036659
0,105980,0.0006035783
0,105990,0.00060349074
0,106000,0.0006034032
0,106010,0.0006033157
0,106020,0.00060322817
0,106030,0.0006031407
0,106040,0.0006030532
0,106050,0.00060296577
0,106060,0.0006028783
0,106070,0.00060279085
0,106080,0.0006027034
0,106090,0.000602616
0,106100,0.00060252857
0,106110,0.0006024412
0,106120,0.00060235383
0,106130,0.00060226646
0,106140,0.0006021791
0,106150,0.0006020918
0,106160,0.00060200447
0,106170,0.0006019171
0,106180,0.00060182984
0,106190,0.00060174253
0,106200,0.0006016553
0,106210,0.00060156797
0,106220,0.0006014807
0,106230,0.0006013935
0,106240,0.00060130627
0,106250,0.0006012191
0,106260,0.0006011319
0,106270,0.0006010447
0,106280,0.0006009575
0,106290,0.00060087035
0,106300,0.0006007832
0,106310,0.0006006961
0,106320,0.00060060894
0,106330,0.0006005218
0,106340,0.0006004347
0,106350,0.00060034764
0,106360,0.00060026057
0,106370,0.00060017355
0,106380,0.00060008647
0,106390,0.00059999945
0,106400,0.0005999124
0,106410,0.0005998254
0,106420,0.0005997384
0,106430,0.0005996514
0,106440,0.00059956446
0,106450,0.0005994775
0,106460,0.00059939054
0,106470,0.00059930363
0,106480,0.0005992167
0,106490,0.0005991298
0,106500,0.0005990429
0,106510,0.000598956
0,106520,0.00059886917
0,106530,0.0005987823
0,106540,0.0005986955
0,106550,0.00059860863
0,106560,0.00059852184
0,106570,0.000598435
0,106580,0.0005983482
0,106590,0.0005982614
0,106600,0.0005981747
0,106610,0.0005980879
0,106620,0.0005980012
0,106630,0.00059791445
0,106640,0.0005978278
0,106650,0.00059774105
0,106660,0.0005976544
0,106670,0.0005975677
0,106680,0.00059748103
0,106690,0.00059739436
0,106700,0.00059730775
0,106710,0.0005972211
0,106720,0.00059713447
0,106730,0.0005970479
0,106740,0.0005969613
0,106750,0.00059687474
0,106760,0.0005967882
0,106770,0.00059670163
0,106780,0.0005966151
0,106790,0.0005965286
0,106800,0.000596442
0,106810,0.00059635553
0,106820,0.00059626903
0,106830,0.0005961826
0,106840,0.0005960961
0,106850,0.00059600966
0,106860,0.0005959232
0,106870,0.00059583684
0,106880,0.0005957504
0,106890,0.000595664
0,106900,0.00059557764
0,106910,0.00059549126
0,106920,0.0005954049
0,106930,0.00059531856
0,106940,0.00059523224
0,106950,0.0005951459
0,106960,0.0005950596
0,106970,0.0005949733
0,106980,0.000594887
0,106990,0.00059480075
0,107000,0.0005947145
0,107010,0.0005946282
0,107020,0.000594542
0,107030,0.0005944558
0,107040,0.00059436954
0,107050,0.0005942834
0,107060,0.0005941972
0,107070,0.00059411104
0,107080,0.0005940249
0,107090,0.00059393875
0,107100,0.0005938526
0,107110,0.00059376645
0,107120,0.00059368036
0,107130,0.0005935943
0,107140,0.0005935082
0,107150,0.0005934221
0,107160,0.00059333607
0,107170,0.00059325004
0,107180,0.000593164
0,107190,0.000593078
0,107200,0.00059299194
0,107210,0.00059290597
0,107220,0.00059282
0,107230,0.000592734
0,107240,0.00059264805
0,107250,0.00059256214
0,107260,0.0005924762
0,107270,0.0005923903
0,107280,0.0005923044
0,107290,0.0005922185
0,107300,0.0005921326
0,107310,0.00059204677
0,107320,0.0005919609
0,107330,0.00059187505
0,107340,0.0005917892
0,107350,0.0005917034
0,107360,0.0005916176
0,107370,0.0005915318
0,107380,0.000591446
0,107390,0.00059136027
0,107400,0.0005912745
0,107410,0.0005911888
0,107420,0.00059110305
0,107430,0.0005910173
0,107440,0.0005909316
0,107450,0.00059084594
0,107460,0.00059076026
0,107470,0.0005906746
0,107480,0.00059058896
0,107490,0.0005905033
0,107500,0.00059041765
0,107510,0.000590332
0,107520,0.00059024646
0,107530,0.00059016084
0,107540,0.0005900753
0,107550,0.0005899897
0,107560,0.00058990414
0,107570,0.00058981864
0,107580,0.00058973307
0,107590,0.00058964756
0,107600,0.00058956206
0,107610,0.00058947655
0,107620,0.0005893911
0,107630,0.00058930565
0,107640,0.0005892202
0,107650,0.00058913475
0,107660,0.0005890493
0,107670,0.0005889639
0,107680,0.0005888785
0,107690,0.00058879313
0,107700,0.00058870774
0,107710,0.00058862235
0,107720,0.000588537
0,107730,0.0005884517
0,107740,0.00058836635
0,107750,0.000588281
0,107760,0.00058819575
0,107770,0.0005881104
0,107780,0.00058802514
0,107790,0.00058793987
0,107800,0.00058785465
0,107810,0.0005877694
0,107820,0.00058768416
0,107830,0.00058759894
0,107840,0.0005875137
0,107850,0.00058742857
0,107860,0.0005873434
0,107870,0.0005872582
0,107880,0.0005871731
0,107890,0.00058708794
0,107900,0.0005870028
0,107910,0.0005869177
0,107920,0.0005868326
0,107930,0.0005867475
0,107940,0.00058666244
0,107950,0.00058657734
0,107960,0.0005864923
0,107970,0.00058640726
0,107980,0.0005863222
0,107990,0.00058623723
0,108000,0.0005861522
0,108010,0.0005860672
0,108020,0.0005859822
0,108030,0.00058589724
0,108040,0.0005858123
0,108050,0.0005857274
0,108060,0.00058564247
0,108070,0.00058555754
0,108080,0.0005854726
0,108090,0.00058538775
0,108100,0.0005853029
0,108110,0.000585218
0,108120,0.00058513315
0,108130,0.0005850483
0,108140,0.0005849635
0,108150,0.00058487867
0,108160,0.00058479386
0,108170,0.00058470905
0,108180,0.0005846243
0,108190,0.0005845395
0,108200,0.00058445474
0,108210,0.00058437
0,108220,0.0005842853
0,108230,0.00058420055
0,108240,0.00058411586
0,108250,0.00058403116
0,108260,0.0005839465
0,108270,0.00058386184
0,108280,0.00058377715
0,108290,0.0005836925
0,108300,0.0005836079
0,108310,0.00058352324
0,108320,0.00058343867
0,108330,0.0005833541
0,108340,0.00058326946
0,108350,0.00058318494
0,108360,0.00058310037
0,108370,0.0005830158
0,108380,0.0005829313
0,108390,0.00058284675
0,108400,0.00058276224
0,108410,0.0005826778
0,108420,0.00058259326
0,108430,0.0005825088
0,108440,0.00058242434
0,108450,0.0005823399
0,108460,0.0005822555
0,108470,0.0005821711
0,108480,0.0005820866
0,108490,0.0005820023
0,108500,0.0005819179
0,108510,0.0005818335
0,108520,0.00058174913
0,108530,0.0005816648
0,108540,0.00058158045
0,108550,0.00058149616
0,108560,0.0005814118
0,108570,0.00058132753
0,108580,0.00058124325
0,108590,0.00058115897
0,108600,0.00058107474
0,108610,0.00058099045
0,108620,0.0005809062
0,108630,0.000580822
0,108640,0.0005807378
0,108650,0.0005806536
0,108660,0.00058056944
0,108670,0.0005804852
0,108680,0.0005804011
0,108690,0.00058031693
0,108700,0.00058023277
0,108710,0.00058014865
0,108720,0.00058006454
0,108730,0.00057998043
0,108740,0.0005798964
0,108750,0.0005798123
0,108760,0.0005797282
0,108770,0.00057964417
0,108780,0.0005795601
0,108790,0.0005794761
0,108800,0.0005793921
0,108810,0.0005793081
0,108820,0.0005792241
0,108830,0.00057914015
0,108840,0.00057905616
0,108850,0.0005789722
0,108860,0.0005788883
0,108870,0.00057880435
0,108880,0.0005787204
0,108890,0.00057863654
0,108900,0.00057855266
0,108910,0.0005784688
0,108920,0.0005783849
0,108930,0.000578301
0,108940,0.0005782172
0,108950,0.0005781334
0,108960,0.00057804957
0,108970,0.00057796575
0,108980,0.00057788193
0,108990,0.0005777982
0,109000,0.0005777144
0,109010,0.00057763065
0,109020,0.0005775469
0,109030,0.0005774632
0,109040,0.0005773794
0,109050,0.0005772957
0,109060,0.000577212
0,109070,0.0005771284
0,109080,0.0005770447
0,109090,0.000576961
0,109100,0.0005768774
0,109110,0.00057679374
0,109120,0.00057671015
0,109130,0.0005766265
0,109140,0.0005765429
0,109150,0.00057645934
0,109160,0.00057637575
0,109170,0.0005762922
0,109180,0.00057620864
0,109190,0.0005761251
0,109200,0.0005760416
0,109210,0.0005759581
0,109220,0.0005758746
0,109230,0.0005757911
0,109240,0.00057570764
0,109250,0.0005756242
0,109260,0.0005755407
0,109270,0.0005754573
0,109280,0.0005753739
0,109290,0.00057529047
0,109300,0.00057520706
0,109310,0.00057512365
0,109320,0.0005750403
0,109330,0.0005749569
0,109340,0.0005748735
0,109350,0.00057479023
0,109360,0.0005747069
0,109370,0.0005746236
0,109380,0.0005745403
0,109390,0.000574457
0,109400,0.0005743737
0,109410,0.0005742904
0,109420,0.00057420717
0,109430,0.00057412393
0,109440,0.0005740407
0,109450,0.00057395746
0,109460,0.0005738743
0,109470,0.0005737911
0,109480,0.0005737079
0,109490,0.00057362474
0,109500,0.00057354156
0,109510,0.00057345844
0,109520,0.00057337526
0,109530,0.00057329214
0,109540,0.0005732091
0,109550,0.00057312596
0,109560,0.0005730429
0,109570,0.0005729598
0,109580,0.0005728767
0,109590,0.0005727937
0,109600,0.00057271065
0,109610,0.00057262764
0,109620,0.00057254464
0,109630,0.00057246163
0,109640,0.00057237863
0,109650,0.0005722956
0,109660,0.0005722127
0,109670,0.00057212973
0,109680,0.0005720468
0,109690,0.00057196384
0,109700,0.00057188096
0,109710,0.00057179807
0,109720,0.0005717152
0,109730,0.0005716323
0,109740,0.0005715494
0,109750,0.0005714666
0,109760,0.0005713837
0,109770,0.00057130086
0,109780,0.0005712181
0,109790,0.00057113526
0,109800,0.0005710525
0,109810,0.00057096966
0,109820,0.0005708869
0,109830,0.0005708042
0,109840,0.0005707214
0,109850,0.0005706387
0,109860,0.000570556
0,109870,0.00057047326
0,109880,0.00057039055
0,109890,0.00057030784
0,109900,0.0005702252
0,109910,0.0005701425
0,109920,0.00057005987
0,109930,0.0005699772
0,109940,0.0005698946
0,109950,0.000569812
0,109960,0.0005697294
0,109970,0.0005696468
0,109980,0.00056956423
0,109990,0.0005694817
0,110000,0.0005693991
0,110010,0.00056931656
0,110020,0.000569234
0,110030,0.00056915154
0,110040,0.000569069
0,110050,0.0005689865
0,110060,0.00056890404
0,110070,0.00056882156
0,110080,0.00056873914
0,110090,0.00056865666
0,110100,0.00056857424
0,110110,0.0005684918
0,110120,0.00056840945
0,110130,0.000568327
0,110140,0.00056824466
0,110150,0.00056816224
0,110160,0.00056807994
0,110170,0.0005679976
0,110180,0.0005679152
0,110190,0.0005678329
0,110200,0.0005677506
0,110210,0.0005676683
0,110220,0.000567586
0,110230,0.00056750374
0,110240,0.0005674215
0,110250,0.0005673392
0,110260,0.000567257
0,110270,0.00056717475
0,110280,0.0005670925
0,110290,0.0005670103
0,110300,0.0005669281
0,110310,0.00056684593
0,110320,0.0005667638
0,110330,0.0005666816
0,110340,0.0005665995
0,110350,0.00056651735
0,110360,0.0005664352
0,110370,0.00056635315
0,110380,0.000566271
0,110390,0.00056618894
0,110400,0.0005661069
0,110410,0.0005660248
0,110420,0.0005659428
0,110430,0.0005658607
0,110440,0.0005657787
0,110450,0.0005656967
0,110460,0.0005656147
0,110470,0.0005655327
0,110480,0.00056545075
0,110490,0.0005653688
0,110500,0.00056528684
0,110510,0.0005652049
0,110520,0.00056512293
0,110530,0.00056504103
0,110540,0.00056495913
0,110550,0.00056487723
0,110560,0.00056479534
0,110570,0.0005647135
0,110580,0.00056463166
0,110590,0.0005645498
0,110600,0.000564468
0,110610,0.00056438614
0,110620,0.00056430436
0,110630,0.0005642225
0,110640,0.00056414073
0,110650,0.00056405895
0,110660,0.0005639772
0,110670,0.00056389545
0,110680,0.0005638137
0,110690,0.000563732
0,110700,0.0005636503
0,110710,0.0005635686
0,110720,0.0005634869
0,110730,0.0005634052
0,110740,0.00056332356
0,110750,0.0005632419
0,110760,0.0005631603
0,110770,0.0005630786
0,110780,0.000562997
0,110790,0.0005629154
0,110800,0.0005628338
0,110810,0.00056275225
0,110820,0.00056267064
0,110830,0.0005625891
0,110840,0.00056250754
0,110850,0.00056242605
0,110860,0.0005623445
0,110870,0.000562263
0,110880,0.0005621815
0,110890,0.00056210003
0,110900,0.00056201854
0,110910,0.00056193705
0,110920,0.0005618556
0,110930,0.0005617742
0,110940,0.00056169275
0,110950,0.0005616113
0,110960,0.00056152995
0,110970,0.00056144857
0,110980,0.0005613672
0,110990,0.0005612858
0,111000,0.00056120445
0,111010,0.0005611231
0,111020,0.00056104176
0,111030,0.00056096044
0,111040,0.0005608791
0,111050,0.00056079787
0,111060,0.00056071655
0,111070,0.0005606353
0,111080,0.00056055404
0,111090,0.0005604728
0,111100,0.0005603915
0,111110,0.0005603103
0,111120,0.0005602291
0,111130,0.0005601479
0,111140,0.0005600667
0,111150,0.0005599855
0,111160,0.0005599044
0,111170,0.00055982324
0,111180,0.0005597421
0,111190,0.00055966096
0,111200,0.0005595798
0,111210,0.00055949873
0,111220,0.00055941765
0,111230,0.00055933656
0,111240,0.0005592555
0,111250,0.0005591744
0,111260,0.0005590934
0,111270,0.00055901235
0,111280,0.0005589313
0,111290,0.0005588503
0,111300,0.0005587693
0,111310,0.0005586883
0,111320,0.00055860734
0,111330,0.0005585264
0,111340,0.0005584454
0,111350,0.00055836444
0,111360,0.00055828353
0,111370,0.0005582026
0,111380,0.0005581217
0,111390,0.0005580408
0,111400,0.00055795995
0,111410,0.00055787904
0,111420,0.0005577982
0,111430,0.00055771734
0,111440,0.00055763655
0,111450,0.0005575557
0,111460,0.0005574749
0,111470,0.0005573941
0,111480,0.0005573133
0,111490,0.00055723253
0,111500,0.00055715174
0,111510,0.000557071
0,111520,0.0005569903
0,111530,0.00055690954
0,111540,0.0005568288
0,111550,0.0005567481
0,111560,0.00055666745
0,111570,0.0005565868
0,111580,0.0005565061
0,111590,0.0005564254
0,111600,0.00055634475
0,111610,0.00055626413
0,111620,0.0005561835
0,111630,0.0005561029
0,111640,0.0005560223
0,111650,0.0005559417
0,111660,0.00055586116
0,111670,0.0005557806
0,111680,0.00055570004
0,111690,0.0005556195
0,111700,0.000555539
0,111710,0.0005554584
0,111720,0.0005553779
0,111730,0.0005552974
0,111740,0.000555217
0,111750,0.0005551365
0,111760,0.00055505603
0,111770,0.0005549756
0,111780,0.00055489514
0,111790,0.0005548147
0,111800,0.0005547343
0,111810,0.00055465393
0,111820,0.00055457355
0,111830,0.00055449316
0,111840,0.0005544128
0,111850,0.00055433245
0,111860,0.00055425207
0,111870,0.00055417174
0,111880,0.0005540915
0,111890,0.00055401115
0,111900,0.0005539309
0,111910,0.00055385055
0,111920,0.0005537703
0,111930,0.00055369
0,111940,0.0005536098
0,111950,0.00055352953
0,111960,0.0005534493
0,111970,0.0005533691
0,111980,0.0005532889
0,111990,0.00055320875
0,112000,0.00055312854
0,112010,0.0005530484
0,112020,0.00055296824
0,112030,0.0005528881
0,112040,0.00055280793
0,112050,0.00055272784
0,112060,0.00055264775
0,112070,0.00055256765
0,112080,0.00055248756
0,112090,0.00055240747
0,112100,0.00055232743
0,112110,0.0005522474
0,112120,0.00055216736
0,112130,0.0005520873
0,112140,0.0005520073
0,112150,0.0005519273
0,112160,0.00055184733
0,112170,0.00055176736
0,112180,0.0005516874
0,112190,0.0005516074
0,112200,0.0005515275
0,112210,0.00055144756
0,112220,0.00055136764
0,112230,0.0005512877
0,112240,0.0005512078
0,112250,0.00055112795
0,112260,0.000551048
0,112270,0.00055096817
0,112280,0.00055088836
0,112290,0.0005508085
0,112300,0.0005507287
0,112310,0.00055064884
0,112320,0.00055056904
0,112330,0.0005504893
0,112340,0.0005504095
0,112350,0.00055032974
0,112360,0.00055024994
0,112370,0.0005501702
0,112380,0.00055009045
0,112390,0.00055001077
0,112400,0.000549931
0,112410,0.00054985133
0,112420,0.00054977165
0,112430,0.00054969196
0,112440,0.00054961233
0,112450,0.00054953265
0,112460,0.000549453
0,112470,0.0005493734
0,112480,0.00054929376
0,112490,0.0005492142
0,112500,0.00054913457
0,112510,0.000549055
0,112520,0.0005489754
0,112530,0.00054889586
0,112540,0.00054881634
0,112550,0.0005487368
0,112560,0.00054865726
0,112570,0.00054857775
0,112580,0.00054849824
0,112590,0.0005484187
0,112600,0.0005483393
0,112610,0.0005482598
0,112620,0.00054818037
0,112630,0.0005481009
0,112640,0.00054802146
0,112650,0.00054794207
0,112660,0.00054786267
0,112670,0.0005477833
0,112680,0.0005477039
0,112690,0.0005476245
0,112700,0.00054754515
0,112710,0.0005474658
0,112720,0.0005473864
0,112730,0.00054730714
0,112740,0.0005472278
0,112750,0.0005471485
0,112760,0.0005470692
0,112770,0.0005469899
0,112780,0.0005469106
0,112790,0.0005468314
0,112800,0.0005467521
0,112810,0.0005466729
0,112820,0.0005465937
0,112830,0.00054651446
0,112840,0.0005464353
0,112850,0.0005463561
0,112860,0.0005462769
0,112870,0.00054619776
0,112880,0.0005461186
0,112890,0.00054603943
0,112900,0.0005459603
0,112910,0.00054588116
0,112920,0.00054580206
0,112930,0.000545723
0,112940,0.0005456439
0,112950,0.0005455648
0,112960,0.00054548576
0,112970,0.0005454067
0,112980,0.00054532767
0,112990,0.0005452486
0,113000,0.00054516963
0,113010,0.00054509065
0,113020,0.00054501166
0,113030,0.00054493267
0,113040,0.0005448537
0,113050,0.00054477475
0,113060,0.00054469577
0,113070,0.00054461684
0,113080,0.0005445379
0,113090,0.00054445904
0,113100,0.0005443801
0,113110,0.00054430123
0,113120,0.00054422236
0,113130,0.0005441435
0,113140,0.0005440646
0,113150,0.00054398575
0,113160,0.00054390694
0,113170,0.0005438281
0,113180,0.0005437493
0,113190,0.0005436705
0,113200,0.00054359174
0,113210,0.000543513
0,113220,0.0005434342
0,113230,0.0005433554
0,113240,0.0005432767
0,113250,0.00054319797
0,113260,0.00054311927
0,113270,0.0005430406
0,113280,0.0005429619
0,113290,0.0005428832
0,113300,0.0005428045
0,113310,0.00054272584
0,113320,0.0005426472
0,113330,0.00054256857
0,113340,0.0005424899
0,113350,0.00054241135
0,113360,0.0005423327
0,113370,0.0005422541
0,113380,0.00054217555
0,113390,0.00054209697
0,113400,0.00054201845
0,113410,0.00054193987
0,113420,0.00054186134
0,113430,0.0005417828
0,113440,0.0005417043
0,113450,0.00054162584
0,113460,0.0005415473
0,113470,0.00054146885
0,113480,0.0005413904
0,113490,0.0005413119
0,113500,0.0005412335
0,113510,0.00054115505
0,113520,0.00054107665
0,113530,0.00054099824
0,113540,0.00054091983
0,113550,0.0005408414
0,113560,0.0005407631
0,113570,0.00054068473
0,113580,0.0005406064
0,113590,0.00054052804
0,113600,0.0005404497
0,113610,0.0005403714
0,113620,0.00054029305
0,113630,0.00054021477
0,113640,0.0005401365
0,113650,0.00054005824
0,113660,0.00053997996
0,113670,0.0005399017
0,113680,0.0005398235
0,113690,0.00053974526
0,113700,0.00053966703
0,113710,0.00053958886
0,113720,0.0005395106
0,113730,0.00053943245
0,113740,0.0005393543
0,113750,0.00053927617
0,113760,0.000539198
0,113770,0.0005391199
0,113780,0.00053904176
0,113790,0.00053896365
0,113800,0.00053888554
0,113810,0.0005388074
0,113820,0.00053872936
0,113830,0.0005386513
0,113840,0.00053857325
0,113850,0.0005384952
0,113860,0.0005384172
0,113870,0.00053833914
0,113880,0.00053826114
0,113890,0.00053818314
0,113900,0.00053810515
0,113910,0.0005380272
0,113920,0.0005379492
0,113930,0.00053787127
0,113940,0.0005377933
0,113950,0.0005377154
0,113960,0.0005376375
0,113970,0.00053755956
0,113980,0.0005374817
0,113990,0.0005374038
0,114000,0.0005373259
0,114010,0.0005372481
0,114020,0.0005371702
0,114030,0.0005370924
0,114040,0.00053701457
0,114050,0.00053693674
0,114060,0.0005368589
0,114070,0.00053678115
0,114080,0.00053670333
0,114090,0.00053662556
0,114100,0.00053654786
0,114110,0.0005364701
0,114120,0.0005363923
0,114130,0.0005363146
0,114140,0.0005362369
0,114150,0.0005361592
0,114160,0.0005360815
0,114170,0.00053600385
0,114180,0.00053592614
0,114190,0.0005358485
0,114200,0.00053577084
0,114210,0.00053569325
0,114220,0.0005356156
0,114230,0.000535538
0,114240,0.00053546036
0,114250,0.00053538283
0,114260,0.00053530524
0,114270,0.00053522765
0,114280,0.0005351501
0,114290,0.0005350726
0,114300,0.00053499505
0,114310,0.0005349175
0,114320,0.00053484
0,114330,0.0005347625
0,114340,0.000534685
0,114350,0.0005346075
0,114360,0.0005345301
0,114370,0.0005344526
0,114380,0.0005343752
0,114390,0.0005342977
0,114400,0.0005342203
0,114410,0.0005341429
0,114420,0.00053406553
0,114430,0.0005339881
0,114440,0.00053391076
0,114450,0.0005338334
0,114460,0.00053375604
0,114470,0.0005336787
0,114480,0.0005336014
0,114490,0.000533524
0,114500,0.0005334467
0,114510,0.0005333694
0,114520,0.0005332922
0,114530,0.0005332149
0,114540,0.00053313765
0,114550,0.0005330604
0,114560,0.00053298316
0,114570,0.0005329059
0,114580,0.0005328287
0,114590,0.0005327515
0,114600,0.0005326743
0,114610,0.0005325971
0,114620,0.00053251995
0,114630,0.00053244276
0,114640,0.00053236564
0,114650,0.0005322885
0,114660,0.0005322114
0,114670,0.00053213426
0,114680,0.00053205714
0,114690,0.00053198007
0,114700,0.00053190294
0,114710,0.0005318259
0,114720,0.0005317488
0,114730,0.0005316718
0,114740,0.00053159473
0,114750,0.0005315177
0,114760,0.0005314407
0,114770,0.0005313637
0,114780,0.0005312867
0,114790,0.00053120975
0,114800,0.00053113274
0,114810,0.0005310558
0,114820,0.00053097884
0,114830,0.0005309019
0,114840,0.000530825
0,114850,0.0005307481
0,114860,0.00053067115
0,114870,0.00053059426
0,114880,0.0005305174
0,114890,0.00053044053
0,114900,0.0005303637
0,114910,0.0005302868
0,114920,0.00053021
0,114930,0.0005301332
0,114940,0.00053005636
0,114950,0.00052997953
0,114960,0.00052990275
0,114970,0.000529826
0,114980,0.0005297492
0,114990,0.0005296725
0,115000,0.0005295957
0,115010,0.000529519
0,115020,0.0005294423
0,115030,0.00052936556
0,115040,0.00052928884
0,115050,0.0005292122
0,115060,0.00052913546
0,115070,0.0005290588
0,115080,0.00052898214
0,115090,0.0005289055
0,115100,0.0005288289
0,115110,0.0005287522
0,115120,0.0005286756
0,115130,0.000528599
0,115140,0.0005285224
0,115150,0.0005284459
0,115160,0.0005283693
0,115170,0.00052829273
0,115180,0.0005282162
0,115190,0.00052813964
0,115200,0.00052806316
0,115210,0.0005279866
0,115220,0.00052791013
0,115230,0.00052783365
0,115240,0.00052775716
0,115250,0.0005276807
0,115260,0.00052760425
0,115270,0.0005275278
0,115280,0.00052745134
0,115290,0.0005273749
0,115300,0.00052729854
0,115310,0.0005272221
0,115320,0.00052714575
0,115330,0.0005270694
0,115340,0.000526993
0,115350,0.00052691664
0,115360,0.0005268403
0,115370,0.00052676396
0,115380,0.00052668765
0,115390,0.00052661134
0,115400,0.00052653503
0,115410,0.0005264587
0,115420,0.0005263825
0,115430,0.0005263062
0,115440,0.0005262299
0,115450,0.0005261537
0,115460,0.00052607746
0,115470,0.0005260012
0,115480,0.000525925
0,115490,0.0005258488
0,115500,0.00052577263
0,115510,0.00052569644
0,115520,0.0005256203
0,115530,0.00052554416
0,115540,0.00052546797
0,115550,0.00052539184
0,115560,0.00052531576
0,115570,0.0005252396
0,115580,0.00052516354
0,115590,0.0005250874
0,115600,0.00052501133
0,115610,0.0005249353
0,115620,0.00052485924
0,115630,0.0005247832
0,115640,0.00052470714
0,115650,0.0005246311
0,115660,0.0005245551
0,115670,0.00052447914
0,115680,0.0005244031
0,115690,0.00052432716
0,115700,0.0005242512
0,115710,0.00052417524
0,115720,0.0005240993
0,115730,0.0005240234
0,115740,0.0005239474
0,115750,0.0005238715
0,115760,0.0005237956
0,115770,0.0005237197
0,115780,0.00052364386
0,115790,0.00052356796
0,115800,0.0005234921
0,115810,0.00052341627
0,115820,0.0005233404
0,115830,0.00052326464
0,115840,0.0005231888
0,115850,0.000523113
0,115860,0.0005230372
0,115870,0.00052296143
0,115880,0.00052288565
0,115890,0.0005228099
0,115900,0.00052273413
0,115910,0.0005226584
0,115920,0.0005225827
0,115930,0.000522507
0,115940,0.0005224313
0,115950,0.0005223556
0,115960,0.00052227994
0,115970,0.00052220427
0,115980,0.0005221286
0,115990,0.0005220529
0,116000,0.0005219773
0,116010,0.0005219017
0,116020,0.0005218261
0,116030,0.0005217505
0,116040,0.00052167487
0,116050,0.0005215993
0,116060,0.0005215237
0,116070,0.00052144815
0,116080,0.0005213726
0,116090,0.0005212971
0,116100,0.00052122155
0,116110,0.00052114605
0,116120,0.00052107056
0,116130,0.00052099506
0,116140,0.00052091957
0,116150,0.00052084407
0,116160,0.00052076863
0,116170,0.0005206932
0,116180,0.00052061776
0,116190,0.0005205423
0,116200,0.0005204669
0,116210,0.0005203915
0,116220,0.00052031607
0,116230,0.0005202407
0,116240,0.0005201653
0,116250,0.00052009
0,116260,0.0005200146
0,116270,0.0005199393
0,116280,0.00051986397
0,116290,0.00051978865
0,116300,0.0005197133
0,116310,0.00051963807
0,116320,0.00051956275
0,116330,0.0005194875
0,116340,0.0005194122
0,116350,0.00051933696
0,116360,0.00051926175
0,116370,0.0005191865
0,116380,0.0005191113
0,116390,0.0005190361
0,116400,0.0005189609
0,116410,0.0005188857
0,116420,0.0005188105
0,116430,0.0005187353
0,116440,0.0005186602
0,116450,0.00051858503
0,116460,0.00051850994
0,116470,0.0005184348
0,116480,0.0005183597
0,116490,0.0005182846
0,116500,0.00051820953
0,116510,0.00051813445
0,116520,0.00051805936
0,116530,0.0005179843
0,116540,0.00051790924
0,116550,0.0005178342
0,116560,0.00051775924
0,116570,0.0005176842
0,116580,0.0005176092
0,116590,0.0005175342
0,116600,0.00051745924
0,116610,0.00051738427
0,116620,0.0005173093
0,116630,0.0005172344
0,116640,0.0005171594
0,116650,0.0005170845
0,116660,0.0005170096
0,116670,0.00051693467
0,116680,0.0005168598
0,116690,0.0005167849
0,116700,0.00051671005
0,116710,0.0005166352
0,116720,0.00051656034
0,116730,0.0005164855
0,116740,0.0005164107
0,116750,0.0005163359
0,116760,0.0005162611
0,116770,0.0005161863
0,116780,0.0005161115
0,116790,0.0005160367
0,116800,0.00051596196
0,116810,0.0005158872
0,116820,0.0005158125
0,116830,0.00051573775
0,116840,0.000515663
0,116850,0.0005155883
0,116860,0.00051551365
0,116870,0.00051543897
0,116880,0.0005153643
0,116890,0.0005152896
0,116900,0.000515215
0,116910,0.0005151403
0,116920,0.0005150657
0,116930,0.00051499106
0,116940,0.00051491644
0,116950,0.0005148419
0,116960,0.00051476725
0,116970,0.0005146927
0,116980,0.0005146181
0,116990,0.00051454356
0,117000,0.00051446905
0,117010,0.0005143945
0,117020,0.00051432
0,117030,0.0005142455
0,117040,0.00051417097
0,117050,0.00051409646
0,117060,0.000514022
0,117070,0.00051394757
0,117080,0.00051387306
0,117090,0.0005137986
0,117100,0.0005137242
0,117110,0.0005136498
0,117120,0.0005135754
0,117130,0.000513501
0,117140,0.00051342655
0,117150,0.0005133522
0,117160,0.00051327783
0,117170,0.0005132035
0,117180,0.0005131291
0,117190,0.0005130548
0,117200,0.00051298045
0,117210,0.0005129062
0,117220,0.00051283184
0,117230,0.0005127576
0,117240,0.00051268324
0,117250,0.00051260897
0,117260,0.00051253475
0,117270,0.0005124605
0,117280,0.00051238626
0,117290,0.000512312
0,117300,0.0005122378
0,117310,0.00051216356
0,117320,0.0005120894
0,117330,0.0005120152
0,117340,0.00051194103
0,117350,0.0005118669
0,117360,0.0005117927
0,117370,0.00051171856
0,117380,0.00051164447
0,117390,0.0005115703
0,117400,0.0005114962
0,117410,0.0005114221
0,117420,0.000511348
0,117430,0.000511274
0,117440,0.0005111999
0,117450,0.00051112584
0,117460,0.0005110518
0,117470,0.00051097776
0,117480,0.0005109037
0,117490,0.00051082973
0,117500,0.0005107557
0,117510,0.0005106817
0,117520,0.00051060773
0,117530,0.00051053375
0,117540,0.0005104598
0,117550,0.00051038584
0,117560,0.0005103119
0,117570,0.000510238
0,117580,0.00051016407
0,117590,0.00051009015
0,117600,0.0005100163
0,117610,0.0005099424
0,117620,0.0005098685
0,117630,0.0005097947
0,117640,0.0005097208
0,117650,0.00050964695
0,117660,0.00050957315
0,117670,0.00050949934
0,117680,0.00050942553
0,117690,0.0005093517
0,117700,0.0005092779
0,117710,0.00050920417
0,117720,0.00050913036
0,117730,0.0005090566
0,117740,0.00050898286
0,117750,0.0005089092
0,117760,0.0005088354
0,117770,0.00050876173
0,117780,0.00050868804
0,117790,0.00050861435
0,117800,0.00050854066
0,117810,0.00050846697
0,117820,0.00050839334
0,117830,0.00050831964
0,117840,0.000508246
0,117850,0.0005081724
0,117860,0.0005080988
0,117870,0.0005080252
0,117880,0.0005079516
0,117890,0.000507878
0,117900,0.00050780445
0,117910,0.0005077309
0,117920,0.0005076573
0,117930,0.0005075838
0,117940,0.00050751027
0,117950,0.00050743675
0,117960,0.00050736323
0,117970,0.0005072897
0,117980,0.00050721626
0,117990,0.00050714274
0,118000,0.0005070693
0,118010,0.0005069958
0,118020,0.0005069224
0,118030,0.00050684897
0,118040,0.00050677557
0,118050,0.0005067021
0,118060,0.0005066287
0,118070,0.00050655537
0,118080,0.00050648197
0,118090,0.00050640857
0,118100,0.00050633523
0,118110,0.0005062619
0,118120,0.00050618855
0,118130,0.0005061152
0,118140,0.0005060419
0,118150,0.0005059686
0,118160,0.0005058953
0,118170,0.000505822
0,118180,0.0005057487
0,118190,0.0005056755
0,118200,0.0005056022
0,118210,0.000505529
0,118220,0.00050545577
0,118230,0.00050538254
0,118240,0.0005053093
0,118250,0.00050523615
0,118260,0.0005051629
0,118270,0.00050508976
0,118280,0.0005050166
0,118290,0.0005049434
0,118300,0.0005048703
0,118310,0.00050479715
0,118320,0.00050472404
0,118330,0.00050465093
0,118340,0.0005045778
0,118350,0.0005045047
0,118360,0.00050443166
0,118370,0.00050435856
0,118380,0.0005042855
0,118390,0.00050421245
0,118400,0.00050413946
0,118410,0.0005040664
0,118420,0.00050399336
0,118430,0.00050392037
0,118440,0.0005038474
0,118450,0.0005037744
0,118460,0.00050370145
0,118470,0.00050362846
0,118480,0.0005035555
0,118490,0.0005034826
0,118500,0.00050340965
0,118510,0.0005033367
0,118520,0.0005032638
0,118530,0.0005031909
0,118540,0.00050311803
0,118550,0.0005030451
0,118560,0.0005029723
0,118570,0.0005028994
0,118580,0.00050282653
0,118590,0.0005027537
0,118600,0.0005026809
0,118610,0.0005026081
0,118620,0.00050253526
0,118630,0.00050246244
0,118640,0.0005023897
0,118650,0.0005023169
0,118660,0.00050224416
0,118670,0.0005021714
0,118680,0.00050209864
0,118690,0.00050202594
0,118700,0.0005019532
0,118710,0.0005018805
0,118720,0.0005018078
0,118730,0.0005017351
0,118740,0.00050166243
0,118750,0.00050158973
0,118760,0.0005015171
0,118770,0.00050144445
0,118780,0.0005013718
0,118790,0.0005012992
0,118800,0.0005012266
0,118810,0.000501154
0,118820,0.0005010814
0,118830,0.0005010088
0,118840,0.00050093624
0,118850,0.00050086365
0,118860,0.0005007911
0,118870,0.00050071854
0,118880,0.000500646
0,118890,0.00050057354
0,118900,0.000500501
0,118910,0.0005004285
0,118920,0.000500356
0,118930,0.00050028355
0,118940,0.0005002111
0,118950,0.0005001386
0,118960,0.00050006615
0,118970,0.00049999374
0,118980,0.0004999213
0,118990,0.0004998489
0,119000,0.0004997765
0,119010,0.0004997041
0,119020,0.00049963174
0,119030,0.00049955933
0,119040,0.000499487
0,119050,0.00049941463
0,119060,0.0004993423
0,119070,0.00049927
0,119080,0.00049919763
0,119090,0.00049912534
0,119100,0.00049905304
0,119110,0.00049898075
0,119120,0.00049890846
0,119130,0.0004988362
0,119140,0.0004987639
0,119150,0.0004986917
0,119160,0.00049861945
0,119170,0.0004985472
0,119180,0.00049847504
0,119190,0.0004984028
0,119200,0.0004983306
0,119210,0.00049825845
0,119220,0.0004981863
0,119230,0.0004981141
0,119240,0.000498042
0,119250,0.0004979698
0,119260,0.0004978977
0,119270,0.00049782556
0,119280,0.00049775344
0,119290,0.0004976814
0,119300,0.00049760926
0,119310,0.0004975372
0,119320,0.00049746514
0,119330,0.0004973931
0,119340,0.000497321
0,119350,0.00049724896
0,119360,0.00049717695
0,119370,0.00049710495
0,119380,0.00049703295
0,119390,0.00049696094
0,119400,0.00049688894
0,119410,0.000496817
0,119420,0.000496745
0,119430,0.00049667305
0,119440,0.0004966011
0,119450,0.0004965292
0,119460,0.0004964573
0,119470,0.0004963854
0,119480,0.00049631344
0,119490,0.00049624156
0,119500,0.00049616967
0,119510,0.00049609784
0,119520,0.00049602595
0,119530,0.0004959541
0,119540,0.0004958823
0,119550,0.00049581047
0,119560,0.00049573864
0,119570,0.0004956668
0,119580,0.00049559504
0,119590,0.0004955233
0,119600,0.0004954515
0,119610,0.00049537973
0,119620,0.00049530796
0,119630,0.0004952362
0,119640,0.0004951645
0,119650,0.00049509277
0,119660,0.00049502106
0,119670,0.00049494935
0,119680,0.00049487763
0,119690,0.000494806
0,119700,0.0004947343
0,119710,0.0004946627
0,119720,0.000494591
0,119730,0.00049451937
0,119740,0.0004944477
0,119750,0.0004943761
0,119760,0.0004943045
0,119770,0.0004942329
0,119780,0.00049416133
0,119790,0.00049408973
0,119800,0.0004940182
0,119810,0.0004939466
0,119820,0.00049387506
0,119830,0.0004938035
0,119840,0.00049373205
0,119850,0.0004936605
0,119860,0.00049358903
0,119870,0.0004935175
0,119880,0.000493446
0,119890,0.00049337454
0,119900,0.0004933031
0,119910,0.00049323164
0,119920,0.0004931602
0,119930,0.0004930888
0,119940,0.0004930174
0,119950,0.00049294595
0,119960,0.00049287453
0,119970,0.00049280317
0,119980,0.00049273175
0,119990,0.0004926604
0,120000,0.000492589
0,120010,0.0004925177
0,120020,0.00049244636
0,120030,0.00049237505
0,120040,0.00049230375
0,120050,0.0004922324
0,120060,0.00049216114
0,120070,0.00049208984
0,120080,0.00049201853
0,120090,0.0004919473
0,120100,0.00049187604
0,120110,0.0004918048
0,120120,0.00049173355
0,120130,0.00049166236
0,120140,0.0004915911
0,120150,0.0004915199
0,120160,0.00049144874
0,120170,0.00049137755
0,120180,0.00049130636
0,120190,0.00049123523
0,120200,0.00049116404
0,120210,0.0004910929
0,120220,0.0004910218
0,120230,0.00049095065
0,120240,0.0004908796
0,120250,0.00049080845
0,120260,0.0004907374
0,120270,0.0004906663
0,120280,0.00049059524
0,120290,0.00049052417
0,120300,0.00049045315
0,120310,0.0004903821
0,120320,0.00049031107
0,120330,0.00049024005
0,120340,0.00049016904
0,120350,0.000490098
0,120360,0.0004900271
0,120370,0.00048995606
0,120380,0.0004898851
0,120390,0.00048981415
0,120400,0.00048974325
0,120410,0.0004896723
0,120420,0.00048960134
0,120430,0.00048953044
0,120440,0.00048945955
0,120450,0.00048938865
0,120460,0.00048931775
0,120470,0.0004892469
0,120480,0.000489176
0,120490,0.0004891052
0,120500,0.00048903434
0,120510,0.0004889635
0,120520,0.0004888927
0,120530,0.0004888219
0,120540,0.0004887511
0,120550,0.0004886803
0,120560,0.00048860954
0,120570,0.00048853876
0,120580,0.000488468
0,120590,0.00048839726
0,120600,0.00048832654
0,120610,0.00048825578
0,120620,0.00048818506
0,120630,0.00048811437
0,120640,0.00048804368
0,120650,0.00048797298
0,120660,0.0004879023
0,120670,0.00048783162
0,120680,0.000487761
0,120690,0.00048769033
0,120700,0.0004876197
0,120710,0.00048754908
0,120720,0.00048747845
0,120730,0.00048740784
0,120740,0.00048733727
0,120750,0.0004872667
0,120760,0.0004871961
0,120770,0.00048712554
0,120780,0.000487055
0,120790,0.00048698444
0,120800,0.00048691392
0,120810,0.0004868434
0,120820,0.0004867729
0,120830,0.0004867024
0,120840,0.00048663188
0,120850,0.00048656142
0,120860,0.00048649093
0,120870,0.00048642047
0,120880,0.00048635004
0,120890,0.00048627958
0,120900,0.00048620914
0,120910,0.00048613874
0,120920,0.00048606834
0,120930,0.00048599794
0,120940,0.00048592754
0,120950,0.00048585716
0,120960,0.0004857868
0,120970,0.00048571645
0,120980,0.0004856461
0,120990,0.00048557576
0,121000,0.0004855054
0,121010,0.0004854351
0,121020,0.0004853648
0,121030,0.0004852945
0,121040,0.0004852242
0,121050,0.00048515396
0,121060,0.00048508367
0,121070,0.0004850134
0,121080,0.0004849432
0,121090,0.00048487293
0,121100,0.0004848027
0,121110,0.0004847325
0,121120,0.0004846623
0,121130,0.0004845921
0,121140,0.0004845219
0,121150,0.00048445174
0,121160,0.00048438157
0,121170,0.00048431143
0,121180,0.0004842413
0,121190,0.00048417115
0,121200,0.00048410104
0,121210,0.00048403093
0,121220,0.00048396082
0,121230,0.0004838907
0,121240,0.00048382062
0,121250,0.00048375057
0,121260,0.00048368052
0,121270,0.00048361046
0,121280,0.0004835404
0,121290,0.0004834704
0,121300,0.00048340036
0,121310,0.00048333034
0,121320,0.00048326034
0,121330,0.00048319035
0,121340,0.00048312038
0,121350,0.00048305042
0,121360,0.00048298045
0,121370,0.0004829105
0,121380,0.00048284055
0,121390,0.0004827706
0,121400,0.0004827007
0,121410,0.0004826308
0,121420,0.0004825609
0,121430,0.000482491
0,121440,0.00048242114
0,121450,0.00048235126
0,121460,0.0004822814
0,121470,0.00048221156
0,121480,0.0004821417
0,121490,0.0004820719
0,121500,0.00048200207
0,121510,0.00048193228
0,121520,0.00048186246
0,121530,0.00048179267
0,121540,0.0004817229
0,121550,0.00048165314
0,121560,0.00048158338
0,121570,0.00048151365
0,121580,0.0004814439
0,121590,0.00048137418
0,121600,0.00048130445
0,121610,0.00048123475
0,121620,0.00048116504
0,121630,0.00048109537
0,121640,0.0004810257
0,121650,0.00048095602
0,121660,0.00048088637
0,121670,0.00048081673
0,121680,0.00048074708
0,121690,0.00048067747
0,121700,0.00048060785
0,121710,0.00048053823
0,121720,0.00048046865
0,121730,0.00048039906
0,121740,0.0004803295
0,121750,0.00048025994
0,121760,0.00048019039
0,121770,0.00048012083
0,121780,0.0004800513
0,121790,0.00047998177
0,121800,0.00047991227
0,121810,0.00047984277
0,121820,0.00047977327
0,121830,0.00047970377
0,121840,0.0004796343
0,121850,0.00047956486
0,121860,0.0004794954
0,121870,0.00047942594
0,121880,0.00047935653
0,121890,0.0004792871
0,121900,0.00047921768
0,121910,0.0004791483
0,121920,0.00047907888
0,121930,0.0004790095
0,121940,0.00047894014
0,121950,0.00047887076
0,121960,0.0004788014
0,121970,0.00047873208
0,121980,0.00047866275
0,121990,0.00047859343
0,122000,0.0004785241
0,122010,0.0004784548
0,122020,0.0004783855
0,122030,0.00047831624
0,122040,0.00047824698
0,122050,0.0004781777
0,122060,0.00047810844
0,122070,0.0004780392
0,122080,0.00047797
0,122090,0.00047790076
0,122100,0.00047783155
0,122110,0.00047776234
0,122120,0.00047769316
0,122130,0.00047762398
0,122140,0.0004775548
0,122150,0.00047748565
0,122160,0.0004774165
0,122170,0.00047734735
0,122180,0.00047727823
0,122190,0.0004772091
0,122200,0.00047713998
0,122210,0.0004770709
0,122220,0.0004770018
0,122230,0.00047693274
0,122240,0.00047686364
0,122250,0.00047679458
0,122260,0.00047672555
0,122270,0.0004766565
0,122280,0.00047658748
0,122290,0.00047651844
0,122300,0.00047644944
0,122310,0.00047638043
0,122320,0.00047631146
0,122330,0.00047624248
0,122340,0.0004761735
0,122350,0.00047610456
0,122360,0.0004760356
0,122370,0.00047596666
0,122380,0.00047589772
0,122390,0.0004758288
0,122400,0.0004757599
0,122410,0.000475691
0,122420,0.0004756221
0,122430,0.00047555324
0,122440,0.00047548435
0,122450,0.0004754155
0,122460,0.00047534666
0,122470,0.0004752778
0,122480,0.00047520897
0,122490,0.00047514017
0,122500,0.00047507134
0,122510,0.00047500254
0,122520,0.00047493377
0,122530,0.000474865
0,122540,0.00047479622
0,122550,0.00047472745
0,122560,0.0004746587
0,122570,0.00047458996
0,122580,0.00047452125
0,122590,0.0004744525
0,122600,0.00047438382
0,122610,0.0004743151
0,122620,0.00047424642
0,122630,0.00047417774
0,122640,0.00047410908
0,122650,0.00047404043
0,122660,0.00047397177
0,122670,0.0004739031
0,122680,0.0004738345
0,122690,0.0004737659
0,122700,0.00047369726
0,122710,0.00047362866
0,122720,0.00047356007
0,122730,0.0004734915
0,122740,0.00047342293
0,122750,0.00047335436
0,122760,0.00047328582
0,122770,0.00047321728
0,122780,0.00047314874
0,122790,0.00047308023
0,122800,0.00047301172
0,122810,0.0004729432
0,122820,0.00047287473
0,122830,0.00047280625
0,122840,0.00047273777
0,122850,0.00047266932
0,122860,0.00047260086
0,122870,0.00047253244
0,122880,0.000472464
0,122890,0.0004723956
0,122900,0.00047232717
0,122910,0.00047225878
0,122920,0.00047219038
0,122930,0.000472122
0,122940,0.00047205362
0,122950,0.00047198526
0,122960,0.00047191692
0,122970,0.0004718486
0,122980,0.00047178025
0,122990,0.00047171192
0,123000,0.0004716436
0,123010,0.0004715753
0,123020,0.00047150702
0,123030,0.00047143875
0,123040,0.00047137047
0,123050,0.00047130222
0,123060,0.00047123397
0,123070,0.00047116572
0,123080,0.00047109748
0,123090,0.00047102926
0,123100,0.00047096107
0,123110,0.00047089285
0,123120,0.00047082466
0,123130,0.00047075647
0,123140,0.0004706883
0,123150,0.00047062014
0,123160,0.00047055198
0,123170,0.00047048385
0,123180,0.00047041572
0,123190,0.0004703476
0,123200,0.00047027948
0,123210,0.00047021138
0,123220,0.00047014328
0,123230,0.0004700752
0,123240,0.00047000713
0,123250,0.00046993908
0,123260,0.000469871
0,123270,0.00046980297
0,123280,0.00046973495
0,123290,0.00046966693
0,123300,0.00046959892
0,123310,0.0004695309
0,123320,0.00046946292
0,123330,0.00046939493
0,123340,0.00046932694
0,123350,0.000469259
0,123360,0.00046919103
0,123370,0.0004691231
0,123380,0.00046905514
0,123390,0.00046898724
0,123400,0.00046891932
0,123410,0.00046885142
0,123420,0.00046878352
0,123430,0.00046871565
0,123440,0.00046864775
0,123450,0.0004685799
0,123460,0.00046851204
0,123470,0.0004684442
0,123480,0.00046837635
0,123490,0.00046830854
0,123500,0.00046824073
0,123510,0.00046817292
0,123520,0.0004681051
0,123530,0.00046803732
0,123540,0.00046796954
0,123550,0.0004679018
0,123560,0.00046783403
0,123570,0.00046776628
0,123580,0.00046769856
0,123590,0.00046763083
0,123600,0.0004675631
0,123610,0.00046749538
0,123620,0.0004674277
0,123630,0.00046736002
0,123640,0.00046729232
0,123650,0.00046722466
0,123660,0.000467157
0,123670,0.00046708935
0,123680,0.00046702172
0,123690,0.00046695408
0,123700,0.00046688647
0,123710,0.00046681886
0,123720,0.00046675125
0,123730,0.00046668368
0,123740,0.0004666161
0,123750,0.00046654852
0,123760,0.00046648097
0,123770,0.00046641342
0,123780,0.00046634587
0,123790,0.00046627835
0,123800,0.00046621083
0,123810,0.0004661433
0,123820,0.0004660758
0,123830,0.00046600832
0,123840,0.00046594083
0,123850,0.00046587337
0,123860,0.0004658059
0,123870,0.00046573844
0,123880,0.000465671
0,123890,0.00046560357
0,123900,0.00046553617
0,123910,0.00046546874
0,123920,0.00046540133
0,123930,0.00046533396
0,123940,0.00046526655
0,123950,0.0004651992
0,123960,0.00046513183
0,123970,0.00046506448
0,123980,0.00046499714
0,123990,0.0004649298
0,124000,0.00046486247
0,124010,0.00046479516
0,124020,0.00046472784
0,124030,0.00046466055
0,124040,0.00046459326
0,124050,0.000464526
0,124060,0.00046445875
0,124070,0.0004643915
0,124080,0.00046432423
0,124090,0.000464257
0,124100,0.00046418977
0,124110,0.00046412254
0,124120,0.00046405534
0,124130,0.00046398814
0,124140,0.00046392097
0,124150,0.0004638538
0,124160,0.00046378662
0,124170,0.00046371945
0,124180,0.0004636523
0,124190,0.00046358517
0,124200,0.00046351805
0,124210,0.0004634509
0,124220,0.00046338383
0,124230,0.0004633167
0,124240,0.00046324963
0,124250,0.00046318254
0,124260,0.00046311546
0,124270,0.0004630484
0,124280,0.00046298135
0,124290,0.00046291432
0,124300,0.0004628473
0,124310,0.00046278027
0,124320,0.00046271324
0,124330,0.00046264625
0,124340,0.00046257925
0,124350,0.00046251228
0,124360,0.0004624453
0,124370,0.00046237835
0,124380,0.00046231138
0,124390,0.00046224444
0,124400,0.0004621775
0,124410,0.0004621106
0,124420,0.00046204368
0,124430,0.00046197677
0,124440,0.00046190986
0,124450,0.00046184298
0,124460,0.0004617761
0,124470,0.00046170925
0,124480,0.0004616424
0,124490,0.00046157555
0,124500,0.0004615087
0,124510,0.00046144187
0,124520,0.00046137505
0,124530,0.00046130826
0,124540,0.00046124146
0,124550,0.00046117467
0,124560,0.0004611079
0,124570,0.0004610411
0,124580,0.00046097438
0,124590,0.0004609076
0,124600,0.00046084088
0,124610,0.00046077414
0,124620,0.00046070744
0,124630,0.0004606407
0,124640,0.00046057403
0,124650,0.00046050732
0,124660,0.00046044064
0,124670,0.00046037397
0,124680,0.00046030732
0,124690,0.00046024067
0,124700,0.00046017402
0,124710,0.00046010737
0,124720,0.00046004076
0,124730,0.00045997414
0,124740,0.00045990755
0,124750,0.00045984096
0,124760,0.00045977437
0,124770,0.00045970778
0,124780,0.00045964122
0,124790,0.00045957466
0,124800,0.00045950813
0,124810,0.0004594416
0,124820,0.00045937506
0,124830,0.00045930853
0,124840,0.00045924203
0,124850,0.00045917553
0,124860,0.00045910905
0,124870,0.00045904258
0,124880,0.0004589761
0,124890,0.00045890964
0,124900,0.0004588432
0,124910,0.00045877675
0,124920,0.00045871033
0,124930,0.00045864392
0,124940,0.0004585775
0,124950,0.0004585111
0,124960,0.0004584447
0,124970,0.00045837832
0,124980,0.00045831196
0,124990,0.0004582456
0,125000,0.00045817925
0,125010,0.0004581129
0,125020,0.00045804656
0,125030,0.00045798023
0,125040,0.00045791393
0,125050,0.00045784764
0,125060,0.00045778134
0,125070,0.00045771504
0,125080,0.00045764877
0,125090,0.0004575825
0,125100,0.00045751626
0,125110,0.00045745
0,125120,0.00045738375
0,125130,0.00045731754
0,125140,0.00045725133
0,125150,0.00045718512
0,125160,0.0004571189
0,125170,0.00045705272
0,125180,0.00045698654
0,125190,0.0004569204
0,125200,0.0004568542
0,125210,0.00045678805
0,125220,0.00045672193
0,125230,0.0004566558
0,125240,0.00045658968
0,125250,0.00045652356
0,125260,0.00045645746
0,125270,0.00045639137
0,125280,0.00045632527
0,125290,0.0004562592
0,125300,0.00045619314
0,125310,0.0004561271
0,125320,0.00045606104
0,125330,0.000455995
0,125340,0.000455929
0,125350,0.000455863
0,125360,0.00045579698
0,125370,0.00045573097
0,125380,0.000455665
0,125390,0.00045559902
0,125400,0.00045553304
0,125410,0.0004554671
0,125420,0.00045540114
0,125430,0.0004553352
0,125440,0.00045526927
0,125450,0.00045520335
0,125460,0.00045513743
0,125470,0.00045507154
0,125480,0.00045500565
0,125490,0.00045493976
0,125500,0.0004548739
0,125510,0.00045480803
0,125520,0.00045474217
0,125530,0.00045467634
0,125540,0.0004546105
0,125550,0.00045454467
0,125560,0.00045447887
0,125570,0.00045441306
0,125580,0.00045434726
0,125590,0.0004542815
0,125600,0.0004542157
0,125610,0.00045414994
0,125620,0.0004540842
0,125630,0.00045401845
0,125640,0.0004539527
0,125650,0.00045388695
0,125660,0.00045382124
0,125670,0.00045375555
0,125680,0.00045368983
0,125690,0.00045362415
0,125700,0.00045355846
0,125710,0.0004534928
0,125720,0.00045342714
0,125730,0.00045336148
0,125740,0.00045329586
0,125750,0.0004532302
0,125760,0.0004531646
0,125770,0.00045309897
0,125780,0.00045303337
0,125790,0.00045296777
0,125800,0.0004529022
0,125810,0.00045283663
0,125820,0.00045277106
0,125830,0.00045270548
0,125840,0.00045263994
0,125850,0.0004525744
0,125860,0.0004525089
0,125870,0.00045244338
0,125880,0.00045237786
0,125890,0.00045231235
0,125900,0.00045224687
0,125910,0.00045218138
0,125920,0.00045211593
0,125930,0.00045205044
0,125940,0.000451985
0,125950,0.00045191956
0,125960,0.00045185414
0,125970,0.0004517887
0,125980,0.0004517233
0,125990,0.0004516579
0,126000,0.0004515925
0,126010,0.0004515271
0,126020,0.00045146173
0,126030,0.00045139636
0,126040,0.000451331
0,126050,0.00045126566
0,126060,0.00045120032
0,126070,0.000451135
0,126080,0.00045106967
0,126090,0.00045100437
0,126100,0.0004509391
0,126110,0.00045087378
0,126120,0.0004508085
0,126130,0.00045074322
0,126140,0.00045067797
0,126150,0.00045061272
0,126160,0.00045054746
0,126170,0.00045048224
0,126180,0.00045041702
0,126190,0.0004503518
0,126200,0.0004502866
0,126210,0.0004502214
0,126220,0.00045015622
0,126230,0.00045009103
0,126240,0.00045002587
0,126250,0.00044996073
0,126260,0.00044989557
0,126270,0.00044983043
0,126280,0.0004497653
0,126290,0.0004497002
0,126300,0.0004496351
0,126310,0.00044956998
0,126320,0.00044950488
0,126330,0.0004494398
0,126340,0.00044937473
0,126350,0.00044930968
0,126360,0.0004492446
0,126370,0.00044917958
0,126380,0.00044911454
0,126390,0.00044904952
0,126400,0.0004489845
0,126410,0.00044891948
0,126420,0.0004488545
0,126430,0.0004487895
0,126440,0.00044872455
0,126450,0.00044865956
0,126460,0.0004485946
0,126470,0.00044852967
0,126480,0.0004484647
0,126490,0.00044839978
0,126500,0.00044833487
0,126510,0.00044826994
0,126520,0.00044820504
0,126530,0.00044814017
0,126540,0.00044807527
0,126550,0.0004480104
0,126560,0.00044794555
0,126570,0.00044788068
0,126580,0.00044781584
0,126590,0.000447751
0,126600,0.00044768618
0,126610,0.00044762137
0,126620,0.00044755655
0,126630,0.00044749177
0,126640,0.00044742698
0,126650,0.0004473622
0,126660,0.0004472974
0,126670,0.00044723265
0,126680,0.0004471679
0,126690,0.00044710317
0,126700,0.00044703844
0,126710,0.00044697372
0,126720,0.000446909
0,126730,0.0004468443
0,126740,0.0004467796
0,126750,0.00044671493
0,126760,0.00044665023
0,126770,0.00044658556
0,126780,0.00044652092
0,126790,0.00044645628
0,126800,0.00044639164
0,126810,0.000446327
0,126820,0.0004462624
0,126830,0.00044619778
0,126840,0.00044613317
0,126850,0.0004460686
0,126860,0.000446004
0,126870,0.00044593943
0,126880,0.00044587487
0,126890,0.00044581032
0,126900,0.00044574577
0,126910,0.00044568122
0,126920,0.0004456167
0,126930,0.0004455522
0,126940,0.00044548768
0,126950,0.00044542318
0,126960,0.0004453587
0,126970,0.00044529422
0,126980,0.00044522976
0,126990,0.0004451653
0,127000,0.00044510083
0,127010,0.0004450364
0,127020,0.00044497196
0,127030,0.00044490755
0,127040,0.00044484314
0,127050,0.00044477874
0,127060,0.00044471433
0,127070,0.00044464995
0,127080,0.00044458557
0,127090,0.0004445212
0,127100,0.00044445685
0,127110,0.0004443925
0,127120,0.00044432815
0,127130,0.00044426383
0,127140,0.0004441995
0,127150,0.0004441352
0,127160,0.0004440709
0,127170,0.0004440066
0,127180,0.00044394232
0,127190,0.00044387806
0,127200,0.0004438138
0,127210,0.00044374954
0,127220,0.0004436853
0,127230,0.00044362107
0,127240,0.00044355684
0,127250,0.0004434926
0,127260,0.0004434284
0,127270,0.0004433642
0,127280,0.00044330003
0,127290,0.00044323585
0,127300,0.00044317168
0,127310,0.0004431075
0,127320,0.00044304336
0,127330,0.00044297922
0,127340,0.0004429151
0,127350,0.00044285096
0,127360,0.00044278684
0,127370,0.00044272275
0,127380,0.00044265867
0,127390,0.00044259458
0,127400,0.0004425305
0,127410,0.00044246644
0,127420,0.00044240238
0,127430,0.00044233832
0,127440,0.00044227426
0,127450,0.00044221024
0,127460,0.00044214624
0,127470,0.0004420822
0,127480,0.0004420182
0,127490,0.0004419542
0,127500,0.00044189024
0,127510,0.00044182627
0,127520,0.0004417623
0,127530,0.00044169833
0,127540,0.0004416344
0,127550,0.00044157045
0,127560,0.00044150653
0,127570,0.00044144262
0,127580,0.0004413787
0,127590,0.0004413148
0,127600,0.00044125092
0,127610,0.00044118703
0,127620,0.00044112315
0,127630,0.0004410593
0,127640,0.00044099544
0,127650,0.0004409316
0,127660,0.00044086776
0,127670,0.00044080394
0,127680,0.0004407401
0,127690,0.00044067632
0,127700,0.00044061252
0,127710,0.00044054873
0,127720,0.00044048496
0,127730,0.0004404212
0,127740,0.00044035743
0,127750,0.00044029366
0,127760,0.00044022992
0,127770,0.0004401662
0,127780,0.00044010248
0,127790,0.00044003877
0,127800,0.00043997506
0,127810,0.00043991135
0,127820,0.00043984767
0,127830,0.000439784
0,127840,0.00043972032
0,127850,0.00043965667
0,127860,0.00043959302
0,127870,0.00043952937
0,127880,0.00043946574
0,127890,0.00043940212
0,127900,0.0004393385
0,127910,0.0004392749
0,127920,0.00043921132
0,127930,0.00043914773
0,127940,0.00043908416
0,127950,0.00043902057
0,127960,0.00043895704
0,127970,0.00043889348
0,127980,0.00043882994
0,127990,0.0004387664
0,128000,0.0004387029
0,128010,0.00043863937
0,128020,0.0004385759
0,128030,0.0004385124
0,128040,0.00043844891
0,128050,0.00043838544
0,128060,0.00043832196
0,128070,0.00043825852
0,128080,0.00043819507
0,128090,0.00043813162
0,128100,0.0004380682
0,128110,0.0004380048
0,128120,0.00043794137
0,128130,0.00043787798
0,128140,0.00043781457
0,128150,0.0004377512
0,128160,0.00043768782
0,128170,0.00043762446
0,128180,0.0004375611
0,128190,0.00043749777
0,128200,0.00043743444
0,128210,0.0004373711
0,128220,0.00043730778
0,128230,0.00043724448
0,128240,0.00043718118
0,128250,0.00043711788
0,128260,0.0004370546
0,128270,0.00043699134
0,128280,0.00043692807
0,128290,0.00043686482
0,128300,0.00043680158
0,128310,0.00043673834
0,128320,0.00043667512
0,128330,0.0004366119
0,128340,0.0004365487
0,128350,0.0004364855
0,128360,0.0004364223
0,128370,0.00043635914
0,128380,0.00043629596
0,128390,0.0004362328
0,128400,0.00043616965
0,128410,0.0004361065
0,128420,0.00043604337
0,128430,0.00043598024
0,128440,0.00043591714
0,128450,0.00043585402
0,128460,0.00043579092
0,128470,0.00043572785
0,128480,0.00043566476
0,128490,0.0004356017
0,128500,0.00043553865
0,128510,0.00043547558
0,128520,0.00043541254
0,128530,0.0004353495
0,128540,0.0004352865
0,128550,0.00043522348
0,128560,0.00043516047
0,128570,0.00043509746
0,128580,0.00043503448
0,128590,0.0004349715
0,128600,0.00043490855
0,128610,0.00043484557
0,128620,0.00043478265
0,128630,0.0004347197
0,128640,0.00043465677
0,128650,0.00043459385
0,128660,0.00043453093
0,128670,0.00043446803
0,128680,0.0004344051
0,128690,0.00043434225
0,128700,0.00043427935
0,128710,0.0004342165
0,128720,0.00043415363
0,128730,0.0004340908
0,128740,0.00043402796
0,128750,0.00043396512
0,128760,0.00043390229
0,128770,0.00043383948
0,128780,0.00043377667
0,128790,0.0004337139
0,128800,0.0004336511
0,128810,0.0004335883
0,128820,0.00043352557
0,128830,0.0004334628
0,128840,0.00043340004
0,128850,0.0004333373
0,128860,0.00043327457
0,128870,0.00043321186
0,128880,0.00043314914
0,128890,0.00043308645
0,128900,0.00043302376
0,128910,0.00043296107
0,128920,0.00043289838
0,128930,0.00043283572
0,128940,0.00043277306
0,128950,0.0004327104
0,128960,0.00043264776
0,128970,0.00043258513
0,128980,0.00043252253
0,128990,0.0004324599
0,129000,0.0004323973
0,129010,0.00043233472
0,129020,0.00043227212
0,129030,0.00043220955
0,129040,0.00043214698
0,129050,0.00043208443
0,129060,0.0004320219
0,129070,0.00043195934
0,129080,0.0004318968
0,129090,0.00043183428
0,129100,0.00043177177
0,129110,0.00043170928
0,129120,0.00043164677
0,129130,0.00043158428
0,129140,0.00043152182
0,129150,0.00043145934
0,129160,0.00043139688
0,129170,0.00043133445
0,129180,0.000431272
0,129190,0.00043120957
0,129200,0.00043114714
0,129210,0.00043108474
0,129220,0.00043102234
0,129230,0.00043095995
0,129240,0.00043089755
0,129250,0.00043083518
0,129260,0.0004307728
0,129270,0.00043071047
0,129280,0.0004306481
0,129290,0.00043058576
0,129300,0.00043052345
0,129310,0.0004304611
0,129320,0.0004303988
0,129330,0.00043033648
0,129340,0.0004302742
0,129350,0.00043021192
0,129360,0.00043014964
0,129370,0.00043008738
0,129380,0.0004300251
0,129390,0.00042996288
0,129400,0.00042990063
0,129410,0.0004298384
0,129420,0.00042977618
0,129430,0.00042971395
0,129440,0.00042965176
0,129450,0.00042958956
0,129460,0.00042952737
0,129470,0.0004294652
0,129480,0.00042940304
0,129490,0.00042934087
0,129500,0.00042927873
0,129510,0.00042921657
0,129520,0.00042915446
0,129530,0.00042909232
0,129540,0.00042903022
0,129550,0.0004289681
0,129560,0.000428906
0,129570,0.00042884392
0,129580,0.00042878184
0,129590,0.0004287198
0,129600,0.00042865772
0,129610,0.00042859567
0,129620,0.00042853362
0,129630,0.0004284716
0,129640,0.00042840958
0,129650,0.00042834756
0,129660,0.00042828557
0,129670,0.00042822355
0,129680,0.00042816158
0,129690,0.0004280996
0,129700,0.00042803763
0,129710,0.00042797567
0,129720,0.0004279137
0,129730,0.00042785177
0,129740,0.00042778984
0,129750,0.0004277279
0,129760,0.000427666
0,129770,0.0004276041
0,129780,0.0004275422
0,129790,0.00042748032
0,129800,0.00042741842
0,129810,0.00042735657
0,129820,0.0004272947
0,129830,0.00042723285
0,129840,0.000427171
0,129850,0.00042710916
0,129860,0.00042704734
0,129870,0.00042698553
0,129880,0.0004269237
0,129890,0.00042686192
0,129900,0.00042680014
0,129910,0.00042673835
0,129920,0.0004266766
0,129930,0.0004266148
0,129940,0.00042655307
0,129950,0.00042649132
0,129960,0.0004264296
0,129970,0.00042636786
0,129980,0.00042630613
0,129990,0.00042624443
0,130000,0.00042618273
0,130010,0.00042612103
0,130020,0.00042605936
0,130030,0.00042599768
0,130040,0.000425936
0,130050,0.00042587437
0,130060,0.00042581273
0,130070,0.0004257511
0,130080,0.00042568945
0,130090,0.00042562783
0,130100,0.00042556622
0,130110,0.00042550464
0,130120,0.00042544302
0,130130,0.00042538144
0,130140,0.0004253199
0,130150,0.0004252583
0,130160,0.00042519675
0,130170,0.00042513522
0,130180,0.00042507367
0,130190,0.00042501214
0,130200,0.00042495062
0,130210,0.00042488912
0,130220,0.00042482762
0,130230,0.00042476613
0,130240,0.00042470463
0,130250,0.00042464316
0,130260,0.0004245817
0,130270,0.00042452023
0,130280,0.0004244588
0,130290,0.00042439735
0,130300,0.0004243359
0,130310,0.00042427448
0,130320,0.00042421307
0,130330,0.00042415166
0,130340,0.00042409028
0,130350,0.0004240289
0,130360,0.00042396752
0,130370,0.00042390614
0,130380,0.0004238448
0,130390,0.00042378344
0,130400,0.0004237221
0,130410,0.00042366076
0,130420,0.00042359944
0,130430,0.00042353812
0,130440,0.00042347683
0,130450,0.0004234155
0,130460,0.00042335424
0,130470,0.00042329295
0,130480,0.0004232317
0,130490,0.00042317042
0,130500,0.00042310916
0,130510,0.00042304792
0,130520,0.0004229867
0,130530,0.00042292546
0,130540,0.00042286425
0,130550,0.00042280304
0,130560,0.00042274184
0,130570,0.00042268063
0,130580,0.00042261946
0,130590,0.00042255828
0,130600,0.00042249713
0,130610,0.000422436
0,130620,0.00042237484
0,130630,0.0004223137
0,130640,0.00042225257
0,130650,0.00042219146
0,130660,0.00042213034
0,130670,0.00042206922
0,130680,0.00042200813
0,130690,0.00042194704
0,130700,0.00042188598
0,130710,0.00042182492
0,130720,0.00042176386
0,130730,0.0004217028
0,130740,0.00042164177
0,130750,0.00042158074
0,130760,0.0004215197
0,130770,0.0004214587
0,130780,0.0004213977
0,130790,0.0004213367
0,130800,0.00042127573
0,130810,0.00042121473
0,130820,0.0004211538
0,130830,0.00042109282
0,130840,0.00042103187
0,130850,0.00042097093
0,130860,0.00042091
0,130870,0.00042084907
0,130880,0.00042078816
0,130890,0.00042072724
0,130900,0.00042066636
0,130910,0.00042060547
0,130920,0.0004205446
0,130930,0.0004204837
0,130940,0.00042042285
0,130950,0.000420362
0,130960,0.00042030116
0,130970,0.0004202403
0,130980,0.00042017948
0,130990,0.00042011868
0,131000,0.00042005786
0,131010,0.00041999706
0,131020,0.00041993626
0,131030,0.0004198755
0,131040,0.00041981472
0,131050,0.00041975395
0,131060,0.00041969318
0,131070,0.00041963244
0,131080,0.0004195717
0,131090,0.00041951097
0,131100,0.00041945025
0,131110,0.00041938954
0,131120,0.00041932883
0,131130,0.00041926815
0,131140,0.00041920747
0,131150,0.0004191468
0,131160,0.0004190861
0,131170,0.00041902545
0,131180,0.0004189648
0,131190,0.00041890418
0,131200,0.00041884353
0,131210,0.0004187829
0,131220,0.0004187223
0,131230,0.0004186617
0,131240,0.0004186011
0,131250,0.0004185405
0,131260,0.00041847993
0,131270,0.00041841937
0,131280,0.0004183588
0,131290,0.00041829824
0,131300,0.0004182377
0,131310,0.00041817717
0,131320,0.00041811663
0,131330,0.00041805612
0,131340,0.00041799562
0,131350,0.0004179351
0,131360,0.00041787463
0,131370,0.00041781412
0,131380,0.00041775365
0,131390,0.0004176932
0,131400,0.00041763275
0,131410,0.0004175723
0,131420,0.00041751185
0,131430,0.00041745143
0,131440,0.000417391
0,131450,0.0004173306
0,131460,0.00041727017
0,131470,0.00041720978
0,131480,0.0004171494
0,131490,0.00041708903
0,131500,0.00041702867
0,131510,0.0004169683
0,131520,0.00041690795
0,131530,0.00041684762
0,131540,0.00041678728
0,131550,0.00041672695
0,131560,0.00041666662
0,131570,0.00041660632
0,131580,0.00041654604
0,131590,0.00041648574
0,131600,0.00041642546
0,131610,0.0004163652
0,131620,0.00041630492
0,131630,0.00041624467
0,131640,0.00041618443
0,131650,0.00041612418
0,131660,0.00041606397
0,131670,0.00041600375
0,131680,0.00041594353
0,131690,0.00041588332
0,131700,0.00041582313
0,131710,0.00041576294
0,131720,0.00041570276
0,131730,0.0004156426
0,131740,0.00041558244
0,131750,0.00041552229
0,131760,0.00041546216
0,131770,0.00041540203
0,131780,0.0004153419
0,131790,0.00041528177
0,131800,0.00041522167
0,131810,0.00041516157
0,131820,0.0004151015
0,131830,0.0004150414
0,131840,0.00041498133
0,131850,0.0004149213
0,131860,0.00041486122
0,131870,0.00041480118
0,131880,0.00041474114
0,131890,0.00041468113
0,131900,0.0004146211
0,131910,0.0004145611
0,131920,0.0004145011
0,131930,0.0004144411
0,131940,0.00041438112
0,131950,0.00041432114
0,131960,0.0004142612
0,131970,0.0004142012
0,131980,0.00041414128
0,131990,0.00041408133
0,132000,0.0004140214
0,132010,0.00041396148
0,132020,0.00041390155
0,132030,0.00041384166
0,132040,0.00041378176
0,132050,0.00041372186
0,132060,0.000413662
0,132070,0.00041360213
0,132080,0.00041354226
0,132090,0.0004134824
0,132100,0.00041342256
0,132110,0.00041336272
0,132120,0.0004133029
0,132130,0.00041324308
0,132140,0.00041318327
0,132150,0.00041312346
0,132160,0.00041306368
0,132170,0.0004130039
0,132180,0.00041294412
0,132190,0.00041288434
0,132200,0.0004128246
0,132210,0.00041276484
0,132220,0.00041270512
0,132230,0.00041264537
0,132240,0.00041258565
0,132250,0.00041252593
0,132260,0.00041246624
0,132270,0.00041240655
0,132280,0.00041234685
0,132290,0.00041228716
0,132300,0.0004122275
0,132310,0.00041216784
0,132320,0.0004121082
0,132330,0.00041204854
0,132340,0.0004119889
0,132350,0.00041192927
0,132360,0.00041186967
0,132370,0.00041181006
0,132380,0.00041175046
0,132390,0.00041169085
0,132400,0.00041163128
0,132410,0.0004115717
0,132420,0.00041151213
0,132430,0.00041145258
0,132440,0.00041139303
0,132450,0.0004113335
0,132460,0.00041127397
0,132470,0.00041121442
0,132480,0.0004111549
0,132490,0.00041109542
0,132500,0.00041103593
0,132510,0.0004109764
0,132520,0.00041091695
0,132530,0.00041085746
0,132540,0.000410798
0,132550,0.00041073855
0,132560,0.00041067912
0,132570,0.0004106197
0,132580,0.00041056026
0,132590,0.00041050083
0,132600,0.00041044143
0,132610,0.00041038202
0,132620,0.00041032262
0,132630,0.00041026325
0,132640,0.00041020385
0,132650,0.0004101445
0,132660,0.00041008514
0,132670,0.0004100258
0,132680,0.00040996645
0,132690,0.0004099071
0,132700,0.0004098478
0,132710,0.00040978848
0,132720,0.00040972917
0,132730,0.00040966985
0,132740,0.00040961057
0,132750,0.00040955128
0,132760,0.00040949203
0,132770,0.00040943275
0,132780,0.0004093735
0,132790,0.00040931426
0,132800,0.000409255
0,132810,0.00040919578
0,132820,0.00040913656
0,132830,0.00040907736
0,132840,0.00040901816
0,132850,0.00040895896
0,132860,0.00040889977
0,132870,0.0004088406
0,132880,0.00040878143
0,132890,0.00040872226
0,132900,0.0004086631
0,132910,0.00040860396
0,132920,0.00040854482
0,132930,0.0004084857
0,132940,0.0004084266
0,132950,0.0004083675
0,132960,0.00040830838
0,132970,0.0004082493
0,132980,0.0004081902
0,132990,0.00040813113
0,133000,0.00040807205
0,133010,0.000408013
0,133020,0.00040795395
0,133030,0.0004078949
0,133040,0.00040783588
0,133050,0.00040777685
0,133060,0.00040771783
0,133070,0.00040765884
0,133080,0.00040759984
0,133090,0.00040754085
0,133100,0.00040748186
0,133110,0.0004074229
0,133120,0.00040736393
0,133130,0.00040730496
0,133140,0.00040724603
0,133150,0.0004071871
0,133160,0.00040712816
0,133170,0.00040706925
0,133180,0.00040701035
0,133190,0.00040695144
0,133200,0.00040689253
0,133210,0.00040683366
0,133220,0.00040677478
0,133230,0.0004067159
0,133240,0.00040665703
0,133250,0.00040659818
0,133260,0.00040653936
0,133270,0.0004064805
0,133280,0.0004064217
0,133290,0.00040636287
0,133300,0.00040630405
0,133310,0.00040624526
0,133320,0.00040618647
0,133330,0.00040612768
0,133340,0.0004060689
0,133350,0.00040601013
0,133360,0.00040595137
0,133370,0.00040589264
0,133380,0.00040583388
0,133390,0.00040577515
0,133400,0.00040571645
0,133410,0.00040565772
0,133420,0.000405599
0,133430,0.0004055403
0,133440,0.00040548164
0,133450,0.00040542294
0,133460,0.00040536426
0,133470,0.00040530562
0,133480,0.00040524694
0,133490,0.0004051883
0,133500,0.00040512966
0,133510,0.00040507104
0,133520,0.00040501243
0,133530,0.0004049538
0,133540,0.0004048952
0,133550,0.0004048366
0,133560,0.00040477802
0,133570,0.00040471944
0,133580,0.00040466085
0,133590,0.0004046023
0,133600,0.00040454374
0,133610,0.0004044852
0,133620,0.00040442668
0,133630,0.00040436815
0,133640,0.00040430963
0,133650,0.0004042511
0,133660,0.0004041926
0,133670,0.0004041341
0,133680,0.00040407563
0,133690,0.00040401716
0,133700,0.0004039587
0,133710,0.00040390022
0,133720,0.00040384178
0,133730,0.00040378334
0,133740,0.0004037249
0,133750,0.00040366646
0,133760,0.00040360805
0,133770,0.00040354964
0,133780,0.00040349126
0,133790,0.00040343284
0,133800,0.00040337446
0,133810,0.0004033161
0,133820,0.00040325773
0,133830,0.00040319937
0,133840,0.00040314102
0,133850,0.00040308267
0,133860,0.00040302434
0,133870,0.00040296602
0,133880,0.0004029077
0,133890,0.0004028494
0,133900,0.0004027911
0,133910,0.0004027328
0,133920,0.00040267454
0,133930,0.00040261625
0,133940,0.00040255798
0,133950,0.00040249975
0,133960,0.00040244148
0,133970,0.00040238324
0,133980,0.000402325
0,133990,0.0004022668
0,134000,0.0004022086
0,134010,0.00040215038
0,134020,0.00040209218
0,134030,0.000402034
0,134040,0.00040197582
0,134050,0.00040191764
0,134060,0.0004018595
0,134070,0.0004018013
0,134080,0.0004017432
0,134090,0.00040168504
0,134100,0.00040162692
0,134110,0.0004015688
0,134120,0.00040151068
0,134130,0.00040145256
0,134140,0.00040139447
0,134150,0.00040133638
0,134160,0.00040127832
0,134170,0.00040122026
0,134180,0.0004011622
0,134190,0.00040110413
0,134200,0.0004010461
0,134210,0.00040098804
0,134220,0.00040093003
0,134230,0.000400872
0,134240,0.000400814
0,134250,0.000400756
0,134260,0.000400698
0,134270,0.00040064
0,134280,0.00040058204
0,134290,0.00040052406
0,134300,0.0004004661
0,134310,0.00040040814
0,134320,0.0004003502
0,134330,0.00040029228
0,134340,0.00040023433
0,134350,0.00040017642
0,134360,0.00040011853
0,134370,0.0004000606
0,134380,0.00040000273
0,134390,0.00039994484
0,134400,0.00039988695
0,134410,0.0003998291
0,134420,0.00039977123
0,134430,0.00039971338
0,134440,0.00039965555
0,134450,0.00039959772
0,134460,0.0003995399
0,134470,0.00039948206
0,134480,0.00039942426
0,134490,0.00039936646
0,134500,0.00039930866
0,134510,0.0003992509
0,134520,0.00039919312
0,134530,0.00039913534
0,134540,0.00039907757
0,134550,0.00039901983
0,134560,0.0003989621
0,134570,0.00039890435
0,134580,0.00039884663
0,134590,0.00039878892
0,134600,0.0003987312
0,134610,0.0003986735
0,134620,0.0003986158
0,134630,0.00039855813
0,134640,0.00039850044
0,134650,0.0003984428
0,134660,0.00039838513
0,134670,0.00039832748
0,134680,0.00039826983
0,134690,0.0003982122
0,134700,0.00039815457
0,134710,0.00039809698
0,134720,0.00039803935
0,134730,0.00039798176
0,134740,0.00039792416
0,134750,0.0003978666
0,134760,0.00039780902
0,134770,0.00039775146
0,134780,0.0003976939
0,134790,0.00039763635
0,134800,0.00039757878
0,134810,0.00039752127
0,134820,0.00039746374
0,134830,0.00039740623
0,134840,0.00039734872
0,134850,0.0003972912
0,134860,0.00039723373
0,134870,0.00039717625
0,134880,0.00039711877
0,134890,0.00039706132
0,134900,0.00039700384
0,134910,0.00039694642
0,134920,0.00039688897
0,134930,0.00039683154
0,134940,0.0003967741
0,134950,0.0003967167
0,134960,0.00039665928
0,134970,0.00039660188
0,134980,0.0003965445
0,134990,0.0003964871
0,135000,0.00039642974
0,135010,0.00039637237
0,135020,0.000396315
0,135030,0.00039625767
0,135040,0.00039620034
0,135050,0.000396143
0,135060,0.00039608567
0,135070,0.00039602836
0,135080,0.00039597106
0,135090,0.00039591375
0,135100,0.00039585645
0,135110,0.00039579917
0,135120,0.0003957419
0,135130,0.00039568465
0,135140,0.00039562737
0,135150,0.00039557012
0,135160,0.0003955129
0,135170,0.00039545566
0,135180,0.00039539844
0,135190,0.00039534122
0,135200,0.000395284
0,135210,0.00039522682
0,135220,0.00039516963
0,135230,0.00039511244
0,135240,0.00039505528
0,135250,0.00039499812
0,135260,0.00039494096
0,135270,0.0003948838
0,135280,0.00039482667
0,135290,0.00039476954
0,135300,0.0003947124
0,135310,0.00039465528
0,135320,0.00039459817
0,135330,0.00039454107
0,135340,0.000394484
0,135350,0.0003944269
0,135360,0.00039436982
0,135370,0.00039431278
0,135380,0.0003942557
0,135390,0.00039419867
0,135400,0.00039414162
0,135410,0.00039408458
0,135420,0.00039402756
0,135430,0.00039397055
0,135440,0.00039391353
0,135450,0.00039385655
0,135460,0.00039379956
0,135470,0.00039374258
0,135480,0.0003936856
0,135490,0.00039362864
0,135500,0.00039357168
0,135510,0.00039351473
0,135520,0.00039345777
0,135530,0.00039340084
0,135540,0.00039334391
0,135550,0.000393287
0,135560,0.0003932301
0,135570,0.0003931732
0,135580,0.0003931163
0,135590,0.00039305942
0,135600,0.00039300256
0,135610,0.0003929457
0,135620,0.00039288882
0,135630,0.00039283198
0,135640,0.00039277514
0,135650,0.0003927183
0,135660,0.00039266146
0,135670,0.00039260465
0,135680,0.00039254784
0,135690,0.00039249103
0,135700,0.00039243425
0,135710,0.00039237746
0,135720,0.00039232068
0,135730,0.00039226393
0,135740,0.00039220715
0,135750,0.0003921504
0,135760,0.00039209367
0,135770,0.00039203692
0,135780,0.0003919802
0,135790,0.00039192347
0,135800,0.00039186678
0,135810,0.00039181006
0,135820,0.00039175336
0,135830,0.0003916967
0,135840,0.00039164
0,135850,0.00039158334
0,135860,0.00039152667
0,135870,0.00039147004
0,135880,0.0003914134
0,135890,0.00039135676
0,135900,0.00039130013
0,135910,0.0003912435
0,135920,0.00039118688
0,135930,0.00039113028
0,135940,0.0003910737
0,135950,0.0003910171
0,135960,0.00039096051
0,135970,0.00039090397
0,135980,0.0003908474
0,135990,0.00039079084
0,136000,0.0003907343
0,136010,0.00039067777
0,136020,0.00039062122
0,136030,0.0003905647
0,136040,0.00039050818
0,136050,0.0003904517
0,136060,0.0003903952
0,136070,0.0003903387
0,136080,0.00039028222
0,136090,0.00039022576
0,136100,0.0003901693
0,136110,0.00039011284
0,136120,0.0003900564
0,136130,0.00038999994
0,136140,0.0003899435
0,136150,0.0003898871
0,136160,0.00038983067
0,136170,0.00038977427
0,136180,0.00038971787
0,136190,0.0003896615
0,136200,0.00038960512
0,136210,0.00038954875
0,136220,0.00038949237
0,136230,0.00038943603
0,136240,0.00038937965
0,136250,0.00038932334
0,136260,0.000389267
0,136270,0.00038921068
0,136280,0.00038915436
0,136290,0.00038909804
0,136300,0.00038904176
0,136310,0.00038898544
0,136320,0.00038892918
0,136330,0.0003888729
0,136340,0.00038881664
0,136350,0.00038876038
0,136360,0.00038870412
0,136370,0.00038864787
0,136380,0.00038859164
0,136390,0.0003885354
0,136400,0.0003884792
0,136410,0.00038842298
0,136420,0.00038836678
0,136430,0.0003883106
0,136440,0.0003882544
0,136450,0.00038819824
0,136460,0.00038814207
0,136470,0.0003880859
0,136480,0.00038802976
0,136490,0.00038797362
0,136500,0.00038791748
0,136510,0.00038786134
0,136520,0.00038780522
0,136530,0.0003877491
0,136540,0.000387693
0,136550,0.00038763692
0,136560,0.00038758083
0,136570,0.00038752475
0,136580,0.00038746867
0,136590,0.0003874126
0,136600,0.00038735656
0,136610,0.0003873005
0,136620,0.00038724448
0,136630,0.00038718845
0,136640,0.00038713243
0,136650,0.0003870764
0,136660,0.0003870204
0,136670,0.0003869644
0,136680,0.00038690842
0,136690,0.00038685245
0,136700,0.00038679646
0,136710,0.0003867405
0,136720,0.00038668455
0,136730,0.00038662858
0,136740,0.00038657265
0,136750,0.0003865167
0,136760,0.0003864608
0,136770,0.0003864049
0,136780,0.00038634898
0,136790,0.00038629308
0,136800,0.0003862372
0,136810,0.0003861813
0,136820,0.00038612544
0,136830,0.00038606956
0,136840,0.0003860137
0,136850,0.00038595786
0,136860,0.000385902
0,136870,0.00038584616
0,136880,0.00038579034
0,136890,0.00038573451
0,136900,0.00038567872
0,136910,0.0003856229
0,136920,0.0003855671
0,136930,0.00038551132
0,136940,0.00038545555
0,136950,0.0003853998
0,136960,0.00038534403
0,136970,0.00038528827
0,136980,0.00038523253
0,136990,0.00038517677
0,137000,0.00038512106
0,137010,0.00038506533
0,137020,0.00038500963
0,137030,0.00038495392
0,137040,0.00038489822
0,137050,0.00038484254
0,137060,0.00038478684
0,137070,0.00038473116
0,137080,0.0003846755
0,137090,0.00038461987
0,137100,0.0003845642
0,137110,0.00038450857
0,137120,0.00038445293
0,137130,0.0003843973
0,137140,0.0003843417
0,137150,0.00038428608
0,137160,0.0003842305
0,137170,0.0003841749
0,137180,0.0003841193
0,137190,0.00038406372
0,137200,0.00038400816
0,137210,0.0003839526
0,137220,0.00038389704
0,137230,0.0003838415
0,137240,0.00038378598
0,137250,0.00038373045
0,137260,0.00038367492
0,137270,0.00038361942
0,137280,0.00038356392
0,137290,0.00038350842
0,137300,0.00038345292
0,137310,0.00038339745
0,137320,0.00038334198
0,137330,0.00038328653
0,137340,0.00038323106
0,137350,0.00038317562
0,137360,0.00038312018
0,137370,0.00038306476
0,137380,0.00038300932
0,137390,0.0003829539
0,137400,0.0003828985
0,137410,0.0003828431
0,137420,0.00038278772
0,137430,0.00038273234
0,137440,0.00038267695
0,137450,0.0003826216
0,137460,0.00038256624
0,137470,0.0003825109
0,137480,0.00038245553
0,137490,0.0003824002
0,137500,0.00038234488
0,137510,0.00038228955
0,137520,0.00038223426
0,137530,0.00038217896
0,137540,0.00038212366
0,137550,0.00038206836
0,137560,0.0003820131
0,137570,0.00038195783
0,137580,0.00038190256
0,137590,0.00038184732
0,137600,0.00038179208
0,137610,0.00038173684
0,137620,0.0003816816
0,137630,0.0003816264
0,137640,0.00038157115
0,137650,0.00038151597
0,137660,0.00038146076
0,137670,0.00038140558
0,137680,0.0003813504
0,137690,0.00038129522
0,137700,0.00038124007
0,137710,0.0003811849
0,137720,0.00038112974
0,137730,0.0003810746
0,137740,0.00038101946
0,137750,0.00038096434
0,137760,0.00038090924
0,137770,0.00038085412
0,137780,0.00038079903
0,137790,0.00038074394
0,137800,0.00038068884
0,137810,0.00038063378
0,137820,0.00038057868
0,137830,0.00038052365
0,137840,0.00038046858
0,137850,0.00038041355
0,137860,0.0003803585
0,137870,0.00038030348
0,137880,0.00038024844
0,137890,0.00038019344
0,137900,0.00038013843
0,137910,0.00038008342
0,137920,0.00038002845
0,137930,0.00037997347
0,137940,0.0003799185
0,137950,0.00037986352
0,137960,0.00037980857
0,137970,0.00037975362
0,137980,0.00037969867
0,137990,0.00037964375
0,138000,0.00037958883
0,138010,0.0003795339
0,138020,0.000379479
0,138030,0.0003794241
0,138040,0.0003793692
0,138050,0.00037931433
0,138060,0.00037925944
0,138070,0.00037920458
0,138080,0.00037914971
0,138090,0.00037909485
0,138100,0.00037904002
0,138110,0.00037898516
0,138120,0.00037893033
0,138130,0.00037887553
0,138140,0.0003788207
0,138150,0.0003787659
0,138160,0.0003787111
0,138170,0.00037865632
0,138180,0.00037860154
0,138190,0.00037854677
0,138200,0.000378492
0,138210,0.00037843722
0,138220,0.00037838248
0,138230,0.00037832774
0,138240,0.00037827302
0,138250,0.00037821828
0,138260,0.00037816356
0,138270,0.00037810885
0,138280,0.00037805416
0,138290,0.00037799947
0,138300,0.0003779448
0,138310,0.0003778901
0,138320,0.00037783541
0,138330,0.00037778076
0,138340,0.0003777261
0,138350,0.00037767147
0,138360,0.00037761682
0,138370,0.0003775622
0,138380,0.00037750756
0,138390,0.00037745296
0,138400,0.00037739836
0,138410,0.00037734376
0,138420,0.00037728917
0,138430,0.00037723457
0,138440,0.00037718
0,138450,0.00037712543
0,138460,0.0003770709
0,138470,0.00037701632
0,138480,0.00037696178
0,138490,0.00037690724
0,138500,0.00037685272
0,138510,0.0003767982
0,138520,0.0003767437
0,138530,0.0003766892
0,138540,0.00037663468
0,138550,0.0003765802
0,138560,0.0003765257
0,138570,0.00037647126
0,138580,0.00037641678
0,138590,0.00037636232
0,138600,0.00037630787
0,138610,0.00037625345
0,138620,0.000376199
0,138630,0.00037614457
0,138640,0.00037609017
0,138650,0.00037603575
0,138660,0.00037598136
0,138670,0.00037592696
0,138680,0.0003758726
0,138690,0.0003758182
0,138700,0.00037576383
0,138710,0.00037570947
0,138720,0.00037565513
0,138730,0.00037560076
0,138740,0.00037554643
0,138750,0.00037549212
0,138760,0.00037543778
0,138770,0.00037538348
0,138780,0.00037532917
0,138790,0.00037527486
0,138800,0.00037522058
0,138810,0.0003751663
0,138820,0.00037511202
0,138830,0.00037505775
0,138840,0.0003750035
0,138850,0.00037494925
0,138860,0.000374895
0,138870,0.00037484078
0,138880,0.00037478653
0,138890,0.00037473234
0,138900,0.00037467811
0,138910,0.0003746239
0,138920,0.0003745697
0,138930,0.0003745155
0,138940,0.00037446135
0,138950,0.00037440716
0,138960,0.000374353
0,138970,0.00037429886
0,138980,0.0003742447
0,138990,0.00037419057
0,139000,0.00037413643
0,139010,0.0003740823
0,139020,0.0003740282
0,139030,0.0003739741
0,139040,0.00037392
0,139050,0.00037386589
0,139060,0.0003738118
0,139070,0.00037375774
0,139080,0.00037370366
0,139090,0.0003736496
0,139100,0.00037359554
0,139110,0.0003735415
0,139120,0.00037348745
0,139130,0.00037343343
0,139140,0.00037337941
0,139150,0.0003733254
0,139160,0.00037327138
0,139170,0.0003732174
0,139180,0.00037316338
0,139190,0.00037310942
0,139200,0.00037305543
0,139210,0.00037300147
0,139220,0.0003729475
0,139230,0.00037289356
0,139240,0.0003728396
0,139250,0.00037278567
0,139260,0.00037273174
0,139270,0.00037267784
0,139280,0.0003726239
0,139290,0.00037257
0,139300,0.0003725161
0,139310,0.0003724622
0,139320,0.00037240834
0,139330,0.00037235447
0,139340,0.0003723006
0,139350,0.00037224675
0,139360,0.00037219288
0,139370,0.00037213904
0,139380,0.00037208523
0,139390,0.00037203138
0,139400,0.00037197757
0,139410,0.00037192376
0,139420,0.00037186994
0,139430,0.00037181616
0,139440,0.00037176238
0,139450,0.0003717086
0,139460,0.00037165484
0,139470,0.00037160105
0,139480,0.0003715473
0,139490,0.00037149354
0,139500,0.00037143982
0,139510,0.0003713861
0,139520,0.00037133237
0,139530,0.00037127864
0,139540,0.00037122495
0,139550,0.00037117122
0,139560,0.00037111752
0,139570,0.00037106386
0,139580,0.0003710102
0,139590,0.0003709565
0,139600,0.00037090285
0,139610,0.0003708492
0,139620,0.00037079555
0,139630,0.0003707419
0,139640,0.00037068827
0,139650,0.00037063463
0,139660,0.00037058102
0,139670,0.0003705274
0,139680,0.00037047383
0,139690,0.00037042022
0,139700,0.00037036664
0,139710,0.00037031306
0,139720,0.0003702595
0,139730,0.00037020593
0,139740,0.00037015238
0,139750,0.00037009883
0,139760,0.0003700453
0,139770,0.0003699918
0,139780,0.00036993827
0,139790,0.00036988474
0,139800,0.00036983122
0,139810,0.00036977773
0,139820,0.00036972424
0,139830,0.00036967074
0,139840,0.00036961728
0,139850,0.00036956382
0,139860,0.00036951035
0,139870,0.0003694569
0,139880,0.00036940345
0,139890,0.00036935002
0,139900,0.00036929658
0,139910,0.00036924318
0,139920,0.00036918974
0,139930,0.00036913634
0,139940,0.00036908296
0,139950,0.00036902956
0,139960,0.00036897618
0,139970,0.0003689228
0,139980,0.00036886943
0,139990,0.00036881608
0,140000,0.00036876273
0,140010,0.00036870938
0,140020,0.00036865604
0,140030,0.00036860272
0,140040,0.0003685494
0,140050,0.00036849608
0,140060,0.0003684428
0,140070,0.00036838948
0,140080,0.0003683362
0,140090,0.00036828293
0,140100,0.00036822964
0,140110,0.00036817638
0,140120,0.00036812312
0,140130,0.00036806986
0,140140,0.00036801663
0,140150,0.0003679634
0,140160,0.00036791016
0,140170,0.00036785693
0,140180,0.00036780373
0,140190,0.00036775053
0,140200,0.00036769733
0,140210,0.00036764416
0,140220,0.00036759095
0,140230,0.00036753778
0,140240,0.00036748464
0,140250,0.00036743146
0,140260,0.00036737832
0,140270,0.00036732518
0,140280,0.00036727203
0,140290,0.00036721892
0,140300,0.0003671658
0,140310,0.0003671127
0,140320,0.00036705958
0,140330,0.0003670065
0,140340,0.0003669534
0,140350,0.00036690032
0,140360,0.00036684723
0,140370,0.00036679418
0,140380,0.00036674112
0,140390,0.00036668807
0,140400,0.00036663504
0,140410,0.00036658198
0,140420,0.00036652896
0,140430,0.00036647596
0,140440,0.00036642293
0,140450,0.00036636993
0,140460,0.00036631693
0,140470,0.00036626394
0,140480,0.00036621097
0,140490,0.000366158
0,140500,0.00036610503
0,140510,0.0003660521
0,140520,0.00036599912
0,140530,0.00036594618
0,140540,0.00036589324
0,140550,0.00036584033
0,140560,0.00036578742
0,140570,0.0003657345
0,140580,0.0003656816
0,140590,0.0003656287
0,140600,0.0003655758
0,140610,0.00036552292
0,140620,0.00036547004
0,140630,0.0003654172
0,140640,0.00036536434
0,140650,0.00036531148
0,140660,0.00036525863
0,140670,0.0003652058
0,140680,0.00036515298
0,140690,0.00036510016
0,140700,0.00036504734
0,140710,0.00036499454
0,140720,0.00036494175
0,140730,0.00036488895
0,140740,0.0003648362
0,140750,0.00036478342
0,140760,0.00036473066
0,140770,0.0003646779
0,140780,0.00036462513
0,140790,0.0003645724
0,140800,0.00036451966
0,140810,0.00036446695
0,140820,0.0003644142
0,140830,0.0003643615
0,140840,0.0003643088
0,140850,0.0003642561
0,140860,0.0003642034
0,140870,0.00036415074
0,140880,0.00036409806
0,140890,0.0003640454
0,140900,0.00036399273
0,140910,0.00036394008
0,140920,0.00036388743
0,140930,0.0003638348
0,140940,0.0003637822
0,140950,0.00036372957
0,140960,0.00036367695
0,140970,0.00036362433
0,140980,0.00036357174
0,140990,0.00036351915
0,141000,0.0003634666
0,141010,0.000363414
0,141020,0.00036336144
0,141030,0.00036330888
0,141040,0.00036325635
0,141050,0.00036320378
0,141060,0.00036315125
0,141070,0.00036309872
0,141080,0.00036304622
0,141090,0.00036299368
0,141100,0.00036294118
0,141110,0.00036288868
0,141120,0.0003628362
0,141130,0.00036278373
0,141140,0.00036273125
0,141150,0.00036267878
0,141160,0.0003626263
0,141170,0.00036257386
0,141180,0.00036252142
0,141190,0.000362469
0,141200,0.00036241655
0,141210,0.00036236414
0,141220,0.00036231172
0,141230,0.0003622593
0,141240,0.00036220692
0,141250,0.00036215453
0,141260,0.00036210215
0,141270,0.00036204976
0,141280,0.0003619974
0,141290,0.00036194504
0,141300,0.0003618927
0,141310,0.00036184036
0,141320,0.000361788
0,141330,0.00036173567
0,141340,0.00036168337
0,141350,0.00036163104
0,141360,0.00036157874
0,141370,0.00036152644
0,141380,0.00036147414
0,141390,0.00036142187
0,141400,0.00036136957
0,141410,0.0003613173
0,141420,0.00036126506
0,141430,0.0003612128
0,141440,0.00036116055
0,141450,0.0003611083
0,141460,0.0003610561
0,141470,0.00036100385
0,141480,0.00036095164
0,141490,0.00036089943
0,141500,0.00036084725
0,141510,0.00036079503
0,141520,0.00036074285
0,141530,0.00036069067
0,141540,0.0003606385
0,141550,0.00036058636
0,141560,0.0003605342
0,141570,0.00036048205
0,141580,0.0003604299
0,141590,0.00036037777
0,141600,0.00036032565
0,141610,0.00036027352
0,141620,0.00036022143
0,141630,0.00036016933
0,141640,0.00036011724
0,141650,0.00036006514
0,141660,0.00036001307
0,141670,0.00035996098
0,141680,0.00035990894
0,141690,0.00035985687
0,141700,0.00035980484
0,141710,0.00035975277
0,141720,0.00035970076
0,141730,0.00035964872
0,141740,0.0003595967
0,141750,0.00035954468
0,141760,0.0003594927
0,141770,0.0003594407
0,141780,0.0003593887
0,141790,0.00035933673
0,141800,0.00035928475
0,141810,0.00035923277
0,141820,0.00035918082
0,141830,0.00035912887
0,141840,0.00035907692
0,141850,0.000359025
0,141860,0.00035897308
0,141870,0.00035892116
0,141880,0.00035886923
0,141890,0.0003588173
0,141900,0.00035876542
0,141910,0.00035871353
0,141920,0.00035866167
0,141930,0.00035860977
0,141940,0.0003585579
0,141950,0.00035850605
0,141960,0.0003584542
0,141970,0.00035840235
0,141980,0.00035835052
0,141990,0.00035829868
0,142000,0.00035824688
0,142010,0.00035819504
0,142020,0.00035814324
0,142030,0.00035809143
0,142040,0.00035803966
0,142050,0.00035798785
0,142060,0.00035793608
0,142070,0.00035788433
0,142080,0.00035783256
0,142090,0.0003577808
0,142100,0.00035772906
0,142110,0.00035767732
0,142120,0.00035762557
0,142130,0.00035757385
0,142140,0.00035752213
0,142150,0.00035747045
0,142160,0.00035741873
0,142170,0.00035736704
0,142180,0.00035731535
0,142190,0.00035726366
0,142200,0.000357212
0,142210,0.00035716034
0,142220,0.00035710869
0,142230,0.00035705703
0,142240,0.0003570054
0,142250,0.00035695374
0,142260,0.00035690214
0,142270,0.0003568505
0,142280,0.0003567989
0,142290,0.00035674727
0,142300,0.0003566957
0,142310,0.0003566441
0,142320,0.00035659253
0,142330,0.00035654096
0,142340,0.00035648939
0,142350,0.0003564378
0,142360,0.00035638627
0,142370,0.00035633473
0,142380,0.00035628318
0,142390,0.00035623164
0,142400,0.00035618013
0,142410,0.0003561286
0,142420,0.0003560771
0,142430,0.00035602562
0,142440,0.00035597413
0,142450,0.00035592265
0,142460,0.00035587116
0,142470,0.00035581968
0,142480,0.00035576822
0,142490,0.00035571677
0,142500,0.0003556653
0,142510,0.00035561388
0,142520,0.00035556246
0,142530,0.00035551103
0,142540,0.0003554596
0,142550,0.0003554082
0,142560,0.0003553568
0,142570,0.0003553054
0,142580,0.00035525401
0,142590,0.00035520265
0,142600,0.00035515128
0,142610,0.0003550999
0,142620,0.00035504854
0,142630,0.0003549972
0,142640,0.00035494583
0,142650,0.00035489452
0,142660,0.00035484319
0,142670,0.00035479187
0,142680,0.00035474056
0,142690,0.00035468925
0,142700,0.00035463794
0,142710,0.00035458666
0,142720,0.00035453538
0,142730,0.0003544841
0,142740,0.00035443282
0,142750,0.00035438157
0,142760,0.00035433032
0,142770,0.00035427907
0,142780,0.00035422784
0,142790,0.0003541766
0,142800,0.00035412537
0,142810,0.00035407417
0,142820,0.00035402295
0,142830,0.00035397176
0,142840,0.00035392056
0,142850,0.00035386937
0,142860,0.0003538182
0,142870,0.00035376704
0,142880,0.00035371588
0,142890,0.0003536647
0,142900,0.00035361355
0,142910,0.0003535624
0,142920,0.00035351128
0,142930,0.00035346017
0,142940,0.00035340904
0,142950,0.00035335793
0,142960,0.00035330682
0,142970,0.00035325572
0,142980,0.00035320464
0,142990,0.00035315356
0,143000,0.00035310248
0,143010,0.0003530514
0,143020,0.00035300036
0,143030,0.0003529493
0,143040,0.00035289826
0,143050,0.00035284722
0,143060,0.0003527962
0,143070,0.00035274518
0,143080,0.00035269416
0,143090,0.00035264314
0,143100,0.00035259215
0,143110,0.00035254116
0,143120,0.00035249017
0,143130,0.00035243918
0,143140,0.00035238822
0,143150,0.00035233726
0,143160,0.0003522863
0,143170,0.00035223534
0,143180,0.0003521844
0,143190,0.00035213347
0,143200,0.00035208254
0,143210,0.00035203164
0,143220,0.0003519807
0,143230,0.0003519298
0,143240,0.0003518789
0,143250,0.00035182803
0,143260,0.00035177715
0,143270,0.00035172628
0,143280,0.0003516754
0,143290,0.00035162453
0,143300,0.0003515737
0,143310,0.00035152285
0,143320,0.000351472
0,143330,0.0003514212
0,143340,0.00035137034
0,143350,0.00035131953
0,143360,0.00035126874
0,143370,0.00035121792
0,143380,0.00035116714
0,143390,0.00035111635
0,143400,0.00035106557
0,143410,0.0003510148
0,143420,0.00035096402
0,143430,0.0003509133
0,143440,0.00035086254
0,143450,0.00035081178
0,143460,0.00035076105
0,143470,0.00035071032
0,143480,0.0003506596
0,143490,0.0003506089
0,143500,0.0003505582
0,143510,0.0003505075
0,143520,0.0003504568
0,143530,0.00035040613
0,143540,0.00035035546
0,143550,0.0003503048
0,143560,0.00035025412
0,143570,0.00035020345
0,143580,0.0003501528
0,143590,0.00035010217
0,143600,0.00035005156
0,143610,0.00035000092
0,143620,0.0003499503
0,143630,0.0003498997
0,143640,0.0003498491
0,143650,0.0003497985
0,143660,0.00034974792
0,143670,0.00034969734
0,143680,0.00034964675
0,143690,0.0003495962
0,143700,0.00034954565
0,143710,0.0003494951
0,143720,0.00034944454
0,143730,0.00034939402
0,143740,0.0003493435
0,143750,0.00034929297
0,143760,0.00034924244
0,143770,0.00034919195
0,143780,0.00034914145
0,143790,0.00034909096
0,143800,0.00034904046
0,143810,0.00034899
0,143820,0.00034893953
0,143830,0.00034888907
0,143840,0.0003488386
0,143850,0.00034878816
0,143860,0.00034873773
0,143870,0.0003486873
0,143880,0.00034863688
0,143890,0.00034858644
0,143900,0.00034853604
0,143910,0.00034848563
0,143920,0.00034843525
0,143930,0.00034838484
0,143940,0.00034833446
0,143950,0.00034828408
0,143960,0.00034823373
0,143970,0.00034818336
0,143980,0.000348133
0,143990,0.00034808269
0,144000,0.00034803234
0,144010,0.00034798202
0,144020,0.0003479317
0,144030,0.00034788137
0,144040,0.00034783105
0,144050,0.00034778076
0,144060,0.00034773047
0,144070,0.00034768018
0,144080,0.0003476299
0,144090,0.00034757963
0,144100,0.00034752936
0,144110,0.0003474791
0,144120,0.00034742887
0,144130,0.0003473786
0,144140,0.00034732837
0,144150,0.00034727814
0,144160,0.00034722793
0,144170,0.0003471777
0,144180,0.0003471275
0,144190,0.00034707732
0,144200,0.00034702712
0,144210,0.00034697694
0,144220,0.00034692677
0,144230,0.0003468766
0,144240,0.00034682642
0,144250,0.00034677627
0,144260,0.00034672613
0,144270,0.00034667598
0,144280,0.00034662586
0,144290,0.00034657572
0,144300,0.0003465256
0,144310,0.00034647548
0,144320,0.0003464254
0,144330,0.0003463753
0,144340,0.0003463252
0,144350,0.00034627513
0,144360,0.00034622505
0,144370,0.000346175
0,144380,0.00034612493
0,144390,0.00034607487
0,144400,0.0003460248
0,144410,0.00034597478
0,144420,0.00034592475
0,144430,0.00034587472
0,144440,0.00034582472
0,144450,0.0003457747
0,144460,0.0003457247
0,144470,0.0003456747
0,144480,0.00034562472
0,144490,0.00034557475
0,144500,0.00034552478
0,144510,0.0003454748
0,144520,0.00034542484
0,144530,0.0003453749
0,144540,0.00034532495
0,144550,0.000345275
0,144560,0.00034522507
0,144570,0.00034517515
0,144580,0.00034512524
0,144590,0.00034507533
0,144600,0.00034502544
0,144610,0.00034497553
0,144620,0.00034492565
0,144630,0.0003448758
0,144640,0.0003448259
0,144650,0.00034477605
0,144660,0.0003447262
0,144670,0.00034467634
0,144680,0.0003446265
0,144690,0.00034457666
0,144700,0.00034452684
0,144710,0.000344477
0,144720,0.0003444272
0,144730,0.0003443774
0,144740,0.0003443276
0,144750,0.0003442778
0,144760,0.00034422803
0,144770,0.00034417823
0,144780,0.00034412846
0,144790,0.0003440787
0,144800,0.00034402896
0,144810,0.0003439792
0,144820,0.00034392945
0,144830,0.0003438797
0,144840,0.00034383
0,144850,0.0003437803
0,144860,0.00034373056
0,144870,0.00034368088
0,144880,0.00034363117
0,144890,0.0003435815
0,144900,0.0003435318
0,144910,0.00034348213
0,144920,0.00034343245
0,144930,0.0003433828
0,144940,0.00034333314
0,144950,0.0003432835
0,144960,0.00034323384
0,144970,0.00034318422
0,144980,0.0003431346
0,144990,0.00034308498
0,145000,0.00034303535
0,145010,0.00034298576
0,145020,0.00034293617
0,145030,0.00034288657
0,145040,0.00034283698
0,145050,0.00034278742
0,145060,0.00034273785
0,145070,0.0003426883
0,145080,0.00034263873
0,145090,0.0003425892
0,145100,0.00034253966
0,145110,0.00034249012
0,145120,0.0003424406
0,145130,0.00034239108
0,145140,0.00034234155
0,145150,0.00034229207
0,145160,0.00034224257
0,145170,0.00034219306
0,145180,0.00034214358
0,145190,0.0003420941
0,145200,0.00034204466
0,145210,0.00034199518
0,145220,0.00034194574
0,145230,0.0003418963
0,145240,0.00034184684
0,145250,0.00034179742
0,145260,0.000341748
0,145270,0.0003416986
0,145280,0.00034164917
0,145290,0.00034159978
0,145300,0.0003415504
0,145310,0.000341501
0,145320,0.0003414516
0,145330,0.00034140222
0,145340,0.00034135286
0,145350,0.0003413035
0,145360,0.00034125414
0,145370,0.0003412048
0,145380,0.00034115548
0,145390,0.00034110615
0,145400,0.00034105682
0,145410,0.00034100752
0,145420,0.00034095818
0,145430,0.00034090888
0,145440,0.0003408596
0,145450,0.0003408103
0,145460,0.00034076103
0,145470,0.00034071176
0,145480,0.0003406625
0,145490,0.00034061322
0,145500,0.00034056397
0,145510,0.00034051473
0,145520,0.00034046549
0,145530,0.00034041627
0,145540,0.00034036706
0,145550,0.00034031784
0,145560,0.00034026863
0,145570,0.0003402194
0,145580,0.00034017023
0,145590,0.00034012104
0,145600,0.00034007186
0,145610,0.00034002267
0,145620,0.0003399735
0,145630,0.00033992436
0,145640,0.0003398752
0,145650,0.00033982607
0,145660,0.00033977692
0,145670,0.0003397278
0,145680,0.00033967866
0,145690,0.00033962957
0,145700,0.00033958044
0,145710,0.00033953134
0,145720,0.00033948224
0,145730,0.00033943317
0,145740,0.00033938407
0,145750,0.000339335
0,145760,0.00033928594
0,145770,0.0003392369
0,145780,0.00033918783
0,145790,0.0003391388
0,145800,0.00033908975
0,145810,0.0003390407
0,145820,0.0003389917
0,145830,0.0003389427
0,145840,0.00033889367
0,145850,0.00033884466
0,145860,0.00033879568
0,145870,0.0003387467
0,145880,0.00033869772
0,145890,0.00033864874
0,145900,0.00033859976
0,145910,0.0003385508
0,145920,0.00033850185
0,145930,0.0003384529
0,145940,0.00033840397
0,145950,0.00033835505
0,145960,0.00033830613
0,145970,0.0003382572
0,145980,0.00033820828
0,145990,0.00033815939
0,146000,0.0003381105
0,146010,0.0003380616
0,146020,0.00033801273
0,146030,0.00033796387
0,146040,0.000337915
0,146050,0.00033786613
0,146060,0.00033781727
0,146070,0.00033776843
0,146080,0.0003377196
0,146090,0.00033767076
0,146100,0.00033762192
0,146110,0.00033757312
0,146120,0.0003375243
0,146130,0.0003374755
0,146140,0.00033742673
0,146150,0.00033737792
0,146160,0.00033732914
0,146170,0.00033728036
0,146180,0.0003372316
0,146190,0.00033718284
0,146200,0.0003371341
0,146210,0.00033708534
0,146220,0.0003370366
0,146230,0.00033698787
0,146240,0.00033693915
0,146250,0.00033689043
0,146260,0.0003368417
0,146270,0.00033679302
0,146280,0.00033674433
0,146290,0.00033669564
0,146300,0.00033664695
0,146310,0.00033659826
0,146320,0.0003365496
0,146330,0.00033650093
0,146340,0.0003364523
0,146350,0.00033640364
0,146360,0.000336355
0,146370,0.00033630637
0,146380,0.00033625774
0,146390,0.0003362091
0,146400,0.0003361605
0,146410,0.0003361119
0,146420,0.0003360633
0,146430,0.00033601472
0,146440,0.00033596612
0,146450,0.00033591755
0,146460,0.000335869
0,146470,0.00033582043
0,146480,0.00033577188
0,146490,0.00033572334
0,146500,0.0003356748
0,146510,0.00033562625
0,146520,0.00033557773
0,146530,0.0003355292
0,146540,0.0003354807
0,146550,0.00033543218
0,146560,0.0003353837
0,146570,0.0003353352
0,146580,0.00033528672
0,146590,0.00033523823
0,146600,0.00033518975
0,146610,0.0003351413
0,146620,0.00033509283
0,146630,0.0003350444
0,146640,0.00033499594
0,146650,0.00033494752
0,146660,0.0003348991
0,146670,0.00033485066
0,146680,0.00033480226
0,146690,0.00033475383
0,146700,0.00033470543
0,146710,0.00033465706
0,146720,0.00033460866
0,146730,0.0003345603
0,146740,0.00033451192
0,146750,0.00033446355
0,146760,0.00033441518
0,146770,0.00033436684
0,146780,0.0003343185
0,146790,0.00033427015
0,146800,0.00033422184
0,146810,0.0003341735
0,146820,0.0003341252
0,146830,0.00033407687
0,146840,0.0003340286
0,146850,0.00033398028
0,146860,0.000333932
0,146870,0.0003338837
0,146880,0.00033383546
0,146890,0.00033378717
0,146900,0.00033373892
0,146910,0.00033369067
0,146920,0.0003336424
0,146930,0.0003335942
0,146940,0.00033354596
0,146950,0.00033349774
0,146960,0.0003334495
0,146970,0.0003334013
0,146980,0.0003333531
0,146990,0.0003333049
0,147000,0.0003332567
0,147010,0.00033320853
0,147020,0.00033316034
0,147030,0.00033311217
0,147040,0.00033306403
0,147050,0.00033301587
0,147060,0.00033296773
0,147070,0.0003329196
0,147080,0.00033287145
0,147090,0.0003328233
0,147100,0.0003327752
0,147110,0.0003327271
0,147120,0.000332679
0,147130,0.00033263088
0,147140,0.0003325828
0,147150,0.0003325347
0,147160,0.00033248664
0,147170,0.00033243856
0,147180,0.00033239048
0,147190,0.00033234243
0,147200,0.00033229438
0,147210,0.00033224636
0,147220,0.0003321983
0,147230,0.0003321503
0,147240,0.00033210227
0,147250,0.00033205425
0,147260,0.00033200622
0,147270,0.00033195823
0,147280,0.00033191024
0,147290,0.00033186225
0,147300,0.00033181428
0,147310,0.0003317663
0,147320,0.00033171833
0,147330,0.00033167037
0,147340,0.00033162243
0,147350,0.00033157447
0,147360,0.00033152653
0,147370,0.0003314786
0,147380,0.0003314307
0,147390,0.00033138276
0,147400,0.00033133486
0,147410,0.00033128695
0,147420,0.00033123908
0,147430,0.00033119117
0,147440,0.0003311433
0,147450,0.00033109542
0,147460,0.00033104754
0,147470,0.0003309997
0,147480,0.00033095182
0,147490,0.00033090397
0,147500,0.00033085616
0,147510,0.0003308083
0,147520,0.0003307605
0,147530,0.00033071268
0,147540,0.00033066486
0,147550,0.00033061704
0,147560,0.00033056925
0,147570,0.00033052146
0,147580,0.00033047367
0,147590,0.0003304259
0,147600,0.00033037813
0,147610,0.00033033037
0,147620,0.0003302826
0,147630,0.00033023485
0,147640,0.00033018712
0,147650,0.00033013936
0,147660,0.00033009163
0,147670,0.00033004393
0,147680,0.0003299962
0,147690,0.0003299485
0,147700,0.0003299008
0,147710,0.0003298531
0,147720,0.00032980542
0,147730,0.00032975772
0,147740,0.00032971005
0,147750,0.00032966238
0,147760,0.00032961473
0,147770,0.0003295671
0,147780,0.00032951942
0,147790,0.0003294718
0,147800,0.00032942416
0,147810,0.00032937655
0,147820,0.0003293289
0,147830,0.0003292813
0,147840,0.0003292337
0,147850,0.0003291861
0,147860,0.0003291385
0,147870,0.00032909092
0,147880,0.00032904334
0,147890,0.00032899578
0,147900,0.00032894823
0,147910,0.00032890067
0,147920,0.00032885312
0,147930,0.00032880556
0,147940,0.00032875803
0,147950,0.0003287105
0,147960,0.00032866298
0,147970,0.00032861548
0,147980,0.00032856796
0,147990,0.00032852046
0,148000,0.00032847296
0,148010,0.0003284255
0,148020,0.000328378
0,148030,0.00032833053
0,148040,0.00032828306
0,148050,0.0003282356
0,148060,0.00032818815
0,148070,0.0003281407
0,148080,0.00032809327
0,148090,0.00032804583
0,148100,0.0003279984
0,148110,0.00032795098
0,148120,0.00032790357
0,148130,0.00032785616
0,148140,0.00032780878
0,148150,0.00032776137
0,148160,0.000327714
0,148170,0.0003276666
0,148180,0.00032761926
0,148190,0.00032757188
0,148200,0.00032752453
0,148210,0.00032747717
0,148220,0.00032742985
0,148230,0.0003273825
0,148240,0.00032733518
0,148250,0.00032728785
0,148260,0.00032724053
0,148270,0.00032719324
0,148280,0.00032714594
0,148290,0.00032709865
0,148300,0.00032705136
0,148310,0.00032700406
0,148320,0.0003269568
0,148330,0.00032690953
0,148340,0.00032686227
0,148350,0.000326815
0,148360,0.00032676777
0,148370,0.00032672053
0,148380,0.0003266733
0,148390,0.00032662606
0,148400,0.00032657885
0,148410,0.00032653165
0,148420,0.00032648444
0,148430,0.00032643724
0,148440,0.00032639006
0,148450,0.00032634285
0,148460,0.00032629567
0,148470,0.00032624853
0,148480,0.00032620135
0,148490,0.0003261542
0,148500,0.00032610705
0,148510,0.0003260599
0,148520,0.00032601276
0,148530,0.00032596564
0,148540,0.00032591852
0,148550,0.0003258714
0,148560,0.00032582428
0,148570,0.0003257772
0,148580,0.0003257301
0,148590,0.000325683
0,148600,0.00032563592
0,148610,0.00032558886
0,148620,0.00032554177
0,148630,0.0003254947
0,148640,0.00032544768
0,148650,0.00032540062
0,148660,0.00032535358
0,148670,0.00032530655
0,148680,0.00032525952
0,148690,0.0003252125
0,148700,0.00032516549
0,148710,0.00032511848
0,148720,0.00032507148
0,148730,0.00032502448
0,148740,0.0003249775
0,148750,0.00032493053
0,148760,0.00032488356
0,148770,0.00032483658
0,148780,0.0003247896
0,148790,0.00032474266
0,148800,0.00032469572
0,148810,0.00032464878
0,148820,0.00032460186
0,148830,0.00032455495
0,148840,0.000324508
0,148850,0.0003244611
0,148860,0.0003244142
0,148870,0.0003243673
0,148880,0.0003243204
0,148890,0.00032427354
0,148900,0.00032422665
0,148910,0.00032417977
0,148920,0.0003241329
0,148930,0.00032408605
0,148940,0.00032403923
0,148950,0.00032399237
0,148960,0.00032394554
0,148970,0.0003238987
0,148980,0.00032385188
0,148990,0.00032380506
0,149000,0.00032375826
0,149010,0.00032371146
0,149020,0.00032366466
0,149030,0.00032361786
0,149040,0.0003235711
0,149050,0.00032352432
0,149060,0.00032347755
0,149070,0.00032343078
0,149080,0.00032338404
0,149090,0.0003233373
0,149100,0.00032329056
0,149110,0.00032324382
0,149120,0.00032319708
0,149130,0.00032315037
0,149140,0.00032310365
0,149150,0.00032305694
0,149160,0.00032301026
0,149170,0.00032296355
0,149180,0.00032291687
0,149190,0.00032287018
0,149200,0.0003228235
0,149210,0.00032277685
0,149220,0.0003227302
0,149230,0.00032268354
0,149240,0.0003226369
0,149250,0.00032259026
0,149260,0.0003225436
0,149270,0.00032249698
0,149280,0.0003224504
0,149290,0.00032240376
0,149300,0.00032235717
0,149310,0.00032231057
0,149320,0.00032226398
0,149330,0.00032221738
0,149340,0.00032217082
0,149350,0.00032212422
0,149360,0.00032207769
0,149370,0.00032203112
0,149380,0.00032198455
0,149390,0.00032193802
0,149400,0.00032189148
0,149410,0.00032184494
0,149420,0.00032179843
0,149430,0.0003217519
0,149440,0.0003217054
0,149450,0.0003216589
0,149460,0.0003216124
0,149470,0.00032156592
0,149480,0.00032151942
0,149490,0.00032147297
0,149500,0.0003214265
0,149510,0.00032138
0,149520,0.00032133356
0,149530,0.0003212871
0,149540,0.00032124066
0,149550,0.00032119424
0,149560,0.00032114782
0,149570,0.0003211014
0,149580,0.00032105498
0,149590,0.00032100856
0,149600,0.00032096216
0,149610,0.00032091577
0,149620,0.00032086938
0,149630,0.000320823
0,149640,0.00032077663
0,149650,0.00032073024
0,149660,0.00032068387
0,149670,0.00032063754
0,149680,0.00032059118
0,149690,0.00032054484
0,149700,0.0003204985
0,149710,0.00032045218
0,149720,0.00032040584
0,149730,0.00032035954
0,149740,0.00032031324
0,149750,0.00032026693
0,149760,0.00032022063
0,149770,0.00032017435
0,149780,0.00032012808
0,149790,0.0003200818
0,149800,0.00032003553
0,149810,0.00031998928
0,149820,0.000319943
0,149830,0.00031989676
0,149840,0.00031985051
0,149850,0.0003198043
0,149860,0.00031975805
0,149870,0.00031971183
0,149880,0.00031966562
0,149890,0.00031961943
0,149900,0.0003195732
0,149910,0.00031952703
0,149920,0.00031948084
0,149930,0.00031943465
0,149940,0.0003193885
0,149950,0.00031934233
0,149960,0.00031929617
0,149970,0.00031925002
0,149980,0.00031920386
0,149990,0.00031915773
0,150000,0.0003191116
0,150010,0.00031906547
0,150020,0.00031901934
0,150030,0.00031897324
0,150040,0.00031892714
0,150050,0.00031888104
0,150060,0.00031883494
0,150070,0.00031878884
0,150080,0.00031874276
0,150090,0.0003186967
0,150100,0.00031865062
0,150110,0.00031860458
0,150120,0.0003185585
0,150130,0.00031851247
0,150140,0.00031846642
0,150150,0.0003184204
0,150160,0.00031837437
0,150170,0.00031832836
0,150180,0.00031828234
0,150190,0.00031823633
0,150200,0.00031819034
0,150210,0.00031814433
0,150220,0.00031809835
0,150230,0.00031805236
0,150240,0.0003180064
0,150250,0.00031796045
0,150260,0.00031791447
0,150270,0.00031786851
0,150280,0.0003178226
0,150290,0.00031777663
0,150300,0.0003177307
0,150310,0.00031768478
0,150320,0.00031763886
0,150330,0.00031759296
0,150340,0.00031754706
0,150350,0.00031750114
0,150360,0.00031745527
0,150370,0.00031740937
0,150380,0.0003173635
0,150390,0.0003173176
0,150400,0.00031727174
0,150410,0.0003172259
0,150420,0.00031718003
0,150430,0.0003171342
0,150440,0.00031708836
0,150450,0.00031704252
0,150460,0.0003169967
0,150470,0.00031695087
0,150480,0.00031690506
0,150490,0.00031685925
0,150500,0.00031681347
0,150510,0.00031676766
0,150520,0.00031672188
0,150530,0.0003166761
0,150540,0.00031663032
0,150550,0.00031658457
0,150560,0.00031653882
0,150570,0.00031649307
0,150580,0.00031644732
0,150590,0.00031640157
0,150600,0.00031635584
0,150610,0.00031631012
0,150620,0.0003162644
0,150630,0.00031621868
0,150640,0.00031617298
0,150650,0.0003161273
0,150660,0.0003160816
0,150670,0.0003160359
0,150680,0.0003159902
0,150690,0.00031594455
0,150700,0.00031589888
0,150710,0.00031585322
0,150720,0.00031580756
0,150730,0.00031576192
0,150740,0.0003157163
0,150750,0.00031567065
0,150760,0.00031562502
0,150770,0.0003155794
0,150780,0.00031553378
0,150790,0.00031548817
0,150800,0.0003154426
0,150810,0.000315397
0,150820,0.0003153514
0,150830,0.00031530584
0,150840,0.00031526026
0,150850,0.00031521468
0,150860,0.00031516913
0,150870,0.00031512356
0,150880,0.00031507804
0,150890,0.0003150325
0,150900,0.00031498694
0,150910,0.00031494143
0,150920,0.0003148959
0,150930,0.0003148504
0,150940,0.00031480487
0,150950,0.00031475938
0,150960,0.0003147139
0,150970,0.0003146684
0,150980,0.0003146229
0,150990,0.00031457745
0,151000,0.000314532
0,151010,0.00031448653
0,151020,0.00031444107
0,151030,0.0003143956
0,151040,0.00031435018
0,151050,0.00031430475
0,151060,0.00031425932
0,151070,0.0003142139
0,151080,0.0003141685
0,151090,0.00031412308
0,151100,0.00031407768
0,151110,0.00031403228
0,151120,0.00031398688
0,151130,0.0003139415
0,151140,0.00031389613
0,151150,0.00031385076
0,151160,0.0003138054
0,151170,0.00031376004
0,151180,0.0003137147
0,151190,0.00031366936
0,151200,0.000313624
0,151210,0.0003135787
0,151220,0.00031353338
0,151230,0.00031348804
0,151240,0.00031344275
0,151250,0.00031339744
0,151260,0.00031335215
0,151270,0.00031330687
0,151280,0.00031326158
0,151290,0.0003132163
0,151300,0.00031317104
0,151310,0.00031312575
0,151320,0.0003130805
0,151330,0.00031303527
0,151340,0.00031299
0,151350,0.0003129448
0,151360,0.00031289956
0,151370,0.00031285433
0,151380,0.0003128091
0,151390,0.0003127639
0,151400,0.0003127187
0,151410,0.0003126735
0,151420,0.0003126283
0,151430,0.0003125831
0,151440,0.00031253794
0,151450,0.00031249278
0,151460,0.0003124476
0,151470,0.00031240247
0,151480,0.0003123573
0,151490,0.00031231216
0,151500,0.00031226702
0,151510,0.00031222188
0,151520,0.00031217677
0,151530,0.00031213165
0,151540,0.00031208654
0,151550,0.00031204143
0,151560,0.00031199632
0,151570,0.00031195124
0,151580,0.00031190616
0,151590,0.00031186108
0,151600,0.000311816
0,151610,0.00031177094
0,151620,0.00031172586
0,151630,0.0003116808
0,151640,0.00031163578
0,151650,0.00031159073
0,151660,0.0003115457
0,151670,0.00031150068
0,151680,0.00031145566
0,151690,0.00031141064
0,151700,0.00031136564
0,151710,0.00031132062
0,151720,0.00031127562
0,151730,0.00031123066
0,151740,0.00031118566
0,151750,0.0003111407
0,151760,0.00031109573
0,151770,0.00031105077
0,151780,0.0003110058
0,151790,0.00031096087
0,151800,0.00031091593
0,151810,0.000310871
0,151820,0.00031082606
0,151830,0.00031078115
0,151840,0.0003107362
0,151850,0.0003106913
0,151860,0.0003106464
0,151870,0.00031060152
0,151880,0.0003105566
0,151890,0.00031051174
0,151900,0.00031046686
0,151910,0.00031042198
0,151920,0.00031037713
0,151930,0.00031033228
0,151940,0.00031028743
0,151950,0.00031024258
0,151960,0.00031019773
0,151970,0.00031015291
0,151980,0.0003101081
0,151990,0.00031006327
0,152000,0.00031001845
0,152010,0.00030997366
0,152020,0.00030992884
0,152030,0.00030988405
0,152040,0.0003098393
0,152050,0.0003097945
0,152060,0.00030974974
0,152070,0.00030970495
0,152080,0.00030966022
0,152090,0.00030961545
0,152100,0.0003095707
0,152110,0.00030952596
0,152120,0.00030948123
0,152130,0.0003094365
0,152140,0.0003093918
0,152150,0.00030934706
0,152160,0.00030930236
0,152170,0.00030925765
0,152180,0.00030921298
0,152190,0.00030916827
0,152200,0.0003091236
0,152210,0.00030907893
0,152220,0.00030903425
0,152230,0.0003089896
0,152240,0.00030894493
0,152250,0.0003089003
0,152260,0.00030885564
0,152270,0.00030881102
0,152280,0.00030876638
0,152290,0.00030872176
0,152300,0.00030867715
0,152310,0.00030863253
0,152320,0.00030858794
0,152330,0.00030854333
0,152340,0.00030849874
0,152350,0.00030845415
0,152360,0.0003084096
0,152370,0.000308365
0,152380,0.00030832045
0,152390,0.0003082759
0,152400,0.00030823133
0,152410,0.0003081868
0,152420,0.00030814225
0,152430,0.00030809772
0,152440,0.0003080532
0,152450,0.0003080087
0,152460,0.00030796416
0,152470,0.00030791966
0,152480,0.00030787516
0,152490,0.00030783066
0,152500,0.0003077862
0,152510,0.0003077417
0,152520,0.00030769722
0,152530,0.00030765275
0,152540,0.0003076083
0,152550,0.00030756384
0,152560,0.0003075194
0,152570,0.00030747495
0,152580,0.0003074305
0,152590,0.0003073861
0,152600,0.00030734166
0,152610,0.00030729725
0,152620,0.00030725283
0,152630,0.00030720845
0,152640,0.00030716404
0,152650,0.00030711966
0,152660,0.00030707527
0,152670,0.0003070309
0,152680,0.00030698653
0,152690,0.00030694215
0,152700,0.0003068978
0,152710,0.00030685344
0,152720,0.00030680912
0,152730,0.00030676476
0,152740,0.00030672044
0,152750,0.0003066761
0,152760,0.0003066318
0,152770,0.0003065875
0,152780,0.00030654317
0,152790,0.00030649887
0,152800,0.00030645457
0,152810,0.0003064103
0,152820,0.000306366
0,152830,0.00030632174
0,152840,0.00030627748
0,152850,0.0003062332
0,152860,0.00030618897
0,152870,0.0003061447
0,152880,0.00030610047
0,152890,0.00030605623
0,152900,0.000306012
0,152910,0.00030596778
0,152920,0.00030592358
0,152930,0.00030587937
0,152940,0.00030583516
0,152950,0.00030579095
0,152960,0.00030574677
0,152970,0.0003057026
0,152980,0.0003056584
0,152990,0.00030561423
0,153000,0.00030557008
0,153010,0.0003055259
0,153020,0.00030548175
0,153030,0.00030543763
0,153040,0.00030539348
0,153050,0.00030534936
0,153060,0.0003053052
0,153070,0.0003052611
0,153080,0.000305217
0,153090,0.00030517287
0,153100,0.00030512878
0,153110,0.0003050847
0,153120,0.0003050406
0,153130,0.0003049965
0,153140,0.00030495244
0,153150,0.00030490838
0,153160,0.0003048643
0,153170,0.00030482025
0,153180,0.00030477621
0,153190,0.00030473215
0,153200,0.00030468812
0,153210,0.00030464408
0,153220,0.00030460008
0,153230,0.00030455604
0,153240,0.00030451204
0,153250,0.00030446803
0,153260,0.00030442403
0,153270,0.00030438005
0,153280,0.00030433608
0,153290,0.0003042921
0,153300,0.00030424813
0,153310,0.00030420415
0,153320,0.0003041602
0,153330,0.00030411623
0,153340,0.00030407228
0,153350,0.00030402836
0,153360,0.00030398442
0,153370,0.0003039405
0,153380,0.00030389658
0,153390,0.00030385266
0,153400,0.00030380875
0,153410,0.00030376483
0,153420,0.00030372094
0,153430,0.00030367705
0,153440,0.00030363316
0,153450,0.0003035893
0,153460,0.0003035454
0,153470,0.00030350155
0,153480,0.0003034577
0,153490,0.00030341386
0,153500,0.00030337
0,153510,0.00030332617
0,153520,0.00030328234
0,153530,0.0003032385
0,153540,0.00030319468
0,153550,0.00030315088
0,153560,0.00030310708
0,153570,0.00030306328
0,153580,0.00030301948
0,153590,0.0003029757
0,153600,0.0003029319
0,153610,0.00030288813
0,153620,0.00030284436
0,153630,0.00030280062
0,153640,0.00030275685
0,153650,0.0003027131
0,153660,0.00030266936
0,153670,0.00030262562
0,153680,0.0003025819
0,153690,0.00030253816
0,153700,0.00030249445
0,153710,0.00030245073
0,153720,0.00030240705
0,153730,0.00030236333
0,153740,0.00030231965
0,153750,0.00030227596
0,153760,0.00030223228
0,153770,0.0003021886
0,153780,0.00030214494
0,153790,0.00030210128
0,153800,0.00030205763
0,153810,0.00030201397
0,153820,0.00030197034
0,153830,0.00030192672
0,153840,0.00030188306
0,153850,0.00030183946
0,153860,0.00030179584
0,153870,0.00030175224
0,153880,0.0003017086
0,153890,0.00030166502
0,153900,0.00030162145
0,153910,0.00030157785
0,153920,0.00030153428
0,153930,0.0003014907
0,153940,0.00030144714
0,153950,0.00030140358
0,153960,0.00030136004
0,153970,0.00030131647
0,153980,0.00030127293
0,153990,0.00030122942
0,154000,0.00030118588
0,154010,0.00030114237
0,154020,0.00030109883
0,154030,0.00030105535
0,154040,0.00030101184
0,154050,0.00030096833
0,154060,0.00030092485
0,154070,0.00030088137
0,154080,0.00030083788
0,154090,0.00030079443
0,154100,0.00030075095
0,154110,0.0003007075
0,154120,0.00030066405
0,154130,0.0003006206
0,154140,0.00030057717
0,154150,0.00030053372
0,154160,0.0003004903
0,154170,0.00030044687
0,154180,0.00030040348
0,154190,0.00030036006
0,154200,0.00030031666
0,154210,0.00030027327
0,154220,0.00030022988
0,154230,0.0003001865
0,154240,0.00030014312
0,154250,0.00030009975
0,154260,0.0003000564
0,154270,0.00030001302
0,154280,0.0002999697
0,154290,0.00029992635
0,154300,0.000299883
0,154310,0.00029983968
0,154320,0.00029979635
0,154330,0.00029975304
0,154340,0.0002997097
0,154350,0.0002996664
0,154360,0.00029962312
0,154370,0.0002995798
0,154380,0.00029953654
0,154390,0.00029949326
0,154400,0.00029944998
0,154410,0.0002994067
0,154420,0.00029936343
0,154430,0.00029932018
0,154440,0.00029927693
0,154450,0.00029923368
0,154460,0.00029919046
0,154470,0.0002991472
0,154480,0.000299104
0,154490,0.00029906078
0,154500,0.00029901756
0,154510,0.00029897437
0,154520,0.00029893115
0,154530,0.00029888796
0,154540,0.00029884477
0,154550,0.0002988016
0,154560,0.00029875842
0,154570,0.00029871525
0,154580,0.0002986721
0,154590,0.00029862893
0,154600,0.0002985858
0,154610,0.00029854264
0,154620,0.0002984995
0,154630,0.00029845638
0,154640,0.00029841324
0,154650,0.00029837014
0,154660,0.00029832704
0,154670,0.00029828394
0,154680,0.00029824083
0,154690,0.00029819773
0,154700,0.00029815466
0,154710,0.00029811155
0,154720,0.00029806848
0,154730,0.00029802544
0,154740,0.00029798236
0,154750,0.00029793932
0,154760,0.00029789624
0,154770,0.0002978532
0,154780,0.00029781018
0,154790,0.00029776714
0,154800,0.00029772412
0,154810,0.0002976811
0,154820,0.0002976381
0,154830,0.00029759508
0,154840,0.0002975521
0,154850,0.0002975091
0,154860,0.00029746612
0,154870,0.00029742313
0,154880,0.00029738015
0,154890,0.0002973372
0,154900,0.00029729423
0,154910,0.00029725127
0,154920,0.00029720832
0,154930,0.0002971654
0,154940,0.00029712243
0,154950,0.0002970795
0,154960,0.00029703657
0,154970,0.00029699368
0,154980,0.00029695075
0,154990,0.00029690785
0,155000,0.00029686495
0,155010,0.00029682205
0,155020,0.00029677918
0,155030,0.00029673628
0,155040,0.0002966934
0,155050,0.00029665054
0,155060,0.0002966077
0,155070,0.00029656483
0,155080,0.000296522
0,155090,0.00029647915
0,155100,0.0002964363
0,155110,0.00029639347
0,155120,0.00029635066
0,155130,0.00029630784
0,155140,0.00029626503
0,155150,0.00029622222
0,155160,0.0002961794
0,155170,0.00029613663
0,155180,0.00029609384
0,155190,0.00029605106
0,155200,0.00029600828
0,155210,0.00029596552
0,155220,0.00029592274
0,155230,0.00029588
0,155240,0.00029583724
0,155250,0.0002957945
0,155260,0.00029575176
0,155270,0.00029570903
0,155280,0.0002956663
0,155290,0.00029562358
0,155300,0.0002955809
0,155310,0.00029553816
0,155320,0.00029549547
0,155330,0.00029545277
0,155340,0.00029541008
0,155350,0.0002953674
0,155360,0.00029532475
0,155370,0.00029528208
0,155380,0.0002952394
0,155390,0.00029519675
0,155400,0.0002951541
0,155410,0.00029511144
0,155420,0.0002950688
0,155430,0.00029502617
0,155440,0.00029498356
0,155450,0.00029494092
0,155460,0.00029489832
0,155470,0.0002948557
0,155480,0.00029481313
0,155490,0.00029477052
0,155500,0.00029472794
0,155510,0.00029468536
0,155520,0.00029464278
0,155530,0.0002946002
0,155540,0.00029455763
0,155550,0.00029451508
0,155560,0.00029447253
0,155570,0.00029442998
0,155580,0.00029438746
0,155590,0.0002943449
0,155600,0.0002943024
0,155610,0.00029425987
0,155620,0.00029421735
0,155630,0.00029417485
0,155640,0.00029413233
0,155650,0.00029408984
0,155660,0.00029404735
0,155670,0.0002940049
0,155680,0.0002939624
0,155690,0.00029391993
0,155700,0.00029387747
0,155710,0.000293835
0,155720,0.00029379255
0,155730,0.0002937501
0,155740,0.00029370768
0,155750,0.00029366525
0,155760,0.0002936228
0,155770,0.00029358038
0,155780,0.00029353797
0,155790,0.00029349557
0,155800,0.00029345317
0,155810,0.00029341076
0,155820,0.00029336836
0,155830,0.00029332598
0,155840,0.0002932836
0,155850,0.00029324123
0,155860,0.00029319886
0,155870,0.0002931565
0,155880,0.00029311416
0,155890,0.00029307182
0,155900,0.00029302947
0,155910,0.00029298713
0,155920,0.0002929448
0,155930,0.00029290246
0,155940,0.00029286015
0,155950,0.00029281786
0,155960,0.00029277554
0,155970,0.00029273325
0,155980,0.00029269097
0,155990,0.00029264868
0,156000,0.0002926064
0,156010,0.0002925641
0,156020,0.00029252184
0,156030,0.00029247958
0,156040,0.00029243733
0,156050,0.00029239507
0,156060,0.00029235284
0,156070,0.0002923106
0,156080,0.00029226838
0,156090,0.00029222615
0,156100,0.00029218392
0,156110,0.00029214172
0,156120,0.00029209952
0,156130,0.00029205732
0,156140,0.00029201512
0,156150,0.00029197292
0,156160,0.00029193074
0,156170,0.00029188857
0,156180,0.0002918464
0,156190,0.00029180423
0,156200,0.0002917621
0,156210,0.00029171992
0,156220,0.00029167777
0,156230,0.00029163563
0,156240,0.00029159352
0,156250,0.00029155138
0,156260,0.00029150926
0,156270,0.00029146715
0,156280,0.00029142504
0,156290,0.00029138292
0,156300,0.00029134084
0,156310,0.00029129875
0,156320,0.00029125667
0,156330,0.0002912146
0,156340,0.00029117253
0,156350,0.00029113045
0,156360,0.0002910884
0,156370,0.00029104634
0,156380,0.00029100428
0,156390,0.00029096226
0,156400,0.00029092023
0,156410,0.00029087818
0,156420,0.00029083618
0,156430,0.00029079415
0,156440,0.00029075213
0,156450,0.00029071013
0,156460,0.00029066813
0,156470,0.00029062614
0,156480,0.00029058417
0,156490,0.00029054217
0,156500,0.0002905002
0,156510,0.00029045824
0,156520,0.00029041627
0,156530,0.00029037433
0,156540,0.00029033236
0,156550,0.00029029042
0,156560,0.00029024848
0,156570,0.00029020655
0,156580,0.00029016464
0,156590,0.00029012273
0,156600,0.0002900808
0,156610,0.0002900389
0,156620,0.000289997
0,156630,0.0002899551
0,156640,0.0002899132
0,156650,0.00028987133
0,156660,0.00028982945
0,156670,0.00028978757
0,156680,0.00028974572
0,156690,0.00028970386
0,156700,0.000289662
0,156710,0.00028962016
0,156720,0.0002895783
0,156730,0.0002895365
0,156740,0.00028949467
0,156750,0.00028945284
0,156760,0.00028941102
0,156770,0.0002893692
0,156780,0.0002893274
0,156790,0.0002892856
0,156800,0.00028924382
0,156810,0.00028920203
0,156820,0.00028916026
0,156830,0.00028911847
0,156840,0.0002890767
0,156850,0.00028903494
0,156860,0.0002889932
0,156870,0.00028895144
0,156880,0.0002889097
0,156890,0.00028886797
0,156900,0.00028882624
0,156910,0.00028878453
0,156920,0.0002887428
0,156930,0.0002887011
0,156940,0.0002886594
0,156950,0.00028861768
0,156960,0.00028857597
0,156970,0.0002885343
0,156980,0.00028849262
0,156990,0.00028845094
0,157000,0.00028840927
0,157010,0.00028836762
0,157020,0.00028832594
0,157030,0.0002882843
0,157040,0.00028824265
0,157050,0.000288201
0,157060,0.00028815938
0,157070,0.00028811776
0,157080,0.00028807615
0,157090,0.00028803453
0,157100,0.0002879929
0,157110,0.0002879513
0,157120,0.0002879097
0,157130,0.0002878681
0,157140,0.00028782652
0,157150,0.00028778496
0,157160,0.00028774337
0,157170,0.0002877018
0,157180,0.00028766025
0,157190,0.0002876187
0,157200,0.00028757713
0,157210,0.0002875356
0,157220,0.00028749407
0,157230,0.00028745254
0,157240,0.000287411
0,157250,0.0002873695
0,157260,0.00028732797
0,157270,0.00028728647
0,157280,0.00028724497
0,157290,0.00028720347
0,157300,0.000287162
0,157310,0.0002871205
0,157320,0.00028707902
0,157330,0.00028703755
0,157340,0.0002869961
0,157350,0.00028695463
0,157360,0.0002869132
0,157370,0.00028687174
0,157380,0.0002868303
0,157390,0.00028678885
0,157400,0.00028674744
0,157410,0.00028670602
0,157420,0.0002866646
0,157430,0.0002866232
0,157440,0.00028658178
0,157450,0.0002865404
0,157460,0.00028649898
0,157470,0.0002864576
0,157480,0.00028641624
0,157490,0.00028637485
0,157500,0.0002863335
0,157510,0.0002862921
0,157520,0.00028625075
0,157530,0.00028620943
0,157540,0.00028616807
0,157550,0.00028612674
0,157560,0.00028608541
0,157570,0.0002860441
0,157580,0.00028600276
0,157590,0.00028596143
0,157600,0.00028592013
0,157610,0.00028587884
0,157620,0.00028583754
0,157630,0.00028579624
0,157640,0.00028575497
0,157650,0.00028571367
0,157660,0.0002856724
0,157670,0.00028563113
0,157680,0.0002855899
0,157690,0.00028554862
0,157700,0.00028550738
0,157710,0.00028546614
0,157720,0.0002854249
0,157730,0.00028538366
0,157740,0.00028534245
0,157750,0.00028530124
0,157760,0.00028526003
0,157770,0.00028521882
0,157780,0.0002851776
0,157790,0.00028513643
0,157800,0.00028509524
0,157810,0.00028505406
0,157820,0.00028501288
0,157830,0.0002849717
0,157840,0.00028493055
0,157850,0.0002848894
0,157860,0.00028484824
0,157870,0.0002848071
0,157880,0.00028476593
0,157890,0.0002847248
0,157900,0.0002846837
0,157910,0.00028464256
0,157920,0.00028460144
0,157930,0.00028456034
0,157940,0.00028451922
0,157950,0.00028447813
0,157960,0.00028443703
0,157970,0.00028439594
0,157980,0.00028435487
0,157990,0.0002843138
0,158000,0.00028427274
0,158010,0.00028423168
0,158020,0.0002841906
0,158030,0.00028414954
0,158040,0.0002841085
0,158050,0.00028406747
0,158060,0.00028402644
0,158070,0.00028398543
0,158080,0.0002839444
0,158090,0.00028390338
0,158100,0.00028386238
0,158110,0.00028382137
0,158120,0.00028378036
0,158130,0.00028373938
0,158140,0.0002836984
0,158150,0.00028365743
0,158160,0.00028361645
0,158170,0.00028357547
0,158180,0.00028353452
0,158190,0.00028349354
0,158200,0.0002834526
0,158210,0.00028341167
0,158220,0.00028337073
0,158230,0.0002833298
0,158240,0.00028328886
0,158250,0.00028324794
0,158260,0.00028320705
0,158270,0.00028316613
0,158280,0.00028312524
0,158290,0.00028308434
0,158300,0.00028304345
0,158310,0.00028300256
0,158320,0.00028296167
0,158330,0.0002829208
0,158340,0.00028287995
0,158350,0.0002828391
0,158360,0.00028279822
0,158370,0.0002827574
0,158380,0.00028271653
0,158390,0.0002826757
0,158400,0.00028263486
0,158410,0.00028259403
0,158420,0.00028255323
0,158430,0.00028251242
0,158440,0.00028247162
0,158450,0.00028243082
0,158460,0.00028239
0,158470,0.0002823492
0,158480,0.00028230844
0,158490,0.00028226766
0,158500,0.0002822269
0,158510,0.00028218614
0,158520,0.00028214537
0,158530,0.00028210462
0,158540,0.00028206388
0,158550,0.00028202313
0,158560,0.0002819824
0,158570,0.00028194167
0,158580,0.00028190092
0,158590,0.0002818602
0,158600,0.00028181952
0,158610,0.0002817788
0,158620,0.0002817381
0,158630,0.0002816974
0,158640,0.0002816567
0,158650,0.00028161603
0,158660,0.00028157537
0,158670,0.00028153468
0,158680,0.00028149402
0,158690,0.00028145337
0,158700,0.0002814127
0,158710,0.00028137208
0,158720,0.00028133142
0,158730,0.0002812908
0,158740,0.00028125016
0,158750,0.00028120953
0,158760,0.00028116893
0,158770,0.0002811283
0,158780,0.0002810877
0,158790,0.0002810471
0,158800,0.0002810065
0,158810,0.00028096593
0,158820,0.00028092533
0,158830,0.00028088476
0,158840,0.0002808442
0,158850,0.00028080362
0,158860,0.00028076308
0,158870,0.0002807225
0,158880,0.00028068197
0,158890,0.00028064143
0,158900,0.00028060089
0,158910,0.00028056037
0,158920,0.00028051986
0,158930,0.00028047932
0,158940,0.0002804388
0,158950,0.00028039832
0,158960,0.0002803578
0,158970,0.00028031733
0,158980,0.00028027684
0,158990,0.00028023636
0,159000,0.00028019588
0,159010,0.0002801554
0,159020,0.00028011494
0,159030,0.00028007448
0,159040,0.00028003403
0,159050,0.00027999358
0,159060,0.00027995315
0,159070,0.0002799127
0,159080,0.00027987227
0,159090,0.00027983185
0,159100,0.00027979145
0,159110,0.00027975102
0,159120,0.00027971063
0,159130,0.00027967023
0,159140,0.00027962984
0,159150,0.00027958944
0,159160,0.00027954907
0,159170,0.00027950868
0,159180,0.0002794683
0,159190,0.00027942794
0,159200,0.0002793876
0,159210,0.00027934724
0,159220,0.0002793069
0,159230,0.00027926656
0,159240,0.00027922622
0,159250,0.0002791859
0,159260,0.00027914558
0,159270,0.00027910524
0,159280,0.00027906493
0,159290,0.00027902462
0,159300,0.00027898434
0,159310,0.00027894403
0,159320,0.00027890375
0,159330,0.00027886347
0,159340,0.0002788232
0,159350,0.0002787829
0,159360,0.00027874266
0,159370,0.00027870238
0,159380,0.00027866213
0,159390,0.00027862188
0,159400,0.00027858166
0,159410,0.0002785414
0,159420,0.0002785012
0,159430,0.00027846097
0,159440,0.00027842075
0,159450,0.00027838052
0,159460,0.00027834033
0,159470,0.00027830014
0,159480,0.00027825995
0,159490,0.00027821976
0,159500,0.00027817956
0,159510,0.0002781394
0,159520,0.0002780992
0,159530,0.00027805904
0,159540,0.00027801888
0,159550,0.00027797875
0,159560,0.00027793858
0,159570,0.00027789845
0,159580,0.00027785831
0,159590,0.00027781818
0,159600,0.00027777805
0,159610,0.00027773794
0,159620,0.00027769784
0,159630,0.00027765773
0,159640,0.00027761763
0,159650,0.00027757752
0,159660,0.00027753745
0,159670,0.00027749734
0,159680,0.00027745726
0,159690,0.0002774172
0,159700,0.00027737714
0,159710,0.00027733707
0,159720,0.00027729702
0,159730,0.00027725697
0,159740,0.00027721692
0,159750,0.00027717688
0,159760,0.00027713686
0,159770,0.00027709684
0,159780,0.00027705682
0,159790,0.0002770168
0,159800,0.0002769768
0,159810,0.0002769368
0,159820,0.00027689678
0,159830,0.0002768568
0,159840,0.0002768168
0,159850,0.00027677685
0,159860,0.00027673686
0,159870,0.0002766969
0,159880,0.00027665694
0,159890,0.00027661698
0,159900,0.00027657702
0,159910,0.0002765371
0,159920,0.00027649716
0,159930,0.00027645723
0,159940,0.0002764173
0,159950,0.00027637737
0,159960,0.00027633747
0,159970,0.00027629753
0,159980,0.00027625763
0,159990,0.00027621773
0,160000,0.00027617786
0,160010,0.00027613796
0,160020,0.0002760981
0,160030,0.0002760582
0,160040,0.00027601834
0,160050,0.00027597847
0,160060,0.00027593863
0,160070,0.00027589878
0,160080,0.00027585894
0,160090,0.0002758191
0,160100,0.00027577925
0,160110,0.00027573944
0,160120,0.0002756996
0,160130,0.00027565978
0,160140,0.00027561997
0,160150,0.00027558018
0,160160,0.00027554037
0,160170,0.00027550058
0,160180,0.0002754608
0,160190,0.000275421
0,160200,0.00027538123
0,160210,0.00027534147
0,160220,0.0002753017
0,160230,0.00027526193
0,160240,0.00027522218
0,160250,0.00027518245
0,160260,0.0002751427
0,160270,0.00027510297
0,160280,0.00027506324
0,160290,0.0002750235
0,160300,0.0002749838
0,160310,0.0002749441
0,160320,0.00027490436
0,160330,0.00027486467
0,160340,0.00027482497
0,160350,0.0002747853
0,160360,0.0002747456
0,160370,0.00027470593
0,160380,0.00027466626
0,160390,0.0002746266
0,160400,0.00027458693
0,160410,0.00027454726
0,160420,0.00027450762
0,160430,0.00027446798
0,160440,0.00027442834
0,160450,0.0002743887
0,160460,0.0002743491
0,160470,0.00027430945
0,160480,0.00027426984
0,160490,0.00027423023
0,160500,0.00027419065
0,160510,0.00027415104
0,160520,0.00027411146
0,160530,0.00027407188
0,160540,0.0002740323
0,160550,0.00027399271
0,160560,0.00027395313
0,160570,0.00027391358
0,160580,0.00027387403
0,160590,0.00027383448
0,160600,0.00027379493
0,160610,0.00027375537
0,160620,0.00027371585
0,160630,0.00027367633
0,160640,0.0002736368
0,160650,0.00027359728
0,160660,0.0002735578
0,160670,0.00027351826
0,160680,0.00027347877
0,160690,0.00027343928
0,160700,0.00027339978
0,160710,0.00027336032
0,160720,0.00027332082
0,160730,0.00027328136
0,160740,0.0002732419
0,160750,0.00027320243
0,160760,0.000273163
0,160770,0.00027312353
0,160780,0.0002730841
0,160790,0.00027304466
0,160800,0.00027300522
0,160810,0.0002729658
0,160820,0.00027292638
0,160830,0.00027288697
0,160840,0.00027284757
0,160850,0.00027280816
0,160860,0.00027276875
0,160870,0.00027272938
0,160880,0.00027269
0,160890,0.00027265062
0,160900,0.00027261124
0,160910,0.00027257187
0,160920,0.00027253252
0,160930,0.00027249314
0,160940,0.0002724538
0,160950,0.00027241444
0,160960,0.00027237512
0,160970,0.00027233578
0,160980,0.00027229646
0,160990,0.00027225714
0,161000,0.00027221782
0,161010,0.0002721785
0,161020,0.0002721392
0,161030,0.0002720999
0,161040,0.0002720606
0,161050,0.0002720213
0,161060,0.00027198205
0,161070,0.00027194276
0,161080,0.0002719035
0,161090,0.00027186424
0,161100,0.00027182497
0,161110,0.0002717857
0,161120,0.00027174648
0,161130,0.00027170722
0,161140,0.000271668
0,161150,0.00027162876
0,161160,0.00027158952
0,161170,0.00027155032
0,161180,0.0002715111
0,161190,0.0002714719
0,161200,0.00027143268
0,161210,0.0002713935
0,161220,0.0002713543
0,161230,0.00027131513
0,161240,0.00027127593
0,161250,0.00027123676
0,161260,0.0002711976
0,161270,0.00027115844
0,161280,0.0002711193
0,161290,0.00027108012
0,161300,0.00027104098
0,161310,0.00027100186
0,161320,0.00027096272
0,161330,0.0002709236
0,161340,0.00027088445
0,161350,0.00027084534
0,161360,0.00027080622
0,161370,0.00027076714
0,161380,0.00027072802
0,161390,0.00027068894
0,161400,0.00027064985
0,161410,0.00027061076
0,161420,0.00027057168
0,161430,0.00027053262
0,161440,0.00027049356
0,161450,0.0002704545
0,161460,0.00027041545
0,161470,0.0002703764
0,161480,0.00027033736
0,161490,0.0002702983
0,161500,0.00027025928
0,161510,0.00027022025
0,161520,0.00027018122
0,161530,0.00027014222
0,161540,0.00027010322
0,161550,0.00027006422
0,161560,0.00027002522
0,161570,0.00026998622
0,161580,0.00026994722
0,161590,0.00026990825
0,161600,0.00026986928
0,161610,0.0002698303
0,161620,0.00026979134
0,161630,0.00026975237
0,161640,0.00026971343
0,161650,0.0002696745
0,161660,0.00026963555
0,161670,0.0002695966
0,161680,0.00026955767
0,161690,0.00026951876
0,161700,0.00026947985
0,161710,0.00026944093
0,161720,0.00026940202
0,161730,0.0002693631
0,161740,0.00026932423
0,161750,0.00026928534
0,161760,0.00026924646
0,161770,0.00026920758
0,161780,0.0002691687
0,161790,0.00026912984
0,161800,0.00026909096
0,161810,0.0002690521
0,161820,0.00026901325
0,161830,0.00026897443
0,161840,0.00026893558
0,161850,0.00026889675
0,161860,0.00026885793
0,161870,0.0002688191
0,161880,0.00026878028
0,161890,0.00026874148
0,161900,0.00026870266
0,161910,0.00026866386
0,161920,0.00026862507
0,161930,0.00026858627
0,161940,0.0002685475
0,161950,0.00026850874
0,161960,0.00026846994
0,161970,0.00026843118
0,161980,0.00026839244
0,161990,0.00026835367
0,162000,0.00026831494
0,162010,0.00026827617
0,162020,0.00026823743
0,162030,0.00026819872
0,162040,0.00026816
0,162050,0.00026812128
0,162060,0.00026808254
0,162070,0.00026804383
0,162080,0.00026800513
0,162090,0.00026796645
0,162100,0.00026792774
0,162110,0.00026788906
0,162120,0.00026785038
0,162130,0.0002678117
0,162140,0.00026777302
0,162150,0.00026773437
0,162160,0.00026769572
0,162170,0.00026765704
0,162180,0.00026761842
0,162190,0.00026757977
0,162200,0.00026754112
0,162210,0.0002675025
0,162220,0.00026746388
0,162230,0.00026742526
0,162240,0.00026738664
0,162250,0.00026734805
0,162260,0.00026730943
0,162270,0.00026727084
0,162280,0.00026723224
0,162290,0.00026719365
0,162300,0.0002671551
0,162310,0.0002671165
0,162320,0.00026707794
0,162330,0.00026703937
0,162340,0.0002670008
0,162350,0.00026696225
0,162360,0.00026692371
0,162370,0.00026688518
0,162380,0.00026684665
0,162390,0.0002668081
0,162400,0.00026676958
0,162410,0.00026673108
0,162420,0.00026669254
0,162430,0.00026665404
0,162440,0.00026661553
0,162450,0.00026657706
0,162460,0.00026653855
0,162470,0.00026650008
0,162480,0.0002664616
0,162490,0.00026642313
0,162500,0.00026638465
0,162510,0.00026634618
0,162520,0.00026630773
0,162530,0.0002662693
0,162540,0.00026623084
0,162550,0.0002661924
0,162560,0.00026615395
0,162570,0.00026611553
0,162580,0.0002660771
0,162590,0.0002660387
0,162600,0.00026600028
0,162610,0.00026596186
0,162620,0.00026592347
0,162630,0.0002658851
0,162640,0.00026584667
0,162650,0.0002658083
0,162660,0.00026576992
0,162670,0.00026573153
0,162680,0.00026569318
0,162690,0.00026565482
0,162700,0.00026561646
0,162710,0.0002655781
0,162720,0.00026553977
0,162730,0.0002655014
0,162740,0.00026546308
0,162750,0.00026542475
0,162760,0.00026538645
0,162770,0.00026534812
0,162780,0.00026530982
0,162790,0.0002652715
0,162800,0.0002652332
0,162810,0.00026519492
0,162820,0.00026515662
0,162830,0.00026511835
0,162840,0.00026508005
0,162850,0.00026504177
0,162860,0.0002650035
0,162870,0.00026496526
0,162880,0.000264927
0,162890,0.00026488875
0,162900,0.0002648505
0,162910,0.00026481226
0,162920,0.00026477402
0,162930,0.0002647358
0,162940,0.00026469756
0,162950,0.00026465935
0,162960,0.00026462114
0,162970,0.00026458295
0,162980,0.00026454474
0,162990,0.00026450655
0,163000,0.00026446834
0,163010,0.00026443016
0,163020,0.000264392
0,163030,0.00026435382
0,163040,0.00026431566
0,163050,0.00026427748
0,163060,0.00026423932
0,163070,0.0002642012
0,163080,0.00026416304
0,163090,0.0002641249
0,163100,0.00026408676
0,163110,0.00026404863
0,163120,0.0002640105
0,163130,0.00026397238
0,163140,0.0002639343
0,163150,0.0002638962
0,163160,0.00026385806
0,163170,0.00026381997
0,163180,0.0002637819
0,163190,0.0002637438
0,163200,0.00026370573
0,163210,0.00026366767
0,163220,0.0002636296
0,163230,0.00026359153
0,163240,0.00026355346
0,163250,0.00026351542
0,163260,0.00026347738
0,163270,0.00026343932
0,163280,0.0002634013
0,163290,0.00026336327
0,163300,0.00026332526
0,163310,0.00026328722
0,163320,0.0002632492
0,163330,0.0002632112
0,163340,0.00026317322
0,163350,0.0002631352
0,163360,0.00026309723
0,163370,0.00026305922
0,163380,0.00026302127
0,163390,0.0002629833
0,163400,0.0002629453
0,163410,0.00026290736
0,163420,0.0002628694
0,163430,0.00026283145
0,163440,0.0002627935
0,163450,0.00026275555
0,163460,0.00026271763
0,163470,0.00026267968
0,163480,0.00026264176
0,163490,0.00026260386
0,163500,0.00026256594
0,163510,0.00026252802
0,163520,0.00026249012
0,163530,0.00026245223
0,163540,0.00026241434
0,163550,0.00026237644
0,163560,0.00026233858
0,163570,0.0002623007
0,163580,0.00026226282
0,163590,0.00026222496
0,163600,0.0002621871
0,163610,0.00026214926
0,163620,0.0002621114
0,163630,0.00026207356
0,163640,0.00026203573
0,163650,0.0002619979
0,163660,0.0002619601
0,163670,0.00026192225
0,163680,0.00026188444
0,163690,0.00026184664
0,163700,0.00026180883
0,163710,0.00026177103
0,163720,0.00026173325
0,163730,0.00026169544
0,163740,0.00026165767
0,163750,0.0002616199
0,163760,0.0002615821
0,163770,0.00026154437
0,163780,0.00026150662
0,163790,0.00026146884
0,163800,0.0002614311
0,163810,0.00026139335
0,163820,0.00026135563
0,163830,0.00026131788
0,163840,0.00026128016
0,163850,0.00026124244
0,163860,0.00026120472
0,163870,0.000261167
0,163880,0.00026112932
0,163890,0.00026109163
0,163900,0.00026105394
0,163910,0.00026101625
0,163920,0.00026097856
0,163930,0.00026094087
0,163940,0.0002609032
0,163950,0.00026086555
0,163960,0.0002608279
0,163970,0.00026079023
0,163980,0.00026075257
0,163990,0.00026071494
0,164000,0.0002606773
0,164010,0.00026063967
0,164020,0.00026060204
0,164030,0.0002605644
0,164040,0.00026052678
0,164050,0.00026048918
0,164060,0.00026045158
0,164070,0.00026041397
0,164080,0.00026037637
0,164090,0.0002603388
0,164100,0.0002603012
0,164110,0.00026026362
0,164120,0.00026022605
0,164130,0.00026018848
0,164140,0.00026015093
0,164150,0.00026011336
0,164160,0.00026007582
0,164170,0.00026003827
0,164180,0.00026000073
0,164190,0.0002599632
0,164200,0.00025992567
0,164210,0.00025988815
0,164220,0.00025985064
0,164230,0.00025981313
0,164240,0.0002597756
0,164250,0.0002597381
0,164260,0.0002597006
0,164270,0.00025966312
0,164280,0.00025962564
0,164290,0.00025958815
0,164300,0.00025955067
0,164310,0.0002595132
0,164320,0.00025947575
0,164330,0.0002594383
0,164340,0.00025940084
0,164350,0.00025936338
0,164360,0.00025932596
0,164370,0.0002592885
0,164380,0.00025925107
0,164390,0.00025921364
0,164400,0.00025917622
0,164410,0.00025913882
0,164420,0.00025910142
0,164430,0.000259064
0,164440,0.0002590266
0,164450,0.00025898922
0,164460,0.00025895183
0,164470,0.00025891443
0,164480,0.00025887706
0,164490,0.0002588397
0,164500,0.00025880232
0,164510,0.00025876498
0,164520,0.0002587276
0,164530,0.00025869027
0,164540,0.00025865293
0,164550,0.0002586156
0,164560,0.00025857825
0,164570,0.0002585409
0,164580,0.0002585036
0,164590,0.0002584663
0,164600,0.00025842898
0,164610,0.00025839166
0,164620,0.00025835435
0,164630,0.00025831707
0,164640,0.00025827976
0,164650,0.00025824248
0,164660,0.0002582052
0,164670,0.00025816794
0,164680,0.00025813066
0,164690,0.0002580934
0,164700,0.00025805616
0,164710,0.0002580189
0,164720,0.00025798165
0,164730,0.0002579444
0,164740,0.00025790717
0,164750,0.00025786995
0,164760,0.00025783273
0,164770,0.0002577955
0,164780,0.00025775828
0,164790,0.00025772108
0,164800,0.00025768386
0,164810,0.00025764666
0,164820,0.00025760947
0,164830,0.0002575723
0,164840,0.0002575351
0,164850,0.00025749794
0,164860,0.00025746075
0,164870,0.00025742358
0,164880,0.00025738645
0,164890,0.00025734928
0,164900,0.00025731215
0,164910,0.00025727498
0,164920,0.00025723784
0,164930,0.0002572007
0,164940,0.0002571636
0,164950,0.00025712646
0,164960,0.00025708936
0,164970,0.00025705225
0,164980,0.00025701514
0,164990,0.00025697803
0,165000,0.00025694093
0,165010,0.00025690385
0,165020,0.00025686677
0,165030,0.0002568297
0,165040,0.0002567926
0,165050,0.00025675553
0,165060,0.0002567185
0,165070,0.0002566814
0,165080,0.00025664436
0,165090,0.0002566073
0,165100,0.0002565703
0,165110,0.00025653324
0,165120,0.00025649622
0,165130,0.0002564592
0,165140,0.00025642218
0,165150,0.00025638516
0,165160,0.00025634814
0,165170,0.00025631115
0,165180,0.00025627413
0,165190,0.00025623714
0,165200,0.00025620018
0,165210,0.00025616318
0,165220,0.0002561262
0,165230,0.00025608923
0,165240,0.00025605227
0,165250,0.0002560153
0,165260,0.00025597835
0,165270,0.00025594138
0,165280,0.00025590445
0,165290,0.00025586752
0,165300,0.0002558306
0,165310,0.00025579365
0,165320,0.00025575672
0,165330,0.00025571982
0,165340,0.00025568288
0,165350,0.00025564598
0,165360,0.00025560908
0,165370,0.0002555722
0,165380,0.0002555353
0,165390,0.00025549842
0,165400,0.00025546155
0,165410,0.00025542467
0,165420,0.0002553878
0,165430,0.00025535093
0,165440,0.00025531408
0,165450,0.0002552772
0,165460,0.00025524036
0,165470,0.00025520351
0,165480,0.0002551667
0,165490,0.00025512985
0,165500,0.00025509304
0,165510,0.00025505622
0,165520,0.0002550194
0,165530,0.0002549826
0,165540,0.00025494577
0,165550,0.00025490898
0,165560,0.00025487217
0,165570,0.00025483538
0,165580,0.0002547986
0,165590,0.00025476184
0,165600,0.00025472505
0,165610,0.0002546883
0,165620,0.00025465153
0,165630,0.00025461477
0,165640,0.00025457802
0,165650,0.00025454126
0,165660,0.00025450453
0,165670,0.0002544678
0,165680,0.00025443107
0,165690,0.00025439434
0,165700,0.0002543576
0,165710,0.0002543209
0,165720,0.00025428418
0,165730,0.00025424748
0,165740,0.00025421078
0,165750,0.00025417408
0,165760,0.0002541374
0,165770,0.00025410074
0,165780,0.00025406404
0,165790,0.00025402737
0,165800,0.0002539907
0,165810,0.00025395406
0,165820,0.0002539174
0,165830,0.00025388075
0,165840,0.0002538441
0,165850,0.00025380746
0,165860,0.00025377082
0,165870,0.0002537342
0,165880,0.00025369757
0,165890,0.00025366095
0,165900,0.00025362434
0,165910,0.00025358773
0,165920,0.00025355112
0,165930,0.00025351453
0,165940,0.00025347795
0,165950,0.00025344137
0,165960,0.00025340478
0,165970,0.0002533682
0,165980,0.00025333161
0,165990,0.00025329506
0,166000,0.0002532585
0,166010,0.00025322195
0,166020,0.0002531854
0,166030,0.00025314884
0,166040,0.00025311232
0,166050,0.0002530758
0,166060,0.00025303924
0,166070,0.00025300274
0,166080,0.00025296622
0,166090,0.0002529297
0,166100,0.0002528932
0,166110,0.0002528567
0,166120,0.0002528202
0,166130,0.0002527837
0,166140,0.0002527472
0,166150,0.00025271074
0,166160,0.00025267428
0,166170,0.00025263778
0,166180,0.00025260134
0,166190,0.00025256487
0,166200,0.0002525284
0,166210,0.00025249197
0,166220,0.00025245553
0,166230,0.0002524191
0,166240,0.00025238266
0,166250,0.00025234622
0,166260,0.0002523098
0,166270,0.00025227337
0,166280,0.00025223696
0,166290,0.00025220055
0,166300,0.00025216417
0,166310,0.00025212776
0,166320,0.00025209138
0,166330,0.000252055
0,166340,0.00025201862
0,166350,0.00025198224
0,166360,0.00025194586
0,166370,0.0002519095
0,166380,0.00025187313
0,166390,0.00025183678
0,166400,0.00025180043
0,166410,0.0002517641
0,166420,0.00025172776
0,166430,0.00025169144
0,166440,0.00025165512
0,166450,0.0002516188
0,166460,0.00025158247
0,166470,0.00025154615
0,166480,0.00025150986
0,166490,0.00025147354
0,166500,0.00025143725
0,166510,0.00025140095
0,166520,0.0002513647
0,166530,0.0002513284
0,166540,0.00025129213
0,166550,0.00025125587
0,166560,0.0002512196
0,166570,0.00025118334
0,166580,0.00025114708
0,166590,0.00025111085
0,166600,0.00025107458
0,166610,0.00025103835
0,166620,0.00025100211
0,166630,0.0002509659
0,166640,0.00025092968
0,166650,0.00025089347
0,166660,0.00025085724
0,166670,0.00025082103
0,166680,0.00025078485
0,166690,0.00025074865
0,166700,0.00025071244
0,166710,0.00025067627
0,166720,0.0002506401
0,166730,0.00025060392
0,166740,0.00025056774
0,166750,0.0002505316
0,166760,0.00025049542
0,166770,0.00025045927
0,166780,0.00025042312
0,166790,0.00025038698
0,166800,0.00025035086
0,166810,0.0002503147
0,166820,0.0002502786
0,166830,0.00025024248
0,166840,0.00025020636
0,166850,0.00025017024
0,166860,0.00025013412
0,166870,0.00025009803
0,166880,0.00025006194
0,166890,0.00025002586
0,166900,0.00024998977
0,166910,0.00024995368
0,166920,0.00024991762
0,166930,0.00024988153
0,166940,0.00024984547
0,166950,0.0002498094
0,166960,0.00024977335
0,166970,0.00024973732
0,166980,0.00024970126
0,166990,0.00024966523
0,167000,0.0002496292
0,167010,0.00024959317
0,167020,0.00024955714
0,167030,0.00024952114
0,167040,0.00024948514
0,167050,0.0002494491
0,167060,0.0002494131
0,167070,0.00024937713
0,167080,0.00024934113
0,167090,0.00024930516
0,167100,0.00024926916
0,167110,0.00024923318
0,167120,0.0002491972
0,167130,0.00024916127
0,167140,0.0002491253
0,167150,0.00024908935
0,167160,0.00024905338
0,167170,0.00024901744
0,167180,0.00024898152
0,167190,0.00024894558
0,167200,0.00024890964
0,167210,0.00024887372
0,167220,0.0002488378
0,167230,0.0002488019
0,167240,0.00024876598
0,167250,0.0002487301
0,167260,0.00024869418
0,167270,0.0002486583
0,167280,0.0002486224
0,167290,0.00024858653
0,167300,0.00024855067
0,167310,0.00024851479
0,167320,0.00024847893
0,167330,0.00024844307
0,167340,0.00024840722
0,167350,0.00024837136
0,167360,0.0002483355
0,167370,0.00024829968
0,167380,0.00024826385
0,167390,0.00024822803
0,167400,0.0002481922
0,167410,0.00024815637
0,167420,0.00024812054
0,167430,0.00024808475
0,167440,0.00024804895
0,167450,0.00024801315
0,167460,0.00024797735
0,167470,0.00024794156
0,167480,0.0002479058
0,167490,0.00024787002
0,167500,0.00024783425
0,167510,0.00024779848
0,167520,0.0002477627
0,167530,0.00024772694
0,167540,0.0002476912
0,167550,0.00024765547
0,167560,0.00024761973
0,167570,0.000247584
0,167580,0.00024754825
0,167590,0.00024751254
0,167600,0.0002474768
0,167610,0.0002474411
0,167620,0.00024740538
0,167630,0.0002473697
0,167640,0.00024733398
0,167650,0.0002472983
0,167660,0.0002472626
0,167670,0.0002472269
0,167680,0.00024719123
0,167690,0.00024715558
0,167700,0.0002471199
0,167710,0.00024708424
0,167720,0.0002470486
0,167730,0.00024701294
0,167740,0.0002469773
0,167750,0.00024694164
0,167760,0.000246906
0,167770,0.00024687036
0,167780,0.00024683474
0,167790,0.0002467991
0,167800,0.00024676352
0,167810,0.0002467279
0,167820,0.0002466923
0,167830,0.00024665668
0,167840,0.0002466211
0,167850,0.0002465855
0,167860,0.00024654993
0,167870,0.00024651433
0,167880,0.00024647877
0,167890,0.0002464432
0,167900,0.00024640764
0,167910,0.00024637207
0,167920,0.0002463365
0,167930,0.00024630097
0,167940,0.00024626544
0,167950,0.0002462299
0,167960,0.00024619437
0,167970,0.00024615883
0,167980,0.0002461233
0,167990,0.0002460878
0,168000,0.00024605228
0,168010,0.00024601677
0,168020,0.00024598127
0,168030,0.00024594576
0,168040,0.00024591028
0,168050,0.00024587478
0,168060,0.0002458393
0,168070,0.00024580382
0,168080,0.00024576837
0,168090,0.0002457329
0,168100,0.00024569745
0,168110,0.00024566197
0,168120,0.00024562652
0,168130,0.00024559107
0,168140,0.00024555565
0,168150,0.0002455202
0,168160,0.00024548479
0,168170,0.00024544937
0,168180,0.00024541392
0,168190,0.00024537853
0,168200,0.0002453431
0,168210,0.00024530772
0,168220,0.0002452723
0,168230,0.0002452369
0,168240,0.00024520152
0,168250,0.00024516613
0,168260,0.00024513077
0,168270,0.00024509538
0,168280,0.00024506002
0,168290,0.00024502465
0,168300,0.0002449893
0,168310,0.00024495393
0,168320,0.0002449186
0,168330,0.00024488327
0,168340,0.0002448479
0,168350,0.00024481257
0,168360,0.00024477724
0,168370,0.00024474194
0,168380,0.0002447066
0,168390,0.0002446713
0,168400,0.000244636
0,168410,0.0002446007
0,168420,0.0002445654
0,168430,0.00024453012
0,168440,0.00024449482
0,168450,0.00024445954
0,168460,0.00024442427
0,168470,0.000244389
0,168480,0.00024435372
0,168490,0.00024431848
0,168500,0.0002442832
0,168510,0.00024424796
0,168520,0.00024421272
0,168530,0.00024417747
0,168540,0.00024414225
0,168550,0.00024410701
0,168560,0.0002440718
0,168570,0.00024403656
0,168580,0.00024400136
0,168590,0.00024396615
0,168600,0.00024393095
0,168610,0.00024389575
0,168620,0.00024386054
0,168630,0.00024382536
0,168640,0.00024379017
0,168650,0.000243755
0,168660,0.00024371983
0,168670,0.00024368466
0,168680,0.0002436495
0,168690,0.00024361434
0,168700,0.00024357918
0,168710,0.00024354404
0,168720,0.0002435089
0,168730,0.00024347375
0,168740,0.00024343863
0,168750,0.0002434035
0,168760,0.00024336837
0,168770,0.00024333326
0,168780,0.00024329814
0,168790,0.00024326304
0,168800,0.00024322793
0,168810,0.00024319284
0,168820,0.00024315774
0,168830,0.00024312266
0,168840,0.00024308758
0,168850,0.0002430525
0,168860,0.00024301744
0,168870,0.00024298237
0,168880,0.0002429473
0,168890,0.00024291224
0,168900,0.0002428772
0,168910,0.00024284214
0,168920,0.0002428071
0,168930,0.00024277208
0,168940,0.00024273705
0,168950,0.00024270202
0,168960,0.000242667
0,168970,0.00024263198
0,168980,0.00024259697
0,168990,0.00024256196
0,169000,0.00024252696
0,169010,0.00024249197
0,169020,0.00024245698
0,169030,0.000242422
0,169040,0.00024238702
0,169050,0.00024235203
0,169060,0.00024231707
0,169070,0.00024228211
0,169080,0.00024224714
0,169090,0.00024221219
0,169100,0.00024217725
0,169110,0.0002421423
0,169120,0.00024210736
0,169130,0.00024207243
0,169140,0.0002420375
0,169150,0.00024200257
0,169160,0.00024196766
0,169170,0.00024193274
0,169180,0.00024189784
0,169190,0.00024186293
0,169200,0.00024182803
0,169210,0.00024179314
0,169220,0.00024175824
0,169230,0.00024172336
0,169240,0.00024168848
0,169250,0.00024165362
0,169260,0.00024161875
0,169270,0.00024158388
0,169280,0.00024154903
0,169290,0.00024151418
0,169300,0.00024147933
0,169310,0.00024144449
0,169320,0.00024140965
0,169330,0.00024137482
0,169340,0.00024133999
0,169350,0.00024130517
0,169360,0.00024127035
0,169370,0.00024123554
0,169380,0.00024120073
0,169390,0.00024116592
0,169400,0.00024113113
0,169410,0.00024109634
0,169420,0.00024106154
0,169430,0.00024102676
0,169440,0.00024099198
0,169450,0.00024095722
0,169460,0.00024092245
0,169470,0.00024088769
0,169480,0.00024085293
0,169490,0.00024081818
0,169500,0.00024078344
0,169510,0.00024074869
0,169520,0.00024071395
0,169530,0.00024067922
0,169540,0.0002406445
0,169550,0.00024060978
0,169560,0.00024057506
0,169570,0.00024054035
0,169580,0.00024050564
0,169590,0.00024047094
0,169600,0.00024043625
0,169610,0.00024040155
0,169620,0.00024036686
0,169630,0.00024033219
0,169640,0.00024029751
0,169650,0.00024026285
0,169660,0.00024022817
0,169670,0.00024019352
0,169680,0.00024015886
0,169690,0.00024012421
0,169700,0.00024008956
0,169710,0.00024005491
0,169720,0.00024002028
0,169730,0.00023998566
0,169740,0.00023995103
0,169750,0.00023991641
0,169760,0.00023988179
0,169770,0.00023984718
0,169780,0.00023981258
0,169790,0.00023977798
0,169800,0.00023974339
0,169810,0.0002397088
0,169820,0.0002396742
0,169830,0.00023963963
0,169840,0.00023960505
0,169850,0.00023957048
0,169860,0.00023953592
0,169870,0.00023950136
0,169880,0.0002394668
0,169890,0.00023943225
0,169900,0.0002393977
0,169910,0.00023936316
0,169920,0.00023932863
0,169930,0.0002392941
0,169940,0.00023925958
0,169950,0.00023922505
0,169960,0.00023919054
0,169970,0.00023915603
0,169980,0.00023912152
0,169990,0.00023908702
0,170000,0.00023905253
0,170010,0.00023901803
0,170020,0.00023898356
0,170030,0.00023894907
0,170040,0.0002389146
0,170050,0.00023888012
0,170060,0.00023884566
0,170070,0.0002388112
0,170080,0.00023877675
0,170090,0.0002387423
0,170100,0.00023870786
0,170110,0.00023867341
0,170120,0.00023863898
0,170130,0.00023860455
0,170140,0.00023857012
0,170150,0.00023853571
0,170160,0.00023850129
0,170170,0.00023846688
0,170180,0.00023843248
0,170190,0.00023839808
0,170200,0.00023836367
0,170210,0.00023832929
0,170220,0.0002382949
0,170230,0.00023826053
0,170240,0.00023822614
0,170250,0.00023819177
0,170260,0.00023815742
0,170270,0.00023812306
0,170280,0.0002380887
0,170290,0.00023805434
0,170300,0.00023802
0,170310,0.00023798566
0,170320,0.00023795133
0,170330,0.000237917
0,170340,0.00023788268
0,170350,0.00023784835
0,170360,0.00023781403
0,170370,0.00023777974
0,170380,0.00023774542
0,170390,0.00023771112
0,170400,0.00023767682
0,170410,0.00023764254
0,170420,0.00023760826
0,170430,0.00023757397
0,170440,0.0002375397
0,170450,0.00023750543
0,170460,0.00023747116
0,170470,0.0002374369
0,170480,0.00023740265
0,170490,0.0002373684
0,170500,0.00023733416
0,170510,0.00023729992
0,170520,0.00023726567
0,170530,0.00023723145
0,170540,0.00023719722
0,170550,0.000237163
0,170560,0.00023712878
0,170570,0.00023709457
0,170580,0.00023706038
0,170590,0.00023702616
0,170600,0.00023699198
0,170610,0.00023695779
0,170620,0.0002369236
0,170630,0.00023688942
0,170640,0.00023685524
0,170650,0.00023682107
0,170660,0.0002367869
0,170670,0.00023675275
0,170680,0.0002367186
0,170690,0.00023668444
0,170700,0.00023665029
0,170710,0.00023661615
0,170720,0.00023658201
0,170730,0.00023654789
0,170740,0.00023651376
0,170750,0.00023647964
0,170760,0.00023644553
0,170770,0.00023641142
0,170780,0.00023637731
0,170790,0.0002363432
0,170800,0.0002363091
0,170810,0.00023627502
0,170820,0.00023624093
0,170830,0.00023620685
0,170840,0.00023617277
0,170850,0.0002361387
0,170860,0.00023610464
0,170870,0.00023607057
0,170880,0.00023603652
0,170890,0.00023600247
0,170900,0.00023596841
0,170910,0.00023593438
0,170920,0.00023590034
0,170930,0.0002358663
0,170940,0.00023583228
0,170950,0.00023579826
0,170960,0.00023576424
0,170970,0.00023573023
0,170980,0.00023569622
0,170990,0.00023566223
0,171000,0.00023562822
0,171010,0.00023559423
0,171020,0.00023556025
0,171030,0.00023552627
0,171040,0.00023549229
0,171050,0.00023545831
0,171060,0.00023542435
0,171070,0.00023539038
0,171080,0.00023535642
0,171090,0.00023532247
0,171100,0.00023528852
0,171110,0.00023525459
0,171120,0.00023522065
0,171130,0.00023518672
0,171140,0.00023515278
0,171150,0.00023511886
0,171160,0.00023508494
0,171170,0.00023505103
0,171180,0.00023501711
0,171190,0.00023498322
0,171200,0.00023494932
0,171210,0.00023491542
0,171220,0.00023488153
0,171230,0.00023484766
0,171240,0.00023481378
0,171250,0.0002347799
0,171260,0.00023474602
0,171270,0.00023471216
0,171280,0.0002346783
0,171290,0.00023464445
0,171300,0.0002346106
0,171310,0.00023457676
0,171320,0.00023454292
0,171330,0.00023450909
0,171340,0.00023447526
0,171350,0.00023444142
0,171360,0.0002344076
0,171370,0.0002343738
0,171380,0.00023433998
0,171390,0.00023430618
0,171400,0.00023427237
0,171410,0.00023423859
0,171420,0.0002342048
0,171430,0.000234171
0,171440,0.00023413723
0,171450,0.00023410346
0,171460,0.00023406968
0,171470,0.00023403592
0,171480,0.00023400216
0,171490,0.0002339684
0,171500,0.00023393465
0,171510,0.00023390091
0,171520,0.00023386716
0,171530,0.00023383343
0,171540,0.0002337997
0,171550,0.00023376597
0,171560,0.00023373225
0,171570,0.00023369853
0,171580,0.00023366482
0,171590,0.00023363112
0,171600,0.00023359741
0,171610,0.00023356371
0,171620,0.00023353002
0,171630,0.00023349634
0,171640,0.00023346265
0,171650,0.00023342897
0,171660,0.0002333953
0,171670,0.00023336163
0,171680,0.00023332797
0,171690,0.00023329431
0,171700,0.00023326065
0,171710,0.00023322701
0,171720,0.00023319336
0,171730,0.00023315972
0,171740,0.00023312609
0,171750,0.00023309246
0,171760,0.00023305885
0,171770,0.00023302522
0,171780,0.0002329916
0,171790,0.000232958
0,171800,0.0002329244
0,171810,0.0002328908
0,171820,0.0002328572
0,171830,0.00023282362
0,171840,0.00023279003
0,171850,0.00023275644
0,171860,0.00023272287
0,171870,0.0002326893
0,171880,0.00023265574
0,171890,0.00023262217
0,171900,0.00023258862
0,171910,0.00023255507
0,171920,0.00023252153
0,171930,0.00023248799
0,171940,0.00023245445
0,171950,0.00023242092
0,171960,0.00023238739
0,171970,0.00023235386
0,171980,0.00023232035
0,171990,0.00023228684
0,172000,0.00023225334
0,172010,0.00023221984
0,172020,0.00023218634
0,172030,0.00023215284
0,172040,0.00023211936
0,172050,0.00023208588
0,172060,0.00023205239
0,172070,0.00023201892
0,172080,0.00023198545
0,172090,0.000231952
0,172100,0.00023191854
0,172110,0.00023188509
0,172120,0.00023185163
0,172130,0.0002318182
0,172140,0.00023178475
0,172150,0.00023175131
0,172160,0.00023171789
0,172170,0.00023168446
0,172180,0.00023165105
0,172190,0.00023161764
0,172200,0.00023158423
0,172210,0.00023155082
0,172220,0.00023151742
0,172230,0.00023148402
0,172240,0.00023145064
0,172250,0.00023141725
0,172260,0.00023138388
0,172270,0.0002313505
0,172280,0.00023131713
0,172290,0.00023128376
0,172300,0.0002312504
0,172310,0.00023121704
0,172320,0.00023118369
0,172330,0.00023115035
0,172340,0.00023111701
0,172350,0.00023108367
0,172360,0.00023105033
0,172370,0.00023101701
0,172380,0.00023098369
0,172390,0.00023095036
0,172400,0.00023091705
0,172410,0.00023088374
0,172420,0.00023085045
0,172430,0.00023081715
0,172440,0.00023078386
0,172450,0.00023075056
0,172460,0.00023071728
0,172470,0.000230684
0,172480,0.00023065074
0,172490,0.00023061746
0,172500,0.00023058419
0,172510,0.00023055094
0,172520,0.00023051769
0,172530,0.00023048444
0,172540,0.00023045119
0,172550,0.00023041795
0,172560,0.00023038471
0,172570,0.00023035149
0,172580,0.00023031826
0,172590,0.00023028503
0,172600,0.00023025183
0,172610,0.00023021862
0,172620,0.00023018541
0,172630,0.0002301522
0,172640,0.00023011901
0,172650,0.00023008582
0,172660,0.00023005262
0,172670,0.00023001945
0,172680,0.00022998627
0,172690,0.0002299531
0,172700,0.00022991993
0,172710,0.00022988678
0,172720,0.00022985361
0,172730,0.00022982046
0,172740,0.00022978731
0,172750,0.00022975417
0,172760,0.00022972103
0,172770,0.0002296879
0,172780,0.00022965476
0,172790,0.00022962164
0,172800,0.00022958852
0,172810,0.00022955541
0,172820,0.0002295223
0,172830,0.00022948919
0,172840,0.0002294561
0,172850,0.00022942299
0,172860,0.0002293899
0,172870,0.00022935683
0,172880,0.00022932375
0,172890,0.00022929067
0,172900,0.0002292576
0,172910,0.00022922453
0,172920,0.00022919147
0,172930,0.00022915841
0,172940,0.00022912536
0,172950,0.00022909231
0,172960,0.00022905927
0,172970,0.00022902623
0,172980,0.0002289932
0,172990,0.00022896017
0,173000,0.00022892715
0,173010,0.00022889413
0,173020,0.00022886111
0,173030,0.00022882811
0,173040,0.0002287951
0,173050,0.0002287621
0,173060,0.00022872911
0,173070,0.00022869612
0,173080,0.00022866314
0,173090,0.00022863016
0,173100,0.00022859719
0,173110,0.00022856421
0,173120,0.00022853125
0,173130,0.00022849828
0,173140,0.00022846533
0,173150,0.00022843237
0,173160,0.00022839943
0,173170,0.0002283665
0,173180,0.00022833355
0,173190,0.00022830062
0,173200,0.00022826769
0,173210,0.00022823477
0,173220,0.00022820185
0,173230,0.00022816894
0,173240,0.00022813604
0,173250,0.00022810313
0,173260,0.00022807023
0,173270,0.00022803733
0,173280,0.00022800444
0,173290,0.00022797156
0,173300,0.00022793868
0,173310,0.00022790581
0,173320,0.00022787294
0,173330,0.00022784008
0,173340,0.0002278072
0,173350,0.00022777436
0,173360,0.0002277415
0,173370,0.00022770866
0,173380,0.00022767582
0,173390,0.00022764299
0,173400,0.00022761014
0,173410,0.00022757733
0,173420,0.0002275445
0,173430,0.00022751169
0,173440,0.00022747887
0,173450,0.00022744606
0,173460,0.00022741326
0,173470,0.00022738046
0,173480,0.00022734767
0,173490,0.00022731489
0,173500,0.0002272821
0,173510,0.00022724931
0,173520,0.00022721654
0,173530,0.00022718377
0,173540,0.000227151
0,173550,0.00022711825
0,173560,0.00022708549
0,173570,0.00022705275
0,173580,0.00022701999
0,173590,0.00022698725
0,173600,0.00022695452
0,173610,0.00022692178
0,173620,0.00022688905
0,173630,0.00022685634
0,173640,0.00022682361
0,173650,0.0002267909
0,173660,0.0002267582
0,173670,0.00022672549
0,173680,0.00022669279
0,173690,0.00022666011
0,173700,0.00022662741
0,173710,0.00022659473
0,173720,0.00022656206
0,173730,0.00022652937
0,173740,0.0002264967
0,173750,0.00022646405
0,173760,0.00022643138
0,173770,0.00022639873
0,173780,0.00022636607
0,173790,0.00022633343
0,173800,0.00022630079
0,173810,0.00022626815
0,173820,0.00022623553
0,173830,0.00022620289
0,173840,0.00022617028
0,173850,0.00022613765
0,173860,0.00022610504
0,173870,0.00022607243
0,173880,0.00022603983
0,173890,0.00022600724
0,173900,0.00022597464
0,173910,0.00022594204
0,173920,0.00022590946
0,173930,0.00022587688
0,173940,0.00022584431
0,173950,0.00022581173
0,173960,0.00022577918
0,173970,0.00022574661
0,173980,0.00022571406
0,173990,0.0002256815
0,174000,0.00022564895
0,174010,0.00022561642
0,174020,0.00022558388
0,174030,0.00022555134
0,174040,0.00022551882
0,174050,0.00022548629
0,174060,0.00022545378
0,174070,0.00022542126
0,174080,0.00022538875
0,174090,0.00022535626
0,174100,0.00022532375
0,174110,0.00022529125
0,174120,0.00022525877
0,174130,0.00022522628
0,174140,0.0002251938
0,174150,0.00022516132
0,174160,0.00022512885
0,174170,0.00022509639
0,174180,0.00022506392
0,174190,0.00022503147
0,174200,0.00022499902
0,174210,0.00022496657
0,174220,0.00022493412
0,174230,0.00022490168
0,174240,0.00022486926
0,174250,0.00022483683
0,174260,0.0002248044
0,174270,0.00022477198
0,174280,0.00022473958
0,174290,0.00022470715
0,174300,0.00022467476
0,174310,0.00022464235
0,174320,0.00022460996
0,174330,0.00022457757
0,174340,0.00022454518
0,174350,0.0002245128
0,174360,0.00022448042
0,174370,0.00022444806
0,174380,0.00022441568
0,174390,0.00022438332
0,174400,0.00022435097
0,174410,0.00022431862
0,174420,0.00022428627
0,174430,0.00022425392
0,174440,0.00022422159
0,174450,0.00022418925
0,174460,0.00022415692
0,174470,0.0002241246
0,174480,0.00022409228
0,174490,0.00022405996
0,174500,0.00022402764
0,174510,0.00022399533
0,174520,0.00022396304
0,174530,0.00022393074
0,174540,0.00022389845
0,174550,0.00022386615
0,174560,0.00022383388
0,174570,0.0002238016
0,174580,0.00022376933
0,174590,0.00022373705
0,174600,0.00022370479
0,174610,0.00022367253
0,174620,0.00022364028
0,174630,0.00022360803
0,174640,0.00022357579
0,174650,0.00022354354
0,174660,0.0002235113
0,174670,0.00022347907
0,174680,0.00022344686
0,174690,0.00022341462
0,174700,0.0002233824
0,174710,0.0002233502
0,174720,0.00022331798
0,174730,0.00022328578
0,174740,0.00022325359
0,174750,0.00022322139
0,174760,0.0002231892
0,174770,0.00022315703
0,174780,0.00022312484
0,174790,0.00022309266
0,174800,0.0002230605
0,174810,0.00022302833
0,174820,0.00022299617
0,174830,0.00022296401
0,174840,0.00022293186
0,174850,0.00022289972
0,174860,0.00022286757
0,174870,0.00022283543
0,174880,0.0002228033
0,174890,0.00022277117
0,174900,0.00022273905
0,174910,0.00022270693
0,174920,0.00022267482
0,174930,0.0002226427
0,174940,0.0002226106
0,174950,0.0002225785
0,174960,0.00022254641
0,174970,0.00022251431
0,174980,0.00022248222
0,174990,0.00022245015
0,175000,0.00022241806
0,175010,0.00022238599
0,175020,0.00022235393
0,175030,0.00022232186
0,175040,0.0002222898
0,175050,0.00022225776
0,175060,0.0002222257
0,175070,0.00022219366
0,175080,0.00022216162
0,175090,0.00022212959
0,175100,0.00022209756
0,175110,0.00022206553
0,175120,0.00022203352
0,175130,0.00022200149
0,175140,0.00022196949
0,175150,0.00022193747
0,175160,0.00022190547
0,175170,0.00022187347
0,175180,0.00022184147
0,175190,0.00022180949
0,175200,0.0002217775
0,175210,0.00022174553
0,175220,0.00022171355
0,175230,0.00022168159
0,175240,0.00022164962
0,175250,0.00022161767
0,175260,0.00022158571
0,175270,0.00022155375
0,175280,0.00022152181
0,175290,0.00022148986
0,175300,0.00022145793
0,175310,0.00022142599
0,175320,0.00022139406
0,175330,0.00022136215
0,175340,0.00022133022
0,175350,0.00022129831
0,175360,0.0002212664
0,175370,0.0002212345
0,175380,0.00022120259
0,175390,0.0002211707
0,175400,0.0002211388
0,175410,0.00022110692
0,175420,0.00022107504
0,175430,0.00022104316
0,175440,0.00022101129
0,175450,0.00022097942
0,175460,0.00022094756
0,175470,0.0002209157
0,175480,0.00022088384
0,175490,0.000220852
0,175500,0.00022082015
0,175510,0.00022078831
0,175520,0.00022075648
0,175530,0.00022072464
0,175540,0.00022069282
0,175550,0.000220661
0,175560,0.00022062918
0,175570,0.00022059737
0,175580,0.00022056556
0,175590,0.00022053375
0,175600,0.00022050196
0,175610,0.00022047016
0,175620,0.00022043838
0,175630,0.0002204066
0,175640,0.00022037482
0,175650,0.00022034303
0,175660,0.00022031127
0,175670,0.0002202795
0,175680,0.00022024773
0,175690,0.00022021598
0,175700,0.00022018423
0,175710,0.00022015248
0,175720,0.00022012074
0,175730,0.000220089
0,175740,0.00022005726
0,175750,0.00022002554
0,175760,0.00021999382
0,175770,0.0002199621
0,175780,0.00021993037
0,175790,0.00021989866
0,175800,0.00021986695
0,175810,0.00021983526
0,175820,0.00021980357
0,175830,0.00021977187
0,175840,0.00021974018
0,175850,0.0002197085
0,175860,0.00021967682
0,175870,0.00021964515
0,175880,0.00021961347
0,175890,0.00021958181
0,175900,0.00021955016
0,175910,0.0002195185
0,175920,0.00021948684
0,175930,0.00021945519
0,175940,0.00021942356
0,175950,0.00021939192
0,175960,0.00021936028
0,175970,0.00021932866
0,175980,0.00021929704
0,175990,0.00021926542
0,176000,0.0002192338
0,176010,0.0002192022
0,176020,0.00021917059
0,176030,0.000219139
0,176040,0.00021910739
0,176050,0.00021907581
0,176060,0.00021904422
0,176070,0.00021901264
0,176080,0.00021898106
0,176090,0.00021894948
0,176100,0.00021891792
0,176110,0.00021888636
0,176120,0.0002188548
0,176130,0.00021882325
0,176140,0.00021879168
0,176150,0.00021876015
0,176160,0.0002187286
0,176170,0.00021869707
0,176180,0.00021866553
0,176190,0.00021863401
0,176200,0.0002186025
0,176210,0.00021857097
0,176220,0.00021853946
0,176230,0.00021850795
0,176240,0.00021847645
0,176250,0.00021844494
0,176260,0.00021841345
0,176270,0.00021838196
0,176280,0.00021835047
0,176290,0.000218319
0,176300,0.00021828752
0,176310,0.00021825604
0,176320,0.00021822458
0,176330,0.00021819312
0,176340,0.00021816166
0,176350,0.0002181302
0,176360,0.00021809875
0,176370,0.0002180673
0,176380,0.00021803587
0,176390,0.00021800444
0,176400,0.000217973
0,176410,0.00021794158
0,176420,0.00021791016
0,176430,0.00021787874
0,176440,0.00021784732
0,176450,0.00021781592
0,176460,0.00021778452
0,176470,0.00021775311
0,176480,0.00021772172
0,176490,0.00021769034
0,176500,0.00021765895
0,176510,0.00021762756
0,176520,0.00021759619
0,176530,0.00021756481
0,176540,0.00021753345
0,176550,0.00021750209
0,176560,0.00021747073
0,176570,0.00021743937
0,176580,0.00021740803
0,176590,0.00021737668
0,176600,0.00021734534
0,176610,0.00021731401
0,176620,0.00021728268
0,176630,0.00021725135
0,176640,0.00021722003
0,176650,0.00021718872
0,176660,0.0002171574
0,176670,0.0002171261
0,176680,0.00021709478
0,176690,0.0002170635
0,176700,0.0002170322
0,176710,0.00021700091
0,176720,0.00021696962
0,176730,0.00021693834
0,176740,0.00021690706
0,176750,0.0002168758
0,176760,0.00021684454
0,176770,0.00021681326
0,176780,0.000216782
0,176790,0.00021675076
0,176800,0.0002167195
0,176810,0.00021668826
0,176820,0.00021665702
0,176830,0.00021662579
0,176840,0.00021659456
0,176850,0.00021656333
0,176860,0.0002165321
0,176870,0.00021650089
0,176880,0.00021646968
0,176890,0.00021643848
0,176900,0.00021640726
0,176910,0.00021637607
0,176920,0.00021634488
0,176930,0.00021631368
0,176940,0.0002162825
0,176950,0.00021625133
0,176960,0.00021622014
0,176970,0.00021618897
0,176980,0.0002161578
0,176990,0.00021612665
0,177000,0.00021609549
0,177010,0.00021606433
0,177020,0.00021603318
0,177030,0.00021600204
0,177040,0.0002159709
0,177050,0.00021593977
0,177060,0.00021590863
0,177070,0.0002158775
0,177080,0.00021584639
0,177090,0.00021581526
0,177100,0.00021578415
0,177110,0.00021575305
0,177120,0.00021572194
0,177130,0.00021569084
0,177140,0.00021565975
0,177150,0.00021562866
0,177160,0.00021559758
0,177170,0.0002155665
0,177180,0.00021553542
0,177190,0.00021550435
0,177200,0.00021547328
0,177210,0.00021544221
0,177220,0.00021541116
0,177230,0.0002153801
0,177240,0.00021534905
0,177250,0.00021531801
0,177260,0.00021528697
0,177270,0.00021525593
0,177280,0.0002152249
0,177290,0.00021519388
0,177300,0.00021516286
0,177310,0.00021513183
0,177320,0.00021510082
0,177330,0.00021506981
0,177340,0.0002150388
0,177350,0.0002150078
0,177360,0.00021497681
0,177370,0.00021494583
0,177380,0.00021491483
0,177390,0.00021488385
0,177400,0.00021485287
0,177410,0.0002148219
0,177420,0.00021479094
0,177430,0.00021475997
0,177440,0.000214729
0,177450,0.00021469806
0,177460,0.0002146671
0,177470,0.00021463617
0,177480,0.00021460523
0,177490,0.00021457429
0,177500,0.00021454335
0,177510,0.00021451243
0,177520,0.00021448151
0,177530,0.00021445059
0,177540,0.00021441966
0,177550,0.00021438875
0,177560,0.00021435786
0,177570,0.00021432695
0,177580,0.00021429606
0,177590,0.00021426516
0,177600,0.00021423427
0,177610,0.00021420339
0,177620,0.00021417251
0,177630,0.00021414165
0,177640,0.00021411077
0,177650,0.0002140799
0,177660,0.00021404905
0,177670,0.00021401819
0,177680,0.00021398734
0,177690,0.00021395649
0,177700,0.00021392565
0,177710,0.00021389482
0,177720,0.00021386398
0,177730,0.00021383315
0,177740,0.00021380233
0,177750,0.0002137715
0,177760,0.00021374068
0,177770,0.00021370988
0,177780,0.00021367907
0,177790,0.00021364827
0,177800,0.00021361747
0,177810,0.00021358668
0,177820,0.00021355589
0,177830,0.00021352511
0,177840,0.00021349432
0,177850,0.00021346356
0,177860,0.00021343278
0,177870,0.00021340202
0,177880,0.00021337126
0,177890,0.00021334049
0,177900,0.00021330974
0,177910,0.000213279
0,177920,0.00021324825
0,177930,0.00021321751
0,177940,0.00021318678
0,177950,0.00021315605
0,177960,0.00021312531
0,177970,0.0002130946
0,177980,0.00021306387
0,177990,0.00021303317
0,178000,0.00021300245
0,178010,0.00021297175
0,178020,0.00021294106
0,178030,0.00021291035
0,178040,0.00021287966
0,178050,0.00021284899
0,178060,0.0002128183
0,178070,0.00021278762
0,178080,0.00021275695
0,178090,0.00021272629
0,178100,0.00021269562
0,178110,0.00021266496
0,178120,0.0002126343
0,178130,0.00021260366
0,178140,0.00021257301
0,178150,0.00021254236
0,178160,0.00021251173
0,178170,0.0002124811
0,178180,0.00021245047
0,178190,0.00021241985
0,178200,0.00021238923
0,178210,0.00021235862
0,178220,0.000212328
0,178230,0.0002122974
0,178240,0.0002122668
0,178250,0.0002122362
0,178260,0.0002122056
0,178270,0.00021217501
0,178280,0.00021214444
0,178290,0.00021211385
0,178300,0.00021208328
0,178310,0.0002120527
0,178320,0.00021202215
0,178330,0.00021199159
0,178340,0.00021196103
0,178350,0.00021193047
0,178360,0.00021189993
0,178370,0.00021186938
0,178380,0.00021183884
0,178390,0.0002118083
0,178400,0.00021177778
0,178410,0.00021174725
0,178420,0.00021171673
0,178430,0.00021168622
0,178440,0.0002116557
0,178450,0.0002116252
0,178460,0.00021159468
0,178470,0.00021156418
0,178480,0.0002115337
0,178490,0.00021150321
0,178500,0.00021147272
0,178510,0.00021144224
0,178520,0.00021141177
0,178530,0.00021138128
0,178540,0.00021135082
0,178550,0.00021132035
0,178560,0.0002112899
0,178570,0.00021125944
0,178580,0.000211229
0,178590,0.00021119855
0,178600,0.00021116811
0,178610,0.00021113767
0,178620,0.00021110724
0,178630,0.00021107681
0,178640,0.00021104638
0,178650,0.00021101595
0,178660,0.00021098554
0,178670,0.00021095514
0,178680,0.00021092473
0,178690,0.00021089433
0,178700,0.00021086393
0,178710,0.00021083353
0,178720,0.00021080315
0,178730,0.00021077276
0,178740,0.00021074238
0,178750,0.00021071201
0,178760,0.00021068164
0,178770,0.00021065127
0,178780,0.00021062091
0,178790,0.00021059056
0,178800,0.0002105602
0,178810,0.00021052985
0,178820,0.00021049951
0,178830,0.00021046917
0,178840,0.00021043883
0,178850,0.0002104085
0,178860,0.00021037817
0,178870,0.00021034785
0,178880,0.00021031754
0,178890,0.00021028722
0,178900,0.00021025691
0,178910,0.0002102266
0,178920,0.0002101963
0,178930,0.000210166
0,178940,0.00021013571
0,178950,0.00021010543
0,178960,0.00021007514
0,178970,0.00021004486
0,178980,0.0002100146
0,178990,0.00020998433
0,179000,0.00020995406
0,179010,0.0002099238
0,179020,0.00020989354
0,179030,0.00020986328
0,179040,0.00020983304
0,179050,0.0002098028
0,179060,0.00020977257
0,179070,0.00020974233
0,179080,0.00020971209
0,179090,0.00020968186
0,179100,0.00020965165
0,179110,0.00020962143
0,179120,0.00020959122
0,179130,0.00020956101
0,179140,0.0002095308
0,179150,0.0002095006
0,179160,0.00020947041
0,179170,0.00020944022
0,179180,0.00020941003
0,179190,0.00020937985
0,179200,0.00020934967
0,179210,0.0002093195
0,179220,0.00020928934
0,179230,0.00020925917
0,179240,0.00020922901
0,179250,0.00020919886
0,179260,0.0002091687
0,179270,0.00020913855
0,179280,0.00020910842
0,179290,0.00020907828
0,179300,0.00020904814
0,179310,0.00020901802
0,179320,0.0002089879
0,179330,0.00020895778
0,179340,0.00020892765
0,179350,0.00020889755
0,179360,0.00020886744
0,179370,0.00020883733
0,179380,0.00020880724
0,179390,0.00020877714
0,179400,0.00020874705
0,179410,0.00020871697
0,179420,0.00020868688
0,179430,0.00020865681
0,179440,0.00020862673
0,179450,0.00020859667
0,179460,0.0002085666
0,179470,0.00020853654
0,179480,0.00020850649
0,179490,0.00020847644
0,179500,0.00020844639
0,179510,0.00020841636
0,179520,0.00020838632
0,179530,0.00020835629
0,179540,0.00020832625
0,179550,0.00020829623
0,179560,0.00020826621
0,179570,0.00020823619
0,179580,0.00020820618
0,179590,0.00020817618
0,179600,0.00020814617
0,179610,0.00020811618
0,179620,0.00020808619
0,179630,0.0002080562
0,179640,0.0002080262
0,179650,0.00020799623
0,179660,0.00020796625
0,179670,0.00020793627
0,179680,0.00020790631
0,179690,0.00020787635
0,179700,0.00020784639
0,179710,0.00020781644
0,179720,0.00020778649
0,179730,0.00020775654
0,179740,0.0002077266
0,179750,0.00020769666
0,179760,0.00020766673
0,179770,0.0002076368
0,179780,0.00020760688
0,179790,0.00020757696
0,179800,0.00020754704
0,179810,0.00020751714
0,179820,0.00020748722
0,179830,0.00020745733
0,179840,0.00020742742
0,179850,0.00020739753
0,179860,0.00020736764
0,179870,0.00020733775
0,179880,0.00020730788
0,179890,0.000207278
0,179900,0.00020724813
0,179910,0.00020721825
0,179920,0.0002071884
0,179930,0.00020715853
0,179940,0.00020712869
0,179950,0.00020709883
0,179960,0.00020706898
0,179970,0.00020703915
0,179980,0.0002070093
0,179990,0.00020697947
0,180000,0.00020694964
0,180010,0.00020691982
0,180020,0.00020689
0,180030,0.00020686019
0,180040,0.00020683037
0,180050,0.00020680057
0,180060,0.00020677077
0,180070,0.00020674097
0,180080,0.00020671118
0,180090,0.00020668139
0,180100,0.0002066516
0,180110,0.00020662181
0,180120,0.00020659204
0,180130,0.00020656227
0,180140,0.00020653251
0,180150,0.00020650274
0,180160,0.00020647298
0,180170,0.00020644322
0,180180,0.00020641348
0,180190,0.00020638373
0,180200,0.00020635399
0,180210,0.00020632424
0,180220,0.00020629451
0,180230,0.00020626478
0,180240,0.00020623507
0,180250,0.00020620534
0,180260,0.00020617562
0,180270,0.00020614591
0,180280,0.00020611621
0,180290,0.00020608651
0,180300,0.00020605681
0,180310,0.0002060271
0,180320,0.00020599742
0,180330,0.00020596774
0,180340,0.00020593805
0,180350,0.00020590838
0,180360,0.0002058787
0,180370,0.00020584904
0,180380,0.00020581938
0,180390,0.0002057897
0,180400,0.00020576005
0,180410,0.00020573041
0,180420,0.00020570075
0,180430,0.00020567111
0,180440,0.00020564148
0,180450,0.00020561184
0,180460,0.00020558221
0,180470,0.00020555258
0,180480,0.00020552297
0,180490,0.00020549334
0,180500,0.00020546374
0,180510,0.00020543413
0,180520,0.00020540453
0,180530,0.00020537492
0,180540,0.00020534534
0,180550,0.00020531574
0,180560,0.00020528615
0,180570,0.00020525657
0,180580,0.000205227
0,180590,0.00020519742
0,180600,0.00020516785
0,180610,0.00020513829
0,180620,0.00020510872
0,180630,0.00020507917
0,180640,0.00020504961
0,180650,0.00020502007
0,180660,0.00020499052
0,180670,0.00020496099
0,180680,0.00020493145
0,180690,0.00020490192
0,180700,0.0002048724
0,180710,0.00020484287
0,180720,0.00020481335
0,180730,0.00020478384
0,180740,0.00020475432
0,180750,0.00020472483
0,180760,0.00020469532
0,180770,0.00020466582
0,180780,0.00020463634
0,180790,0.00020460684
0,180800,0.00020457736
0,180810,0.00020454788
0,180820,0.00020451841
0,180830,0.00020448894
0,180840,0.00020445947
0,180850,0.00020443
0,180860,0.00020440055
0,180870,0.0002043711
0,180880,0.00020434165
0,180890,0.00020431221
0,180900,0.00020428275
0,180910,0.00020425333
0,180920,0.00020422389
0,180930,0.00020419447
0,180940,0.00020416504
0,180950,0.00020413562
0,180960,0.00020410621
0,180970,0.0002040768
0,180980,0.00020404739
0,180990,0.00020401798
0,181000,0.00020398859
0,181010,0.0002039592
0,181020,0.0002039298
0,181030,0.00020390042
0,181040,0.00020387104
0,181050,0.00020384166
0,181060,0.00020381229
0,181070,0.00020378293
0,181080,0.00020375356
0,181090,0.0002037242
0,181100,0.00020369484
0,181110,0.00020366549
0,181120,0.00020363614
0,181130,0.0002036068
0,181140,0.00020357747
0,181150,0.00020354813
0,181160,0.0002035188
0,181170,0.00020348947
0,181180,0.00020346015
0,181190,0.00020343084
0,181200,0.00020340152
0,181210,0.00020337221
0,181220,0.0002033429
0,181230,0.00020331361
0,181240,0.00020328432
0,181250,0.00020325503
0,181260,0.00020322573
0,181270,0.00020319645
0,181280,0.00020316718
0,181290,0.0002031379
0,181300,0.00020310863
0,181310,0.00020307937
0,181320,0.0002030501
0,181330,0.00020302084
0,181340,0.00020299159
0,181350,0.00020296234
0,181360,0.0002029331
0,181370,0.00020290386
0,181380,0.00020287462
0,181390,0.00020284539
0,181400,0.00020281617
0,181410,0.00020278693
0,181420,0.00020275771
0,181430,0.00020272851
0,181440,0.00020269929
0,181450,0.00020267008
0,181460,0.00020264089
0,181470,0.00020261169
0,181480,0.0002025825
0,181490,0.0002025533
0,181500,0.00020252413
0,181510,0.00020249494
0,181520,0.00020246576
0,181530,0.0002024366
0,181540,0.00020240742
0,181550,0.00020237826
0,181560,0.0002023491
0,181570,0.00020231995
0,181580,0.00020229079
0,181590,0.00020226164
0,181600,0.0002022325
0,181610,0.00020220336
0,181620,0.00020217423
0,181630,0.0002021451
0,181640,0.00020211597
0,181650,0.00020208686
0,181660,0.00020205774
0,181670,0.00020202862
0,181680,0.00020199952
0,181690,0.00020197041
0,181700,0.00020194131
0,181710,0.0002019122
0,181720,0.00020188311
0,181730,0.00020185403
0,181740,0.00020182495
0,181750,0.00020179586
0,181760,0.00020176679
0,181770,0.00020173773
0,181780,0.00020170865
0,181790,0.00020167959
0,181800,0.00020165053
0,181810,0.00020162149
0,181820,0.00020159243
0,181830,0.00020156338
0,181840,0.00020153435
0,181850,0.0002015053
0,181860,0.00020147627
0,181870,0.00020144724
0,181880,0.00020141822
0,181890,0.0002013892
0,181900,0.00020136019
0,181910,0.00020133118
0,181920,0.00020130216
0,181930,0.00020127316
0,181940,0.00020124417
0,181950,0.00020121517
0,181960,0.00020118618
0,181970,0.00020115719
0,181980,0.0002011282
0,181990,0.00020109923
0,182000,0.00020107026
0,182010,0.00020104129
0,182020,0.00020101233
0,182030,0.00020098336
0,182040,0.0002009544
0,182050,0.00020092545
0,182060,0.0002008965
0,182070,0.00020086755
0,182080,0.00020083862
0,182090,0.00020080968
0,182100,0.00020078075
0,182110,0.00020075182
0,182120,0.0002007229
0,182130,0.00020069398
0,182140,0.00020066506
0,182150,0.00020063615
0,182160,0.00020060725
0,182170,0.00020057835
0,182180,0.00020054945
0,182190,0.00020052055
0,182200,0.00020049166
0,182210,0.00020046277
0,182220,0.00020043389
0,182230,0.00020040502
0,182240,0.00020037615
0,182250,0.00020034728
0,182260,0.0002003184
0,182270,0.00020028955
0,182280,0.00020026069
0,182290,0.00020023185
0,182300,0.000200203
0,182310,0.00020017415
0,182320,0.00020014531
0,182330,0.00020011648
0,182340,0.00020008764
0,182350,0.00020005881
0,182360,0.00020003
0,182370,0.00020000117
0,182380,0.00019997236
0,182390,0.00019994355
0,182400,0.00019991475
0,182410,0.00019988595
0,182420,0.00019985715
0,182430,0.00019982836
0,182440,0.00019979957
0,182450,0.00019977079
0,182460,0.000199742
0,182470,0.00019971322
0,182480,0.00019968445
0,182490,0.00019965568
0,182500,0.00019962691
0,182510,0.00019959816
0,182520,0.0001995694
0,182530,0.00019954065
0,182540,0.00019951191
0,182550,0.00019948317
0,182560,0.00019945443
0,182570,0.00019942569
0,182580,0.00019939696
0,182590,0.00019936824
0,182600,0.00019933951
0,182610,0.00019931079
0,182620,0.00019928208
0,182630,0.00019925337
0,182640,0.00019922467
0,182650,0.00019919596
0,182660,0.00019916726
0,182670,0.00019913857
0,182680,0.00019910988
0,182690,0.0001990812
0,182700,0.00019905252
0,182710,0.00019902384
0,182720,0.00019899517
0,182730,0.0001989665
0,182740,0.00019893784
0,182750,0.00019890917
0,182760,0.00019888052
0,182770,0.00019885186
0,182780,0.00019882323
0,182790,0.00019879457
0,182800,0.00019876593
0,182810,0.00019873731
0,182820,0.00019870867
0,182830,0.00019868005
0,182840,0.00019865143
0,182850,0.0001986228
0,182860,0.00019859419
0,182870,0.00019856558
0,182880,0.00019853697
0,182890,0.00019850838
0,182900,0.00019847979
0,182910,0.00019845119
0,182920,0.0001984226
0,182930,0.00019839402
0,182940,0.00019836544
0,182950,0.00019833686
0,182960,0.00019830828
0,182970,0.00019827971
0,182980,0.00019825115
0,182990,0.0001982226
0,183000,0.00019819403
0,183010,0.00019816548
0,183020,0.00019813694
0,183030,0.00019810839
0,183040,0.00019807986
0,183050,0.00019805132
0,183060,0.00019802278
0,183070,0.00019799426
0,183080,0.00019796574
0,183090,0.00019793722
0,183100,0.00019790871
0,183110,0.00019788019
0,183120,0.0001978517
0,183130,0.00019782319
0,183140,0.0001977947
0,183150,0.0001977662
0,183160,0.00019773771
0,183170,0.00019770922
0,183180,0.00019768074
0,183190,0.00019765226
0,183200,0.00019762378
0,183210,0.00019759532
0,183220,0.00019756686
0,183230,0.0001975384
0,183240,0.00019750994
0,183250,0.0001974815
0,183260,0.00019745305
0,183270,0.0001974246
0,183280,0.00019739616
0,183290,0.00019736771
0,183300,0.0001973393
0,183310,0.00019731086
0,183320,0.00019728244
0,183330,0.00019725402
0,183340,0.0001972256
0,183350,0.0001971972
0,183360,0.00019716879
0,183370,0.00019714038
0,183380,0.000197112
0,183390,0.00019708359
0,183400,0.0001970552
0,183410,0.00019702682
0,183420,0.00019699843
0,183430,0.00019697005
0,183440,0.00019694168
0,183450,0.00019691332
0,183460,0.00019688494
0,183470,0.00019685658
0,183480,0.00019682823
0,183490,0.00019679987
0,183500,0.00019677152
0,183510,0.00019674317
0,183520,0.00019671484
0,183530,0.00019668651
0,183540,0.00019665818
0,183550,0.00019662984
0,183560,0.00019660151
0,183570,0.0001965732
0,183580,0.00019654488
0,183590,0.00019651657
0,183600,0.00019648827
0,183610,0.00019645997
0,183620,0.00019643166
0,183630,0.00019640336
0,183640,0.00019637507
0,183650,0.00019634678
0,183660,0.0001963185
0,183670,0.00019629022
0,183680,0.00019626194
0,183690,0.00019623368
0,183700,0.00019620541
0,183710,0.00019617715
0,183720,0.00019614889
0,183730,0.00019612063
0,183740,0.00019609238
0,183750,0.00019606414
0,183760,0.0001960359
0,183770,0.00019600766
0,183780,0.00019597942
0,183790,0.0001959512
0,183800,0.00019592297
0,183810,0.00019589475
0,183820,0.00019586652
0,183830,0.00019583832
0,183840,0.0001958101
0,183850,0.0001957819
0,183860,0.0001957537
0,183870,0.0001957255
0,183880,0.00019569731
0,183890,0.00019566913
0,183900,0.00019564094
0,183910,0.00019561275
0,183920,0.00019558458
0,183930,0.00019555641
0,183940,0.00019552824
0,183950,0.00019550008
0,183960,0.00019547192
0,183970,0.00019544376
0,183980,0.0001954156
0,183990,0.00019538746
0,184000,0.00019535932
0,184010,0.00019533117
0,184020,0.00019530304
0,184030,0.00019527492
0,184040,0.00019524679
0,184050,0.00019521866
0,184060,0.00019519054
0,184070,0.00019516243
0,184080,0.00019513431
0,184090,0.0001951062
0,184100,0.0001950781
0,184110,0.00019505
0,184120,0.00019502192
0,184130,0.00019499382
0,184140,0.00019496573
0,184150,0.00019493765
0,184160,0.00019490957
0,184170,0.0001948815
0,184180,0.00019485343
0,184190,0.00019482536
0,184200,0.0001947973
0,184210,0.00019476924
0,184220,0.0001947412
0,184230,0.00019471314
0,184240,0.0001946851
0,184250,0.00019465706
0,184260,0.00019462901
0,184270,0.00019460099
0,184280,0.00019457295
0,184290,0.00019454492
0,184300,0.0001945169
0,184310,0.0001944889
0,184320,0.00019446087
0,184330,0.00019443287
0,184340,0.00019440486
0,184350,0.00019437686
0,184360,0.00019434886
0,184370,0.00019432086
0,184380,0.00019429288
0,184390,0.0001942649
0,184400,0.00019423691
0,184410,0.00019420894
0,184420,0.00019418096
0,184430,0.00019415299
0,184440,0.00019412504
0,184450,0.00019409707
0,184460,0.00019406911
0,184470,0.00019404116
0,184480,0.00019401322
0,184490,0.00019398527
0,184500,0.00019395733
0,184510,0.0001939294
0,184520,0.00019390146
0,184530,0.00019387354
0,184540,0.00019384561
0,184550,0.0001938177
0,184560,0.00019378978
0,184570,0.00019376187
0,184580,0.00019373395
0,184590,0.00019370606
0,184600,0.00019367816
0,184610,0.00019365027
0,184620,0.00019362237
0,184630,0.00019359449
0,184640,0.0001935666
0,184650,0.00019353873
0,184660,0.00019351084
0,184670,0.00019348298
0,184680,0.00019345511
0,184690,0.00019342724
0,184700,0.00019339939
0,184710,0.00019337152
0,184720,0.00019334369
0,184730,0.00019331583
0,184740,0.000193288
0,184750,0.00019326016
0,184760,0.00019323232
0,184770,0.00019320448
0,184780,0.00019317666
0,184790,0.00019314884
0,184800,0.00019312101
0,184810,0.0001930932
0,184820,0.0001930654
0,184830,0.00019303759
0,184840,0.0001930098
0,184850,0.00019298198
0,184860,0.00019295419
0,184870,0.00019292641
0,184880,0.00019289862
0,184890,0.00019287084
0,184900,0.00019284306
0,184910,0.00019281528
0,184920,0.00019278751
0,184930,0.00019275975
0,184940,0.00019273198
0,184950,0.00019270423
0,184960,0.00019267648
0,184970,0.00019264873
0,184980,0.00019262098
0,184990,0.00019259324
0,185000,0.0001925655
0,185010,0.00019253777
0,185020,0.00019251004
0,185030,0.00019248232
0,185040,0.0001924546
0,185050,0.00019242687
0,185060,0.00019239917
0,185070,0.00019237144
0,185080,0.00019234375
0,185090,0.00019231605
0,185100,0.00019228835
0,185110,0.00019226065
0,185120,0.00019223297
0,185130,0.00019220528
0,185140,0.0001921776
0,185150,0.00019214992
0,185160,0.00019212224
0,185170,0.00019209458
0,185180,0.00019206692
0,185190,0.00019203925
0,185200,0.00019201159
0,185210,0.00019198394
0,185220,0.0001919563
0,185230,0.00019192864
0,185240,0.00019190101
0,185250,0.00019187338
0,185260,0.00019184574
0,185270,0.00019181811
0,185280,0.00019179049
0,185290,0.00019176285
0,185300,0.00019173525
0,185310,0.00019170763
0,185320,0.00019168002
0,185330,0.00019165242
0,185340,0.00019162481
0,185350,0.00019159722
0,185360,0.00019156962
0,185370,0.00019154204
0,185380,0.00019151445
0,185390,0.00019148688
0,185400,0.0001914593
0,185410,0.00019143173
0,185420,0.00019140415
0,185430,0.00019137659
0,185440,0.00019134903
0,185450,0.00019132147
0,185460,0.00019129392
0,185470,0.00019126637
0,185480,0.00019123883
0,185490,0.00019121128
0,185500,0.00019118375
0,185510,0.00019115621
0,185520,0.00019112868
0,185530,0.00019110116
0,185540,0.00019107365
0,185550,0.00019104613
0,185560,0.00019101861
0,185570,0.00019099111
0,185580,0.00019096359
0,185590,0.0001909361
0,185600,0.0001909086
0,185610,0.00019088111
0,185620,0.00019085362
0,185630,0.00019082613
0,185640,0.00019079866
0,185650,0.00019077117
0,185660,0.0001907437
0,185670,0.00019071624
0,185680,0.00019068876
0,185690,0.0001906613
0,185700,0.00019063386
0,185710,0.0001906064
0,185720,0.00019057895
0,185730,0.00019055151
0,185740,0.00019052406
0,185750,0.00019049663
0,185760,0.00019046919
0,185770,0.00019044176
0,185780,0.00019041434
0,185790,0.00019038691
0,185800,0.0001903595
0,185810,0.0001903321
0,185820,0.00019030468
0,185830,0.00019027728
0,185840,0.00019024988
0,185850,0.00019022248
0,185860,0.00019019509
0,185870,0.00019016769
0,185880,0.00019014032
0,185890,0.00019011293
0,185900,0.00019008556
0,185910,0.00019005818
0,185920,0.00019003081
0,185930,0.00019000344
0,185940,0.00018997608
0,185950,0.00018994873
0,185960,0.00018992137
0,185970,0.00018989402
0,185980,0.00018986668
0,185990,0.00018983934
0,186000,0.000189812
0,186010,0.00018978467
0,186020,0.00018975734
0,186030,0.00018973001
0,186040,0.0001897027
0,186050,0.00018967537
0,186060,0.00018964805
0,186070,0.00018962075
0,186080,0.00018959344
0,186090,0.00018956614
0,186100,0.00018953884
0,186110,0.00018951156
0,186120,0.00018948426
0,186130,0.00018945697
0,186140,0.00018942969
0,186150,0.00018940242
0,186160,0.00018937515
0,186170,0.00018934788
0,186180,0.0001893206
0,186190,0.00018929334
0,186200,0.00018926608
0,186210,0.00018923882
0,186220,0.00018921158
0,186230,0.00018918433
0,186240,0.00018915709
0,186250,0.00018912986
0,186260,0.00018910262
0,186270,0.00018907539
0,186280,0.00018904817
0,186290,0.00018902094
0,186300,0.00018899373
0,186310,0.00018896651
0,186320,0.0001889393
0,186330,0.00018891209
0,186340,0.0001888849
0,186350,0.0001888577
0,186360,0.0001888305
0,186370,0.0001888033
0,186380,0.00018877612
0,186390,0.00018874893
0,186400,0.00018872175
0,186410,0.00018869458
0,186420,0.00018866741
0,186430,0.00018864025
0,186440,0.00018861308
0,186450,0.00018858592
0,186460,0.00018855877
0,186470,0.00018853162
0,186480,0.00018850446
0,186490,0.00018847732
0,186500,0.00018845018
0,186510,0.00018842304
0,186520,0.00018839592
0,186530,0.0001883688
0,186540,0.00018834167
0,186550,0.00018831455
0,186560,0.00018828743
0,186570,0.00018826031
0,186580,0.00018823321
0,186590,0.0001882061
0,186600,0.00018817901
0,186610,0.00018815191
0,186620,0.00018812482
0,186630,0.00018809772
0,186640,0.00018807064
0,186650,0.00018804356
0,186660,0.0001880165
0,186670,0.00018798941
0,186680,0.00018796235
0,186690,0.00018793528
0,186700,0.00018790823
0,186710,0.00018788116
0,186720,0.00018785411
0,186730,0.00018782706
0,186740,0.00018780002
0,186750,0.00018777298
0,186760,0.00018774594
0,186770,0.0001877189
0,186780,0.00018769188
0,186790,0.00018766485
0,186800,0.00018763784
0,186810,0.00018761081
0,186820,0.0001875838
0,186830,0.00018755678
0,186840,0.00018752979
0,186850,0.00018750278
0,186860,0.00018747579
0,186870,0.0001874488
0,186880,0.0001874218
0,186890,0.00018739482
0,186900,0.00018736783
0,186910,0.00018734086
0,186920,0.00018731388
0,186930,0.0001872869
0,186940,0.00018725994
0,186950,0.00018723299
0,186960,0.00018720602
0,186970,0.00018717907
0,186980,0.00018715212
0,186990,0.00018712517
0,187000,0.00018709822
0,187010,0.00018707129
0,187020,0.00018704435
0,187030,0.00018701742
0,187040,0.0001869905
0,187050,0.00018696357
0,187060,0.00018693665
0,187070,0.00018690973
0,187080,0.00018688283
0,187090,0.00018685592
0,187100,0.00018682901
0,187110,0.00018680212
0,187120,0.00018677521
0,187130,0.00018674832
0,187140,0.00018672143
0,187150,0.00018669455
0,187160,0.00018666768
0,187170,0.0001866408
0,187180,0.00018661392
0,187190,0.00018658706
0,187200,0.0001865602
0,187210,0.00018653333
0,187220,0.00018650647
0,187230,0.00018647962
0,187240,0.00018645277
0,187250,0.00018642592
0,187260,0.00018639909
0,187270,0.00018637224
0,187280,0.00018634541
0,187290,0.00018631859
0,187300,0.00018629176
0,187310,0.00018626494
0,187320,0.00018623812
0,187330,0.0001862113
0,187340,0.0001861845
0,187350,0.00018615769
0,187360,0.00018613088
0,187370,0.00018610408
0,187380,0.00018607729
0,187390,0.0001860505
0,187400,0.00018602371
0,187410,0.00018599693
0,187420,0.00018597016
0,187430,0.00018594338
0,187440,0.00018591661
0,187450,0.00018588985
0,187460,0.00018586307
0,187470,0.00018583631
0,187480,0.00018580956
0,187490,0.0001857828
0,187500,0.00018575606
0,187510,0.00018572932
0,187520,0.00018570258
0,187530,0.00018567585
0,187540,0.00018564911
0,187550,0.00018562238
0,187560,0.00018559565
0,187570,0.00018556893
0,187580,0.00018554222
0,187590,0.00018551551
0,187600,0.0001854888
0,187610,0.0001854621
0,187620,0.00018543539
0,187630,0.00018540869
0,187640,0.000185382
0,187650,0.00018535531
0,187660,0.00018532862
0,187670,0.00018530195
0,187680,0.00018527526
0,187690,0.00018524859
0,187700,0.00018522191
0,187710,0.00018519525
0,187720,0.0001851686
0,187730,0.00018514194
0,187740,0.00018511528
0,187750,0.00018508863
0,187760,0.00018506197
0,187770,0.00018503534
0,187780,0.0001850087
0,187790,0.00018498207
0,187800,0.00018495542
0,187810,0.00018492881
0,187820,0.00018490218
0,187830,0.00018487556
0,187840,0.00018484895
0,187850,0.00018482233
0,187860,0.00018479572
0,187870,0.00018476912
0,187880,0.00018474252
0,187890,0.00018471593
0,187900,0.00018468933
0,187910,0.00018466274
0,187920,0.00018463616
0,187930,0.00018460957
0,187940,0.000184583
0,187950,0.00018455643
0,187960,0.00018452985
0,187970,0.00018450328
0,187980,0.00018447672
0,187990,0.00018445017
0,188000,0.00018442361
0,188010,0.00018439707
0,188020,0.00018437051
0,188030,0.00018434398
0,188040,0.00018431744
0,188050,0.0001842909
0,188060,0.00018426437
0,188070,0.00018423784
0,188080,0.00018421133
0,188090,0.0001841848
0,188100,0.00018415829
0,188110,0.00018413177
0,188120,0.00018410526
0,188130,0.00018407876
0,188140,0.00018405226
0,188150,0.00018402576
0,188160,0.00018399928
0,188170,0.00018397278
0,188180,0.0001839463
0,188190,0.00018391982
0,188200,0.00018389334
0,188210,0.00018386687
0,188220,0.0001838404
0,188230,0.00018381393
0,188240,0.00018378747
0,188250,0.00018376102
0,188260,0.00018373456
0,188270,0.0001837081
0,188280,0.00018368167
0,188290,0.00018365523
0,188300,0.00018362878
0,188310,0.00018360234
0,188320,0.00018357592
0,188330,0.00018354949
0,188340,0.00018352307
0,188350,0.00018349664
0,188360,0.00018347023
0,188370,0.00018344382
0,188380,0.0001834174
0,188390,0.000183391
0,188400,0.00018336461
0,188410,0.00018333821
0,188420,0.00018331181
0,188430,0.00018328543
0,188440,0.00018325905
0,188450,0.00018323267
0,188460,0.00018320628
0,188470,0.00018317992
0,188480,0.00018315355
0,188490,0.00018312718
0,188500,0.00018310081
0,188510,0.00018307446
0,188520,0.0001830481
0,188530,0.00018302175
0,188540,0.00018299541
0,188550,0.00018296906
0,188560,0.00018294272
0,188570,0.0001829164
0,188580,0.00018289006
0,188590,0.00018286373
0,188600,0.00018283741
0,188610,0.00018281108
0,188620,0.00018278477
0,188630,0.00018275846
0,188640,0.00018273215
0,188650,0.00018270584
0,188660,0.00018267955
0,188670,0.00018265325
0,188680,0.00018262696
0,188690,0.00018260066
0,188700,0.00018257438
0,188710,0.0001825481
0,188720,0.00018252182
0,188730,0.00018249555
0,188740,0.00018246927
0,188750,0.00018244301
0,188760,0.00018241676
0,188770,0.00018239049
0,188780,0.00018236424
0,188790,0.00018233799
0,188800,0.00018231173
0,188810,0.0001822855
0,188820,0.00018225926
0,188830,0.00018223302
0,188840,0.00018220679
0,188850,0.00018218056
0,188860,0.00018215434
0,188870,0.00018212812
0,188880,0.0001821019
0,188890,0.00018207569
0,188900,0.00018204948
0,188910,0.00018202327
0,188920,0.00018199706
0,188930,0.00018197087
0,188940,0.00018194468
0,188950,0.00018191848
0,188960,0.0001818923
0,188970,0.00018186611
0,188980,0.00018183993
0,188990,0.00018181377
0,189000,0.00018178759
0,189010,0.00018176142
0,189020,0.00018173526
0,189030,0.00018170911
0,189040,0.00018168295
0,189050,0.0001816568
0,189060,0.00018163065
0,189070,0.0001816045
0,189080,0.00018157836
0,189090,0.00018155223
0,189100,0.00018152609
0,189110,0.00018149997
0,189120,0.00018147384
0,189130,0.00018144771
0,189140,0.0001814216
0,189150,0.00018139549
0,189160,0.00018136938
0,189170,0.00018134326
0,189180,0.00018131717
0,189190,0.00018129106
0,189200,0.00018126497
0,189210,0.00018123888
0,189220,0.00018121279
0,189230,0.00018118671
0,189240,0.00018116063
0,189250,0.00018113456
0,189260,0.00018110848
0,189270,0.00018108242
0,189280,0.00018105634
0,189290,0.0001810303
0,189300,0.00018100423
0,189310,0.00018097818
0,189320,0.00018095212
0,189330,0.00018092609
0,189340,0.00018090004
0,189350,0.000180874
0,189360,0.00018084797
0,189370,0.00018082194
0,189380,0.0001807959
0,189390,0.00018076989
0,189400,0.00018074387
0,189410,0.00018071785
0,189420,0.00018069184
0,189430,0.00018066583
0,189440,0.00018063982
0,189450,0.00018061383
0,189460,0.00018058783
0,189470,0.00018056184
0,189480,0.00018053585
0,189490,0.00018050986
0,189500,0.00018048388
0,189510,0.00018045791
0,189520,0.00018043193
0,189530,0.00018040596
0,189540,0.00018038
0,189550,0.00018035404
0,189560,0.00018032808
0,189570,0.00018030212
0,189580,0.00018027617
0,189590,0.00018025022
0,189600,0.00018022428
0,189610,0.00018019833
0,189620,0.0001801724
0,189630,0.00018014647
0,189640,0.00018012054
0,189650,0.0001800946
0,189660,0.00018006869
0,189670,0.00018004277
0,189680,0.00018001685
0,189690,0.00017999095
0,189700,0.00017996505
0,189710,0.00017993915
0,189720,0.00017991324
0,189730,0.00017988734
0,189740,0.00017986145
0,189750,0.00017983557
0,189760,0.0001798097
0,189770,0.0001797838
0,189780,0.00017975793
0,189790,0.00017973206
0,189800,0.00017970619
0,189810,0.00017968033
0,189820,0.00017965447
0,189830,0.00017962861
0,189840,0.00017960275
0,189850,0.0001795769
0,189860,0.00017955106
0,189870,0.00017952522
0,189880,0.00017949937
0,189890,0.00017947354
0,189900,0.00017944771
0,189910,0.00017942188
0,189920,0.00017939605
0,189930,0.00017937024
0,189940,0.00017934442
0,189950,0.00017931861
0,189960,0.00017929281
0,189970,0.000179267
0,189980,0.0001792412
0,189990,0.0001792154
0,190000,0.0001791896
0,190010,0.00017916382
0,190020,0.00017913803
0,190030,0.00017911225
0,190040,0.00017908648
0,190050,0.00017906069
0,190060,0.00017903492
0,190070,0.00017900916
0,190080,0.00017898339
0,190090,0.00017895763
0,190100,0.00017893188
0,190110,0.00017890614
0,190120,0.00017888038
0,190130,0.00017885464
0,190140,0.0001788289
0,190150,0.00017880315
0,190160,0.00017877742
0,190170,0.0001787517
0,190180,0.00017872597
0,190190,0.00017870024
0,190200,0.00017867453
0,190210,0.00017864881
0,190220,0.0001786231
0,190230,0.00017859739
0,190240,0.00017857169
0,190250,0.00017854599
0,190260,0.00017852029
0,190270,0.0001784946
0,190280,0.00017846891
0,190290,0.00017844322
0,190300,0.00017841755
0,190310,0.00017839187
0,190320,0.0001783662
0,190330,0.00017834053
0,190340,0.00017831486
0,190350,0.00017828919
0,190360,0.00017826354
0,190370,0.00017823788
0,190380,0.00017821223
0,190390,0.00017818659
0,190400,0.00017816095
0,190410,0.0001781353
0,190420,0.00017810967
0,190430,0.00017808402
0,190440,0.0001780584
0,190450,0.00017803277
0,190460,0.00017800716
0,190470,0.00017798154
0,190480,0.00017795592
0,190490,0.00017793031
0,190500,0.0001779047
0,190510,0.0001778791
0,190520,0.00017785351
0,190530,0.00017782791
0,190540,0.00017780231
0,190550,0.00017777673
0,190560,0.00017775115
0,190570,0.00017772557
0,190580,0.00017769999
0,190590,0.00017767442
0,190600,0.00017764885
0,190610,0.00017762328
0,190620,0.00017759771
0,190630,0.00017757216
0,190640,0.00017754661
0,190650,0.00017752105
0,190660,0.0001774955
0,190670,0.00017746996
0,190680,0.00017744442
0,190690,0.00017741889
0,190700,0.00017739336
0,190710,0.00017736782
0,190720,0.0001773423
0,190730,0.00017731678
0,190740,0.00017729127
0,190750,0.00017726576
0,190760,0.00017724025
0,190770,0.00017721474
0,190780,0.00017718923
0,190790,0.00017716373
0,190800,0.00017713824
0,190810,0.00017711274
0,190820,0.00017708726
0,190830,0.00017706177
0,190840,0.00017703629
0,190850,0.00017701082
0,190860,0.00017698534
0,190870,0.00017695987
0,190880,0.00017693441
0,190890,0.00017690894
0,190900,0.00017688349
0,190910,0.00017685804
0,190920,0.00017683259
0,190930,0.00017680714
0,190940,0.00017678169
0,190950,0.00017675625
0,190960,0.00017673081
0,190970,0.00017670539
0,190980,0.00017667995
0,190990,0.00017665453
0,191000,0.00017662911
0,191010,0.00017660369
0,191020,0.00017657828
0,191030,0.00017655287
0,191040,0.00017652746
0,191050,0.00017650206
0,191060,0.00017647666
0,191070,0.00017645127
0,191080,0.00017642588
0,191090,0.00017640048
0,191100,0.0001763751
0,191110,0.00017634973
0,191120,0.00017632435
0,191130,0.00017629897
0,191140,0.0001762736
0,191150,0.00017624823
0,191160,0.00017622288
0,191170,0.00017619751
0,191180,0.00017617217
0,191190,0.0001761468
0,191200,0.00017612147
0,191210,0.00017609612
0,191220,0.00017607078
0,191230,0.00017604545
0,191240,0.00017602011
0,191250,0.00017599478
0,191260,0.00017596946
0,191270,0.00017594414
0,191280,0.00017591882
0,191290,0.0001758935
0,191300,0.00017586819
0,191310,0.00017584288
0,191320,0.00017581758
0,191330,0.00017579227
0,191340,0.00017576698
0,191350,0.00017574169
0,191360,0.0001757164
0,191370,0.00017569112
0,191380,0.00017566583
0,191390,0.00017564055
0,191400,0.00017561529
0,191410,0.00017559002
0,191420,0.00017556475
0,191430,0.00017553949
0,191440,0.00017551423
0,191450,0.00017548897
0,191460,0.00017546372
0,191470,0.00017543847
0,191480,0.00017541322
0,191490,0.00017538799
0,191500,0.00017536274
0,191510,0.00017533751
0,191520,0.00017531229
0,191530,0.00017528706
0,191540,0.00017526184
0,191550,0.00017523662
0,191560,0.0001752114
0,191570,0.00017518619
0,191580,0.00017516098
0,191590,0.00017513578
0,191600,0.00017511057
0,191610,0.00017508538
0,191620,0.0001750602
0,191630,0.000175035
0,191640,0.00017500982
0,191650,0.00017498463
0,191660,0.00017495945
0,191670,0.00017493428
0,191680,0.0001749091
0,191690,0.00017488394
0,191700,0.00017485878
0,191710,0.00017483362
0,191720,0.00017480846
0,191730,0.0001747833
0,191740,0.00017475816
0,191750,0.00017473301
0,191760,0.00017470786
0,191770,0.00017468273
0,191780,0.0001746576
0,191790,0.00017463247
0,191800,0.00017460734
0,191810,0.00017458221
0,191820,0.00017455709
0,191830,0.00017453198
0,191840,0.00017450686
0,191850,0.00017448176
0,191860,0.00017445665
0,191870,0.00017443155
0,191880,0.00017440645
0,191890,0.00017438136
0,191900,0.00017435626
0,191910,0.00017433117
0,191920,0.0001743061
0,191930,0.00017428101
0,191940,0.00017425594
0,191950,0.00017423087
0,191960,0.0001742058
0,191970,0.00017418074
0,191980,0.00017415566
0,191990,0.0001741306
0,192000,0.00017410556
0,192010,0.0001740805
0,192020,0.00017405546
0,192030,0.00017403041
0,192040,0.00017400537
0,192050,0.00017398034
0,192060,0.00017395531
0,192070,0.00017393028
0,192080,0.00017390525
0,192090,0.00017388022
0,192100,0.00017385521
0,192110,0.0001738302
0,192120,0.0001738052
0,192130,0.00017378018
0,192140,0.00017375518
0,192150,0.00017373018
0,192160,0.00017370518
0,192170,0.0001736802
0,192180,0.0001736552
0,192190,0.00017363021
0,192200,0.00017360524
0,192210,0.00017358025
0,192220,0.00017355528
0,192230,0.00017353031
0,192240,0.00017350534
0,192250,0.00017348038
0,192260,0.00017345542
0,192270,0.00017343047
0,192280,0.00017340551
0,192290,0.00017338055
0,192300,0.00017335561
0,192310,0.00017333067
0,192320,0.00017330573
0,192330,0.0001732808
0,192340,0.00017325587
0,192350,0.00017323095
0,192360,0.00017320602
0,192370,0.0001731811
0,192380,0.00017315618
0,192390,0.00017313127
0,192400,0.00017310637
0,192410,0.00017308145
0,192420,0.00017305656
0,192430,0.00017303166
0,192440,0.00017300676
0,192450,0.00017298188
0,192460,0.00017295698
0,192470,0.0001729321
0,192480,0.00017290722
0,192490,0.00017288234
0,192500,0.00017285747
0,192510,0.0001728326
0,192520,0.00017280773
0,192530,0.00017278286
0,192540,0.00017275801
0,192550,0.00017273315
0,192560,0.0001727083
0,192570,0.00017268346
0,192580,0.00017265862
0,192590,0.00017263378
0,192600,0.00017260894
0,192610,0.0001725841
0,192620,0.00017255927
0,192630,0.00017253445
0,192640,0.00017250962
0,192650,0.00017248481
0,192660,0.00017245999
0,192670,0.00017243518
0,192680,0.00017241038
0,192690,0.00017238557
0,192700,0.00017236077
0,192710,0.00017233597
0,192720,0.00017231118
0,192730,0.00017228638
0,192740,0.0001722616
0,192750,0.00017223682
0,192760,0.00017221204
0,192770,0.00017218727
0,192780,0.00017216249
0,192790,0.00017213772
0,192800,0.00017211295
0,192810,0.0001720882
0,192820,0.00017206343
0,192830,0.00017203868
0,192840,0.00017201393
0,192850,0.00017198919
0,192860,0.00017196445
0,192870,0.0001719397
0,192880,0.00017191497
0,192890,0.00017189023
0,192900,0.00017186551
0,192910,0.00017184079
0,192920,0.00017181606
0,192930,0.00017179134
0,192940,0.00017176663
0,192950,0.00017174192
0,192960,0.00017171721
0,192970,0.0001716925
0,192980,0.00017166781
0,192990,0.00017164311
0,193000,0.00017161842
0,193010,0.00017159373
0,193020,0.00017156905
0,193030,0.00017154437
0,193040,0.00017151968
0,193050,0.000171495
0,193060,0.00017147034
0,193070,0.00017144566
0,193080,0.00017142101
0,193090,0.00017139634
0,193100,0.00017137168
0,193110,0.00017134703
0,193120,0.00017132238
0,193130,0.00017129774
0,193140,0.00017127309
0,193150,0.00017124845
0,193160,0.00017122382
0,193170,0.00017119918
0,193180,0.00017117456
0,193190,0.00017114994
0,193200,0.00017112531
0,193210,0.00017110069
0,193220,0.00017107608
0,193230,0.00017105146
0,193240,0.00017102686
0,193250,0.00017100226
0,193260,0.00017097766
0,193270,0.00017095306
0,193280,0.00017092847
0,193290,0.00017090388
0,193300,0.0001708793
0,193310,0.00017085472
0,193320,0.00017083013
0,193330,0.00017080556
0,193340,0.00017078099
0,193350,0.00017075642
0,193360,0.00017073186
0,193370,0.0001707073
0,193380,0.00017068275
0,193390,0.00017065818
0,193400,0.00017063363
0,193410,0.00017060908
0,193420,0.00017058455
0,193430,0.00017056002
0,193440,0.00017053548
0,193450,0.00017051095
0,193460,0.00017048641
0,193470,0.00017046189
0,193480,0.00017043737
0,193490,0.00017041285
0,193500,0.00017038833
0,193510,0.00017036383
0,193520,0.00017033932
0,193530,0.00017031482
0,193540,0.00017029031
0,193550,0.00017026582
0,193560,0.00017024133
0,193570,0.00017021684
0,193580,0.00017019235
0,193590,0.00017016787
0,193600,0.0001701434
0,193610,0.00017011892
0,193620,0.00017009444
0,193630,0.00017006998
0,193640,0.00017004552
0,193650,0.00017002106
0,193660,0.0001699966
0,193670,0.00016997215
0,193680,0.00016994769
0,193690,0.00016992324
0,193700,0.0001698988
0,193710,0.00016987436
0,193720,0.00016984993
0,193730,0.0001698255
0,193740,0.00016980106
0,193750,0.00016977664
0,193760,0.00016975222
0,193770,0.0001697278
0,193780,0.00016970339
0,193790,0.00016967897
0,193800,0.00016965457
0,193810,0.00016963016
0,193820,0.00016960576
0,193830,0.00016958137
0,193840,0.00016955697
0,193850,0.00016953258
0,193860,0.0001695082
0,193870,0.00016948381
0,193880,0.00016945944
0,193890,0.00016943506
0,193900,0.00016941069
0,193910,0.00016938632
0,193920,0.00016936196
0,193930,0.0001693376
0,193940,0.00016931324
0,193950,0.00016928888
0,193960,0.00016926453
0,193970,0.00016924019
0,193980,0.00016921584
0,193990,0.0001691915
0,194000,0.00016916716
0,194010,0.00016914283
0,194020,0.0001691185
0,194030,0.00016909417
0,194040,0.00016906986
0,194050,0.00016904552
0,194060,0.00016902122
0,194070,0.0001689969
0,194080,0.00016897259
0,194090,0.00016894829
0,194100,0.00016892399
0,194110,0.00016889969
0,194120,0.0001688754
0,194130,0.00016885111
0,194140,0.00016882682
0,194150,0.00016880254
0,194160,0.00016877825
0,194170,0.00016875398
0,194180,0.0001687297
0,194190,0.00016870543
0,194200,0.00016868117
0,194210,0.00016865692
0,194220,0.00016863264
0,194230,0.0001686084
0,194240,0.00016858414
0,194250,0.0001685599
0,194260,0.00016853565
0,194270,0.00016851141
0,194280,0.00016848717
0,194290,0.00016846294
0,194300,0.00016843871
0,194310,0.00016841448
0,194320,0.00016839025
0,194330,0.00016836604
0,194340,0.00016834182
0,194350,0.00016831761
0,194360,0.0001682934
0,194370,0.0001682692
0,194380,0.00016824498
0,194390,0.00016822078
0,194400,0.0001681966
0,194410,0.0001681724
0,194420,0.00016814821
0,194430,0.00016812402
0,194440,0.00016809984
0,194450,0.00016807567
0,194460,0.0001680515
0,194470,0.00016802733
0,194480,0.00016800316
0,194490,0.00016797899
0,194500,0.00016795483
0,194510,0.00016793067
0,194520,0.00016790652
0,194530,0.00016788238
0,194540,0.00016785822
0,194550,0.00016783408
0,194560,0.00016780994
0,194570,0.00016778581
0,194580,0.00016776167
0,194590,0.00016773754
0,194600,0.00016771341
0,194610,0.0001676893
0,194620,0.00016766517
0,194630,0.00016764106
0,194640,0.00016761695
0,194650,0.00016759285
0,194660,0.00016756874
0,194670,0.00016754464
0,194680,0.00016752054
0,194690,0.00016749644
0,194700,0.00016747236
0,194710,0.00016744828
0,194720,0.0001674242
0,194730,0.00016740011
0,194740,0.00016737603
0,194750,0.00016735196
0,194760,0.00016732789
0,194770,0.00016730382
0,194780,0.00016727977
0,194790,0.0001672557
0,194800,0.00016723164
0,194810,0.0001672076
0,194820,0.00016718355
0,194830,0.00016715951
0,194840,0.00016713547
0,194850,0.00016711143
0,194860,0.00016708739
0,194870,0.00016706336
0,194880,0.00016703932
0,194890,0.00016701531
0,194900,0.00016699129
0,194910,0.00016696726
0,194920,0.00016694325
0,194930,0.00016691924
0,194940,0.00016689525
0,194950,0.00016687124
0,194960,0.00016684724
0,194970,0.00016682324
0,194980,0.00016679925
0,194990,0.00016677527
0,195000,0.00016675127
0,195010,0.00016672729
0,195020,0.00016670332
0,195030,0.00016667934
0,195040,0.00016665537
0,195050,0.0001666314
0,195060,0.00016660744
0,195070,0.00016658347
0,195080,0.00016655952
0,195090,0.00016653557
0,195100,0.00016651161
0,195110,0.00016648766
0,195120,0.00016646372
0,195130,0.00016643979
0,195140,0.00016641585
0,195150,0.00016639191
0,195160,0.00016636799
0,195170,0.00016634406
0,195180,0.00016632014
0,195190,0.00016629622
0,195200,0.0001662723
0,195210,0.00016624838
0,195220,0.00016622448
0,195230,0.00016620057
0,195240,0.00016617667
0,195250,0.00016615276
0,195260,0.00016612887
0,195270,0.00016610499
0,195280,0.0001660811
0,195290,0.00016605722
0,195300,0.00016603334
0,195310,0.00016600946
0,195320,0.00016598558
0,195330,0.00016596171
0,195340,0.00016593785
0,195350,0.00016591398
0,195360,0.00016589012
0,195370,0.00016586627
0,195380,0.0001658424
0,195390,0.00016581855
0,195400,0.00016579471
0,195410,0.00016577086
0,195420,0.00016574703
0,195430,0.00016572319
0,195440,0.00016569936
0,195450,0.00016567553
0,195460,0.0001656517
0,195470,0.00016562788
0,195480,0.00016560407
0,195490,0.00016558025
0,195500,0.00016555644
0,195510,0.00016553263
0,195520,0.00016550883
0,195530,0.00016548502
0,195540,0.00016546123
0,195550,0.00016543744
0,195560,0.00016541364
0,195570,0.00016538985
0,195580,0.00016536607
0,195590,0.00016534228
0,195600,0.0001653185
0,195610,0.00016529474
0,195620,0.00016527096
0,195630,0.0001652472
0,195640,0.00016522344
0,195650,0.00016519967
0,195660,0.00016517592
0,195670,0.00016515216
0,195680,0.00016512841
0,195690,0.00016510468
0,195700,0.00016508093
0,195710,0.0001650572
0,195720,0.00016503345
0,195730,0.00016500973
0,195740,0.00016498599
0,195750,0.00016496227
0,195760,0.00016493854
0,195770,0.00016491482
0,195780,0.00016489111
0,195790,0.0001648674
0,195800,0.00016484369
0,195810,0.00016481998
0,195820,0.00016479628
0,195830,0.00016477259
0,195840,0.0001647489
0,195850,0.0001647252
0,195860,0.00016470152
0,195870,0.00016467783
0,195880,0.00016465415
0,195890,0.00016463047
0,195900,0.0001646068
0,195910,0.00016458312
0,195920,0.00016455946
0,195930,0.0001645358
0,195940,0.00016451214
0,195950,0.00016448848
0,195960,0.00016446483
0,195970,0.00016444118
0,195980,0.00016441754
0,195990,0.00016439389
0,196000,0.00016437024
0,196010,0.00016434661
0,196020,0.00016432298
0,196030,0.00016429934
0,196040,0.00016427573
0,196050,0.00016425211
0,196060,0.00016422849
0,196070,0.00016420487
0,196080,0.00016418126
0,196090,0.00016415765
0,196100,0.00016413405
0,196110,0.00016411045
0,196120,0.00016408684
0,196130,0.00016406325
0,196140,0.00016403965
0,196150,0.00016401608
0,196160,0.00016399249
0,196170,0.0001639689
0,196180,0.00016394533
0,196190,0.00016392175
0,196200,0.00016389818
0,196210,0.00016387462
0,196220,0.00016385104
0,196230,0.00016382748
0,196240,0.00016380394
0,196250,0.00016378038
0,196260,0.00016375683
0,196270,0.00016373328
0,196280,0.00016370974
0,196290,0.0001636862
0,196300,0.00016366267
0,196310,0.00016363912
0,196320,0.0001636156
0,196330,0.00016359208
0,196340,0.00016356855
0,196350,0.00016354503
0,196360,0.00016352152
0,196370,0.000163498
0,196380,0.0001634745
0,196390,0.00016345098
0,196400,0.00016342748
0,196410,0.00016340398
0,196420,0.0001633805
0,196430,0.00016335699
0,196440,0.0001633335
0,196450,0.00016331002
0,196460,0.00016328655
0,196470,0.00016326306
0,196480,0.00016323959
0,196490,0.00016321611
0,196500,0.00016319264
0,196510,0.00016316918
0,196520,0.00016314573
0,196530,0.00016312227
0,196540,0.00016309881
0,196550,0.00016307535
0,196560,0.00016305191
0,196570,0.00016302847
0,196580,0.00016300502
0,196590,0.0001629816
0,196600,0.00016295815
0,196610,0.00016293472
0,196620,0.0001629113
0,196630,0.00016288787
0,196640,0.00016286445
0,196650,0.00016284104
0,196660,0.00016281763
0,196670,0.00016279421
0,196680,0.00016277081
0,196690,0.0001627474
0,196700,0.000162724
0,196710,0.0001627006
0,196720,0.00016267721
0,196730,0.00016265381
0,196740,0.00016263043
0,196750,0.00016260704
0,196760,0.00016258367
0,196770,0.00016256029
0,196780,0.00016253692
0,196790,0.00016251355
0,196800,0.00016249019
0,196810,0.00016246682
0,196820,0.00016244347
0,196830,0.00016242011
0,196840,0.00016239675
0,196850,0.00016237341
0,196860,0.00016235006
0,196870,0.00016232672
0,196880,0.00016230337
0,196890,0.00016228005
0,196900,0.0001622567
0,196910,0.00016223338
0,196920,0.00016221005
0,196930,0.00016218674
0,196940,0.00016216341
0,196950,0.0001621401
0,196960,0.00016211679
0,196970,0.00016209348
0,196980,0.00016207018
0,196990,0.00016204687
0,197000,0.00016202357
0,197010,0.00016200029
0,197020,0.00016197699
0,197030,0.0001619537
0,197040,0.00016193042
0,197050,0.00016190714
0,197060,0.00016188386
0,197070,0.00016186059
0,197080,0.0001618373
0,197090,0.00016181404
0,197100,0.00016179078
0,197110,0.00016176752
0,197120,0.00016174426
0,197130,0.00016172101
0,197140,0.00016169775
0,197150,0.00016167451
0,197160,0.00016165126
0,197170,0.00016162802
0,197180,0.00016160478
0,197190,0.00016158156
0,197200,0.00016155832
0,197210,0.00016153509
0,197220,0.00016151187
0,197230,0.00016148864
0,197240,0.00016146543
0,197250,0.00016144222
0,197260,0.00016141901
0,197270,0.0001613958
0,197280,0.00016137259
0,197290,0.0001613494
0,197300,0.0001613262
0,197310,0.000161303
0,197320,0.00016127982
0,197330,0.00016125663
0,197340,0.00016123345
0,197350,0.00016121026
0,197360,0.00016118708
0,197370,0.00016116392
0,197380,0.00016114075
0,197390,0.00016111758
0,197400,0.00016109442
0,197410,0.00016107125
0,197420,0.0001610481
0,197430,0.00016102495
0,197440,0.0001610018
0,197450,0.00016097866
0,197460,0.0001609555
0,197470,0.00016093237
0,197480,0.00016090923
0,197490,0.00016088609
0,197500,0.00016086297
0,197510,0.00016083985
0,197520,0.00016081672
0,197530,0.0001607936
0,197540,0.00016077049
0,197550,0.00016074737
0,197560,0.00016072426
0,197570,0.00016070115
0,197580,0.00016067806
0,197590,0.00016065495
0,197600,0.00016063185
0,197610,0.00016060876
0,197620,0.00016058568
0,197630,0.00016056259
0,197640,0.00016053951
0,197650,0.00016051643
0,197660,0.00016049335
0,197670,0.00016047028
0,197680,0.0001604472
0,197690,0.00016042414
0,197700,0.00016040108
0,197710,0.00016037803
0,197720,0.00016035496
0,197730,0.00016033191
0,197740,0.00016030886
0,197750,0.00016028582
0,197760,0.00016026277
0,197770,0.00016023974
0,197780,0.0001602167
0,197790,0.00016019367
0,197800,0.00016017065
0,197810,0.00016014761
0,197820,0.00016012459
0,197830,0.00016010157
0,197840,0.00016007856
0,197850,0.00016005554
0,197860,0.00016003253
0,197870,0.00016000953
0,197880,0.00015998654
0,197890,0.00015996353
0,197900,0.00015994054
0,197910,0.00015991754
0,197920,0.00015989455
0,197930,0.00015987158
0,197940,0.00015984858
0,197950,0.0001598256
0,197960,0.00015980263
0,197970,0.00015977967
0,197980,0.00015975669
0,197990,0.00015973373
0,198000,0.00015971076
0,198010,0.0001596878
0,198020,0.00015966485
0,198030,0.0001596419
0,198040,0.00015961895
0,198050,0.000159596
0,198060,0.00015957306
0,198070,0.00015955012
0,198080,0.00015952719
0,198090,0.00015950426
0,198100,0.00015948132
0,198110,0.0001594584
0,198120,0.00015943548
0,198130,0.00015941256
0,198140,0.00015938964
0,198150,0.00015936673
0,198160,0.00015934382
0,198170,0.00015932092
0,198180,0.00015929801
0,198190,0.00015927512
0,198200,0.00015925222
0,198210,0.00015922933
0,198220,0.00015920644
0,198230,0.00015918356
0,198240,0.00015916067
0,198250,0.0001591378
0,198260,0.00015911492
0,198270,0.00015909204
0,198280,0.00015906918
0,198290,0.0001590463
0,198300,0.00015902345
0,198310,0.00015900058
0,198320,0.00015897774
0,198330,0.00015895488
0,198340,0.00015893203
0,198350,0.00015890918
0,198360,0.00015888635
0,198370,0.0001588635
0,198380,0.00015884067
0,198390,0.00015881784
0,198400,0.00015879501
0,198410,0.00015877218
0,198420,0.00015874936
0,198430,0.00015872654
0,198440,0.00015870373
0,198450,0.00015868091
0,198460,0.0001586581
0,198470,0.0001586353
0,198480,0.0001586125
0,198490,0.0001585897
0,198500,0.0001585669
0,198510,0.0001585441
0,198520,0.00015852132
0,198530,0.00015849853
0,198540,0.00015847576
0,198550,0.00015845297
0,198560,0.0001584302
0,198570,0.00015840742
0,198580,0.00015838466
0,198590,0.00015836189
0,198600,0.00015833913
0,198610,0.00015831637
0,198620,0.00015829361
0,198630,0.00015827085
0,198640,0.0001582481
0,198650,0.00015822536
0,198660,0.00015820262
0,198670,0.00015817987
0,198680,0.00015815714
0,198690,0.00015813441
0,198700,0.00015811168
0,198710,0.00015808895
0,198720,0.00015806624
0,198730,0.0001580435
0,198740,0.00015802079
0,198750,0.00015799807
0,198760,0.00015797537
0,198770,0.00015795266
0,198780,0.00015792996
0,198790,0.00015790726
0,198800,0.00015788457
0,198810,0.00015786187
0,198820,0.00015783918
0,198830,0.0001578165
0,198840,0.00015779381
0,198850,0.00015777112
0,198860,0.00015774845
0,198870,0.00015772578
0,198880,0.0001577031
0,198890,0.00015768044
0,198900,0.00015765778
0,198910,0.00015763512
0,198920,0.00015761246
0,198930,0.0001575898
0,198940,0.00015756715
0,198950,0.0001575445
0,198960,0.00015752186
0,198970,0.00015749922
0,198980,0.00015747659
0,198990,0.00015745395
0,199000,0.00015743132
0,199010,0.0001574087
0,199020,0.00015738606
0,199030,0.00015736345
0,199040,0.00015734084
0,199050,0.00015731822
0,199060,0.00015729561
0,199070,0.000157273
0,199080,0.0001572504
0,199090,0.0001572278
0,199100,0.0001572052
0,199110,0.0001571826
0,199120,0.00015716
0,199130,0.00015713742
0,199140,0.00015711483
0,199150,0.00015709225
0,199160,0.00015706968
0,199170,0.0001570471
0,199180,0.00015702452
0,199190,0.00015700197
0,199200,0.0001569794
0,199210,0.00015695683
0,199220,0.00015693427
0,199230,0.00015691172
0,199240,0.00015688916
0,199250,0.00015686662
0,199260,0.00015684408
0,199270,0.00015682154
0,199280,0.000156799
0,199290,0.00015677646
0,199300,0.00015675393
0,199310,0.00015673139
0,199320,0.00015670886
0,199330,0.00015668635
0,199340,0.00015666382
0,199350,0.00015664131
0,199360,0.0001566188
0,199370,0.00015659629
0,199380,0.00015657378
0,199390,0.00015655128
0,199400,0.00015652878
0,199410,0.00015650628
0,199420,0.00015648379
0,199430,0.0001564613
0,199440,0.00015643881
0,199450,0.00015641632
0,199460,0.00015639386
0,199470,0.00015637137
0,199480,0.0001563489
0,199490,0.00015632642
0,199500,0.00015630397
0,199510,0.0001562815
0,199520,0.00015625903
0,199530,0.00015623658
0,199540,0.00015621413
0,199550,0.00015619167
0,199560,0.00015616923
0,199570,0.00015614678
0,199580,0.00015612434
0,199590,0.0001561019
0,199600,0.00015607948
0,199610,0.00015605704
0,199620,0.00015603461
0,199630,0.00015601219
0,199640,0.00015598976
0,199650,0.00015596735
0,199660,0.00015594493
0,199670,0.00015592252
0,199680,0.00015590011
0,199690,0.00015587771
0,199700,0.0001558553
0,199710,0.00015583291
0,199720,0.00015581051
0,199730,0.00015578812
0,199740,0.00015576574
0,199750,0.00015574334
0,199760,0.00015572096
0,199770,0.00015569858
0,199780,0.00015567621
0,199790,0.00015565383
0,199800,0.00015563147
0,199810,0.0001556091
0,199820,0.00015558673
0,199830,0.00015556438
0,199840,0.00015554203
0,199850,0.00015551968
0,199860,0.00015549733
0,199870,0.00015547498
0,199880,0.00015545264
0,199890,0.00015543029
0,199900,0.00015540795
0,199910,0.00015538563
0,199920,0.00015536329
0,199930,0.00015534097
0,199940,0.00015531864
0,199950,0.00015529632
0,199960,0.000155274
0,199970,0.00015525169
0,199980,0.00015522938
0,199990,0.00015520708
0,200000,0.00015518477
0,200010,0.00015516246
0,200020,0.00015514017
0,200030,0.00015511787
0,200040,0.00015509558
0,200050,0.0001550733
0,200060,0.000155051
0,200070,0.00015502873
0,200080,0.00015500645
0,200090,0.00015498417
0,200100,0.0001549619
0,200110,0.00015493964
0,200120,0.00015491736
0,200130,0.00015489511
0,200140,0.00015487285
0,200150,0.0001548506
0,200160,0.00015482833
0,200170,0.00015480608
0,200180,0.00015478385
0,200190,0.0001547616
0,200200,0.00015473936
0,200210,0.00015471713
0,200220,0.00015469489
0,200230,0.00015467266
0,200240,0.00015465044
0,200250,0.00015462821
0,200260,0.000154606
0,200270,0.00015458377
0,200280,0.00015456157
0,200290,0.00015453935
0,200300,0.00015451714
0,200310,0.00015449493
0,200320,0.00015447274
0,200330,0.00015445054
0,200340,0.00015442834
0,200350,0.00015440615
0,200360,0.00015438396
0,200370,0.00015436178
0,200380,0.0001543396
0,200390,0.00015431743
0,200400,0.00015429525
0,200410,0.00015427308
0,200420,0.00015425091
0,200430,0.00015422874
0,200440,0.00015420659
0,200450,0.00015418442
0,200460,0.00015416226
0,200470,0.00015414011
0,200480,0.00015411797
0,200490,0.00015409582
0,200500,0.00015407367
0,200510,0.00015405154
0,200520,0.0001540294
0,200530,0.00015400727
0,200540,0.00015398514
0,200550,0.000153963
0,200560,0.00015394088
0,200570,0.00015391877
0,200580,0.00015389665
0,200590,0.00015387454
0,200600,0.00015385242
0,200610,0.00015383032
0,200620,0.00015380821
0,200630,0.00015378611
0,200640,0.00015376402
0,200650,0.00015374192
0,200660,0.00015371983
0,200670,0.00015369774
0,200680,0.00015367566
0,200690,0.00015365357
0,200700,0.0001536315
0,200710,0.00015360942
0,200720,0.00015358735
0,200730,0.00015356528
0,200740,0.00015354321
0,200750,0.00015352115
0,200760,0.00015349909
0,200770,0.00015347703
0,200780,0.00015345498
0,200790,0.00015343293
0,200800,0.00015341089
0,200810,0.00015338884
0,200820,0.0001533668
0,200830,0.00015334476
0,200840,0.00015332273
0,200850,0.0001533007
0,200860,0.00015327867
0,200870,0.00015325665
0,200880,0.00015323462
0,200890,0.0001532126
0,200900,0.0001531906
0,200910,0.00015316858
0,200920,0.00015314658
0,200930,0.00015312457
0,200940,0.00015310258
0,200950,0.00015308057
0,200960,0.00015305857
0,200970,0.00015303658
0,200980,0.0001530146
0,200990,0.00015299261
0,201000,0.00015297062
0,201010,0.00015294865
0,201020,0.00015292667
0,201030,0.0001529047
0,201040,0.00015288273
0,201050,0.00015286077
0,201060,0.0001528388
0,201070,0.00015281684
0,201080,0.00015279488
0,201090,0.00015277293
0,201100,0.00015275097
0,201110,0.00015272903
0,201120,0.00015270709
0,201130,0.00015268514
0,201140,0.00015266321
0,201150,0.00015264127
0,201160,0.00015261934
0,201170,0.00015259741
0,201180,0.00015257549
0,201190,0.00015255356
0,201200,0.00015253165
0,201210,0.00015250973
0,201220,0.00015248782
0,201230,0.00015246592
0,201240,0.000152444
0,201250,0.0001524221
0,201260,0.0001524002
0,201270,0.0001523783
0,201280,0.00015235641
0,201290,0.00015233453
0,201300,0.00015231264
0,201310,0.00015229076
0,201320,0.00015226887
0,201330,0.000152247
0,201340,0.00015222513
0,201350,0.00015220325
0,201360,0.00015218138
0,201370,0.00015215951
0,201380,0.00015213765
0,201390,0.0001521158
0,201400,0.00015209394
0,201410,0.0001520721
0,201420,0.00015205024
0,201430,0.0001520284
0,201440,0.00015200656
0,201450,0.00015198471
0,201460,0.00015196289
0,201470,0.00015194104
0,201480,0.00015191922
0,201490,0.00015189739
0,201500,0.00015187556
0,201510,0.00015185375
0,201520,0.00015183193
0,201530,0.00015181012
0,201540,0.0001517883
0,201550,0.0001517665
0,201560,0.0001517447
0,201570,0.0001517229
0,201580,0.0001517011
0,201590,0.0001516793
0,201600,0.00015165751
0,201610,0.00015163572
0,201620,0.00015161393
0,201630,0.00015159215
0,201640,0.00015157038
0,201650,0.0001515486
0,201660,0.00015152682
0,201670,0.00015150505
0,201680,0.00015148328
0,201690,0.00015146153
0,201700,0.00015143976
0,201710,0.000151418
0,201720,0.00015139625
0,201730,0.00015137451
0,201740,0.00015135275
0,201750,0.00015133101
0,201760,0.00015130927
0,201770,0.00015128753
0,201780,0.0001512658
0,201790,0.00015124406
0,201800,0.00015122234
0,201810,0.00015120061
0,201820,0.00015117889
0,201830,0.00015115718
0,201840,0.00015113546
0,201850,0.00015111374
0,201860,0.00015109204
0,201870,0.00015107033
0,201880,0.00015104863
0,201890,0.00015102692
0,201900,0.00015100522
0,201910,0.00015098354
0,201920,0.00015096185
0,201930,0.00015094016
0,201940,0.00015091848
0,201950,0.0001508968
0,201960,0.00015087512
0,201970,0.00015085343
0,201980,0.00015083177
0,201990,0.0001508101
0,202000,0.00015078843
0,202010,0.00015076678
0,202020,0.00015074511
0,202030,0.00015072346
0,202040,0.0001507018
0,202050,0.00015068015
0,202060,0.00015065851
0,202070,0.00015063687
0,202080,0.00015061522
0,202090,0.0001505936
0,202100,0.00015057196
0,202110,0.00015055032
0,202120,0.0001505287
0,202130,0.00015050707
0,202140,0.00015048544
0,202150,0.00015046383
0,202160,0.00015044221
0,202170,0.0001504206
0,202180,0.00015039899
0,202190,0.0001503774
0,202200,0.00015035579
0,202210,0.00015033419
0,202220,0.0001503126
0,202230,0.000150291
0,202240,0.0001502694
0,202250,0.00015024783
0,202260,0.00015022625
0,202270,0.00015020467
0,202280,0.00015018308
0,202290,0.0001501615
0,202300,0.00015013994
0,202310,0.00015011837
0,202320,0.0001500968
0,202330,0.00015007524
0,202340,0.00015005369
0,202350,0.00015003212
0,202360,0.00015001057
0,202370,0.00014998902
0,202380,0.00014996748
0,202390,0.00014994593
0,202400,0.0001499244
0,202410,0.00014990286
0,202420,0.00014988132
0,202430,0.0001498598
0,202440,0.00014983828
0,202450,0.00014981674
0,202460,0.00014979523
0,202470,0.00014977371
0,202480,0.00014975219
0,202490,0.00014973068
0,202500,0.00014970917
0,202510,0.00014968766
0,202520,0.00014966617
0,202530,0.00014964466
0,202540,0.00014962317
0,202550,0.00014960168
0,202560,0.00014958018
0,202570,0.0001495587
0,202580,0.00014953721
0,202590,0.00014951573
0,202600,0.00014949426
0,202610,0.00014947279
0,202620,0.00014945131
0,202630,0.00014942985
0,202640,0.00014940838
0,202650,0.00014938692
0,202660,0.00014936546
0,202670,0.000149344
0,202680,0.00014932256
0,202690,0.00014930111
0,202700,0.00014927966
0,202710,0.00014925822
0,202720,0.00014923677
0,202730,0.00014921534
0,202740,0.0001491939
0,202750,0.00014917248
0,202760,0.00014915105
0,202770,0.00014912963
0,202780,0.00014910821
0,202790,0.00014908679
0,202800,0.00014906537
0,202810,0.00014904396
0,202820,0.00014902255
0,202830,0.00014900115
0,202840,0.00014897974
0,202850,0.00014895834
0,202860,0.00014893695
0,202870,0.00014891555
0,202880,0.00014889416
0,202890,0.00014887277
0,202900,0.0001488514
0,202910,0.00014883002
0,202920,0.00014880864
0,202930,0.00014878727
0,202940,0.00014876589
0,202950,0.00014874453
0,202960,0.00014872315
0,202970,0.00014870179
0,202980,0.00014868044
0,202990,0.00014865908
0,203000,0.00014863773
0,203010,0.00014861638
0,203020,0.00014859503
0,203030,0.00014857369
0,203040,0.00014855235
0,203050,0.000148531
0,203060,0.00014850967
0,203070,0.00014848834
0,203080,0.00014846702
0,203090,0.00014844569
0,203100,0.00014842437
0,203110,0.00014840305
0,203120,0.00014838173
0,203130,0.00014836043
0,203140,0.00014833911
0,203150,0.0001483178
0,203160,0.0001482965
0,203170,0.0001482752
0,203180,0.00014825391
0,203190,0.00014823262
0,203200,0.00014821133
0,203210,0.00014819004
0,203220,0.00014816875
0,203230,0.00014814748
0,203240,0.00014812619
0,203250,0.00014810491
0,203260,0.00014808364
0,203270,0.00014806238
0,203280,0.0001480411
0,203290,0.00014801984
0,203300,0.00014799858
0,203310,0.00014797733
0,203320,0.00014795607
0,203330,0.00014793483
0,203340,0.00014791358
0,203350,0.00014789234
0,203360,0.00014787109
0,203370,0.00014784986
0,203380,0.00014782861
0,203390,0.00014780738
0,203400,0.00014778615
0,203410,0.00014776493
0,203420,0.0001477437
0,203430,0.00014772249
0,203440,0.00014770127
0,203450,0.00014768005
0,203460,0.00014765885
0,203470,0.00014763763
0,203480,0.00014761643
0,203490,0.00014759523
0,203500,0.00014757404
0,203510,0.00014755284
0,203520,0.00014753165
0,203530,0.00014751047
0,203540,0.00014748928
0,203550,0.00014746809
0,203560,0.00014744692
0,203570,0.00014742573
0,203580,0.00014740456
0,203590,0.0001473834
0,203600,0.00014736223
0,203610,0.00014734107
0,203620,0.0001473199
0,203630,0.00014729874
0,203640,0.00014727759
0,203650,0.00014725643
0,203660,0.00014723529
0,203670,0.00014721414
0,203680,0.000147193
0,203690,0.00014717186
0,203700,0.00014715073
0,203710,0.00014712958
0,203720,0.00014710845
0,203730,0.00014708732
0,203740,0.00014706621
0,203750,0.00014704508
0,203760,0.00014702397
0,203770,0.00014700285
0,203780,0.00014698174
0,203790,0.00014696064
0,203800,0.00014693952
0,203810,0.00014691842
0,203820,0.00014689732
0,203830,0.00014687622
0,203840,0.00014685513
0,203850,0.00014683403
0,203860,0.00014681295
0,203870,0.00014679186
0,203880,0.00014677079
0,203890,0.0001467497
0,203900,0.00014672863
0,203910,0.00014670756
0,203920,0.00014668649
0,203930,0.00014666542
0,203940,0.00014664436
0,203950,0.00014662331
0,203960,0.00014660225
0,203970,0.0001465812
0,203980,0.00014656014
0,203990,0.0001465391
0,204000,0.00014651805
0,204010,0.00014649701
0,204020,0.00014647597
0,204030,0.00014645493
0,204040,0.0001464339
0,204050,0.00014641287
0,204060,0.00014639185
0,204070,0.00014637082
0,204080,0.0001463498
0,204090,0.00014632879
0,204100,0.00014630776
0,204110,0.00014628677
0,204120,0.00014626575
0,204130,0.00014624474
0,204140,0.00014622374
0,204150,0.00014620274
0,204160,0.00014618174
0,204170,0.00014616076
0,204180,0.00014613976
0,204190,0.00014611878
0,204200,0.0001460978
0,204210,0.00014607681
0,204220,0.00014605584
0,204230,0.00014603487
0,204240,0.00014601389
0,204250,0.00014599292
0,204260,0.00014597196
0,204270,0.000145951
0,204280,0.00014593004
0,204290,0.00014590909
0,204300,0.00014588813
0,204310,0.00014586718
0,204320,0.00014584624
0,204330,0.0001458253
0,204340,0.00014580434
0,204350,0.00014578342
0,204360,0.00014576247
0,204370,0.00014574155
0,204380,0.00014572061
0,204390,0.00014569968
0,204400,0.00014567877
0,204410,0.00014565785
0,204420,0.00014563694
0,204430,0.00014561601
0,204440,0.0001455951
0,204450,0.0001455742
0,204460,0.00014555329
0,204470,0.0001455324
0,204480,0.0001455115
0,204490,0.0001454906
0,204500,0.0001454697
0,204510,0.00014544882
0,204520,0.00014542793
0,204530,0.00014540704
0,204540,0.00014538616
0,204550,0.0001453653
0,204560,0.00014534441
0,204570,0.00014532355
0,204580,0.00014530268
0,204590,0.00014528181
0,204600,0.00014526096
0,204610,0.00014524009
0,204620,0.00014521924
0,204630,0.00014519838
0,204640,0.00014517753
0,204650,0.0001451567
0,204660,0.00014513584
0,204670,0.000145115
0,204680,0.00014509416
0,204690,0.00014507333
0,204700,0.0001450525
0,204710,0.00014503166
0,204720,0.00014501084
0,204730,0.00014499002
0,204740,0.0001449692
0,204750,0.00014494838
0,204760,0.00014492757
0,204770,0.00014490676
0,204780,0.00014488595
0,204790,0.00014486515
0,204800,0.00014484435
0,204810,0.00014482356
0,204820,0.00014480275
0,204830,0.00014478197
0,204840,0.00014476117
0,204850,0.00014474039
0,204860,0.0001447196
0,204870,0.00014469882
0,204880,0.00014467805
0,204890,0.00014465727
0,204900,0.0001446365
0,204910,0.00014461573
0,204920,0.00014459496
0,204930,0.00014457421
0,204940,0.00014455344
0,204950,0.00014453269
0,204960,0.00014451194
0,204970,0.00014449119
0,204980,0.00014447044
0,204990,0.00014444969
0,205000,0.00014442895
0,205010,0.00014440822
0,205020,0.00014438748
0,205030,0.00014436674
0,205040,0.00014434602
0,205050,0.0001443253
0,205060,0.00014430458
0,205070,0.00014428385
0,205080,0.00014426313
0,205090,0.00014424243
0,205100,0.0001442217
0,205110,0.000144201
0,205120,0.0001441803
0,205130,0.0001441596
0,205140,0.0001441389
0,205150,0.0001441182
0,205160,0.0001440975
0,205170,0.00014407682
0,205180,0.00014405613
0,205190,0.00014403545
0,205200,0.00014401476
0,205210,0.00014399408
0,205220,0.00014397342
0,205230,0.00014395274
0,205240,0.00014393208
0,205250,0.00014391141
0,205260,0.00014389075
0,205270,0.00014387009
0,205280,0.00014384942
0,205290,0.00014382877
0,205300,0.00014380812
0,205310,0.00014378747
0,205320,0.00014376683
0,205330,0.00014374619
0,205340,0.00014372556
0,205350,0.00014370492
0,205360,0.00014368429
0,205370,0.00014366365
0,205380,0.00014364303
0,205390,0.0001436224
0,205400,0.00014360178
0,205410,0.00014358116
0,205420,0.00014356055
0,205430,0.00014353993
0,205440,0.00014351933
0,205450,0.00014349872
0,205460,0.00014347812
0,205470,0.00014345752
0,205480,0.00014343692
0,205490,0.00014341633
0,205500,0.00014339574
0,205510,0.00014337515
0,205520,0.00014335457
0,205530,0.00014333398
0,205540,0.0001433134
0,205550,0.00014329283
0,205560,0.00014327225
0,205570,0.00014325169
0,205580,0.00014323111
0,205590,0.00014321055
0,205600,0.00014318999
0,205610,0.00014316944
0,205620,0.00014314888
0,205630,0.00014312833
0,205640,0.00014310778
0,205650,0.00014308724
0,205660,0.00014306669
0,205670,0.00014304616
0,205680,0.00014302561
0,205690,0.00014300508
0,205700,0.00014298454
0,205710,0.00014296403
0,205720,0.00014294349
0,205730,0.00014292297
0,205740,0.00014290246
0,205750,0.00014288194
0,205760,0.00014286142
0,205770,0.00014284092
0,205780,0.00014282041
0,205790,0.00014279991
0,205800,0.0001427794
0,205810,0.0001427589
0,205820,0.00014273841
0,205830,0.00014271791
0,205840,0.00014269742
0,205850,0.00014267694
0,205860,0.00014265646
0,205870,0.00014263598
0,205880,0.00014261549
0,205890,0.00014259502
0,205900,0.00014257456
0,205910,0.00014255408
0,205920,0.00014253362
0,205930,0.00014251315
0,205940,0.0001424927
0,205950,0.00014247224
0,205960,0.00014245178
0,205970,0.00014243134
0,205980,0.00014241089
0,205990,0.00014239045
0,206000,0.00014237
0,206010,0.00014234956
0,206020,0.00014232913
0,206030,0.0001423087
0,206040,0.00014228826
0,206050,0.00014226783
0,206060,0.00014224742
0,206070,0.00014222699
0,206080,0.00014220657
0,206090,0.00014218615
0,206100,0.00014216575
0,206110,0.00014214533
0,206120,0.00014212493
0,206130,0.00014210453
0,206140,0.00014208413
0,206150,0.00014206373
0,206160,0.00014204334
0,206170,0.00014202294
0,206180,0.00014200255
0,206190,0.00014198218
0,206200,0.00014196179
0,206210,0.0001419414
0,206220,0.00014192103
0,206230,0.00014190066
0,206240,0.00014188029
0,206250,0.00014185993
0,206260,0.00014183955
0,206270,0.0001418192
0,206280,0.00014179884
0,206290,0.00014177848
0,206300,0.00014175812
0,206310,0.00014173778
0,206320,0.00014171744
0,206330,0.00014169709
0,206340,0.00014167675
0,206350,0.0001416564
0,206360,0.00014163608
0,206370,0.00014161575
0,206380,0.00014159542
0,206390,0.00014157509
0,206400,0.00014155476
0,206410,0.00014153444
0,206420,0.00014151413
0,206430,0.00014149382
0,206440,0.0001414735
0,206450,0.00014145319
0,206460,0.00014143289
0,206470,0.00014141259
0,206480,0.00014139229
0,206490,0.00014137199
0,206500,0.00014135169
0,206510,0.0001413314
0,206520,0.00014131112
0,206530,0.00014129083
0,206540,0.00014127055
0,206550,0.00014125026
0,206560,0.00014122999
0,206570,0.00014120972
0,206580,0.00014118945
0,206590,0.00014116918
0,206600,0.00014114892
0,206610,0.00014112865
0,206620,0.0001411084
0,206630,0.00014108814
0,206640,0.00014106788
0,206650,0.00014104764
0,206660,0.0001410274
0,206670,0.00014100714
0,206680,0.00014098691
0,206690,0.00014096667
0,206700,0.00014094643
0,206710,0.0001409262
0,206720,0.00014090598
0,206730,0.00014088575
0,206740,0.00014086552
0,206750,0.00014084531
0,206760,0.00014082508
0,206770,0.00014080487
0,206780,0.00014078466
0,206790,0.00014076446
0,206800,0.00014074425
0,206810,0.00014072405
0,206820,0.00014070385
0,206830,0.00014068365
0,206840,0.00014066345
0,206850,0.00014064327
0,206860,0.00014062307
0,206870,0.00014060289
0,206880,0.0001405827
0,206890,0.00014056254
0,206900,0.00014054235
0,206910,0.00014052218
0,206920,0.00014050202
0,206930,0.00014048185
0,206940,0.00014046168
0,206950,0.00014044152
0,206960,0.00014042135
0,206970,0.0001404012
0,206980,0.00014038105
0,206990,0.0001403609
0,207000,0.00014034075
0,207010,0.00014032061
0,207020,0.00014030047
0,207030,0.00014028033
0,207040,0.00014026019
0,207050,0.00014024007
0,207060,0.00014021994
0,207070,0.0001401998
0,207080,0.00014017969
0,207090,0.00014015957
0,207100,0.00014013944
0,207110,0.00014011933
0,207120,0.00014009922
0,207130,0.00014007911
0,207140,0.00014005901
0,207150,0.0001400389
0,207160,0.0001400188
0,207170,0.00013999871
0,207180,0.00013997861
0,207190,0.00013995852
0,207200,0.00013993843
0,207210,0.00013991835
0,207220,0.00013989826
0,207230,0.00013987819
0,207240,0.00013985811
0,207250,0.00013983804
0,207260,0.00013981796
0,207270,0.00013979789
0,207280,0.00013977783
0,207290,0.00013975777
0,207300,0.0001397377
0,207310,0.00013971765
0,207320,0.0001396976
0,207330,0.00013967755
0,207340,0.0001396575
0,207350,0.00013963746
0,207360,0.00013961742
0,207370,0.00013959738
0,207380,0.00013957734
0,207390,0.0001395573
0,207400,0.00013953728
0,207410,0.00013951724
0,207420,0.00013949722
0,207430,0.00013947721
0,207440,0.00013945719
0,207450,0.00013943716
0,207460,0.00013941716
0,207470,0.00013939715
0,207480,0.00013937714
0,207490,0.00013935714
0,207500,0.00013933713
0,207510,0.00013931714
0,207520,0.00013929715
0,207530,0.00013927715
0,207540,0.00013925716
0,207550,0.00013923718
0,207560,0.0001392172
0,207570,0.00013919722
0,207580,0.00013917724
0,207590,0.00013915726
0,207600,0.0001391373
0,207610,0.00013911731
0,207620,0.00013909735
0,207630,0.00013907738
0,207640,0.00013905743
0,207650,0.00013903747
0,207660,0.00013901752
0,207670,0.00013899757
0,207680,0.00013897762
0,207690,0.00013895766
0,207700,0.00013893773
0,207710,0.00013891779
0,207720,0.00013889786
0,207730,0.00013887792
0,207740,0.00013885798
0,207750,0.00013883806
0,207760,0.00013881813
0,207770,0.0001387982
0,207780,0.00013877828
0,207790,0.00013875838
0,207800,0.00013873845
0,207810,0.00013871855
0,207820,0.00013869864
0,207830,0.00013867873
0,207840,0.00013865883
0,207850,0.00013863893
0,207860,0.00013861903
0,207870,0.00013859913
0,207880,0.00013857926
0,207890,0.00013855936
0,207900,0.00013853947
0,207910,0.0001385196
0,207920,0.00013849972
0,207930,0.00013847984
0,207940,0.00013845996
0,207950,0.0001384401
0,207960,0.00013842023
0,207970,0.00013840036
0,207980,0.0001383805
0,207990,0.00013836064
0,208000,0.00013834078
0,208010,0.00013832093
0,208020,0.00013830108
0,208030,0.00013828123
0,208040,0.00013826138
0,208050,0.00013824155
0,208060,0.00013822172
0,208070,0.00013820187
0,208080,0.00013818203
0,208090,0.00013816221
0,208100,0.00013814238
0,208110,0.00013812256
0,208120,0.00013810274
0,208130,0.00013808292
0,208140,0.0001380631
0,208150,0.0001380433
0,208160,0.00013802348
0,208170,0.00013800367
0,208180,0.00013798386
0,208190,0.00013796406
0,208200,0.00013794427
0,208210,0.00013792448
0,208220,0.00013790467
0,208230,0.00013788488
0,208240,0.0001378651
0,208250,0.00013784532
0,208260,0.00013782554
0,208270,0.00013780576
0,208280,0.00013778599
0,208290,0.00013776621
0,208300,0.00013774644
0,208310,0.00013772667
0,208320,0.00013770691
0,208330,0.00013768715
0,208340,0.00013766739
0,208350,0.00013764763
0,208360,0.00013762788
0,208370,0.00013760813
0,208380,0.00013758839
0,208390,0.00013756864
0,208400,0.0001375489
0,208410,0.00013752916
0,208420,0.00013750943
0,208430,0.0001374897
0,208440,0.00013746996
0,208450,0.00013745023
0,208460,0.00013743051
0,208470,0.0001374108
0,208480,0.00013739108
0,208490,0.00013737136
0,208500,0.00013735164
0,208510,0.00013733194
0,208520,0.00013731224
0,208530,0.00013729253
0,208540,0.00013727283
0,208550,0.00013725313
0,208560,0.00013723344
0,208570,0.00013721373
0,208580,0.00013719405
0,208590,0.00013717437
0,208600,0.00013715468
0,208610,0.000137135
0,208620,0.00013711532
0,208630,0.00013709565
0,208640,0.00013707597
0,208650,0.00013705631
0,208660,0.00013703664
0,208670,0.00013701698
0,208680,0.00013699732
0,208690,0.00013697766
0,208700,0.000136958
0,208710,0.00013693835
0,208720,0.0001369187
0,208730,0.00013689905
0,208740,0.0001368794
0,208750,0.00013685977
0,208760,0.00013684013
0,208770,0.0001368205
0,208780,0.00013680087
0,208790,0.00013678124
0,208800,0.0001367616
0,208810,0.00013674198
0,208820,0.00013672236
0,208830,0.00013670274
0,208840,0.00013668313
0,208850,0.00013666351
0,208860,0.00013664391
0,208870,0.0001366243
0,208880,0.00013660469
0,208890,0.00013658509
0,208900,0.00013656549
0,208910,0.0001365459
0,208920,0.0001365263
0,208930,0.00013650671
0,208940,0.00013648713
0,208950,0.00013646754
0,208960,0.00013644797
0,208970,0.00013642838
0,208980,0.00013640881
0,208990,0.00013638924
0,209000,0.00013636966
0,209010,0.0001363501
0,209020,0.00013633053
0,209030,0.00013631098
0,209040,0.00013629142
0,209050,0.00013627186
0,209060,0.00013625232
0,209070,0.00013623276
0,209080,0.00013621322
0,209090,0.00013619367
0,209100,0.00013617413
0,209110,0.00013615459
0,209120,0.00013613506
0,209130,0.00013611553
0,209140,0.00013609599
0,209150,0.00013607647
0,209160,0.00013605694
0,209170,0.00013603742
0,209180,0.0001360179
0,209190,0.00013599839
0,209200,0.00013597887
0,209210,0.00013595936
0,209220,0.00013593986
0,209230,0.00013592035
0,209240,0.00013590085
0,209250,0.00013588135
0,209260,0.00013586186
0,209270,0.00013584236
0,209280,0.00013582288
0,209290,0.00013580339
0,209300,0.0001357839
0,209310,0.00013576442
0,209320,0.00013574494
0,209330,0.00013572547
0,209340,0.000135706
0,209350,0.00013568653
0,209360,0.00013566705
0,209370,0.00013564758
0,209380,0.00013562813
0,209390,0.00013560867
0,209400,0.00013558922
0,209410,0.00013556976
0,209420,0.0001355503
0,209430,0.00013553086
0,209440,0.00013551142
0,209450,0.00013549197
0,209460,0.00013547254
0,209470,0.0001354531
0,209480,0.00013543366
0,209490,0.00013541423
0,209500,0.0001353948
0,209510,0.00013537538
0,209520,0.00013535596
0,209530,0.00013533654
0,209540,0.00013531712
0,209550,0.00013529771
0,209560,0.0001352783
0,209570,0.00013525889
0,209580,0.00013523948
0,209590,0.00013522008
0,209600,0.00013520068
0,209610,0.00013518128
0,209620,0.00013516188
0,209630,0.0001351425
0,209640,0.0001351231
0,209650,0.00013510372
0,209660,0.00013508434
0,209670,0.00013506495
0,209680,0.00013504559
0,209690,0.0001350262
0,209700,0.00013500683
0,209710,0.00013498747
0,209720,0.0001349681
0,209730,0.00013494874
0,209740,0.00013492937
0,209750,0.00013491002
0,209760,0.00013489067
0,209770,0.00013487131
0,209780,0.00013485196
0,209790,0.00013483262
0,209800,0.00013481328
0,209810,0.00013479394
0,209820,0.0001347746
0,209830,0.00013475526
0,209840,0.00013473594
0,209850,0.0001347166
0,209860,0.00013469727
0,209870,0.00013467795
0,209880,0.00013465862
0,209890,0.00013463931
0,209900,0.00013462
0,209910,0.00013460068
0,209920,0.00013458138
0,209930,0.00013456207
0,209940,0.00013454276
0,209950,0.00013452346
0,209960,0.00013450417
0,209970,0.00013448487
0,209980,0.00013446558
0,209990,0.00013444628
0,210000,0.000134427
0,210010,0.00013440772
0,210020,0.00013438844
0,210030,0.00013436915
0,210040,0.00013434987
0,210050,0.0001343306
0,210060,0.00013431133
0,210070,0.00013429206
0,210080,0.00013427279
0,210090,0.00013425354
0,210100,0.00013423427
0,210110,0.00013421502
0,210120,0.00013419577
0,210130,0.00013417652
0,210140,0.00013415726
0,210150,0.00013413803
0,210160,0.00013411877
0,210170,0.00013409954
0,210180,0.0001340803
0,210190,0.00013406106
0,210200,0.00013404184
0,210210,0.00013402262
0,210220,0.00013400338
0,210230,0.00013398415
0,210240,0.00013396495
0,210250,0.00013394572
0,210260,0.0001339265
0,210270,0.00013390729
0,210280,0.00013388808
0,210290,0.00013386887
0,210300,0.00013384968
0,210310,0.00013383047
0,210320,0.00013381128
0,210330,0.00013379208
0,210340,0.00013377289
0,210350,0.0001337537
0,210360,0.00013373452
0,210370,0.00013371534
0,210380,0.00013369614
0,210390,0.00013367698
0,210400,0.0001336578
0,210410,0.00013363862
0,210420,0.00013361945
0,210430,0.00013360029
0,210440,0.00013358112
0,210450,0.00013356196
0,210460,0.0001335428
0,210470,0.00013352364
0,210480,0.0001335045
0,210490,0.00013348534
0,210500,0.0001334662
0,210510,0.00013344704
0,210520,0.00013342791
0,210530,0.00013340877
0,210540,0.00013338964
0,210550,0.0001333705
0,210560,0.00013335136
0,210570,0.00013333224
0,210580,0.00013331311
0,210590,0.00013329399
0,210600,0.00013327487
0,210610,0.00013325576
0,210620,0.00013323664
0,210630,0.00013321753
0,210640,0.00013319842
0,210650,0.00013317932
0,210660,0.00013316021
0,210670,0.0001331411
0,210680,0.00013312201
0,210690,0.00013310292
0,210700,0.00013308383
0,210710,0.00013306474
0,210720,0.00013304564
0,210730,0.00013302657
0,210740,0.00013300749
0,210750,0.00013298841
0,210760,0.00013296933
0,210770,0.00013295026
0,210780,0.00013293119
0,210790,0.00013291212
0,210800,0.00013289305
0,210810,0.00013287399
0,210820,0.00013285494
0,210830,0.00013283588
0,210840,0.00013281683
0,210850,0.00013279778
0,210860,0.00013277873
0,210870,0.00013275968
0,210880,0.00013274064
0,210890,0.0001327216
0,210900,0.00013270257
0,210910,0.00013268353
0,210920,0.0001326645
0,210930,0.00013264547
0,210940,0.00013262645
0,210950,0.00013260743
0,210960,0.00013258841
0,210970,0.00013256939
0,210980,0.00013255037
0,210990,0.00013253136
0,211000,0.00013251234
0,211010,0.00013249334
0,211020,0.00013247434
0,211030,0.00013245533
0,211040,0.00013243634
0,211050,0.00013241735
0,211060,0.00013239835
0,211070,0.00013237935
0,211080,0.00013236038
0,211090,0.00013234139
0,211100,0.00013232241
0,211110,0.00013230344
0,211120,0.00013228445
0,211130,0.00013226549
0,211140,0.00013224651
0,211150,0.00013222755
0,211160,0.00013220857
0,211170,0.00013218961
0,211180,0.00013217065
0,211190,0.0001321517
0,211200,0.00013213274
0,211210,0.0001321138
0,211220,0.00013209485
0,211230,0.0001320759
0,211240,0.00013205696
0,211250,0.00013203801
0,211260,0.00013201908
0,211270,0.00013200015
0,211280,0.00013198121
0,211290,0.00013196228
0,211300,0.00013194336
0,211310,0.00013192443
0,211320,0.00013190552
0,211330,0.0001318866
0,211340,0.00013186768
0,211350,0.00013184876
0,211360,0.00013182986
0,211370,0.00013181096
0,211380,0.00013179204
0,211390,0.00013177315
0,211400,0.00013175425
0,211410,0.00013173535
0,211420,0.00013171646
0,211430,0.00013169757
0,211440,0.00013167868
0,211450,0.00013165979
0,211460,0.0001316409
0,211470,0.00013162203
0,211480,0.00013160316
0,211490,0.00013158428
0,211500,0.00013156541
0,211510,0.00013154653
0,211520,0.00013152767
0,211530,0.00013150882
0,211540,0.00013148996
0,211550,0.0001314711
0,211560,0.00013145224
0,211570,0.00013143338
0,211580,0.00013141453
0,211590,0.00013139569
0,211600,0.00013137684
0,211610,0.000131358
0,211620,0.00013133917
0,211630,0.00013132032
0,211640,0.0001313015
0,211650,0.00013128266
0,211660,0.00013126383
0,211670,0.00013124502
0,211680,0.00013122619
0,211690,0.00013120737
0,211700,0.00013118856
0,211710,0.00013116974
0,211720,0.00013115093
0,211730,0.00013113212
0,211740,0.00013111331
0,211750,0.00013109451
0,211760,0.0001310757
0,211770,0.00013105692
0,211780,0.00013103812
0,211790,0.00013101933
0,211800,0.00013100053
0,211810,0.00013098175
0,211820,0.00013096297
0,211830,0.00013094419
0,211840,0.00013092541
0,211850,0.00013090663
0,211860,0.00013088786
0,211870,0.00013086908
0,211880,0.00013085033
0,211890,0.00013083155
0,211900,0.0001308128
0,211910,0.00013079404
0,211920,0.00013077528
0,211930,0.00013075653
0,211940,0.00013073777
0,211950,0.00013071903
0,211960,0.00013070028
0,211970,0.00013068154
0,211980,0.0001306628
0,211990,0.00013064405
0,212000,0.00013062533
0,212010,0.0001306066
0,212020,0.00013058787
0,212030,0.00013056914
0,212040,0.00013055041
0,212050,0.00013053168
0,212060,0.00013051297
0,212070,0.00013049426
0,212080,0.00013047554
0,212090,0.00013045683
0,212100,0.00013043813
0,212110,0.00013041942
0,212120,0.00013040072
0,212130,0.00013038202
0,212140,0.00013036332
0,212150,0.00013034463
0,212160,0.00013032593
0,212170,0.00013030725
0,212180,0.00013028856
0,212190,0.00013026988
0,212200,0.0001302512
0,212210,0.00013023253
0,212220,0.00013021384
0,212230,0.00013019517
0,212240,0.0001301765
0,212250,0.00013015783
0,212260,0.00013013917
0,212270,0.0001301205
0,212280,0.00013010185
0,212290,0.0001300832
0,212300,0.00013006454
0,212310,0.0001300459
0,212320,0.00013002724
0,212330,0.0001300086
0,212340,0.00012998996
0,212350,0.00012997132
0,212360,0.00012995268
0,212370,0.00012993405
0,212380,0.00012991541
0,212390,0.00012989678
0,212400,0.00012987816
0,212410,0.00012985953
0,212420,0.00012984092
0,212430,0.00012982229
0,212440,0.00012980368
0,212450,0.00012978507
0,212460,0.00012976646
0,212470,0.00012974784
0,212480,0.00012972925
0,212490,0.00012971065
0,212500,0.00012969205
0,212510,0.00012967346
0,212520,0.00012965486
0,212530,0.00012963626
0,212540,0.00012961768
0,212550,0.0001295991
0,212560,0.00012958051
0,212570,0.00012956193
0,212580,0.00012954335
0,212590,0.00012952478
0,212600,0.0001295062
0,212610,0.00012948763
0,212620,0.00012946907
0,212630,0.0001294505
0,212640,0.00012943194
0,212650,0.00012941338
0,212660,0.00012939483
0,212670,0.00012937628
0,212680,0.00012935772
0,212690,0.00012933917
0,212700,0.00012932063
0,212710,0.00012930209
0,212720,0.00012928355
0,212730,0.00012926501
0,212740,0.00012924647
0,212750,0.00012922795
0,212760,0.00012920941
0,212770,0.00012919088
0,212780,0.00012917236
0,212790,0.00012915385
0,212800,0.00012913533
0,212810,0.00012911682
0,212820,0.00012909829
0,212830,0.00012907978
0,212840,0.00012906129
0,212850,0.00012904278
0,212860,0.00012902427
0,212870,0.00012900577
0,212880,0.00012898727
0,212890,0.00012896878
0,212900,0.0001289503
0,212910,0.0001289318
0,212920,0.00012891332
0,212930,0.00012889483
0,212940,0.00012887635
0,212950,0.00012885788
0,212960,0.0001288394
0,212970,0.00012882093
0,212980,0.00012880245
0,212990,0.00012878398
0,213000,0.00012876552
0,213010,0.00012874707
0,213020,0.0001287286
0,213030,0.00012871015
0,213040,0.0001286917
0,213050,0.00012867324
0,213060,0.00012865479
0,213070,0.00012863635
0,213080,0.0001286179
0,213090,0.00012859947
0,213100,0.00012858103
0,213110,0.00012856259
0,213120,0.00012854415
0,213130,0.00012852573
0,213140,0.00012850731
0,213150,0.00012848889
0,213160,0.00012847046
0,213170,0.00012845204
0,213180,0.00012843362
0,213190,0.00012841521
0,213200,0.0001283968
0,213210,0.0001283784
0,213220,0.00012835998
0,213230,0.00012834158
0,213240,0.00012832318
0,213250,0.00012830479
0,213260,0.00012828638
0,213270,0.000128268
0,213280,0.00012824961
0,213290,0.00012823122
0,213300,0.00012821284
0,213310,0.00012819446
0,213320,0.00012817608
0,213330,0.0001281577
0,213340,0.00012813932
0,213350,0.00012812096
0,213360,0.00012810259
0,213370,0.00012808423
0,213380,0.00012806586
0,213390,0.0001280475
0,213400,0.00012802913
0,213410,0.00012801078
0,213420,0.00012799243
0,213430,0.00012797408
0,213440,0.00012795573
0,213450,0.0001279374
0,213460,0.00012791905
0,213470,0.00012790071
0,213480,0.00012788238
0,213490,0.00012786404
0,213500,0.0001278457
0,213510,0.00012782738
0,213520,0.00012780906
0,213530,0.00012779073
0,213540,0.00012777241
0,213550,0.0001277541
0,213560,0.00012773578
0,213570,0.00012771747
0,213580,0.00012769915
0,213590,0.00012768085
0,213600,0.00012766256
0,213610,0.00012764425
0,213620,0.00012762594
0,213630,0.00012760765
0,213640,0.00012758936
0,213650,0.00012757107
0,213660,0.00012755278
0,213670,0.0001275345
0,213680,0.0001275162
0,213690,0.00012749793
0,213700,0.00012747965
0,213710,0.00012746138
0,213720,0.00012744311
0,213730,0.00012742484
0,213740,0.00012740657
0,213750,0.00012738831
0,213760,0.00012737005
0,213770,0.00012735178
0,213780,0.00012733352
0,213790,0.00012731527
0,213800,0.00012729703
0,213810,0.00012727878
0,213820,0.00012726053
0,213830,0.00012724228
0,213840,0.00012722405
0,213850,0.00012720581
0,213860,0.00012718757
0,213870,0.00012716933
0,213880,0.00012715111
0,213890,0.00012713288
0,213900,0.00012711466
0,213910,0.00012709644
0,213920,0.00012707822
0,213930,0.00012706
0,213940,0.00012704179
0,213950,0.00012702358
0,213960,0.00012700536
0,213970,0.00012698716
0,213980,0.00012696895
0,213990,0.00012695075
0,214000,0.00012693256
0,214010,0.00012691437
0,214020,0.00012689616
0,214030,0.00012687797
0,214040,0.00012685978
0,214050,0.00012684161
0,214060,0.00012682342
0,214070,0.00012680524
0,214080,0.00012678707
0,214090,0.0001267689
0,214100,0.00012675072
0,214110,0.00012673256
0,214120,0.00012671438
0,214130,0.00012669622
0,214140,0.00012667806
0,214150,0.0001266599
0,214160,0.00012664175
0,214170,0.00012662359
0,214180,0.00012660545
0,214190,0.0001265873
0,214200,0.00012656915
0,214210,0.000126551
0,214220,0.00012653286
0,214230,0.00012651473
0,214240,0.0001264966
0,214250,0.00012647847
0,214260,0.00012646033
0,214270,0.0001264422
0,214280,0.00012642409
0,214290,0.00012640595
0,214300,0.00012638784
0,214310,0.00012636972
0,214320,0.00012635162
0,214330,0.0001263335
0,214340,0.0001263154
0,214350,0.00012629728
0,214360,0.00012627918
0,214370,0.00012626109
0,214380,0.00012624299
0,214390,0.00012622488
0,214400,0.0001262068
0,214410,0.00012618871
0,214420,0.00012617062
0,214430,0.00012615253
0,214440,0.00012613446
0,214450,0.00012611637
0,214460,0.0001260983
0,214470,0.00012608022
0,214480,0.00012606215
0,214490,0.00012604408
0,214500,0.00012602602
0,214510,0.00012600794
0,214520,0.00012598989
0,214530,0.00012597183
0,214540,0.00012595378
0,214550,0.00012593572
0,214560,0.00012591766
0,214570,0.00012589962
0,214580,0.00012588158
0,214590,0.00012586353
0,214600,0.0001258455
0,214610,0.00012582746
0,214620,0.00012580943
0,214630,0.0001257914
0,214640,0.00012577337
0,214650,0.00012575534
0,214660,0.00012573731
0,214670,0.00012571929
0,214680,0.00012570126
0,214690,0.00012568325
0,214700,0.00012566523
0,214710,0.00012564723
0,214720,0.00012562922
0,214730,0.00012561122
0,214740,0.00012559321
0,214750,0.00012557521
0,214760,0.00012555721
0,214770,0.00012553921
0,214780,0.00012552123
0,214790,0.00012550323
0,214800,0.00012548524
0,214810,0.00012546725
0,214820,0.00012544927
0,214830,0.0001254313
0,214840,0.00012541332
0,214850,0.00012539534
0,214860,0.00012537737
0,214870,0.0001253594
0,214880,0.00012534144
0,214890,0.00012532347
0,214900,0.00012530551
0,214910,0.00012528755
0,214920,0.0001252696
0,214930,0.00012525164
0,214940,0.00012523368
0,214950,0.00012521574
0,214960,0.0001251978
0,214970,0.00012517985
0,214980,0.00012516191
0,214990,0.00012514397
0,215000,0.00012512604
0,215010,0.0001251081
0,215020,0.00012509017
0,215030,0.00012507224
0,215040,0.00012505431
0,215050,0.0001250364
0,215060,0.00012501847
0,215070,0.00012500056
0,215080,0.00012498265
0,215090,0.00012496473
0,215100,0.00012494682
0,215110,0.00012492892
0,215120,0.000124911
0,215130,0.00012489311
0,215140,0.00012487521
0,215150,0.00012485731
0,215160,0.00012483943
0,215170,0.00012482153
0,215180,0.00012480364
0,215190,0.00012478576
0,215200,0.00012476787
0,215210,0.00012474999
0,215220,0.0001247321
0,215230,0.00012471424
0,215240,0.00012469637
0,215250,0.0001246785
0,215260,0.00012466063
0,215270,0.00012464276
0,215280,0.0001246249
0,215290,0.00012460703
0,215300,0.00012458918
0,215310,0.00012457132
0,215320,0.00012455347
0,215330,0.00012453563
0,215340,0.00012451777
0,215350,0.00012449993
0,215360,0.00012448209
0,215370,0.00012446425
0,215380,0.00012444641
0,215390,0.00012442858
0,215400,0.00012441074
0,215410,0.00012439291
0,215420,0.00012437509
0,215430,0.00012435726
0,215440,0.00012433945
0,215450,0.00012432162
0,215460,0.00012430381
0,215470,0.000124286
0,215480,0.00012426819
0,215490,0.00012425038
0,215500,0.00012423257
0,215510,0.00012421477
0,215520,0.00012419697
0,215530,0.00012417918
0,215540,0.00012416138
0,215550,0.00012414358
0,215560,0.00012412579
0,215570,0.000124108
0,215580,0.00012409022
0,215590,0.00012407244
0,215600,0.00012405466
0,215610,0.00012403687
0,215620,0.0001240191
0,215630,0.00012400134
0,215640,0.00012398355
0,215650,0.0001239658
0,215660,0.00012394803
0,215670,0.00012393027
0,215680,0.00012391251
0,215690,0.00012389476
0,215700,0.000123877
0,215710,0.00012385925
0,215720,0.0001238415
0,215730,0.00012382375
0,215740,0.000123806
0,215750,0.00012378827
0,215760,0.00012377053
0,215770,0.00012375279
0,215780,0.00012373507
0,215790,0.00012371733
0,215800,0.0001236996
0,215810,0.00012368188
0,215820,0.00012366415
0,215830,0.00012364643
0,215840,0.0001236287
0,215850,0.000123611
0,215860,0.00012359329
0,215870,0.00012357558
0,215880,0.00012355787
0,215890,0.00012354016
0,215900,0.00012352246
0,215910,0.00012350475
0,215920,0.00012348706
0,215930,0.00012346936
0,215940,0.00012345167
0,215950,0.00012343399
0,215960,0.00012341629
0,215970,0.00012339861
0,215980,0.00012338093
0,215990,0.00012336325
0,216000,0.00012334557
0,216010,0.0001233279
0,216020,0.00012331022
0,216030,0.00012329256
0,216040,0.00012327489
0,216050,0.00012325722
0,216060,0.00012323957
0,216070,0.00012322191
0,216080,0.00012320426
0,216090,0.0001231866
0,216100,0.00012316895
0,216110,0.0001231513
0,216120,0.00012313365
0,216130,0.00012311601
0,216140,0.00012309838
0,216150,0.00012308072
0,216160,0.00012306309
0,216170,0.00012304547
0,216180,0.00012302783
0,216190,0.0001230102
0,216200,0.00012299258
0,216210,0.00012297496
0,216220,0.00012295734
0,216230,0.00012293972
0,216240,0.0001229221
0,216250,0.00012290449
0,216260,0.00012288688
0,216270,0.00012286927
0,216280,0.00012285166
0,216290,0.00012283407
0,216300,0.00012281646
0,216310,0.00012279887
0,216320,0.00012278128
0,216330,0.00012276368
0,216340,0.00012274609
0,216350,0.0001227285
0,216360,0.00012271092
0,216370,0.00012269334
0,216380,0.00012267576
0,216390,0.00012265818
0,216400,0.0001226406
0,216410,0.00012262304
0,216420,0.00012260546
0,216430,0.0001225879
0,216440,0.00012257033
0,216450,0.00012255277
0,216460,0.00012253522
0,216470,0.00012251765
0,216480,0.0001225001
0,216490,0.00012248255
0,216500,0.000122465
0,216510,0.00012244745
0,216520,0.0001224299
0,216530,0.00012241237
0,216540,0.00012239483
0,216550,0.0001223773
0,216560,0.00012235976
0,216570,0.00012234223
0,216580,0.00012232471
0,216590,0.00012230717
0,216600,0.00012228965
0,216610,0.00012227213
0,216620,0.00012225461
0,216630,0.00012223709
0,216640,0.00012221959
0,216650,0.00012220208
0,216660,0.00012218456
0,216670,0.00012216705
0,216680,0.00012214956
0,216690,0.00012213206
0,216700,0.00012211456
0,216710,0.00012209706
0,216720,0.00012207957
0,216730,0.00012206208
0,216740,0.00012204459
0,216750,0.00012202711
0,216760,0.000122009624
0,216770,0.00012199215
0,216780,0.00012197467
0,216790,0.00012195719
0,216800,0.000121939716
0,216810,0.00012192225
0,216820,0.000121904784
0,216830,0.000121887315
0,216840,0.00012186985
0,216850,0.0001218524
0,216860,0.000121834935
0,216870,0.00012181748
0,216880,0.00012180003
0,216890,0.000121782585
0,216900,0.00012176514
0,216910,0.00012174769
0,216920,0.00012173025
0,216930,0.00012171281
0,216940,0.00012169537
0,216950,0.000121677935
0,216960,0.0001216605
0,216970,0.000121643076
0,216980,0.00012162565
0,216990,0.000121608224
0,217000,0.000121590805
0,217010,0.00012157338
0,217020,0.00012155597
0,217030,0.00012153855
0,217040,0.00012152114
0,217050,0.000121503734
0,217060,0.00012148632
0,217070,0.00012146892
0,217080,0.00012145152
0,217090,0.00012143412
0,217100,0.00012141672
0,217110,0.00012139933
0,217120,0.000121381934
0,217130,0.00012136455
0,217140,0.00012134716
0,217150,0.00012132978
0,217160,0.0001213124
0,217170,0.000121295016
0,217180,0.00012127764
0,217190,0.000121260266
0,217200,0.0001212429
0,217210,0.00012122553
0,217220,0.00012120816
0,217230,0.0001211908
0,217240,0.000121173434
0,217250,0.00012115608
0,217260,0.00012113872
0,217270,0.00012112137
0,217280,0.000121104014
0,217290,0.00012108667
0,217300,0.00012106932
0,217310,0.00012105198
0,217320,0.00012103464
0,217330,0.0001210173
0,217340,0.00012099996
0,217350,0.00012098263
0,217360,0.0001209653
0,217370,0.000120947974
0,217380,0.00012093064
0,217390,0.000120913326
0,217400,0.000120896
0,217410,0.000120878685
0,217420,0.00012086137
0,217430,0.00012084405
0,217440,0.00012082674
0,217450,0.00012080943
0,217460,0.00012079213
0,217470,0.00012077483
0,217480,0.000120757526
0,217490,0.00012074023
0,217500,0.00012072293
0,217510,0.00012070564
0,217520,0.000120688346
0,217530,0.00012067106
0,217540,0.00012065377
0,217550,0.00012063649
0,217560,0.00012061921
0,217570,0.00012060193
0,217580,0.00012058466
0,217590,0.00012056738
0,217600,0.00012055011
0,217610,0.000120532844
0,217620,0.00012051558
0,217630,0.00012049832
0,217640,0.000120481054
0,217650,0.000120463796
0,217660,0.000120446544
0,217670,0.00012042929
0,217680,0.00012041204
0,217690,0.00012039479
0,217700,0.00012037755
0,217710,0.0001203603
0,217720,0.000120343066
0,217730,0.00012032582
0,217740,0.00012030859
0,217750,0.000120291355
0,217760,0.000120274126
0,217770,0.0001202569
0,217780,0.000120239674
0,217790,0.00012022245
0,217800,0.00012020523
0,217810,0.00012018801
0,217820,0.00012017079
0,217830,0.000120153585
0,217840,0.00012013637
0,217850,0.00012011916
0,217860,0.000120101955
0,217870,0.000120084755
0,217880,0.000120067554
0,217890,0.000120050354
0,217900,0.00012003316
0,217910,0.00012001597
0,217920,0.00011999878
0,217930,0.00011998159
0,217940,0.0001199644
0,217950,0.000119947224
0,217960,0.00011993004
0,217970,0.00011991287
0,217980,0.00011989569
0,217990,0.00011987852
0,218000,0.000119861346
0,218010,0.000119844175
0,218020,0.00011982701
0,218030,0.00011980985
0,218040,0.00011979269
0,218050,0.00011977553
0,218060,0.00011975838
0,218070,0.00011974122
0,218080,0.00011972407
0,218090,0.00011970692
0,218100,0.00011968978
0,218110,0.00011967264
0,218120,0.000119655495
0,218130,0.00011963835
0,218140,0.00011962122
0,218150,0.00011960409
0,218160,0.000119586955
0,218170,0.00011956983
0,218180,0.0001195527
0,218190,0.00011953558
0,218200,0.00011951846
0,218210,0.00011950134
0,218220,0.000119484226
0,218230,0.00011946711
0,218240,0.00011945
0,218250,0.000119432894
0,218260,0.00011941579
0,218270,0.00011939868
0,218280,0.000119381584
0,218290,0.000119364486
0,218300,0.00011934739
0,218310,0.000119330296
0,218320,0.000119313205
0,218330,0.00011929612
0,218340,0.00011927903
0,218350,0.000119261946
0,218360,0.00011924487
0,218370,0.00011922779
0,218380,0.000119210716
0,218390,0.00011919364
0,218400,0.00011917657
0,218410,0.0001191595
0,218420,0.00011914243
0,218430,0.00011912537
0,218440,0.00011910831
0,218450,0.00011909125
0,218460,0.0001190742
0,218470,0.00011905714
0,218480,0.00011904009
0,218490,0.00011902304
0,218500,0.00011900599
0,218510,0.00011898895
0,218520,0.00011897191
0,218530,0.00011895487
0,218540,0.00011893784
0,218550,0.000118920805
0,218560,0.00011890377
0,218570,0.00011888674
0,218580,0.00011886971
0,218590,0.000118852695
0,218600,0.00011883567
0,218610,0.00011881865
0,218620,0.00011880163
0,218630,0.00011878462
0,218640,0.00011876761
0,218650,0.0001187506
0,218660,0.000118733595
0,218670,0.00011871659
0,218680,0.00011869959
0,218690,0.00011868259
0,218700,0.00011866559
0,218710,0.0001186486
0,218720,0.00011863161
0,218730,0.00011861462
0,218740,0.00011859763
0,218750,0.00011858065
0,218760,0.000118563665
0,218770,0.00011854668
0,218780,0.00011852971
0,218790,0.00011851273
0,218800,0.00011849576
0,218810,0.00011847879
0,218820,0.00011846182
0,218830,0.00011844486
0,218840,0.000118427895
0,218850,0.000118410935
0,218860,0.00011839398
0,218870,0.00011837703
0,218880,0.000118360076
0,218890,0.00011834312
0,218900,0.00011832618
0,218910,0.00011830923
0,218920,0.000118292286
0,218930,0.00011827535
0,218940,0.00011825841
0,218950,0.00011824148
0,218960,0.00011822455
0,218970,0.000118207616
0,218980,0.000118190685
0,218990,0.00011817376
0,219000,0.00011815684
0,219010,0.00011813992
0,219020,0.000118123
0,219030,0.00011810609
0,219040,0.00011808917
0,219050,0.00011807226
0,219060,0.00011805535
0,219070,0.00011803845
0,219080,0.00011802155
0,219090,0.000118004646
0,219100,0.00011798774
0,219110,0.00011797085
0,219120,0.000117953954
0,219130,0.00011793707
0,219140,0.00011792018
0,219150,0.00011790329
0,219160,0.00011788641
0,219170,0.00011786953
0,219180,0.00011785265
0,219190,0.00011783577
0,219200,0.0001178189
0,219210,0.000117802025
0,219220,0.00011778516
0,219230,0.00011776829
0,219240,0.00011775143
0,219250,0.00011773457
0,219260,0.00011771771
0,219270,0.00011770085
0,219280,0.000117684
0,219290,0.00011766715
0,219300,0.0001176503
0,219310,0.00011763345
0,219320,0.000117616604
0,219330,0.00011759977
0,219340,0.000117582924
0,219350,0.00011756609
0,219360,0.00011754926
0,219370,0.00011753242
0,219380,0.00011751559
0,219390,0.00011749876
0,219400,0.00011748194
0,219410,0.00011746512
0,219420,0.0001174483
0,219430,0.00011743148
0,219440,0.00011741467
0,219450,0.00011739785
0,219460,0.000117381045
0,219470,0.00011736424
0,219480,0.00011734743
0,219490,0.00011733063
0,219500,0.00011731383
0,219510,0.00011729703
0,219520,0.00011728024
0,219530,0.000117263444
0,219540,0.00011724665
0,219550,0.000117229865
0,219560,0.00011721308
0,219570,0.000117196294
0,219580,0.000117179516
0,219590,0.00011716274
0,219600,0.00011714596
0,219610,0.00011712919
0,219620,0.00011711242
0,219630,0.000117095646
0,219640,0.00011707888
0,219650,0.00011706212
0,219660,0.000117045354
0,219670,0.0001170286
0,219680,0.00011701184
0,219690,0.000116995085
0,219700,0.000116978335
0,219710,0.000116961586
0,219720,0.000116944844
0,219730,0.000116928095
0,219740,0.00011691135
0,219750,0.00011689462
0,219760,0.000116877876
0,219770,0.00011686114
0,219780,0.000116844414
0,219790,0.00011682768
0,219800,0.00011681095
0,219810,0.00011679423
0,219820,0.00011677751
0,219830,0.00011676079
0,219840,0.00011674407
0,219850,0.00011672736
0,219860,0.000116710646
0,219870,0.00011669393
0,219880,0.00011667723
0,219890,0.00011666052
0,219900,0.000116643816
0,219910,0.00011662712
0,219920,0.00011661042
0,219930,0.00011659372
0,219940,0.00011657703
0,219950,0.00011656034
0,219960,0.00011654365
0,219970,0.000116526964
0,219980,0.00011651028
0,219990,0.000116493604
0,220000,0.00011647692
0,220010,0.00011646024
0,220020,0.000116443574
0,220030,0.0001164269
0,220040,0.00011641023
0,220050,0.00011639357
0,220060,0.000116376905
0,220070,0.00011636024
0,220080,0.00011634358
0,220090,0.000116326926
0,220100,0.00011631027
0,220110,0.00011629362
0,220120,0.00011627697
0,220130,0.00011626032
0,220140,0.000116243675
0,220150,0.000116227035
0,220160,0.000116210394
0,220170,0.000116193754
0,220180,0.00011617712
0,220190,0.00011616049
0,220200,0.000116143856
0,220210,0.00011612723
0,220220,0.000116110605
0,220230,0.00011609398
0,220240,0.00011607736
0,220250,0.00011606074
0,220260,0.00011604413
0,220270,0.00011602751
0,220280,0.0001160109
0,220290,0.0001159943
0,220300,0.00011597769
0,220310,0.000115961084
0,220320,0.00011594449
0,220330,0.00011592788
0,220340,0.00011591129
0,220350,0.0001158947
0,220360,0.0001158781
0,220370,0.00011586151
0,220380,0.00011584493
0,220390,0.00011582834
0,220400,0.00011581176
0,220410,0.000115795185
0,220420,0.0001157786
0,220430,0.00011576203
0,220440,0.00011574546
0,220450,0.000115728886
0,220460,0.00011571232
0,220470,0.00011569576
0,220480,0.00011567919
0,220490,0.00011566263
0,220500,0.00011564607
0,220510,0.00011562952
0,220520,0.000115612966
0,220530,0.00011559641
0,220540,0.00011557987
0,220550,0.00011556332
0,220560,0.000115546776
0,220570,0.00011553024
0,220580,0.0001155137
0,220590,0.00011549716
0,220600,0.00011548063
0,220610,0.0001154641
0,220620,0.00011544757
0,220630,0.00011543104
0,220640,0.000115414514
0,220650,0.000115398
0,220660,0.000115381474
0,220670,0.00011536496
0,220680,0.00011534844
0,220690,0.00011533193
0,220700,0.00011531542
0,220710,0.00011529891
0,220720,0.00011528241
0,220730,0.00011526591
0,220740,0.00011524941
0,220750,0.000115232906
0,220760,0.00011521641
0,220770,0.000115199924
0,220780,0.00011518343
0,220790,0.00011516694
0,220800,0.000115150455
0,220810,0.000115133975
0,220820,0.000115117495
0,220830,0.000115101015
0,220840,0.000115084535
0,220850,0.00011506806
0,220860,0.00011505159
0,220870,0.00011503512
0,220880,0.00011501866
0,220890,0.00011500219
0,220900,0.00011498573
0,220910,0.00011496927
0,220920,0.00011495281
0,220930,0.00011493636
0,220940,0.00011491991
0,220950,0.00011490346
0,220960,0.00011488701
0,220970,0.00011487056
0,220980,0.00011485412
0,220990,0.00011483768
0,221000,0.00011482124
0,221010,0.0001148048
0,221020,0.000114788374
0,221030,0.000114771945
0,221040,0.000114755516
0,221050,0.00011473909
0,221060,0.000114722665
0,221070,0.00011470624
0,221080,0.00011468982
0,221090,0.00011467341
0,221100,0.00011465699
0,221110,0.000114640585
0,221120,0.00011462417
0,221130,0.00011460776
0,221140,0.00011459136
0,221150,0.000114574956
0,221160,0.000114558556
0,221170,0.00011454216
0,221180,0.00011452576
0,221190,0.00011450937
0,221200,0.000114492985
0,221210,0.00011447659
0,221220,0.00011446021
0,221230,0.00011444383
0,221240,0.00011442744
0,221250,0.000114411065
0,221260,0.000114394694
0,221270,0.000114378316
0,221280,0.000114361945
0,221290,0.00011434558
0,221300,0.00011432921
0,221310,0.00011431285
0,221320,0.00011429648
0,221330,0.00011428013
0,221340,0.00011426377
0,221350,0.000114247414
0,221360,0.000114231065
0,221370,0.000114214716
0,221380,0.00011419837
0,221390,0.00011418202
0,221400,0.000114165676
0,221410,0.000114149334
0,221420,0.000114133
0,221430,0.000114116665
0,221440,0.00011410033
0,221450,0.000114083996
0,221460,0.00011406767
0,221470,0.00011405134
0,221480,0.00011403502
0,221490,0.0001140187
0,221500,0.00011400238
0,221510,0.00011398606
0,221520,0.00011396975
0,221530,0.000113953436
0,221540,0.00011393713
0,221550,0.00011392082
0,221560,0.00011390451
0,221570,0.000113888214
0,221580,0.000113871916
0,221590,0.00011385562
0,221600,0.00011383932
0,221610,0.00011382303
0,221620,0.00011380674
0,221630,0.00011379045
0,221640,0.000113774164
0,221650,0.00011375788
0,221660,0.0001137416
0,221670,0.00011372532
0,221680,0.000113709044
0,221690,0.00011369277
0,221700,0.0001136765
0,221710,0.00011366023
0,221720,0.00011364396
0,221730,0.0001136277
0,221740,0.00011361144
0,221750,0.000113595175
0,221760,0.00011357892
0,221770,0.000113562666
0,221780,0.00011354641
0,221790,0.00011353016
0,221800,0.00011351391
0,221810,0.00011349766
0,221820,0.00011348142
0,221830,0.00011346518
0,221840,0.00011344894
0,221850,0.00011343271
0,221860,0.00011341647
0,221870,0.000113400245
0,221880,0.00011338401
0,221890,0.00011336779
0,221900,0.00011335156
0,221910,0.000113335336
0,221920,0.00011331912
0,221930,0.0001133029
0,221940,0.00011328669
0,221950,0.00011327048
0,221960,0.00011325427
0,221970,0.00011323806
0,221980,0.00011322185
0,221990,0.00011320565
0,222000,0.000113189446
0,222010,0.00011317325
0,222020,0.00011315705
0,222030,0.00011314086
0,222040,0.00011312467
0,222050,0.00011310848
0,222060,0.00011309229
0,222070,0.00011307611
0,222080,0.00011305993
0,222090,0.000113043745
0,222100,0.00011302757
0,222110,0.000113011396
0,222120,0.00011299522
0,222130,0.00011297905
0,222140,0.00011296288
0,222150,0.00011294672
0,222160,0.00011293055
0,222170,0.00011291439
0,222180,0.00011289823
0,222190,0.00011288208
0,222200,0.00011286592
0,222210,0.000112849775
0,222220,0.00011283362
0,222230,0.00011281748
0,222240,0.00011280133
0,222250,0.00011278519
0,222260,0.00011276905
0,222270,0.00011275291
0,222280,0.00011273678
0,222290,0.00011272064
0,222300,0.00011270452
0,222310,0.00011268839
0,222320,0.000112672264
0,222330,0.00011265614
0,222340,0.00011264002
0,222350,0.0001126239
0,222360,0.000112607784
0,222370,0.00011259167
0,222380,0.00011257556
0,222390,0.00011255945
0,222400,0.00011254334
0,222410,0.00011252723
0,222420,0.00011251113
0,222430,0.000112495036
0,222440,0.000112478934
0,222450,0.00011246284
0,222460,0.000112446745
0,222470,0.00011243066
0,222480,0.00011241457
0,222490,0.000112398484
0,222500,0.0001123824
0,222510,0.00011236632
0,222520,0.00011235024
0,222530,0.000112334164
0,222540,0.000112318085
0,222550,0.00011230202
0,222560,0.00011228595
0,222570,0.00011226988
0,222580,0.000112253816
0,222590,0.00011223775
0,222600,0.00011222169
0,222610,0.000112205635
0,222620,0.00011218958
0,222630,0.000112173526
0,222640,0.000112157475
0,222650,0.000112141424
0,222660,0.00011212538
0,222670,0.00011210934
0,222680,0.000112093294
0,222690,0.00011207726
0,222700,0.000112061214
0,222710,0.000112045185
0,222720,0.00011202915
0,222730,0.00011201312
0,222740,0.00011199709
0,222750,0.00011198107
0,222760,0.00011196505
0,222770,0.000111949026
0,222780,0.000111933005
0,222790,0.00011191699
0,222800,0.000111900976
0,222810,0.00011188497
0,222820,0.000111868954
0,222830,0.00011185295
0,222840,0.00011183695
0,222850,0.00011182094
0,222860,0.00011180495
0,222870,0.00011178895
0,222880,0.000111772955
0,222890,0.00011175696
0,222900,0.00011174097
0,222910,0.00011172498
0,222920,0.00011170899
0,222930,0.000111693014
0,222940,0.00011167703
0,222950,0.00011166105
0,222960,0.00011164507
0,222970,0.0001116291
0,222980,0.00011161313
0,222990,0.00011159716
0,223000,0.00011158119
0,223010,0.00011156523
0,223020,0.00011154926
0,223030,0.00011153331
0,223040,0.00011151735
0,223050,0.000111501395
0,223060,0.00011148544
0,223070,0.00011146949
0,223080,0.00011145354
0,223090,0.00011143759
0,223100,0.00011142165
0,223110,0.00011140571
0,223120,0.00011138977
0,223130,0.00011137383
0,223140,0.0001113579
0,223150,0.000111341964
0,223160,0.00011132604
0,223170,0.00011131011
0,223180,0.00011129418
0,223190,0.000111278256
0,223200,0.000111262336
0,223210,0.000111246416
0,223220,0.0001112305
0,223230,0.00011121459
0,223240,0.00011119868
0,223250,0.000111182766
0,223260,0.00011116686
0,223270,0.000111150955
0,223280,0.00011113506
0,223290,0.00011111915
0,223300,0.000111103254
0,223310,0.00011108736
0,223320,0.000111071466
0,223330,0.000111055575
0,223340,0.00011103969
0,223350,0.0001110238
0,223360,0.00011100792
0,223370,0.000110992034
0,223380,0.00011097616
0,223390,0.00011096028
0,223400,0.000110944406
0,223410,0.00011092854
0,223420,0.00011091267
0,223430,0.0001108968
0,223440,0.00011088093
0,223450,0.00011086507
0,223460,0.00011084921
0,223470,0.00011083335
0,223480,0.00011081749
0,223490,0.00011080164
0,223500,0.00011078579
0,223510,0.000110769935
0,223520,0.00011075409
0,223530,0.00011073825
0,223540,0.0001107224
0,223550,0.00011070656
0,223560,0.00011069073
0,223570,0.00011067489
0,223580,0.00011065906
0,223590,0.000110643225
0,223600,0.0001106274
0,223610,0.000110611574
0,223620,0.00011059575
0,223630,0.000110579924
0,223640,0.000110564106
0,223650,0.00011054829
0,223660,0.00011053248
0,223670,0.00011051667
0,223680,0.000110500856
0,223690,0.000110485045
0,223700,0.00011046924
0,223710,0.00011045344
0,223720,0.000110437635
0,223730,0.00011042184
0,223740,0.00011040604
0,223750,0.00011039025
0,223760,0.00011037446
0,223770,0.00011035867
0,223780,0.00011034288
0,223790,0.00011032709
0,223800,0.00011031131
0,223810,0.00011029553
0,223820,0.000110279754
0,223830,0.00011026398
0,223840,0.000110248206
0,223850,0.00011023243
0,223860,0.000110216664
0,223870,0.0001102009
0,223880,0.00011018513
0,223890,0.00011016937
0,223900,0.00011015361
0,223910,0.00011013785
0,223920,0.0001101221
0,223930,0.000110106346
0,223940,0.000110090594
0,223950,0.00011007485
0,223960,0.0001100591
0,223970,0.00011004336
0,223980,0.00011002761
0,223990,0.000110011875
0,224000,0.00010999614
0,224010,0.00010998041
0,224020,0.000109964676
0,224030,0.000109948945
0,224040,0.000109933215
0,224050,0.00010991749
0,224060,0.00010990177
0,224070,0.000109886045
0,224080,0.00010987033
0,224090,0.00010985461
0,224100,0.0001098389
0,224110,0.00010982319
0,224120,0.00010980748
0,224130,0.00010979177
0,224140,0.00010977607
0,224150,0.00010976036
0,224160,0.000109744666
0,224170,0.000109728964
0,224180,0.00010971327
0,224190,0.000109697576
0,224200,0.00010968188
0,224210,0.000109666194
0,224220,0.00010965051
0,224230,0.00010963483
0,224240,0.00010961914
0,224250,0.00010960346
0,224260,0.00010958779
0,224270,0.00010957211
0,224280,0.00010955644
0,224290,0.000109540764
0,224300,0.0001095251
0,224310,0.000109509434
0,224320,0.00010949377
0,224330,0.000109478104
0,224340,0.000109462446
0,224350,0.00010944679
0,224360,0.00010943114
0,224370,0.00010941549
0,224380,0.000109399836
0,224390,0.000109384186
0,224400,0.00010936854
0,224410,0.0001093529
0,224420,0.000109337256
0,224430,0.00010932162
0,224440,0.000109305984
0,224450,0.00010929035
0,224460,0.00010927471
0,224470,0.00010925908
0,224480,0.000109243454
0,224490,0.00010922783
0,224500,0.00010921221
0,224510,0.00010919659
0,224520,0.00010918097
0,224530,0.000109165354
0,224540,0.00010914974
0,224550,0.00010913413
0,224560,0.00010911852
0,224570,0.00010910291
0,224580,0.00010908731
0,224590,0.000109071705
0,224600,0.000109056105
0,224610,0.000109040506
0,224620,0.00010902491
0,224630,0.00010900932
0,224640,0.00010899373
0,224650,0.000108978136
0,224660,0.00010896255
0,224670,0.000108946966
0,224680,0.00010893139
0,224690,0.0001089158
0,224700,0.000108900225
0,224710,0.000108884655
0,224720,0.00010886908
0,224730,0.00010885351
0,224740,0.00010883794
0,224750,0.00010882237
0,224760,0.00010880681
0,224770,0.000108791246
0,224780,0.00010877569
0,224790,0.000108760134
0,224800,0.00010874458
0,224810,0.00010872902
0,224820,0.00010871347
0,224830,0.000108697925
0,224840,0.00010868238
0,224850,0.000108666834
0,224860,0.00010865129
0,224870,0.00010863576
0,224880,0.00010862022
0,224890,0.00010860468
0,224900,0.000108589156
0,224910,0.00010857362
0,224920,0.000108558095
0,224930,0.00010854257
0,224940,0.00010852705
0,224950,0.00010851152
0,224960,0.00010849601
0,224970,0.00010848049
0,224980,0.00010846498
0,224990,0.000108449465
0,225000,0.00010843395
0,225010,0.00010841845
0,225020,0.00010840294
0,225030,0.00010838744
0,225040,0.00010837194
0,225050,0.00010835644
0,225060,0.000108340944
0,225070,0.00010832545
0,225080,0.000108309956
0,225090,0.000108294465
0,225100,0.00010827898
0,225110,0.00010826349
0,225120,0.000108248016
0,225130,0.00010823253
0,225140,0.00010821706
0,225150,0.00010820158
0,225160,0.000108186105
0,225170,0.000108170636
0,225180,0.00010815516
0,225190,0.0001081397
0,225200,0.00010812423
0,225210,0.00010810877
0,225220,0.00010809331
0,225230,0.00010807785
0,225240,0.00010806239
0,225250,0.000108046945
0,225260,0.00010803149
0,225270,0.000108016044
0,225280,0.0001080006
0,225290,0.00010798515
0,225300,0.00010796971
0,225310,0.00010795427
0,225320,0.00010793883
0,225330,0.00010792339
0,225340,0.00010790796
0,225350,0.00010789253
0,225360,0.0001078771
0,225370,0.00010786168
0,225380,0.00010784625
0,225390,0.00010783083
0,225400,0.00010781541
0,225410,0.00010779999
0,225420,0.00010778457
0,225430,0.00010776916
0,225440,0.00010775375
0,225450,0.00010773834
0,225460,0.00010772294
0,225470,0.00010770753
0,225480,0.00010769213
0,225490,0.00010767673
0,225500,0.00010766133
0,225510,0.00010764594
0,225520,0.00010763054
0,225530,0.00010761515
0,225540,0.000107599764
0,225550,0.000107584376
0,225560,0.000107568994
0,225570,0.00010755361
0,225580,0.00010753823
0,225590,0.00010752286
0,225600,0.00010750748
0,225610,0.00010749211
0,225620,0.000107476735
0,225630,0.00010746137
0,225640,0.000107446
0,225650,0.00010743064
0,225660,0.000107415275
0,225670,0.000107399916
0,225680,0.00010738456
0,225690,0.000107369204
0,225700,0.00010735385
0,225710,0.0001073385
0,225720,0.000107323154
0,225730,0.00010730781
0,225740,0.000107292464
0,225750,0.00010727712
0,225760,0.00010726178
0,225770,0.000107246444
0,225780,0.00010723111
0,225790,0.000107215776
0,225800,0.000107200445
0,225810,0.00010718512
0,225820,0.00010716979
0,225830,0.00010715447
0,225840,0.000107139145
0,225850,0.00010712383
0,225860,0.00010710851
0,225870,0.0001070932
0,225880,0.00010707788
0,225890,0.00010706257
0,225900,0.000107047264
0,225910,0.000107031956
0,225920,0.000107016655
0,225930,0.00010700135
0,225940,0.00010698605
0,225950,0.00010697076
0,225960,0.000106955464
0,225970,0.00010694017
0,225980,0.000106924876
0,225990,0.00010690959
0,226000,0.0001068943
0,226010,0.00010687902
0,226020,0.000106863736
0,226030,0.000106848456
0,226040,0.000106833184
0,226050,0.000106817904
0,226060,0.00010680263
0,226070,0.00010678737
0,226080,0.000106772095
0,226090,0.00010675683
0,226100,0.000106741565
0,226110,0.00010672631
0,226120,0.00010671104
0,226130,0.000106695785
0,226140,0.000106680534
0,226150,0.00010666528
0,226160,0.000106650026
0,226170,0.00010663478
0,226180,0.00010661953
0,226190,0.00010660429
0,226200,0.00010658905
0,226210,0.00010657381
0,226220,0.000106558575
0,226230,0.00010654334
0,226240,0.0001065281
0,226250,0.000106512874
0,226260,0.000106497646
0,226270,0.00010648242
0,226280,0.000106467196
0,226290,0.000106451975
0,226300,0.00010643675
0,226310,0.00010642154
0,226320,0.000106406325
0,226330,0.00010639111
0,226340,0.0001063759
0,226350,0.00010636069
0,226360,0.000106345484
0,226370,0.00010633028
0,226380,0.00010631508
0,226390,0.00010629988
0,226400,0.00010628468
0,226410,0.00010626949
0,226420,0.000106254294
0,226430,0.0001062391
0,226440,0.00010622391
0,226450,0.000106208725
0,226460,0.00010619354
0,226470,0.00010617836
0,226480,0.00010616318
0,226490,0.00010614801
0,226500,0.00010613283
0,226510,0.00010611765
0,226520,0.00010610248
0,226530,0.00010608732
0,226540,0.00010607215
0,226550,0.000106056985
0,226560,0.00010604182
0,226570,0.000106026666
0,226580,0.0001060115
0,226590,0.00010599635
0,226600,0.0001059812
0,226610,0.00010596604
0,226620,0.000105950894
0,226630,0.000105935746
0,226640,0.000105920604
0,226650,0.00010590546
0,226660,0.00010589032
0,226670,0.00010587518
0,226680,0.00010586005
0,226690,0.00010584491
0,226700,0.000105829786
0,226710,0.00010581465
0,226720,0.000105799525
0,226730,0.000105784406
0,226740,0.00010576928
0,226750,0.00010575416
0,226760,0.00010573904
0,226770,0.00010572393
0,226780,0.000105708816
0,226790,0.0001056937
0,226800,0.00010567859
0,226810,0.00010566349
0,226820,0.00010564838
0,226830,0.00010563328
0,226840,0.00010561818
0,226850,0.000105603074
0,226860,0.000105587984
0,226870,0.000105572886
0,226880,0.000105557796
0,226890,0.000105542706
0,226900,0.000105527615
0,226910,0.00010551253
0,226920,0.00010549745
0,226930,0.000105482366
0,226940,0.00010546729
0,226950,0.000105452214
0,226960,0.00010543714
0,226970,0.00010542207
0,226980,0.000105406994
0,226990,0.00010539193
0,227000,0.000105376865
0,227010,0.0001053618
0,227020,0.00010534674
0,227030,0.00010533168
0,227040,0.00010531663
0,227050,0.00010530157
0,227060,0.00010528652
0,227070,0.000105271465
0,227080,0.00010525642
0,227090,0.00010524137
0,227100,0.00010522633
0,227110,0.000105211286
0,227120,0.000105196246
0,227130,0.000105181214
0,227140,0.000105166175
0,227150,0.00010515114
0,227160,0.00010513612
0,227170,0.000105121086
0,227180,0.00010510606
0,227190,0.000105091036
0,227200,0.00010507601
0,227210,0.00010506099
0,227220,0.000105045976
0,227230,0.00010503096
0,227240,0.00010501595
0,227250,0.00010500094
0,227260,0.00010498593
0,227270,0.000104970924
0,227280,0.00010495592
0,227290,0.00010494092
0,227300,0.000104925915
0,227310,0.00010491092
0,227320,0.000104895924
0,227330,0.00010488093
0,227340,0.00010486594
0,227350,0.00010485095
0,227360,0.00010483596
0,227370,0.000104820974
0,227380,0.00010480599
0,227390,0.00010479101
0,227400,0.00010477604
0,227410,0.00010476106
0,227420,0.00010474608
0,227430,0.000104731116
0,227440,0.00010471614
0,227450,0.000104701176
0,227460,0.000104686216
0,227470,0.00010467125
0,227480,0.00010465629
0,227490,0.00010464133
0,227500,0.00010462637
0,227510,0.00010461142
0,227520,0.00010459647
0,227530,0.000104581515
0,227540,0.00010456657
0,227550,0.000104551626
0,227560,0.00010453668
0,227570,0.00010452174
0,227580,0.0001045068
0,227590,0.00010449186
0,227600,0.00010447693
0,227610,0.00010446199
0,227620,0.00010444706
0,227630,0.00010443214
0,227640,0.00010441721
0,227650,0.00010440229
0,227660,0.00010438736
0,227670,0.00010437245
0,227680,0.00010435753
0,227690,0.00010434262
0,227700,0.0001043277
0,227710,0.00010431279
0,227720,0.000104297884
0,227730,0.000104282975
0,227740,0.00010426807
0,227750,0.000104253166
0,227760,0.00010423827
0,227770,0.00010422337
0,227780,0.00010420848
0,227790,0.00010419358
0,227800,0.00010417869
0,227810,0.0001041638
0,227820,0.000104148916
0,227830,0.00010413403
0,227840,0.00010411914
0,227850,0.00010410426
0,227860,0.000104089384
0,227870,0.00010407451
0,227880,0.00010405964
0,227890,0.00010404477
0,227900,0.000104029896
0,227910,0.000104015024
0,227920,0.00010400016
0,227930,0.0001039853
0,227940,0.00010397044
0,227950,0.00010395558
0,227960,0.00010394072
0,227970,0.000103925864
0,227980,0.000103911014
0,227990,0.00010389616
0,228000,0.00010388131
0,228010,0.00010386647
0,228020,0.00010385163
0,228030,0.000103836785
0,228040,0.00010382194
0,228050,0.000103807106
0,228060,0.00010379227
0,228070,0.00010377744
0,228080,0.000103762606
0,228090,0.00010374778
0,228100,0.00010373295
0,228110,0.00010371813
0,228120,0.00010370331
0,228130,0.000103688486
0,228140,0.000103673665
0,228150,0.00010365885
0,228160,0.00010364404
0,228170,0.00010362923
0,228180,0.00010361442
0,228190,0.00010359961
0,228200,0.0001035848
0,228210,0.000103570004
0,228220,0.000103555205
0,228230,0.000103540406
0,228240,0.00010352561
0,228250,0.000103510814
0,228260,0.00010349602
0,228270,0.00010348123
0,228280,0.000103466446
0,228290,0.00010345165
0,228300,0.000103436876
0,228310,0.00010342209
0,228320,0.000103407314
0,228330,0.00010339254
0,228340,0.00010337776
0,228350,0.00010336299
0,228360,0.00010334822
0,228370,0.00010333345
0,228380,0.00010331868
0,228390,0.000103303915
0,228400,0.00010328915
0,228410,0.0001032744
0,228420,0.000103259634
0,228430,0.00010324488
0,228440,0.00010323013
0,228450,0.000103215374
0,228460,0.000103200626
0,228470,0.00010318588
0,228480,0.000103171136
0,228490,0.000103156395
0,228500,0.000103141654
0,228510,0.00010312691
0,228520,0.00010311218
0,228530,0.000103097445
0,228540,0.00010308271
0,228550,0.00010306798
0,228560,0.00010305325
0,228570,0.000103038525
0,228580,0.000103023805
0,228590,0.00010300908
0,228600,0.00010299436
0,228610,0.00010297965
0,228620,0.00010296493
0,228630,0.00010295022
0,228640,0.000102935504
0,228650,0.0001029208
0,228660,0.000102906095
0,228670,0.00010289139
0,228680,0.000102876686
0,228690,0.00010286199
0,228700,0.00010284729
0,228710,0.00010283259
0,228720,0.000102817896
0,228730,0.000102803206
0,228740,0.000102788516
0,228750,0.00010277383
0,228760,0.00010275914
0,228770,0.00010274446
0,228780,0.000102729784
0,228790,0.0001027151
0,228800,0.000102700425
0,228810,0.00010268575
0,228820,0.00010267108
0,228830,0.000102656406
0,228840,0.00010264174
0,228850,0.00010262708
0,228860,0.00010261241
0,228870,0.00010259775
0,228880,0.00010258309
0,228890,0.00010256843
0,228900,0.00010255378
0,228910,0.000102539125
0,228920,0.00010252447
0,228930,0.000102509825
0,228940,0.00010249518
0,228950,0.00010248053
0,228960,0.00010246589
0,228970,0.00010245125
0,228980,0.000102436614
0,228990,0.000102421975
0,229000,0.00010240734
0,229010,0.00010239271
0,229020,0.00010237808
0,229030,0.000102363454
0,229040,0.00010234883
0,229050,0.000102334205
0,229060,0.00010231958
0,229070,0.00010230496
0,229080,0.000102290345
0,229090,0.000102275735
0,229100,0.00010226112
0,229110,0.00010224651
0,229120,0.0001022319
0,229130,0.000102217295
0,229140,0.00010220269
0,229150,0.00010218809
0,229160,0.000102173486
0,229170,0.00010215889
0,229180,0.000102144295
0,229190,0.0001021297
0,229200,0.00010211511
0,229210,0.000102100516
0,229220,0.000102085934
0,229230,0.000102071346
0,229240,0.000102056765
0,229250,0.000102042184
0,229260,0.0001020276
0,229270,0.00010201303
0,229280,0.000101998456
0,229290,0.00010198388
0,229300,0.00010196931
0,229310,0.00010195474
0,229320,0.000101940175
0,229330,0.00010192561
0,229340,0.00010191105
0,229350,0.00010189649
0,229360,0.00010188193
0,229370,0.00010186738
0,229380,0.00010185282
0,229390,0.000101838275
0,229400,0.00010182372
0,229410,0.00010180918
0,229420,0.000101794634
0,229430,0.00010178009
0,229440,0.000101765545
0,229450,0.00010175101
0,229460,0.00010173647
0,229470,0.00010172194
0,229480,0.0001017074
0,229490,0.00010169287
0,229500,0.00010167835
0,229510,0.00010166382
0,229520,0.0001016493
0,229530,0.000101634774
0,229540,0.00010162026
0,229550,0.000101605736
0,229560,0.00010159122
0,229570,0.00010157671
0,229580,0.0001015622
0,229590,0.00010154769
0,229600,0.00010153318
0,229610,0.00010151868
0,229620,0.00010150418
0,229630,0.00010148968
0,229640,0.000101475176
0,229650,0.00010146068
0,229660,0.00010144619
0,229670,0.000101431695
0,229680,0.0001014172
0,229690,0.000101402715
0,229700,0.00010138823
0,229710,0.00010137375
0,229720,0.00010135926
0,229730,0.00010134478
0,229740,0.000101330304
0,229750,0.00010131583
0,229760,0.00010130136
0,229770,0.00010128689
0,229780,0.00010127242
0,229790,0.00010125795
0,229800,0.00010124349
0,229810,0.00010122902
0,229820,0.000101214566
0,229830,0.0001012001
0,229840,0.00010118565
0,229850,0.000101171194
0,229860,0.000101156744
0,229870,0.000101142294
0,229880,0.000101127844
0,229890,0.0001011134
0,229900,0.00010109895
0,229910,0.000101084515
0,229920,0.00010107007
0,229930,0.00010105564
0,229940,0.0001010412
0,229950,0.000101026766
0,229960,0.00010101234
0,229970,0.0001009979
0,229980,0.00010098348
0,229990,0.00010096905
0,230000,0.00010095463
0,230010,0.00010094021
0,230020,0.00010092579
0,230030,0.00010091138
0,230040,0.00010089696
0,230050,0.00010088255
0,230060,0.000100868136
0,230070,0.00010085373
0,230080,0.00010083932
0,230090,0.00010082492
0,230100,0.00010081052
0,230110,0.00010079612
0,230120,0.00010078172
0,230130,0.00010076733
0,230140,0.00010075293
0,230150,0.000100738536
0,230160,0.00010072415
0,230170,0.00010070976
0,230180,0.000100695375
0,230190,0.00010068099
0,230200,0.00010066661
0,230210,0.000100652236
0,230220,0.00010063786
0,230230,0.00010062348
0,230240,0.00010060911
0,230250,0.00010059474
0,230260,0.00010058037
0,230270,0.000100566
0,230280,0.00010055164
0,230290,0.000100537276
0,230300,0.00010052292
0,230310,0.00010050856
0,230320,0.0001004942
0,230330,0.00010047985
0,230340,0.0001004655
0,230350,0.00010045115
0,230360,0.0001004368
0,230370,0.000100422454
0,230380,0.00010040811
0,230390,0.00010039377
0,230400,0.00010037943
0,230410,0.00010036509
0,230420,0.00010035076
0,230430,0.00010033642
0,230440,0.0001003221
0,230450,0.00010030776
0,230460,0.00010029344
0,230470,0.00010027912
0,230480,0.00010026479
0,230490,0.00010025047
0,230500,0.00010023615
0,230510,0.000100221834
0,230520,0.00010020752
0,230530,0.00010019321
0,230540,0.0001001789
0,230550,0.000100164594
0,230560,0.00010015028
0,230570,0.000100135985
0,230580,0.00010012168
0,230590,0.00010010738
0,230600,0.00010009308
0,230610,0.00010007879
0,230620,0.00010006449
0,230630,0.0001000502
0,230640,0.00010003591
0,230650,0.00010002162
0,230660,0.00010000734
0,230670,9.9993056E-05
0,230680,9.997877E-05
0,230690,9.99645E-05
0,230700,9.995022E-05
0,230710,9.993595E-05
0,230720,9.992167E-05
0,230730,9.99074E-05
0,230740,9.9893135E-05
0,230750,9.987887E-05
0,230760,9.98646E-05
0,230770,9.985034E-05
0,230780,9.983608E-05
0,230790,9.9821824E-05
0,230800,9.980756E-05
0,230810,9.979331E-05
0,230820,9.9779056E-05
0,230830,9.976481E-05
0,230840,9.975056E-05
0,230850,9.973632E-05
0,230860,9.972207E-05
0,230870,9.970783E-05
0,230880,9.969359E-05
0,230890,9.967935E-05
0,230900,9.9665114E-05
0,230910,9.965088E-05
0,230920,9.963665E-05
0,230930,9.9622426E-05
0,230940,9.9608194E-05
0,230950,9.959397E-05
0,230960,9.9579745E-05
0,230970,9.956553E-05
0,230980,9.9551304E-05
0,230990,9.9537094E-05
0,231000,9.952288E-05
0,231010,9.950866E-05
0,231020,9.949445E-05
0,231030,9.948025E-05
0,231040,9.946604E-05
0,231050,9.9451834E-05
0,231060,9.943763E-05
0,231070,9.942343E-05
0,231080,9.940923E-05
0,231090,9.939504E-05
0,231100,9.938084E-05
0,231110,9.936665E-05
0,231120,9.935246E-05
0,231130,9.933827E-05
0,231140,9.932408E-05
0,231150,9.93099E-05
0,231160,9.929572E-05
0,231170,9.928154E-05
0,231180,9.926736E-05
0,231190,9.9253186E-05
0,231200,9.923901E-05
0,231210,9.922484E-05
0,231220,9.921067E-05
0,231230,9.9196506E-05
0,231240,9.918234E-05
0,231250,9.916817E-05
0,231260,9.9154015E-05
0,231270,9.9139856E-05
0,231280,9.91257E-05
0,231290,9.9111545E-05
0,231300,9.909739E-05
0,231310,9.908324E-05
0,231320,9.906909E-05
0,231330,9.9054945E-05
0,231340,9.90408E-05
0,231350,9.9026656E-05
0,231360,9.901251E-05
0,231370,9.8998375E-05
0,231380,9.898424E-05
0,231390,9.897011E-05
0,231400,9.895597E-05
0,231410,9.894184E-05
0,231420,9.892772E-05
0,231430,9.891359E-05
0,231440,9.8899465E-05
0,231450,9.888534E-05
0,231460,9.887122E-05
0,231470,9.8857105E-05
0,231480,9.884299E-05
0,231490,9.8828874E-05
0,231500,9.881476E-05
0,231510,9.880065E-05
0,231520,9.878654E-05
0,231530,9.877244E-05
0,231540,9.875833E-05
0,231550,9.874423E-05
0,231560,9.873013E-05
0,231570,9.871604E-05
0,231580,9.870194E-05
0,231590,9.8687844E-05
0,231600,9.867376E-05
0,231610,9.8659664E-05
0,231620,9.864558E-05
0,231630,9.863149E-05
0,231640,9.861741E-05
0,231650,9.860333E-05
0,231660,9.858925E-05
0,231670,9.8575176E-05
0,231680,9.85611E-05
0,231690,9.8547025E-05
0,231700,9.853295E-05
0,231710,9.851888E-05
0,231720,9.850482E-05
0,231730,9.849075E-05
0,231740,9.847669E-05
0,231750,9.846263E-05
0,231760,9.8448574E-05
0,231770,9.843452E-05
0,231780,9.842046E-05
0,231790,9.840641E-05
0,231800,9.839236E-05
0,231810,9.837831E-05
0,231820,9.836426E-05
0,231830,9.835022E-05
0,231840,9.8336175E-05
0,231850,9.832213E-05
0,231860,9.83081E-05
0,231870,9.829406E-05
0,231880,9.828003E-05
0,231890,9.826599E-05
0,231900,9.825196E-05
0,231910,9.8237935E-05
0,231920,9.822391E-05
0,231930,9.8209886E-05
0,231940,9.8195866E-05
0,231950,9.8181845E-05
0,231960,9.8167824E-05
0,231970,9.815381E-05
0,231980,9.81398E-05
0,231990,9.812578E-05
0,232000,9.811178E-05
0,232010,9.8097764E-05
0,232020,9.808376E-05
0,232030,9.806976E-05
0,232040,9.805575E-05
0,232050,9.804175E-05
0,232060,9.802776E-05
0,232070,9.801376E-05
0,232080,9.799977E-05
0,232090,9.798578E-05
0,232100,9.797179E-05
0,232110,9.79578E-05
0,232120,9.794382E-05
0,232130,9.7929835E-05
0,232140,9.791585E-05
0,232150,9.790187E-05
0,232160,9.7887896E-05
0,232170,9.787392E-05
0,232180,9.785995E-05
0,232190,9.784597E-05
0,232200,9.783201E-05
0,232210,9.781804E-05
0,232220,9.780408E-05
0,232230,9.779011E-05
0,232240,9.777615E-05
0,232250,9.776219E-05
0,232260,9.7748234E-05
0,232270,9.773428E-05
0,232280,9.772032E-05
0,232290,9.7706376E-05
0,232300,9.769243E-05
0,232310,9.767848E-05
0,232320,9.766453E-05
0,232330,9.765059E-05
0,232340,9.763665E-05
0,232350,9.762271E-05
0,232360,9.7608776E-05
0,232370,9.759484E-05
0,232380,9.758091E-05
0,232390,9.7566975E-05
0,232400,9.755305E-05
0,232410,9.753912E-05
0,232420,9.75252E-05
0,232430,9.751128E-05
0,232440,9.749736E-05
0,232450,9.748344E-05
0,232460,9.746952E-05
0,232470,9.745561E-05
0,232480,9.744169E-05
0,232490,9.742779E-05
0,232500,9.7413875E-05
0,232510,9.739997E-05
0,232520,9.7386066E-05
0,232530,9.737216E-05
0,232540,9.7358265E-05
0,232550,9.734436E-05
0,232560,9.733047E-05
0,232570,9.731657E-05
0,232580,9.730268E-05
0,232590,9.7288794E-05
0,232600,9.7274904E-05
0,232610,9.7261014E-05
0,232620,9.724713E-05
0,232630,9.723325E-05
0,232640,9.7219374E-05
0,232650,9.720549E-05
0,232660,9.7191616E-05
0,232670,9.717774E-05
0,232680,9.716387E-05
0,232690,9.715E-05
0,232700,9.713613E-05
0,232710,9.712227E-05
0,232720,9.71084E-05
0,232730,9.709454E-05
0,232740,9.708068E-05
0,232750,9.7066826E-05
0,232760,9.7052965E-05
0,232770,9.703911E-05
0,232780,9.702526E-05
0,232790,9.701141E-05
0,232800,9.6997566E-05
0,232810,9.698372E-05
0,232820,9.6969874E-05
0,232830,9.6956035E-05
0,232840,9.694219E-05
0,232850,9.692836E-05
0,232860,9.691452E-05
0,232870,9.690069E-05
0,232880,9.6886855E-05
0,232890,9.6873024E-05
0,232900,9.685919E-05
0,232910,9.684537E-05
0,232920,9.683154E-05
0,232930,9.681773E-05
0,232940,9.68039E-05
0,232950,9.6790085E-05
0,232960,9.677627E-05
0,232970,9.676246E-05
0,232980,9.674865E-05
0,232990,9.673484E-05
0,233000,9.672103E-05
0,233010,9.670722E-05
0,233020,9.669342E-05
0,233030,9.6679614E-05
0,233040,9.666582E-05
0,233050,9.665202E-05
0,233060,9.663822E-05
0,233070,9.662443E-05
0,233080,9.661064E-05
0,233090,9.659685E-05
0,233100,9.658306E-05
0,233110,9.6569274E-05
0,233120,9.6555494E-05
0,233130,9.654171E-05
0,233140,9.652793E-05
0,233150,9.651415E-05
0,233160,9.650038E-05
0,233170,9.6486605E-05
0,233180,9.647283E-05
0,233190,9.6459065E-05
0,233200,9.64453E-05
0,233210,9.643153E-05
0,233220,9.641777E-05
0,233230,9.640401E-05
0,233240,9.639024E-05
0,233250,9.637649E-05
0,233260,9.636273E-05
0,233270,9.634898E-05
0,233280,9.633523E-05
0,233290,9.632148E-05
0,233300,9.630773E-05
0,233310,9.629398E-05
0,233320,9.6280244E-05
0,233330,9.62665E-05
0,233340,9.625276E-05
0,233350,9.623902E-05
0,233360,9.622529E-05
0,233370,9.621155E-05
0,233380,9.619782E-05
0,233390,9.618409E-05
0,233400,9.617036E-05
0,233410,9.615664E-05
0,233420,9.614292E-05
0,233430,9.6129195E-05
0,233440,9.611547E-05
0,233450,9.610176E-05
0,233460,9.608804E-05
0,233470,9.607433E-05
0,233480,9.606061E-05
0,233490,9.6046904E-05
0,233500,9.6033196E-05
0,233510,9.601949E-05
0,233520,9.600579E-05
0,233530,9.599209E-05
0,233540,9.597839E-05
0,233550,9.5964686E-05
0,233560,9.595099E-05
0,233570,9.59373E-05
0,233580,9.5923606E-05
0,233590,9.590992E-05
0,233600,9.589623E-05
0,233610,9.588254E-05
0,233620,9.586886E-05
0,233630,9.5855175E-05
0,233640,9.58415E-05
0,233650,9.582782E-05
0,233660,9.5814146E-05
0,233670,9.580047E-05
0,233680,9.5786796E-05
0,233690,9.577313E-05
0,233700,9.575946E-05
0,233710,9.5745796E-05
0,233720,9.573213E-05
0,233730,9.571847E-05
0,233740,9.570481E-05
0,233750,9.569115E-05
0,233760,9.56775E-05
0,233770,9.566384E-05
0,233780,9.565019E-05
0,233790,9.563654E-05
0,233800,9.562289E-05
0,233810,9.560924E-05
0,233820,9.55956E-05
0,233830,9.5581956E-05
0,233840,9.556832E-05
0,233850,9.555468E-05
0,233860,9.554104E-05
0,233870,9.552741E-05
0,233880,9.551378E-05
0,233890,9.5500145E-05
0,233900,9.548652E-05
0,233910,9.547289E-05
0,233920,9.545927E-05
0,233930,9.544565E-05
0,233940,9.543203E-05
0,233950,9.541841E-05
0,233960,9.5404794E-05
0,233970,9.539117E-05
0,233980,9.537756E-05
0,233990,9.5363954E-05
0,234000,9.535035E-05
0,234010,9.5336734E-05
0,234020,9.5323136E-05
0,234030,9.530953E-05
0,234040,9.529593E-05
0,234050,9.528233E-05
0,234060,9.526873E-05
0,234070,9.525514E-05
0,234080,9.524155E-05
0,234090,9.522796E-05
0,234100,9.521437E-05
0,234110,9.520078E-05
0,234120,9.51872E-05
0,234130,9.5173615E-05
0,234140,9.516003E-05
0,234150,9.514645E-05
0,234160,9.513288E-05
0,234170,9.51193E-05
0,234180,9.510573E-05
0,234190,9.509216E-05
0,234200,9.507859E-05
0,234210,9.506502E-05
0,234220,9.505146E-05
0,234230,9.5037896E-05
0,234240,9.5024334E-05
0,234250,9.501077E-05
0,234260,9.499722E-05
0,234270,9.498366E-05
0,234280,9.4970106E-05
0,234290,9.495656E-05
0,234300,9.494301E-05
0,234310,9.492946E-05
0,234320,9.4915915E-05
0,234330,9.4902374E-05
0,234340,9.4888834E-05
0,234350,9.487529E-05
0,234360,9.486175E-05
0,234370,9.484822E-05
0,234380,9.4834686E-05
0,234390,9.482115E-05
0,234400,9.480762E-05
0,234410,9.479409E-05
0,234420,9.478057E-05
0,234430,9.476705E-05
0,234440,9.475352E-05
0,234450,9.4740004E-05
0,234460,9.4726485E-05
0,234470,9.4712974E-05
0,234480,9.4699455E-05
0,234490,9.468594E-05
0,234500,9.467243E-05
0,234510,9.465893E-05
0,234520,9.4645424E-05
0,234530,9.463192E-05
0,234540,9.4618415E-05
0,234550,9.460491E-05
0,234560,9.4591414E-05
0,234570,9.457792E-05
0,234580,9.456443E-05
0,234590,9.455093E-05
0,234600,9.453744E-05
0,234610,9.452395E-05
0,234620,9.451047E-05
0,234630,9.449699E-05
0,234640,9.4483505E-05
0,234650,9.447002E-05
0,234660,9.445654E-05
0,234670,9.4443065E-05
0,234680,9.442959E-05
0,234690,9.4416115E-05
0,234700,9.440265E-05
0,234710,9.438918E-05
0,234720,9.437571E-05
0,234730,9.436224E-05
0,234740,9.434878E-05
0,234750,9.433532E-05
0,234760,9.432186E-05
0,234770,9.430841E-05
0,234780,9.429495E-05
0,234790,9.4281495E-05
0,234800,9.426805E-05
0,234810,9.4254596E-05
0,234820,9.424115E-05
0,234830,9.4227704E-05
0,234840,9.4214265E-05
0,234850,9.420082E-05
0,234860,9.418738E-05
0,234870,9.417394E-05
0,234880,9.416051E-05
0,234890,9.414707E-05
0,234900,9.413364E-05
0,234910,9.412021E-05
0,234920,9.4106785E-05
0,234930,9.409336E-05
0,234940,9.407994E-05
0,234950,9.406651E-05
0,234960,9.4053095E-05
0,234970,9.403968E-05
0,234980,9.402626E-05
0,234990,9.4012845E-05
0,235000,9.3999435E-05
0,235010,9.3986026E-05
0,235020,9.3972616E-05
0,235030,9.395921E-05
0,235040,9.3945804E-05
0,235050,9.39324E-05
0,235060,9.3919E-05
0,235070,9.3905604E-05
0,235080,9.38922E-05
0,235090,9.387881E-05
0,235100,9.386542E-05
0,235110,9.3852024E-05
0,235120,9.383864E-05
0,235130,9.382525E-05
0,235140,9.381187E-05
0,235150,9.379848E-05
0,235160,9.37851E-05
0,235170,9.377173E-05
0,235180,9.3758346E-05
0,235190,9.374497E-05
0,235200,9.37316E-05
0,235210,9.371823E-05
0,235220,9.370485E-05
0,235230,9.369149E-05
0,235240,9.367812E-05
0,235250,9.366476E-05
0,235260,9.36514E-05
0,235270,9.363804E-05
0,235280,9.362468E-05
0,235290,9.361133E-05
0,235300,9.359797E-05
0,235310,9.358462E-05
0,235320,9.357127E-05
0,235330,9.355792E-05
0,235340,9.354458E-05
0,235350,9.3531235E-05
0,235360,9.351789E-05
0,235370,9.350455E-05
0,235380,9.349121E-05
0,235390,9.347787E-05
0,235400,9.346454E-05
0,235410,9.3451206E-05
0,235420,9.343788E-05
0,235430,9.342455E-05
0,235440,9.3411225E-05
0,235450,9.3397895E-05
0,235460,9.338457E-05
0,235470,9.337125E-05
0,235480,9.3357936E-05
0,235490,9.334461E-05
0,235500,9.33313E-05
0,235510,9.331799E-05
0,235520,9.3304676E-05
0,235530,9.329137E-05
0,235540,9.327806E-05
0,235550,9.326475E-05
0,235560,9.325145E-05
0,235570,9.323815E-05
0,235580,9.322485E-05
0,235590,9.321155E-05
0,235600,9.319826E-05
0,235610,9.3184964E-05
0,235620,9.317167E-05
0,235630,9.315838E-05
0,235640,9.314509E-05
0,235650,9.3131806E-05
0,235660,9.311852E-05
0,235670,9.310524E-05
0,235680,9.309196E-05
0,235690,9.3078685E-05
0,235700,9.3065406E-05
0,235710,9.3052135E-05
0,235720,9.3038856E-05
0,235730,9.3025585E-05
0,235740,9.301232E-05
0,235750,9.299905E-05
0,235760,9.2985785E-05
0,235770,9.297252E-05
0,235780,9.2959264E-05
0,235790,9.294601E-05
0,235800,9.293275E-05
0,235810,9.2919494E-05
0,235820,9.290624E-05
0,235830,9.289299E-05
0,235840,9.287974E-05
0,235850,9.286649E-05
0,235860,9.2853246E-05
0,235870,9.2840004E-05
0,235880,9.282676E-05
0,235890,9.281352E-05
0,235900,9.2800285E-05
0,235910,9.278704E-05
0,235920,9.2773815E-05
0,235930,9.276058E-05
0,235940,9.274735E-05
0,235950,9.273412E-05
0,235960,9.27209E-05
0,235970,9.270767E-05
0,235980,9.269445E-05
0,235990,9.268123E-05
0,236000,9.266801E-05
0,236010,9.265479E-05
0,236020,9.2641574E-05
0,236030,9.262836E-05
0,236040,9.2615155E-05
0,236050,9.260194E-05
0,236060,9.2588736E-05
0,236070,9.257553E-05
0,236080,9.2562324E-05
0,236090,9.2549126E-05
0,236100,9.253593E-05
0,236110,9.252273E-05
0,236120,9.250953E-05
0,236130,9.249634E-05
0,236140,9.248315E-05
0,236150,9.2469956E-05
0,236160,9.245677E-05
0,236170,9.244358E-05
0,236180,9.24304E-05
0,236190,9.241722E-05
0,236200,9.2404036E-05
0,236210,9.239086E-05
0,236220,9.237768E-05
0,236230,9.2364506E-05
0,236240,9.2351336E-05
0,236250,9.233816E-05
0,236260,9.2325E-05
0,236270,9.231183E-05
0,236280,9.2298666E-05
0,236290,9.2285496E-05
0,236300,9.227234E-05
0,236310,9.225918E-05
0,236320,9.2246024E-05
0,236330,9.223287E-05
0,236340,9.2219714E-05
0,236350,9.220656E-05
0,236360,9.219341E-05
0,236370,9.2180264E-05
0,236380,9.2167116E-05
0,236390,9.2153976E-05
0,236400,9.214083E-05
0,236410,9.212769E-05
0,236420,9.2114555E-05
0,236430,9.2101414E-05
0,236440,9.208828E-05
0,236450,9.207515E-05
0,236460,9.2062015E-05
0,236470,9.204889E-05
0,236480,9.203576E-05
0,236490,9.202264E-05
0,236500,9.200951E-05
0,236510,9.199639E-05
0,236520,9.1983275E-05
0,236530,9.1970156E-05
0,236540,9.1957045E-05
0,236550,9.1943926E-05
0,236560,9.1930815E-05
0,236570,9.1917704E-05
0,236580,9.19046E-05
0,236590,9.1891496E-05
0,236600,9.187839E-05
0,236610,9.186529E-05
0,236620,9.1852184E-05
0,236630,9.183909E-05
0,236640,9.182599E-05
0,236650,9.18129E-05
0,236660,9.1799804E-05
0,236670,9.1786715E-05
0,236680,9.1773625E-05
0,236690,9.1760536E-05
0,236700,9.174745E-05
0,236710,9.173437E-05
0,236720,9.172129E-05
0,236730,9.170821E-05
0,236740,9.169513E-05
0,236750,9.168206E-05
0,236760,9.166898E-05
0,236770,9.1655915E-05
0,236780,9.164284E-05
0,236790,9.162977E-05
0,236800,9.161671E-05
0,236810,9.1603644E-05
0,236820,9.1590584E-05
0,236830,9.157752E-05
0,236840,9.156446E-05
0,236850,9.155141E-05
0,236860,9.153835E-05
0,236870,9.15253E-05
0,236880,9.151225E-05
0,236890,9.14992E-05
0,236900,9.148615E-05
0,236910,9.1473106E-05
0,236920,9.146007E-05
0,236930,9.144702E-05
0,236940,9.143398E-05
0,236950,9.1420945E-05
0,236960,9.1407914E-05
0,236970,9.1394875E-05
0,236980,9.1381844E-05
0,236990,9.136881E-05
0,237000,9.135579E-05
0,237010,9.1342765E-05
0,237020,9.132974E-05
0,237030,9.131672E-05
0,237040,9.130369E-05
0,237050,9.1290676E-05
0,237060,9.127766E-05
0,237070,9.126464E-05
0,237080,9.125163E-05
0,237090,9.1238624E-05
0,237100,9.1225615E-05
0,237110,9.1212605E-05
0,237120,9.1199596E-05
0,237130,9.118659E-05
0,237140,9.117359E-05
0,237150,9.11606E-05
0,237160,9.1147595E-05
0,237170,9.11346E-05
0,237180,9.1121605E-05
0,237190,9.110862E-05
0,237200,9.109562E-05
0,237210,9.1082635E-05
0,237220,9.106965E-05
0,237230,9.105667E-05
0,237240,9.104368E-05
0,237250,9.10307E-05
0,237260,9.1017726E-05
0,237270,9.1004746E-05
0,237280,9.099177E-05
0,237290,9.09788E-05
0,237300,9.096583E-05
0,237310,9.095285E-05
0,237320,9.093989E-05
0,237330,9.092692E-05
0,237340,9.0913956E-05
0,237350,9.0901E-05
0,237360,9.088804E-05
0,237370,9.087508E-05
0,237380,9.086212E-05
0,237390,9.084917E-05
0,237400,9.083621E-05
0,237410,9.082326E-05
0,237420,9.081032E-05
0,237430,9.0797366E-05
0,237440,9.078442E-05
0,237450,9.077148E-05
0,237460,9.075854E-05
0,237470,9.07456E-05
0,237480,9.073266E-05
0,237490,9.0719725E-05
0,237500,9.0706795E-05
0,237510,9.069386E-05
0,237520,9.068093E-05
0,237530,9.066801E-05
0,237540,9.065508E-05
0,237550,9.0642156E-05
0,237560,9.062923E-05
0,237570,9.061631E-05
0,237580,9.060339E-05
0,237590,9.0590474E-05
0,237600,9.057756E-05
0,237610,9.0564645E-05
0,237620,9.055174E-05
0,237630,9.053882E-05
0,237640,9.052592E-05
0,237650,9.0513015E-05
0,237660,9.050011E-05
0,237670,9.048721E-05
0,237680,9.047431E-05
0,237690,9.0461406E-05
0,237700,9.044851E-05
0,237710,9.043562E-05
0,237720,9.042273E-05
0,237730,9.0409834E-05
0,237740,9.039695E-05
0,237750,9.038406E-05
0,237760,9.037118E-05
0,237770,9.035829E-05
0,237780,9.034541E-05
0,237790,9.0332534E-05
0,237800,9.0319656E-05
0,237810,9.030678E-05
0,237820,9.029391E-05
0,237830,9.0281035E-05
0,237840,9.0268164E-05
0,237850,9.025529E-05
0,237860,9.024243E-05
0,237870,9.0229565E-05
0,237880,9.02167E-05
0,237890,9.0203845E-05
0,237900,9.019098E-05
0,237910,9.0178124E-05
0,237920,9.016527E-05
0,237930,9.015242E-05
0,237940,9.013957E-05
0,237950,9.012672E-05
0,237960,9.011387E-05
0,237970,9.010102E-05
0,237980,9.008818E-05
0,237990,9.007534E-05
0,238000,9.0062495E-05
0,238010,9.004966E-05
0,238020,9.0036825E-05
0,238030,9.002399E-05
0,238040,9.0011155E-05
0,238050,8.999833E-05
0,238060,8.998549E-05
0,238070,8.9972666E-05
0,238080,8.9959845E-05
0,238090,8.994702E-05
0,238100,8.99342E-05
0,238110,8.992138E-05
0,238120,8.9908564E-05
0,238130,8.9895744E-05
0,238140,8.988293E-05
0,238150,8.987012E-05
0,238160,8.9857305E-05
0,238170,8.98445E-05
0,238180,8.9831694E-05
0,238190,8.981889E-05
0,238200,8.980608E-05
0,238210,8.9793284E-05
0,238220,8.9780486E-05
0,238230,8.976769E-05
0,238240,8.9754896E-05
0,238250,8.97421E-05
0,238260,8.972931E-05
0,238270,8.9716516E-05
0,238280,8.970373E-05
0,238290,8.969094E-05
0,238300,8.967816E-05
0,238310,8.966538E-05
0,238320,8.9652596E-05
0,238330,8.963982E-05
0,238340,8.962704E-05
0,238350,8.961427E-05
0,238360,8.960149E-05
0,238370,8.958872E-05
0,238380,8.957595E-05
0,238390,8.956318E-05
0,238400,8.955042E-05
0,238410,8.953766E-05
0,238420,8.9524896E-05
0,238430,8.9512134E-05
0,238440,8.949937E-05
0,238450,8.948662E-05
0,238460,8.947386E-05
0,238470,8.9461115E-05
0,238480,8.944836E-05
0,238490,8.943561E-05
0,238500,8.9422865E-05
0,238510,8.941012E-05
0,238520,8.939738E-05
0,238530,8.938464E-05
0,238540,8.93719E-05
0,238550,8.935916E-05
0,238560,8.934642E-05
0,238570,8.9333684E-05
0,238580,8.932095E-05
0,238590,8.9308225E-05
0,238600,8.929549E-05
0,238610,8.928277E-05
0,238620,8.927004E-05
0,238630,8.925732E-05
0,238640,8.92446E-05
0,238650,8.923188E-05
0,238660,8.921916E-05
0,238670,8.920644E-05
0,238680,8.919373E-05
0,238690,8.918102E-05
0,238700,8.916831E-05
0,238710,8.91556E-05
0,238720,8.914289E-05
0,238730,8.913019E-05
0,238740,8.9117486E-05
0,238750,8.910479E-05
0,238760,8.9092086E-05
0,238770,8.907939E-05
0,238780,8.906669E-05
0,238790,8.9054E-05
0,238800,8.904131E-05
0,238810,8.902862E-05
0,238820,8.901593E-05
0,238830,8.9003246E-05
0,238840,8.899056E-05
0,238850,8.8977875E-05
0,238860,8.89652E-05
0,238870,8.895252E-05
0,238880,8.893984E-05
0,238890,8.892717E-05
0,238900,8.8914494E-05
0,238910,8.890182E-05
0,238920,8.888915E-05
0,238930,8.8876484E-05
0,238940,8.886382E-05
0,238950,8.885116E-05
0,238960,8.883849E-05
0,238970,8.882583E-05
0,238980,8.8813176E-05
0,238990,8.8800516E-05
0,239000,8.878786E-05
0,239010,8.877521E-05
0,239020,8.876256E-05
0,239030,8.8749905E-05
0,239040,8.873726E-05
0,239050,8.872461E-05
0,239060,8.871197E-05
0,239070,8.869933E-05
0,239080,8.868669E-05
0,239090,8.867405E-05
0,239100,8.8661414E-05
0,239110,8.8648776E-05
0,239120,8.8636145E-05
0,239130,8.8623514E-05
0,239140,8.861088E-05
0,239150,8.859826E-05
0,239160,8.8585635E-05
0,239170,8.857301E-05
0,239180,8.856039E-05
0,239190,8.8547764E-05
0,239200,8.853515E-05
0,239210,8.852253E-05
0,239220,8.850992E-05
0,239230,8.8497305E-05
0,239240,8.8484696E-05
0,239250,8.847209E-05
0,239260,8.845948E-05
0,239270,8.8446875E-05
0,239280,8.8434266E-05
0,239290,8.8421664E-05
0,239300,8.840907E-05
0,239310,8.839647E-05
0,239320,8.838387E-05
0,239330,8.837128E-05
0,239340,8.835868E-05
0,239350,8.8346096E-05
0,239360,8.833351E-05
0,239370,8.832092E-05
0,239380,8.8308334E-05
0,239390,8.8295754E-05
0,239400,8.828317E-05
0,239410,8.827059E-05
0,239420,8.825801E-05
0,239430,8.824543E-05
0,239440,8.823286E-05
0,239450,8.822029E-05
0,239460,8.820772E-05
0,239470,8.819515E-05
0,239480,8.818258E-05
0,239490,8.817002E-05
0,239500,8.815745E-05
0,239510,8.8144894E-05
0,239520,8.8132336E-05
0,239530,8.811978E-05
0,239540,8.810722E-05
0,239550,8.809467E-05
0,239560,8.808211E-05
0,239570,8.8069566E-05
0,239580,8.8057015E-05
0,239590,8.8044464E-05
0,239600,8.803192E-05
0,239610,8.801938E-05
0,239620,8.800684E-05
0,239630,8.7994296E-05
0,239640,8.798176E-05
0,239650,8.796922E-05
0,239660,8.795669E-05
0,239670,8.794416E-05
0,239680,8.793163E-05
0,239690,8.79191E-05
0,239700,8.790657E-05
0,239710,8.789405E-05
0,239720,8.7881526E-05
0,239730,8.7869004E-05
0,239740,8.785648E-05
0,239750,8.784397E-05
0,239760,8.7831446E-05
0,239770,8.781893E-05
0,239780,8.7806424E-05
0,239790,8.779391E-05
0,239800,8.77814E-05
0,239810,8.7768894E-05
0,239820,8.7756394E-05
0,239830,8.774389E-05
0,239840,8.773139E-05
0,239850,8.771889E-05
0,239860,8.770639E-05
0,239870,8.7693894E-05
0,239880,8.76814E-05
0,239890,8.766891E-05
0,239900,8.7656415E-05
0,239910,8.764393E-05
0,239920,8.7631444E-05
0,239930,8.761896E-05
0,239940,8.760647E-05
0,239950,8.759399E-05
0,239960,8.758151E-05
0,239970,8.756903E-05
0,239980,8.755656E-05
0,239990,8.754408E-05
0,240000,8.753161E-05
0,240010,8.751914E-05
0,240020,8.750667E-05
0,240030,8.7494205E-05
0,240040,8.748174E-05
0,240050,8.746928E-05
0,240060,8.7456814E-05
0,240070,8.744436E-05
0,240080,8.7431894E-05
0,240090,8.7419445E-05
0,240100,8.740699E-05
0,240110,8.739453E-05
0,240120,8.738208E-05
0,240130,8.736963E-05
0,240140,8.735719E-05
0,240150,8.734474E-05
0,240160,8.73323E-05
0,240170,8.731986E-05
0,240180,8.730742E-05
0,240190,8.729498E-05
0,240200,8.728255E-05
0,240210,8.727011E-05
0,240220,8.725768E-05
0,240230,8.7245244E-05
0,240240,8.723282E-05
0,240250,8.722039E-05
0,240260,8.720796E-05
0,240270,8.719554E-05
0,240280,8.718312E-05
0,240290,8.71707E-05
0,240300,8.715828E-05
0,240310,8.714587E-05
0,240320,8.713345E-05
0,240330,8.7121036E-05
0,240340,8.710863E-05
0,240350,8.709622E-05
0,240360,8.708381E-05
0,240370,8.707141E-05
0,240380,8.7059E-05
0,240390,8.70466E-05
0,240400,8.70342E-05
0,240410,8.70218E-05
0,240420,8.700941E-05
0,240430,8.699701E-05
0,240440,8.698462E-05
0,240450,8.697223E-05
0,240460,8.695984E-05
0,240470,8.6947446E-05
0,240480,8.693506E-05
0,240490,8.692268E-05
0,240500,8.6910295E-05
0,240510,8.689792E-05
0,240520,8.688554E-05
0,240530,8.6873166E-05
0,240540,8.686079E-05
0,240550,8.684841E-05
0,240560,8.6836044E-05
0,240570,8.6823675E-05
0,240580,8.6811306E-05
0,240590,8.679894E-05
0,240600,8.6786575E-05
0,240610,8.677421E-05
0,240620,8.676185E-05
0,240630,8.67495E-05
0,240640,8.6737135E-05
0,240650,8.672478E-05
0,240660,8.6712425E-05
0,240670,8.670008E-05
0,240680,8.668773E-05
0,240690,8.6675376E-05
0,240700,8.6663036E-05
0,240710,8.665069E-05
0,240720,8.663835E-05
0,240730,8.662601E-05
0,240740,8.661367E-05
0,240750,8.660133E-05
0,240760,8.6588996E-05
0,240770,8.657666E-05
0,240780,8.656433E-05
0,240790,8.6552E-05
0,240800,8.653967E-05
0,240810,8.652735E-05
0,240820,8.651502E-05
0,240830,8.6502696E-05
0,240840,8.649038E-05
0,240850,8.647806E-05
0,240860,8.646574E-05
0,240870,8.645342E-05
0,240880,8.644111E-05
0,240890,8.6428794E-05
0,240900,8.641649E-05
0,240910,8.640418E-05
0,240920,8.639187E-05
0,240930,8.6379565E-05
0,240940,8.636726E-05
0,240950,8.6354965E-05
0,240960,8.634266E-05
0,240970,8.6330365E-05
0,240980,8.631807E-05
0,240990,8.630577E-05
0,241000,8.629348E-05
0,241010,8.6281194E-05
0,241020,8.6268905E-05
0,241030,8.6256616E-05
0,241040,8.624433E-05
0,241050,8.6232045E-05
0,241060,8.621976E-05
0,241070,8.620748E-05
0,241080,8.619521E-05
0,241090,8.618293E-05
0,241100,8.617066E-05
0,241110,8.615838E-05
0,241120,8.614611E-05
0,241130,8.613384E-05
0,241140,8.6121574E-05
0,241150,8.610931E-05
0,241160,8.609705E-05
0,241170,8.608478E-05
0,241180,8.607252E-05
0,241190,8.606027E-05
0,241200,8.604801E-05
0,241210,8.6035754E-05
0,241220,8.60235E-05
0,241230,8.601125E-05
0,241240,8.5998996E-05
0,241250,8.598675E-05
0,241260,8.5974505E-05
0,241270,8.596226E-05
0,241280,8.5950014E-05
0,241290,8.5937776E-05
0,241300,8.592554E-05
0,241310,8.59133E-05
0,241320,8.590106E-05
0,241330,8.588883E-05
0,241340,8.58766E-05
0,241350,8.586437E-05
0,241360,8.585214E-05
0,241370,8.5839914E-05
0,241380,8.582769E-05
0,241390,8.581547E-05
0,241400,8.580324E-05
0,241410,8.579103E-05
0,241420,8.577881E-05
0,241430,8.5766595E-05
0,241440,8.575438E-05
0,241450,8.574216E-05
0,241460,8.572995E-05
0,241470,8.5717744E-05
0,241480,8.570554E-05
0,241490,8.569333E-05
0,241500,8.568113E-05
0,241510,8.566893E-05
0,241520,8.565673E-05
0,241530,8.564453E-05
0,241540,8.563233E-05
0,241550,8.562014E-05
0,241560,8.560795E-05
0,241570,8.5595755E-05
0,241580,8.558357E-05
0,241590,8.557138E-05
0,241600,8.555919E-05
0,241610,8.5547006E-05
0,241620,8.5534826E-05
0,241630,8.5522646E-05
0,241640,8.5510466E-05
0,241650,8.549829E-05
0,241660,8.5486114E-05
0,241670,8.547394E-05
0,241680,8.546177E-05
0,241690,8.54496E-05
0,241700,8.543743E-05
0,241710,8.5425265E-05
0,241720,8.54131E-05
0,241730,8.540094E-05
0,241740,8.5388776E-05
0,241750,8.537662E-05
0,241760,8.536446E-05
0,241770,8.535231E-05
0,241780,8.534015E-05
0,241790,8.5328E-05
0,241800,8.531585E-05
0,241810,8.53037E-05
0,241820,8.5291555E-05
0,241830,8.527941E-05
0,241840,8.526727E-05
0,241850,8.5255124E-05
0,241860,8.524298E-05
0,241870,8.5230844E-05
0,241880,8.521871E-05
0,241890,8.520657E-05
0,241900,8.519444E-05
0,241910,8.518231E-05
0,241920,8.5170184E-05
0,241930,8.5158055E-05
0,241940,8.5145926E-05
0,241950,8.5133805E-05
0,241960,8.512168E-05
0,241970,8.510956E-05
0,241980,8.509745E-05
0,241990,8.5085325E-05
0,242000,8.507321E-05
0,242010,8.5061096E-05
0,242020,8.504899E-05
0,242030,8.5036874E-05
0,242040,8.502477E-05
0,242050,8.501266E-05
0,242060,8.500056E-05
0,242070,8.498845E-05
0,242080,8.497635E-05
0,242090,8.496425E-05
0,242100,8.495215E-05
0,242110,8.494006E-05
0,242120,8.492797E-05
0,242130,8.4915875E-05
0,242140,8.490378E-05
0,242150,8.48917E-05
0,242160,8.487961E-05
0,242170,8.4867526E-05
0,242180,8.485544E-05
0,242190,8.4843356E-05
0,242200,8.483128E-05
0,242210,8.48192E-05
0,242220,8.480712E-05
0,242230,8.479505E-05
0,242240,8.478297E-05
0,242250,8.47709E-05
0,242260,8.475884E-05
0,242270,8.474677E-05
0,242280,8.4734704E-05
0,242290,8.472263E-05
0,242300,8.471058E-05
0,242310,8.469851E-05
0,242320,8.468646E-05
0,242330,8.46744E-05
0,242340,8.4662344E-05
0,242350,8.465029E-05
0,242360,8.463824E-05
0,242370,8.462618E-05
0,242380,8.461414E-05
0,242390,8.460209E-05
0,242400,8.459004E-05
0,242410,8.4578E-05
0,242420,8.456596E-05
0,242430,8.455392E-05
0,242440,8.454188E-05
0,242450,8.452985E-05
0,242460,8.4517815E-05
0,242470,8.450578E-05
0,242480,8.4493746E-05
0,242490,8.448172E-05
0,242500,8.446969E-05
0,242510,8.4457664E-05
0,242520,8.4445644E-05
0,242530,8.443362E-05
0,242540,8.44216E-05
0,242550,8.4409585E-05
0,242560,8.4397565E-05
0,242570,8.438555E-05
0,242580,8.437353E-05
0,242590,8.436153E-05
0,242600,8.4349515E-05
0,242610,8.433751E-05
0,242620,8.43255E-05
0,242630,8.431349E-05
0,242640,8.430149E-05
0,242650,8.428949E-05
0,242660,8.427749E-05
0,242670,8.426549E-05
0,242680,8.4253494E-05
0,242690,8.42415E-05
0,242700,8.422951E-05
0,242710,8.421752E-05
0,242720,8.420553E-05
0,242730,8.419354E-05
0,242740,8.4181556E-05
0,242750,8.416957E-05
0,242760,8.415759E-05
0,242770,8.414561E-05
0,242780,8.413363E-05
0,242790,8.412165E-05
0,242800,8.410968E-05
0,242810,8.409771E-05
0,242820,8.408573E-05
0,242830,8.407376E-05
0,242840,8.4061794E-05
0,242850,8.404983E-05
0,242860,8.403786E-05
0,242870,8.40259E-05
0,242880,8.401394E-05
0,242890,8.400198E-05
0,242900,8.3990024E-05
0,242910,8.397807E-05
0,242920,8.3966115E-05
0,242930,8.395416E-05
0,242940,8.3942214E-05
0,242950,8.393026E-05
0,242960,8.391831E-05
0,242970,8.3906365E-05
0,242980,8.3894425E-05
0,242990,8.3882485E-05
0,243000,8.3870545E-05
0,243010,8.3858606E-05
0,243020,8.3846666E-05
0,243030,8.383473E-05
0,243040,8.38228E-05
0,243050,8.381087E-05
0,243060,8.3798936E-05
0,243070,8.378701E-05
0,243080,8.3775085E-05
0,243090,8.376316E-05
0,243100,8.3751234E-05
0,243110,8.373931E-05
0,243120,8.372739E-05
0,243130,8.371547E-05
0,243140,8.3703555E-05
0,243150,8.3691644E-05
0,243160,8.367973E-05
0,243170,8.366782E-05
0,243180,8.365591E-05
0,243190,8.3644E-05
0,243200,8.36321E-05
0,243210,8.3620194E-05
0,243220,8.360829E-05
0,243230,8.3596395E-05
0,243240,8.358449E-05
0,243250,8.3572595E-05
0,243260,8.35607E-05
0,243270,8.35488E-05
0,243280,8.3536914E-05
0,243290,8.3525025E-05
0,243300,8.3513136E-05
0,243310,8.350125E-05
0,243320,8.3489365E-05
0,243330,8.3477484E-05
0,243340,8.34656E-05
0,243350,8.345372E-05
0,243360,8.344184E-05
0,243370,8.3429964E-05
0,243380,8.341809E-05
0,243390,8.3406216E-05
0,243400,8.339435E-05
0,243410,8.3382474E-05
0,243420,8.337061E-05
0,243430,8.335874E-05
0,243440,8.334688E-05
0,243450,8.333501E-05
0,243460,8.332315E-05
0,243470,8.331129E-05
0,243480,8.329944E-05
0,243490,8.328758E-05
0,243500,8.327573E-05
0,243510,8.3263876E-05
0,243520,8.325202E-05
0,243530,8.324018E-05
0,243540,8.322833E-05
0,243550,8.321649E-05
0,243560,8.320464E-05
0,243570,8.31928E-05
0,243580,8.318096E-05
0,243590,8.316912E-05
0,243600,8.315728E-05
0,243610,8.3145445E-05
0,243620,8.3133615E-05
0,243630,8.3121784E-05
0,243640,8.310995E-05
0,243650,8.309812E-05
0,243660,8.30863E-05
0,243670,8.3074476E-05
0,243680,8.306265E-05
0,243690,8.305083E-05
0,243700,8.303901E-05
0,243710,8.302719E-05
0,243720,8.301537E-05
0,243730,8.3003564E-05
0,243740,8.299175E-05
0,243750,8.297994E-05
0,243760,8.296813E-05
0,243770,8.295632E-05
0,243780,8.294451E-05
0,243790,8.293271E-05
0,243800,8.292091E-05
0,243810,8.290911E-05
0,243820,8.2897306E-05
0,243830,8.288551E-05
0,243840,8.287372E-05
0,243850,8.286192E-05
0,243860,8.285013E-05
0,243870,8.283834E-05
0,243880,8.2826555E-05
0,243890,8.281477E-05
0,243900,8.280298E-05
0,243910,8.279119E-05
0,243920,8.2779414E-05
0,243930,8.2767634E-05
0,243940,8.2755854E-05
0,243950,8.2744074E-05
0,243960,8.27323E-05
0,243970,8.272053E-05
0,243980,8.270876E-05
0,243990,8.269699E-05
0,244000,8.268522E-05
0,244010,8.2673454E-05
0,244020,8.266169E-05
0,244030,8.264992E-05
0,244040,8.2638166E-05
0,244050,8.262641E-05
0,244060,8.261465E-05
0,244070,8.260289E-05
0,244080,8.2591134E-05
0,244090,8.257938E-05
0,244100,8.256763E-05
0,244110,8.255588E-05
0,244120,8.254414E-05
0,244130,8.253239E-05
0,244140,8.2520644E-05
0,244150,8.25089E-05
0,244160,8.2497165E-05
0,244170,8.248542E-05
0,244180,8.2473685E-05
0,244190,8.246195E-05
0,244200,8.245021E-05
0,244210,8.2438484E-05
0,244220,8.2426755E-05
0,244230,8.241503E-05
0,244240,8.24033E-05
0,244250,8.239157E-05
0,244260,8.237985E-05
0,244270,8.2368126E-05
0,244280,8.2356404E-05
0,244290,8.234468E-05
0,244300,8.233297E-05
0,244310,8.2321254E-05
0,244320,8.230954E-05
0,244330,8.2297825E-05
0,244340,8.228612E-05
0,244350,8.227441E-05
0,244360,8.2262704E-05
0,244370,8.2251E-05
0,244380,8.223929E-05
0,244390,8.222759E-05
0,244400,8.221589E-05
0,244410,8.220419E-05
0,244420,8.21925E-05
0,244430,8.21808E-05
0,244440,8.216911E-05
0,244450,8.215742E-05
0,244460,8.214573E-05
0,244470,8.2134036E-05
0,244480,8.212235E-05
0,244490,8.2110666E-05
0,244500,8.209899E-05
0,244510,8.20873E-05
0,244520,8.2075625E-05
0,244530,8.206395E-05
0,244540,8.205227E-05
0,244550,8.20406E-05
0,244560,8.202892E-05
0,244570,8.201725E-05
0,244580,8.200558E-05
0,244590,8.1993916E-05
0,244600,8.198225E-05
0,244610,8.197058E-05
0,244620,8.195892E-05
0,244630,8.194726E-05
0,244640,8.19356E-05
0,244650,8.192394E-05
0,244660,8.191229E-05
0,244670,8.190063E-05
0,244680,8.188898E-05
0,244690,8.187733E-05
0,244700,8.1865684E-05
0,244710,8.1854036E-05
0,244720,8.184239E-05
0,244730,8.1830745E-05
0,244740,8.1819104E-05
0,244750,8.180746E-05
0,244760,8.179582E-05
0,244770,8.178419E-05
0,244780,8.177255E-05
0,244790,8.176092E-05
0,244800,8.1749284E-05
0,244810,8.173766E-05
0,244820,8.172602E-05
0,244830,8.1714395E-05
0,244840,8.1702776E-05
0,244850,8.169115E-05
0,244860,8.167953E-05
0,244870,8.166791E-05
0,244880,8.165629E-05
0,244890,8.164467E-05
0,244900,8.163306E-05
0,244910,8.162144E-05
0,244920,8.160983E-05
0,244930,8.159822E-05
0,244940,8.158661E-05
0,244950,8.1575E-05
0,244960,8.15634E-05
0,244970,8.155179E-05
0,244980,8.1540195E-05
0,244990,8.15286E-05
0,245000,8.151699E-05
0,245010,8.15054E-05
0,245020,8.14938E-05
0,245030,8.148221E-05
0,245040,8.1470615E-05
0,245050,8.145903E-05
0,245060,8.144744E-05
0,245070,8.143585E-05
0,245080,8.142427E-05
0,245090,8.141268E-05
0,245100,8.14011E-05
0,245110,8.1389524E-05
0,245120,8.137795E-05
0,245130,8.136637E-05
0,245140,8.1354796E-05
0,245150,8.134322E-05
0,245160,8.133165E-05
0,245170,8.132008E-05
0,245180,8.130851E-05
0,245190,8.1296945E-05
0,245200,8.128538E-05
0,245210,8.1273814E-05
0,245220,8.126225E-05
0,245230,8.12507E-05
0,245240,8.123914E-05
0,245250,8.122758E-05
0,245260,8.121603E-05
0,245270,8.1204475E-05
0,245280,8.119292E-05
0,245290,8.118137E-05
0,245300,8.116983E-05
0,245310,8.115828E-05
0,245320,8.114673E-05
0,245330,8.113519E-05
0,245340,8.1123646E-05
0,245350,8.1112106E-05
0,245360,8.1100574E-05
0,245370,8.1089034E-05
0,245380,8.10775E-05
0,245390,8.106597E-05
0,245400,8.105444E-05
0,245410,8.1042905E-05
0,245420,8.103138E-05
0,245430,8.1019854E-05
0,245440,8.100833E-05
0,245450,8.0996804E-05
0,245460,8.0985286E-05
0,245470,8.097376E-05
0,245480,8.096224E-05
0,245490,8.095073E-05
0,245500,8.0939215E-05
0,245510,8.0927704E-05
0,245520,8.0916194E-05
0,245530,8.090468E-05
0,245540,8.089317E-05
0,245550,8.088167E-05
0,245560,8.0870166E-05
0,245570,8.085866E-05
0,245580,8.084716E-05
0,245590,8.083566E-05
0,245600,8.082416E-05
0,245610,8.0812664E-05
0,245620,8.0801175E-05
0,245630,8.078968E-05
0,245640,8.077819E-05
0,245650,8.07667E-05
0,245660,8.075521E-05
0,245670,8.0743725E-05
0,245680,8.073224E-05
0,245690,8.072076E-05
0,245700,8.070928E-05
0,245710,8.06978E-05
0,245720,8.068632E-05
0,245730,8.067484E-05
0,245740,8.066337E-05
0,245750,8.0651895E-05
0,245760,8.064043E-05
0,245770,8.062895E-05
0,245780,8.061749E-05
0,245790,8.060602E-05
0,245800,8.059456E-05
0,245810,8.058309E-05
0,245820,8.057163E-05
0,245830,8.0560174E-05
0,245840,8.0548714E-05
0,245850,8.053726E-05
0,245860,8.052581E-05
0,245870,8.051436E-05
0,245880,8.0502905E-05
0,245890,8.049145E-05
0,245900,8.048001E-05
0,245910,8.046856E-05
0,245920,8.045712E-05
0,245930,8.044567E-05
0,245940,8.0434234E-05
0,245950,8.042279E-05
0,245960,8.041135E-05
0,245970,8.039992E-05
0,245980,8.038848E-05
0,245990,8.037705E-05
0,246000,8.036562E-05
0,246010,8.035419E-05
0,246020,8.034276E-05
0,246030,8.033134E-05
0,246040,8.0319915E-05
0,246050,8.030849E-05
0,246060,8.029707E-05
0,246070,8.0285645E-05
0,246080,8.027423E-05
0,246090,8.026281E-05
0,246100,8.02514E-05
0,246110,8.023999E-05
0,246120,8.022857E-05
0,246130,8.021716E-05
0,246140,8.0205755E-05
0,246150,8.019435E-05
0,246160,8.0182945E-05
0,246170,8.017154E-05
0,246180,8.016014E-05
0,246190,8.014874E-05
0,246200,8.0137346E-05
0,246210,8.012595E-05
0,246220,8.011455E-05
0,246230,8.0103164E-05
0,246240,8.009177E-05
0,246250,8.008038E-05
0,246260,8.006899E-05
0,246270,8.005761E-05
0,246280,8.004622E-05
0,246290,8.0034835E-05
0,246300,8.0023456E-05
0,246310,8.0012076E-05
0,246320,8.00007E-05
0,246330,7.9989324E-05
0,246340,7.9977945E-05
0,246350,7.996657E-05
0,246360,7.99552E-05
0,246370,7.9943835E-05
0,246380,7.993246E-05
0,246390,7.99211E-05
0,246400,7.990973E-05
0,246410,7.989837E-05
0,246420,7.988701E-05
0,246430,7.9875645E-05
0,246440,7.986429E-05
0,246450,7.9852936E-05
0,246460,7.984158E-05
0,246470,7.983023E-05
0,246480,7.981887E-05
0,246490,7.980752E-05
0,246500,7.979618E-05
0,246510,7.9784826E-05
0,246520,7.977348E-05
0,246530,7.976214E-05
0,246540,7.97508E-05
0,246550,7.973946E-05
0,246560,7.972812E-05
0,246570,7.971678E-05
0,246580,7.9705445E-05
0,246590,7.969412E-05
0,246600,7.968278E-05
0,246610,7.967145E-05
0,246620,7.966012E-05
0,246630,7.9648795E-05
0,246640,7.963747E-05
0,246650,7.9626145E-05
0,246660,7.961482E-05
0,246670,7.96035E-05
0,246680,7.959219E-05
0,246690,7.958087E-05
0,246700,7.956955E-05
0,246710,7.955824E-05
0,246720,7.9546924E-05
0,246730,7.953562E-05
0,246740,7.952431E-05
0,246750,7.9512996E-05
0,246760,7.95017E-05
0,246770,7.949039E-05
0,246780,7.947909E-05
0,246790,7.946778E-05
0,246800,7.945649E-05
0,246810,7.944519E-05
0,246820,7.943389E-05
0,246830,7.94226E-05
0,246840,7.941131E-05
0,246850,7.9400015E-05
0,246860,7.938873E-05
0,246870,7.937744E-05
0,246880,7.936615E-05
0,246890,7.935487E-05
0,246900,7.934359E-05
0,246910,7.9332305E-05
0,246920,7.932103E-05
0,246930,7.930975E-05
0,246940,7.929847E-05
0,246950,7.92872E-05
0,246960,7.9275924E-05
0,246970,7.926465E-05
0,246980,7.925338E-05
0,246990,7.924212E-05
0,247000,7.923085E-05
0,247010,7.9219586E-05
0,247020,7.920832E-05
0,247030,7.919706E-05
0,247040,7.9185804E-05
0,247050,7.917455E-05
0,247060,7.9163285E-05
0,247070,7.9152036E-05
0,247080,7.914078E-05
0,247090,7.912953E-05
0,247100,7.9118276E-05
0,247110,7.910703E-05
0,247120,7.9095786E-05
0,247130,7.908454E-05
0,247140,7.9073296E-05
0,247150,7.9062054E-05
0,247160,7.905081E-05
0,247170,7.903957E-05
0,247180,7.902834E-05
0,247190,7.90171E-05
0,247200,7.900587E-05
0,247210,7.8994635E-05
0,247220,7.898341E-05
0,247230,7.897218E-05
0,247240,7.896095E-05
0,247250,7.894973E-05
0,247260,7.89385E-05
0,247270,7.892728E-05
0,247280,7.891606E-05
0,247290,7.890484E-05
0,247300,7.889362E-05
0,247310,7.888241E-05
0,247320,7.887119E-05
0,247330,7.885998E-05
0,247340,7.884877E-05
0,247350,7.883756E-05
0,247360,7.882636E-05
0,247370,7.8815145E-05
0,247380,7.880395E-05
0,247390,7.879274E-05
0,247400,7.878154E-05
0,247410,7.877034E-05
0,247420,7.875914E-05
0,247430,7.8747944E-05
0,247440,7.873675E-05
0,247450,7.8725556E-05
0,247460,7.8714365E-05
0,247470,7.8703175E-05
0,247480,7.869199E-05
0,247490,7.86808E-05
0,247500,7.866962E-05
0,247510,7.8658435E-05
0,247520,7.864725E-05
0,247530,7.8636076E-05
0,247540,7.86249E-05
0,247550,7.861372E-05
0,247560,7.860255E-05
0,247570,7.859137E-05
0,247580,7.85802E-05
0,247590,7.856903E-05
0,247600,7.855786E-05
0,247610,7.85467E-05
0,247620,7.853553E-05
0,247630,7.852437E-05
0,247640,7.851321E-05
0,247650,7.8502046E-05
0,247660,7.8490884E-05
0,247670,7.847973E-05
0,247680,7.846857E-05
0,247690,7.8457415E-05
0,247700,7.844627E-05
0,247710,7.8435114E-05
0,247720,7.842397E-05
0,247730,7.841282E-05
0,247740,7.8401674E-05
0,247750,7.839053E-05
0,247760,7.837939E-05
0,247770,7.836825E-05
0,247780,7.835711E-05
0,247790,7.834597E-05
0,247800,7.833483E-05
0,247810,7.83237E-05
0,247820,7.8312565E-05
0,247830,7.830143E-05
0,247840,7.82903E-05
0,247850,7.8279176E-05
0,247860,7.826805E-05
0,247870,7.8256926E-05
0,247880,7.82458E-05
0,247890,7.823468E-05
0,247900,7.822356E-05
0,247910,7.821244E-05
0,247920,7.820132E-05
0,247930,7.819021E-05
0,247940,7.8179095E-05
0,247950,7.8167985E-05
0,247960,7.8156874E-05
0,247970,7.8145764E-05
0,247980,7.813466E-05
0,247990,7.812355E-05
0,248000,7.811245E-05
0,248010,7.810135E-05
0,248020,7.809025E-05
0,248030,7.8079145E-05
0,248040,7.806805E-05
0,248050,7.805695E-05
0,248060,7.804586E-05
0,248070,7.803477E-05
0,248080,7.802368E-05
0,248090,7.801259E-05
0,248100,7.80015E-05
0,248110,7.7990415E-05
0,248120,7.797933E-05
0,248130,7.7968245E-05
0,248140,7.7957164E-05
0,248150,7.794609E-05
0,248160,7.793501E-05
0,248170,7.7923934E-05
0,248180,7.791286E-05
0,248190,7.790179E-05
0,248200,7.789071E-05
0,248210,7.7879646E-05
0,248220,7.786857E-05
0,248230,7.7857505E-05
0,248240,7.7846445E-05
0,248250,7.783538E-05
0,248260,7.782432E-05
0,248270,7.781326E-05
0,248280,7.78022E-05
0,248290,7.779114E-05
0,248300,7.778009E-05
0,248310,7.776903E-05
0,248320,7.775798E-05
0,248330,7.774693E-05
0,248340,7.773588E-05
0,248350,7.7724835E-05
0,248360,7.771378E-05
0,248370,7.7702745E-05
0,248380,7.76917E-05
0,248390,7.7680656E-05
0,248400,7.766962E-05
0,248410,7.765858E-05
0,248420,7.764754E-05
0,248430,7.763651E-05
0,248440,7.7625475E-05
0,248450,7.7614444E-05
0,248460,7.7603414E-05
0,248470,7.759239E-05
0,248480,7.758136E-05
0,248490,7.757034E-05
0,248500,7.7559314E-05
0,248510,7.754829E-05
0,248520,7.753727E-05
0,248530,7.752625E-05
0,248540,7.751524E-05
0,248550,7.750422E-05
0,248560,7.7493205E-05
0,248570,7.74822E-05
0,248580,7.747118E-05
0,248590,7.746017E-05
0,248600,7.7449164E-05
0,248610,7.743816E-05
0,248620,7.7427154E-05
0,248630,7.741615E-05
0,248640,7.740515E-05
0,248650,7.739416E-05
0,248660,7.7383156E-05
0,248670,7.737216E-05
0,248680,7.736117E-05
0,248690,7.7350174E-05
0,248700,7.733918E-05
0,248710,7.732819E-05
0,248720,7.73172E-05
0,248730,7.730621E-05
0,248740,7.729523E-05
0,248750,7.728425E-05
0,248760,7.727327E-05
0,248770,7.726229E-05
0,248780,7.725131E-05
0,248790,7.724033E-05
0,248800,7.722936E-05
0,248810,7.721838E-05
0,248820,7.7207405E-05
0,248830,7.719644E-05
0,248840,7.718547E-05
0,248850,7.71745E-05
0,248860,7.716354E-05
0,248870,7.7152574E-05
0,248880,7.714161E-05
0,248890,7.7130644E-05
0,248900,7.711969E-05
0,248910,7.710873E-05
0,248920,7.709777E-05
0,248930,7.708682E-05
0,248940,7.707586E-05
0,248950,7.706491E-05
0,248960,7.705396E-05
0,248970,7.704301E-05
0,248980,7.703207E-05
0,248990,7.7021126E-05
0,249000,7.7010176E-05
0,249010,7.699924E-05
0,249020,7.69883E-05
0,249030,7.697736E-05
0,249040,7.696642E-05
0,249050,7.695548E-05
0,249060,7.6944554E-05
0,249070,7.693362E-05
0,249080,7.692269E-05
0,249090,7.691176E-05
0,249100,7.690083E-05
0,249110,7.6889904E-05
0,249120,7.687898E-05
0,249130,7.6868055E-05
0,249140,7.685713E-05
0,249150,7.684621E-05
0,249160,7.68353E-05
0,249170,7.6824384E-05
0,249180,7.681346E-05
0,249190,7.680255E-05
0,249200,7.679164E-05
0,249210,7.678073E-05
0,249220,7.676982E-05
0,249230,7.6758915E-05
0,249240,7.674801E-05
0,249250,7.67371E-05
0,249260,7.67262E-05
0,249270,7.67153E-05
0,249280,7.6704404E-05
0,249290,7.6693505E-05
0,249300,7.668261E-05
0,249310,7.667171E-05
0,249320,7.666082E-05
0,249330,7.664993E-05
0,249340,7.6639044E-05
0,249350,7.662815E-05
0,249360,7.661727E-05
0,249370,7.660638E-05
0,249380,7.65955E-05
0,249390,7.658461E-05
0,249400,7.6573735E-05
0,249410,7.656286E-05
0,249420,7.655198E-05
0,249430,7.65411E-05
0,249440,7.653023E-05
0,249450,7.651936E-05
0,249460,7.6508484E-05
0,249470,7.649762E-05
0,249480,7.648675E-05
0,249490,7.647589E-05
0,249500,7.646502E-05
0,249510,7.6454155E-05
0,249520,7.64433E-05
0,249530,7.6432436E-05
0,249540,7.642158E-05
0,249550,7.6410724E-05
0,249560,7.639987E-05
0,249570,7.638901E-05
0,249580,7.6378165E-05
0,249590,7.636731E-05
0,249600,7.635646E-05
0,249610,7.634562E-05
0,249620,7.633477E-05
0,249630,7.632393E-05
0,249640,7.631308E-05
0,249650,7.630225E-05
0,249660,7.6291406E-05
0,249670,7.6280565E-05
0,249680,7.626973E-05
0,249690,7.62589E-05
0,249700,7.624806E-05
0,249710,7.623723E-05
0,249720,7.62264E-05
0,249730,7.6215576E-05
0,249740,7.620475E-05
0,249750,7.619392E-05
0,249760,7.6183096E-05
0,249770,7.617228E-05
0,249780,7.616146E-05
0,249790,7.615064E-05
0,249800,7.613982E-05
0,249810,7.612901E-05
0,249820,7.6118195E-05
0,249830,7.610738E-05
0,249840,7.609657E-05
0,249850,7.608576E-05
0,249860,7.607495E-05
0,249870,7.606414E-05
0,249880,7.605334E-05
0,249890,7.604254E-05
0,249900,7.6031734E-05
0,249910,7.602094E-05
0,249920,7.601014E-05
0,249930,7.599934E-05
0,249940,7.5988544E-05
0,249950,7.5977754E-05
0,249960,7.596696E-05
0,249970,7.5956166E-05
0,249980,7.594538E-05
0,249990,7.593459E-05
0,250000,7.592381E-05
0,250010,7.591302E-05
0,250020,7.590224E-05
0,250030,7.589146E-05
0,250040,7.588068E-05
0,250050,7.58699E-05
0,250060,7.585913E-05
0,250070,7.584835E-05
0,250080,7.5837575E-05
0,250090,7.582681E-05
0,250100,7.581604E-05
0,250110,7.580527E-05
0,250120,7.57945E-05
0,250130,7.578373E-05
0,250140,7.577297E-05
0,250150,7.576221E-05
0,250160,7.575145E-05
0,250170,7.574069E-05
0,250180,7.572993E-05
0,250190,7.5719174E-05
0,250200,7.570842E-05
0,250210,7.5697666E-05
0,250220,7.568692E-05
0,250230,7.5676166E-05
0,250240,7.566542E-05
0,250250,7.565467E-05
0,250260,7.5643926E-05
0,250270,7.563318E-05
0,250280,7.562244E-05
0,250290,7.56117E-05
0,250300,7.560096E-05
0,250310,7.559022E-05
0,250320,7.557949E-05
0,250330,7.556875E-05
0,250340,7.555802E-05
0,250350,7.5547294E-05
0,250360,7.553656E-05
0,250370,7.552583E-05
0,250380,7.5515105E-05
0,250390,7.550438E-05
0,250400,7.5493655E-05
0,250410,7.548294E-05
0,250420,7.547221E-05
0,250430,7.5461496E-05
0,250440,7.545078E-05
0,250450,7.544007E-05
0,250460,7.542935E-05
0,250470,7.541864E-05
0,250480,7.540793E-05
0,250490,7.539722E-05
0,250500,7.538651E-05
0,250510,7.537581E-05
0,250520,7.5365104E-05
0,250530,7.53544E-05
0,250540,7.53437E-05
0,250550,7.5332995E-05
0,250560,7.53223E-05
0,250570,7.5311604E-05
0,250580,7.530091E-05
0,250590,7.529021E-05
0,250600,7.527952E-05
0,250610,7.526883E-05
0,250620,7.525814E-05
0,250630,7.524745E-05
0,250640,7.523676E-05
0,250650,7.522608E-05
0,250660,7.52154E-05
0,250670,7.520472E-05
0,250680,7.519404E-05
0,250690,7.518336E-05
0,250700,7.5172684E-05
0,250710,7.516201E-05
0,250720,7.5151336E-05
0,250730,7.514066E-05
0,250740,7.512999E-05
0,250750,7.511932E-05
0,250760,7.5108655E-05
0,250770,7.509799E-05
0,250780,7.508732E-05
0,250790,7.507666E-05
0,250800,7.5066004E-05
0,250810,7.5055344E-05
0,250820,7.5044685E-05
0,250830,7.5034026E-05
0,250840,7.5023374E-05
0,250850,7.501272E-05
0,250860,7.500207E-05
0,250870,7.499142E-05
0,250880,7.4980766E-05
0,250890,7.497012E-05
0,250900,7.495948E-05
0,250910,7.494883E-05
0,250920,7.493819E-05
0,250930,7.492755E-05
0,250940,7.4916905E-05
0,250950,7.490627E-05
0,250960,7.489564E-05
0,250970,7.4885E-05
0,250980,7.487436E-05
0,250990,7.486373E-05
0,251000,7.48531E-05
0,251010,7.484247E-05
0,251020,7.483185E-05
0,251030,7.482122E-05
0,251040,7.4810596E-05
0,251050,7.479997E-05
0,251060,7.478936E-05
0,251070,7.4778734E-05
0,251080,7.476812E-05
0,251090,7.47575E-05
0,251100,7.474689E-05
0,251110,7.473627E-05
0,251120,7.472566E-05
0,251130,7.471505E-05
0,251140,7.470444E-05
0,251150,7.469384E-05
0,251160,7.468323E-05
0,251170,7.467263E-05
0,251180,7.466202E-05
0,251190,7.465142E-05
0,251200,7.4640826E-05
0,251210,7.4630225E-05
0,251220,7.461963E-05
0,251230,7.460904E-05
0,251240,7.459844E-05
0,251250,7.458785E-05
0,251260,7.4577256E-05
0,251270,7.456667E-05
0,251280,7.455608E-05
0,251290,7.4545496E-05
0,251300,7.453492E-05
0,251310,7.452433E-05
0,251320,7.451375E-05
0,251330,7.450317E-05
0,251340,7.449259E-05
0,251350,7.448201E-05
0,251360,7.447144E-05
0,251370,7.446087E-05
0,251380,7.44503E-05
0,251390,7.4439726E-05
0,251400,7.442916E-05
0,251410,7.441859E-05
0,251420,7.4408024E-05
0,251430,7.439746E-05
0,251440,7.43869E-05
0,251450,7.437634E-05
0,251460,7.436578E-05
0,251470,7.435522E-05
0,251480,7.4344665E-05
0,251490,7.433411E-05
0,251500,7.432356E-05
0,251510,7.431301E-05
0,251520,7.430246E-05
0,251530,7.429191E-05
0,251540,7.428136E-05
0,251550,7.4270814E-05
0,251560,7.426027E-05
0,251570,7.424973E-05
0,251580,7.4239186E-05
0,251590,7.422864E-05
0,251600,7.421811E-05
0,251610,7.420757E-05
0,251620,7.4197036E-05
0,251630,7.41865E-05
0,251640,7.417597E-05
0,251650,7.4165444E-05
0,251660,7.4154916E-05
0,251670,7.414439E-05
0,251680,7.413386E-05
0,251690,7.412334E-05
0,251700,7.411281E-05
0,251710,7.410229E-05
0,251720,7.4091775E-05
0,251730,7.4081254E-05
0,251740,7.407074E-05
0,251750,7.406022E-05
0,251760,7.4049705E-05
0,251770,7.40392E-05
0,251780,7.4028685E-05
0,251790,7.401818E-05
0,251800,7.400767E-05
0,251810,7.3997166E-05
0,251820,7.398666E-05
0,251830,7.397616E-05
0,251840,7.396565E-05
0,251850,7.3955154E-05
0,251860,7.3944655E-05
0,251870,7.393416E-05
0,251880,7.3923664E-05
0,251890,7.391317E-05
0,251900,7.390268E-05
0,251910,7.389219E-05
0,251920,7.38817E-05
0,251930,7.387121E-05
0,251940,7.386073E-05
0,251950,7.385024E-05
0,251960,7.383976E-05
0,251970,7.382928E-05
0,251980,7.3818795E-05
0,251990,7.380832E-05
0,252000,7.379784E-05
0,252010,7.378737E-05
0,252020,7.377689E-05
0,252030,7.376642E-05
0,252040,7.375595E-05
0,252050,7.374548E-05
0,252060,7.373501E-05
0,252070,7.372455E-05
0,252080,7.371408E-05
0,252090,7.370362E-05
0,252100,7.3693154E-05
0,252110,7.36827E-05
0,252120,7.3672236E-05
0,252130,7.366178E-05
0,252140,7.3651325E-05
0,252150,7.364087E-05
0,252160,7.363042E-05
0,252170,7.3619965E-05
0,252180,7.360952E-05
0,252190,7.359907E-05
0,252200,7.358862E-05
0,252210,7.357818E-05
0,252220,7.356774E-05
0,252230,7.355729E-05
0,252240,7.354685E-05
0,252250,7.3536416E-05
0,252260,7.3525975E-05
0,252270,7.351554E-05
0,252280,7.350511E-05
0,252290,7.349467E-05
0,252300,7.348424E-05
0,252310,7.347381E-05
0,252320,7.346339E-05
0,252330,7.345296E-05
0,252340,7.3442534E-05
0,252350,7.343211E-05
0,252360,7.342169E-05
0,252370,7.341126E-05
0,252380,7.340084E-05
0,252390,7.339043E-05
0,252400,7.338001E-05
0,252410,7.33696E-05
0,252420,7.335918E-05
0,252430,7.3348776E-05
0,252440,7.3338364E-05
0,252450,7.332795E-05
0,252460,7.331755E-05
0,252470,7.330714E-05
0,252480,7.329674E-05
0,252490,7.3286334E-05
0,252500,7.3275936E-05
0,252510,7.326553E-05
0,252520,7.3255134E-05
0,252530,7.324474E-05
0,252540,7.323435E-05
0,252550,7.322395E-05
0,252560,7.321356E-05
0,252570,7.320317E-05
0,252580,7.319278E-05
0,252590,7.318239E-05
0,252600,7.317201E-05
0,252610,7.3161624E-05
0,252620,7.315124E-05
0,252630,7.314086E-05
0,252640,7.3130475E-05
0,252650,7.31201E-05
0,252660,7.3109724E-05
0,252670,7.309935E-05
0,252680,7.308897E-05
0,252690,7.30786E-05
0,252700,7.306823E-05
0,252710,7.305786E-05
0,252720,7.304749E-05
0,252730,7.3037125E-05
0,252740,7.302676E-05
0,252750,7.3016396E-05
0,252760,7.3006035E-05
0,252770,7.2995674E-05
0,252780,7.298531E-05
0,252790,7.297496E-05
0,252800,7.2964605E-05
0,252810,7.2954244E-05
0,252820,7.29439E-05
0,252830,7.2933544E-05
0,252840,7.292319E-05
0,252850,7.2912844E-05
0,252860,7.29025E-05
0,252870,7.289215E-05
0,252880,7.288181E-05
0,252890,7.2871466E-05
0,252900,7.286113E-05
0,252910,7.285079E-05
0,252920,7.284045E-05
0,252930,7.283012E-05
0,252940,7.281978E-05
0,252950,7.2809446E-05
0,252960,7.2799114E-05
0,252970,7.278878E-05
0,252980,7.277846E-05
0,252990,7.2768125E-05
0,253000,7.27578E-05
0,253010,7.2747476E-05
0,253020,7.273715E-05
0,253030,7.2726834E-05
0,253040,7.271651E-05
0,253050,7.270619E-05
0,253060,7.2695875E-05
0,253070,7.2685565E-05
0,253080,7.267525E-05
0,253090,7.266494E-05
0,253100,7.265463E-05
0,253110,7.264432E-05
0,253120,7.263401E-05
0,253130,7.2623705E-05
0,253140,7.2613395E-05
0,253150,7.260309E-05
0,253160,7.259279E-05
0,253170,7.2582494E-05
0,253180,7.257219E-05
0,253190,7.2561896E-05
0,253200,7.25516E-05
0,253210,7.2541305E-05
0,253220,7.253101E-05
0,253230,7.252072E-05
0,253240,7.251043E-05
0,253250,7.2500145E-05
0,253260,7.248986E-05
0,253270,7.247957E-05
0,253280,7.246929E-05
0,253290,7.2459006E-05
0,253300,7.2448725E-05
0,253310,7.2438444E-05
0,253320,7.242816E-05
0,253330,7.241789E-05
0,253340,7.2407616E-05
0,253350,7.239734E-05
0,253360,7.238707E-05
0,253370,7.2376795E-05
0,253380,7.236653E-05
0,253390,7.235626E-05
0,253400,7.2345996E-05
0,253410,7.233573E-05
0,253420,7.232547E-05
0,253430,7.2315204E-05
0,253440,7.2304945E-05
0,253450,7.2294686E-05
0,253460,7.2284434E-05
0,253470,7.2274175E-05
0,253480,7.226392E-05
0,253490,7.225367E-05
0,253500,7.224342E-05
0,253510,7.223317E-05
0,253520,7.222292E-05
0,253530,7.221267E-05
0,253540,7.220243E-05
0,253550,7.219218E-05
0,253560,7.2181945E-05
0,253570,7.21717E-05
0,253580,7.216146E-05
0,253590,7.2151226E-05
0,253600,7.214099E-05
0,253610,7.213075E-05
0,253620,7.212052E-05
0,253630,7.211029E-05
0,253640,7.210006E-05
0,253650,7.208983E-05
0,253660,7.20796E-05
0,253670,7.206938E-05
0,253680,7.2059156E-05
0,253690,7.204893E-05
0,253700,7.203871E-05
0,253710,7.202849E-05
0,253720,7.201827E-05
0,253730,7.200806E-05
0,253740,7.199784E-05
0,253750,7.1987626E-05
0,253760,7.197741E-05
0,253770,7.19672E-05
0,253780,7.1956994E-05
0,253790,7.1946786E-05
0,253800,7.193658E-05
0,253810,7.192637E-05
0,253820,7.191617E-05
0,253830,7.190597E-05
0,253840,7.189577E-05
0,253850,7.1885566E-05
0,253860,7.187537E-05
0,253870,7.186517E-05
0,253880,7.185498E-05
0,253890,7.1844785E-05
0,253900,7.183459E-05
0,253910,7.1824405E-05
0,253920,7.181422E-05
0,253930,7.180403E-05
0,253940,7.1793846E-05
0,253950,7.178366E-05
0,253960,7.177347E-05
0,253970,7.1763294E-05
0,253980,7.1753115E-05
0,253990,7.1742936E-05
0,254000,7.173276E-05
0,254010,7.1722585E-05
0,254020,7.171241E-05
0,254030,7.1702234E-05
0,254040,7.169207E-05
0,254050,7.16819E-05
0,254060,7.1671726E-05
0,254070,7.166156E-05
0,254080,7.16514E-05
0,254090,7.164123E-05
0,254100,7.1631075E-05
0,254110,7.162091E-05
0,254120,7.161075E-05
0,254130,7.1600596E-05
0,254140,7.159044E-05
0,254150,7.158028E-05
0,254160,7.157013E-05
0,254170,7.155998E-05
0,254180,7.1549824E-05
0,254190,7.153968E-05
0,254200,7.152953E-05
0,254210,7.151939E-05
0,254220,7.150924E-05
0,254230,7.14991E-05
0,254240,7.1488954E-05
0,254250,7.147882E-05
0,254260,7.1468676E-05
0,254270,7.145854E-05
0,254280,7.1448405E-05
0,254290,7.143827E-05
0,254300,7.142814E-05
0,254310,7.1418006E-05
0,254320,7.140788E-05
0,254330,7.139775E-05
0,254340,7.138762E-05
0,254350,7.13775E-05
0,254360,7.136737E-05
0,254370,7.135725E-05
0,254380,7.134713E-05
0,254390,7.133701E-05
0,254400,7.13269E-05
0,254410,7.1316776E-05
0,254420,7.130666E-05
0,254430,7.129655E-05
0,254440,7.1286435E-05
0,254450,7.127633E-05
0,254460,7.1266215E-05
0,254470,7.125611E-05
0,254480,7.1246E-05
0,254490,7.1235896E-05
0,254500,7.12258E-05
0,254510,7.121569E-05
0,254520,7.120559E-05
0,254530,7.119549E-05
0,254540,7.118539E-05
0,254550,7.11753E-05
0,254560,7.116521E-05
0,254570,7.115511E-05
0,254580,7.114502E-05
0,254590,7.1134935E-05
0,254600,7.112484E-05
0,254610,7.111476E-05
0,254620,7.1104674E-05
0,254630,7.109459E-05
0,254640,7.1084505E-05
0,254650,7.107442E-05
0,254660,7.106434E-05
0,254670,7.1054266E-05
0,254680,7.104419E-05
0,254690,7.103411E-05
0,254700,7.102404E-05
0,254710,7.1013965E-05
0,254720,7.1003895E-05
0,254730,7.0993825E-05
0,254740,7.0983755E-05
0,254750,7.097369E-05
0,254760,7.096362E-05
0,254770,7.095356E-05
0,254780,7.09435E-05
0,254790,7.093344E-05
0,254800,7.092338E-05
0,254810,7.0913324E-05
0,254820,7.090327E-05
0,254830,7.089321E-05
0,254840,7.088316E-05
0,254850,7.08731E-05
0,254860,7.0863054E-05
0,254870,7.0853006E-05
0,254880,7.084296E-05
0,254890,7.083291E-05
0,254900,7.082287E-05
0,254910,7.081282E-05
0,254920,7.080278E-05
0,254930,7.079274E-05
0,254940,7.0782706E-05
0,254950,7.0772665E-05
0,254960,7.076263E-05
0,254970,7.07526E-05
0,254980,7.0742564E-05
0,254990,7.073253E-05
0,255000,7.07225E-05
0,255010,7.071247E-05
0,255020,7.0702445E-05
0,255030,7.069242E-05
0,255040,7.068239E-05
0,255050,7.067237E-05
0,255060,7.0662354E-05
0,255070,7.065233E-05
0,255080,7.064231E-05
0,255090,7.06323E-05
0,255100,7.062228E-05
0,255110,7.061227E-05
0,255120,7.0602255E-05
0,255130,7.059224E-05
0,255140,7.058223E-05
0,255150,7.057223E-05
0,255160,7.0562215E-05
0,255170,7.055221E-05
0,255180,7.0542206E-05
0,255190,7.05322E-05
0,255200,7.0522205E-05
0,255210,7.051221E-05
0,255220,7.05022E-05
0,255230,7.049221E-05
0,255240,7.0482216E-05
0,255250,7.047222E-05
0,255260,7.046223E-05
0,255270,7.045224E-05
0,255280,7.044225E-05
0,255290,7.043226E-05
0,255300,7.042228E-05
0,255310,7.041229E-05
0,255320,7.0402304E-05
0,255330,7.039232E-05
0,255340,7.0382346E-05
0,255350,7.037236E-05
0,255360,7.036239E-05
0,255370,7.0352406E-05
0,255380,7.034244E-05
0,255390,7.033246E-05
0,255400,7.032249E-05
0,255410,7.031252E-05
0,255420,7.030255E-05
0,255430,7.029258E-05
0,255440,7.0282615E-05
0,255450,7.0272654E-05
0,255460,7.0262686E-05
0,255470,7.0252725E-05
0,255480,7.0242764E-05
0,255490,7.02328E-05
0,255500,7.022285E-05
0,255510,7.021289E-05
0,255520,7.0202936E-05
0,255530,7.019298E-05
0,255540,7.0183036E-05
0,255550,7.017308E-05
0,255560,7.0163136E-05
0,255570,7.015319E-05
0,255580,7.0143244E-05
0,255590,7.01333E-05
0,255600,7.012335E-05
0,255610,7.011341E-05
0,255620,7.010347E-05
0,255630,7.0093534E-05
0,255640,7.0083595E-05
0,255650,7.007366E-05
0,255660,7.0063725E-05
0,255670,7.005379E-05
0,255680,7.004386E-05
0,255690,7.003393E-05
0,255700,7.0024005E-05
0,255710,7.001407E-05
0,255720,7.000415E-05
0,255730,6.9994225E-05
0,255740,6.99843E-05
0,255750,6.997438E-05
0,255760,6.996446E-05
0,255770,6.995454E-05
0,255780,6.9944625E-05
0,255790,6.993471E-05
0,255800,6.99248E-05
0,255810,6.991488E-05
0,255820,6.990497E-05
0,255830,6.989506E-05
0,255840,6.988515E-05
0,255850,6.987525E-05
0,255860,6.986534E-05
0,255870,6.9855436E-05
0,255880,6.984553E-05
0,255890,6.983563E-05
0,255900,6.982573E-05
0,255910,6.981583E-05
0,255920,6.980594E-05
0,255930,6.979604E-05
0,255940,6.978615E-05
0,255950,6.977625E-05
0,255960,6.976636E-05
0,255970,6.9756476E-05
0,255980,6.974659E-05
0,255990,6.97367E-05
0,256000,6.972681E-05
0,256010,6.971693E-05
0,256020,6.970704E-05
0,256030,6.969716E-05
0,256040,6.968729E-05
0,256050,6.967741E-05
0,256060,6.966753E-05
0,256070,6.965765E-05
0,256080,6.964778E-05
0,256090,6.963791E-05
0,256100,6.962804E-05
0,256110,6.961817E-05
0,256120,6.96083E-05
0,256130,6.9598434E-05
0,256140,6.958857E-05
0,256150,6.95787E-05
0,256160,6.956884E-05
0,256170,6.955898E-05
0,256180,6.954912E-05
0,256190,6.953926E-05
0,256200,6.952941E-05
0,256210,6.951955E-05
0,256220,6.95097E-05
0,256230,6.9499845E-05
0,256240,6.948999E-05
0,256250,6.948014E-05
0,256260,6.94703E-05
0,256270,6.9460446E-05
0,256280,6.94506E-05
0,256290,6.944076E-05
0,256300,6.943091E-05
0,256310,6.9421076E-05
0,256320,6.941123E-05
0,256330,6.9401394E-05
0,256340,6.939156E-05
0,256350,6.938173E-05
0,256360,6.937189E-05
0,256370,6.936206E-05
0,256380,6.935223E-05
0,256390,6.93424E-05
0,256400,6.933257E-05
0,256410,6.932274E-05
0,256420,6.931292E-05
0,256430,6.9303096E-05
0,256440,6.929327E-05
0,256450,6.928345E-05
0,256460,6.927363E-05
0,256470,6.926381E-05
0,256480,6.9254E-05
0,256490,6.924418E-05
0,256500,6.923437E-05
0,256510,6.922455E-05
0,256520,6.9214744E-05
0,256530,6.9204936E-05
0,256540,6.919513E-05
0,256550,6.918532E-05
0,256560,6.917551E-05
0,256570,6.916571E-05
0,256580,6.91559E-05
0,256590,6.91461E-05
0,256600,6.91363E-05
0,256610,6.912651E-05
0,256620,6.911671E-05
0,256630,6.9106914E-05
0,256640,6.909712E-05
0,256650,6.908733E-05
0,256660,6.9077534E-05
0,256670,6.906775E-05
0,256680,6.905796E-05
0,256690,6.9048176E-05
0,256700,6.903839E-05
0,256710,6.90286E-05
0,256720,6.901882E-05
0,256730,6.900904E-05
0,256740,6.899926E-05
0,256750,6.898948E-05
0,256760,6.89797E-05
0,256770,6.896993E-05
0,256780,6.896015E-05
0,256790,6.895038E-05
0,256800,6.894061E-05
0,256810,6.893084E-05
0,256820,6.892107E-05
0,256830,6.891131E-05
0,256840,6.890154E-05
0,256850,6.889178E-05
0,256860,6.8882015E-05
0,256870,6.887225E-05
0,256880,6.886249E-05
0,256890,6.8852736E-05
0,256900,6.884298E-05
0,256910,6.883322E-05
0,256920,6.8823465E-05
0,256930,6.8813715E-05
0,256940,6.8803965E-05
0,256950,6.8794216E-05
0,256960,6.8784466E-05
0,256970,6.8774716E-05
0,256980,6.876497E-05
0,256990,6.8755224E-05
0,257000,6.874548E-05
0,257010,6.8735746E-05
0,257020,6.8726E-05
0,257030,6.871626E-05
0,257040,6.8706526E-05
0,257050,6.869679E-05
0,257060,6.8687055E-05
0,257070,6.867732E-05
0,257080,6.866759E-05
0,257090,6.8657864E-05
0,257100,6.8648136E-05
0,257110,6.863841E-05
0,257120,6.862868E-05
0,257130,6.861895E-05
0,257140,6.860923E-05
0,257150,6.859951E-05
0,257160,6.858979E-05
0,257170,6.858007E-05
0,257180,6.8570356E-05
0,257190,6.8560636E-05
0,257200,6.855092E-05
0,257210,6.854121E-05
0,257220,6.8531495E-05
0,257230,6.852179E-05
0,257240,6.8512076E-05
0,257250,6.850237E-05
0,257260,6.849266E-05
0,257270,6.848296E-05
0,257280,6.847326E-05
0,257290,6.846355E-05
0,257300,6.845385E-05
0,257310,6.8444155E-05
0,257320,6.8434456E-05
0,257330,6.8424764E-05
0,257340,6.8415065E-05
0,257350,6.8405374E-05
0,257360,6.839568E-05
0,257370,6.838599E-05
0,257380,6.83763E-05
0,257390,6.8366615E-05
0,257400,6.835692E-05
0,257410,6.834724E-05
0,257420,6.8337555E-05
0,257430,6.832788E-05
0,257440,6.831819E-05
0,257450,6.8308516E-05
0,257460,6.829884E-05
0,257470,6.828916E-05
0,257480,6.8279485E-05
0,257490,6.8269816E-05
0,257500,6.826014E-05
0,257510,6.825047E-05
0,257520,6.82408E-05
0,257530,6.823113E-05
0,257540,6.822147E-05
0,257550,6.82118E-05
0,257560,6.8202135E-05
0,257570,6.819247E-05
0,257580,6.818281E-05
0,257590,6.8173154E-05
0,257600,6.816349E-05
0,257610,6.815384E-05
0,257620,6.814418E-05
0,257630,6.813453E-05
0,257640,6.812487E-05
0,257650,6.811522E-05
0,257660,6.8105575E-05
0,257670,6.809593E-05
0,257680,6.808628E-05
0,257690,6.807663E-05
0,257700,6.8066984E-05
0,257710,6.805734E-05
0,257720,6.80477E-05
0,257730,6.803806E-05
0,257740,6.802842E-05
0,257750,6.801879E-05
0,257760,6.800915E-05
0,257770,6.7999514E-05
0,257780,6.798988E-05
0,257790,6.7980254E-05
0,257800,6.797062E-05
0,257810,6.7960995E-05
0,257820,6.795136E-05
0,257830,6.7941735E-05
0,257840,6.793212E-05
0,257850,6.792249E-05
0,257860,6.791287E-05
0,257870,6.7903246E-05
0,257880,6.789363E-05
0,257890,6.788401E-05
0,257900,6.7874396E-05
0,257910,6.786478E-05
0,257920,6.7855166E-05
0,257930,6.7845554E-05
0,257940,6.783594E-05
0,257950,6.782633E-05
0,257960,6.781673E-05
0,257970,6.7807116E-05
0,257980,6.779751E-05
0,257990,6.778791E-05
0,258000,6.777831E-05
0,258010,6.7768706E-05
0,258020,6.775911E-05
0,258030,6.774951E-05
0,258040,6.7739915E-05
0,258050,6.773032E-05
0,258060,6.772072E-05
0,258070,6.771113E-05
0,258080,6.770154E-05
0,258090,6.769195E-05
0,258100,6.768236E-05
0,258110,6.767277E-05
0,258120,6.766319E-05
0,258130,6.76536E-05
0,258140,6.764402E-05
0,258150,6.763444E-05
0,258160,6.762486E-05
0,258170,6.761528E-05
0,258180,6.76057E-05
0,258190,6.759613E-05
0,258200,6.758655E-05
0,258210,6.757698E-05
0,258220,6.756741E-05
0,258230,6.755784E-05
0,258240,6.7548266E-05
0,258250,6.75387E-05
0,258260,6.752914E-05
0,258270,6.751957E-05
0,258280,6.751001E-05
0,258290,6.750044E-05
0,258300,6.749088E-05
0,258310,6.748133E-05
0,258320,6.747177E-05
0,258330,6.746221E-05
0,258340,6.745265E-05
0,258350,6.74431E-05
0,258360,6.7433546E-05
0,258370,6.7424E-05
0,258380,6.741445E-05
0,258390,6.74049E-05
0,258400,6.7395355E-05
0,258410,6.738581E-05
0,258420,6.737626E-05
0,258430,6.7366724E-05
0,258440,6.735718E-05
0,258450,6.734764E-05
0,258460,6.73381E-05
0,258470,6.732857E-05
0,258480,6.731903E-05
0,258490,6.73095E-05
0,258500,6.729996E-05
0,258510,6.729043E-05
0,258520,6.7280904E-05
0,258530,6.727137E-05
0,258540,6.726185E-05
0,258550,6.725232E-05
0,258560,6.724279E-05
0,258570,6.723327E-05
0,258580,6.722375E-05
0,258590,6.721423E-05
0,258600,6.720471E-05
0,258610,6.719519E-05
0,258620,6.7185676E-05
0,258630,6.717616E-05
0,258640,6.716665E-05
0,258650,6.715713E-05
0,258660,6.714762E-05
0,258670,6.713811E-05
0,258680,6.712861E-05
0,258690,6.71191E-05
0,258700,6.71096E-05
0,258710,6.710009E-05
0,258720,6.709059E-05
0,258730,6.708109E-05
0,258740,6.707159E-05
0,258750,6.7062094E-05
0,258760,6.705259E-05
0,258770,6.7043096E-05
0,258780,6.70336E-05
0,258790,6.702411E-05
0,258800,6.701462E-05
0,258810,6.700513E-05
0,258820,6.699564E-05
0,258830,6.6986155E-05
0,258840,6.697667E-05
0,258850,6.6967186E-05
0,258860,6.69577E-05
0,258870,6.694822E-05
0,258880,6.693874E-05
0,258890,6.692926E-05
0,258900,6.691978E-05
0,258910,6.69103E-05
0,258920,6.690083E-05
0,258930,6.6891356E-05
0,258940,6.688188E-05
0,258950,6.687241E-05
0,258960,6.6862944E-05
0,258970,6.685348E-05
0,258980,6.684401E-05
0,258990,6.6834546E-05
0,259000,6.682508E-05
0,259010,6.681562E-05
0,259020,6.6806155E-05
0,259030,6.6796696E-05
0,259040,6.678724E-05
0,259050,6.677778E-05
0,259060,6.676833E-05
0,259070,6.675887E-05
0,259080,6.674942E-05
0,259090,6.6739965E-05
0,259100,6.6730514E-05
0,259110,6.672107E-05
0,259120,6.671162E-05
0,259130,6.6702174E-05
0,259140,6.669273E-05
0,259150,6.6683286E-05
0,259160,6.667384E-05
0,259170,6.6664405E-05
0,259180,6.665497E-05
0,259190,6.664552E-05
0,259200,6.6636094E-05
0,259210,6.662666E-05
0,259220,6.661722E-05
0,259230,6.660779E-05
0,259240,6.659836E-05
0,259250,6.658893E-05
0,259260,6.65795E-05
0,259270,6.657007E-05
0,259280,6.656065E-05
0,259290,6.655123E-05
0,259300,6.6541805E-05
0,259310,6.653238E-05
0,259320,6.652296E-05
0,259330,6.6513545E-05
0,259340,6.650412E-05
0,259350,6.649471E-05
0,259360,6.648529E-05
0,259370,6.647588E-05
0,259380,6.646647E-05
0,259390,6.645706E-05
0,259400,6.644765E-05
0,259410,6.643824E-05
0,259420,6.642884E-05
0,259430,6.641943E-05
0,259440,6.641003E-05
0,259450,6.640062E-05
0,259460,6.639122E-05
0,259470,6.638182E-05
0,259480,6.637243E-05
0,259490,6.636303E-05
0,259500,6.6353634E-05
0,259510,6.634424E-05
0,259520,6.633485E-05
0,259530,6.6325454E-05
0,259540,6.631607E-05
0,259550,6.6306675E-05
0,259560,6.629729E-05
0,259570,6.62879E-05
0,259580,6.627852E-05
0,259590,6.626914E-05
0,259600,6.625975E-05
0,259610,6.625037E-05
0,259620,6.6240995E-05
0,259630,6.6231616E-05
0,259640,6.622224E-05
0,259650,6.6212866E-05
0,259660,6.6203494E-05
0,259670,6.619412E-05
0,259680,6.618475E-05
0,259690,6.617538E-05
0,259700,6.616601E-05
0,259710,6.6156645E-05
0,259720,6.614728E-05
0,259730,6.6137916E-05
0,259740,6.612855E-05
0,259750,6.611919E-05
0,259760,6.610983E-05
0,259770,6.6100474E-05
0,259780,6.609112E-05
0,259790,6.608176E-05
0,259800,6.60724E-05
0,259810,6.6063054E-05
0,259820,6.60537E-05
0,259830,6.604435E-05
0,259840,6.6035E-05
0,259850,6.6025656E-05
0,259860,6.6016306E-05
0,259870,6.600696E-05
0,259880,6.5997614E-05
0,259890,6.598827E-05
0,259900,6.597894E-05
0,259910,6.5969594E-05
0,259920,6.596026E-05
0,259930,6.595092E-05
0,259940,6.594158E-05
0,259950,6.593225E-05
0,259960,6.592292E-05
0,259970,6.5913584E-05
0,259980,6.5904256E-05
0,259990,6.589493E-05
0,260000,6.58856E-05
0,260010,6.587627E-05
0,260020,6.5866945E-05
0,260030,6.5857625E-05
0,260040,6.5848304E-05
0,260050,6.583898E-05
0,260060,6.582966E-05
0,260070,6.582034E-05
0,260080,6.581103E-05
0,260090,6.5801716E-05
0,260100,6.5792396E-05
0,260110,6.578309E-05
0,260120,6.577378E-05
0,260130,6.576446E-05
0,260140,6.575516E-05
0,260150,6.574585E-05
0,260160,6.5736545E-05
0,260170,6.572724E-05
0,260180,6.571793E-05
0,260190,6.5708635E-05
0,260200,6.5699336E-05
0,260210,6.569004E-05
0,260220,6.568074E-05
0,260230,6.567144E-05
0,260240,6.566215E-05
0,260250,6.565285E-05
0,260260,6.564356E-05
0,260270,6.563427E-05
0,260280,6.562498E-05
0,260290,6.561569E-05
0,260300,6.560641E-05
0,260310,6.559712E-05
0,260320,6.558784E-05
0,260330,6.5578555E-05
0,260340,6.556927E-05
0,260350,6.5559994E-05
0,260360,6.555071E-05
0,260370,6.554143E-05
0,260380,6.553216E-05
0,260390,6.552289E-05
0,260400,6.551361E-05
0,260410,6.550434E-05
0,260420,6.549507E-05
0,260430,6.54858E-05
0,260440,6.547653E-05
0,260450,6.546726E-05
0,260460,6.5458E-05
0,260470,6.544874E-05
0,260480,6.5439475E-05
0,260490,6.543021E-05
0,260500,6.542095E-05
0,260510,6.5411696E-05
0,260520,6.540243E-05
0,260530,6.539318E-05
0,260540,6.538392E-05
0,260550,6.537467E-05
0,260560,6.536542E-05
0,260570,6.535617E-05
0,260580,6.534692E-05
0,260590,6.533767E-05
0,260600,6.532843E-05
0,260610,6.531918E-05
0,260620,6.5309934E-05
0,260630,6.5300694E-05
0,260640,6.529145E-05
0,260650,6.528221E-05
0,260660,6.527297E-05
0,260670,6.526374E-05
0,260680,6.5254506E-05
0,260690,6.5245265E-05
0,260700,6.523603E-05
0,260710,6.5226806E-05
0,260720,6.521757E-05
0,260730,6.520835E-05
0,260740,6.5199114E-05
0,260750,6.518989E-05
0,260760,6.518066E-05
0,260770,6.517144E-05
0,260780,6.516222E-05
0,260790,6.5153E-05
0,260800,6.514378E-05
0,260810,6.513456E-05
0,260820,6.512534E-05
0,260830,6.5116124E-05
0,260840,6.510691E-05
0,260850,6.50977E-05
0,260860,6.508849E-05
0,260870,6.507928E-05
0,260880,6.507007E-05
0,260890,6.506086E-05
0,260900,6.505165E-05
0,260910,6.504245E-05
0,260920,6.5033244E-05
0,260930,6.502405E-05
0,260940,6.501484E-05
0,260950,6.5005646E-05
0,260960,6.499645E-05
0,260970,6.498725E-05
0,260980,6.4978056E-05
0,260990,6.496886E-05
0,261000,6.495967E-05
0,261010,6.495047E-05
0,261020,6.494128E-05
0,261030,6.4932094E-05
0,261040,6.492291E-05
0,261050,6.491372E-05
0,261060,6.490454E-05
0,261070,6.489535E-05
0,261080,6.488617E-05
0,261090,6.487699E-05
0,261100,6.486781E-05
0,261110,6.4858636E-05
0,261120,6.484945E-05
0,261130,6.484028E-05
0,261140,6.48311E-05
0,261150,6.4821936E-05
0,261160,6.481276E-05
0,261170,6.480359E-05
0,261180,6.4794425E-05
0,261190,6.478526E-05
0,261200,6.477609E-05
0,261210,6.476692E-05
0,261220,6.475776E-05
0,261230,6.47486E-05
0,261240,6.473943E-05
0,261250,6.473028E-05
0,261260,6.472112E-05
0,261270,6.471196E-05
0,261280,6.470281E-05
0,261290,6.469365E-05
0,261300,6.46845E-05
0,261310,6.467535E-05
0,261320,6.4666194E-05
0,261330,6.465705E-05
0,261340,6.46479E-05
0,261350,6.4638756E-05
0,261360,6.462961E-05
0,261370,6.4620464E-05
0,261380,6.4611326E-05
0,261390,6.460218E-05
0,261400,6.459304E-05
0,261410,6.45839E-05
0,261420,6.4574764E-05
0,261430,6.456563E-05
0,261440,6.4556494E-05
0,261450,6.454736E-05
0,261460,6.453823E-05
0,261470,6.45291E-05
0,261480,6.4519976E-05
0,261490,6.4510845E-05
0,261500,6.450172E-05
0,261510,6.44926E-05
0,261520,6.448347E-05
0,261530,6.447435E-05
0,261540,6.4465225E-05
0,261550,6.445611E-05
0,261560,6.444699E-05
0,261570,6.4437874E-05
0,261580,6.442876E-05
0,261590,6.441964E-05
0,261600,6.441053E-05
0,261610,6.4401414E-05
0,261620,6.4392305E-05
0,261630,6.4383195E-05
0,261640,6.4374086E-05
0,261650,6.4364984E-05
0,261660,6.4355874E-05
0,261670,6.434677E-05
0,261680,6.433767E-05
0,261690,6.432857E-05
0,261700,6.431947E-05
0,261710,6.431037E-05
0,261720,6.4301275E-05
0,261730,6.429218E-05
0,261740,6.4283086E-05
0,261750,6.427399E-05
0,261760,6.4264896E-05
0,261770,6.425581E-05
0,261780,6.424672E-05
0,261790,6.423763E-05
0,261800,6.4228545E-05
0,261810,6.421946E-05
0,261820,6.421038E-05
0,261830,6.420129E-05
0,261840,6.419221E-05
0,261850,6.418313E-05
0,261860,6.417405E-05
0,261870,6.4164975E-05
0,261880,6.4155895E-05
0,261890,6.414682E-05
0,261900,6.413775E-05
0,261910,6.4128675E-05
0,261920,6.411961E-05
0,261930,6.4110536E-05
0,261940,6.410147E-05
0,261950,6.4092405E-05
0,261960,6.408334E-05
0,261970,6.407427E-05
0,261980,6.406521E-05
0,261990,6.405615E-05
0,262000,6.404709E-05
0,262010,6.403803E-05
0,262020,6.402897E-05
0,262030,6.4019914E-05
0,262040,6.4010856E-05
0,262050,6.4001804E-05
0,262060,6.399275E-05
0,262070,6.39837E-05
0,262080,6.397465E-05
0,262090,6.396561E-05
0,262100,6.3956555E-05
0,262110,6.394751E-05
0,262120,6.393847E-05
0,262130,6.392942E-05
0,262140,6.392038E-05
0,262150,6.391134E-05
0,262160,6.39023E-05
0,262170,6.389326E-05
0,262180,6.3884225E-05
0,262190,6.387519E-05
0,262200,6.386616E-05
0,262210,6.385712E-05
0,262220,6.384809E-05
0,262230,6.383906E-05
0,262240,6.383003E-05
0,262250,6.3821004E-05
0,262260,6.381198E-05
0,262270,6.380295E-05
0,262280,6.379393E-05
0,262290,6.378491E-05
0,262300,6.3775886E-05
0,262310,6.376687E-05
0,262320,6.375785E-05
0,262330,6.3748834E-05
0,262340,6.373982E-05
0,262350,6.3730804E-05
0,262360,6.372179E-05
0,262370,6.371278E-05
0,262380,6.370377E-05
0,262390,6.369476E-05
0,262400,6.368575E-05
0,262410,6.367674E-05
0,262420,6.3667736E-05
0,262430,6.3658736E-05
0,262440,6.3649735E-05
0,262450,6.364073E-05
0,262460,6.3631735E-05
0,262470,6.3622734E-05
0,262480,6.3613734E-05
0,262490,6.360474E-05
0,262500,6.359574E-05
0,262510,6.358675E-05
0,262520,6.357776E-05
0,262530,6.356877E-05
0,262540,6.3559775E-05
0,262550,6.355079E-05
0,262560,6.3541804E-05
0,262570,6.353282E-05
0,262580,6.352383E-05
0,262590,6.3514846E-05
0,262600,6.350587E-05
0,262610,6.349689E-05
0,262620,6.348791E-05
0,262630,6.347893E-05
0,262640,6.346995E-05
0,262650,6.346098E-05
0,262660,6.3452004E-05
0,262670,6.344303E-05
0,262680,6.343406E-05
0,262690,6.342509E-05
0,262700,6.3416126E-05
0,262710,6.3407155E-05
0,262720,6.339819E-05
0,262730,6.338923E-05
0,262740,6.338026E-05
0,262750,6.33713E-05
0,262760,6.3362335E-05
0,262770,6.335338E-05
0,262780,6.334442E-05
0,262790,6.3335465E-05
0,262800,6.332651E-05
0,262810,6.331755E-05
0,262820,6.33086E-05
0,262830,6.3299645E-05
0,262840,6.3290696E-05
0,262850,6.328175E-05
0,262860,6.3272804E-05
0,262870,6.3263855E-05
0,262880,6.325491E-05
0,262890,6.324596E-05
0,262900,6.323702E-05
0,262910,6.322808E-05
0,262920,6.3219144E-05
0,262930,6.32102E-05
0,262940,6.320127E-05
0,262950,6.319233E-05
0,262960,6.31834E-05
0,262970,6.317446E-05
0,262980,6.316553E-05
0,262990,6.31566E-05
0,263000,6.3147665E-05
0,263010,6.313874E-05
0,263020,6.312981E-05
0,263030,6.312089E-05
0,263040,6.311196E-05
0,263050,6.310304E-05
0,263060,6.3094114E-05
0,263070,6.3085194E-05
0,263080,6.307627E-05
0,263090,6.306736E-05
0,263100,6.305844E-05
0,263110,6.304953E-05
0,263120,6.3040614E-05
0,263130,6.30317E-05
0,263140,6.302279E-05
0,263150,6.3013875E-05
0,263160,6.300497E-05
0,263170,6.299606E-05
0,263180,6.298716E-05
0,263190,6.297825E-05
0,263200,6.2969346E-05
0,263210,6.296044E-05
0,263220,6.295154E-05
0,263230,6.294264E-05
0,263240,6.2933745E-05
0,263250,6.2924846E-05
0,263260,6.291595E-05
0,263270,6.290706E-05
0,263280,6.2898165E-05
0,263290,6.288927E-05
0,263300,6.288038E-05
0,263310,6.287149E-05
0,263320,6.28626E-05
0,263330,6.285372E-05
0,263340,6.284483E-05
0,263350,6.283594E-05
0,263360,6.2827065E-05
0,263370,6.281818E-05
0,263380,6.28093E-05
0,263390,6.280042E-05
0,263400,6.279154E-05
0,263410,6.278267E-05
0,263420,6.277379E-05
0,263430,6.276491E-05
0,263440,6.2756044E-05
0,263450,6.2747175E-05
0,263460,6.27383E-05
0,263470,6.2729436E-05
0,263480,6.2720566E-05
0,263490,6.27117E-05
0,263500,6.2702835E-05
0,263510,6.269397E-05
0,263520,6.268511E-05
0,263530,6.267625E-05
0,263540,6.266739E-05
0,263550,6.2658524E-05
0,263560,6.264967E-05
0,263570,6.2640815E-05
0,263580,6.263196E-05
0,263590,6.2623105E-05
0,263600,6.261425E-05
0,263610,6.26054E-05
0,263620,6.2596555E-05
0,263630,6.258771E-05
0,263640,6.257886E-05
0,263650,6.257001E-05
0,263660,6.2561165E-05
0,263670,6.2552324E-05
0,263680,6.2543484E-05
0,263690,6.2534644E-05
0,263700,6.25258E-05
0,263710,6.251696E-05
0,263720,6.250813E-05
0,263730,6.249929E-05
0,263740,6.249046E-05
0,263750,6.2481624E-05
0,263760,6.247279E-05
0,263770,6.2463965E-05
0,263780,6.245513E-05
0,263790,6.244631E-05
0,263800,6.243748E-05
0,263810,6.2428655E-05
0,263820,6.241983E-05
0,263830,6.241101E-05
0,263840,6.2402185E-05
0,263850,6.239337E-05
0,263860,6.238455E-05
0,263870,6.237573E-05
0,263880,6.236691E-05
0,263890,6.23581E-05
0,263900,6.234928E-05
0,263910,6.234047E-05
0,263920,6.233166E-05
0,263930,6.232285E-05
0,263940,6.2314044E-05
0,263950,6.230523E-05
0,263960,6.229643E-05
0,263970,6.2287625E-05
0,263980,6.227882E-05
0,263990,6.227002E-05
0,264000,6.226122E-05
0,264010,6.225242E-05
0,264020,6.224362E-05
0,264030,6.223482E-05
0,264040,6.222603E-05
0,264050,6.221723E-05
0,264060,6.220844E-05
0,264070,6.2199644E-05
0,264080,6.2190855E-05
0,264090,6.2182065E-05
0,264100,6.2173276E-05
0,264110,6.2164494E-05
0,264120,6.2155705E-05
0,264130,6.214692E-05
0,264140,6.213814E-05
0,264150,6.212936E-05
0,264160,6.2120576E-05
0,264170,6.21118E-05
0,264180,6.210302E-05
0,264190,6.2094245E-05
0,264200,6.208547E-05
0,264210,6.2076695E-05
0,264220,6.206792E-05
0,264230,6.205915E-05
0,264240,6.205038E-05
0,264250,6.204161E-05
0,264260,6.203284E-05
0,264270,6.2024075E-05
0,264280,6.201531E-05
0,264290,6.200655E-05
0,264300,6.199779E-05
0,264310,6.198902E-05
0,264320,6.198027E-05
0,264330,6.197151E-05
0,264340,6.1962746E-05
0,264350,6.195399E-05
0,264360,6.194523E-05
0,264370,6.193648E-05
0,264380,6.192773E-05
0,264390,6.191898E-05
0,264400,6.191023E-05
0,264410,6.190148E-05
0,264420,6.189273E-05
0,264430,6.1883984E-05
0,264440,6.187524E-05
0,264450,6.18665E-05
0,264460,6.1857754E-05
0,264470,6.1849016E-05
0,264480,6.184028E-05
0,264490,6.183154E-05
0,264500,6.18228E-05
0,264510,6.181406E-05
0,264520,6.180533E-05
0,264530,6.179659E-05
0,264540,6.178786E-05
0,264550,6.177913E-05
0,264560,6.17704E-05
0,264570,6.1761675E-05
0,264580,6.1752944E-05
0,264590,6.174422E-05
0,264600,6.1735496E-05
0,264610,6.172677E-05
0,264620,6.171805E-05
0,264630,6.170933E-05
0,264640,6.170061E-05
0,264650,6.169189E-05
0,264660,6.1683175E-05
0,264670,6.167446E-05
0,264680,6.166575E-05
0,264690,6.165703E-05
0,264700,6.164832E-05
0,264710,6.1639614E-05
0,264720,6.1630904E-05
0,264730,6.1622195E-05
0,264740,6.1613486E-05
0,264750,6.1604784E-05
0,264760,6.1596074E-05
0,264770,6.158737E-05
0,264780,6.157867E-05
0,264790,6.156997E-05
0,264800,6.156127E-05
0,264810,6.155257E-05
0,264820,6.154388E-05
0,264830,6.153518E-05
0,264840,6.152649E-05
0,264850,6.151779E-05
0,264860,6.1509105E-05
0,264870,6.150041E-05
0,264880,6.149172E-05
0,264890,6.1483035E-05
0,264900,6.147435E-05
0,264910,6.146566E-05
0,264920,6.145698E-05
0,264930,6.14483E-05
0,264940,6.143961E-05
0,264950,6.143093E-05
0,264960,6.142226E-05
0,264970,6.141358E-05
0,264980,6.14049E-05
0,264990,6.1396226E-05
0,265000,6.138755E-05
0,265010,6.137888E-05
0,265020,6.137021E-05
0,265030,6.136154E-05
0,265040,6.135287E-05
0,265050,6.13442E-05
0,265060,6.133554E-05
0,265070,6.132687E-05
0,265080,6.1318206E-05
0,265090,6.130954E-05
0,265100,6.130088E-05
0,265110,6.129222E-05
0,265120,6.1283565E-05
0,265130,6.1274906E-05
0,265140,6.126625E-05
0,265150,6.12576E-05
0,265160,6.124894E-05
0,265170,6.124029E-05
0,265180,6.1231636E-05
0,265190,6.1222985E-05
0,265200,6.1214334E-05
0,265210,6.120569E-05
0,265220,6.119704E-05
0,265230,6.1188395E-05
0,265240,6.117975E-05
0,265250,6.1171115E-05
0,265260,6.116247E-05
0,265270,6.115383E-05
0,265280,6.114519E-05
0,265290,6.1136554E-05
0,265300,6.112792E-05
0,265310,6.111928E-05
0,265320,6.111065E-05
0,265330,6.1102015E-05
0,265340,6.1093386E-05
0,265350,6.108476E-05
0,265360,6.107613E-05
0,265370,6.10675E-05
0,265380,6.105887E-05
0,265390,6.105025E-05
0,265400,6.1041625E-05
0,265410,6.1033003E-05
0,265420,6.102438E-05
0,265430,6.101576E-05
0,265440,6.100714E-05
0,265450,6.099852E-05
0,265460,6.0989907E-05
0,265470,6.0981292E-05
0,265480,6.0972678E-05
0,265490,6.0964067E-05
0,265500,6.0955455E-05
0,265510,6.0946844E-05
0,265520,6.0938237E-05
0,265530,6.092963E-05
0,265540,6.0921022E-05
0,265550,6.0912418E-05
0,265560,6.0903814E-05
0,265570,6.089521E-05
0,265580,6.088661E-05
0,265590,6.087801E-05
0,265600,6.086941E-05
0,265610,6.0860813E-05
0,265620,6.0852217E-05
0,265630,6.0843624E-05
0,265640,6.0835027E-05
0,265650,6.0826438E-05
0,265660,6.0817845E-05
0,265670,6.0809256E-05
0,265680,6.0800667E-05
0,265690,6.0792077E-05
0,265700,6.078349E-05
0,265710,6.0774906E-05
0,265720,6.0766324E-05
0,265730,6.0757742E-05
0,265740,6.074916E-05
0,265750,6.0740582E-05
0,265760,6.0732E-05
0,265770,6.0723425E-05
0,265780,6.0714847E-05
0,265790,6.0706272E-05
0,265800,6.0697697E-05
0,265810,6.0689126E-05
0,265820,6.0680555E-05
0,265830,6.0671984E-05
0,265840,6.0663417E-05
0,265850,6.065485E-05
0,265860,6.064628E-05
0,265870,6.0637718E-05
0,265880,6.0629154E-05
0,265890,6.062059E-05
0,265900,6.061203E-05
0,265910,6.060347E-05
0,265920,6.059491E-05
0,265930,6.0586353E-05
0,265940,6.0577797E-05
0,265950,6.056924E-05
0,265960,6.0560687E-05
0,265970,6.0552135E-05
0,265980,6.0543585E-05
0,265990,6.0535032E-05
0,266000,6.0526483E-05
0,266010,6.0517938E-05
0,266020,6.0509392E-05
0,266030,6.0500846E-05
0,266040,6.04923E-05
0,266050,6.048376E-05
0,266060,6.0475217E-05
0,266070,6.046668E-05
0,266080,6.0458136E-05
0,266090,6.04496E-05
0,266100,6.0441063E-05
0,266110,6.043253E-05
0,266120,6.0423994E-05
0,266130,6.0415463E-05
0,266140,6.040693E-05
0,266150,6.03984E-05
0,266160,6.038987E-05
0,266170,6.0381342E-05
0,266180,6.0372815E-05
0,266190,6.036429E-05
0,266200,6.0355767E-05
0,266210,6.0347244E-05
0,266220,6.0338723E-05
0,266230,6.0330203E-05
0,266240,6.0321683E-05
0,266250,6.0313163E-05
0,266260,6.0304646E-05
0,266270,6.0296134E-05
0,266280,6.0287617E-05
0,266290,6.0279104E-05
0,266300,6.0270595E-05
0,266310,6.0262082E-05
0,266320,6.0253573E-05
0,266330,6.0245067E-05
0,266340,6.0236558E-05
0,266350,6.0228052E-05
0,266360,6.021955E-05
0,266370,6.0211045E-05
0,266380,6.0202543E-05
0,266390,6.0194045E-05
0,266400,6.0185543E-05
0,266410,6.0177044E-05
0,266420,6.016855E-05
0,266430,6.0160055E-05
0,266440,6.015156E-05
0,266450,6.0143066E-05
0,266460,6.0134575E-05
0,266470,6.0126084E-05
0,266480,6.0117593E-05
0,266490,6.0109105E-05
0,266500,6.0100618E-05
0,266510,6.0092134E-05
0,266520,6.0083647E-05
0,266530,6.0075163E-05
0,266540,6.0066683E-05
0,266550,6.0058203E-05
0,266560,6.0049722E-05
0,266570,6.0041242E-05
0,266580,6.0032766E-05
0,266590,6.002429E-05
0,266600,6.0015816E-05
0,266610,6.0007344E-05
0,266620,5.999887E-05
0,266630,5.9990398E-05
0,266640,5.998193E-05
0,266650,5.997346E-05
0,266660,5.9964994E-05
0,266670,5.995653E-05
0,266680,5.9948063E-05
0,266690,5.9939597E-05
0,266700,5.9931135E-05
0,266710,5.9922673E-05
0,266720,5.9914215E-05
0,266730,5.9905757E-05
0,266740,5.98973E-05
0,266750,5.9888844E-05
0,266760,5.9880385E-05
0,266770,5.9871934E-05
0,266780,5.986348E-05
0,266790,5.985503E-05
0,266800,5.9846578E-05
0,266810,5.983813E-05
0,266820,5.9829683E-05
0,266830,5.9821235E-05
0,266840,5.981279E-05
0,266850,5.9804348E-05
0,266860,5.9795904E-05
0,266870,5.9787464E-05
0,266880,5.977902E-05
0,266890,5.9770584E-05
0,266900,5.9762144E-05
0,266910,5.9753707E-05
0,266920,5.9745274E-05
0,266930,5.9736838E-05
0,266940,5.9728405E-05
0,266950,5.9719972E-05
0,266960,5.9711543E-05
0,266970,5.9703114E-05
0,266980,5.9694685E-05
0,266990,5.968626E-05
0,267000,5.9677834E-05
0,267010,5.9669408E-05
0,267020,5.9660986E-05
0,267030,5.9652564E-05
0,267040,5.9644142E-05
0,267050,5.9635724E-05
0,267060,5.9627306E-05
0,267070,5.9618887E-05
0,267080,5.9610473E-05
0,267090,5.9602058E-05
0,267100,5.9593644E-05
0,267110,5.9585233E-05
0,267120,5.957682E-05
0,267130,5.956841E-05
0,267140,5.9560003E-05
0,267150,5.9551596E-05
0,267160,5.954319E-05
0,267170,5.9534785E-05
0,267180,5.952638E-05
0,267190,5.9517977E-05
0,267200,5.9509577E-05
0,267210,5.9501177E-05
0,267220,5.949278E-05
0,267230,5.948438E-05
0,267240,5.9475984E-05
0,267250,5.946759E-05
0,267260,5.9459195E-05
0,267270,5.9450802E-05
0,267280,5.9442413E-05
0,267290,5.9434024E-05
0,267300,5.9425634E-05
0,267310,5.9417245E-05
0,267320,5.940886E-05
0,267330,5.9400474E-05
0,267340,5.939209E-05
0,267350,5.9383707E-05
0,267360,5.9375325E-05
0,267370,5.9366943E-05
0,267380,5.9358565E-05
0,267390,5.9350186E-05
0,267400,5.9341808E-05
0,267410,5.9333433E-05
0,267420,5.932506E-05
0,267430,5.9316688E-05
0,267440,5.9308313E-05
0,267450,5.9299942E-05
0,267460,5.9291575E-05
0,267470,5.9283208E-05
0,267480,5.927484E-05
0,267490,5.9266473E-05
0,267500,5.925811E-05
0,267510,5.9249745E-05
0,267520,5.924138E-05
0,267530,5.923302E-05
0,267540,5.922466E-05
0,267550,5.92163E-05
0,267560,5.9207945E-05
0,267570,5.919959E-05
0,267580,5.9191236E-05
0,267590,5.918288E-05
0,267600,5.917453E-05
0,267610,5.9166177E-05
0,267620,5.915783E-05
0,267630,5.914948E-05
0,267640,5.914113E-05
0,267650,5.9132784E-05
0,267660,5.912444E-05
0,267670,5.9116093E-05
0,267680,5.910775E-05
0,267690,5.909941E-05
0,267700,5.909107E-05
0,267710,5.908273E-05
0,267720,5.907439E-05
0,267730,5.9066057E-05
0,267740,5.9057722E-05
0,267750,5.9049387E-05
0,267760,5.9041053E-05
0,267770,5.903272E-05
0,267780,5.902439E-05
0,267790,5.901606E-05
0,267800,5.9007732E-05
0,267810,5.8999405E-05
0,267820,5.8991078E-05
0,267830,5.8982754E-05
0,267840,5.897443E-05
0,267850,5.896611E-05
0,267860,5.8957787E-05
0,267870,5.8949467E-05
0,267880,5.894115E-05
0,267890,5.8932834E-05
0,267900,5.8924517E-05
0,267910,5.89162E-05
0,267920,5.8907888E-05
0,267930,5.8899575E-05
0,267940,5.8891263E-05
0,267950,5.8882953E-05
0,267960,5.8874644E-05
0,267970,5.8866335E-05
0,267980,5.885803E-05
0,267990,5.8849724E-05
0,268000,5.884142E-05
0,268010,5.8833117E-05
0,268020,5.8824815E-05
0,268030,5.8816517E-05
0,268040,5.8808215E-05
0,268050,5.8799917E-05
0,268060,5.8791622E-05
0,268070,5.8783324E-05
0,268080,5.877503E-05
0,268090,5.876674E-05
0,268100,5.8758444E-05
0,268110,5.8750153E-05
0,268120,5.8741865E-05
0,268130,5.8733574E-05
0,268140,5.8725287E-05
0,268150,5.8717003E-05
0,268160,5.870872E-05
0,268170,5.8700436E-05
0,268180,5.8692152E-05
0,268190,5.8683872E-05
0,268200,5.8675592E-05
0,268210,5.8667312E-05
0,268220,5.8659032E-05
0,268230,5.8650756E-05
0,268240,5.8642483E-05
0,268250,5.8634207E-05
0,268260,5.8625934E-05
0,268270,5.8617665E-05
0,268280,5.8609392E-05
0,268290,5.8601123E-05
0,268300,5.8592857E-05
0,268310,5.858459E-05
0,268320,5.8576323E-05
0,268330,5.856806E-05
0,268340,5.8559795E-05
0,268350,5.8551534E-05
0,268360,5.854327E-05
0,268370,5.8535014E-05
0,268380,5.8526755E-05
0,268390,5.8518497E-05
0,268400,5.8510243E-05
0,268410,5.8501988E-05
0,268420,5.8493733E-05
0,268430,5.8485482E-05
0,268440,5.8477228E-05
0,268450,5.846898E-05
0,268460,5.846073E-05
0,268470,5.8452482E-05
0,268480,5.8444235E-05
0,268490,5.843599E-05
0,268500,5.8427748E-05
0,268510,5.8419504E-05
0,268520,5.8411264E-05
0,268530,5.8403024E-05
0,268540,5.8394784E-05
0,268550,5.8386544E-05
0,268560,5.8378308E-05
0,268570,5.837007E-05
0,268580,5.836184E-05
0,268590,5.8353606E-05
0,268600,5.8345373E-05
0,268610,5.833714E-05
0,268620,5.832891E-05
0,268630,5.8320682E-05
0,268640,5.8312457E-05
0,268650,5.830423E-05
0,268660,5.8296006E-05
0,268670,5.828778E-05
0,268680,5.827956E-05
0,268690,5.8271336E-05
0,268700,5.826312E-05
0,268710,5.82549E-05
0,268720,5.8246682E-05
0,268730,5.8238464E-05
0,268740,5.823025E-05
0,268750,5.8222035E-05
0,268760,5.821382E-05
0,268770,5.820561E-05
0,268780,5.8197398E-05
0,268790,5.818919E-05
0,268800,5.818098E-05
0,268810,5.8172776E-05
0,268820,5.816457E-05
0,268830,5.8156365E-05
0,268840,5.814816E-05
0,268850,5.8139958E-05
0,268860,5.8131758E-05
0,268870,5.8123558E-05
0,268880,5.8115358E-05
0,268890,5.810716E-05
0,268900,5.8098965E-05
0,268910,5.809077E-05
0,268920,5.8082576E-05
0,268930,5.8074384E-05
0,268940,5.806619E-05
0,268950,5.8058E-05
0,268960,5.8049813E-05
0,268970,5.8041624E-05
0,268980,5.8033438E-05
0,268990,5.8025253E-05
0,269000,5.8017067E-05
0,269010,5.8008885E-05
0,269020,5.8000704E-05
0,269030,5.799252E-05
0,269040,5.7984344E-05
0,269050,5.7976165E-05
0,269060,5.7967987E-05
0,269070,5.795981E-05
0,269080,5.7951635E-05
0,269090,5.794346E-05
0,269100,5.793529E-05
0,269110,5.7927118E-05
0,269120,5.7918947E-05
0,269130,5.791078E-05
0,269140,5.790261E-05
0,269150,5.7894445E-05
0,269160,5.788628E-05
0,269170,5.7878115E-05
0,269180,5.786995E-05
0,269190,5.786179E-05
0,269200,5.785363E-05
0,269210,5.784547E-05
0,269220,5.783731E-05
0,269230,5.7829155E-05
0,269240,5.7821E-05
0,269250,5.7812842E-05
0,269260,5.780469E-05
0,269270,5.7796537E-05
0,269280,5.7788387E-05
0,269290,5.7780235E-05
0,269300,5.777209E-05
0,269310,5.776394E-05
0,269320,5.7755795E-05
0,269330,5.774765E-05
0,269340,5.7739504E-05
0,269350,5.7731362E-05
0,269360,5.772322E-05
0,269370,5.771508E-05
0,269380,5.770694E-05
0,269390,5.7698802E-05
0,269400,5.7690664E-05
0,269410,5.768253E-05
0,269420,5.7674395E-05
0,269430,5.766626E-05
0,269440,5.765813E-05
0,269450,5.765E-05
0,269460,5.7641868E-05
0,269470,5.763374E-05
0,269480,5.762561E-05
0,269490,5.7617486E-05
0,269500,5.760936E-05
0,269510,5.7601235E-05
0,269520,5.759311E-05
0,269530,5.758499E-05
0,269540,5.757687E-05
0,269550,5.756875E-05
0,269560,5.7560632E-05
0,269570,5.7552515E-05
0,269580,5.75444E-05
0,269590,5.7536286E-05
0,269600,5.7528174E-05
0,269610,5.752006E-05
0,269620,5.751195E-05
0,269630,5.750384E-05
0,269640,5.749573E-05
0,269650,5.7487625E-05
0,269660,5.7479516E-05
0,269670,5.7471414E-05
0,269680,5.746331E-05
0,269690,5.7455207E-05
0,269700,5.7447105E-05
0,269710,5.7439003E-05
0,269720,5.7430905E-05
0,269730,5.7422807E-05
0,269740,5.741471E-05
0,269750,5.7406614E-05
0,269760,5.739852E-05
0,269770,5.7390425E-05
0,269780,5.7382334E-05
0,269790,5.7374244E-05
0,269800,5.7366153E-05
0,269810,5.7358066E-05
0,269820,5.7349975E-05
0,269830,5.734189E-05
0,269840,5.7333804E-05
0,269850,5.732572E-05
0,269860,5.7317637E-05
0,269870,5.7309557E-05
0,269880,5.7301477E-05
0,269890,5.7293397E-05
0,269900,5.7285317E-05
0,269910,5.727724E-05
0,269920,5.7269164E-05
0,269930,5.726109E-05
0,269940,5.725302E-05
0,269950,5.7244946E-05
0,269960,5.7236874E-05
0,269970,5.7228805E-05
0,269980,5.7220735E-05
0,269990,5.721267E-05
0,270000,5.72046E-05
0,270010,5.7196536E-05
0,270020,5.7188474E-05
0,270030,5.718041E-05
0,270040,5.7172347E-05
0,270050,5.716429E-05
0,270060,5.7156227E-05
0,270070,5.714817E-05
0,270080,5.7140114E-05
0,270090,5.7132056E-05
0,270100,5.7124E-05
0,270110,5.711595E-05
0,270120,5.7107896E-05
0,270130,5.7099845E-05
0,270140,5.7091795E-05
0,270150,5.7083747E-05
0,270160,5.70757E-05
0,270170,5.7067653E-05
0,270180,5.7059606E-05
0,270190,5.7051562E-05
0,270200,5.704352E-05
0,270210,5.703548E-05
0,270220,5.702744E-05
0,270230,5.70194E-05
0,270240,5.701136E-05
0,270250,5.7003323E-05
0,270260,5.6995286E-05
0,270270,5.6987254E-05
0,270280,5.6979217E-05
0,270290,5.6971185E-05
0,270300,5.6963156E-05
0,270310,5.6955123E-05
0,270320,5.6947094E-05
0,270330,5.693907E-05
0,270340,5.693104E-05
0,270350,5.6923014E-05
0,270360,5.6914992E-05
0,270370,5.6906967E-05
0,270380,5.6898945E-05
0,270390,5.6890924E-05
0,270400,5.6882905E-05
0,270410,5.6874887E-05
0,270420,5.686687E-05
0,270430,5.6858855E-05
0,270440,5.685084E-05
0,270450,5.6842826E-05
0,270460,5.683481E-05
0,270470,5.68268E-05
0,270480,5.681879E-05
0,270490,5.6810783E-05
0,270500,5.680277E-05
0,270510,5.6794765E-05
0,270520,5.678676E-05
0,270530,5.6778757E-05
0,270540,5.6770754E-05
0,270550,5.676275E-05
0,270560,5.675475E-05
0,270570,5.674675E-05
0,270580,5.673875E-05
0,270590,5.6730754E-05
0,270600,5.6722758E-05
0,270610,5.671476E-05
0,270620,5.670677E-05
0,270630,5.6698773E-05
0,270640,5.6690784E-05
0,270650,5.668279E-05
0,270660,5.6674802E-05
0,270670,5.6666813E-05
0,270680,5.6658828E-05
0,270690,5.6650842E-05
0,270700,5.6642857E-05
0,270710,5.663487E-05
0,270720,5.662689E-05
0,270730,5.661891E-05
0,270740,5.661093E-05
0,270750,5.660295E-05
0,270760,5.6594974E-05
0,270770,5.6586996E-05
0,270780,5.657902E-05
0,270790,5.6571047E-05
0,270800,5.6563073E-05
0,270810,5.65551E-05
0,270820,5.654713E-05
0,270830,5.653916E-05
0,270840,5.6531193E-05
0,270850,5.6523222E-05
0,270860,5.651526E-05
0,270870,5.650729E-05
0,270880,5.6499328E-05
0,270890,5.6491364E-05
0,270900,5.6483404E-05
0,270910,5.6475445E-05
0,270920,5.6467485E-05
0,270930,5.6459525E-05
0,270940,5.645157E-05
0,270950,5.6443612E-05
0,270960,5.643566E-05
0,270970,5.6427703E-05
0,270980,5.6419754E-05
0,270990,5.64118E-05
0,271000,5.6403853E-05
0,271010,5.6395904E-05
0,271020,5.6387955E-05
0,271030,5.638001E-05
0,271040,5.6372064E-05
0,271050,5.636412E-05
0,271060,5.6356177E-05
0,271070,5.634823E-05
0,271080,5.6340294E-05
0,271090,5.6332352E-05
0,271100,5.6324414E-05
0,271110,5.6316476E-05
0,271120,5.630854E-05
0,271130,5.6300607E-05
0,271140,5.6292673E-05
0,271150,5.6284738E-05
0,271160,5.6276807E-05
0,271170,5.6268877E-05
0,271180,5.6260946E-05
0,271190,5.625302E-05
0,271200,5.624509E-05
0,271210,5.6237168E-05
0,271220,5.622924E-05
0,271230,5.6221317E-05
0,271240,5.6213397E-05
0,271250,5.6205474E-05
0,271260,5.6197554E-05
0,271270,5.6189634E-05
0,271280,5.6181718E-05
0,271290,5.61738E-05
0,271300,5.6165885E-05
0,271310,5.6157973E-05
0,271320,5.6150056E-05
0,271330,5.6142148E-05
0,271340,5.6134235E-05
0,271350,5.6126326E-05
0,271360,5.6118417E-05
0,271370,5.6110508E-05
0,271380,5.6102603E-05
0,271390,5.6094697E-05
0,271400,5.6086792E-05
0,271410,5.607889E-05
0,271420,5.607099E-05
0,271430,5.6063087E-05
0,271440,5.605519E-05
0,271450,5.604729E-05
0,271460,5.6039393E-05
0,271470,5.60315E-05
0,271480,5.6023604E-05
0,271490,5.601571E-05
0,271500,5.6007815E-05
0,271510,5.5999924E-05
0,271520,5.5992034E-05
0,271530,5.5984146E-05
0,271540,5.597626E-05
0,271550,5.5968372E-05
0,271560,5.5960485E-05
0,271570,5.59526E-05
0,271580,5.5944718E-05
0,271590,5.5936835E-05
0,271600,5.5928955E-05
0,271610,5.5921075E-05
0,271620,5.5913195E-05
0,271630,5.590532E-05
0,271640,5.5897443E-05
0,271650,5.5889566E-05
0,271660,5.588169E-05
0,271670,5.5873817E-05
0,271680,5.5865945E-05
0,271690,5.5858076E-05
0,271700,5.5850207E-05
0,271710,5.5842338E-05
0,271720,5.583447E-05
0,271730,5.5826604E-05
0,271740,5.581874E-05
0,271750,5.5810873E-05
0,271760,5.580301E-05
0,271770,5.579515E-05
0,271780,5.5787288E-05
0,271790,5.577943E-05
0,271800,5.5771572E-05
0,271810,5.5763714E-05
0,271820,5.575586E-05
0,271830,5.5748005E-05
0,271840,5.574015E-05
0,271850,5.57323E-05
0,271860,5.5724446E-05
0,271870,5.5716595E-05
0,271880,5.5708748E-05
0,271890,5.57009E-05
0,271900,5.5693054E-05
0,271910,5.5685206E-05
0,271920,5.5677363E-05
0,271930,5.566952E-05
0,271940,5.5661676E-05
0,271950,5.5653836E-05
0,271960,5.5645996E-05
0,271970,5.5638156E-05
0,271980,5.563032E-05
0,271990,5.5622484E-05
0,272000,5.5614648E-05
0,272010,5.560681E-05
0,272020,5.559898E-05
0,272030,5.5591147E-05
0,272040,5.5583318E-05
0,272050,5.557549E-05
0,272060,5.556766E-05
0,272070,5.555983E-05
0,272080,5.5552006E-05
0,272090,5.554418E-05
0,272100,5.5536355E-05
0,272110,5.5528533E-05
0,272120,5.552071E-05
0,272130,5.551289E-05
0,272140,5.5505072E-05
0,272150,5.549725E-05
0,272160,5.5489436E-05
0,272170,5.5481618E-05
0,272180,5.5473804E-05
0,272190,5.546599E-05
0,272200,5.545818E-05
0,272210,5.5450364E-05
0,272220,5.5442553E-05
0,272230,5.5434746E-05
0,272240,5.542694E-05
0,272250,5.5419132E-05
0,272260,5.5411325E-05
0,272270,5.540352E-05
0,272280,5.5395718E-05
0,272290,5.5387914E-05
0,272300,5.538011E-05
0,272310,5.537231E-05
0,272320,5.536451E-05
0,272330,5.5356715E-05
0,272340,5.534892E-05
0,272350,5.5341123E-05
0,272360,5.5333327E-05
0,272370,5.5325534E-05
0,272380,5.531774E-05
0,272390,5.5309953E-05
0,272400,5.530216E-05
0,272410,5.529437E-05
0,272420,5.5286586E-05
0,272430,5.5278797E-05
0,272440,5.527101E-05
0,272450,5.5263226E-05
0,272460,5.5255445E-05
0,272470,5.5247663E-05
0,272480,5.523988E-05
0,272490,5.52321E-05
0,272500,5.5224322E-05
0,272510,5.5216544E-05
0,272520,5.520877E-05
0,272530,5.520099E-05
0,272540,5.5193217E-05
0,272550,5.5185446E-05
0,272560,5.5177672E-05
0,272570,5.51699E-05
0,272580,5.5162134E-05
0,272590,5.5154364E-05
0,272600,5.5146596E-05
0,272610,5.513883E-05
0,272620,5.5131066E-05
0,272630,5.5123302E-05
0,272640,5.511554E-05
0,272650,5.5107776E-05
0,272660,5.5100016E-05
0,272670,5.5092256E-05
0,272680,5.50845E-05
0,272690,5.507674E-05
0,272700,5.5068984E-05
0,272710,5.506123E-05
0,272720,5.5053475E-05
0,272730,5.5045723E-05
0,272740,5.503797E-05
0,272750,5.503022E-05
0,272760,5.5022472E-05
0,272770,5.5014723E-05
0,272780,5.5006974E-05
0,272790,5.499923E-05
0,272800,5.4991484E-05
0,272810,5.4983742E-05
0,272820,5.4975997E-05
0,272830,5.4968255E-05
0,272840,5.4960517E-05
0,272850,5.4952776E-05
0,272860,5.4945038E-05
0,272870,5.4937304E-05
0,272880,5.4929566E-05
0,272890,5.492183E-05
0,272900,5.4914097E-05
0,272910,5.4906366E-05
0,272920,5.489863E-05
0,272930,5.4890905E-05
0,272940,5.4883174E-05
0,272950,5.4875447E-05
0,272960,5.486772E-05
0,272970,5.4859993E-05
0,272980,5.485227E-05
0,272990,5.4844546E-05
0,273000,5.4836823E-05
0,273010,5.48291E-05
0,273020,5.482138E-05
0,273030,5.4813663E-05
0,273040,5.4805943E-05
0,273050,5.4798227E-05
0,273060,5.479051E-05
0,273070,5.4782795E-05
0,273080,5.4775082E-05
0,273090,5.476737E-05
0,273100,5.475966E-05
0,273110,5.475195E-05
0,273120,5.474424E-05
0,273130,5.473653E-05
0,273140,5.4728825E-05
0,273150,5.472112E-05
0,273160,5.4713415E-05
0,273170,5.4705713E-05
0,273180,5.4698008E-05
0,273190,5.4690307E-05
0,273200,5.468261E-05
0,273210,5.467491E-05
0,273220,5.4667213E-05
0,273230,5.4659515E-05
0,273240,5.465182E-05
0,273250,5.4644126E-05
0,273260,5.463643E-05
0,273270,5.4628737E-05
0,273280,5.4621047E-05
0,273290,5.461336E-05
0,273300,5.460567E-05
0,273310,5.4597982E-05
0,273320,5.4590295E-05
0,273330,5.4582608E-05
0,273340,5.4574924E-05
0,273350,5.456724E-05
0,273360,5.4559558E-05
0,273370,5.4551878E-05
0,273380,5.4544198E-05
0,273390,5.453652E-05
0,273400,5.4528842E-05
0,273410,5.4521166E-05
0,273420,5.451349E-05
0,273430,5.4505814E-05
0,273440,5.449814E-05
0,273450,5.449047E-05
0,273460,5.44828E-05
0,273470,5.4475127E-05
0,273480,5.446746E-05
0,273490,5.4459793E-05
0,273500,5.4452124E-05
0,273510,5.444446E-05
0,273520,5.4436794E-05
0,273530,5.4429132E-05
0,273540,5.442147E-05
0,273550,5.441381E-05
0,273560,5.440615E-05
0,273570,5.439849E-05
0,273580,5.439083E-05
0,273590,5.4383177E-05
0,273600,5.437552E-05
0,273610,5.4367865E-05
0,273620,5.4360215E-05
0,273630,5.435256E-05
0,273640,5.434491E-05
0,273650,5.433726E-05
0,273660,5.4329612E-05
0,273670,5.4321965E-05
0,273680,5.4314318E-05
0,273690,5.430667E-05
0,273700,5.4299027E-05
0,273710,5.4291384E-05
0,273720,5.428374E-05
0,273730,5.42761E-05
0,273740,5.426846E-05
0,273750,5.426082E-05
0,273760,5.4253185E-05
0,273770,5.424555E-05
0,273780,5.4237913E-05
0,273790,5.4230277E-05
0,273800,5.4222644E-05
0,273810,5.4215012E-05
0,273820,5.4207383E-05
0,273830,5.419975E-05
0,273840,5.419212E-05
0,273850,5.4184497E-05
0,273860,5.4176868E-05
0,273870,5.4169243E-05
0,273880,5.4161617E-05
0,273890,5.4153996E-05
0,273900,5.4146374E-05
0,273910,5.4138753E-05
0,273920,5.413113E-05
0,273930,5.4123513E-05
0,273940,5.4115895E-05
0,273950,5.410828E-05
0,273960,5.4100663E-05
0,273970,5.409305E-05
0,273980,5.4085434E-05
0,273990,5.4077824E-05
0,274000,5.4070213E-05
0,274010,5.4062602E-05
0,274020,5.4054995E-05
0,274030,5.4047385E-05
0,274040,5.4039778E-05
0,274050,5.4032174E-05
0,274060,5.4024567E-05
0,274070,5.4016964E-05
0,274080,5.4009364E-05
0,274090,5.400176E-05
0,274100,5.399416E-05
0,274110,5.398656E-05
0,274120,5.3978965E-05
0,274130,5.397137E-05
0,274140,5.3963773E-05
0,274150,5.3956177E-05
0,274160,5.3948585E-05
0,274170,5.3940992E-05
0,274180,5.39334E-05
0,274190,5.392581E-05
0,274200,5.3918222E-05
0,274210,5.3910633E-05
0,274220,5.3903048E-05
0,274230,5.3895463E-05
0,274240,5.3887878E-05
0,274250,5.3880292E-05
0,274260,5.387271E-05
0,274270,5.386513E-05
0,274280,5.3857548E-05
0,274290,5.384997E-05
0,274300,5.3842392E-05
0,274310,5.3834814E-05
0,274320,5.382724E-05
0,274330,5.3819665E-05
0,274340,5.381209E-05
0,274350,5.3804517E-05
0,274360,5.3796946E-05
0,274370,5.3789376E-05
0,274380,5.378181E-05
0,274390,5.3774238E-05
0,274400,5.376667E-05
0,274410,5.3759108E-05
0,274420,5.375154E-05
0,274430,5.3743977E-05
0,274440,5.3736414E-05
0,274450,5.3728854E-05
0,274460,5.3721295E-05
0,274470,5.3713735E-05
0,274480,5.3706175E-05
0,274490,5.369862E-05
0,274500,5.3691063E-05
0,274510,5.3683507E-05
0,274520,5.3675954E-05
0,274530,5.3668402E-05
0,274540,5.366085E-05
0,274550,5.36533E-05
0,274560,5.364575E-05
0,274570,5.36382E-05
0,274580,5.3630654E-05
0,274590,5.362311E-05
0,274600,5.3615564E-05
0,274610,5.360802E-05
0,274620,5.3600477E-05
0,274630,5.3592936E-05
0,274640,5.3585394E-05
0,274650,5.3577853E-05
0,274660,5.3570315E-05
0,274670,5.3562777E-05
0,274680,5.3555243E-05
0,274690,5.3547705E-05
0,274700,5.354017E-05
0,274710,5.353264E-05
0,274720,5.3525106E-05
0,274730,5.3517575E-05
0,274740,5.3510048E-05
0,274750,5.3502517E-05
0,274760,5.349499E-05
0,274770,5.3487463E-05
0,274780,5.347994E-05
0,274790,5.3472413E-05
0,274800,5.346489E-05
0,274810,5.345737E-05
0,274820,5.3449847E-05
0,274830,5.3442327E-05
0,274840,5.3434807E-05
0,274850,5.342729E-05
0,274860,5.3419775E-05
0,274870,5.341226E-05
0,274880,5.3404743E-05
0,274890,5.339723E-05
0,274900,5.338972E-05
0,274910,5.338221E-05
0,274920,5.3374697E-05
0,274930,5.336719E-05
0,274940,5.335968E-05
0,274950,5.3352174E-05
0,274960,5.334467E-05
0,274970,5.3337164E-05
0,274980,5.332966E-05
0,274990,5.3322157E-05
0,275000,5.3314656E-05
0,275010,5.3307154E-05
0,275020,5.3299656E-05
0,275030,5.329216E-05
0,275040,5.328466E-05
0,275050,5.3277166E-05
0,275060,5.3269672E-05
0,275070,5.3262178E-05
0,275080,5.3254684E-05
0,275090,5.3247193E-05
0,275100,5.3239703E-05
0,275110,5.3232212E-05
0,275120,5.3224725E-05
0,275130,5.3217238E-05
0,275140,5.320975E-05
0,275150,5.3202268E-05
0,275160,5.319478E-05
0,275170,5.31873E-05
0,275180,5.3179818E-05
0,275190,5.3172338E-05
0,275200,5.316486E-05
0,275210,5.315738E-05
0,275220,5.3149903E-05
0,275230,5.3142427E-05
0,275240,5.313495E-05
0,275250,5.3127475E-05
0,275260,5.3120002E-05
0,275270,5.311253E-05
0,275280,5.310506E-05
0,275290,5.309759E-05
0,275300,5.309012E-05
0,275310,5.3082655E-05
0,275320,5.3075186E-05
0,275330,5.306772E-05
0,275340,5.3060256E-05
0,275350,5.3052794E-05
0,275360,5.3045333E-05
0,275370,5.303787E-05
0,275380,5.303041E-05
0,275390,5.302295E-05
0,275400,5.3015494E-05
0,275410,5.3008036E-05
0,275420,5.3000582E-05
0,275430,5.2993124E-05
0,275440,5.2985673E-05
0,275450,5.297822E-05
0,275460,5.297077E-05
0,275470,5.2963318E-05
0,275480,5.2955867E-05
0,275490,5.294842E-05
0,275500,5.2940974E-05
0,275510,5.2933527E-05
0,275520,5.2926083E-05
0,275530,5.291864E-05
0,275540,5.2911197E-05
0,275550,5.2903753E-05
0,275560,5.2896314E-05
0,275570,5.2888874E-05
0,275580,5.2881434E-05
0,275590,5.2874E-05
0,275600,5.2866562E-05
0,275610,5.2859126E-05
0,275620,5.2851694E-05
0,275630,5.2844258E-05
0,275640,5.2836825E-05
0,275650,5.2829397E-05
0,275660,5.2821968E-05
0,275670,5.281454E-05
0,275680,5.280711E-05
0,275690,5.2799685E-05
0,275700,5.2792257E-05
0,275710,5.2784835E-05
0,275720,5.277741E-05
0,275730,5.276999E-05
0,275740,5.2762567E-05
0,275750,5.2755146E-05
0,275760,5.2747728E-05
0,275770,5.274031E-05
0,275780,5.2732892E-05
0,275790,5.2725478E-05
0,275800,5.2718064E-05
0,275810,5.271065E-05
0,275820,5.2703235E-05
0,275830,5.2695825E-05
0,275840,5.2688414E-05
0,275850,5.2681004E-05
0,275860,5.2673597E-05
0,275870,5.266619E-05
0,275880,5.2658783E-05
0,275890,5.265138E-05
0,275900,5.2643973E-05
0,275910,5.2636573E-05
0,275920,5.262917E-05
0,275930,5.262177E-05
0,275940,5.261437E-05
0,275950,5.260697E-05
0,275960,5.2599575E-05
0,275970,5.2592175E-05
0,275980,5.2584783E-05
0,275990,5.2577387E-05
0,276000,5.2569994E-05
0,276010,5.2562602E-05
0,276020,5.255521E-05
0,276030,5.254782E-05
0,276040,5.2540432E-05
0,276050,5.2533043E-05
0,276060,5.252566E-05
0,276070,5.251827E-05
0,276080,5.2510888E-05
0,276090,5.2503503E-05
0,276100,5.249612E-05
0,276110,5.248874E-05
0,276120,5.248136E-05
0,276130,5.247398E-05
0,276140,5.2466603E-05
0,276150,5.2459225E-05
0,276160,5.2451847E-05
0,276170,5.2444473E-05
0,276180,5.24371E-05
0,276190,5.2429725E-05
0,276200,5.2422354E-05
0,276210,5.2414984E-05
0,276220,5.2407613E-05
0,276230,5.2400246E-05
0,276240,5.239288E-05
0,276250,5.2385512E-05
0,276260,5.2378145E-05
0,276270,5.2370782E-05
0,276280,5.236342E-05
0,276290,5.2356056E-05
0,276300,5.2348696E-05
0,276310,5.2341336E-05
0,276320,5.2333977E-05
0,276330,5.2326617E-05
0,276340,5.231926E-05
0,276350,5.2311905E-05
0,276360,5.2304553E-05
0,276370,5.2297197E-05
0,276380,5.2289844E-05
0,276390,5.2282496E-05
0,276400,5.2275143E-05
0,276410,5.2267795E-05
0,276420,5.2260446E-05
0,276430,5.2253097E-05
0,276440,5.2245752E-05
0,276450,5.2238407E-05
0,276460,5.2231062E-05
0,276470,5.222372E-05
0,276480,5.221638E-05
0,276490,5.2209038E-05
0,276500,5.22017E-05
0,276510,5.219436E-05
0,276520,5.218702E-05
0,276530,5.2179686E-05
0,276540,5.217235E-05
0,276550,5.2165014E-05
0,276560,5.2157684E-05
0,276570,5.215035E-05
0,276580,5.214302E-05
0,276590,5.213569E-05
0,276600,5.212836E-05
0,276610,5.212103E-05
0,276620,5.2113704E-05
0,276630,5.2106378E-05
0,276640,5.2099054E-05
0,276650,5.209173E-05
0,276660,5.2084408E-05
0,276670,5.2077085E-05
0,276680,5.2069765E-05
0,276690,5.2062445E-05
0,276700,5.205513E-05
0,276710,5.204781E-05
0,276720,5.2040494E-05
0,276730,5.2033178E-05
0,276740,5.2025865E-05
0,276750,5.2018553E-05
0,276760,5.201124E-05
0,276770,5.200393E-05
0,276780,5.199662E-05
0,276790,5.198931E-05
0,276800,5.1982002E-05
0,276810,5.1974694E-05
0,276820,5.196739E-05
0,276830,5.1960084E-05
0,276840,5.1952782E-05
0,276850,5.1945477E-05
0,276860,5.1938176E-05
0,276870,5.1930878E-05
0,276880,5.1923576E-05
0,276890,5.191628E-05
0,276900,5.190898E-05
0,276910,5.1901687E-05
0,276920,5.189439E-05
0,276930,5.1887095E-05
0,276940,5.1879804E-05
0,276950,5.187251E-05
0,276960,5.186522E-05
0,276970,5.1857933E-05
0,276980,5.1850642E-05
0,276990,5.1843355E-05
0,277000,5.183607E-05
0,277010,5.182878E-05
0,277020,5.18215E-05
0,277030,5.1814215E-05
0,277040,5.1806932E-05
0,277050,5.1799652E-05
0,277060,5.179237E-05
0,277070,5.178509E-05
0,277080,5.1777813E-05
0,277090,5.1770538E-05
0,277100,5.176326E-05
0,277110,5.1755986E-05
0,277120,5.174871E-05
0,277130,5.1741437E-05
0,277140,5.1734165E-05
0,277150,5.1726896E-05
0,277160,5.1719624E-05
0,277170,5.1712355E-05
0,277180,5.170509E-05
0,277190,5.169782E-05
0,277200,5.1690557E-05
0,277210,5.168329E-05
0,277220,5.167603E-05
0,277230,5.166877E-05
0,277240,5.1661507E-05
0,277250,5.1654246E-05
0,277260,5.1646988E-05
0,277270,5.1639727E-05
0,277280,5.1632473E-05
0,277290,5.1625215E-05
0,277300,5.161796E-05
0,277310,5.1610707E-05
0,277320,5.1603452E-05
0,277330,5.1596202E-05
0,277340,5.158895E-05
0,277350,5.15817E-05
0,277360,5.1574454E-05
0,277370,5.1567204E-05
0,277380,5.155996E-05
0,277390,5.1552714E-05
0,277400,5.154547E-05
0,277410,5.1538227E-05
0,277420,5.1530984E-05
0,277430,5.152374E-05
0,277440,5.15165E-05
0,277450,5.150926E-05
0,277460,5.1502026E-05
0,277470,5.1494786E-05
0,277480,5.148755E-05
0,277490,5.1480318E-05
0,277500,5.1473082E-05
0,277510,5.146585E-05
0,277520,5.1458617E-05
0,277530,5.145139E-05
0,277540,5.1444156E-05
0,277550,5.1436928E-05
0,277560,5.1429703E-05
0,277570,5.1422474E-05
0,277580,5.141525E-05
0,277590,5.1408024E-05
0,277600,5.1400802E-05
0,277610,5.1393577E-05
0,277620,5.1386356E-05
0,277630,5.137914E-05
0,277640,5.1371917E-05
0,277650,5.13647E-05
0,277660,5.135748E-05
0,277670,5.1350267E-05
0,277680,5.1343053E-05
0,277690,5.133584E-05
0,277700,5.1328625E-05
0,277710,5.1321415E-05
0,277720,5.1314204E-05
0,277730,5.1306994E-05
0,277740,5.1299783E-05
0,277750,5.1292576E-05
0,277760,5.128537E-05
0,277770,5.1278163E-05
0,277780,5.127096E-05
0,277790,5.1263756E-05
0,277800,5.1256553E-05
0,277810,5.1249353E-05
0,277820,5.124215E-05
0,277830,5.123495E-05
0,277840,5.1227755E-05
0,277850,5.1220555E-05
0,277860,5.121336E-05
0,277870,5.1206167E-05
0,277880,5.119897E-05
0,277890,5.119178E-05
0,277900,5.1184586E-05
0,277910,5.1177394E-05
0,277920,5.1170206E-05
0,277930,5.1163017E-05
0,277940,5.115583E-05
0,277950,5.1148643E-05
0,277960,5.1141455E-05
0,277970,5.1134273E-05
0,277980,5.112709E-05
0,277990,5.1119907E-05
0,278000,5.1112722E-05
0,278010,5.1105544E-05
0,278020,5.1098363E-05
0,278030,5.1091185E-05
0,278040,5.1084007E-05
0,278050,5.1076833E-05
0,278060,5.1069655E-05
0,278070,5.106248E-05
0,278080,5.1055307E-05
0,278090,5.1048137E-05
0,278100,5.1040966E-05
0,278110,5.1033796E-05
0,278120,5.1026625E-05
0,278130,5.101946E-05
0,278140,5.101229E-05
0,278150,5.1005125E-05
0,278160,5.099796E-05
0,278170,5.0990795E-05
0,278180,5.098363E-05
0,278190,5.0976472E-05
0,278200,5.0969313E-05
0,278210,5.0962153E-05
0,278220,5.0954994E-05
0,278230,5.0947834E-05
0,278240,5.094068E-05
0,278250,5.0933522E-05
0,278260,5.092637E-05
0,278270,5.0919214E-05
0,278280,5.0912062E-05
0,278290,5.090491E-05
0,278300,5.089776E-05
0,278310,5.0890612E-05
0,278320,5.0883464E-05
0,278330,5.0876315E-05
0,278340,5.086917E-05
0,278350,5.0862025E-05
0,278360,5.085488E-05
0,278370,5.084774E-05
0,278380,5.0840594E-05
0,278390,5.0833456E-05
0,278400,5.0826315E-05
0,278410,5.0819177E-05
0,278420,5.081204E-05
0,278430,5.08049E-05
0,278440,5.0797764E-05
0,278450,5.079063E-05
0,278460,5.0783496E-05
0,278470,5.0776365E-05
0,278480,5.076923E-05
0,278490,5.07621E-05
0,278500,5.075497E-05
0,278510,5.0747843E-05
0,278520,5.0740717E-05
0,278530,5.073359E-05
0,278540,5.0726463E-05
0,278550,5.071934E-05
0,278560,5.0712217E-05
0,278570,5.0705094E-05
0,278580,5.069797E-05
0,278590,5.069085E-05
0,278600,5.068373E-05
0,278610,5.0676616E-05
0,278620,5.0669496E-05
0,278630,5.066238E-05
0,278640,5.0655264E-05
0,278650,5.0648152E-05
0,278660,5.064104E-05
0,278670,5.0633927E-05
0,278680,5.0626815E-05
0,278690,5.0619707E-05
0,278700,5.0612598E-05
0,278710,5.060549E-05
0,278720,5.059838E-05
0,278730,5.0591276E-05
0,278740,5.058417E-05
0,278750,5.057707E-05
0,278760,5.0569965E-05
0,278770,5.0562863E-05
0,278780,5.0555762E-05
0,278790,5.0548664E-05
0,278800,5.0541563E-05
0,278810,5.0534465E-05
0,278820,5.052737E-05
0,278830,5.0520273E-05
0,278840,5.051318E-05
0,278850,5.0506085E-05
0,278860,5.0498995E-05
0,278870,5.0491904E-05
0,278880,5.0484814E-05
0,278890,5.0477724E-05
0,278900,5.0470633E-05
0,278910,5.0463546E-05
0,278920,5.045646E-05
0,278930,5.0449376E-05
0,278940,5.0442293E-05
0,278950,5.043521E-05
0,278960,5.0428127E-05
0,278970,5.0421044E-05
0,278980,5.0413964E-05
0,278990,5.0406885E-05
0,279000,5.039981E-05
0,279010,5.0392733E-05
0,279020,5.0385654E-05
0,279030,5.037858E-05
0,279040,5.0371505E-05
0,279050,5.0364433E-05
0,279060,5.035736E-05
0,279070,5.0350292E-05
0,279080,5.034322E-05
0,279090,5.033615E-05
0,279100,5.0329083E-05
0,279110,5.0322018E-05
0,279120,5.0314953E-05
0,279130,5.0307888E-05
0,279140,5.0300823E-05
0,279150,5.0293762E-05
0,279160,5.02867E-05
0,279170,5.027964E-05
0,279180,5.0272578E-05
0,279190,5.026552E-05
0,279200,5.0258463E-05
0,279210,5.025141E-05
0,279220,5.024435E-05
0,279230,5.0237297E-05
0,279240,5.0230243E-05
0,279250,5.0223192E-05
0,279260,5.021614E-05
0,279270,5.0209088E-05
0,279280,5.020204E-05
0,279290,5.019499E-05
0,279300,5.0187944E-05
0,279310,5.0180897E-05
0,279320,5.0173854E-05
0,279330,5.0166807E-05
0,279340,5.0159764E-05
0,279350,5.0152725E-05
0,279360,5.014568E-05
