"IndividualId","Time [min]","Organism|PeripheralVenousBlood|Compound1|Plasma (Peripheral Venous Blood) [µmol/l]"
0,0,0
0,10,25.502449
0,20,39.670135
0,30,38.77632
0,40,34.7935
0,50,31.268871
0,60,28.721176
0,70,26.945566
0,80,25.673527
0,90,24.709177
0,100,23.929977
0,110,23.26376
0,120,22.668953
0,130,22.12163
0,140,21.607853
0,150,21.119257
0,160,20.650673
0,170,20.198765
0,180,19.761284
0,190,19.336643
0,200,18.923689
0,210,18.521532
0,220,18.129484
0,230,17.746984
0,240,17.373573
0,250,17.00886
0,260,16.652508
0,270,16.304226
0,280,15.96375
0,290,15.630843
0,300,15.305288
0,310,14.986886
0,320,14.6754465
0,330,14.370794
0,340,14.072762
0,350,13.781188
0,360,13.495918
0,370,13.216806
0,380,12.943709
0,390,12.676489
0,400,12.41501
0,410,12.159143
0,420,11.908763
0,430,11.663744
0,440,11.423967
0,450,11.189317
0,460,10.959677
0,470,10.734937
0,480,10.514988
0,490,10.299724
0,500,10.089041
0,510,9.882837
0,520,9.681015
0,530,9.483478
0,540,9.290131
0,550,9.100881
0,560,8.915639
0,570,8.734317
0,580,8.5568285
0,590,8.38309
0,600,8.213018
0,610,8.046534
0,620,7.883558
0,630,7.724014
0,640,7.5678267
0,650,7.414923
0,660,7.265231
0,670,7.1186814
0,680,6.975205
0,690,6.8347354
0,700,6.6972065
0,710,6.562555
0,720,6.4307184
0,730,6.3016353
0,740,6.1752462
0,750,6.051492
0,760,5.9303174
0,770,5.811665
0,780,5.695481
0,790,5.5817113
0,800,5.4703045
0,810,5.36121
0,820,5.254377
0,830,5.149757
0,840,5.0473027
0,850,4.9469676
0,860,4.8487062
0,870,4.7524734
0,880,4.658226
0,890,4.565922
0,900,4.475519
0,910,4.3869767
0,920,4.300255
0,930,4.2153153
0,940,4.1321197
0,950,4.0506306
0,960,3.9708116
0,970,3.8926272
0,980,3.8160431
0,990,3.7410247
0,1000,3.667539
0,1010,3.5955532
0,1020,3.5250356
0,1030,3.4559553
0,1040,3.3882816
0,1050,3.3219848
0,1060,3.2570357
0,1070,3.1934059
0,1080,3.1310675
0,1090,3.0699935
0,1100,3.010157
0,1110,2.9515321
0,1120,2.894093
0,1130,2.837815
0,1140,2.7826736
0,1150,2.728645
0,1160,2.675706
0,1170,2.6238337
0,1180,2.5730054
0,1190,2.5231996
0,1200,2.4743948
0,1210,2.4265702
0,1220,2.3797052
0,1230,2.33378
0,1240,2.2887747
0,1250,2.2446704
0,1260,2.2014484
0,1270,2.15909
0,1280,2.1175776
0,1290,2.0768936
0,1300,2.0370204
0,1310,1.9979419
0,1320,1.9596411
0,1330,1.9221022
0,1340,1.8853092
0,1350,1.849247
0,1360,1.8139002
0,1370,1.7792543
0,1380,1.7452948
0,1390,1.7120075
0,1400,1.6793786
0,1410,1.6473945
0,1420,1.6160421
0,1430,1.5853084
0,1440,1.5551808
0,1450,1.5256466
0,1460,1.4966938
0,1470,1.4683106
0,1480,1.4404852
0,1490,1.4132065
0,1500,1.386463
0,1510,1.360244
0,1520,1.3345387
0,1530,1.3093368
0,1540,1.2846278
0,1550,1.260402
0,1560,1.2366494
0,1570,1.2133604
0,1580,1.1905257
0,1590,1.168136
0,1600,1.1461823
0,1610,1.124656
0,1620,1.103548
0,1630,1.0828503
0,1640,1.0625546
0,1650,1.0426525
0,1660,1.0231363
0,1670,1.0039982
0,1680,0.98523045
0,1690,0.96682584
0,1700,0.94877696
0,1710,0.93107665
0,1720,0.91371804
0,1730,0.8966942
0,1740,0.8799984
0,1750,0.86362416
0,1760,0.847565
0,1770,0.83181465
0,1780,0.816367
0,1790,0.80121595
0,1800,0.7863556
0,1810,0.7717802
0,1820,0.7574841
0,1830,0.74346167
0,1840,0.7297076
0,1850,0.71621644
0,1860,0.7029831
0,1870,0.6900023
0,1880,0.6772693
0,1890,0.66477895
0,1900,0.6525266
0,1910,0.6405076
0,1920,0.6287171
0,1930,0.6171509
0,1940,0.6058044
0,1950,0.59467334
0,1960,0.5837534
0,1970,0.57304054
0,1980,0.5625307
0,1990,0.5522198
0,2000,0.542104
0,2010,0.5321795
0,2020,0.52244246
0,2030,0.5128893
0,2040,0.50351644
0,2050,0.49432033
0,2060,0.4852975
0,2070,0.4764446
0,2080,0.4677583
0,2090,0.45923537
0,2100,0.45087263
0,2110,0.44266698
0,2120,0.4346153
0,2130,0.42671472
0,2140,0.41896224
0,2150,0.41135496
0,2160,0.40389013
0,2170,0.39656496
0,2180,0.3893768
0,2190,0.3823229
0,2200,0.37540075
0,2210,0.3686078
0,2220,0.36194155
0,2230,0.35539952
0,2240,0.34897938
0,2250,0.34267876
0,2260,0.33649537
0,2270,0.33042693
0,2280,0.3244713
0,2290,0.31862622
0,2300,0.31288964
0,2310,0.30725947
0,2320,0.30173364
0,2330,0.29631022
0,2340,0.2909872
0,2350,0.28576267
0,2360,0.28063473
0,2370,0.2756016
0,2380,0.27066144
0,2390,0.26581246
0,2400,0.26105297
0,2410,0.2563812
0,2420,0.25179556
0,2430,0.24729435
0,2440,0.24287601
0,2450,0.23853895
0,2460,0.23428163
0,2470,0.23010254
0,2480,0.2260002
0,2490,0.22197317
0,2500,0.21802
0,2510,0.21413933
0,2520,0.21032977
0,2530,0.20658997
0,2540,0.20291863
0,2550,0.19931446
0,2560,0.1957762
0,2570,0.19230258
0,2580,0.18889242
0,2590,0.18554452
0,2600,0.1822577
0,2610,0.1790308
0,2620,0.17586274
0,2630,0.17275238
0,2640,0.16969866
0,2650,0.1667005
0,2660,0.16375688
0,2670,0.16086677
0,2680,0.15802917
0,2690,0.15524311
0,2700,0.15250762
0,2710,0.14982176
0,2720,0.1471846
0,2730,0.14459522
0,2740,0.14205277
0,2750,0.13955635
0,2760,0.13710509
0,2770,0.13469818
0,2780,0.1323348
0,2790,0.1300141
0,2800,0.12773535
0,2810,0.12549771
0,2820,0.12330046
0,2830,0.12114284
0,2840,0.11902412
0,2850,0.11694357
0,2860,0.11490049
0,2870,0.1128942
0,2880,0.110924006
0,2890,0.108989246
0,2900,0.107089266
0,2910,0.10522343
0,2920,0.1033911
0,2930,0.10159168
0,2940,0.09982454
0,2950,0.0980891
0,2960,0.09638477
0,2970,0.09471098
0,2980,0.093067184
0,2990,0.091452815
0,3000,0.08986734
0,3010,0.08831023
0,3020,0.08678096
0,3030,0.08527902
0,3040,0.08380392
0,3050,0.082355164
0,3060,0.08093227
0,3070,0.079534754
0,3080,0.07816218
0,3090,0.07681406
0,3100,0.075489976
0,3110,0.07418948
0,3120,0.072912134
0,3130,0.07165752
0,3140,0.07042524
0,3150,0.06921487
0,3160,0.06802601
0,3170,0.066858284
0,3180,0.065711305
0,3190,0.06458468
0,3200,0.06347806
0,3210,0.062391073
0,3220,0.06132336
0,3230,0.06027458
0,3240,0.059244383
0,3250,0.058232438
0,3260,0.057238407
0,3270,0.056261975
0,3280,0.05530282
0,3290,0.05436063
0,3300,0.053435102
0,3310,0.05252593
0,3320,0.05163282
0,3330,0.050755482
0,3340,0.049893636
0,3350,0.049046997
0,3360,0.048215296
0,3370,0.04739826
0,3380,0.046595633
0,3390,0.045807146
0,3400,0.045032546
0,3410,0.044271592
0,3420,0.04352403
0,3430,0.042789623
0,3440,0.04206814
0,3450,0.04135934
0,3460,0.040663
0,3470,0.039978895
0,3480,0.03930681
0,3490,0.038646527
0,3500,0.037997834
0,3510,0.037360523
0,3520,0.036734395
0,3530,0.036119245
0,3540,0.03551488
0,3550,0.034921106
0,3560,0.034337733
0,3570,0.03376458
0,3580,0.03320146
0,3590,0.032648195
0,3600,0.032104608
0,3610,0.031570528
0,3620,0.031045789
0,3630,0.03053022
0,3640,0.030023659
0,3650,0.029525945
0,3660,0.029036924
0,3670,0.028556438
0,3680,0.028084338
0,3690,0.027620472
0,3700,0.027164696
0,3710,0.026716866
0,3720,0.02627684
0,3730,0.02584448
0,3740,0.025419652
0,3750,0.02500222
0,3760,0.024592055
0,3770,0.024189025
0,3780,0.023793008
0,3790,0.023403877
0,3800,0.023021512
0,3810,0.02264579
0,3820,0.022276597
0,3830,0.021913817
0,3840,0.021557335
0,3850,0.021207042
0,3860,0.020862825
0,3870,0.020524582
0,3880,0.020192204
0,3890,0.01986559
0,3900,0.019544635
0,3910,0.01922924
0,3920,0.01891931
0,3930,0.018614747
0,3940,0.018315455
0,3950,0.018021343
0,3960,0.01773232
0,3970,0.017448295
0,3980,0.017169181
0,3990,0.016894892
0,4000,0.016625343
0,4010,0.01636045
0,4020,0.016100131
0,4030,0.015844308
0,4040,0.015592899
0,4050,0.015345829
0,4060,0.01510302
0,4070,0.014864398
0,4080,0.01462989
0,4090,0.014399424
0,4100,0.014172929
0,4110,0.013950335
0,4120,0.013731573
0,4130,0.013516577
0,4140,0.013305281
0,4150,0.013097621
0,4160,0.0128935315
0,4170,0.012692952
0,4180,0.012495819
0,4190,0.012302074
0,4200,0.012111657
0,4210,0.01192451
0,4220,0.0117405765
0,4230,0.011559799
0,4240,0.011382124
0,4250,0.011207497
0,4260,0.011035863
0,4270,0.010867173
0,4280,0.010701373
0,4290,0.010538414
0,4300,0.010378245
0,4310,0.01022082
0,4320,0.010066088
0,4330,0.009914005
0,4340,0.009764522
0,4350,0.009617597
0,4360,0.009473183
0,4370,0.0093312375
0,4380,0.009191717
0,4390,0.00905458
0,4400,0.008919783
0,4410,0.008787288
0,4420,0.008657054
0,4430,0.008529041
0,4440,0.008403212
0,4450,0.008279528
0,4460,0.008157951
0,4470,0.008038445
0,4480,0.007920976
0,4490,0.0078055062
0,4500,0.0076920018
0,4510,0.0075804284
0,4520,0.007470753
0,4530,0.007362943
0,4540,0.007256965
0,4550,0.007152789
0,4560,0.0070503815
0,4570,0.0069497135
0,4580,0.006850754
0,4590,0.0067534745
0,4600,0.006657845
0,4610,0.006563837
0,4620,0.006471423
0,4630,0.006380575
0,4640,0.0062912656
0,4650,0.006203469
0,4660,0.0061171586
0,4670,0.0060323086
0,4680,0.005948894
0,4690,0.00586689
0,4700,0.005786272
0,4710,0.0057070167
0,4720,0.0056290994
0,4730,0.0055524986
0,4740,0.00547719
0,4750,0.0054031527
0,4760,0.0053303633
0,4770,0.0052588014
0,4780,0.005188446
0,4790,0.0051192753
0,4800,0.0050512697
0,4810,0.0049844086
0,4820,0.004918672
0,4830,0.0048540416
0,4840,0.004790498
0,4850,0.004728022
0,4860,0.0046665953
0,4870,0.0046062
0,4880,0.0045468183
0,4890,0.0044884332
0,4900,0.004431027
0,4910,0.0043745833
0,4920,0.004319085
0,4930,0.004264516
0,4940,0.00421086
0,4950,0.0041581024
0,4960,0.004106227
0,4970,0.004055219
0,4980,0.004005063
0,4990,0.003955744
0,5000,0.003907249
0,5010,0.0038595628
0,5020,0.0038126719
0,5030,0.0037665623
0,5040,0.0037212211
0,5050,0.0036766347
0,5060,0.0036327904
0,5070,0.0035896755
0,5080,0.0035472773
0,5090,0.0035055834
0,5100,0.0034645821
0,5110,0.0034242612
0,5120,0.0033846092
0,5130,0.0033456148
0,5140,0.0033072664
0,5150,0.0032695532
0,5160,0.003232464
0,5170,0.0031959882
0,5180,0.0031601158
0,5190,0.003124836
0,5200,0.0030901385
0,5210,0.0030560137
0,5220,0.0030224517
0,5230,0.0029894428
0,5240,0.0029569773
0,5250,0.0029250467
0,5260,0.0028936411
0,5270,0.0028627517
0,5280,0.0028323696
0,5290,0.0028024865
0,5300,0.0027730935
0,5310,0.0027441825
0,5320,0.002715745
0,5330,0.002687773
0,5340,0.0026602587
0,5350,0.0026331942
0,5360,0.0026065717
0,5370,0.0025803836
0,5380,0.0025546227
0,5390,0.002529282
0,5400,0.0025043534
0,5410,0.0024798308
0,5420,0.0024557067
0,5430,0.0024319747
0,5440,0.002408628
0,5450,0.0023856598
0,5460,0.0023630639
0,5470,0.002340834
0,5480,0.0023189634
0,5490,0.0022974464
0,5500,0.002276277
0,5510,0.002255449
0,5520,0.002234957
0,5530,0.0022147947
0,5540,0.002194957
0,5550,0.0021754382
0,5560,0.0021562327
0,5570,0.0021373355
0,5580,0.0021187412
0,5590,0.0021004446
0,5600,0.0020824405
0,5610,0.0020647242
0,5620,0.0020472908
0,5630,0.0020301351
0,5640,0.002013253
0,5650,0.0019966392
0,5660,0.0019802896
0,5670,0.0019641996
0,5680,0.0019483648
0,5690,0.0019327807
0,5700,0.0019174432
0,5710,0.0019023481
0,5720,0.0018874912
0,5730,0.0018728686
0,5740,0.0018584762
0,5750,0.0018443101
0,5760,0.0018303666
0,5770,0.0018166417
0,5780,0.0018031318
0,5790,0.0017898333
0,5800,0.0017767426
0,5810,0.0017638563
0,5820,0.0017511706
0,5830,0.0017386823
0,5840,0.0017263881
0,5850,0.0017142846
0,5860,0.0017023687
0,5870,0.0016906372
0,5880,0.0016790868
0,5890,0.0016677147
0,5900,0.0016565176
0,5910,0.0016454927
0,5920,0.0016346372
0,5930,0.001623948
0,5940,0.0016134224
0,5950,0.0016030577
0,5960,0.001592851
0,5970,0.0015827998
0,5980,0.0015729015
0,5990,0.0015631532
0,6000,0.0015535528
0,6010,0.0015440974
0,6020,0.0015347849
0,6030,0.0015256127
0,6040,0.0015165784
0,6050,0.0015076798
0,6060,0.0014989144
0,6070,0.0014902803
0,6080,0.001481775
0,6090,0.0014733963
0,6100,0.0014651422
0,6110,0.0014570106
0,6120,0.0014489995
0,6130,0.0014411067
0,6140,0.0014333302
0,6150,0.0014256682
0,6160,0.0014181187
0,6170,0.0014106798
0,6180,0.0014033497
0,6190,0.0013961263
0,6200,0.0013890082
0,6210,0.0013819934
0,6220,0.0013750802
0,6230,0.0013682669
0,6240,0.0013615518
0,6250,0.0013549333
0,6260,0.0013484097
0,6270,0.0013419794
0,6280,0.0013356409
0,6290,0.0013293927
0,6300,0.0013232331
0,6310,0.0013171609
0,6320,0.0013111744
0,6330,0.0013052721
0,6340,0.0012994529
0,6350,0.0012937151
0,6360,0.0012880575
0,6370,0.0012824788
0,6380,0.0012769775
0,6390,0.0012715524
0,6400,0.0012662022
0,6410,0.0012609257
0,6420,0.0012557217
0,6430,0.0012505888
0,6440,0.001245526
0,6450,0.001240532
0,6460,0.0012356058
0,6470,0.0012307462
0,6480,0.001225952
0,6490,0.0012212221
0,6500,0.0012165555
0,6510,0.0012119513
0,6520,0.0012074081
0,6530,0.0012029252
0,6540,0.0011985014
0,6550,0.0011941359
0,6560,0.0011898276
0,6570,0.0011855755
0,6580,0.0011813787
0,6590,0.0011772364
0,6600,0.0011731476
0,6610,0.0011691113
0,6620,0.0011651269
0,6630,0.0011611932
0,6640,0.0011573097
0,6650,0.0011534754
0,6660,0.0011496894
0,6670,0.001145951
0,6680,0.0011422593
0,6690,0.0011386138
0,6700,0.0011350134
0,6710,0.0011314576
0,6720,0.0011279455
0,6730,0.0011244764
0,6740,0.0011210497
0,6750,0.0011176646
0,6760,0.0011143205
0,6770,0.0011110166
0,6780,0.0011077523
0,6790,0.001104527
0,6800,0.0011013399
0,6810,0.0010981906
0,6820,0.0010950782
0,6830,0.0010920024
0,6840,0.0010889623
0,6850,0.0010859575
0,6860,0.0010829873
0,6870,0.0010800513
0,6880,0.0010771487
0,6890,0.0010742792
0,6900,0.001071442
0,6910,0.0010686369
0,6920,0.0010658631
0,6930,0.0010631201
0,6940,0.0010604075
0,6950,0.0010577248
0,6960,0.0010550715
0,6970,0.001052447
0,6980,0.001049851
0,6990,0.0010472828
0,7000,0.0010447423
0,7010,0.0010422288
0,7020,0.0010397418
0,7030,0.0010372811
0,7040,0.0010348461
0,7050,0.0010324365
0,7060,0.0010300517
0,7070,0.0010276915
0,7080,0.0010253553
0,7090,0.001023043
0,7100,0.0010207539
0,7110,0.0010184878
0,7120,0.0010162443
0,7130,0.001014023
0,7140,0.0010118235
0,7150,0.0010096456
0,7160,0.0010074888
0,7170,0.0010053529
0,7180,0.0010032374
0,7190,0.0010011421
0,7200,0.0009990666
0,7210,0.0009970106
0,7220,0.0009949738
0,7230,0.0009929559
0,7240,0.0009909566
0,7250,0.0009889755
0,7260,0.0009870124
0,7270,0.0009850671
0,7280,0.0009831392
0,7290,0.0009812283
0,7300,0.0009793343
0,7310,0.000977457
0,7320,0.0009755961
0,7330,0.0009737511
0,7340,0.000971922
0,7350,0.00097010843
0,7360,0.00096831017
0,7370,0.00096652703
0,7380,0.0009647587
0,7390,0.00096300495
0,7400,0.0009612656
0,7410,0.00095954037
0,7420,0.00095782906
0,7430,0.00095613144
0,7440,0.0009544473
0,7450,0.00095277646
0,7460,0.0009511187
0,7470,0.00094947376
0,7480,0.0009478415
0,7490,0.00094622164
0,7500,0.0009446141
0,7510,0.0009430186
0,7520,0.000941435
0,7530,0.0009398631
0,7540,0.0009383027
0,7550,0.00093675364
0,7560,0.00093521574
0,7570,0.00093368883
0,7580,0.00093217276
0,7590,0.00093066733
0,7600,0.0009291724
0,7610,0.00092768774
0,7620,0.0009262133
0,7630,0.00092474883
0,7640,0.0009232942
0,7650,0.00092184934
0,7660,0.000920414
0,7670,0.000918988
0,7680,0.00091757136
0,7690,0.00091616384
0,7700,0.0009147653
0,7710,0.0009133756
0,7720,0.0009119946
0,7730,0.0009106222
0,7740,0.0009092582
0,7750,0.0009079026
0,7760,0.00090655516
0,7770,0.00090521586
0,7780,0.0009038845
0,7790,0.0009025609
0,7800,0.00090124505
0,7810,0.00089993683
0,7820,0.0008986361
0,7830,0.00089734275
0,7840,0.0008960567
0,7850,0.00089477777
0,7860,0.00089350593
0,7870,0.000892241
0,7880,0.0008909829
0,7890,0.00088973163
0,7900,0.000888487
0,7910,0.0008872489
0,7920,0.0008860173
0,7930,0.000884792
0,7940,0.00088357297
0,7950,0.00088236015
0,7960,0.00088115345
0,7970,0.00087995274
0,7980,0.0008787579
0,7990,0.00087756896
0,8000,0.0008763857
0,8010,0.0008752082
0,8020,0.0008740362
0,8030,0.00087286974
0,8040,0.00087170873
0,8050,0.0008705531
0,8060,0.00086940266
0,8070,0.0008682575
0,8080,0.00086711743
0,8090,0.0008659824
0,8100,0.0008648524
0,8110,0.0008637273
0,8120,0.00086260703
0,8130,0.00086149154
0,8140,0.0008603808
0,8150,0.0008592747
0,8160,0.0008581732
0,8170,0.0008570762
0,8180,0.0008559837
0,8190,0.00085489557
0,8200,0.0008538118
0,8210,0.0008527323
0,8220,0.00085165707
0,8230,0.00085058593
0,8240,0.000849519
0,8250,0.00084845605
0,8260,0.00084739714
0,8270,0.0008463422
0,8280,0.0008452911
0,8290,0.0008442439
0,8300,0.0008432005
0,8310,0.00084216084
0,8320,0.00084112486
0,8330,0.00084009254
0,8340,0.00083906384
0,8350,0.0008380387
0,8360,0.000837017
0,8370,0.00083599886
0,8380,0.0008349841
0,8390,0.00083397276
0,8400,0.0008329648
0,8410,0.00083196
0,8420,0.0008309591
0,8430,0.0008299612
0,8440,0.00082896627
0,8450,0.00082797447
0,8460,0.0008269857
0,8470,0.0008259998
0,8480,0.0008250169
0,8490,0.00082403683
0,8500,0.00082305976
0,8510,0.00082208565
0,8520,0.00082111446
0,8530,0.0008201461
0,8540,0.0008191803
0,8550,0.00081821723
0,8560,0.00081725704
0,8570,0.0008162996
0,8580,0.000815345
0,8590,0.000814393
0,8600,0.00081344333
0,8610,0.0008124963
0,8620,0.0008115519
0,8630,0.0008106101
0,8640,0.00080967095
0,8650,0.0008087343
0,8660,0.0008077997
0,8670,0.00080686767
0,8680,0.00080593803
0,8690,0.0008050109
0,8700,0.0008040862
0,8710,0.0008031638
0,8720,0.0008022435
0,8730,0.0008013254
0,8740,0.00080040965
0,8750,0.0007994962
0,8760,0.00079858507
0,8770,0.0007976761
0,8780,0.000796769
0,8790,0.0007958641
0,8800,0.0007949613
0,8810,0.0007940607
0,8820,0.00079316227
0,8830,0.00079226587
0,8840,0.0007913712
0,8850,0.00079047866
0,8860,0.0007895881
0,8870,0.0007886996
0,8880,0.0007878131
0,8890,0.0007869285
0,8900,0.0007860456
0,8910,0.00078516465
0,8920,0.00078428554
0,8930,0.0007834084
0,8940,0.0007825332
0,8950,0.00078165974
0,8960,0.0007807879
0,8970,0.0007799179
0,8980,0.00077904965
0,8990,0.0007781833
0,9000,0.00077731867
0,9010,0.00077645574
0,9020,0.0007755944
0,9030,0.0007747347
0,9040,0.00077387673
0,9050,0.0007730205
0,9060,0.00077216595
0,9070,0.00077131303
0,9080,0.0007704615
0,9090,0.0007696117
0,9100,0.0007687635
0,9110,0.00076791685
0,9120,0.00076707185
0,9130,0.00076622836
0,9140,0.0007653863
0,9150,0.00076454575
0,9160,0.0007637068
0,9170,0.0007628693
0,9180,0.0007620334
0,9190,0.000761199
0,9200,0.00076036586
0,9210,0.0007595342
0,9220,0.000758704
0,9230,0.00075787527
0,9240,0.000757048
0,9250,0.0007562222
0,9260,0.00075539754
0,9270,0.0007545744
0,9280,0.0007537526
0,9290,0.0007529322
0,9300,0.00075211324
0,9310,0.00075129553
0,9320,0.0007504791
0,9330,0.00074966403
0,9340,0.0007488503
0,9350,0.0007480379
0,9360,0.0007472268
0,9370,0.00074641703
0,9380,0.0007456084
0,9390,0.0007448011
0,9400,0.0007439951
0,9410,0.0007431903
0,9420,0.00074238685
0,9430,0.0007415846
0,9440,0.00074078346
0,9450,0.00073998363
0,9460,0.00073918496
0,9470,0.0007383876
0,9480,0.0007375914
0,9490,0.0007367965
0,9500,0.0007360026
0,9510,0.0007352099
0,9520,0.0007344184
0,9530,0.00073362805
0,9540,0.00073283893
0,9550,0.000732051
0,9560,0.00073126407
0,9570,0.00073047826
0,9580,0.0007296937
0,9590,0.0007289102
0,9600,0.00072812784
0,9610,0.00072734663
0,9620,0.0007265665
0,9630,0.00072578737
0,9640,0.0007250094
0,9650,0.0007242326
0,9660,0.0007234568
0,9670,0.0007226821
0,9680,0.00072190847
0,9690,0.0007211359
0,9700,0.00072036433
0,9710,0.0007195939
0,9720,0.0007188245
0,9730,0.00071805617
0,9740,0.0007172888
0,9750,0.00071652245
0,9760,0.0007157572
0,9770,0.000714993
0,9780,0.00071422977
0,9790,0.0007134676
0,9800,0.00071270636
0,9810,0.00071194617
0,9820,0.00071118696
0,9830,0.00071042875
0,9840,0.0007096716
0,9850,0.00070891535
0,9860,0.0007081601
0,9870,0.00070740585
0,9880,0.0007066525
0,9890,0.00070590025
0,9900,0.0007051489
0,9910,0.00070439855
0,9920,0.00070364913
0,9930,0.00070290064
0,9940,0.0007021531
0,9950,0.00070140656
0,9960,0.0007006609
0,9970,0.0006999163
0,9980,0.0006991725
0,9990,0.00069842965
0,10000,0.0006976878
0,10010,0.0006969468
0,10020,0.00069620676
0,10030,0.0006954677
0,10040,0.00069472945
0,10050,0.00069399213
0,10060,0.00069325574
0,10070,0.00069252023
0,10080,0.0006917857
0,10090,0.000691052
0,10100,0.0006903192
0,10110,0.0006895873
0,10120,0.0006888563
0,10130,0.0006881262
0,10140,0.00068739697
0,10150,0.0006866686
0,10160,0.00068594114
0,10170,0.00068521453
0,10180,0.0006844888
0,10190,0.00068376394
0,10200,0.00068303995
0,10210,0.00068231684
0,10220,0.0006815946
0,10230,0.00068087317
0,10240,0.0006801526
0,10250,0.00067943294
0,10260,0.0006787141
0,10270,0.0006779961
0,10280,0.0006772789
0,10290,0.0006765626
0,10300,0.0006758472
0,10310,0.0006751325
0,10320,0.00067441876
0,10330,0.00067370577
0,10340,0.00067299366
0,10350,0.00067228236
0,10360,0.0006715719
0,10370,0.00067086227
0,10380,0.0006701534
0,10390,0.00066944544
0,10400,0.00066873827
0,10410,0.00066803186
0,10420,0.0006673263
0,10430,0.0006666216
0,10440,0.0006659177
0,10450,0.00066521455
0,10460,0.0006645122
0,10470,0.0006638107
0,10480,0.00066311
0,10490,0.0006624101
0,10500,0.00066171103
0,10510,0.0006610127
0,10520,0.00066031516
0,10530,0.0006596184
0,10540,0.0006589225
0,10550,0.00065822736
0,10560,0.000657533
0,10570,0.00065683946
0,10580,0.0006561466
0,10590,0.00065545464
0,10600,0.00065476337
0,10610,0.00065407297
0,10620,0.00065338326
0,10630,0.0006526944
0,10640,0.00065200625
0,10650,0.0006513189
0,10660,0.0006506323
0,10670,0.0006499465
0,10680,0.00064926146
0,10690,0.0006485772
0,10700,0.00064789364
0,10710,0.00064721087
0,10720,0.00064652885
0,10730,0.00064584764
0,10740,0.00064516714
0,10750,0.00064448745
0,10760,0.00064380845
0,10770,0.0006431302
0,10780,0.00064245274
0,10790,0.000641776
0,10800,0.00064110005
0,10810,0.00064042484
0,10820,0.00063975033
0,10830,0.00063907664
0,10840,0.00063840364
0,10850,0.0006377314
0,10860,0.00063705986
0,10870,0.00063638913
0,10880,0.00063571904
0,10890,0.0006350498
0,10900,0.0006343812
0,10910,0.0006337134
0,10920,0.00063304626
0,10930,0.0006323799
0,10940,0.00063171424
0,10950,0.00063104933
0,10960,0.0006303852
0,10970,0.00062972173
0,10980,0.000629059
0,10990,0.000628397
0,11000,0.0006277357
0,11010,0.0006270751
0,11020,0.00062641525
0,11030,0.0006257561
0,11040,0.0006250977
0,11050,0.00062444
0,11060,0.00062378304
0,11070,0.00062312675
0,11080,0.0006224712
0,11090,0.0006218164
0,11100,0.00062116224
0,11110,0.00062050886
0,11120,0.0006198561
0,11130,0.0006192041
0,11140,0.0006185528
0,11150,0.0006179022
0,11160,0.0006172523
0,11170,0.0006166031
0,11180,0.00061595463
0,11190,0.00061530684
0,11200,0.00061465974
0,11210,0.00061401335
0,11220,0.00061336765
0,11230,0.00061272265
0,11240,0.00061207835
0,11250,0.0006114347
0,11260,0.0006107918
0,11270,0.0006101496
0,11280,0.000609508
0,11290,0.0006088672
0,11300,0.00060822704
0,11310,0.0006075876
0,11320,0.0006069488
0,11330,0.00060631067
0,11340,0.0006056733
0,11350,0.00060503656
0,11360,0.0006044005
0,11370,0.00060376513
0,11380,0.00060313044
0,11390,0.00060249644
0,11400,0.00060186314
0,11410,0.0006012305
0,11420,0.0006005985
0,11430,0.00059996726
0,11440,0.00059933664
0,11450,0.0005987067
0,11460,0.00059807743
0,11470,0.00059744884
0,11480,0.0005968209
0,11490,0.00059619365
0,11500,0.00059556705
0,11510,0.00059494114
0,11520,0.00059431593
0,11530,0.00059369137
0,11540,0.00059306744
0,11550,0.0005924442
0,11560,0.0005918216
0,11570,0.0005911997
0,11580,0.0005905785
0,11590,0.00058995787
0,11600,0.00058933796
0,11610,0.0005887187
0,11620,0.00058810005
0,11630,0.0005874821
0,11640,0.00058686483
0,11650,0.0005862482
0,11660,0.0005856322
0,11670,0.00058501685
0,11680,0.0005844022
0,11690,0.0005837882
0,11700,0.0005831748
0,11710,0.0005825621
0,11720,0.00058195007
0,11730,0.00058133865
0,11740,0.0005807279
0,11750,0.00058011775
0,11760,0.0005795083
0,11770,0.0005788995
0,11780,0.0005782913
0,11790,0.0005776838
0,11800,0.0005770769
0,11810,0.0005764707
0,11820,0.0005758651
0,11830,0.00057526014
0,11840,0.00057465583
0,11850,0.00057405216
0,11860,0.0005734491
0,11870,0.00057284674
0,11880,0.000572245
0,11890,0.0005716439
0,11900,0.0005710434
0,11910,0.0005704435
0,11920,0.0005698443
0,11930,0.0005692458
0,11940,0.0005686478
0,11950,0.00056805054
0,11960,0.00056745386
0,11970,0.0005668578
0,11980,0.0005662624
0,11990,0.00056566764
0,12000,0.00056507345
0,12010,0.00056447997
0,12020,0.00056388706
0,12030,0.0005632948
0,12040,0.0005627032
0,12050,0.00056211214
0,12060,0.00056152174
0,12070,0.000560932
0,12080,0.00056034286
0,12090,0.0005597543
0,12100,0.0005591664
0,12110,0.00055857917
0,12120,0.0005579925
0,12130,0.00055740646
0,12140,0.00055682106
0,12150,0.00055623625
0,12160,0.0005556521
0,12170,0.0005550685
0,12180,0.00055448554
0,12190,0.0005539032
0,12200,0.0005533215
0,12210,0.0005527404
0,12220,0.0005521599
0,12230,0.00055158004
0,12240,0.00055100076
0,12250,0.0005504221
0,12260,0.00054984406
0,12270,0.00054926664
0,12280,0.0005486898
0,12290,0.0005481136
0,12300,0.000547538
0,12310,0.000546963
0,12320,0.0005463886
0,12330,0.0005458148
0,12340,0.00054524164
0,12350,0.00054466905
0,12360,0.0005440971
0,12370,0.00054352573
0,12380,0.00054295495
0,12390,0.00054238475
0,12400,0.0005418152
0,12410,0.00054124626
0,12420,0.00054067787
0,12430,0.0005401101
0,12440,0.00053954293
0,12450,0.00053897634
0,12460,0.0005384104
0,12470,0.000537845
0,12480,0.0005372802
0,12490,0.0005367161
0,12500,0.00053615245
0,12510,0.00053558947
0,12520,0.00053502707
0,12530,0.00053446525
0,12540,0.000533904
0,12550,0.0005333434
0,12560,0.00053278334
0,12570,0.0005322239
0,12580,0.00053166505
0,12590,0.0005311068
0,12600,0.0005305491
0,12610,0.000529992
0,12620,0.00052943546
0,12630,0.0005288795
0,12640,0.0005283242
0,12650,0.00052776944
0,12660,0.0005272153
0,12670,0.0005266617
0,12680,0.00052610866
0,12690,0.0005255563
0,12700,0.0005250044
0,12710,0.0005244532
0,12720,0.0005239025
0,12730,0.0005233524
0,12740,0.0005228029
0,12750,0.0005222539
0,12760,0.00052170554
0,12770,0.00052115775
0,12780,0.00052061054
0,12790,0.0005200639
0,12800,0.00051951787
0,12810,0.00051897235
0,12820,0.00051842746
0,12830,0.0005178831
0,12840,0.00051733933
0,12850,0.00051679614
0,12860,0.0005162535
0,12870,0.0005157115
0,12880,0.00051517
0,12890,0.00051462906
0,12900,0.0005140887
0,12910,0.00051354896
0,12920,0.0005130097
0,12930,0.0005124711
0,12940,0.000511933
0,12950,0.0005113955
0,12960,0.0005108586
0,12970,0.0005103222
0,12980,0.00050978636
0,12990,0.00050925114
0,13000,0.00050871645
0,13010,0.00050818233
0,13020,0.00050764874
0,13030,0.00050711574
0,13040,0.0005065833
0,13050,0.0005060514
0,13060,0.0005055201
0,13070,0.00050498935
0,13080,0.00050445914
0,13090,0.00050392945
0,13100,0.0005034004
0,13110,0.0005028718
0,13120,0.0005023439
0,13130,0.00050181645
0,13140,0.00050128956
0,13150,0.00050076324
0,13160,0.00050023745
0,13170,0.00049971225
0,13180,0.0004991876
0,13190,0.00049866346
0,13200,0.00049813994
0,13210,0.00049761694
0,13220,0.0004970945
0,13230,0.0004965725
0,13240,0.00049605116
0,13250,0.0004955304
0,13260,0.0004950101
0,13270,0.0004944904
0,13280,0.0004939712
0,13290,0.0004934526
0,13300,0.0004929345
0,13310,0.00049241696
0,13320,0.00049189996
0,13330,0.00049138354
0,13340,0.0004908676
0,13350,0.0004903523
0,13360,0.00048983743
0,13370,0.00048932317
0,13380,0.0004888094
0,13390,0.0004882962
0,13400,0.00048778355
0,13410,0.0004872714
0,13420,0.00048675982
0,13430,0.00048624875
0,13440,0.00048573824
0,13450,0.0004852283
0,13460,0.00048471885
0,13470,0.00048420994
0,13480,0.00048370156
0,13490,0.00048319373
0,13500,0.00048268642
0,13510,0.00048217966
0,13520,0.00048167343
0,13530,0.00048116772
0,13540,0.00048066254
0,13550,0.00048015788
0,13560,0.00047965377
0,13570,0.00047915019
0,13580,0.00047864713
0,13590,0.00047814462
0,13600,0.0004776426
0,13610,0.00047714115
0,13620,0.0004766402
0,13630,0.00047613977
0,13640,0.00047563988
0,13650,0.00047514052
0,13660,0.00047464168
0,13670,0.00047414337
0,13680,0.00047364557
0,13690,0.00047314828
0,13700,0.00047265153
0,13710,0.0004721553
0,13720,0.0004716596
0,13730,0.0004711644
0,13740,0.00047066974
0,13750,0.0004701756
0,13760,0.00046968198
0,13770,0.00046918885
0,13780,0.00046869626
0,13790,0.0004682042
0,13800,0.00046771264
0,13810,0.0004672216
0,13820,0.00046673106
0,13830,0.00046624106
0,13840,0.00046575157
0,13850,0.0004652626
0,13860,0.00046477412
0,13870,0.00046428616
0,13880,0.00046379873
0,13890,0.0004633118
0,13900,0.00046282535
0,13910,0.00046233946
0,13920,0.00046185407
0,13930,0.00046136917
0,13940,0.0004608848
0,13950,0.00046040092
0,13960,0.00045991756
0,13970,0.0004594347
0,13980,0.00045895236
0,13990,0.00045847052
0,14000,0.0004579892
0,14010,0.00045750834
0,14020,0.000457028
0,14030,0.0004565482
0,14040,0.0004560689
0,14050,0.00045559008
0,14060,0.00045511176
0,14070,0.00045463396
0,14080,0.00045415666
0,14090,0.00045367985
0,14100,0.00045320354
0,14110,0.00045272775
0,14120,0.00045225245
0,14130,0.00045177763
0,14140,0.00045130332
0,14150,0.0004508295
0,14160,0.00045035622
0,14170,0.0004498834
0,14180,0.00044941108
0,14190,0.00044893924
0,14200,0.00044846794
0,14210,0.0004479971
0,14220,0.00044752678
0,14230,0.00044705693
0,14240,0.00044658757
0,14250,0.0004461187
0,14260,0.00044565034
0,14270,0.00044518246
0,14280,0.0004447151
0,14290,0.0004442482
0,14300,0.0004437818
0,14310,0.0004433159
0,14320,0.00044285046
0,14330,0.00044238556
0,14340,0.0004419211
0,14350,0.00044145714
0,14360,0.00044099367
0,14370,0.00044053068
0,14380,0.0004400682
0,14390,0.00043960617
0,14400,0.00043914467
0,14410,0.00043868364
0,14420,0.00043822307
0,14430,0.000437763
0,14440,0.0004373034
0,14450,0.0004368443
0,14460,0.00043638566
0,14470,0.00043592753
0,14480,0.00043546985
0,14490,0.00043501268
0,14500,0.000434556
0,14510,0.00043409975
0,14520,0.00043364402
0,14530,0.00043318875
0,14540,0.00043273397
0,14550,0.00043227966
0,14560,0.0004318258
0,14570,0.00043137246
0,14580,0.00043091958
0,14590,0.0004304672
0,14600,0.00043001524
0,14610,0.00042956378
0,14620,0.0004291128
0,14630,0.0004286623
0,14640,0.00042821225
0,14650,0.00042776272
0,14660,0.00042731361
0,14670,0.00042686498
0,14680,0.00042641684
0,14690,0.00042596916
0,14700,0.00042552195
0,14710,0.00042507524
0,14720,0.00042462896
0,14730,0.00042418315
0,14740,0.00042373783
0,14750,0.00042329295
0,14760,0.00042284856
0,14770,0.00042240464
0,14780,0.00042196116
0,14790,0.00042151817
0,14800,0.00042107565
0,14810,0.00042063356
0,14820,0.00042019197
0,14830,0.00041975084
0,14840,0.00041931015
0,14850,0.00041886992
0,14860,0.00041843017
0,14870,0.00041799087
0,14880,0.00041755204
0,14890,0.00041711368
0,14900,0.0004166758
0,14910,0.00041623833
0,14920,0.00041580133
0,14930,0.0004153648
0,14940,0.00041492874
0,14950,0.00041449312
0,14960,0.00041405795
0,14970,0.00041362326
0,14980,0.000413189
0,14990,0.00041275524
0,15000,0.00041232188
0,15010,0.00041188902
0,15020,0.0004114566
0,15030,0.0004110246
0,15040,0.00041059311
0,15050,0.00041016203
0,15060,0.00040973144
0,15070,0.00040930128
0,15080,0.00040887157
0,15090,0.0004084423
0,15100,0.0004080135
0,15110,0.00040758515
0,15120,0.00040715726
0,15130,0.00040672979
0,15140,0.00040630277
0,15150,0.00040587623
0,15160,0.00040545012
0,15170,0.00040502445
0,15180,0.00040459924
0,15190,0.00040417447
0,15200,0.00040375013
0,15210,0.00040332627
0,15220,0.00040290284
0,15230,0.00040247984
0,15240,0.0004020573
0,15250,0.0004016352
0,15260,0.00040121353
0,15270,0.0004007923
0,15280,0.00040037156
0,15290,0.0003999512
0,15300,0.00039953133
0,15310,0.0003991119
0,15320,0.00039869288
0,15330,0.0003982743
0,15340,0.00039785617
0,15350,0.00039743847
0,15360,0.00039702124
0,15370,0.00039660442
0,15380,0.00039618803
0,15390,0.0003957721
0,15400,0.0003953566
0,15410,0.00039494154
0,15420,0.0003945269
0,15430,0.00039411272
0,15440,0.00039369895
0,15450,0.00039328562
0,15460,0.00039287272
0,15470,0.00039246026
0,15480,0.00039204824
0,15490,0.00039163665
0,15500,0.00039122548
0,15510,0.00039081476
0,15520,0.00039040446
0,15530,0.0003899946
0,15540,0.00038958516
0,15550,0.00038917616
0,15560,0.00038876757
0,15570,0.00038835942
0,15580,0.0003879517
0,15590,0.00038754442
0,15600,0.00038713755
0,15610,0.00038673112
0,15620,0.0003863251
0,15630,0.00038591953
0,15640,0.00038551434
0,15650,0.00038510963
0,15660,0.00038470532
0,15670,0.00038430144
0,15680,0.00038389798
0,15690,0.00038349495
0,15700,0.00038309232
0,15710,0.00038269014
0,15720,0.00038228836
0,15730,0.00038188702
0,15740,0.00038148608
0,15750,0.00038108559
0,15760,0.0003806855
0,15770,0.00038028584
0,15780,0.0003798866
0,15790,0.00037948778
0,15800,0.00037908938
0,15810,0.0003786914
0,15820,0.0003782938
0,15830,0.00037789665
0,15840,0.00037749993
0,15850,0.0003771036
0,15860,0.0003767077
0,15870,0.0003763122
0,15880,0.00037591715
0,15890,0.00037552248
0,15900,0.00037512823
0,15910,0.00037473443
0,15920,0.000374341
0,15930,0.000373948
0,15940,0.0003735554
0,15950,0.00037316323
0,15960,0.00037277146
0,15970,0.0003723801
0,15980,0.00037198915
0,15990,0.00037159864
0,16000,0.0003712085
0,16010,0.0003708188
0,16020,0.00037042948
0,16030,0.0003700406
0,16040,0.00036965212
0,16050,0.00036926402
0,16060,0.00036887635
0,16070,0.0003684891
0,16080,0.00036810222
0,16090,0.00036771578
0,16100,0.00036732972
0,16110,0.0003669441
0,16120,0.00036655884
0,16130,0.000366174
0,16140,0.0003657896
0,16150,0.00036540558
0,16160,0.00036502196
0,16170,0.00036463872
0,16180,0.00036425592
0,16190,0.0003638735
0,16200,0.00036349148
0,16210,0.00036310987
0,16220,0.00036272866
0,16230,0.00036234784
0,16240,0.00036196742
0,16250,0.00036158742
0,16260,0.0003612078
0,16270,0.0003608286
0,16280,0.00036044978
0,16290,0.00036007137
0,16300,0.00035969334
0,16310,0.00035931572
0,16320,0.0003589385
0,16330,0.00035856167
0,16340,0.0003581852
0,16350,0.0003578092
0,16360,0.00035743354
0,16370,0.00035705828
0,16380,0.00035668342
0,16390,0.00035630897
0,16400,0.0003559349
0,16410,0.0003555612
0,16420,0.00035518792
0,16430,0.000354815
0,16440,0.0003544425
0,16450,0.00035407042
0,16460,0.00035369868
0,16470,0.00035332737
0,16480,0.0003529564
0,16490,0.00035258586
0,16500,0.0003522157
0,16510,0.00035184593
0,16520,0.00035147654
0,16530,0.00035110753
0,16540,0.00035073893
0,16550,0.0003503707
0,16560,0.00035000287
0,16570,0.00034963543
0,16580,0.00034926835
0,16590,0.00034890167
0,16600,0.0003485354
0,16610,0.00034816947
0,16620,0.00034780396
0,16630,0.00034743882
0,16640,0.00034707403
0,16650,0.00034670968
0,16660,0.00034634568
0,16670,0.00034598206
0,16680,0.00034561884
0,16690,0.000345256
0,16700,0.00034489352
0,16710,0.00034453144
0,16720,0.00034416973
0,16730,0.0003438084
0,16740,0.00034344746
0,16750,0.0003430869
0,16760,0.0003427267
0,16770,0.00034236687
0,16780,0.00034200744
0,16790,0.00034164838
0,16800,0.0003412897
0,16810,0.0003409314
0,16820,0.0003405735
0,16830,0.00034021592
0,16840,0.00033985876
0,16850,0.00033950194
0,16860,0.00033914554
0,16870,0.00033878948
0,16880,0.0003384338
0,16890,0.00033807848
0,16900,0.00033772356
0,16910,0.00033736898
0,16920,0.00033701482
0,16930,0.000336661
0,16940,0.00033630757
0,16950,0.00033595448
0,16960,0.00033560177
0,16970,0.00033524944
0,16980,0.0003348975
0,16990,0.00033454588
0,17000,0.00033419466
0,17010,0.0003338438
0,17020,0.0003334933
0,17030,0.0003331432
0,17040,0.00033279345
0,17050,0.0003324441
0,17060,0.00033209505
0,17070,0.0003317464
0,17080,0.00033139813
0,17090,0.0003310502
0,17100,0.00033070266
0,17110,0.00033035545
0,17120,0.00033000865
0,17130,0.00032966217
0,17140,0.00032931607
0,17150,0.00032897035
0,17160,0.00032862497
0,17170,0.00032827997
0,17180,0.00032793533
0,17190,0.00032759106
0,17200,0.0003272471
0,17210,0.00032690357
0,17220,0.00032656037
0,17230,0.00032621753
0,17240,0.00032587504
0,17250,0.00032553292
0,17260,0.00032519115
0,17270,0.00032484977
0,17280,0.00032450873
0,17290,0.00032416804
0,17300,0.0003238277
0,17310,0.00032348774
0,17320,0.00032314812
0,17330,0.00032280886
0,17340,0.00032246995
0,17350,0.0003221314
0,17360,0.00032179322
0,17370,0.0003214554
0,17380,0.0003211179
0,17390,0.0003207808
0,17400,0.000320444
0,17410,0.0003201076
0,17420,0.00031977153
0,17430,0.0003194358
0,17440,0.00031910045
0,17450,0.00031876544
0,17460,0.0003184308
0,17470,0.00031809648
0,17480,0.00031776252
0,17490,0.00031742893
0,17500,0.00031709566
0,17510,0.00031676277
0,17520,0.00031643023
0,17530,0.000316098
0,17540,0.00031576617
0,17550,0.00031543465
0,17560,0.00031510348
0,17570,0.00031477268
0,17580,0.0003144422
0,17590,0.0003141121
0,17600,0.00031378234
0,17610,0.0003134529
0,17620,0.00031312383
0,17630,0.00031279508
0,17640,0.0003124667
0,17650,0.00031213867
0,17660,0.00031181096
0,17670,0.0003114836
0,17680,0.0003111566
0,17690,0.00031082993
0,17700,0.00031050362
0,17710,0.00031017762
0,17720,0.00030985198
0,17730,0.0003095267
0,17740,0.0003092017
0,17750,0.00030887712
0,17760,0.00030855284
0,17770,0.0003082289
0,17780,0.0003079053
0,17790,0.00030758206
0,17800,0.00030725912
0,17810,0.00030693656
0,17820,0.00030661433
0,17830,0.00030629244
0,17840,0.00030597087
0,17850,0.00030564962
0,17860,0.00030532875
0,17870,0.0003050082
0,17880,0.000304688
0,17890,0.00030436812
0,17900,0.00030404856
0,17910,0.00030372935
0,17920,0.0003034105
0,17930,0.00030309195
0,17940,0.00030277375
0,17950,0.00030245588
0,17960,0.00030213836
0,17970,0.00030182116
0,17980,0.00030150427
0,17990,0.00030118774
0,18000,0.00030087156
0,18010,0.0003005557
0,18020,0.00030024015
0,18030,0.00029992493
0,18040,0.00029961005
0,18050,0.0002992955
0,18060,0.0002989813
0,18070,0.0002986674
0,18080,0.00029835384
0,18090,0.00029804063
0,18100,0.00029772773
0,18110,0.00029741516
0,18120,0.00029710293
0,18130,0.000296791
0,18140,0.0002964794
0,18150,0.00029616815
0,18160,0.00029585723
0,18170,0.00029554663
0,18180,0.00029523633
0,18190,0.0002949264
0,18200,0.00029461677
0,18210,0.00029430745
0,18220,0.00029399848
0,18230,0.0002936898
0,18240,0.00029338148
0,18250,0.00029307348
0,18260,0.0002927658
0,18270,0.00029245843
0,18280,0.0002921514
0,18290,0.00029184468
0,18300,0.0002915383
0,18310,0.00029123222
0,18320,0.00029092646
0,18330,0.00029062104
0,18340,0.00029031592
0,18350,0.00029001114
0,18360,0.0002897067
0,18370,0.00028940252
0,18380,0.0002890987
0,18390,0.00028879519
0,18400,0.00028849198
0,18410,0.00028818913
0,18420,0.00028788656
0,18430,0.00028758432
0,18440,0.0002872824
0,18450,0.0002869808
0,18460,0.0002866795
0,18470,0.00028637855
0,18480,0.0002860779
0,18490,0.00028577755
0,18500,0.00028547752
0,18510,0.0002851778
0,18520,0.00028487842
0,18530,0.00028457935
0,18540,0.00028428057
0,18550,0.00028398214
0,18560,0.000283684
0,18570,0.00028338615
0,18580,0.00028308865
0,18590,0.00028279144
0,18600,0.00028249455
0,18610,0.000282198
0,18620,0.0002819017
0,18630,0.00028160575
0,18640,0.00028131012
0,18650,0.00028101477
0,18660,0.00028071977
0,18670,0.00028042504
0,18680,0.00028013065
0,18690,0.00027983656
0,18700,0.00027954276
0,18710,0.00027924927
0,18720,0.0002789561
0,18730,0.00027866327
0,18740,0.0002783707
0,18750,0.00027807846
0,18760,0.00027778652
0,18770,0.00027749487
0,18780,0.00027720354
0,18790,0.00027691253
0,18800,0.0002766218
0,18810,0.00027633138
0,18820,0.00027604128
0,18830,0.0002757515
0,18840,0.000275462
0,18850,0.0002751728
0,18860,0.0002748839
0,18870,0.0002745953
0,18880,0.00027430704
0,18890,0.00027401905
0,18900,0.00027373136
0,18910,0.000273444
0,18920,0.0002731569
0,18930,0.00027287015
0,18940,0.00027258368
0,18950,0.0002722975
0,18960,0.00027201162
0,18970,0.00027172605
0,18980,0.00027144077
0,18990,0.00027115582
0,19000,0.00027087113
0,19010,0.00027058675
0,19020,0.0002703027
0,19030,0.0002700189
0,19040,0.00026973544
0,19050,0.00026945226
0,19060,0.00026916937
0,19070,0.00026888677
0,19080,0.0002686045
0,19090,0.0002683225
0,19100,0.0002680408
0,19110,0.0002677594
0,19120,0.0002674783
0,19130,0.00026719747
0,19140,0.00026691696
0,19150,0.00026663672
0,19160,0.0002663568
0,19170,0.00026607717
0,19180,0.00026579783
0,19190,0.0002655188
0,19200,0.00026524003
0,19210,0.00026496156
0,19220,0.0002646834
0,19230,0.0002644055
0,19240,0.0002641279
0,19250,0.00026385064
0,19260,0.00026357363
0,19270,0.0002632969
0,19280,0.00026302048
0,19290,0.00026274435
0,19300,0.00026246853
0,19310,0.00026219297
0,19320,0.0002619177
0,19330,0.00026164274
0,19340,0.00026136806
0,19350,0.00026109364
0,19360,0.00026081954
0,19370,0.00026054573
0,19380,0.00026027218
0,19390,0.00025999892
0,19400,0.00025972596
0,19410,0.00025945329
0,19420,0.0002591809
0,19430,0.0002589088
0,19440,0.00025863698
0,19450,0.00025836547
0,19460,0.00025809422
0,19470,0.00025782327
0,19480,0.00025755257
0,19490,0.0002572822
0,19500,0.00025701209
0,19510,0.00025674226
0,19520,0.00025647273
0,19530,0.00025620346
0,19540,0.0002559345
0,19550,0.0002556658
0,19560,0.00025539738
0,19570,0.00025512924
0,19580,0.0002548614
0,19590,0.00025459385
0,19600,0.00025432656
0,19610,0.00025405956
0,19620,0.00025379282
0,19630,0.00025352638
0,19640,0.00025326022
0,19650,0.00025299433
0,19660,0.00025272873
0,19670,0.0002524634
0,19680,0.00025219834
0,19690,0.00025193358
0,19700,0.0002516691
0,19710,0.00025140485
0,19720,0.00025114094
0,19730,0.00025087726
0,19740,0.0002506139
0,19750,0.00025035077
0,19760,0.00025008793
0,19770,0.0002498254
0,19780,0.0002495631
0,19790,0.0002493011
0,19800,0.00024903938
0,19810,0.0002487779
0,19820,0.00024851674
0,19830,0.00024825585
0,19840,0.0002479952
0,19850,0.00024773486
0,19860,0.00024747476
0,19870,0.00024721495
0,19880,0.0002469554
0,19890,0.00024669615
0,19900,0.00024643715
0,19910,0.00024617845
0,19920,0.00024591997
0,19930,0.0002456618
0,19940,0.0002454039
0,19950,0.00024514625
0,19960,0.00024488888
0,19970,0.00024463178
0,19980,0.00024437497
0,19990,0.00024411842
0,20000,0.00024386212
0,20010,0.0002436061
0,20020,0.00024335035
0,20030,0.00024309487
0,20040,0.00024283965
0,20050,0.00024258472
0,20060,0.00024233003
0,20070,0.00024207562
0,20080,0.00024182149
0,20090,0.0002415676
0,20100,0.00024131399
0,20110,0.00024106065
0,20120,0.00024080757
0,20130,0.00024055476
0,20140,0.00024030221
0,20150,0.00024004994
0,20160,0.00023979791
0,20170,0.00023954616
0,20180,0.00023929468
0,20190,0.00023904345
0,20200,0.00023879249
0,20210,0.00023854179
0,20220,0.00023829137
0,20230,0.00023804119
0,20240,0.00023779129
0,20250,0.00023754164
0,20260,0.00023729226
0,20270,0.00023704313
0,20280,0.00023679428
0,20290,0.00023654567
0,20300,0.00023629735
0,20310,0.00023604927
0,20320,0.00023580145
0,20330,0.00023555389
0,20340,0.0002353066
0,20350,0.00023505956
0,20360,0.00023481277
0,20370,0.00023456627
0,20380,0.00023432
0,20390,0.000234074
0,20400,0.00023382826
0,20410,0.00023358277
0,20420,0.00023333755
0,20430,0.00023309258
0,20440,0.00023284786
0,20450,0.0002326034
0,20460,0.0002323592
0,20470,0.00023211527
0,20480,0.00023187159
0,20490,0.00023162815
0,20500,0.00023138497
0,20510,0.00023114205
0,20520,0.00023089939
0,20530,0.00023065698
0,20540,0.00023041482
0,20550,0.00023017293
0,20560,0.00022993128
0,20570,0.00022968989
0,20580,0.00022944875
0,20590,0.00022920786
0,20600,0.00022896723
0,20610,0.00022872684
0,20620,0.00022848671
0,20630,0.00022824683
0,20640,0.00022800721
0,20650,0.00022776784
0,20660,0.00022752871
0,20670,0.00022728984
0,20680,0.00022705122
0,20690,0.00022681284
0,20700,0.00022657473
0,20710,0.00022633687
0,20720,0.00022609925
0,20730,0.00022586188
0,20740,0.00022562475
0,20750,0.00022538788
0,20760,0.00022515126
0,20770,0.00022491488
0,20780,0.00022467875
0,20790,0.00022444288
0,20800,0.00022420724
0,20810,0.00022397186
0,20820,0.00022373672
0,20830,0.00022350183
0,20840,0.00022326718
0,20850,0.0002230328
0,20860,0.00022279864
0,20870,0.00022256473
0,20880,0.00022233107
0,20890,0.00022209766
0,20900,0.0002218645
0,20910,0.00022163156
0,20920,0.00022139889
0,20930,0.00022116645
0,20940,0.00022093426
0,20950,0.0002207023
0,20960,0.00022047061
0,20970,0.00022023915
0,20980,0.00022000792
0,20990,0.00021977695
0,21000,0.00021954621
0,21010,0.00021931573
0,21020,0.00021908547
0,21030,0.00021885546
0,21040,0.0002186257
0,21050,0.00021839618
0,21060,0.0002181669
0,21070,0.00021793786
0,21080,0.00021770905
0,21090,0.0002174805
0,21100,0.00021725216
0,21110,0.00021702409
0,21120,0.00021679624
0,21130,0.00021656865
0,21140,0.00021634127
0,21150,0.00021611415
0,21160,0.00021588727
0,21170,0.0002156606
0,21180,0.00021543421
0,21190,0.00021520803
0,21200,0.0002149821
0,21210,0.0002147564
0,21220,0.00021453093
0,21230,0.0002143057
0,21240,0.00021408072
0,21250,0.00021385596
0,21260,0.00021363144
0,21270,0.00021340717
0,21280,0.00021318311
0,21290,0.0002129593
0,21300,0.00021273573
0,21310,0.0002125124
0,21320,0.00021228929
0,21330,0.00021206641
0,21340,0.00021184377
0,21350,0.00021162137
0,21360,0.0002113992
0,21370,0.00021117726
0,21380,0.00021095556
0,21390,0.00021073408
0,21400,0.00021051285
0,21410,0.00021029184
0,21420,0.00021007107
0,21430,0.00020985052
0,21440,0.0002096302
0,21450,0.00020941012
0,21460,0.00020919029
0,21470,0.00020897065
0,21480,0.00020875127
0,21490,0.00020853212
0,21500,0.00020831318
0,21510,0.00020809448
0,21520,0.00020787602
0,21530,0.00020765778
0,21540,0.00020743978
0,21550,0.000207222
0,21560,0.00020700444
0,21570,0.00020678711
0,21580,0.00020657002
0,21590,0.00020635316
0,21600,0.00020613651
0,21610,0.0002059201
0,21620,0.00020570391
0,21630,0.00020548796
0,21640,0.00020527223
0,21650,0.00020505671
0,21660,0.00020484145
0,21670,0.00020462638
0,21680,0.00020441157
0,21690,0.00020419696
0,21700,0.00020398258
0,21710,0.00020376843
0,21720,0.0002035545
0,21730,0.00020334081
0,21740,0.00020312733
0,21750,0.00020291407
0,21760,0.00020270105
0,21770,0.00020248824
0,21780,0.00020227565
0,21790,0.0002020633
0,21800,0.00020185116
0,21810,0.00020163924
0,21820,0.00020142755
0,21830,0.00020121608
0,21840,0.00020100483
0,21850,0.00020079382
0,21860,0.00020058302
0,21870,0.00020037242
0,21880,0.00020016206
0,21890,0.00019995193
0,21900,0.000199742
0,21910,0.00019953231
0,21920,0.00019932284
0,21930,0.00019911357
0,21940,0.00019890453
0,21950,0.0001986957
0,21960,0.0001984871
0,21970,0.00019827874
0,21980,0.00019807057
0,21990,0.00019786262
0,22000,0.0001976549
0,22010,0.00019744739
0,22020,0.0001972401
0,22030,0.00019703302
0,22040,0.00019682616
0,22050,0.00019661953
0,22060,0.00019641311
0,22070,0.00019620691
0,22080,0.00019600091
0,22090,0.00019579515
0,22100,0.00019558959
0,22110,0.00019538424
0,22120,0.00019517912
0,22130,0.00019497421
0,22140,0.00019476953
0,22150,0.00019456504
0,22160,0.00019436078
0,22170,0.00019415673
0,22180,0.00019395289
0,22190,0.00019374928
0,22200,0.00019354587
0,22210,0.00019334267
0,22220,0.00019313968
0,22230,0.00019293692
0,22240,0.00019273437
0,22250,0.00019253202
0,22260,0.0001923299
0,22270,0.00019212798
0,22280,0.00019192627
0,22290,0.00019172477
0,22300,0.00019152349
0,22310,0.00019132243
0,22320,0.00019112157
0,22330,0.00019092091
0,22340,0.00019072047
0,22350,0.00019052025
0,22360,0.00019032024
0,22370,0.00019012042
0,22380,0.00018992083
0,22390,0.00018972144
0,22400,0.00018952225
0,22410,0.00018932328
0,22420,0.00018912452
0,22430,0.00018892597
0,22440,0.00018872763
0,22450,0.00018852949
0,22460,0.00018833157
0,22470,0.00018813384
0,22480,0.00018793633
0,22490,0.00018773903
0,22500,0.00018754193
0,22510,0.00018734504
0,22520,0.00018714835
0,22530,0.00018695187
0,22540,0.0001867556
0,22550,0.00018655954
0,22560,0.00018636369
0,22570,0.00018616802
0,22580,0.00018597257
0,22590,0.00018577733
0,22600,0.00018558229
0,22610,0.00018538746
0,22620,0.00018519284
0,22630,0.00018499841
0,22640,0.00018480419
0,22650,0.00018461017
0,22660,0.00018441635
0,22670,0.00018422275
0,22680,0.00018402934
0,22690,0.00018383613
0,22700,0.00018364313
0,22710,0.00018345033
0,22720,0.00018325774
0,22730,0.00018306535
0,22740,0.00018287316
0,22750,0.00018268116
0,22760,0.00018248938
0,22770,0.0001822978
0,22780,0.0001821064
0,22790,0.00018191522
0,22800,0.00018172424
0,22810,0.00018153345
0,22820,0.00018134287
0,22830,0.00018115249
0,22840,0.0001809623
0,22850,0.00018077232
0,22860,0.00018058254
0,22870,0.00018039296
0,22880,0.00018020357
0,22890,0.00018001438
0,22900,0.0001798254
0,22910,0.0001796366
0,22920,0.00017944802
0,22930,0.00017925962
0,22940,0.00017907143
0,22950,0.00017888342
0,22960,0.00017869563
0,22970,0.00017850802
0,22980,0.00017832061
0,22990,0.0001781334
0,23000,0.0001779464
0,23010,0.00017775958
0,23020,0.00017757295
0,23030,0.00017738652
0,23040,0.0001772003
0,23050,0.00017701427
0,23060,0.00017682843
0,23070,0.00017664279
0,23080,0.00017645734
0,23090,0.00017627208
0,23100,0.00017608702
0,23110,0.00017590215
0,23120,0.00017571749
0,23130,0.000175533
0,23140,0.00017534872
0,23150,0.00017516463
0,23160,0.00017498074
0,23170,0.00017479704
0,23180,0.00017461352
0,23190,0.0001744302
0,23200,0.00017424708
0,23210,0.00017406415
0,23220,0.0001738814
0,23230,0.00017369886
0,23240,0.0001735165
0,23250,0.00017333432
0,23260,0.00017315235
0,23270,0.00017297057
0,23280,0.00017278898
0,23290,0.00017260757
0,23300,0.00017242636
0,23310,0.00017224535
0,23320,0.00017206451
0,23330,0.00017188386
0,23340,0.00017170342
0,23350,0.00017152315
0,23360,0.00017134308
0,23370,0.00017116319
0,23380,0.00017098349
0,23390,0.00017080399
0,23400,0.00017062467
0,23410,0.00017044555
0,23420,0.0001702666
0,23430,0.00017008785
0,23440,0.00016990928
0,23450,0.00016973089
0,23460,0.0001695527
0,23470,0.0001693747
0,23480,0.00016919688
0,23490,0.00016901924
0,23500,0.00016884181
0,23510,0.00016866454
0,23520,0.00016848747
0,23530,0.0001683106
0,23540,0.00016813389
0,23550,0.00016795738
0,23560,0.00016778104
0,23570,0.0001676049
0,23580,0.00016742894
0,23590,0.00016725317
0,23600,0.00016707757
0,23610,0.00016690216
0,23620,0.00016672694
0,23630,0.00016655191
0,23640,0.00016637705
0,23650,0.00016620239
0,23660,0.0001660279
0,23670,0.00016585359
0,23680,0.00016567946
0,23690,0.00016550552
0,23700,0.00016533177
0,23710,0.0001651582
0,23720,0.0001649848
0,23730,0.00016481159
0,23740,0.00016463856
0,23750,0.00016446572
0,23760,0.00016429306
0,23770,0.00016412057
0,23780,0.00016394827
0,23790,0.00016377615
0,23800,0.00016360421
0,23810,0.00016343244
0,23820,0.00016326088
0,23830,0.00016308947
0,23840,0.00016291825
0,23850,0.00016274721
0,23860,0.00016257635
0,23870,0.00016240567
0,23880,0.00016223517
0,23890,0.00016206484
0,23900,0.0001618947
0,23910,0.00016172473
0,23920,0.00016155496
0,23930,0.00016138534
0,23940,0.00016121591
0,23950,0.00016104666
0,23960,0.00016087758
0,23970,0.00016070869
0,23980,0.00016053996
0,23990,0.00016037142
0,24000,0.00016020305
0,24010,0.00016003486
0,24020,0.00015986686
0,24030,0.00015969902
0,24040,0.00015953135
0,24050,0.00015936387
0,24060,0.00015919657
0,24070,0.00015902943
0,24080,0.00015886247
0,24090,0.0001586957
0,24100,0.00015852909
0,24110,0.00015836266
0,24120,0.0001581964
0,24130,0.00015803032
0,24140,0.0001578644
0,24150,0.00015769867
0,24160,0.00015753311
0,24170,0.00015736773
0,24180,0.00015720252
0,24190,0.00015703747
0,24200,0.00015687261
0,24210,0.00015670792
0,24220,0.00015654339
0,24230,0.00015637904
0,24240,0.00015621487
0,24250,0.00015605087
0,24260,0.00015588704
0,24270,0.00015572338
0,24280,0.0001555599
0,24290,0.00015539658
0,24300,0.00015523344
0,24310,0.00015507046
0,24320,0.00015490767
0,24330,0.00015474504
0,24340,0.00015458258
0,24350,0.00015442028
0,24360,0.00015425817
0,24370,0.00015409623
0,24380,0.00015393444
0,24390,0.00015377284
0,24400,0.0001536114
0,24410,0.00015345014
0,24420,0.00015328903
0,24430,0.0001531281
0,24440,0.00015296733
0,24450,0.00015280674
0,24460,0.00015264632
0,24470,0.00015248606
0,24480,0.00015232597
0,24490,0.00015216606
0,24500,0.00015200631
0,24510,0.00015184672
0,24520,0.0001516873
0,24530,0.00015152806
0,24540,0.00015136898
0,24550,0.00015121006
0,24560,0.00015105131
0,24570,0.00015089272
0,24580,0.00015073431
0,24590,0.00015057606
0,24600,0.00015041798
0,24610,0.00015026006
0,24620,0.00015010232
0,24630,0.00014994472
0,24640,0.00014978732
0,24650,0.00014963005
0,24660,0.00014947297
0,24670,0.00014931605
0,24680,0.00014915928
0,24690,0.00014900269
0,24700,0.00014884626
0,24710,0.00014868999
0,24720,0.00014853389
0,24730,0.00014837795
0,24740,0.00014822219
0,24750,0.00014806657
0,24760,0.00014791112
0,24770,0.00014775584
0,24780,0.00014760072
0,24790,0.00014744575
0,24800,0.00014729096
0,24810,0.00014713632
0,24820,0.00014698185
0,24830,0.00014682754
0,24840,0.0001466734
0,24850,0.00014651941
0,24860,0.0001463656
0,24870,0.00014621193
0,24880,0.00014605843
0,24890,0.00014590508
0,24900,0.00014575191
0,24910,0.0001455989
0,24920,0.00014544603
0,24930,0.00014529334
0,24940,0.0001451408
0,24950,0.00014498843
0,24960,0.0001448362
0,24970,0.00014468415
0,24980,0.00014453226
0,24990,0.00014438052
0,25000,0.00014422894
0,25010,0.00014407752
0,25020,0.00014392626
0,25030,0.00014377516
0,25040,0.00014362422
0,25050,0.00014347343
0,25060,0.0001433228
0,25070,0.00014317234
0,25080,0.00014302203
0,25090,0.00014287188
0,25100,0.00014272188
0,25110,0.00014257204
0,25120,0.00014242237
0,25130,0.00014227284
0,25140,0.00014212348
0,25150,0.00014197428
0,25160,0.00014182522
0,25170,0.00014167633
0,25180,0.00014152759
0,25190,0.000141379
0,25200,0.00014123057
0,25210,0.0001410823
0,25220,0.0001409342
0,25230,0.00014078623
0,25240,0.00014063843
0,25250,0.00014049078
0,25260,0.00014034328
0,25270,0.00014019595
0,25280,0.00014004875
0,25290,0.00013990172
0,25300,0.00013975485
0,25310,0.00013960814
0,25320,0.00013946157
0,25330,0.00013931515
0,25340,0.00013916889
0,25350,0.00013902278
0,25360,0.00013887683
0,25370,0.00013873103
0,25380,0.00013858538
0,25390,0.0001384399
0,25400,0.00013829455
0,25410,0.00013814936
0,25420,0.00013800432
0,25430,0.00013785943
0,25440,0.00013771471
0,25450,0.00013757012
0,25460,0.0001374257
0,25470,0.00013728141
0,25480,0.0001371373
0,25490,0.00013699332
0,25500,0.0001368495
0,25510,0.00013670583
0,25520,0.0001365623
0,25530,0.00013641894
0,25540,0.00013627572
0,25550,0.00013613264
0,25560,0.00013598973
0,25570,0.00013584696
0,25580,0.00013570434
0,25590,0.00013556187
0,25600,0.00013541956
0,25610,0.00013527738
0,25620,0.00013513536
0,25630,0.00013499349
0,25640,0.00013485177
0,25650,0.0001347102
0,25660,0.00013456876
0,25670,0.0001344275
0,25680,0.00013428635
0,25690,0.00013414538
0,25700,0.00013400454
0,25710,0.00013386387
0,25720,0.00013372333
0,25730,0.00013358293
0,25740,0.00013344269
0,25750,0.0001333026
0,25760,0.00013316266
0,25770,0.00013302286
0,25780,0.0001328832
0,25790,0.00013274369
0,25800,0.00013260433
0,25810,0.00013246511
0,25820,0.00013232605
0,25830,0.00013218712
0,25840,0.00013204834
0,25850,0.0001319097
0,25860,0.00013177123
0,25870,0.00013163289
0,25880,0.0001314947
0,25890,0.00013135665
0,25900,0.00013121874
0,25910,0.00013108097
0,25920,0.00013094336
0,25930,0.0001308059
0,25940,0.00013066856
0,25950,0.00013053138
0,25960,0.00013039434
0,25970,0.00013025745
0,25980,0.0001301207
0,25990,0.0001299841
0,26000,0.00012984763
0,26010,0.0001297113
0,26020,0.00012957513
0,26030,0.0001294391
0,26040,0.00012930321
0,26050,0.00012916746
0,26060,0.00012903185
0,26070,0.00012889638
0,26080,0.00012876106
0,26090,0.00012862588
0,26100,0.00012849085
0,26110,0.00012835595
0,26120,0.00012822119
0,26130,0.00012808658
0,26140,0.00012795211
0,26150,0.00012781778
0,26160,0.00012768358
0,26170,0.00012754955
0,26180,0.00012741564
0,26190,0.00012728186
0,26200,0.00012714823
0,26210,0.00012701475
0,26220,0.00012688141
0,26230,0.0001267482
0,26240,0.00012661514
0,26250,0.0001264822
0,26260,0.00012634942
0,26270,0.00012621676
0,26280,0.00012608425
0,26290,0.00012595189
0,26300,0.00012581966
0,26310,0.00012568757
0,26320,0.00012555561
0,26330,0.0001254238
0,26340,0.00012529212
0,26350,0.00012516059
0,26360,0.00012502918
0,26370,0.00012489792
0,26380,0.0001247668
0,26390,0.00012463582
0,26400,0.00012450496
0,26410,0.00012437426
0,26420,0.00012424368
0,26430,0.00012411324
0,26440,0.00012398294
0,26450,0.00012385278
0,26460,0.00012372276
0,26470,0.00012359286
0,26480,0.0001234631
0,26490,0.00012333349
0,26500,0.00012320401
0,26510,0.00012307466
0,26520,0.00012294545
0,26530,0.00012281637
0,26540,0.00012268743
0,26550,0.00012255863
0,26560,0.00012242996
0,26570,0.00012230143
0,26580,0.00012217303
0,26590,0.000122044774
0,26600,0.000121916644
0,26610,0.000121788646
0,26620,0.000121660785
0,26630,0.00012153306
0,26640,0.00012140547
0,26650,0.00012127801
0,26660,0.00012115069
0,26670,0.0001210235
0,26680,0.00012089644
0,26690,0.00012076952
0,26700,0.000120642726
0,26710,0.00012051607
0,26720,0.000120389544
0,26730,0.000120263154
0,26740,0.000120136894
0,26750,0.00012001077
0,26760,0.00011988478
0,26770,0.000119758915
0,26780,0.00011963319
0,26790,0.00011950759
0,26800,0.00011938212
0,26810,0.000119256794
0,26820,0.00011913159
0,26830,0.00011900652
0,26840,0.00011888158
0,26850,0.000118756776
0,26860,0.000118632095
0,26870,0.00011850755
0,26880,0.000118383134
0,26890,0.00011825885
0,26900,0.000118134696
0,26910,0.00011801067
0,26920,0.00011788678
0,26930,0.00011776302
0,26940,0.000117639385
0,26950,0.00011751588
0,26960,0.000117392505
0,26970,0.00011726926
0,26980,0.00011714614
0,26990,0.000117023155
0,27000,0.0001169003
0,27010,0.00011677758
0,27020,0.00011665498
0,27030,0.0001165325
0,27040,0.00011641016
0,27050,0.00011628795
0,27060,0.000116165866
0,27070,0.000116043906
0,27080,0.00011592208
0,27090,0.00011580038
0,27100,0.000115678806
0,27110,0.00011555736
0,27120,0.00011543604
0,27130,0.000115314855
0,27140,0.00011519379
0,27150,0.00011507285
0,27160,0.00011495204
0,27170,0.00011483136
0,27180,0.000114710805
0,27190,0.00011459037
0,27200,0.00011447007
0,27210,0.000114349896
0,27220,0.00011422984
0,27230,0.00011410992
0,27240,0.00011399012
0,27250,0.000113870454
0,27260,0.0001137509
0,27270,0.00011363148
0,27280,0.000113512186
0,27290,0.00011339301
0,27300,0.00011327397
0,27310,0.000113155045
0,27320,0.00011303625
0,27330,0.00011291758
0,27340,0.00011279903
0,27350,0.00011268061
0,27360,0.00011256232
0,27370,0.00011244414
0,27380,0.00011232609
0,27390,0.00011220817
0,27400,0.00011209036
0,27410,0.00011197269
0,27420,0.00011185513
0,27430,0.0001117377
0,27440,0.00011162039
0,27450,0.00011150321
0,27460,0.00011138614
0,27470,0.000111269204
0,27480,0.00011115239
0,27490,0.0001110357
0,27500,0.00011091913
0,27510,0.00011080268
0,27520,0.00011068635
0,27530,0.000110570145
0,27540,0.000110454064
0,27550,0.00011033811
0,27560,0.00011022227
0,27570,0.00011010655
0,27580,0.00010999095
0,27590,0.00010987548
0,27600,0.00010976013
0,27610,0.0001096449
0,27620,0.000109529785
0,27630,0.000109414796
0,27640,0.00010929992
0,27650,0.000109185174
0,27660,0.00010907055
0,27670,0.00010895604
0,27680,0.000108841654
0,27690,0.000108727385
0,27700,0.00010861324
0,27710,0.00010849921
0,27720,0.000108385306
0,27730,0.00010827152
0,27740,0.000108157845
0,27750,0.000108044296
0,27760,0.000107930864
0,27770,0.000107817556
0,27780,0.00010770436
0,27790,0.00010759129
0,27800,0.000107478336
0,27810,0.00010736549
0,27820,0.00010725278
0,27830,0.00010714018
0,27840,0.0001070277
0,27850,0.00010691534
0,27860,0.00010680309
0,27870,0.00010669096
0,27880,0.000106578955
0,27890,0.00010646706
0,27900,0.000106355285
0,27910,0.00010624363
0,27920,0.00010613209
0,27930,0.00010602066
0,27940,0.00010590936
0,27950,0.00010579817
0,27960,0.0001056871
0,27970,0.000105576146
0,27980,0.000105465304
0,27990,0.00010535458
0,28000,0.00010524398
0,28010,0.000105133484
0,28020,0.00010502311
0,28030,0.000104912855
0,28040,0.00010480271
0,28050,0.000104692685
0,28060,0.00010458277
0,28070,0.00010447297
0,28080,0.000104363295
0,28090,0.000104253726
0,28100,0.000104144274
0,28110,0.00010403494
0,28120,0.00010392572
0,28130,0.000103816616
0,28140,0.00010370762
0,28150,0.000103598744
0,28160,0.00010348998
0,28170,0.00010338133
0,28180,0.000103272796
0,28190,0.00010316438
0,28200,0.00010305607
0,28210,0.00010294787
0,28220,0.0001028398
0,28230,0.00010273183
0,28240,0.00010262398
0,28250,0.000102516235
0,28260,0.00010240861
0,28270,0.00010230109
0,28280,0.00010219369
0,28290,0.00010208641
0,28300,0.00010197923
0,28310,0.00010187217
0,28320,0.00010176522
0,28330,0.00010165838
0,28340,0.000101551654
0,28350,0.00010144504
0,28360,0.00010133853
0,28370,0.000101232145
0,28380,0.000101125865
0,28390,0.0001010197
0,28400,0.00010091365
0,28410,0.0001008077
0,28420,0.000100701865
0,28430,0.000100596146
0,28440,0.000100490535
0,28450,0.000100385034
0,28460,0.00010027964
0,28470,0.000100174366
0,28480,0.0001000692
0,28490,9.996414E-05
0,28500,9.985919E-05
0,28510,9.9754354E-05
0,28520,9.964963E-05
0,28530,9.954501E-05
0,28540,9.9440505E-05
0,28550,9.93361E-05
0,28560,9.923182E-05
0,28570,9.912764E-05
0,28580,9.902357E-05
0,28590,9.891961E-05
0,28600,9.8815755E-05
0,28610,9.8712015E-05
0,28620,9.860838E-05
0,28630,9.850486E-05
0,28640,9.840145E-05
0,28650,9.829814E-05
0,28660,9.819494E-05
0,28670,9.809185E-05
0,28680,9.798887E-05
0,28690,9.7886E-05
0,28700,9.778323E-05
0,28710,9.768057E-05
0,28720,9.757802E-05
0,28730,9.7475575E-05
0,28740,9.7373246E-05
0,28750,9.727102E-05
0,28760,9.716889E-05
0,28770,9.7066884E-05
0,28780,9.696498E-05
0,28790,9.686318E-05
0,28800,9.676149E-05
0,28810,9.6659904E-05
0,28820,9.6558426E-05
0,28830,9.645705E-05
0,28840,9.635578E-05
0,28850,9.6254626E-05
0,28860,9.615358E-05
0,28870,9.605263E-05
0,28880,9.5951786E-05
0,28890,9.585105E-05
0,28900,9.575042E-05
0,28910,9.56499E-05
0,28920,9.554948E-05
0,28930,9.544917E-05
0,28940,9.534896E-05
0,28950,9.5248855E-05
0,28960,9.514886E-05
0,28970,9.504897E-05
0,28980,9.494918E-05
0,28990,9.48495E-05
0,29000,9.474992E-05
0,29010,9.4650444E-05
0,29020,9.455108E-05
0,29030,9.445181E-05
0,29040,9.4352654E-05
0,29050,9.42536E-05
0,29060,9.4154646E-05
0,29070,9.4055795E-05
0,29080,9.395705E-05
0,29090,9.385841E-05
0,29100,9.3759874E-05
0,29110,9.3661445E-05
0,29120,9.356311E-05
0,29130,9.3464885E-05
0,29140,9.336676E-05
0,29150,9.326874E-05
0,29160,9.317082E-05
0,29170,9.3073E-05
0,29180,9.297529E-05
0,29190,9.287768E-05
0,29200,9.2780174E-05
0,29210,9.268277E-05
0,29220,9.258546E-05
0,29230,9.248826E-05
0,29240,9.2391165E-05
0,29250,9.229417E-05
0,29260,9.2197275E-05
0,29270,9.2100476E-05
0,29280,9.2003786E-05
0,29290,9.19072E-05
0,29300,9.181071E-05
0,29310,9.171432E-05
0,29320,9.1618036E-05
0,29330,9.152185E-05
0,29340,9.142577E-05
0,29350,9.1329784E-05
0,29360,9.12339E-05
0,29370,9.1138114E-05
0,29380,9.1042435E-05
0,29390,9.094686E-05
0,29400,9.0851376E-05
0,29410,9.0755995E-05
0,29420,9.066072E-05
0,29430,9.056553E-05
0,29440,9.047045E-05
0,29450,9.037547E-05
0,29460,9.028059E-05
0,29470,9.0185815E-05
0,29480,9.009113E-05
0,29490,8.9996545E-05
0,29500,8.990207E-05
0,29510,8.980768E-05
0,29520,8.9713394E-05
0,29530,8.9619214E-05
0,29540,8.952512E-05
0,29550,8.943114E-05
0,29560,8.933725E-05
0,29570,8.9243455E-05
0,29580,8.914976E-05
0,29590,8.905617E-05
0,29600,8.8962675E-05
0,29610,8.8869274E-05
0,29620,8.8775974E-05
0,29630,8.868278E-05
0,29640,8.858967E-05
0,29650,8.8496665E-05
0,29660,8.840376E-05
0,29670,8.8310946E-05
0,29680,8.8218236E-05
0,29690,8.812561E-05
0,29700,8.80331E-05
0,29710,8.794068E-05
0,29720,8.7848355E-05
0,29730,8.7756125E-05
0,29740,8.766399E-05
0,29750,8.7571956E-05
0,29760,8.7480024E-05
0,29770,8.738818E-05
0,29780,8.729644E-05
0,29790,8.720479E-05
0,29800,8.7113236E-05
0,29810,8.702178E-05
0,29820,8.693042E-05
0,29830,8.683916E-05
0,29840,8.674799E-05
0,29850,8.665692E-05
0,29860,8.656594E-05
0,29870,8.6475055E-05
0,29880,8.638427E-05
0,29890,8.6293585E-05
0,29900,8.6202985E-05
0,29910,8.6112486E-05
0,29920,8.602208E-05
0,29930,8.5931766E-05
0,29940,8.584155E-05
0,29950,8.575143E-05
0,29960,8.5661406E-05
0,29970,8.5571475E-05
0,29980,8.548164E-05
0,29990,8.53919E-05
0,30000,8.530225E-05
0,30010,8.521269E-05
0,30020,8.512323E-05
0,30030,8.503386E-05
0,30040,8.494459E-05
0,30050,8.485541E-05
0,30060,8.4766325E-05
0,30070,8.467733E-05
0,30080,8.4588435E-05
0,30090,8.449963E-05
0,30100,8.4410916E-05
0,30110,8.43223E-05
0,30120,8.4233776E-05
0,30130,8.4145344E-05
0,30140,8.4057E-05
0,30150,8.396876E-05
0,30160,8.38806E-05
0,30170,8.379254E-05
0,30180,8.3704566E-05
0,30190,8.3616695E-05
0,30200,8.35289E-05
0,30210,8.344121E-05
0,30220,8.335361E-05
0,30230,8.32661E-05
0,30240,8.317869E-05
0,30250,8.309136E-05
0,30260,8.3004124E-05
0,30270,8.291699E-05
0,30280,8.282994E-05
0,30290,8.2742976E-05
0,30300,8.265611E-05
0,30310,8.2569335E-05
0,30320,8.248265E-05
0,30330,8.239605E-05
0,30340,8.230955E-05
0,30350,8.222314E-05
0,30360,8.2136816E-05
0,30370,8.205058E-05
0,30380,8.196444E-05
0,30390,8.187839E-05
0,30400,8.179243E-05
0,30410,8.170656E-05
0,30420,8.162078E-05
0,30430,8.1535094E-05
0,30440,8.144949E-05
0,30450,8.136398E-05
0,30460,8.127856E-05
0,30470,8.119323E-05
0,30480,8.110799E-05
0,30490,8.102284E-05
0,30500,8.0937774E-05
0,30510,8.0852806E-05
0,30520,8.0767924E-05
0,30530,8.068313E-05
0,30540,8.0598424E-05
0,30550,8.0513804E-05
0,30560,8.042928E-05
0,30570,8.034484E-05
0,30580,8.026049E-05
0,30590,8.017623E-05
0,30600,8.009205E-05
0,30610,8.000797E-05
0,30620,7.992397E-05
0,30630,7.9840065E-05
0,30640,7.9756246E-05
0,30650,7.9672514E-05
0,30660,7.958887E-05
0,30670,7.950531E-05
0,30680,7.942184E-05
0,30690,7.933846E-05
0,30700,7.9255165E-05
0,30710,7.9171965E-05
0,30720,7.9088844E-05
0,30730,7.900581E-05
0,30740,7.8922865E-05
0,30750,7.8840014E-05
0,30760,7.875724E-05
0,30770,7.867456E-05
0,30780,7.859196E-05
0,30790,7.850945E-05
0,30800,7.842703E-05
0,30810,7.834469E-05
0,30820,7.826244E-05
0,30830,7.8180274E-05
0,30840,7.80982E-05
0,30850,7.801621E-05
0,30860,7.79343E-05
0,30870,7.7852485E-05
0,30880,7.777075E-05
0,30890,7.76891E-05
0,30900,7.760754E-05
0,30910,7.752606E-05
0,30920,7.7444674E-05
0,30930,7.7363366E-05
0,30940,7.7282144E-05
0,30950,7.720101E-05
0,30960,7.711996E-05
0,30970,7.7039E-05
0,30980,7.695812E-05
0,30990,7.6877324E-05
0,31000,7.679661E-05
0,31010,7.671599E-05
0,31020,7.663545E-05
0,31030,7.655499E-05
0,31040,7.647462E-05
0,31050,7.639434E-05
0,31060,7.6314136E-05
0,31070,7.623401E-05
0,31080,7.615398E-05
0,31090,7.607403E-05
0,31100,7.599416E-05
0,31110,7.591438E-05
0,31120,7.583468E-05
0,31130,7.5755066E-05
0,31140,7.567554E-05
0,31150,7.559609E-05
0,31160,7.551672E-05
0,31170,7.543744E-05
0,31180,7.535824E-05
0,31190,7.527913E-05
0,31200,7.52001E-05
0,31210,7.512115E-05
0,31220,7.5042284E-05
0,31230,7.49635E-05
0,31240,7.4884796E-05
0,31250,7.480618E-05
0,31260,7.472764E-05
0,31270,7.464919E-05
0,31280,7.4570824E-05
0,31290,7.4492535E-05
0,31300,7.4414325E-05
0,31310,7.43362E-05
0,31320,7.425816E-05
0,31330,7.41802E-05
0,31340,7.4102325E-05
0,31350,7.402453E-05
0,31360,7.3946816E-05
0,31370,7.386918E-05
0,31380,7.379163E-05
0,31390,7.371416E-05
0,31400,7.363677E-05
0,31410,7.355946E-05
0,31420,7.348223E-05
0,31430,7.340509E-05
0,31440,7.3328025E-05
0,31450,7.3251045E-05
0,31460,7.317414E-05
0,31470,7.309732E-05
0,31480,7.302058E-05
0,31490,7.294391E-05
0,31500,7.286733E-05
0,31510,7.2790834E-05
0,31520,7.2714414E-05
0,31530,7.2638075E-05
0,31540,7.2561816E-05
0,31550,7.2485636E-05
0,31560,7.240954E-05
0,31570,7.233352E-05
0,31580,7.225758E-05
0,31590,7.218172E-05
0,31600,7.210594E-05
0,31610,7.203024E-05
0,31620,7.195462E-05
0,31630,7.1879076E-05
0,31640,7.180362E-05
0,31650,7.172823E-05
0,31660,7.1652925E-05
0,31670,7.1577706E-05
0,31680,7.150256E-05
0,31690,7.1427494E-05
0,31700,7.13525E-05
0,31710,7.1277595E-05
0,31720,7.120276E-05
0,31730,7.112801E-05
0,31740,7.1053335E-05
0,31750,7.097874E-05
0,31760,7.090422E-05
0,31770,7.082978E-05
0,31780,7.075542E-05
0,31790,7.068114E-05
0,31800,7.060694E-05
0,31810,7.053281E-05
0,31820,7.045876E-05
0,31830,7.038479E-05
0,31840,7.0310896E-05
0,31850,7.023708E-05
0,31860,7.016334E-05
0,31870,7.008968E-05
0,31880,7.0016096E-05
0,31890,6.994259E-05
0,31900,6.986916E-05
0,31910,6.979581E-05
0,31920,6.972253E-05
0,31930,6.964934E-05
0,31940,6.9576214E-05
0,31950,6.950317E-05
0,31960,6.94302E-05
0,31970,6.935731E-05
0,31980,6.92845E-05
0,31990,6.921176E-05
0,32000,6.9139096E-05
0,32010,6.906651E-05
0,32020,6.8994E-05
0,32030,6.892157E-05
0,32040,6.884921E-05
0,32050,6.877693E-05
0,32060,6.870472E-05
0,32070,6.8632595E-05
0,32080,6.856054E-05
0,32090,6.848856E-05
0,32100,6.841666E-05
0,32110,6.834483E-05
0,32120,6.8273075E-05
0,32130,6.82014E-05
0,32140,6.81298E-05
0,32150,6.8058274E-05
0,32160,6.7986824E-05
0,32170,6.791545E-05
0,32180,6.784415E-05
0,32190,6.777292E-05
0,32200,6.770177E-05
0,32210,6.7630695E-05
0,32220,6.755969E-05
0,32230,6.748876E-05
0,32240,6.741791E-05
0,32250,6.734713E-05
0,32260,6.727643E-05
0,32270,6.7205794E-05
0,32280,6.713524E-05
0,32290,6.706476E-05
0,32300,6.699435E-05
0,32310,6.692402E-05
0,32320,6.6853754E-05
0,32330,6.678357E-05
0,32340,6.671346E-05
0,32350,6.664342E-05
0,32360,6.6573455E-05
0,32370,6.650356E-05
0,32380,6.643374E-05
0,32390,6.6363995E-05
0,32400,6.629432E-05
0,32410,6.6224726E-05
0,32420,6.61552E-05
0,32430,6.608575E-05
0,32440,6.6016364E-05
0,32450,6.594705E-05
0,32460,6.587782E-05
0,32470,6.580866E-05
0,32480,6.573957E-05
0,32490,6.567055E-05
0,32500,6.560161E-05
0,32510,6.553274E-05
0,32520,6.546394E-05
0,32530,6.539521E-05
0,32540,6.532656E-05
0,32550,6.525797E-05
0,32560,6.518946E-05
0,32570,6.512102E-05
0,32580,6.5052656E-05
0,32590,6.498436E-05
0,32600,6.491614E-05
0,32610,6.484798E-05
0,32620,6.47799E-05
0,32630,6.4711894E-05
0,32640,6.464396E-05
0,32650,6.457609E-05
0,32660,6.450829E-05
0,32670,6.4440566E-05
0,32680,6.4372914E-05
0,32690,6.4305335E-05
0,32700,6.423782E-05
0,32710,6.417038E-05
0,32720,6.410301E-05
0,32730,6.403572E-05
0,32740,6.396849E-05
0,32750,6.390133E-05
0,32760,6.3834246E-05
0,32770,6.376723E-05
0,32780,6.370028E-05
0,32790,6.363341E-05
0,32800,6.35666E-05
0,32810,6.3499865E-05
0,32820,6.34332E-05
0,32830,6.3366606E-05
0,32840,6.330008E-05
0,32850,6.323362E-05
0,32860,6.316724E-05
0,32870,6.310092E-05
0,32880,6.303468E-05
0,32890,6.2968495E-05
0,32900,6.290239E-05
0,32910,6.283635E-05
0,32920,6.2770385E-05
0,32930,6.270449E-05
0,32940,6.263865E-05
0,32950,6.257289E-05
0,32960,6.25072E-05
0,32970,6.244158E-05
0,32980,6.237602E-05
0,32990,6.231054E-05
0,33000,6.224512E-05
0,33010,6.217977E-05
0,33020,6.211449E-05
0,33030,6.204928E-05
0,33040,6.198414E-05
0,33050,6.191906E-05
0,33060,6.185406E-05
0,33070,6.178912E-05
0,33080,6.1724255E-05
0,33090,6.165945E-05
0,33100,6.1594714E-05
0,33110,6.153005E-05
0,33120,6.146546E-05
0,33130,6.1400926E-05
0,33140,6.133646E-05
0,33150,6.127207E-05
0,33160,6.120774E-05
0,33170,6.114348E-05
0,33180,6.107929E-05
0,33190,6.101517E-05
0,33200,6.095111E-05
0,33210,6.0887123E-05
0,33220,6.08232E-05
0,33230,6.0759343E-05
0,33240,6.0695555E-05
0,33250,6.0631835E-05
0,33260,6.056818E-05
0,33270,6.0504593E-05
0,33280,6.044107E-05
0,33290,6.0377617E-05
0,33300,6.031423E-05
0,33310,6.025091E-05
0,33320,6.0187656E-05
0,33330,6.012447E-05
0,33340,6.0061346E-05
0,33350,5.999829E-05
0,33360,5.99353E-05
0,33370,5.987238E-05
0,33380,5.980952E-05
0,33390,5.974673E-05
0,33400,5.9684004E-05
0,33410,5.9621343E-05
0,33420,5.955875E-05
0,33430,5.9496222E-05
0,33440,5.943376E-05
0,33450,5.9371363E-05
0,33460,5.9309034E-05
0,33470,5.9246766E-05
0,33480,5.9184567E-05
0,33490,5.9122434E-05
0,33500,5.9060363E-05
0,33510,5.8998357E-05
0,33520,5.8936417E-05
0,33530,5.8874542E-05
0,33540,5.8812737E-05
0,33550,5.875099E-05
0,33560,5.868931E-05
0,33570,5.8627695E-05
0,33580,5.8566144E-05
0,33590,5.850466E-05
0,33600,5.844324E-05
0,33610,5.8381884E-05
0,33620,5.832059E-05
0,33630,5.825936E-05
0,33640,5.81982E-05
0,33650,5.81371E-05
0,33660,5.8076064E-05
0,33670,5.801509E-05
0,33680,5.7954185E-05
0,33690,5.7893343E-05
0,33700,5.7832563E-05
0,33710,5.7771846E-05
0,33720,5.7711193E-05
0,33730,5.7650606E-05
0,33740,5.759008E-05
0,33750,5.752962E-05
0,33760,5.7469224E-05
0,33770,5.7408888E-05
0,33780,5.7348618E-05
0,33790,5.7288413E-05
0,33800,5.7228266E-05
0,33810,5.7168185E-05
0,33820,5.710817E-05
0,33830,5.704821E-05
0,33840,5.698832E-05
0,33850,5.6928493E-05
0,33860,5.6868725E-05
0,33870,5.680902E-05
0,33880,5.674938E-05
0,33890,5.66898E-05
0,33900,5.6630288E-05
0,33910,5.6570832E-05
0,33920,5.6511442E-05
0,33930,5.6452114E-05
0,33940,5.6392848E-05
0,33950,5.6333643E-05
0,33960,5.62745E-05
0,33970,5.621542E-05
0,33980,5.6156405E-05
0,33990,5.6097448E-05
0,34000,5.6038552E-05
0,34010,5.5979723E-05
0,34020,5.592095E-05
0,34030,5.586224E-05
0,34040,5.5803597E-05
0,34050,5.574501E-05
0,34060,5.5686487E-05
0,34070,5.5628025E-05
0,34080,5.5569624E-05
0,34090,5.5511282E-05
0,34100,5.5453005E-05
0,34110,5.5394787E-05
0,34120,5.533663E-05
0,34130,5.5278535E-05
0,34140,5.5220502E-05
0,34150,5.5162527E-05
0,34160,5.5104614E-05
0,34170,5.5046763E-05
0,34180,5.4988974E-05
0,34190,5.4931243E-05
0,34200,5.4873573E-05
0,34210,5.4815966E-05
0,34220,5.4758417E-05
0,34230,5.4700926E-05
0,34240,5.46435E-05
0,34250,5.4586133E-05
0,34260,5.4528824E-05
0,34270,5.4471577E-05
0,34280,5.441439E-05
0,34290,5.4357264E-05
0,34300,5.4300195E-05
0,34310,5.4243188E-05
0,34320,5.4186243E-05
0,34330,5.4129356E-05
0,34340,5.4072527E-05
0,34350,5.401576E-05
0,34360,5.395905E-05
0,34370,5.39024E-05
0,34380,5.384581E-05
0,34390,5.378928E-05
0,34400,5.3732812E-05
0,34410,5.36764E-05
0,34420,5.3620046E-05
0,34430,5.3563756E-05
0,34440,5.350752E-05
0,34450,5.3451346E-05
0,34460,5.339523E-05
0,34470,5.3339172E-05
0,34480,5.3283173E-05
0,34490,5.3227235E-05
0,34500,5.3171356E-05
0,34510,5.3115535E-05
0,34520,5.3059768E-05
0,34530,5.3004063E-05
0,34540,5.2948417E-05
0,34550,5.289283E-05
0,34560,5.2837302E-05
0,34570,5.278183E-05
0,34580,5.2726416E-05
0,34590,5.267106E-05
0,34600,5.2615764E-05
0,34610,5.2560525E-05
0,34620,5.2505344E-05
0,34630,5.245022E-05
0,34640,5.2395157E-05
0,34650,5.234015E-05
0,34660,5.2285202E-05
0,34670,5.223031E-05
0,34680,5.2175474E-05
0,34690,5.21207E-05
0,34700,5.206598E-05
0,34710,5.2011317E-05
0,34720,5.1956715E-05
0,34730,5.1902167E-05
0,34740,5.1847677E-05
0,34750,5.1793246E-05
0,34760,5.173887E-05
0,34770,5.1684554E-05
0,34780,5.163029E-05
0,34790,5.1576088E-05
0,34800,5.152194E-05
0,34810,5.146785E-05
0,34820,5.1413816E-05
0,34830,5.135984E-05
0,34840,5.130592E-05
0,34850,5.1252056E-05
0,34860,5.1198247E-05
0,34870,5.11445E-05
0,34880,5.1090803E-05
0,34890,5.1037165E-05
0,34900,5.0983585E-05
0,34910,5.093006E-05
0,34920,5.087659E-05
0,34930,5.082318E-05
0,34940,5.076982E-05
0,34950,5.071652E-05
0,34960,5.0663275E-05
0,34970,5.0610088E-05
0,34980,5.0556955E-05
0,34990,5.0503877E-05
0,35000,5.0450853E-05
0,35010,5.0397888E-05
0,35020,5.0344977E-05
0,35030,5.0292125E-05
0,35040,5.0239323E-05
0,35050,5.018658E-05
0,35060,5.013389E-05
0,35070,5.008126E-05
0,35080,5.002868E-05
0,35090,4.997616E-05
0,35100,4.9923692E-05
0,35110,4.987128E-05
0,35120,4.9818922E-05
0,35130,4.976662E-05
0,35140,4.971437E-05
0,35150,4.966218E-05
0,35160,4.961004E-05
0,35170,4.955796E-05
0,35180,4.950593E-05
0,35190,4.9453956E-05
0,35200,4.9402035E-05
0,35210,4.9350172E-05
0,35220,4.929836E-05
0,35230,4.9246606E-05
0,35240,4.9194903E-05
0,35250,4.9143255E-05
0,35260,4.9091665E-05
0,35270,4.9040125E-05
0,35280,4.898864E-05
0,35290,4.893721E-05
0,35300,4.888583E-05
0,35310,4.883451E-05
0,35320,4.878324E-05
0,35330,4.8732025E-05
0,35340,4.8680864E-05
0,35350,4.8629758E-05
0,35360,4.8578702E-05
0,35370,4.85277E-05
0,35380,4.8476755E-05
0,35390,4.842586E-05
0,35400,4.8375023E-05
0,35410,4.8324237E-05
0,35420,4.82735E-05
0,35430,4.822282E-05
0,35440,4.8172195E-05
0,35450,4.8121623E-05
0,35460,4.8071102E-05
0,35470,4.8020633E-05
0,35480,4.7970218E-05
0,35490,4.7919857E-05
0,35500,4.7869547E-05
0,35510,4.7819292E-05
0,35520,4.7769092E-05
0,35530,4.771894E-05
0,35540,4.766884E-05
0,35550,4.7618796E-05
0,35560,4.7568803E-05
0,35570,4.7518864E-05
0,35580,4.7468977E-05
0,35590,4.741914E-05
0,35600,4.7369358E-05
0,35610,4.7319627E-05
0,35620,4.7269947E-05
0,35630,4.722032E-05
0,35640,4.7170746E-05
0,35650,4.7121226E-05
0,35660,4.7071757E-05
0,35670,4.702234E-05
0,35680,4.697297E-05
0,35690,4.6923655E-05
0,35700,4.6874393E-05
0,35710,4.6825182E-05
0,35720,4.6776022E-05
0,35730,4.6726913E-05
0,35740,4.667786E-05
0,35750,4.6628855E-05
0,35760,4.6579902E-05
0,35770,4.6531E-05
0,35780,4.648215E-05
0,35790,4.643335E-05
0,35800,4.63846E-05
0,35810,4.6335903E-05
0,35820,4.628726E-05
0,35830,4.6238663E-05
0,35840,4.6190118E-05
0,35850,4.6141628E-05
0,35860,4.6093184E-05
0,35870,4.604479E-05
0,35880,4.5996454E-05
0,35890,4.5948163E-05
0,35900,4.5899924E-05
0,35910,4.585174E-05
0,35920,4.58036E-05
0,35930,4.5755514E-05
0,35940,4.570748E-05
0,35950,4.565949E-05
0,35960,4.5611556E-05
0,35970,4.556367E-05
0,35980,4.5515833E-05
0,35990,4.546805E-05
0,36000,4.5420315E-05
0,36010,4.537263E-05
0,36020,4.5324996E-05
0,36030,4.527741E-05
0,36040,4.5229877E-05
0,36050,4.518239E-05
0,36060,4.513496E-05
0,36070,4.5087574E-05
0,36080,4.5040237E-05
0,36090,4.499295E-05
0,36100,4.4945715E-05
0,36110,4.489853E-05
0,36120,4.4851393E-05
0,36130,4.4804307E-05
0,36140,4.4757267E-05
0,36150,4.471028E-05
0,36160,4.466334E-05
0,36170,4.461645E-05
0,36180,4.456961E-05
0,36190,4.4522818E-05
0,36200,4.4476077E-05
0,36210,4.4429384E-05
0,36220,4.4382738E-05
0,36230,4.4336142E-05
0,36240,4.4289598E-05
0,36250,4.42431E-05
0,36260,4.419665E-05
0,36270,4.4150253E-05
0,36280,4.41039E-05
0,36290,4.4057597E-05
0,36300,4.4011344E-05
0,36310,4.3965138E-05
0,36320,4.3918983E-05
0,36330,4.387287E-05
0,36340,4.3826814E-05
0,36350,4.37808E-05
0,36360,4.373484E-05
0,36370,4.3688924E-05
0,36380,4.3643056E-05
0,36390,4.3597236E-05
0,36400,4.3551467E-05
0,36410,4.3505745E-05
0,36420,4.346007E-05
0,36430,4.3414442E-05
0,36440,4.3368866E-05
0,36450,4.3323333E-05
0,36460,4.327785E-05
0,36470,4.3232416E-05
0,36480,4.318703E-05
0,36490,4.314169E-05
0,36500,4.3096396E-05
0,36510,4.305115E-05
0,36520,4.300595E-05
0,36530,4.2960804E-05
0,36540,4.29157E-05
0,36550,4.2870648E-05
0,36560,4.282564E-05
0,36570,4.2780677E-05
0,36580,4.2735763E-05
0,36590,4.26909E-05
0,36600,4.264608E-05
0,36610,4.2601307E-05
0,36620,4.255658E-05
0,36630,4.2511903E-05
0,36640,4.2467273E-05
0,36650,4.242269E-05
0,36660,4.2378153E-05
0,36670,4.233366E-05
0,36680,4.2289215E-05
0,36690,4.2244817E-05
0,36700,4.2200467E-05
0,36710,4.2156164E-05
0,36720,4.2111908E-05
0,36730,4.2067695E-05
0,36740,4.202353E-05
0,36750,4.1979412E-05
0,36760,4.193534E-05
0,36770,4.1891315E-05
0,36780,4.1847336E-05
0,36790,4.18034E-05
0,36800,4.1759515E-05
0,36810,4.1715673E-05
0,36820,4.1671876E-05
0,36830,4.162813E-05
0,36840,4.1584426E-05
0,36850,4.1540767E-05
0,36860,4.1497155E-05
0,36870,4.145359E-05
0,36880,4.141007E-05
0,36890,4.1366595E-05
0,36900,4.132317E-05
0,36910,4.1279785E-05
0,36920,4.1236446E-05
0,36930,4.1193154E-05
0,36940,4.1149906E-05
0,36950,4.1106705E-05
0,36960,4.106355E-05
0,36970,4.102044E-05
0,36980,4.0977375E-05
0,36990,4.0934352E-05
0,37000,4.089138E-05
0,37010,4.084845E-05
0,37020,4.0805564E-05
0,37030,4.0762723E-05
0,37040,4.071993E-05
0,37050,4.067718E-05
0,37060,4.0634473E-05
0,37070,4.0591814E-05
0,37080,4.05492E-05
0,37090,4.0506628E-05
0,37100,4.0464103E-05
0,37110,4.0421623E-05
0,37120,4.0379186E-05
0,37130,4.0336792E-05
0,37140,4.0294446E-05
0,37150,4.0252144E-05
0,37160,4.0209885E-05
0,37170,4.016767E-05
0,37180,4.01255E-05
0,37190,4.0083374E-05
0,37200,4.004129E-05
0,37210,3.9999253E-05
0,37220,3.995726E-05
0,37230,3.991531E-05
0,37240,3.9873405E-05
0,37250,3.9831546E-05
0,37260,3.9789727E-05
0,37270,3.9747956E-05
0,37280,3.9706225E-05
0,37290,3.966454E-05
0,37300,3.9622897E-05
0,37310,3.95813E-05
0,37320,3.9539747E-05
0,37330,3.9498234E-05
0,37340,3.945677E-05
0,37350,3.9415343E-05
0,37360,3.9373965E-05
0,37370,3.9332626E-05
0,37380,3.929133E-05
0,37390,3.9250084E-05
0,37400,3.9208877E-05
0,37410,3.9167713E-05
0,37420,3.9126593E-05
0,37430,3.9085517E-05
0,37440,3.904448E-05
0,37450,3.900349E-05
0,37460,3.8962542E-05
0,37470,3.8921637E-05
0,37480,3.8880775E-05
0,37490,3.8839957E-05
0,37500,3.8799182E-05
0,37510,3.8758448E-05
0,37520,3.8717757E-05
0,37530,3.867711E-05
0,37540,3.8636503E-05
0,37550,3.8595943E-05
0,37560,3.8555423E-05
0,37570,3.8514943E-05
0,37580,3.847451E-05
0,37590,3.843412E-05
0,37600,3.8393766E-05
0,37610,3.8353457E-05
0,37620,3.8313192E-05
0,37630,3.827297E-05
0,37640,3.823279E-05
0,37650,3.819265E-05
0,37660,3.8152553E-05
0,37670,3.81125E-05
0,37680,3.807249E-05
0,37690,3.803252E-05
0,37700,3.7992588E-05
0,37710,3.79527E-05
0,37720,3.7912858E-05
0,37730,3.7873055E-05
0,37740,3.783329E-05
0,37750,3.7793576E-05
0,37760,3.7753896E-05
0,37770,3.771426E-05
0,37780,3.7674665E-05
0,37790,3.7635113E-05
0,37800,3.75956E-05
0,37810,3.7556132E-05
0,37820,3.7516704E-05
0,37830,3.7477315E-05
0,37840,3.743797E-05
0,37850,3.7398666E-05
0,37860,3.7359405E-05
0,37870,3.7320184E-05
0,37880,3.7281003E-05
0,37890,3.724186E-05
0,37900,3.7202764E-05
0,37910,3.7163707E-05
0,37920,3.712469E-05
0,37930,3.7085716E-05
0,37940,3.704678E-05
0,37950,3.7007885E-05
0,37960,3.6969035E-05
0,37970,3.693022E-05
0,37980,3.689145E-05
0,37990,3.685272E-05
0,38000,3.681403E-05
0,38010,3.6775382E-05
0,38020,3.6736772E-05
0,38030,3.6698206E-05
0,38040,3.6659676E-05
0,38050,3.662119E-05
0,38060,3.6582744E-05
0,38070,3.6544337E-05
0,38080,3.650597E-05
0,38090,3.6467645E-05
0,38100,3.642936E-05
0,38110,3.6391113E-05
0,38120,3.6352907E-05
0,38130,3.6314745E-05
0,38140,3.627662E-05
0,38150,3.6238533E-05
0,38160,3.6200487E-05
0,38170,3.6162484E-05
0,38180,3.612452E-05
0,38190,3.6086592E-05
0,38200,3.6048707E-05
0,38210,3.601086E-05
0,38220,3.5973055E-05
0,38230,3.593529E-05
0,38240,3.5897563E-05
0,38250,3.5859874E-05
0,38260,3.5822228E-05
0,38270,3.578462E-05
0,38280,3.5747053E-05
0,38290,3.5709523E-05
0,38300,3.5672034E-05
0,38310,3.563458E-05
0,38320,3.559717E-05
0,38330,3.55598E-05
0,38340,3.5522466E-05
0,38350,3.5485173E-05
0,38360,3.544792E-05
0,38370,3.5410703E-05
0,38380,3.5373527E-05
0,38390,3.533639E-05
0,38400,3.5299294E-05
0,38410,3.5262234E-05
0,38420,3.5225214E-05
0,38430,3.5188234E-05
0,38440,3.515129E-05
0,38450,3.5114386E-05
0,38460,3.5077523E-05
0,38470,3.5040695E-05
0,38480,3.5003908E-05
0,38490,3.496716E-05
0,38500,3.493045E-05
0,38510,3.4893776E-05
0,38520,3.4857145E-05
0,38530,3.482055E-05
0,38540,3.4783992E-05
0,38550,3.4747474E-05
0,38560,3.4710996E-05
0,38570,3.4674555E-05
0,38580,3.463815E-05
0,38590,3.4601788E-05
0,38600,3.456546E-05
0,38610,3.452917E-05
0,38620,3.449292E-05
0,38630,3.445671E-05
0,38640,3.4420533E-05
0,38650,3.4384397E-05
0,38660,3.4348297E-05
0,38670,3.4312237E-05
0,38680,3.4276214E-05
0,38690,3.424023E-05
0,38700,3.4204284E-05
0,38710,3.4168374E-05
0,38720,3.4132503E-05
0,38730,3.409667E-05
0,38740,3.406087E-05
0,38750,3.4025114E-05
0,38760,3.3989392E-05
0,38770,3.3953707E-05
0,38780,3.3918062E-05
0,38790,3.3882454E-05
0,38800,3.384688E-05
0,38810,3.3811346E-05
0,38820,3.377585E-05
0,38830,3.374039E-05
0,38840,3.3704968E-05
0,38850,3.366958E-05
0,38860,3.3634235E-05
0,38870,3.3598924E-05
0,38880,3.356365E-05
0,38890,3.3528413E-05
0,38900,3.3493212E-05
0,38910,3.345805E-05
0,38920,3.3422926E-05
0,38930,3.3387834E-05
0,38940,3.3352782E-05
0,38950,3.3317767E-05
0,38960,3.3282788E-05
0,38970,3.324785E-05
0,38980,3.3212942E-05
0,38990,3.3178072E-05
0,39000,3.3143242E-05
0,39010,3.3108445E-05
0,39020,3.3073688E-05
0,39030,3.3038963E-05
0,39040,3.300428E-05
0,39050,3.296963E-05
0,39060,3.2935015E-05
0,39070,3.290044E-05
0,39080,3.2865897E-05
0,39090,3.2831394E-05
0,39100,3.2796925E-05
0,39110,3.2762495E-05
0,39120,3.2728098E-05
0,39130,3.269374E-05
0,39140,3.2659416E-05
0,39150,3.262513E-05
0,39160,3.2590877E-05
0,39170,3.255666E-05
0,39180,3.2522483E-05
0,39190,3.2488337E-05
0,39200,3.245423E-05
0,39210,3.2420157E-05
0,39220,3.238612E-05
0,39230,3.235212E-05
0,39240,3.2318156E-05
0,39250,3.2284228E-05
0,39260,3.2250333E-05
0,39270,3.2216474E-05
0,39280,3.2182652E-05
0,39290,3.2148866E-05
0,39300,3.2115113E-05
0,39310,3.2081396E-05
0,39320,3.2047716E-05
0,39330,3.201407E-05
0,39340,3.198046E-05
0,39350,3.1946885E-05
0,39360,3.1913347E-05
0,39370,3.1879845E-05
0,39380,3.1846375E-05
0,39390,3.181294E-05
0,39400,3.1779542E-05
0,39410,3.1746178E-05
0,39420,3.1712847E-05
0,39430,3.1679556E-05
0,39440,3.1646297E-05
0,39450,3.161307E-05
0,39460,3.1579882E-05
0,39470,3.154673E-05
0,39480,3.151361E-05
0,39490,3.1480526E-05
0,39500,3.1447475E-05
0,39510,3.141446E-05
0,39520,3.1381478E-05
0,39530,3.1348533E-05
0,39540,3.1315623E-05
0,39550,3.1282747E-05
0,39560,3.1249903E-05
0,39570,3.1217096E-05
0,39580,3.118432E-05
0,39590,3.1151583E-05
0,39600,3.1118878E-05
0,39610,3.108621E-05
0,39620,3.1053572E-05
0,39630,3.1020973E-05
0,39640,3.0988405E-05
0,39650,3.095587E-05
0,39660,3.0923373E-05
0,39670,3.0890908E-05
0,39680,3.0858475E-05
0,39690,3.082608E-05
0,39700,3.0793715E-05
0,39710,3.076139E-05
0,39720,3.0729094E-05
0,39730,3.0696832E-05
0,39740,3.0664603E-05
0,39750,3.063241E-05
0,39760,3.060025E-05
0,39770,3.0568128E-05
0,39780,3.0536034E-05
0,39790,3.0503976E-05
0,39800,3.047195E-05
0,39810,3.043996E-05
0,39820,3.0408002E-05
0,39830,3.0376079E-05
0,39840,3.0344188E-05
0,39850,3.0312332E-05
0,39860,3.028051E-05
0,39870,3.0248719E-05
0,39880,3.0216961E-05
0,39890,3.0185238E-05
0,39900,3.015355E-05
0,39910,3.0121892E-05
0,39920,3.0090268E-05
0,39930,3.0058678E-05
0,39940,3.002712E-05
0,39950,2.9995597E-05
0,39960,2.9964107E-05
0,39970,2.993265E-05
0,39980,2.9901223E-05
0,39990,2.9869832E-05
0,40000,2.9838473E-05
0,40010,2.9807146E-05
0,40020,2.9775854E-05
0,40030,2.9744593E-05
0,40040,2.9713367E-05
0,40050,2.968217E-05
0,40060,2.965101E-05
0,40070,2.961988E-05
0,40080,2.9588784E-05
0,40090,2.9557721E-05
0,40100,2.952669E-05
0,40110,2.949569E-05
0,40120,2.9464723E-05
0,40130,2.9433791E-05
0,40140,2.940289E-05
0,40150,2.9372022E-05
0,40160,2.9341185E-05
0,40170,2.931038E-05
0,40180,2.9279608E-05
0,40190,2.924887E-05
0,40200,2.9218163E-05
0,40210,2.918749E-05
0,40220,2.9156847E-05
0,40230,2.9126235E-05
0,40240,2.9095658E-05
0,40250,2.9065111E-05
0,40260,2.9034598E-05
0,40270,2.9004115E-05
0,40280,2.8973665E-05
0,40290,2.8943248E-05
0,40300,2.8912862E-05
0,40310,2.8882507E-05
0,40320,2.8852184E-05
0,40330,2.8821894E-05
0,40340,2.8791635E-05
0,40350,2.876141E-05
0,40360,2.8731214E-05
0,40370,2.870105E-05
0,40380,2.8670918E-05
0,40390,2.8640818E-05
0,40400,2.861075E-05
0,40410,2.8580713E-05
0,40420,2.8550707E-05
0,40430,2.8520733E-05
0,40440,2.8490791E-05
0,40450,2.846088E-05
0,40460,2.8430999E-05
0,40470,2.8401151E-05
0,40480,2.8371334E-05
0,40490,2.8341548E-05
0,40500,2.8311795E-05
0,40510,2.8282071E-05
0,40520,2.825238E-05
0,40530,2.822272E-05
0,40540,2.8193088E-05
0,40550,2.8163491E-05
0,40560,2.8133923E-05
0,40570,2.8104387E-05
0,40580,2.807488E-05
0,40590,2.8045406E-05
0,40600,2.8015964E-05
0,40610,2.798655E-05
0,40620,2.7957169E-05
0,40630,2.7927817E-05
0,40640,2.7898497E-05
0,40650,2.7869208E-05
0,40660,2.783995E-05
0,40670,2.7810722E-05
0,40680,2.7781525E-05
0,40690,2.775236E-05
0,40700,2.7723223E-05
0,40710,2.7694117E-05
0,40720,2.7665043E-05
0,40730,2.7635999E-05
0,40740,2.7606986E-05
0,40750,2.7578002E-05
0,40760,2.754905E-05
0,40770,2.7520127E-05
0,40780,2.7491235E-05
0,40790,2.7462373E-05
0,40800,2.7433542E-05
0,40810,2.7404742E-05
0,40820,2.737597E-05
0,40830,2.7347229E-05
0,40840,2.7318518E-05
0,40850,2.7289838E-05
0,40860,2.7261189E-05
0,40870,2.7232569E-05
0,40880,2.7203978E-05
0,40890,2.7175418E-05
0,40900,2.7146887E-05
0,40910,2.7118387E-05
0,40920,2.7089916E-05
0,40930,2.7061476E-05
0,40940,2.7033066E-05
0,40950,2.7004686E-05
0,40960,2.6976335E-05
0,40970,2.6948013E-05
0,40980,2.6919723E-05
0,40990,2.6891461E-05
0,41000,2.6863228E-05
0,41010,2.6835025E-05
0,41020,2.6806852E-05
0,41030,2.6778709E-05
0,41040,2.6750597E-05
0,41050,2.6722513E-05
0,41060,2.6694457E-05
0,41070,2.6666432E-05
0,41080,2.6638436E-05
0,41090,2.661047E-05
0,41100,2.6582533E-05
0,41110,2.6554626E-05
0,41120,2.6526746E-05
0,41130,2.6498898E-05
0,41140,2.6471078E-05
0,41150,2.6443287E-05
0,41160,2.6415526E-05
0,41170,2.6387794E-05
0,41180,2.636009E-05
0,41190,2.6332416E-05
0,41200,2.6304771E-05
0,41210,2.6277155E-05
0,41220,2.6249569E-05
0,41230,2.622201E-05
0,41240,2.619448E-05
0,41250,2.616698E-05
0,41260,2.6139509E-05
0,41270,2.6112066E-05
0,41280,2.6084652E-05
0,41290,2.6057267E-05
0,41300,2.6029911E-05
0,41310,2.6002583E-05
0,41320,2.5975285E-05
0,41330,2.5948015E-05
0,41340,2.5920774E-05
0,41350,2.589356E-05
0,41360,2.5866375E-05
0,41370,2.583922E-05
0,41380,2.5812093E-05
0,41390,2.5784993E-05
0,41400,2.5757923E-05
0,41410,2.5730882E-05
0,41420,2.5703868E-05
0,41430,2.5676882E-05
0,41440,2.5649926E-05
0,41450,2.5622998E-05
0,41460,2.5596097E-05
0,41470,2.5569225E-05
0,41480,2.554238E-05
0,41490,2.5515565E-05
0,41500,2.5488778E-05
0,41510,2.5462017E-05
0,41520,2.5435287E-05
0,41530,2.5408584E-05
0,41540,2.5381909E-05
0,41550,2.535526E-05
0,41560,2.5328642E-05
0,41570,2.530205E-05
0,41580,2.5275487E-05
0,41590,2.5248952E-05
0,41600,2.5222444E-05
0,41610,2.5195965E-05
0,41620,2.5169513E-05
0,41630,2.5143088E-05
0,41640,2.5116691E-05
0,41650,2.5090323E-05
0,41660,2.5063982E-05
0,41670,2.5037669E-05
0,41680,2.5011383E-05
0,41690,2.4985124E-05
0,41700,2.4958894E-05
0,41710,2.4932691E-05
0,41720,2.4906514E-05
0,41730,2.4880366E-05
0,41740,2.4854246E-05
0,41750,2.4828152E-05
0,41760,2.4802088E-05
0,41770,2.4776049E-05
0,41780,2.4750037E-05
0,41790,2.4724053E-05
0,41800,2.4698096E-05
0,41810,2.4672168E-05
0,41820,2.4646266E-05
0,41830,2.462039E-05
0,41840,2.4594543E-05
0,41850,2.4568722E-05
0,41860,2.454293E-05
0,41870,2.4517163E-05
0,41880,2.4491423E-05
0,41890,2.4465711E-05
0,41900,2.4440025E-05
0,41910,2.4414367E-05
0,41920,2.4388735E-05
0,41930,2.4363131E-05
0,41940,2.4337554E-05
0,41950,2.4312003E-05
0,41960,2.4286479E-05
0,41970,2.4260982E-05
0,41980,2.423551E-05
0,41990,2.4210067E-05
0,42000,2.418465E-05
0,42010,2.415926E-05
0,42020,2.4133897E-05
0,42030,2.410856E-05
0,42040,2.4083249E-05
0,42050,2.4057965E-05
0,42060,2.4032708E-05
0,42070,2.4007477E-05
0,42080,2.3982273E-05
0,42090,2.3957095E-05
0,42100,2.3931943E-05
0,42110,2.390682E-05
0,42120,2.3881721E-05
0,42130,2.3856648E-05
0,42140,2.3831602E-05
0,42150,2.3806582E-05
0,42160,2.378159E-05
0,42170,2.3756622E-05
0,42180,2.3731682E-05
0,42190,2.3706767E-05
0,42200,2.3681878E-05
0,42210,2.3657016E-05
0,42220,2.363218E-05
0,42230,2.3607368E-05
0,42240,2.3582585E-05
0,42250,2.3557826E-05
0,42260,2.3533094E-05
0,42270,2.3508388E-05
0,42280,2.3483708E-05
0,42290,2.3459053E-05
0,42300,2.3434424E-05
0,42310,2.3409822E-05
0,42320,2.3385246E-05
0,42330,2.3360693E-05
0,42340,2.333617E-05
0,42350,2.331167E-05
0,42360,2.3287195E-05
0,42370,2.3262748E-05
0,42380,2.3238325E-05
0,42390,2.3213928E-05
0,42400,2.3189557E-05
0,42410,2.3165212E-05
0,42420,2.3140892E-05
0,42430,2.3116598E-05
0,42440,2.3092329E-05
0,42450,2.3068085E-05
0,42460,2.3043867E-05
0,42470,2.3019675E-05
0,42480,2.2995508E-05
0,42490,2.2971366E-05
0,42500,2.2947248E-05
0,42510,2.2923157E-05
0,42520,2.2899092E-05
0,42530,2.287505E-05
0,42540,2.2851036E-05
0,42550,2.2827046E-05
0,42560,2.280308E-05
0,42570,2.277914E-05
0,42580,2.2755226E-05
0,42590,2.2731336E-05
0,42600,2.2707472E-05
0,42610,2.2683633E-05
0,42620,2.2659819E-05
0,42630,2.2636028E-05
0,42640,2.2612263E-05
0,42650,2.2588525E-05
0,42660,2.256481E-05
0,42670,2.254112E-05
0,42680,2.2517455E-05
0,42690,2.2493816E-05
0,42700,2.24702E-05
0,42710,2.244661E-05
0,42720,2.2423044E-05
0,42730,2.2399503E-05
0,42740,2.2375987E-05
0,42750,2.2352497E-05
0,42760,2.2329028E-05
0,42770,2.2305587E-05
0,42780,2.2282169E-05
0,42790,2.2258777E-05
0,42800,2.2235408E-05
0,42810,2.2212063E-05
0,42820,2.2188744E-05
0,42830,2.216545E-05
0,42840,2.214218E-05
0,42850,2.2118933E-05
0,42860,2.2095712E-05
0,42870,2.2072514E-05
0,42880,2.2049342E-05
0,42890,2.2026194E-05
0,42900,2.2003069E-05
0,42910,2.197997E-05
0,42920,2.1956894E-05
0,42930,2.1933842E-05
0,42940,2.1910815E-05
0,42950,2.1887812E-05
0,42960,2.1864833E-05
0,42970,2.1841879E-05
0,42980,2.1818947E-05
0,42990,2.179604E-05
0,43000,2.1773158E-05
0,43010,2.17503E-05
0,43020,2.1727465E-05
0,43030,2.1704655E-05
0,43040,2.1681868E-05
0,43050,2.1659105E-05
0,43060,2.1636366E-05
0,43070,2.161365E-05
0,43080,2.159096E-05
0,43090,2.1568292E-05
0,43100,2.154565E-05
0,43110,2.152303E-05
0,43120,2.1500433E-05
0,43130,2.1477861E-05
0,43140,2.1455313E-05
0,43150,2.1432788E-05
0,43160,2.1410287E-05
0,43170,2.1387808E-05
0,43180,2.1365355E-05
0,43190,2.1342925E-05
0,43200,2.1320518E-05
0,43210,2.1298134E-05
0,43220,2.1275775E-05
0,43230,2.1253438E-05
0,43240,2.1231126E-05
0,43250,2.1208836E-05
0,43260,2.118657E-05
0,43270,2.1164327E-05
0,43280,2.1142108E-05
0,43290,2.1119911E-05
0,43300,2.1097738E-05
0,43310,2.107559E-05
0,43320,2.1053464E-05
0,43330,2.1031361E-05
0,43340,2.100928E-05
0,43350,2.0987223E-05
0,43360,2.096519E-05
0,43370,2.094318E-05
0,43380,2.0921192E-05
0,43390,2.0899228E-05
0,43400,2.0877287E-05
0,43410,2.085537E-05
0,43420,2.0833475E-05
0,43430,2.0811602E-05
0,43440,2.0789754E-05
0,43450,2.0767928E-05
0,43460,2.0746123E-05
0,43470,2.0724343E-05
0,43480,2.0702586E-05
0,43490,2.068085E-05
0,43500,2.065914E-05
0,43510,2.0637452E-05
0,43520,2.0615784E-05
0,43530,2.0594141E-05
0,43540,2.0572521E-05
0,43550,2.0550922E-05
0,43560,2.0529347E-05
0,43570,2.0507794E-05
0,43580,2.0486264E-05
0,43590,2.0464757E-05
0,43600,2.044327E-05
0,43610,2.0421809E-05
0,43620,2.040037E-05
0,43630,2.0378951E-05
0,43640,2.0357556E-05
0,43650,2.0336185E-05
0,43660,2.0314834E-05
0,43670,2.0293506E-05
0,43680,2.0272202E-05
0,43690,2.025092E-05
0,43700,2.0229658E-05
0,43710,2.0208421E-05
0,43720,2.0187204E-05
0,43730,2.0166011E-05
0,43740,2.014484E-05
0,43750,2.012369E-05
0,43760,2.0102563E-05
0,43770,2.008146E-05
0,43780,2.0060377E-05
0,43790,2.0039317E-05
0,43800,2.0018279E-05
0,43810,1.9997262E-05
0,43820,1.9976267E-05
0,43830,1.9955296E-05
0,43840,1.9934345E-05
0,43850,1.9913417E-05
0,43860,1.9892512E-05
0,43870,1.9871628E-05
0,43880,1.9850764E-05
0,43890,1.9829924E-05
0,43900,1.9809106E-05
0,43910,1.978831E-05
0,43920,1.9767534E-05
0,43930,1.9746782E-05
0,43940,1.972605E-05
0,43950,1.9705341E-05
0,43960,1.9684654E-05
0,43970,1.9663987E-05
0,43980,1.9643343E-05
0,43990,1.9622721E-05
0,44000,1.960212E-05
0,44010,1.9581541E-05
0,44020,1.9560983E-05
0,44030,1.9540446E-05
0,44040,1.9519932E-05
0,44050,1.9499439E-05
0,44060,1.9478968E-05
0,44070,1.9458517E-05
0,44080,1.9438088E-05
0,44090,1.9417683E-05
0,44100,1.9397296E-05
0,44110,1.9376932E-05
0,44120,1.9356588E-05
0,44130,1.9336268E-05
0,44140,1.9315967E-05
0,44150,1.9295689E-05
0,44160,1.927543E-05
0,44170,1.9255194E-05
0,44180,1.923498E-05
0,44190,1.9214785E-05
0,44200,1.9194613E-05
0,44210,1.9174462E-05
0,44220,1.9154331E-05
0,44230,1.9134222E-05
0,44240,1.9114133E-05
0,44250,1.9094066E-05
0,44260,1.9074021E-05
0,44270,1.9053996E-05
0,44280,1.9033992E-05
0,44290,1.9014009E-05
0,44300,1.8994047E-05
0,44310,1.8974106E-05
0,44320,1.8954186E-05
0,44330,1.8934288E-05
0,44340,1.891441E-05
0,44350,1.8894552E-05
0,44360,1.8874716E-05
0,44370,1.88549E-05
0,44380,1.8835106E-05
0,44390,1.8815332E-05
0,44400,1.8795577E-05
0,44410,1.8775845E-05
0,44420,1.8756133E-05
0,44430,1.8736442E-05
0,44440,1.8716772E-05
0,44450,1.8697123E-05
0,44460,1.8677492E-05
0,44470,1.8657884E-05
0,44480,1.8638297E-05
0,44490,1.8618728E-05
0,44500,1.8599181E-05
0,44510,1.8579656E-05
0,44520,1.856015E-05
0,44530,1.8540664E-05
0,44540,1.85212E-05
0,44550,1.8501754E-05
0,44560,1.8482331E-05
0,44570,1.8462928E-05
0,44580,1.8443545E-05
0,44590,1.8424182E-05
0,44600,1.8404839E-05
0,44610,1.8385515E-05
0,44620,1.8366214E-05
0,44630,1.8346933E-05
0,44640,1.832767E-05
0,44650,1.830843E-05
0,44660,1.8289209E-05
0,44670,1.8270008E-05
0,44680,1.8250827E-05
0,44690,1.8231665E-05
0,44700,1.8212526E-05
0,44710,1.8193405E-05
0,44720,1.8174305E-05
0,44730,1.8155224E-05
0,44740,1.8136163E-05
0,44750,1.8117124E-05
0,44760,1.8098104E-05
0,44770,1.8079103E-05
0,44780,1.8060122E-05
0,44790,1.8041163E-05
0,44800,1.8022221E-05
0,44810,1.80033E-05
0,44820,1.7984401E-05
0,44830,1.796552E-05
0,44840,1.7946659E-05
0,44850,1.7927818E-05
0,44860,1.7908995E-05
0,44870,1.7890194E-05
0,44880,1.787141E-05
0,44890,1.785265E-05
0,44900,1.7833907E-05
0,44910,1.7815184E-05
0,44920,1.7796481E-05
0,44930,1.7777797E-05
0,44940,1.7759134E-05
0,44950,1.7740489E-05
0,44960,1.7721863E-05
0,44970,1.7703258E-05
0,44980,1.7684672E-05
0,44990,1.7666107E-05
0,45000,1.7647559E-05
0,45010,1.7629032E-05
0,45020,1.7610524E-05
0,45030,1.7592036E-05
0,45040,1.7573566E-05
0,45050,1.7555118E-05
0,45060,1.7536688E-05
0,45070,1.7518276E-05
0,45080,1.7499884E-05
0,45090,1.7481512E-05
0,45100,1.7463159E-05
0,45110,1.7444825E-05
0,45120,1.7426511E-05
0,45130,1.7408216E-05
0,45140,1.7389939E-05
0,45150,1.7371683E-05
0,45160,1.7353444E-05
0,45170,1.7335227E-05
0,45180,1.7317027E-05
0,45190,1.7298848E-05
0,45200,1.7280685E-05
0,45210,1.7262544E-05
0,45220,1.724442E-05
0,45230,1.7226317E-05
0,45240,1.7208231E-05
0,45250,1.7190165E-05
0,45260,1.7172119E-05
0,45270,1.715409E-05
0,45280,1.713608E-05
0,45290,1.711809E-05
0,45300,1.710012E-05
0,45310,1.7082166E-05
0,45320,1.7064232E-05
0,45330,1.7046317E-05
0,45340,1.7028422E-05
0,45350,1.7010545E-05
0,45360,1.6992686E-05
0,45370,1.6974845E-05
0,45380,1.6957025E-05
0,45390,1.6939222E-05
0,45400,1.6921438E-05
0,45410,1.6903674E-05
0,45420,1.6885928E-05
0,45430,1.68682E-05
0,45440,1.685049E-05
0,45450,1.68328E-05
0,45460,1.681513E-05
0,45470,1.6797476E-05
0,45480,1.677984E-05
0,45490,1.6762224E-05
0,45500,1.6744627E-05
0,45510,1.6727046E-05
0,45520,1.6709486E-05
0,45530,1.6691944E-05
0,45540,1.667442E-05
0,45550,1.6656913E-05
0,45560,1.6639426E-05
0,45570,1.6621958E-05
0,45580,1.6604507E-05
0,45590,1.6587075E-05
0,45600,1.656966E-05
0,45610,1.6552265E-05
0,45620,1.6534888E-05
0,45630,1.6517528E-05
0,45640,1.6500187E-05
0,45650,1.6482865E-05
0,45660,1.6465561E-05
0,45670,1.6448274E-05
0,45680,1.6431006E-05
0,45690,1.6413756E-05
0,45700,1.6396523E-05
0,45710,1.637931E-05
0,45720,1.6362113E-05
0,45730,1.6344937E-05
0,45740,1.6327776E-05
0,45750,1.6310634E-05
0,45760,1.629351E-05
0,45770,1.6276404E-05
0,45780,1.6259317E-05
0,45790,1.6242248E-05
0,45800,1.6225196E-05
0,45810,1.6208161E-05
0,45820,1.6191145E-05
0,45830,1.6174146E-05
0,45840,1.6157166E-05
0,45850,1.6140204E-05
0,45860,1.612326E-05
0,45870,1.6106333E-05
0,45880,1.6089423E-05
0,45890,1.6072532E-05
0,45900,1.6055657E-05
0,45910,1.6038803E-05
0,45920,1.6021964E-05
0,45930,1.6005142E-05
0,45940,1.598834E-05
0,45950,1.5971555E-05
0,45960,1.5954787E-05
0,45970,1.5938036E-05
0,45980,1.5921303E-05
0,45990,1.5904589E-05
0,46000,1.5887892E-05
0,46010,1.5871212E-05
0,46020,1.585455E-05
0,46030,1.5837904E-05
0,46040,1.5821277E-05
0,46050,1.5804666E-05
0,46060,1.5788075E-05
0,46070,1.5771499E-05
0,46080,1.5754942E-05
0,46090,1.5738402E-05
0,46100,1.5721878E-05
0,46110,1.5705373E-05
0,46120,1.5688884E-05
0,46130,1.5672413E-05
0,46140,1.565596E-05
0,46150,1.5639524E-05
0,46160,1.5623104E-05
0,46170,1.5606702E-05
0,46180,1.5590318E-05
0,46190,1.5573949E-05
0,46200,1.55576E-05
0,46210,1.5541267E-05
0,46220,1.552495E-05
0,46230,1.550865E-05
0,46240,1.549237E-05
0,46250,1.5476106E-05
0,46260,1.5459857E-05
0,46270,1.5443627E-05
0,46280,1.5427413E-05
0,46290,1.5411217E-05
0,46300,1.5395037E-05
0,46310,1.5378875E-05
0,46320,1.536273E-05
0,46330,1.53466E-05
0,46340,1.533049E-05
0,46350,1.5314394E-05
0,46360,1.5298316E-05
0,46370,1.5282256E-05
0,46380,1.5266212E-05
0,46390,1.5250184E-05
0,46400,1.5234174E-05
0,46410,1.521818E-05
0,46420,1.5202203E-05
0,46430,1.5186243E-05
0,46440,1.51703E-05
0,46450,1.5154374E-05
0,46460,1.5138464E-05
0,46470,1.512257E-05
0,46480,1.5106694E-05
0,46490,1.50908345E-05
0,46500,1.5074991E-05
0,46510,1.5059165E-05
0,46520,1.5043355E-05
0,46530,1.5027562E-05
0,46540,1.5011785E-05
0,46550,1.4996025E-05
0,46560,1.4980281E-05
0,46570,1.4964554E-05
0,46580,1.4948843E-05
0,46590,1.4933149E-05
0,46600,1.4917472E-05
0,46610,1.4901811E-05
0,46620,1.4886166E-05
0,46630,1.4870538E-05
0,46640,1.4854926E-05
0,46650,1.483933E-05
0,46660,1.4823751E-05
0,46670,1.4808189E-05
0,46680,1.4792642E-05
0,46690,1.47771125E-05
0,46700,1.4761598E-05
0,46710,1.4746101E-05
0,46720,1.473062E-05
0,46730,1.4715155E-05
0,46740,1.4699706E-05
0,46750,1.4684274E-05
0,46760,1.4668857E-05
0,46770,1.4653458E-05
0,46780,1.46380735E-05
0,46790,1.4622706E-05
0,46800,1.4607354E-05
0,46810,1.45920185E-05
0,46820,1.4576699E-05
0,46830,1.4561396E-05
0,46840,1.4546108E-05
0,46850,1.4530837E-05
0,46860,1.4515582E-05
0,46870,1.4500342E-05
0,46880,1.4485119E-05
0,46890,1.44699125E-05
0,46900,1.4454721E-05
0,46910,1.4439545E-05
0,46920,1.4424387E-05
0,46930,1.4409243E-05
0,46940,1.4394115E-05
0,46950,1.4379004E-05
0,46960,1.4363908E-05
0,46970,1.4348828E-05
0,46980,1.4333764E-05
0,46990,1.4318715E-05
0,47000,1.4303683E-05
0,47010,1.42886665E-05
0,47020,1.4273665E-05
0,47030,1.425868E-05
0,47040,1.424371E-05
0,47050,1.4228757E-05
0,47060,1.4213819E-05
0,47070,1.4198897E-05
0,47080,1.4183989E-05
0,47090,1.4169099E-05
0,47100,1.4154223E-05
0,47110,1.4139363E-05
0,47120,1.4124519E-05
0,47130,1.4109691E-05
0,47140,1.4094877E-05
0,47150,1.4080079E-05
0,47160,1.4065298E-05
0,47170,1.4050532E-05
0,47180,1.4035781E-05
0,47190,1.4021045E-05
0,47200,1.4006325E-05
0,47210,1.399162E-05
0,47220,1.3976931E-05
0,47230,1.3962258E-05
0,47240,1.39476E-05
0,47250,1.3932957E-05
0,47260,1.39183285E-05
0,47270,1.39037165E-05
0,47280,1.388912E-05
0,47290,1.3874538E-05
0,47300,1.3859973E-05
0,47310,1.3845422E-05
0,47320,1.3830886E-05
0,47330,1.3816365E-05
0,47340,1.380186E-05
0,47350,1.378737E-05
0,47360,1.3772896E-05
0,47370,1.3758436E-05
0,47380,1.3743992E-05
0,47390,1.3729563E-05
0,47400,1.3715148E-05
0,47410,1.370075E-05
0,47420,1.3686366E-05
0,47430,1.3671997E-05
0,47440,1.3657644E-05
0,47450,1.36433055E-05
0,47460,1.3628982E-05
0,47470,1.3614674E-05
0,47480,1.360038E-05
0,47490,1.3586102E-05
0,47500,1.3571838E-05
0,47510,1.355759E-05
0,47520,1.35433565E-05
0,47530,1.3529138E-05
0,47540,1.3514935E-05
0,47550,1.3500746E-05
0,47560,1.3486572E-05
0,47570,1.3472413E-05
0,47580,1.3458269E-05
0,47590,1.344414E-05
0,47600,1.3430025E-05
0,47610,1.3415926E-05
0,47620,1.3401841E-05
0,47630,1.3387771E-05
0,47640,1.3373717E-05
0,47650,1.3359676E-05
0,47660,1.3345651E-05
0,47670,1.3331639E-05
0,47680,1.3317643E-05
0,47690,1.3303661E-05
0,47700,1.3289695E-05
0,47710,1.3275742E-05
0,47720,1.3261805E-05
0,47730,1.3247882E-05
0,47740,1.3233974E-05
0,47750,1.322008E-05
0,47760,1.32062005E-05
0,47770,1.3192336E-05
0,47780,1.3178486E-05
0,47790,1.3164651E-05
0,47800,1.315083E-05
0,47810,1.3137023E-05
0,47820,1.3123232E-05
0,47830,1.3109455E-05
0,47840,1.3095691E-05
0,47850,1.3081943E-05
0,47860,1.3068208E-05
0,47870,1.3054489E-05
0,47880,1.3040783E-05
0,47890,1.3027093E-05
0,47900,1.3013417E-05
0,47910,1.2999754E-05
0,47920,1.2986106E-05
0,47930,1.2972473E-05
0,47940,1.2958853E-05
0,47950,1.2945249E-05
0,47960,1.2931659E-05
0,47970,1.2918082E-05
0,47980,1.290452E-05
0,47990,1.2890972E-05
0,48000,1.2877438E-05
0,48010,1.2863919E-05
0,48020,1.2850414E-05
0,48030,1.2836923E-05
0,48040,1.2823446E-05
0,48050,1.2809984E-05
0,48060,1.2796535E-05
0,48070,1.2783101E-05
0,48080,1.276968E-05
0,48090,1.27562735E-05
0,48100,1.2742881E-05
0,48110,1.2729503E-05
0,48120,1.2716139E-05
0,48130,1.270279E-05
0,48140,1.2689454E-05
0,48150,1.26761315E-05
0,48160,1.2662823E-05
0,48170,1.2649529E-05
0,48180,1.2636249E-05
0,48190,1.2622983E-05
0,48200,1.260973E-05
0,48210,1.25964925E-05
0,48220,1.2583268E-05
0,48230,1.2570057E-05
0,48240,1.255686E-05
0,48250,1.2543678E-05
0,48260,1.2530509E-05
0,48270,1.2517354E-05
0,48280,1.25042125E-05
0,48290,1.2491085E-05
0,48300,1.2477971E-05
0,48310,1.2464871E-05
0,48320,1.2451785E-05
0,48330,1.24387125E-05
0,48340,1.2425653E-05
0,48350,1.2412608E-05
0,48360,1.2399577E-05
0,48370,1.2386559E-05
0,48380,1.2373555E-05
0,48390,1.2360565E-05
0,48400,1.2347588E-05
0,48410,1.2334624E-05
0,48420,1.2321675E-05
0,48430,1.2308739E-05
0,48440,1.2295817E-05
0,48450,1.2282909E-05
0,48460,1.2270013E-05
0,48470,1.2257132E-05
0,48480,1.2244263E-05
0,48490,1.2231409E-05
0,48500,1.22185675E-05
0,48510,1.220574E-05
0,48520,1.2192925E-05
0,48530,1.2180125E-05
0,48540,1.2167337E-05
0,48550,1.2154564E-05
0,48560,1.2141803E-05
0,48570,1.2129056E-05
0,48580,1.2116322E-05
0,48590,1.2103602E-05
0,48600,1.2090895E-05
0,48610,1.20782015E-05
0,48620,1.2065521E-05
0,48630,1.2052854E-05
0,48640,1.20402E-05
0,48650,1.202756E-05
0,48660,1.2014933E-05
0,48670,1.2002319E-05
0,48680,1.1989719E-05
0,48690,1.1977131E-05
0,48700,1.19645565E-05
0,48710,1.19519955E-05
0,48720,1.1939448E-05
0,48730,1.1926913E-05
0,48740,1.19143915E-05
0,48750,1.1901883E-05
0,48760,1.1889389E-05
0,48770,1.1876906E-05
0,48780,1.18644375E-05
0,48790,1.1851981E-05
0,48800,1.1839538E-05
0,48810,1.1827109E-05
0,48820,1.1814692E-05
0,48830,1.1802288E-05
0,48840,1.1789898E-05
0,48850,1.177752E-05
0,48860,1.1765155E-05
0,48870,1.1752803E-05
0,48880,1.1740465E-05
0,48890,1.172814E-05
0,48900,1.1715827E-05
0,48910,1.1703527E-05
0,48920,1.169124E-05
0,48930,1.1678966E-05
0,48940,1.1666704E-05
0,48950,1.1654456E-05
0,48960,1.1642221E-05
0,48970,1.1629998E-05
0,48980,1.1617789E-05
0,48990,1.1605592E-05
0,49000,1.1593407E-05
0,49010,1.1581236E-05
0,49020,1.1569077E-05
0,49030,1.1556932E-05
0,49040,1.1544798E-05
0,49050,1.1532678E-05
0,49060,1.152057E-05
0,49070,1.1508476E-05
0,49080,1.1496394E-05
0,49090,1.1484324E-05
0,49100,1.1472267E-05
0,49110,1.14602235E-05
0,49120,1.1448192E-05
0,49130,1.1436173E-05
0,49140,1.1424167E-05
0,49150,1.1412173E-05
0,49160,1.1400191E-05
0,49170,1.1388223E-05
0,49180,1.1376267E-05
0,49190,1.1364324E-05
0,49200,1.1352393E-05
0,49210,1.1340475E-05
0,49220,1.1328569E-05
0,49230,1.1316675E-05
0,49240,1.13047945E-05
0,49250,1.12929265E-05
0,49260,1.128107E-05
0,49270,1.1269227E-05
0,49280,1.1257396E-05
0,49290,1.1245577E-05
0,49300,1.1233771E-05
0,49310,1.1221978E-05
0,49320,1.1210196E-05
0,49330,1.1198427E-05
0,49340,1.118667E-05
0,49350,1.1174926E-05
0,49360,1.1163194E-05
0,49370,1.1151475E-05
0,49380,1.1139768E-05
0,49390,1.1128072E-05
0,49400,1.1116389E-05
0,49410,1.1104718E-05
0,49420,1.10930605E-05
0,49430,1.1081414E-05
0,49440,1.106978E-05
0,49450,1.1058159E-05
0,49460,1.104655E-05
0,49470,1.1034952E-05
0,49480,1.1023367E-05
0,49490,1.1011794E-05
0,49500,1.1000234E-05
0,49510,1.0988685E-05
0,49520,1.0977148E-05
0,49530,1.0965624E-05
0,49540,1.09541115E-05
0,49550,1.0942612E-05
0,49560,1.0931123E-05
0,49570,1.0919647E-05
0,49580,1.0908184E-05
0,49590,1.08967315E-05
0,49600,1.0885292E-05
0,49610,1.0873863E-05
0,49620,1.0862448E-05
0,49630,1.0851044E-05
0,49640,1.0839652E-05
0,49650,1.0828272E-05
0,49660,1.0816903E-05
0,49670,1.0805547E-05
0,49680,1.0794203E-05
0,49690,1.0782871E-05
0,49700,1.07715505E-05
0,49710,1.0760242E-05
0,49720,1.0748945E-05
0,49730,1.0737661E-05
0,49740,1.0726388E-05
0,49750,1.0715126E-05
0,49760,1.0703878E-05
0,49770,1.069264E-05
0,49780,1.0681414E-05
0,49790,1.06702E-05
0,49800,1.0658998E-05
0,49810,1.0647808E-05
0,49820,1.063663E-05
0,49830,1.0625462E-05
0,49840,1.0614307E-05
0,49850,1.0603164E-05
0,49860,1.0592032E-05
0,49870,1.0580912E-05
0,49880,1.0569804E-05
0,49890,1.0558707E-05
0,49900,1.0547622E-05
0,49910,1.0536548E-05
0,49920,1.0525487E-05
0,49930,1.0514436E-05
0,49940,1.0503398E-05
0,49950,1.0492371E-05
0,49960,1.0481355E-05
0,49970,1.0470351E-05
0,49980,1.0459359E-05
0,49990,1.0448379E-05
0,50000,1.0437409E-05
0,50010,1.0426452E-05
0,50020,1.0415505E-05
0,50030,1.040457E-05
0,50040,1.0393647E-05
0,50050,1.0382736E-05
0,50060,1.0371835E-05
0,50070,1.0360946E-05
0,50080,1.0350069E-05
0,50090,1.0339203E-05
0,50100,1.0328348E-05
0,50110,1.0317505E-05
0,50120,1.0306673E-05
0,50130,1.0295853E-05
0,50140,1.0285044E-05
0,50150,1.0274246E-05
0,50160,1.0263459E-05
0,50170,1.0252685E-05
0,50180,1.0241921E-05
0,50190,1.0231168E-05
0,50200,1.0220427E-05
0,50210,1.02096965E-05
0,50220,1.0198978E-05
0,50230,1.0188271E-05
0,50240,1.0177575E-05
0,50250,1.0166889E-05
0,50260,1.0156216E-05
0,50270,1.01455535E-05
0,50280,1.0134902E-05
0,50290,1.0124262E-05
0,50300,1.0113633E-05
0,50310,1.01030155E-05
0,50320,1.0092409E-05
0,50330,1.0081813E-05
0,50340,1.0071229E-05
0,50350,1.0060656E-05
0,50360,1.0050093E-05
0,50370,1.0039542E-05
0,50380,1.0029002E-05
0,50390,1.0018473E-05
0,50400,1.0007955E-05
0,50410,9.997449E-06
0,50420,9.986953E-06
0,50430,9.9764675E-06
0,50440,9.965994E-06
0,50450,9.955531E-06
0,50460,9.945079E-06
0,50470,9.934639E-06
0,50480,9.924209E-06
0,50490,9.91379E-06
0,50500,9.903381E-06
0,50510,9.892985E-06
0,50520,9.8825985E-06
0,50530,9.872223E-06
0,50540,9.861858E-06
0,50550,9.851506E-06
0,50560,9.841163E-06
0,50570,9.830831E-06
0,50580,9.82051E-06
0,50590,9.8102E-06
0,50600,9.799901E-06
0,50610,9.789613E-06
0,50620,9.7793345E-06
0,50630,9.769068E-06
0,50640,9.758812E-06
0,50650,9.748566E-06
0,50660,9.738332E-06
0,50670,9.728108E-06
0,50680,9.717895E-06
0,50690,9.707693E-06
0,50700,9.697501E-06
0,50710,9.68732E-06
0,50720,9.67715E-06
0,50730,9.66699E-06
0,50740,9.656841E-06
0,50750,9.646703E-06
0,50760,9.636576E-06
0,50770,9.626458E-06
0,50780,9.616352E-06
0,50790,9.606257E-06
0,50800,9.596171E-06
0,50810,9.586097E-06
0,50820,9.576033E-06
0,50830,9.56598E-06
0,50840,9.555937E-06
0,50850,9.5459045E-06
0,50860,9.535883E-06
0,50870,9.525871E-06
0,50880,9.51587E-06
0,50890,9.50588E-06
0,50900,9.4959005E-06
0,50910,9.4859315E-06
0,50920,9.475973E-06
0,50930,9.4660245E-06
0,50940,9.456086E-06
0,50950,9.446159E-06
0,50960,9.436242E-06
0,50970,9.426335E-06
0,50980,9.416439E-06
0,50990,9.406553E-06
0,51000,9.396677E-06
0,51010,9.386812E-06
0,51020,9.376958E-06
0,51030,9.367113E-06
0,51040,9.357279E-06
0,51050,9.3474555E-06
0,51060,9.337642E-06
0,51070,9.327839E-06
0,51080,9.318046E-06
0,51090,9.3082635E-06
0,51100,9.298491E-06
0,51110,9.288729E-06
0,51120,9.278978E-06
0,51130,9.269236E-06
0,51140,9.259505E-06
0,51150,9.249783E-06
0,51160,9.240072E-06
0,51170,9.230372E-06
0,51180,9.220681E-06
0,51190,9.211001E-06
0,51200,9.201331E-06
0,51210,9.191671E-06
0,51220,9.182021E-06
0,51230,9.172381E-06
0,51240,9.162752E-06
0,51250,9.153132E-06
0,51260,9.143522E-06
0,51270,9.133923E-06
0,51280,9.124334E-06
0,51290,9.114755E-06
0,51300,9.105186E-06
0,51310,9.095626E-06
0,51320,9.086078E-06
0,51330,9.076539E-06
0,51340,9.067009E-06
0,51350,9.05749E-06
0,51360,9.047982E-06
0,51370,9.038483E-06
0,51380,9.028993E-06
0,51390,9.019514E-06
0,51400,9.010045E-06
0,51410,9.000586E-06
0,51420,8.991136E-06
0,51430,8.981698E-06
0,51440,8.972268E-06
0,51450,8.962848E-06
0,51460,8.953439E-06
0,51470,8.944039E-06
0,51480,8.9346495E-06
0,51490,8.925269E-06
0,51500,8.915898E-06
0,51510,8.906539E-06
0,51520,8.897187E-06
0,51530,8.887847E-06
0,51540,8.878516E-06
0,51550,8.869195E-06
0,51560,8.859884E-06
0,51570,8.850582E-06
0,51580,8.841291E-06
0,51590,8.8320085E-06
0,51600,8.822736E-06
0,51610,8.813474E-06
0,51620,8.804221E-06
0,51630,8.7949775E-06
0,51640,8.785744E-06
0,51650,8.77652E-06
0,51660,8.767306E-06
0,51670,8.758102E-06
0,51680,8.748907E-06
0,51690,8.739722E-06
0,51700,8.730547E-06
0,51710,8.721381E-06
0,51720,8.712225E-06
0,51730,8.7030785E-06
0,51740,8.693942E-06
0,51750,8.684814E-06
0,51760,8.675696E-06
0,51770,8.666589E-06
0,51780,8.65749E-06
0,51790,8.648401E-06
0,51800,8.639321E-06
0,51810,8.630251E-06
0,51820,8.62119E-06
0,51830,8.61214E-06
0,51840,8.603098E-06
0,51850,8.5940665E-06
0,51860,8.585043E-06
0,51870,8.57603E-06
0,51880,8.567027E-06
0,51890,8.558033E-06
0,51900,8.549048E-06
0,51910,8.540073E-06
0,51920,8.531108E-06
0,51930,8.522151E-06
0,51940,8.513204E-06
0,51950,8.504267E-06
0,51960,8.495338E-06
0,51970,8.48642E-06
0,51980,8.47751E-06
0,51990,8.46861E-06
0,52000,8.459719E-06
0,52010,8.450837E-06
0,52020,8.441965E-06
0,52030,8.433102E-06
0,52040,8.424249E-06
0,52050,8.415404E-06
0,52060,8.40657E-06
0,52070,8.397744E-06
0,52080,8.388928E-06
0,52090,8.380121E-06
0,52100,8.371323E-06
0,52110,8.362535E-06
0,52120,8.353755E-06
0,52130,8.344985E-06
0,52140,8.336224E-06
0,52150,8.327472E-06
0,52160,8.31873E-06
0,52170,8.309996E-06
0,52180,8.301272E-06
0,52190,8.292556E-06
0,52200,8.283851E-06
0,52210,8.275154E-06
0,52220,8.2664665E-06
0,52230,8.257787E-06
0,52240,8.249118E-06
0,52250,8.240458E-06
0,52260,8.2318065E-06
0,52270,8.2231645E-06
0,52280,8.214532E-06
0,52290,8.205907E-06
0,52300,8.197292E-06
0,52310,8.1886865E-06
0,52320,8.180089E-06
0,52330,8.171502E-06
0,52340,8.162922E-06
0,52350,8.154353E-06
0,52360,8.145792E-06
0,52370,8.13724E-06
0,52380,8.128697E-06
0,52390,8.120163E-06
0,52400,8.111639E-06
0,52410,8.103122E-06
0,52420,8.094616E-06
0,52430,8.086117E-06
0,52440,8.077628E-06
0,52450,8.069148E-06
0,52460,8.060676E-06
0,52470,8.052214E-06
0,52480,8.04376E-06
0,52490,8.035316E-06
0,52500,8.026879E-06
0,52510,8.018453E-06
0,52520,8.010034E-06
0,52530,8.001625E-06
0,52540,7.993224E-06
0,52550,7.984832E-06
0,52560,7.9764495E-06
0,52570,7.968076E-06
0,52580,7.95971E-06
0,52590,7.951354E-06
0,52600,7.9430065E-06
0,52610,7.934667E-06
0,52620,7.926337E-06
0,52630,7.918015E-06
0,52640,7.909703E-06
0,52650,7.901399E-06
0,52660,7.893103E-06
0,52670,7.884817E-06
0,52680,7.876539E-06
0,52690,7.86827E-06
0,52700,7.86001E-06
0,52710,7.851758E-06
0,52720,7.843514E-06
0,52730,7.83528E-06
0,52740,7.827054E-06
0,52750,7.818837E-06
0,52760,7.810628E-06
0,52770,7.802428E-06
0,52780,7.794237E-06
0,52790,7.786054E-06
0,52800,7.77788E-06
0,52810,7.769714E-06
0,52820,7.761557E-06
0,52830,7.753409E-06
0,52840,7.745269E-06
0,52850,7.737137E-06
0,52860,7.729014E-06
0,52870,7.720901E-06
0,52880,7.712794E-06
0,52890,7.704697E-06
0,52900,7.696608E-06
0,52910,7.688528E-06
0,52920,7.680456E-06
0,52930,7.672393E-06
0,52940,7.664338E-06
0,52950,7.656292E-06
0,52960,7.648254E-06
0,52970,7.640224E-06
0,52980,7.632203E-06
0,52990,7.6241904E-06
0,53000,7.616186E-06
0,53010,7.60819E-06
0,53020,7.600203E-06
0,53030,7.5922235E-06
0,53040,7.584253E-06
0,53050,7.576291E-06
0,53060,7.5683365E-06
0,53070,7.560391E-06
0,53080,7.5524536E-06
0,53090,7.544525E-06
0,53100,7.5366042E-06
0,53110,7.528692E-06
0,53120,7.520788E-06
0,53130,7.5128924E-06
0,53140,7.5050048E-06
0,53150,7.497126E-06
0,53160,7.4892546E-06
0,53170,7.4813925E-06
0,53180,7.473538E-06
0,53190,7.465692E-06
0,53200,7.457854E-06
0,53210,7.4500244E-06
0,53220,7.442203E-06
0,53230,7.4343898E-06
0,53240,7.4265845E-06
0,53250,7.418788E-06
0,53260,7.4109994E-06
0,53270,7.4032187E-06
0,53280,7.3954466E-06
0,53290,7.387682E-06
0,53300,7.3799265E-06
0,53310,7.3721785E-06
0,53320,7.3644387E-06
0,53330,7.356707E-06
0,53340,7.348984E-06
0,53350,7.3412684E-06
0,53360,7.3335614E-06
0,53370,7.325862E-06
0,53380,7.318171E-06
0,53390,7.310488E-06
0,53400,7.302813E-06
0,53410,7.2951466E-06
0,53420,7.2874877E-06
0,53430,7.2798366E-06
0,53440,7.272194E-06
0,53450,7.2645594E-06
0,53460,7.256933E-06
0,53470,7.249314E-06
0,53480,7.2417033E-06
0,53490,7.2341004E-06
0,53500,7.2265057E-06
0,53510,7.218919E-06
0,53520,7.2113403E-06
0,53530,7.2037697E-06
0,53540,7.1962068E-06
0,53550,7.1886516E-06
0,53560,7.1811046E-06
0,53570,7.1735653E-06
0,53580,7.1660343E-06
0,53590,7.158511E-06
0,53600,7.1509958E-06
0,53610,7.1434883E-06
0,53620,7.1359887E-06
0,53630,7.1284967E-06
0,53640,7.121013E-06
0,53650,7.113537E-06
0,53660,7.106069E-06
0,53670,7.0986084E-06
0,53680,7.091156E-06
0,53690,7.0837114E-06
0,53700,7.0762744E-06
0,53710,7.0688457E-06
0,53720,7.061424E-06
0,53730,7.054011E-06
0,53740,7.0466053E-06
0,53750,7.0392075E-06
0,53760,7.0318174E-06
0,53770,7.024435E-06
0,53780,7.0170604E-06
0,53790,7.0096935E-06
0,53800,7.0023343E-06
0,53810,6.994983E-06
0,53820,6.987639E-06
0,53830,6.980303E-06
0,53840,6.972975E-06
0,53850,6.9656544E-06
0,53860,6.9583416E-06
0,53870,6.951036E-06
0,53880,6.9437388E-06
0,53890,6.9364487E-06
0,53900,6.9291664E-06
0,53910,6.921892E-06
0,53920,6.914625E-06
0,53930,6.907366E-06
0,53940,6.900114E-06
0,53950,6.89287E-06
0,53960,6.8856334E-06
0,53970,6.8784043E-06
0,53980,6.8711834E-06
0,53990,6.8639692E-06
0,54000,6.8567633E-06
0,54010,6.8495647E-06
0,54020,6.8423738E-06
0,54030,6.83519E-06
0,54040,6.828014E-06
0,54050,6.820846E-06
0,54060,6.813685E-06
0,54070,6.806532E-06
0,54080,6.799386E-06
0,54090,6.7922474E-06
0,54100,6.7851165E-06
0,54110,6.7779933E-06
0,54120,6.7708775E-06
0,54130,6.7637693E-06
0,54140,6.756668E-06
0,54150,6.7495744E-06
0,54160,6.7424885E-06
0,54170,6.73541E-06
0,54180,6.7283386E-06
0,54190,6.721275E-06
0,54200,6.7142187E-06
0,54210,6.7071696E-06
0,54220,6.7001283E-06
0,54230,6.6930943E-06
0,54240,6.6860675E-06
0,54250,6.679048E-06
0,54260,6.672036E-06
0,54270,6.6650314E-06
0,54280,6.658034E-06
0,54290,6.6510443E-06
0,54300,6.6440616E-06
0,54310,6.6370862E-06
0,54320,6.630118E-06
0,54330,6.623158E-06
0,54340,6.6162042E-06
0,54350,6.6092584E-06
0,54360,6.6023194E-06
0,54370,6.595388E-06
0,54380,6.5884637E-06
0,54390,6.581547E-06
0,54400,6.574637E-06
0,54410,6.567735E-06
0,54420,6.5608397E-06
0,54430,6.553952E-06
0,54440,6.5470713E-06
0,54450,6.540198E-06
0,54460,6.5333315E-06
0,54470,6.5264726E-06
0,54480,6.519621E-06
0,54490,6.512776E-06
0,54500,6.5059385E-06
0,54510,6.499108E-06
0,54520,6.492285E-06
0,54530,6.4854694E-06
0,54540,6.4786605E-06
0,54550,6.4718593E-06
0,54560,6.4650644E-06
0,54570,6.4582773E-06
0,54580,6.451497E-06
0,54590,6.4447236E-06
0,54600,6.437958E-06
0,54610,6.431199E-06
0,54620,6.4244473E-06
0,54630,6.4177025E-06
0,54640,6.410965E-06
0,54650,6.4042342E-06
0,54660,6.397511E-06
0,54670,6.390794E-06
0,54680,6.384085E-06
0,54690,6.3773828E-06
0,54700,6.370687E-06
0,54710,6.363999E-06
0,54720,6.357318E-06
0,54730,6.3506436E-06
0,54740,6.343976E-06
0,54750,6.337316E-06
0,54760,6.330663E-06
0,54770,6.324017E-06
0,54780,6.3173775E-06
0,54790,6.310745E-06
0,54800,6.30412E-06
0,54810,6.2975014E-06
0,54820,6.29089E-06
0,54830,6.2842855E-06
0,54840,6.277688E-06
0,54850,6.2710974E-06
0,54860,6.2645136E-06
0,54870,6.2579365E-06
0,54880,6.251367E-06
0,54890,6.244804E-06
0,54900,6.238248E-06
0,54910,6.2316985E-06
0,54920,6.225156E-06
0,54930,6.2186205E-06
0,54940,6.212092E-06
0,54950,6.20557E-06
0,54960,6.1990554E-06
0,54970,6.192547E-06
0,54980,6.186046E-06
0,54990,6.1795513E-06
0,55000,6.173064E-06
0,55010,6.1665833E-06
0,55020,6.160109E-06
0,55030,6.153642E-06
0,55040,6.1471815E-06
0,55050,6.1407277E-06
0,55060,6.134281E-06
0,55070,6.127841E-06
0,55080,6.1214078E-06
0,55090,6.1149813E-06
0,55100,6.108561E-06
0,55110,6.1021483E-06
0,55120,6.095742E-06
0,55130,6.089342E-06
0,55140,6.0829493E-06
0,55150,6.0765633E-06
0,55160,6.0701836E-06
0,55170,6.063811E-06
0,55180,6.057445E-06
0,55190,6.051085E-06
0,55200,6.044733E-06
0,55210,6.038387E-06
0,55220,6.032047E-06
0,55230,6.0257144E-06
0,55240,6.0193884E-06
0,55250,6.0130687E-06
0,55260,6.006756E-06
0,55270,6.00045E-06
0,55280,5.9941503E-06
0,55290,5.987857E-06
0,55300,5.9815707E-06
0,55310,5.975291E-06
0,55320,5.969018E-06
0,55330,5.9627514E-06
0,55340,5.9564913E-06
0,55350,5.950238E-06
0,55360,5.9439913E-06
0,55370,5.9377508E-06
0,55380,5.931517E-06
0,55390,5.9252898E-06
0,55400,5.9190693E-06
0,55410,5.912855E-06
0,55420,5.9066474E-06
0,55430,5.9004465E-06
0,55440,5.894252E-06
0,55450,5.8880637E-06
0,55460,5.881882E-06
0,55470,5.875707E-06
0,55480,5.869538E-06
0,55490,5.8633764E-06
0,55500,5.8572205E-06
0,55510,5.8510714E-06
0,55520,5.8449286E-06
0,55530,5.8387923E-06
0,55540,5.8326623E-06
0,55550,5.826539E-06
0,55560,5.820422E-06
0,55570,5.8143114E-06
0,55580,5.8082073E-06
0,55590,5.8021096E-06
0,55600,5.7960183E-06
0,55610,5.7899333E-06
0,55620,5.7838547E-06
0,55630,5.7777825E-06
0,55640,5.7717166E-06
0,55650,5.765657E-06
0,55660,5.759604E-06
0,55670,5.7535576E-06
0,55680,5.747517E-06
0,55690,5.741483E-06
0,55700,5.7354555E-06
0,55710,5.7294337E-06
0,55720,5.723419E-06
0,55730,5.71741E-06
0,55740,5.7114075E-06
0,55750,5.7054117E-06
0,55760,5.6994218E-06
0,55770,5.693438E-06
0,55780,5.687461E-06
0,55790,5.68149E-06
0,55800,5.6755252E-06
0,55810,5.6695667E-06
0,55820,5.6636145E-06
0,55830,5.6576687E-06
0,55840,5.6517288E-06
0,55850,5.6457957E-06
0,55860,5.639868E-06
0,55870,5.6339472E-06
0,55880,5.6280323E-06
0,55890,5.622124E-06
0,55900,5.616221E-06
0,55910,5.6103254E-06
0,55920,5.604435E-06
0,55930,5.5985515E-06
0,55940,5.592674E-06
0,55950,5.586802E-06
0,55960,5.580937E-06
0,55970,5.575078E-06
0,55980,5.569225E-06
0,55990,5.563378E-06
0,56000,5.5575374E-06
0,56010,5.5517025E-06
0,56020,5.545874E-06
0,56030,5.540052E-06
0,56040,5.5342357E-06
0,56050,5.5284254E-06
0,56060,5.5226214E-06
0,56070,5.5168234E-06
0,56080,5.5110318E-06
0,56090,5.505246E-06
0,56100,5.499466E-06
0,56110,5.4936927E-06
0,56120,5.487925E-06
0,56130,5.4821635E-06
0,56140,5.476408E-06
0,56150,5.470659E-06
0,56160,5.4649154E-06
0,56170,5.4591783E-06
0,56180,5.4534466E-06
0,56190,5.4477214E-06
0,56200,5.442002E-06
0,56210,5.436289E-06
0,56220,5.4305815E-06
0,56230,5.4248803E-06
0,56240,5.419185E-06
0,56250,5.4134957E-06
0,56260,5.4078123E-06
0,56270,5.402135E-06
0,56280,5.3964636E-06
0,56290,5.390798E-06
0,56300,5.3851386E-06
0,56310,5.3794847E-06
0,56320,5.373837E-06
0,56330,5.368195E-06
0,56340,5.3625595E-06
0,56350,5.3569297E-06
0,56360,5.351306E-06
0,56370,5.3456874E-06
0,56380,5.3400754E-06
0,56390,5.3344693E-06
0,56400,5.3288686E-06
0,56410,5.3232743E-06
0,56420,5.3176855E-06
0,56430,5.312103E-06
0,56440,5.306526E-06
0,56450,5.300955E-06
0,56460,5.2953897E-06
0,56470,5.2898304E-06
0,56480,5.284277E-06
0,56490,5.278729E-06
0,56500,5.273187E-06
0,56510,5.267651E-06
0,56520,5.262121E-06
0,56530,5.2565965E-06
0,56540,5.2510777E-06
0,56550,5.245565E-06
0,56560,5.240058E-06
0,56570,5.2345567E-06
0,56580,5.229061E-06
0,56590,5.2235714E-06
0,56600,5.2180876E-06
0,56610,5.2126093E-06
0,56620,5.207137E-06
0,56630,5.20167E-06
0,56640,5.1962093E-06
0,56650,5.1907537E-06
0,56660,5.1853044E-06
0,56670,5.1798606E-06
0,56680,5.1744223E-06
0,56690,5.16899E-06
0,56700,5.1635634E-06
0,56710,5.1581424E-06
0,56720,5.152727E-06
0,56730,5.1473176E-06
0,56740,5.141914E-06
0,56750,5.1365155E-06
0,56760,5.1311226E-06
0,56770,5.125736E-06
0,56780,5.1203547E-06
0,56790,5.114979E-06
0,56800,5.109609E-06
0,56810,5.104245E-06
0,56820,5.098886E-06
0,56830,5.093533E-06
0,56840,5.0881854E-06
0,56850,5.0828435E-06
0,56860,5.0775075E-06
0,56870,5.072177E-06
0,56880,5.066852E-06
0,56890,5.061532E-06
0,56900,5.0562185E-06
0,56910,5.05091E-06
0,56920,5.0456074E-06
0,56930,5.0403105E-06
0,56940,5.035019E-06
0,56950,5.029733E-06
0,56960,5.0244525E-06
0,56970,5.0191775E-06
0,56980,5.013908E-06
0,56990,5.008644E-06
0,57000,5.003386E-06
0,57010,4.998133E-06
0,57020,4.992886E-06
0,57030,4.987644E-06
0,57040,4.9824075E-06
0,57050,4.977177E-06
0,57060,4.9719515E-06
0,57070,4.966732E-06
0,57080,4.9615173E-06
0,57090,4.9563087E-06
0,57100,4.951105E-06
0,57110,4.945907E-06
0,57120,4.940715E-06
0,57130,4.935528E-06
0,57140,4.930346E-06
0,57150,4.9251703E-06
0,57160,4.9199994E-06
0,57170,4.9148343E-06
0,57180,4.9096743E-06
0,57190,4.9045198E-06
0,57200,4.899371E-06
0,57210,4.8942275E-06
0,57220,4.8890893E-06
0,57230,4.883956E-06
0,57240,4.878829E-06
0,57250,4.873707E-06
0,57260,4.86859E-06
0,57270,4.863479E-06
0,57280,4.858373E-06
0,57290,4.8532725E-06
0,57300,4.848177E-06
0,57310,4.8430875E-06
0,57320,4.838003E-06
0,57330,4.8329234E-06
0,57340,4.82785E-06
0,57350,4.822781E-06
0,57360,4.817718E-06
0,57370,4.8126603E-06
0,57380,4.8076076E-06
0,57390,4.8025604E-06
0,57400,4.797518E-06
0,57410,4.792482E-06
0,57420,4.78745E-06
0,57430,4.782424E-06
0,57440,4.7774033E-06
0,57450,4.772388E-06
0,57460,4.7673775E-06
0,57470,4.7623726E-06
0,57480,4.7573726E-06
0,57490,4.752378E-06
0,57500,4.7473886E-06
0,57510,4.7424046E-06
0,57520,4.737426E-06
0,57530,4.7324525E-06
0,57540,4.727484E-06
0,57550,4.7225208E-06
0,57560,4.717563E-06
0,57570,4.71261E-06
0,57580,4.707663E-06
0,57590,4.70272E-06
0,57600,4.697783E-06
0,57610,4.6928512E-06
0,57620,4.6879245E-06
0,57630,4.6830028E-06
0,57640,4.678086E-06
0,57650,4.6731748E-06
0,57660,4.668269E-06
0,57670,4.6633677E-06
0,57680,4.658472E-06
0,57690,4.6535815E-06
0,57700,4.6486957E-06
0,57710,4.6438154E-06
0,57720,4.63894E-06
0,57730,4.6340697E-06
0,57740,4.629205E-06
0,57750,4.624345E-06
0,57760,4.61949E-06
0,57770,4.61464E-06
0,57780,4.6097953E-06
0,57790,4.604956E-06
0,57800,4.6001214E-06
0,57810,4.595292E-06
0,57820,4.5904676E-06
0,57830,4.585648E-06
0,57840,4.580834E-06
0,57850,4.576025E-06
0,57860,4.5712204E-06
0,57870,4.5664215E-06
0,57880,4.5616275E-06
0,57890,4.5568386E-06
0,57900,4.5520546E-06
0,57910,4.5472757E-06
0,57920,4.5425013E-06
0,57930,4.5377324E-06
0,57940,4.5329684E-06
0,57950,4.5282095E-06
0,57960,4.5234556E-06
0,57970,4.5187066E-06
0,57980,4.5139627E-06
0,57990,4.509224E-06
0,58000,4.50449E-06
0,58010,4.499761E-06
0,58020,4.4950366E-06
0,58030,4.4903177E-06
0,58040,4.4856033E-06
0,58050,4.480894E-06
0,58060,4.47619E-06
0,58070,4.4714907E-06
0,58080,4.4667963E-06
0,58090,4.462107E-06
0,58100,4.457422E-06
0,58110,4.4527424E-06
0,58120,4.448068E-06
0,58130,4.443398E-06
0,58140,4.438733E-06
0,58150,4.434073E-06
0,58160,4.429418E-06
0,58170,4.4247677E-06
0,58180,4.4201224E-06
0,58190,4.4154817E-06
0,58200,4.4108465E-06
0,58210,4.406216E-06
0,58220,4.4015896E-06
0,58230,4.3969685E-06
0,58240,4.3923524E-06
0,58250,4.3877412E-06
0,58260,4.3831346E-06
0,58270,4.378533E-06
0,58280,4.3739365E-06
0,58290,4.3693444E-06
0,58300,4.3647574E-06
0,58310,4.360175E-06
0,58320,4.3555974E-06
0,58330,4.3510245E-06
0,58340,4.3464565E-06
0,58350,4.3418936E-06
0,58360,4.337335E-06
0,58370,4.332782E-06
0,58380,4.328233E-06
0,58390,4.3236887E-06
0,58400,4.31915E-06
0,58410,4.314615E-06
0,58420,4.3100854E-06
0,58430,4.3055607E-06
0,58440,4.3010405E-06
0,58450,4.296525E-06
0,58460,4.292014E-06
0,58470,4.287508E-06
0,58480,4.283007E-06
0,58490,4.2785105E-06
0,58500,4.2740185E-06
0,58510,4.2695315E-06
0,58520,4.265049E-06
0,58530,4.2605716E-06
0,58540,4.2560987E-06
0,58550,4.2516303E-06
0,58560,4.2471665E-06
0,58570,4.2427077E-06
0,58580,4.2382535E-06
0,58590,4.2338042E-06
0,58600,4.229359E-06
0,58610,4.224919E-06
0,58620,4.2204833E-06
0,58630,4.2160527E-06
0,58640,4.211626E-06
0,58650,4.2072047E-06
0,58660,4.2027877E-06
0,58670,4.198376E-06
0,58680,4.193968E-06
0,58690,4.189565E-06
0,58700,4.1851663E-06
0,58710,4.1807725E-06
0,58720,4.1763833E-06
0,58730,4.171999E-06
0,58740,4.167619E-06
0,58750,4.1632434E-06
0,58760,4.158873E-06
0,58770,4.1545068E-06
0,58780,4.150145E-06
0,58790,4.145788E-06
0,58800,4.1414355E-06
0,58810,4.1370877E-06
0,58820,4.1327444E-06
0,58830,4.1284056E-06
0,58840,4.1240714E-06
0,58850,4.119742E-06
0,58860,4.1154167E-06
0,58870,4.111096E-06
0,58880,4.1067797E-06
0,58890,4.102468E-06
0,58900,4.0981613E-06
0,58910,4.093859E-06
0,58920,4.089561E-06
0,58930,4.0852674E-06
0,58940,4.0809787E-06
0,58950,4.076694E-06
0,58960,4.0724144E-06
0,58970,4.068139E-06
0,58980,4.063868E-06
0,58990,4.0596015E-06
0,59000,4.0553396E-06
0,59010,4.051082E-06
0,59020,4.046829E-06
0,59030,4.0425803E-06
0,59040,4.038336E-06
0,59050,4.0340965E-06
0,59060,4.0298614E-06
0,59070,4.025631E-06
0,59080,4.0214045E-06
0,59090,4.0171826E-06
0,59100,4.0129653E-06
0,59110,4.008752E-06
0,59120,4.0045434E-06
0,59130,4.0003392E-06
0,59140,3.9961396E-06
0,59150,3.991944E-06
0,59160,3.987753E-06
0,59170,3.983567E-06
0,59180,3.9793845E-06
0,59190,3.9752067E-06
0,59200,3.9710335E-06
0,59210,3.9668644E-06
0,59220,3.9627E-06
0,59230,3.9585398E-06
0,59240,3.954384E-06
0,59250,3.950232E-06
0,59260,3.946085E-06
0,59270,3.9419424E-06
0,59280,3.9378037E-06
0,59290,3.9336696E-06
0,59300,3.92954E-06
0,59310,3.9254146E-06
0,59320,3.9212932E-06
0,59330,3.9171764E-06
0,59340,3.913064E-06
0,59350,3.908956E-06
0,59360,3.9048523E-06
0,59370,3.9007527E-06
0,59380,3.8966573E-06
0,59390,3.8925664E-06
0,59400,3.88848E-06
0,59410,3.8843978E-06
0,59420,3.8803196E-06
0,59430,3.876246E-06
0,59440,3.8721764E-06
0,59450,3.868111E-06
0,59460,3.86405E-06
0,59470,3.8599937E-06
0,59480,3.855941E-06
0,59490,3.851893E-06
0,59500,3.847849E-06
0,59510,3.8438093E-06
0,59520,3.839774E-06
0,59530,3.835743E-06
0,59540,3.8317157E-06
0,59550,3.827693E-06
0,59560,3.8236744E-06
0,59570,3.8196604E-06
0,59580,3.8156504E-06
0,59590,3.8116443E-06
0,59600,3.8076428E-06
0,59610,3.8036453E-06
0,59620,3.799652E-06
0,59630,3.795663E-06
0,59640,3.791678E-06
0,59650,3.7876973E-06
0,59660,3.7837208E-06
0,59670,3.7797486E-06
0,59680,3.7757802E-06
0,59690,3.7718162E-06
0,59700,3.7678565E-06
0,59710,3.7639008E-06
0,59720,3.7599493E-06
0,59730,3.756002E-06
0,59740,3.7520585E-06
0,59750,3.7481195E-06
0,59760,3.7441846E-06
0,59770,3.7402538E-06
0,59780,3.736327E-06
0,59790,3.7324044E-06
0,59800,3.7284858E-06
0,59810,3.7245716E-06
0,59820,3.7206614E-06
0,59830,3.7167551E-06
0,59840,3.7128532E-06
0,59850,3.7089553E-06
0,59860,3.7050613E-06
0,59870,3.7011716E-06
0,59880,3.697286E-06
0,59890,3.6934043E-06
0,59900,3.689527E-06
0,59910,3.6856534E-06
0,59920,3.681784E-06
0,59930,3.6779186E-06
0,59940,3.6740573E-06
0,59950,3.6702002E-06
0,59960,3.666347E-06
0,59970,3.6624979E-06
0,59980,3.6586528E-06
0,59990,3.6548117E-06
0,60000,3.6509748E-06
0,60010,3.6471417E-06
0,60020,3.6433128E-06
0,60030,3.6394879E-06
0,60040,3.6356669E-06
0,60050,3.6318502E-06
0,60060,3.6280371E-06
0,60070,3.6242284E-06
0,60080,3.6204233E-06
0,60090,3.6166225E-06
0,60100,3.6128256E-06
0,60110,3.6090325E-06
0,60120,3.6052436E-06
0,60130,3.6014587E-06
0,60140,3.5976777E-06
0,60150,3.5939006E-06
0,60160,3.5901276E-06
0,60170,3.5863586E-06
0,60180,3.5825933E-06
0,60190,3.5788323E-06
0,60200,3.575075E-06
0,60210,3.5713217E-06
0,60220,3.5675723E-06
0,60230,3.5638268E-06
0,60240,3.5600854E-06
0,60250,3.5563478E-06
0,60260,3.5526143E-06
0,60270,3.5488845E-06
0,60280,3.5451587E-06
0,60290,3.5414369E-06
0,60300,3.5377188E-06
0,60310,3.5340047E-06
0,60320,3.5302946E-06
0,60330,3.5265882E-06
0,60340,3.522886E-06
0,60350,3.5191874E-06
0,60360,3.5154928E-06
0,60370,3.511802E-06
0,60380,3.5081152E-06
0,60390,3.5044322E-06
0,60400,3.500753E-06
0,60410,3.4970778E-06
0,60420,3.4934064E-06
0,60430,3.489739E-06
0,60440,3.4860752E-06
0,60450,3.4824152E-06
0,60460,3.4787593E-06
0,60470,3.475107E-06
0,60480,3.4714587E-06
0,60490,3.4678142E-06
0,60500,3.4641735E-06
0,60510,3.4605366E-06
0,60520,3.4569036E-06
0,60530,3.4532743E-06
0,60540,3.449649E-06
0,60550,3.4460274E-06
0,60560,3.4424095E-06
0,60570,3.4387956E-06
0,60580,3.4351854E-06
0,60590,3.4315788E-06
0,60600,3.4279763E-06
0,60610,3.4243774E-06
0,60620,3.4207824E-06
0,60630,3.417191E-06
0,60640,3.4136033E-06
0,60650,3.4100196E-06
0,60660,3.4064396E-06
0,60670,3.4028635E-06
0,60680,3.3992908E-06
0,60690,3.3957222E-06
0,60700,3.3921572E-06
0,60710,3.3885958E-06
0,60720,3.3850383E-06
0,60730,3.3814847E-06
0,60740,3.3779345E-06
0,60750,3.3743881E-06
0,60760,3.3708457E-06
0,60770,3.3673066E-06
0,60780,3.3637716E-06
0,60790,3.36024E-06
0,60800,3.3567123E-06
0,60810,3.3531883E-06
0,60820,3.3496678E-06
0,60830,3.3461513E-06
0,60840,3.3426384E-06
0,60850,3.339129E-06
0,60860,3.3356234E-06
0,60870,3.3321214E-06
0,60880,3.3286233E-06
0,60890,3.3251288E-06
0,60900,3.321638E-06
0,60910,3.3181507E-06
0,60920,3.314667E-06
0,60930,3.3111871E-06
0,60940,3.3077108E-06
0,60950,3.3042384E-06
0,60960,3.3007693E-06
0,60970,3.2973041E-06
0,60980,3.2938424E-06
0,60990,3.2903843E-06
0,61000,3.28693E-06
0,61010,3.2834791E-06
0,61020,3.280032E-06
0,61030,3.2765884E-06
0,61040,3.2731484E-06
0,61050,3.2697121E-06
0,61060,3.2662795E-06
0,61070,3.2628504E-06
0,61080,3.2594248E-06
0,61090,3.256003E-06
0,61100,3.2525847E-06
0,61110,3.2491698E-06
0,61120,3.2457588E-06
0,61130,3.242351E-06
0,61140,3.2389473E-06
0,61150,3.2355467E-06
0,61160,3.23215E-06
0,61170,3.2287567E-06
0,61180,3.225367E-06
0,61190,3.2219807E-06
0,61200,3.2185983E-06
0,61210,3.2152193E-06
0,61220,3.2118437E-06
0,61230,3.2084718E-06
0,61240,3.2051032E-06
0,61250,3.2017383E-06
0,61260,3.198377E-06
0,61270,3.1950192E-06
0,61280,3.191665E-06
0,61290,3.1883142E-06
0,61300,3.184967E-06
0,61310,3.1816232E-06
0,61320,3.178283E-06
0,61330,3.1749462E-06
0,61340,3.1716131E-06
0,61350,3.1682832E-06
0,61360,3.164957E-06
0,61370,3.1616344E-06
0,61380,3.1583152E-06
0,61390,3.1549994E-06
0,61400,3.151687E-06
0,61410,3.1483783E-06
0,61420,3.145073E-06
0,61430,3.141771E-06
0,61440,3.1384727E-06
0,61450,3.1351778E-06
0,61460,3.1318864E-06
0,61470,3.1285983E-06
0,61480,3.1253137E-06
0,61490,3.1220327E-06
0,61500,3.1187549E-06
0,61510,3.1154807E-06
0,61520,3.11221E-06
0,61530,3.1089426E-06
0,61540,3.1056786E-06
0,61550,3.102418E-06
0,61560,3.0991612E-06
0,61570,3.0959075E-06
0,61580,3.0926572E-06
0,61590,3.0894103E-06
0,61600,3.086167E-06
0,61610,3.082927E-06
0,61620,3.0796903E-06
0,61630,3.076457E-06
0,61640,3.0732272E-06
0,61650,3.0700007E-06
0,61660,3.0667777E-06
0,61670,3.063558E-06
0,61680,3.060342E-06
0,61690,3.0571289E-06
0,61700,3.0539195E-06
0,61710,3.0507133E-06
0,61720,3.0475105E-06
0,61730,3.044311E-06
0,61740,3.041115E-06
0,61750,3.0379222E-06
0,61760,3.0347328E-06
0,61770,3.0315468E-06
0,61780,3.028364E-06
0,61790,3.025185E-06
0,61800,3.022009E-06
0,61810,3.0188362E-06
0,61820,3.0156668E-06
0,61830,3.0125009E-06
0,61840,3.0093381E-06
0,61850,3.0061788E-06
0,61860,3.0030228E-06
0,61870,2.99987E-06
0,61880,2.9967207E-06
0,61890,2.9935745E-06
0,61900,2.9904318E-06
0,61910,2.9872922E-06
0,61920,2.984156E-06
0,61930,2.981023E-06
0,61940,2.9778935E-06
0,61950,2.974767E-06
0,61960,2.971644E-06
0,61970,2.9685243E-06
0,61980,2.9654077E-06
0,61990,2.9622945E-06
0,62000,2.9591845E-06
0,62010,2.9560779E-06
0,62020,2.9529745E-06
0,62030,2.9498742E-06
0,62040,2.9467774E-06
0,62050,2.9436837E-06
0,62060,2.9405933E-06
0,62070,2.937506E-06
0,62080,2.9344221E-06
0,62090,2.9313414E-06
0,62100,2.928264E-06
0,62110,2.9251896E-06
0,62120,2.9221187E-06
0,62130,2.919051E-06
0,62140,2.9159862E-06
0,62150,2.9129249E-06
0,62160,2.909867E-06
0,62170,2.906812E-06
0,62180,2.90376E-06
0,62190,2.9007117E-06
0,62200,2.8976663E-06
0,62210,2.8946242E-06
0,62220,2.8915854E-06
0,62230,2.8885497E-06
0,62240,2.885517E-06
0,62250,2.8824877E-06
0,62260,2.8794616E-06
0,62270,2.8764384E-06
0,62280,2.8734187E-06
0,62290,2.870402E-06
0,62300,2.8673885E-06
0,62310,2.864378E-06
0,62320,2.861371E-06
0,62330,2.858367E-06
0,62340,2.8553661E-06
0,62350,2.8523684E-06
0,62360,2.849374E-06
0,62370,2.8463824E-06
0,62380,2.8433942E-06
0,62390,2.840409E-06
0,62400,2.837427E-06
0,62410,2.8344482E-06
0,62420,2.8314723E-06
0,62430,2.8284999E-06
0,62440,2.8255304E-06
0,62450,2.8225638E-06
0,62460,2.8196007E-06
0,62470,2.8166405E-06
0,62480,2.8136835E-06
0,62490,2.8107295E-06
0,62500,2.8077786E-06
0,62510,2.804831E-06
0,62520,2.8018862E-06
0,62530,2.7989447E-06
0,62540,2.7960061E-06
0,62550,2.7930707E-06
0,62560,2.7901385E-06
0,62570,2.7872093E-06
0,62580,2.7842832E-06
0,62590,2.78136E-06
0,62600,2.77844E-06
0,62610,2.775523E-06
0,62620,2.7726092E-06
0,62630,2.7696983E-06
0,62640,2.7667907E-06
0,62650,2.763886E-06
0,62660,2.7609842E-06
0,62670,2.7580857E-06
0,62680,2.75519E-06
0,62690,2.7522974E-06
0,62700,2.749408E-06
0,62710,2.7465214E-06
0,62720,2.743638E-06
0,62730,2.7407577E-06
0,62740,2.7378803E-06
0,62750,2.7350059E-06
0,62760,2.7321346E-06
0,62770,2.7292663E-06
0,62780,2.726401E-06
0,62790,2.7235385E-06
0,62800,2.7206793E-06
0,62810,2.717823E-06
0,62820,2.7149697E-06
0,62830,2.7121193E-06
0,62840,2.709272E-06
0,62850,2.7064277E-06
0,62860,2.7035862E-06
0,62870,2.700748E-06
0,62880,2.6979126E-06
0,62890,2.6950802E-06
0,62900,2.6922507E-06
0,62910,2.6894243E-06
0,62920,2.6866007E-06
0,62930,2.6837802E-06
0,62940,2.6809628E-06
0,62950,2.6781481E-06
0,62960,2.6753364E-06
0,62970,2.6725277E-06
0,62980,2.6697219E-06
0,62990,2.666919E-06
0,63000,2.6641194E-06
0,63010,2.6613225E-06
0,63020,2.6585283E-06
0,63030,2.6557373E-06
0,63040,2.6529492E-06
0,63050,2.6501639E-06
0,63060,2.6473817E-06
0,63070,2.6446023E-06
0,63080,2.6418259E-06
0,63090,2.6390524E-06
0,63100,2.6362818E-06
0,63110,2.633514E-06
0,63120,2.6307493E-06
0,63130,2.6279874E-06
0,63140,2.6252285E-06
0,63150,2.6224723E-06
0,63160,2.619719E-06
0,63170,2.6169687E-06
0,63180,2.6142213E-06
0,63190,2.611477E-06
0,63200,2.6087353E-06
0,63210,2.6059963E-06
0,63220,2.6032606E-06
0,63230,2.6005275E-06
0,63240,2.5977972E-06
0,63250,2.59507E-06
0,63260,2.5923455E-06
0,63270,2.589624E-06
0,63280,2.586905E-06
0,63290,2.5841894E-06
0,63300,2.5814763E-06
0,63310,2.5787663E-06
0,63320,2.576059E-06
0,63330,2.5733543E-06
0,63340,2.5706527E-06
0,63350,2.567954E-06
0,63360,2.565258E-06
0,63370,2.5625648E-06
0,63380,2.5598745E-06
0,63390,2.5571871E-06
0,63400,2.5545023E-06
0,63410,2.5518204E-06
0,63420,2.5491415E-06
0,63430,2.5464653E-06
0,63440,2.5437919E-06
0,63450,2.5411214E-06
0,63460,2.5384534E-06
0,63470,2.5357886E-06
0,63480,2.5331262E-06
0,63490,2.5304669E-06
0,63500,2.5278102E-06
0,63510,2.5251563E-06
0,63520,2.5225054E-06
0,63530,2.5198572E-06
0,63540,2.5172117E-06
0,63550,2.514569E-06
0,63560,2.511929E-06
0,63570,2.509292E-06
0,63580,2.5066574E-06
0,63590,2.5040258E-06
0,63600,2.5013971E-06
0,63610,2.498771E-06
0,63620,2.4961475E-06
0,63630,2.493527E-06
0,63640,2.4909093E-06
0,63650,2.488294E-06
0,63660,2.4856818E-06
0,63670,2.4830722E-06
0,63680,2.4804654E-06
0,63690,2.4778612E-06
0,63700,2.4752599E-06
0,63710,2.4726612E-06
0,63720,2.4700653E-06
0,63730,2.467472E-06
0,63740,2.4648816E-06
0,63750,2.4622939E-06
0,63760,2.4597089E-06
0,63770,2.4571264E-06
0,63780,2.4545468E-06
0,63790,2.45197E-06
0,63800,2.4493957E-06
0,63810,2.4468243E-06
0,63820,2.4442554E-06
0,63830,2.4416893E-06
0,63840,2.4391259E-06
0,63850,2.4365652E-06
0,63860,2.4340072E-06
0,63870,2.4314518E-06
0,63880,2.428899E-06
0,63890,2.4263493E-06
0,63900,2.4238018E-06
0,63910,2.4212572E-06
0,63920,2.4187152E-06
0,63930,2.416176E-06
0,63940,2.4136393E-06
0,63950,2.4111055E-06
0,63960,2.4085741E-06
0,63970,2.4060455E-06
0,63980,2.4035196E-06
0,63990,2.4009962E-06
0,64000,2.3984755E-06
0,64010,2.3959574E-06
0,64020,2.393442E-06
0,64030,2.3909292E-06
0,64040,2.3884193E-06
0,64050,2.3859116E-06
0,64060,2.3834068E-06
0,64070,2.3809046E-06
0,64080,2.378405E-06
0,64090,2.375908E-06
0,64100,2.3734137E-06
0,64110,2.370922E-06
0,64120,2.368433E-06
0,64130,2.3659463E-06
0,64140,2.3634625E-06
0,64150,2.3609812E-06
0,64160,2.3585026E-06
0,64170,2.3560265E-06
0,64180,2.3535529E-06
0,64190,2.351082E-06
0,64200,2.3486139E-06
0,64210,2.346148E-06
0,64220,2.343685E-06
0,64230,2.3412244E-06
0,64240,2.3387665E-06
0,64250,2.3363111E-06
0,64260,2.3338584E-06
0,64270,2.3314083E-06
0,64280,2.3289606E-06
0,64290,2.3265154E-06
0,64300,2.324073E-06
0,64310,2.321633E-06
0,64320,2.3191958E-06
0,64330,2.3167609E-06
0,64340,2.3143286E-06
0,64350,2.311899E-06
0,64360,2.3094717E-06
0,64370,2.3070472E-06
0,64380,2.3046252E-06
0,64390,2.3022055E-06
0,64400,2.2997885E-06
0,64410,2.2973743E-06
0,64420,2.2949623E-06
0,64430,2.2925528E-06
0,64440,2.290146E-06
0,64450,2.2877418E-06
0,64460,2.28534E-06
0,64470,2.2829408E-06
0,64480,2.2805439E-06
0,64490,2.2781499E-06
0,64500,2.275758E-06
0,64510,2.2733689E-06
0,64520,2.2709821E-06
0,64530,2.2685979E-06
0,64540,2.2662161E-06
0,64550,2.2638371E-06
0,64560,2.2614604E-06
0,64570,2.2590862E-06
0,64580,2.2567144E-06
0,64590,2.2543452E-06
0,64600,2.2519785E-06
0,64610,2.2496142E-06
0,64620,2.2472525E-06
0,64630,2.2448933E-06
0,64640,2.2425365E-06
0,64650,2.240182E-06
0,64660,2.2378304E-06
0,64670,2.235481E-06
0,64680,2.233134E-06
0,64690,2.2307895E-06
0,64700,2.2284476E-06
0,64710,2.2261079E-06
0,64720,2.223771E-06
0,64730,2.2214363E-06
0,64740,2.219104E-06
0,64750,2.2167744E-06
0,64760,2.214447E-06
0,64770,2.2121221E-06
0,64780,2.2097997E-06
0,64790,2.2074798E-06
0,64800,2.2051624E-06
0,64810,2.2028473E-06
0,64820,2.2005347E-06
0,64830,2.1982244E-06
0,64840,2.1959165E-06
0,64850,2.1936112E-06
0,64860,2.191308E-06
0,64870,2.1890078E-06
0,64880,2.1867095E-06
0,64890,2.184414E-06
0,64900,2.1821204E-06
0,64910,2.1798296E-06
0,64920,2.177541E-06
0,64930,2.175255E-06
0,64940,2.1729713E-06
0,64950,2.17069E-06
0,64960,2.1684111E-06
0,64970,2.1661347E-06
0,64980,2.1638605E-06
0,64990,2.1615888E-06
0,65000,2.1593194E-06
0,65010,2.1570524E-06
0,65020,2.1547878E-06
0,65030,2.1525257E-06
0,65040,2.1502658E-06
0,65050,2.1480084E-06
0,65060,2.1457533E-06
0,65070,2.1435005E-06
0,65080,2.1412502E-06
0,65090,2.1390022E-06
0,65100,2.1367566E-06
0,65110,2.1345134E-06
0,65120,2.1322724E-06
0,65130,2.1300339E-06
0,65140,2.1277976E-06
0,65150,2.1255637E-06
0,65160,2.1233323E-06
0,65170,2.121103E-06
0,65180,2.1188762E-06
0,65190,2.1166518E-06
0,65200,2.1144294E-06
0,65210,2.1122096E-06
0,65220,2.1099922E-06
0,65230,2.107777E-06
0,65240,2.1055641E-06
0,65250,2.1033536E-06
0,65260,2.1011454E-06
0,65270,2.0989396E-06
0,65280,2.096736E-06
0,65290,2.0945347E-06
0,65300,2.0923358E-06
0,65310,2.090139E-06
0,65320,2.0879447E-06
0,65330,2.0857528E-06
0,65340,2.083563E-06
0,65350,2.0813757E-06
0,65360,2.0791904E-06
0,65370,2.0770076E-06
0,65380,2.074827E-06
0,65390,2.0726488E-06
0,65400,2.0704729E-06
0,65410,2.0682992E-06
0,65420,2.0661278E-06
0,65430,2.0639586E-06
0,65440,2.0617917E-06
0,65450,2.0596271E-06
0,65460,2.0574648E-06
0,65470,2.0553048E-06
0,65480,2.053147E-06
0,65490,2.0509915E-06
0,65500,2.0488383E-06
0,65510,2.0466873E-06
0,65520,2.0445386E-06
0,65530,2.0423922E-06
0,65540,2.040248E-06
0,65550,2.038106E-06
0,65560,2.0359664E-06
0,65570,2.0338289E-06
0,65580,2.0316936E-06
0,65590,2.0295606E-06
0,65600,2.02743E-06
0,65610,2.0253015E-06
0,65620,2.0231753E-06
0,65630,2.0210512E-06
0,65640,2.0189293E-06
0,65650,2.0168097E-06
0,65660,2.0146924E-06
0,65670,2.0125774E-06
0,65680,2.0104644E-06
0,65690,2.0083537E-06
0,65700,2.0062453E-06
0,65710,2.004139E-06
0,65720,2.002035E-06
0,65730,1.9999331E-06
0,65740,1.9978334E-06
0,65750,1.995736E-06
0,65760,1.9936408E-06
0,65770,1.9915478E-06
0,65780,1.989457E-06
0,65790,1.9873683E-06
0,65800,1.9852819E-06
0,65810,1.9831975E-06
0,65820,1.9811157E-06
0,65830,1.9790357E-06
0,65840,1.976958E-06
0,65850,1.9748825E-06
0,65860,1.972809E-06
0,65870,1.970738E-06
0,65880,1.968669E-06
0,65890,1.9666022E-06
0,65900,1.9645377E-06
0,65910,1.9624752E-06
0,65920,1.9604147E-06
0,65930,1.9583567E-06
0,65940,1.9563006E-06
0,65950,1.954247E-06
0,65960,1.9521951E-06
0,65970,1.9501456E-06
0,65980,1.9480983E-06
0,65990,1.946053E-06
0,66000,1.9440101E-06
0,66010,1.9419692E-06
0,66020,1.9399304E-06
0,66030,1.9378938E-06
0,66040,1.9358592E-06
0,66050,1.9338268E-06
0,66060,1.9317965E-06
0,66070,1.9297686E-06
0,66080,1.9277425E-06
0,66090,1.9257186E-06
0,66100,1.923697E-06
0,66110,1.9216775E-06
0,66120,1.91966E-06
0,66130,1.9176446E-06
0,66140,1.9156314E-06
0,66150,1.9136203E-06
0,66160,1.9116112E-06
0,66170,1.9096042E-06
0,66180,1.9075994E-06
0,66190,1.9055968E-06
0,66200,1.9035962E-06
0,66210,1.9015977E-06
0,66220,1.8996013E-06
0,66230,1.897607E-06
0,66240,1.8956148E-06
0,66250,1.8936247E-06
0,66260,1.8916367E-06
0,66270,1.8896508E-06
0,66280,1.8876668E-06
0,66290,1.8856852E-06
0,66300,1.8837054E-06
0,66310,1.8817278E-06
0,66320,1.8797523E-06
0,66330,1.8777788E-06
0,66340,1.8758075E-06
0,66350,1.8738381E-06
0,66360,1.8718708E-06
0,66370,1.8699056E-06
0,66380,1.8679426E-06
0,66390,1.8659815E-06
0,66400,1.8640225E-06
0,66410,1.8620656E-06
0,66420,1.8601106E-06
0,66430,1.8581578E-06
0,66440,1.8562071E-06
0,66450,1.8542582E-06
0,66460,1.8523116E-06
0,66470,1.850367E-06
0,66480,1.8484243E-06
0,66490,1.8464838E-06
0,66500,1.8445453E-06
0,66510,1.8426088E-06
0,66520,1.8406743E-06
0,66530,1.8387418E-06
0,66540,1.8368114E-06
0,66550,1.834883E-06
0,66560,1.8329567E-06
0,66570,1.8310324E-06
0,66580,1.82911E-06
0,66590,1.8271897E-06
0,66600,1.8252715E-06
0,66610,1.8233552E-06
0,66620,1.821441E-06
0,66630,1.8195287E-06
0,66640,1.8176185E-06
0,66650,1.8157102E-06
0,66660,1.813804E-06
0,66670,1.8118999E-06
0,66680,1.8099976E-06
0,66690,1.8080974E-06
0,66700,1.8061992E-06
0,66710,1.8043029E-06
0,66720,1.8024086E-06
0,66730,1.8005164E-06
0,66740,1.7986262E-06
0,66750,1.7967378E-06
0,66760,1.7948515E-06
0,66770,1.7929672E-06
0,66780,1.7910849E-06
0,66790,1.7892045E-06
0,66800,1.7873261E-06
0,66810,1.7854496E-06
0,66820,1.7835752E-06
0,66830,1.7817027E-06
0,66840,1.7798322E-06
0,66850,1.7779637E-06
0,66860,1.7760971E-06
0,66870,1.7742324E-06
0,66880,1.7723697E-06
0,66890,1.770509E-06
0,66900,1.7686502E-06
0,66910,1.7667934E-06
0,66920,1.7649386E-06
0,66930,1.7630856E-06
0,66940,1.7612347E-06
0,66950,1.7593856E-06
0,66960,1.7575385E-06
0,66970,1.7556933E-06
0,66980,1.7538501E-06
0,66990,1.7520089E-06
0,67000,1.7501695E-06
0,67010,1.7483321E-06
0,67020,1.7464967E-06
0,67030,1.7446631E-06
0,67040,1.7428314E-06
0,67050,1.7410017E-06
0,67060,1.7391739E-06
0,67070,1.737348E-06
0,67080,1.735524E-06
0,67090,1.7337021E-06
0,67100,1.7318819E-06
0,67110,1.7300637E-06
0,67120,1.7282474E-06
0,67130,1.726433E-06
0,67140,1.7246205E-06
0,67150,1.7228099E-06
0,67160,1.7210012E-06
0,67170,1.7191944E-06
0,67180,1.7173895E-06
0,67190,1.7155864E-06
0,67200,1.7137854E-06
0,67210,1.7119862E-06
0,67220,1.7101888E-06
0,67230,1.7083934E-06
0,67240,1.7065998E-06
0,67250,1.7048081E-06
0,67260,1.7030184E-06
0,67270,1.7012305E-06
0,67280,1.6994444E-06
0,67290,1.6976603E-06
0,67300,1.6958779E-06
0,67310,1.6940976E-06
0,67320,1.692319E-06
0,67330,1.6905424E-06
0,67340,1.6887675E-06
0,67350,1.6869946E-06
0,67360,1.6852234E-06
0,67370,1.6834542E-06
0,67380,1.6816869E-06
0,67390,1.6799213E-06
0,67400,1.6781577E-06
0,67410,1.6763959E-06
0,67420,1.6746359E-06
0,67430,1.6728777E-06
0,67440,1.6711215E-06
0,67450,1.6693671E-06
0,67460,1.6676145E-06
0,67470,1.6658637E-06
0,67480,1.6641148E-06
0,67490,1.6623677E-06
0,67500,1.6606225E-06
0,67510,1.6588791E-06
0,67520,1.6571375E-06
0,67530,1.6553978E-06
0,67540,1.6536599E-06
0,67550,1.6519238E-06
0,67560,1.6501895E-06
0,67570,1.6484571E-06
0,67580,1.6467264E-06
0,67590,1.6449976E-06
0,67600,1.6432706E-06
0,67610,1.6415454E-06
0,67620,1.639822E-06
0,67630,1.6381005E-06
0,67640,1.6363807E-06
0,67650,1.6346628E-06
0,67660,1.6329466E-06
0,67670,1.6312322E-06
0,67680,1.6295197E-06
0,67690,1.627809E-06
0,67700,1.6261E-06
0,67710,1.6243928E-06
0,67720,1.6226875E-06
0,67730,1.6209839E-06
0,67740,1.6192821E-06
0,67750,1.6175821E-06
0,67760,1.6158839E-06
0,67770,1.6141875E-06
0,67780,1.6124927E-06
0,67790,1.6107999E-06
0,67800,1.6091088E-06
0,67810,1.6074194E-06
0,67820,1.6057319E-06
0,67830,1.6040461E-06
0,67840,1.6023621E-06
0,67850,1.6006799E-06
0,67860,1.5989995E-06
0,67870,1.5973208E-06
0,67880,1.5956438E-06
0,67890,1.5939686E-06
0,67900,1.5922951E-06
0,67910,1.5906235E-06
0,67920,1.5889535E-06
0,67930,1.5872854E-06
0,67940,1.585619E-06
0,67950,1.5839543E-06
0,67960,1.5822914E-06
0,67970,1.5806302E-06
0,67980,1.5789708E-06
0,67990,1.5773131E-06
0,68000,1.5756572E-06
0,68010,1.5740029E-06
0,68020,1.5723505E-06
0,68030,1.5706997E-06
0,68040,1.5690507E-06
0,68050,1.5674035E-06
0,68060,1.565758E-06
0,68070,1.5641141E-06
0,68080,1.562472E-06
0,68090,1.5608317E-06
0,68100,1.559193E-06
0,68110,1.5575562E-06
0,68120,1.5559209E-06
0,68130,1.5542875E-06
0,68140,1.5526557E-06
0,68150,1.5510257E-06
0,68160,1.5493973E-06
0,68170,1.5477707E-06
0,68180,1.5461457E-06
0,68190,1.5445224E-06
0,68200,1.5429009E-06
0,68210,1.5412811E-06
0,68220,1.539663E-06
0,68230,1.5380466E-06
0,68240,1.5364319E-06
0,68250,1.5348189E-06
0,68260,1.5332075E-06
0,68270,1.531598E-06
0,68280,1.52999E-06
0,68290,1.5283837E-06
0,68300,1.5267791E-06
0,68310,1.5251762E-06
0,68320,1.5235751E-06
0,68330,1.5219755E-06
0,68340,1.5203776E-06
0,68350,1.5187815E-06
0,68360,1.517187E-06
0,68370,1.5155941E-06
0,68380,1.514003E-06
0,68390,1.5124135E-06
0,68400,1.5108258E-06
0,68410,1.5092396E-06
0,68420,1.5076552E-06
0,68430,1.5060723E-06
0,68440,1.5044911E-06
0,68450,1.5029117E-06
0,68460,1.5013338E-06
0,68470,1.4997577E-06
0,68480,1.4981831E-06
0,68490,1.4966103E-06
0,68500,1.495039E-06
0,68510,1.4934694E-06
0,68520,1.4919016E-06
0,68530,1.4903353E-06
0,68540,1.4887706E-06
0,68550,1.4872077E-06
0,68560,1.4856463E-06
0,68570,1.4840866E-06
0,68580,1.4825285E-06
0,68590,1.4809722E-06
0,68600,1.4794173E-06
0,68610,1.4778641E-06
0,68620,1.4763126E-06
0,68630,1.4747627E-06
0,68640,1.4732144E-06
0,68650,1.4716678E-06
0,68660,1.4701227E-06
0,68670,1.4685793E-06
0,68680,1.4670376E-06
0,68690,1.4654973E-06
0,68700,1.4639588E-06
0,68710,1.4624219E-06
0,68720,1.4608866E-06
0,68730,1.4593528E-06
0,68740,1.4578208E-06
0,68750,1.4562902E-06
0,68760,1.4547613E-06
0,68770,1.4532341E-06
0,68780,1.4517084E-06
0,68790,1.4501843E-06
0,68800,1.4486618E-06
0,68810,1.4471409E-06
0,68820,1.4456217E-06
0,68830,1.444104E-06
0,68840,1.4425879E-06
0,68850,1.4410734E-06
0,68860,1.4395605E-06
0,68870,1.4380491E-06
0,68880,1.4365394E-06
0,68890,1.4350313E-06
0,68900,1.4335247E-06
0,68910,1.4320198E-06
0,68920,1.4305162E-06
0,68930,1.4290144E-06
0,68940,1.4275142E-06
0,68950,1.4260156E-06
0,68960,1.4245185E-06
0,68970,1.4230229E-06
0,68980,1.421529E-06
0,68990,1.4200366E-06
0,69000,1.4185457E-06
0,69010,1.4170565E-06
0,69020,1.4155688E-06
0,69030,1.4140826E-06
0,69040,1.4125981E-06
0,69050,1.411115E-06
0,69060,1.4096336E-06
0,69070,1.4081537E-06
0,69080,1.4066753E-06
0,69090,1.4051985E-06
0,69100,1.4037232E-06
0,69110,1.4022496E-06
0,69120,1.4007775E-06
0,69130,1.3993068E-06
0,69140,1.3978378E-06
0,69150,1.3963702E-06
0,69160,1.3949043E-06
0,69170,1.3934398E-06
0,69180,1.3919769E-06
0,69190,1.3905155E-06
0,69200,1.3890557E-06
0,69210,1.3875974E-06
0,69220,1.3861406E-06
0,69230,1.3846854E-06
0,69240,1.3832317E-06
0,69250,1.3817795E-06
0,69260,1.3803289E-06
0,69270,1.3788797E-06
0,69280,1.3774321E-06
0,69290,1.375986E-06
0,69300,1.3745414E-06
0,69310,1.3730984E-06
0,69320,1.3716568E-06
0,69330,1.3702168E-06
0,69340,1.3687783E-06
0,69350,1.3673412E-06
0,69360,1.3659057E-06
0,69370,1.3644717E-06
0,69380,1.3630392E-06
0,69390,1.3616083E-06
0,69400,1.3601788E-06
0,69410,1.3587508E-06
0,69420,1.3573243E-06
0,69430,1.3558993E-06
0,69440,1.3544758E-06
0,69450,1.3530538E-06
0,69460,1.3516333E-06
0,69470,1.3502142E-06
0,69480,1.3487968E-06
0,69490,1.3473807E-06
0,69500,1.3459662E-06
0,69510,1.3445531E-06
0,69520,1.3431415E-06
0,69530,1.3417314E-06
0,69540,1.3403228E-06
0,69550,1.3389157E-06
0,69560,1.3375101E-06
0,69570,1.3361058E-06
0,69580,1.3347031E-06
0,69590,1.3333018E-06
0,69600,1.3319021E-06
0,69610,1.3305038E-06
0,69620,1.329107E-06
0,69630,1.3277116E-06
0,69640,1.3263177E-06
0,69650,1.3249253E-06
0,69660,1.3235343E-06
0,69670,1.3221448E-06
0,69680,1.3207567E-06
0,69690,1.3193702E-06
0,69700,1.317985E-06
0,69710,1.3166014E-06
0,69720,1.315219E-06
0,69730,1.3138383E-06
0,69740,1.312459E-06
0,69750,1.3110811E-06
0,69760,1.3097047E-06
0,69770,1.3083296E-06
0,69780,1.306956E-06
0,69790,1.305584E-06
0,69800,1.3042134E-06
0,69810,1.3028441E-06
0,69820,1.3014763E-06
0,69830,1.30011E-06
0,69840,1.298745E-06
0,69850,1.2973816E-06
0,69860,1.2960195E-06
0,69870,1.2946589E-06
0,69880,1.2932996E-06
0,69890,1.2919419E-06
0,69900,1.2905855E-06
0,69910,1.2892306E-06
0,69920,1.2878771E-06
0,69930,1.286525E-06
0,69940,1.2851743E-06
0,69950,1.2838251E-06
0,69960,1.2824773E-06
0,69970,1.281131E-06
0,69980,1.2797859E-06
0,69990,1.2784423E-06
0,70000,1.2771002E-06
0,70010,1.2757594E-06
0,70020,1.27442E-06
0,70030,1.273082E-06
0,70040,1.2717455E-06
0,70050,1.2704104E-06
0,70060,1.2690766E-06
0,70070,1.2677443E-06
0,70080,1.2664134E-06
0,70090,1.2650838E-06
0,70100,1.2637556E-06
0,70110,1.2624289E-06
0,70120,1.2611035E-06
0,70130,1.2597795E-06
0,70140,1.258457E-06
0,70150,1.2571359E-06
0,70160,1.255816E-06
0,70170,1.2544975E-06
0,70180,1.2531806E-06
0,70190,1.2518649E-06
0,70200,1.2505507E-06
0,70210,1.2492377E-06
0,70220,1.2479262E-06
0,70230,1.2466161E-06
0,70240,1.2453073E-06
0,70250,1.2439999E-06
0,70260,1.2426939E-06
0,70270,1.2413893E-06
0,70280,1.240086E-06
0,70290,1.2387841E-06
0,70300,1.2374835E-06
0,70310,1.2361844E-06
0,70320,1.2348866E-06
0,70330,1.2335902E-06
0,70340,1.2322951E-06
0,70350,1.2310013E-06
0,70360,1.2297089E-06
0,70370,1.2284179E-06
0,70380,1.2271283E-06
0,70390,1.22584E-06
0,70400,1.224553E-06
0,70410,1.2232674E-06
0,70420,1.2219832E-06
0,70430,1.2207003E-06
0,70440,1.2194188E-06
0,70450,1.2181386E-06
0,70460,1.2168597E-06
0,70470,1.2155822E-06
0,70480,1.2143059E-06
0,70490,1.2130312E-06
0,70500,1.2117576E-06
0,70510,1.2104855E-06
0,70520,1.2092146E-06
0,70530,1.2079452E-06
0,70540,1.206677E-06
0,70550,1.2054102E-06
0,70560,1.2041446E-06
0,70570,1.2028805E-06
0,70580,1.2016176E-06
0,70590,1.2003561E-06
0,70600,1.1990959E-06
0,70610,1.197837E-06
0,70620,1.1965794E-06
0,70630,1.1953233E-06
0,70640,1.1940683E-06
0,70650,1.1928147E-06
0,70660,1.1915624E-06
0,70670,1.1903115E-06
0,70680,1.1890619E-06
0,70690,1.1878135E-06
0,70700,1.1865665E-06
0,70710,1.1853208E-06
0,70720,1.1840764E-06
0,70730,1.1828332E-06
0,70740,1.1815914E-06
0,70750,1.180351E-06
0,70760,1.1791118E-06
0,70770,1.1778739E-06
0,70780,1.1766373E-06
0,70790,1.175402E-06
0,70800,1.174168E-06
0,70810,1.1729353E-06
0,70820,1.171704E-06
0,70830,1.1704738E-06
0,70840,1.1692449E-06
0,70850,1.1680174E-06
0,70860,1.1667912E-06
0,70870,1.1655662E-06
0,70880,1.1643425E-06
0,70890,1.1631201E-06
0,70900,1.161899E-06
0,70910,1.1606793E-06
0,70920,1.1594607E-06
0,70930,1.1582434E-06
0,70940,1.1570274E-06
0,70950,1.1558128E-06
0,70960,1.1545993E-06
0,70970,1.1533872E-06
0,70980,1.1521763E-06
0,70990,1.1509667E-06
0,71000,1.1497583E-06
0,71010,1.1485513E-06
0,71020,1.1473454E-06
0,71030,1.1461409E-06
0,71040,1.1449376E-06
0,71050,1.1437356E-06
0,71060,1.1425349E-06
0,71070,1.1413354E-06
0,71080,1.1401371E-06
0,71090,1.1389402E-06
0,71100,1.1377444E-06
0,71110,1.13655E-06
0,71120,1.1353568E-06
0,71130,1.1341648E-06
0,71140,1.1329741E-06
0,71150,1.1317846E-06
0,71160,1.1305965E-06
0,71170,1.1294095E-06
0,71180,1.1282237E-06
0,71190,1.1270394E-06
0,71200,1.1258561E-06
0,71210,1.1246741E-06
0,71220,1.1234933E-06
0,71230,1.1223138E-06
0,71240,1.1211356E-06
0,71250,1.1199586E-06
0,71260,1.1187828E-06
0,71270,1.1176082E-06
0,71280,1.116435E-06
0,71290,1.1152629E-06
0,71300,1.114092E-06
0,71310,1.1129224E-06
0,71320,1.1117539E-06
0,71330,1.1105868E-06
0,71340,1.1094209E-06
0,71350,1.1082561E-06
0,71360,1.1070925E-06
0,71370,1.1059303E-06
0,71380,1.1047692E-06
0,71390,1.1036094E-06
0,71400,1.1024508E-06
0,71410,1.1012934E-06
0,71420,1.1001372E-06
0,71430,1.0989822E-06
0,71440,1.0978284E-06
0,71450,1.0966759E-06
0,71460,1.0955246E-06
0,71470,1.0943744E-06
0,71480,1.0932255E-06
0,71490,1.0920777E-06
0,71500,1.0909312E-06
0,71510,1.0897859E-06
0,71520,1.0886419E-06
0,71530,1.0874988E-06
0,71540,1.0863572E-06
0,71550,1.0852167E-06
0,71560,1.0840773E-06
0,71570,1.0829392E-06
0,71580,1.0818023E-06
0,71590,1.0806666E-06
0,71600,1.079532E-06
0,71610,1.0783987E-06
0,71620,1.0772666E-06
0,71630,1.0761355E-06
0,71640,1.0750058E-06
0,71650,1.0738772E-06
0,71660,1.0727498E-06
0,71670,1.0716235E-06
0,71680,1.0704985E-06
0,71690,1.0693747E-06
0,71700,1.068252E-06
0,71710,1.0671305E-06
0,71720,1.0660101E-06
0,71730,1.064891E-06
0,71740,1.063773E-06
0,71750,1.0626562E-06
0,71760,1.0615405E-06
0,71770,1.0604261E-06
0,71780,1.0593128E-06
0,71790,1.0582007E-06
0,71800,1.0570898E-06
0,71810,1.05598E-06
0,71820,1.0548713E-06
0,71830,1.0537639E-06
0,71840,1.0526576E-06
0,71850,1.0515524E-06
0,71860,1.0504484E-06
0,71870,1.0493457E-06
0,71880,1.048244E-06
0,71890,1.0471435E-06
0,71900,1.0460442E-06
0,71910,1.044946E-06
0,71920,1.0438489E-06
0,71930,1.0427531E-06
0,71940,1.0416583E-06
0,71950,1.0405647E-06
0,71960,1.0394723E-06
0,71970,1.038381E-06
0,71980,1.0372909E-06
0,71990,1.0362019E-06
0,72000,1.035114E-06
0,72010,1.0340273E-06
0,72020,1.0329417E-06
0,72030,1.0318572E-06
0,72040,1.030774E-06
0,72050,1.0296918E-06
0,72060,1.0286108E-06
0,72070,1.0275309E-06
0,72080,1.0264522E-06
0,72090,1.0253746E-06
0,72100,1.0242981E-06
0,72110,1.0232227E-06
0,72120,1.0221485E-06
0,72130,1.0210754E-06
0,72140,1.0200033E-06
0,72150,1.0189325E-06
0,72160,1.0178628E-06
0,72170,1.0167942E-06
0,72180,1.0157268E-06
0,72190,1.0146604E-06
0,72200,1.0135951E-06
0,72210,1.012531E-06
0,72220,1.0114679E-06
0,72230,1.0104061E-06
0,72240,1.0093453E-06
0,72250,1.0082856E-06
0,72260,1.0072271E-06
0,72270,1.0061697E-06
0,72280,1.0051133E-06
0,72290,1.004058E-06
0,72300,1.003004E-06
0,72310,1.001951E-06
0,72320,1.000899E-06
0,72330,9.998483E-07
0,72340,9.987986E-07
0,72350,9.9775E-07
0,72360,9.967025E-07
0,72370,9.956561E-07
0,72380,9.946109E-07
0,72390,9.935667E-07
0,72400,9.925235E-07
0,72410,9.914816E-07
0,72420,9.904406E-07
0,72430,9.894009E-07
0,72440,9.883621E-07
0,72450,9.873245E-07
0,72460,9.862879E-07
0,72470,9.852524E-07
0,72480,9.842181E-07
0,72490,9.831848E-07
0,72500,9.821526E-07
0,72510,9.811215E-07
0,72520,9.800915E-07
0,72530,9.790625E-07
0,72540,9.780347E-07
0,72550,9.770079E-07
0,72560,9.759822E-07
0,72570,9.749575E-07
0,72580,9.73934E-07
0,72590,9.729115E-07
0,72600,9.7189E-07
0,72610,9.708698E-07
0,72620,9.698505E-07
0,72630,9.688323E-07
0,72640,9.678151E-07
0,72650,9.667991E-07
0,72660,9.657841E-07
0,72670,9.647702E-07
0,72680,9.637573E-07
0,72690,9.627455E-07
0,72700,9.617347E-07
0,72710,9.607251E-07
0,72720,9.597164E-07
0,72730,9.587089E-07
0,72740,9.577024E-07
0,72750,9.566969E-07
0,72760,9.556926E-07
0,72770,9.546892E-07
0,72780,9.536869E-07
0,72790,9.526857E-07
0,72800,9.5168554E-07
0,72810,9.506864E-07
0,72820,9.4968834E-07
0,72830,9.486913E-07
0,72840,9.476953E-07
0,72850,9.4670037E-07
0,72860,9.4570646E-07
0,72870,9.4471363E-07
0,72880,9.4372183E-07
0,72890,9.4273105E-07
0,72900,9.4174135E-07
0,72910,9.4075267E-07
0,72920,9.39765E-07
0,72930,9.387784E-07
0,72940,9.377928E-07
0,72950,9.3680825E-07
0,72960,9.3582474E-07
0,72970,9.3484226E-07
0,72980,9.338608E-07
0,72990,9.328804E-07
0,73000,9.31901E-07
0,73010,9.309227E-07
0,73020,9.299453E-07
0,73030,9.2896903E-07
0,73040,9.2799377E-07
0,73050,9.2701947E-07
0,73060,9.2604625E-07
0,73070,9.2507406E-07
0,73080,9.241029E-07
0,73090,9.231327E-07
0,73100,9.2216357E-07
0,73110,9.211954E-07
0,73120,9.202283E-07
0,73130,9.1926216E-07
0,73140,9.1829713E-07
0,73150,9.17333E-07
0,73160,9.1636997E-07
0,73170,9.154079E-07
0,73180,9.1444684E-07
0,73190,9.134868E-07
0,73200,9.125278E-07
0,73210,9.115698E-07
0,73220,9.106128E-07
0,73230,9.0965676E-07
0,73240,9.087018E-07
0,73250,9.077478E-07
0,73260,9.0679475E-07
0,73270,9.058428E-07
0,73280,9.0489175E-07
0,73290,9.039418E-07
0,73300,9.029928E-07
0,73310,9.0204475E-07
0,73320,9.0109774E-07
0,73330,9.0015175E-07
0,73340,8.992067E-07
0,73350,8.9826267E-07
0,73360,8.9731964E-07
0,73370,8.9637757E-07
0,73380,8.9543653E-07
0,73390,8.9449645E-07
0,73400,8.9355734E-07
0,73410,8.9261925E-07
0,73420,8.9168213E-07
0,73430,8.90746E-07
0,73440,8.8981085E-07
0,73450,8.888767E-07
0,73460,8.879435E-07
0,73470,8.870113E-07
0,73480,8.8608004E-07
0,73490,8.851498E-07
0,73500,8.842205E-07
0,73510,8.832922E-07
0,73520,8.8236493E-07
0,73530,8.8143855E-07
0,73540,8.805132E-07
0,73550,8.7958875E-07
0,73560,8.7866533E-07
0,73570,8.777429E-07
0,73580,8.768214E-07
0,73590,8.759008E-07
0,73600,8.7498125E-07
0,73610,8.7406266E-07
0,73620,8.7314504E-07
0,73630,8.722284E-07
0,73640,8.7131264E-07
0,73650,8.703979E-07
0,73660,8.694841E-07
0,73670,8.685713E-07
0,73680,8.676594E-07
0,73690,8.667485E-07
0,73700,8.6583856E-07
0,73710,8.649295E-07
0,73720,8.640215E-07
0,73730,8.631144E-07
0,73740,8.6220825E-07
0,73750,8.613031E-07
0,73760,8.603988E-07
0,73770,8.594956E-07
0,73780,8.585932E-07
0,73790,8.576918E-07
0,73800,8.5679136E-07
0,73810,8.5589187E-07
0,73820,8.549933E-07
0,73830,8.540957E-07
0,73840,8.53199E-07
0,73850,8.523033E-07
0,73860,8.514085E-07
0,73870,8.5051465E-07
0,73880,8.496217E-07
0,73890,8.4872977E-07
0,73900,8.478387E-07
0,73910,8.469486E-07
0,73920,8.4605944E-07
0,73930,8.451712E-07
0,73940,8.442839E-07
0,73950,8.433975E-07
0,73960,8.4251207E-07
0,73970,8.416276E-07
0,73980,8.40744E-07
0,73990,8.3986134E-07
0,74000,8.389796E-07
0,74010,8.380988E-07
0,74020,8.372189E-07
0,74030,8.3633995E-07
0,74040,8.3546195E-07
0,74050,8.3458485E-07
0,74060,8.337086E-07
0,74070,8.3283334E-07
0,74080,8.31959E-07
0,74090,8.310856E-07
0,74100,8.302131E-07
0,74110,8.2934145E-07
0,74120,8.284708E-07
0,74130,8.27601E-07
0,74140,8.2673216E-07
0,74150,8.258642E-07
0,74160,8.249972E-07
0,74170,8.2413106E-07
0,74180,8.2326585E-07
0,74190,8.2240155E-07
0,74200,8.2153815E-07
0,74210,8.206756E-07
0,74220,8.1981403E-07
0,74230,8.1895337E-07
0,74240,8.180936E-07
0,74250,8.172347E-07
0,74260,8.163767E-07
0,74270,8.155197E-07
0,74280,8.146635E-07
0,74290,8.1380824E-07
0,74300,8.1295383E-07
0,74310,8.121004E-07
0,74320,8.112478E-07
0,74330,8.103961E-07
0,74340,8.0954527E-07
0,74350,8.086954E-07
0,74360,8.078464E-07
0,74370,8.0699823E-07
0,74380,8.0615104E-07
0,74390,8.053047E-07
0,74400,8.0445926E-07
0,74410,8.036147E-07
0,74420,8.02771E-07
0,74430,8.019282E-07
0,74440,8.010863E-07
0,74450,8.002453E-07
0,74460,7.9940514E-07
0,74470,7.985659E-07
0,74480,7.977275E-07
0,74490,7.9689005E-07
0,74500,7.960534E-07
0,74510,7.9521766E-07
0,74520,7.943828E-07
0,74530,7.9354885E-07
0,74540,7.9271575E-07
0,74550,7.918835E-07
0,74560,7.910521E-07
0,74570,7.9022163E-07
0,74580,7.89392E-07
0,74590,7.885633E-07
0,74600,7.877354E-07
0,74610,7.869084E-07
0,74620,7.8608224E-07
0,74630,7.85257E-07
0,74640,7.844326E-07
0,74650,7.836091E-07
0,74660,7.827864E-07
0,74670,7.8196456E-07
0,74680,7.811436E-07
0,74690,7.8032355E-07
0,74700,7.795043E-07
0,74710,7.7868594E-07
0,74720,7.778685E-07
0,74730,7.770518E-07
0,74740,7.7623605E-07
0,74750,7.754211E-07
0,74760,7.7460703E-07
0,74770,7.7379383E-07
0,74780,7.729814E-07
0,74790,7.721699E-07
0,74800,7.713592E-07
0,74810,7.7054943E-07
0,74820,7.697405E-07
0,74830,7.6893235E-07
0,74840,7.681251E-07
0,74850,7.673187E-07
0,74860,7.665131E-07
0,74870,7.6570836E-07
0,74880,7.649045E-07
0,74890,7.6410146E-07
0,74900,7.632993E-07
0,74910,7.624979E-07
0,74920,7.6169744E-07
0,74930,7.6089776E-07
0,74940,7.6009894E-07
0,74950,7.593009E-07
0,74960,7.585038E-07
0,74970,7.577075E-07
0,74980,7.5691196E-07
0,74990,7.5611734E-07
0,75000,7.553235E-07
0,75010,7.5453056E-07
0,75020,7.537384E-07
0,75030,7.529471E-07
0,75040,7.521566E-07
0,75050,7.5136694E-07
0,75060,7.505781E-07
0,75070,7.4979016E-07
0,75080,7.49003E-07
0,75090,7.482166E-07
0,75100,7.474311E-07
0,75110,7.4664644E-07
0,75120,7.4586256E-07
0,75130,7.4507955E-07
0,75140,7.4429727E-07
0,75150,7.435159E-07
0,75160,7.427353E-07
0,75170,7.4195555E-07
0,75180,7.411766E-07
0,75190,7.403985E-07
0,75200,7.3962116E-07
0,75210,7.388447E-07
0,75220,7.38069E-07
0,75230,7.3729416E-07
0,75240,7.365201E-07
0,75250,7.357469E-07
0,75260,7.3497444E-07
0,75270,7.3420284E-07
0,75280,7.33432E-07
0,75290,7.3266204E-07
0,75300,7.3189284E-07
0,75310,7.311245E-07
0,75320,7.303569E-07
0,75330,7.295901E-07
0,75340,7.2882415E-07
0,75350,7.28059E-07
0,75360,7.2729466E-07
0,75370,7.265311E-07
0,75380,7.2576836E-07
0,75390,7.250064E-07
0,75400,7.2424524E-07
0,75410,7.234849E-07
0,75420,7.2272536E-07
0,75430,7.219666E-07
0,75440,7.2120866E-07
0,75450,7.2045145E-07
0,75460,7.196951E-07
0,75470,7.1893953E-07
0,75480,7.1818476E-07
0,75490,7.174308E-07
0,75500,7.1667756E-07
0,75510,7.159252E-07
0,75520,7.1517354E-07
0,75530,7.1442275E-07
0,75540,7.136727E-07
0,75550,7.1292345E-07
0,75560,7.12175E-07
0,75570,7.1142733E-07
0,75580,7.106804E-07
0,75590,7.099343E-07
0,75600,7.09189E-07
0,75610,7.084445E-07
0,75620,7.077007E-07
0,75630,7.069577E-07
0,75640,7.062155E-07
0,75650,7.0547406E-07
0,75660,7.0473345E-07
0,75670,7.039936E-07
0,75680,7.032545E-07
0,75690,7.0251616E-07
0,75700,7.017786E-07
0,75710,7.0104187E-07
0,75720,7.0030586E-07
0,75730,6.9957065E-07
0,75740,6.9883623E-07
0,75750,6.9810255E-07
0,75760,6.973696E-07
0,75770,6.966375E-07
0,75780,6.959061E-07
0,75790,6.951756E-07
0,75800,6.944457E-07
0,75810,6.9371663E-07
0,75820,6.9298835E-07
0,75830,6.922608E-07
0,75840,6.9153407E-07
0,75850,6.9080806E-07
0,75860,6.900828E-07
0,75870,6.8935833E-07
0,75880,6.886346E-07
0,75890,6.879116E-07
0,75900,6.871894E-07
0,75910,6.8646796E-07
0,75920,6.857473E-07
0,75930,6.850274E-07
0,75940,6.843082E-07
0,75950,6.8358975E-07
0,75960,6.828721E-07
0,75970,6.821552E-07
0,75980,6.81439E-07
0,75990,6.807236E-07
0,76000,6.8000895E-07
0,76010,6.7929506E-07
0,76020,6.785819E-07
0,76030,6.778695E-07
0,76040,6.771578E-07
0,76050,6.764469E-07
0,76060,6.757367E-07
0,76070,6.750273E-07
0,76080,6.7431864E-07
0,76090,6.736107E-07
0,76100,6.729035E-07
0,76110,6.721971E-07
0,76120,6.7149136E-07
0,76130,6.707864E-07
0,76140,6.7008216E-07
0,76150,6.6937866E-07
0,76160,6.686759E-07
0,76170,6.679739E-07
0,76180,6.672726E-07
0,76190,6.665721E-07
0,76200,6.658723E-07
0,76210,6.651732E-07
0,76220,6.644749E-07
0,76230,6.637773E-07
0,76240,6.630804E-07
0,76250,6.623843E-07
0,76260,6.616889E-07
0,76270,6.609942E-07
0,76280,6.6030026E-07
0,76290,6.5960705E-07
0,76300,6.589146E-07
0,76310,6.582228E-07
0,76320,6.5753176E-07
0,76330,6.5684145E-07
0,76340,6.561519E-07
0,76350,6.55463E-07
0,76360,6.5477485E-07
0,76370,6.5408744E-07
0,76380,6.534008E-07
0,76390,6.527148E-07
0,76400,6.5202954E-07
0,76410,6.51345E-07
0,76420,6.506612E-07
0,76430,6.4997806E-07
0,76440,6.492957E-07
0,76450,6.4861405E-07
0,76460,6.479331E-07
0,76470,6.472529E-07
0,76480,6.4657337E-07
0,76490,6.4589454E-07
0,76500,6.4521646E-07
0,76510,6.4453906E-07
0,76520,6.438624E-07
0,76530,6.431864E-07
0,76540,6.4251117E-07
0,76550,6.4183666E-07
0,76560,6.4116284E-07
0,76570,6.404897E-07
0,76580,6.398173E-07
0,76590,6.391456E-07
0,76600,6.3847455E-07
0,76610,6.3780425E-07
0,76620,6.3713463E-07
0,76630,6.3646576E-07
0,76640,6.3579756E-07
0,76650,6.3513005E-07
0,76660,6.344633E-07
0,76670,6.337972E-07
0,76680,6.331318E-07
0,76690,6.324671E-07
0,76700,6.318031E-07
0,76710,6.311398E-07
0,76720,6.304772E-07
0,76730,6.298153E-07
0,76740,6.291541E-07
0,76750,6.284936E-07
0,76760,6.2783374E-07
0,76770,6.271746E-07
0,76780,6.2651617E-07
0,76790,6.2585843E-07
0,76800,6.252014E-07
0,76810,6.24545E-07
0,76820,6.238893E-07
0,76830,6.232343E-07
0,76840,6.2258005E-07
0,76850,6.219264E-07
0,76860,6.212735E-07
0,76870,6.206212E-07
0,76880,6.199697E-07
0,76890,6.1931877E-07
0,76900,6.186686E-07
0,76910,6.180191E-07
0,76920,6.173703E-07
0,76930,6.167221E-07
0,76940,6.1607466E-07
0,76950,6.1542784E-07
0,76960,6.1478175E-07
0,76970,6.1413635E-07
0,76980,6.134916E-07
0,76990,6.128475E-07
0,77000,6.1220413E-07
0,77010,6.115614E-07
0,77020,6.1091936E-07
0,77030,6.1027794E-07
0,77040,6.0963725E-07
0,77050,6.0899725E-07
0,77060,6.083579E-07
0,77070,6.077192E-07
0,77080,6.070812E-07
0,77090,6.0644385E-07
0,77100,6.0580714E-07
0,77110,6.051712E-07
0,77120,6.045358E-07
0,77130,6.039011E-07
0,77140,6.0326715E-07
0,77150,6.026338E-07
0,77160,6.0200114E-07
0,77170,6.013691E-07
0,77180,6.0073774E-07
0,77190,6.0010706E-07
0,77200,5.9947706E-07
0,77210,5.988477E-07
0,77220,5.98219E-07
0,77230,5.9759094E-07
0,77240,5.9696356E-07
0,77250,5.9633686E-07
0,77260,5.957108E-07
0,77270,5.9508534E-07
0,77280,5.9446063E-07
0,77290,5.9383655E-07
0,77300,5.932131E-07
0,77310,5.925903E-07
0,77320,5.9196816E-07
0,77330,5.913467E-07
0,77340,5.9072585E-07
0,77350,5.901057E-07
0,77360,5.8948615E-07
0,77370,5.888673E-07
0,77380,5.8824907E-07
0,77390,5.876315E-07
0,77400,5.870146E-07
0,77410,5.863983E-07
0,77420,5.857827E-07
0,77430,5.851677E-07
0,77440,5.8455333E-07
0,77450,5.8393965E-07
0,77460,5.833266E-07
0,77470,5.827142E-07
0,77480,5.821024E-07
0,77490,5.814913E-07
0,77500,5.8088085E-07
0,77510,5.80271E-07
0,77520,5.796618E-07
0,77530,5.790532E-07
0,77540,5.7844534E-07
0,77550,5.77838E-07
0,77560,5.772314E-07
0,77570,5.766254E-07
0,77580,5.7602E-07
0,77590,5.754153E-07
0,77600,5.7481117E-07
0,77610,5.742077E-07
0,77620,5.736049E-07
0,77630,5.730027E-07
0,77640,5.724011E-07
0,77650,5.718002E-07
0,77660,5.7119985E-07
0,77670,5.706002E-07
0,77680,5.7000113E-07
0,77690,5.6940274E-07
0,77700,5.68805E-07
0,77710,5.682078E-07
0,77720,5.6761127E-07
0,77730,5.670153E-07
0,77740,5.6642006E-07
0,77750,5.658254E-07
0,77760,5.652314E-07
0,77770,5.6463796E-07
0,77780,5.640452E-07
0,77790,5.63453E-07
0,77800,5.628615E-07
0,77810,5.6227054E-07
0,77820,5.616803E-07
0,77830,5.610906E-07
0,77840,5.605015E-07
0,77850,5.599131E-07
0,77860,5.5932526E-07
0,77870,5.5873807E-07
0,77880,5.5815144E-07
0,77890,5.575655E-07
0,77900,5.569801E-07
0,77910,5.563954E-07
0,77920,5.5581125E-07
0,77930,5.552277E-07
0,77940,5.546448E-07
0,77950,5.540625E-07
0,77960,5.5348085E-07
0,77970,5.5289973E-07
0,77980,5.523193E-07
0,77990,5.5173945E-07
0,78000,5.511602E-07
0,78010,5.5058155E-07
0,78020,5.5000356E-07
0,78030,5.494261E-07
0,78040,5.488493E-07
0,78050,5.482731E-07
0,78060,5.476975E-07
0,78070,5.471225E-07
0,78080,5.465481E-07
0,78090,5.459743E-07
0,78100,5.454011E-07
0,78110,5.4482854E-07
0,78120,5.442565E-07
0,78130,5.4368513E-07
0,78140,5.4311437E-07
0,78150,5.4254417E-07
0,78160,5.4197454E-07
0,78170,5.414056E-07
0,78180,5.4083716E-07
0,78190,5.402694E-07
0,78200,5.3970217E-07
0,78210,5.3913556E-07
0,78220,5.3856957E-07
0,78230,5.3800414E-07
0,78240,5.3743935E-07
0,78250,5.368751E-07
0,78260,5.3631146E-07
0,78270,5.357484E-07
0,78280,5.3518596E-07
0,78290,5.3462406E-07
0,78300,5.340628E-07
0,78310,5.3350215E-07
0,78320,5.32942E-07
0,78330,5.323825E-07
0,78340,5.318236E-07
0,78350,5.3126524E-07
0,78360,5.307075E-07
0,78370,5.301504E-07
0,78380,5.2959376E-07
0,78390,5.290378E-07
0,78400,5.2848236E-07
0,78410,5.279275E-07
0,78420,5.273733E-07
0,78430,5.2681963E-07
0,78440,5.2626655E-07
0,78450,5.2571403E-07
0,78460,5.2516214E-07
0,78470,5.2461075E-07
0,78480,5.2406E-07
0,78490,5.235098E-07
0,78500,5.2296025E-07
0,78510,5.224112E-07
0,78520,5.218627E-07
0,78530,5.2131486E-07
0,78540,5.2076757E-07
0,78550,5.2022085E-07
0,78560,5.196747E-07
0,78570,5.191291E-07
0,78580,5.185841E-07
0,78590,5.1803966E-07
0,78600,5.174958E-07
0,78610,5.1695247E-07
0,78620,5.164098E-07
0,78630,5.158676E-07
0,78640,5.15326E-07
0,78650,5.1478503E-07
0,78660,5.1424456E-07
0,78670,5.137047E-07
0,78680,5.131654E-07
0,78690,5.126266E-07
0,78700,5.1208843E-07
0,78710,5.115508E-07
0,78720,5.110138E-07
0,78730,5.104773E-07
0,78740,5.0994134E-07
0,78750,5.09406E-07
0,78760,5.088712E-07
0,78770,5.0833694E-07
0,78780,5.078033E-07
0,78790,5.0727016E-07
0,78800,5.067376E-07
0,78810,5.062056E-07
0,78820,5.0567417E-07
0,78830,5.051433E-07
0,78840,5.0461296E-07
0,78850,5.040832E-07
0,78860,5.0355396E-07
0,78870,5.030253E-07
0,78880,5.0249724E-07
0,78890,5.019697E-07
0,78900,5.014427E-07
0,78910,5.0091626E-07
0,78920,5.0039034E-07
0,78930,4.99865E-07
0,78940,4.993402E-07
0,78950,4.98816E-07
0,78960,4.982923E-07
0,78970,4.977692E-07
0,78980,4.972466E-07
0,78990,4.9672457E-07
0,79000,4.962031E-07
0,79010,4.956822E-07
0,79020,4.9516177E-07
0,79030,4.9464194E-07
0,79040,4.941226E-07
0,79050,4.9360386E-07
0,79060,4.930856E-07
0,79070,4.9256795E-07
0,79080,4.9205084E-07
0,79090,4.9153425E-07
0,79100,4.910182E-07
0,79110,4.905027E-07
0,79120,4.8998777E-07
0,79130,4.894734E-07
0,79140,4.8895953E-07
0,79150,4.884462E-07
0,79160,4.879334E-07
0,79170,4.874211E-07
0,79180,4.869094E-07
0,79190,4.863982E-07
0,79200,4.8588754E-07
0,79210,4.853775E-07
0,79220,4.848679E-07
0,79230,4.8435885E-07
0,79240,4.8385033E-07
0,79250,4.833424E-07
0,79260,4.8283493E-07
0,79270,4.82328E-07
0,79280,4.8182164E-07
0,79290,4.813158E-07
0,79300,4.808105E-07
0,79310,4.8030574E-07
0,79320,4.798015E-07
0,79330,4.7929774E-07
0,79340,4.7879456E-07
0,79350,4.782919E-07
0,79360,4.7778974E-07
0,79370,4.7728815E-07
0,79380,4.7678708E-07
0,79390,4.7628652E-07
0,79400,4.757865E-07
0,79410,4.7528698E-07
0,79420,4.74788E-07
0,79430,4.7428955E-07
0,79440,4.7379163E-07
0,79450,4.7329422E-07
0,79460,4.7279732E-07
0,79470,4.7230094E-07
0,79480,4.718051E-07
0,79490,4.713098E-07
0,79500,4.7081497E-07
0,79510,4.7032069E-07
0,79520,4.6982692E-07
0,79530,4.6933368E-07
0,79540,4.6884094E-07
0,79550,4.6834873E-07
0,79560,4.6785703E-07
0,79570,4.6736585E-07
0,79580,4.6687518E-07
0,79590,4.6638505E-07
0,79600,4.658954E-07
0,79610,4.654063E-07
0,79620,4.649177E-07
0,79630,4.6442958E-07
0,79640,4.63942E-07
0,79650,4.6345494E-07
0,79660,4.629684E-07
0,79670,4.6248232E-07
0,79680,4.619968E-07
0,79690,4.6151177E-07
0,79700,4.6102724E-07
0,79710,4.6054322E-07
0,79720,4.6005974E-07
0,79730,4.5957674E-07
0,79740,4.5909425E-07
0,79750,4.5861228E-07
0,79760,4.5813078E-07
0,79770,4.5764983E-07
0,79780,4.5716936E-07
0,79790,4.566894E-07
0,79800,4.5620996E-07
0,79810,4.55731E-07
0,79820,4.5525255E-07
0,79830,4.547746E-07
0,79840,4.5429715E-07
0,79850,4.538202E-07
0,79860,4.5334377E-07
0,79870,4.5286782E-07
0,79880,4.5239238E-07
0,79890,4.5191743E-07
0,79900,4.51443E-07
0,79910,4.5096905E-07
0,79920,4.504956E-07
0,79930,4.5002264E-07
0,79940,4.4955019E-07
0,79950,4.4907821E-07
0,79960,4.4860676E-07
0,79970,4.4813578E-07
0,79980,4.4766531E-07
0,79990,4.4719533E-07
0,80000,4.4672583E-07
0,80010,4.4625685E-07
0,80020,4.4578834E-07
0,80030,4.4532032E-07
0,80040,4.4485282E-07
0,80050,4.443858E-07
0,80060,4.4391925E-07
0,80070,4.434532E-07
0,80080,4.4298764E-07
0,80090,4.4252255E-07
0,80100,4.42058E-07
0,80110,4.415939E-07
0,80120,4.4113028E-07
0,80130,4.4066715E-07
0,80140,4.4020453E-07
0,80150,4.3974237E-07
0,80160,4.392807E-07
0,80170,4.3881954E-07
0,80180,4.3835882E-07
0,80190,4.3789862E-07
0,80200,4.374389E-07
0,80210,4.3697966E-07
0,80220,4.3652088E-07
0,80230,4.360626E-07
0,80240,4.3560482E-07
0,80250,4.3514748E-07
0,80260,4.3469063E-07
0,80270,4.342343E-07
0,80280,4.337784E-07
0,80290,4.33323E-07
0,80300,4.3286806E-07
0,80310,4.3241363E-07
0,80320,4.3195965E-07
0,80330,4.3150615E-07
0,80340,4.3105314E-07
0,80350,4.306006E-07
0,80360,4.3014853E-07
0,80370,4.2969694E-07
0,80380,4.2924583E-07
0,80390,4.2879518E-07
0,80400,4.2834503E-07
0,80410,4.2789532E-07
0,80420,4.2744608E-07
0,80430,4.2699733E-07
0,80440,4.2654906E-07
0,80450,4.2610125E-07
0,80460,4.256539E-07
0,80470,4.2520702E-07
0,80480,4.2476063E-07
0,80490,4.243147E-07
0,80500,4.238692E-07
0,80510,4.234242E-07
0,80520,4.229797E-07
0,80530,4.2253563E-07
0,80540,4.2209203E-07
0,80550,4.2164888E-07
0,80560,4.212062E-07
0,80570,4.2076402E-07
0,80580,4.2032227E-07
0,80590,4.1988102E-07
0,80600,4.194402E-07
0,80610,4.1899983E-07
0,80620,4.1855995E-07
0,80630,4.1812052E-07
0,80640,4.1768158E-07
0,80650,4.1724306E-07
0,80660,4.1680502E-07
0,80670,4.1636744E-07
0,80680,4.1593032E-07
0,80690,4.1549364E-07
0,80700,4.1505743E-07
0,80710,4.146217E-07
0,80720,4.141864E-07
0,80730,4.1375156E-07
0,80740,4.133172E-07
0,80750,4.1288325E-07
0,80760,4.124498E-07
0,80770,4.120168E-07
0,80780,4.1158424E-07
0,80790,4.1115214E-07
0,80800,4.1072047E-07
0,80810,4.102893E-07
0,80820,4.0985856E-07
0,80830,4.0942825E-07
0,80840,4.0899843E-07
0,80850,4.0856904E-07
0,80860,4.081401E-07
0,80870,4.077116E-07
0,80880,4.0728358E-07
0,80890,4.0685597E-07
0,80900,4.0642885E-07
0,80910,4.0600216E-07
0,80920,4.0557592E-07
0,80930,4.0515013E-07
0,80940,4.0472477E-07
0,80950,4.0429987E-07
0,80960,4.0387542E-07
0,80970,4.0345142E-07
0,80980,4.0302785E-07
0,80990,4.026047E-07
0,81000,4.0218205E-07
0,81010,4.0175982E-07
0,81020,4.0133804E-07
0,81030,4.009167E-07
0,81040,4.004958E-07
0,81050,4.0007532E-07
0,81060,3.996553E-07
0,81070,3.9923574E-07
0,81080,3.9881658E-07
0,81090,3.983979E-07
0,81100,3.9797962E-07
0,81110,3.9756182E-07
0,81120,3.9714445E-07
0,81130,3.967275E-07
0,81140,3.9631098E-07
0,81150,3.9589492E-07
0,81160,3.9547928E-07
0,81170,3.950641E-07
0,81180,3.9464933E-07
0,81190,3.9423503E-07
0,81200,3.9382113E-07
0,81210,3.9340767E-07
0,81220,3.9299465E-07
0,81230,3.9258205E-07
0,81240,3.921699E-07
0,81250,3.917582E-07
0,81260,3.913469E-07
0,81270,3.9093604E-07
0,81280,3.9052563E-07
0,81290,3.9011564E-07
0,81300,3.8970606E-07
0,81310,3.8929693E-07
0,81320,3.8888822E-07
0,81330,3.8847995E-07
0,81340,3.8807212E-07
0,81350,3.876647E-07
0,81360,3.872577E-07
0,81370,3.8685116E-07
0,81380,3.86445E-07
0,81390,3.860393E-07
0,81400,3.8563402E-07
0,81410,3.8522916E-07
0,81420,3.8482472E-07
0,81430,3.8442073E-07
0,81440,3.8401714E-07
0,81450,3.8361398E-07
0,81460,3.8321122E-07
0,81470,3.828089E-07
0,81480,3.8240702E-07
0,81490,3.8200557E-07
0,81500,3.816045E-07
0,81510,3.8120388E-07
0,81520,3.8080367E-07
0,81530,3.804039E-07
0,81540,3.800045E-07
0,81550,3.7960558E-07
0,81560,3.7920705E-07
0,81570,3.7880892E-07
0,81580,3.7841124E-07
0,81590,3.7801397E-07
0,81600,3.776171E-07
0,81610,3.7722066E-07
0,81620,3.7682463E-07
0,81630,3.7642903E-07
0,81640,3.7603382E-07
0,81650,3.7563905E-07
0,81660,3.752447E-07
0,81670,3.7485074E-07
0,81680,3.744572E-07
0,81690,3.740641E-07
0,81700,3.7367136E-07
0,81710,3.7327905E-07
0,81720,3.7288717E-07
0,81730,3.724957E-07
0,81740,3.7210464E-07
0,81750,3.7171398E-07
0,81760,3.7132372E-07
0,81770,3.709339E-07
0,81780,3.7054448E-07
0,81790,3.7015548E-07
0,81800,3.6976687E-07
0,81810,3.6937865E-07
0,81820,3.6899087E-07
0,81830,3.6860348E-07
0,81840,3.682165E-07
0,81850,3.6782993E-07
0,81860,3.6744376E-07
0,81870,3.67058E-07
0,81880,3.6667265E-07
0,81890,3.6628768E-07
0,81900,3.6590313E-07
0,81910,3.65519E-07
0,81920,3.6513526E-07
0,81930,3.647519E-07
0,81940,3.64369E-07
0,81950,3.6398646E-07
0,81960,3.6360433E-07
0,81970,3.632226E-07
0,81980,3.6284126E-07
0,81990,3.6246033E-07
0,82000,3.620798E-07
0,82010,3.6169968E-07
0,82020,3.6131993E-07
0,82030,3.6094062E-07
0,82040,3.6056167E-07
0,82050,3.6018315E-07
0,82060,3.59805E-07
0,82070,3.5942725E-07
0,82080,3.5904992E-07
0,82090,3.5867296E-07
0,82100,3.582964E-07
0,82110,3.5792024E-07
0,82120,3.5754448E-07
0,82130,3.571691E-07
0,82140,3.5679415E-07
0,82150,3.5641958E-07
0,82160,3.5604538E-07
0,82170,3.5567157E-07
0,82180,3.5529817E-07
0,82190,3.5492516E-07
0,82200,3.5455255E-07
0,82210,3.5418034E-07
0,82220,3.538085E-07
0,82230,3.5343706E-07
0,82240,3.5306599E-07
0,82250,3.526953E-07
0,82260,3.5232506E-07
0,82270,3.5195515E-07
0,82280,3.5158567E-07
0,82290,3.5121656E-07
0,82300,3.508478E-07
0,82310,3.5047947E-07
0,82320,3.5011152E-07
0,82330,3.4974397E-07
0,82340,3.493768E-07
0,82350,3.4900998E-07
0,82360,3.486436E-07
0,82370,3.4827755E-07
0,82380,3.4791194E-07
0,82390,3.4754666E-07
0,82400,3.4718178E-07
0,82410,3.468173E-07
0,82420,3.464532E-07
0,82430,3.4608948E-07
0,82440,3.4572614E-07
0,82450,3.4536316E-07
0,82460,3.450006E-07
0,82470,3.4463838E-07
0,82480,3.4427657E-07
0,82490,3.4391513E-07
0,82500,3.4355406E-07
0,82510,3.431934E-07
0,82520,3.428331E-07
0,82530,3.4247316E-07
0,82540,3.4211362E-07
0,82550,3.4175446E-07
0,82560,3.4139566E-07
0,82570,3.4103726E-07
0,82580,3.406792E-07
0,82590,3.4032155E-07
0,82600,3.3996426E-07
0,82610,3.3960734E-07
0,82620,3.3925082E-07
0,82630,3.3889467E-07
0,82640,3.3853885E-07
0,82650,3.3818344E-07
0,82660,3.378284E-07
0,82670,3.3747372E-07
0,82680,3.3711945E-07
0,82690,3.367655E-07
0,82700,3.3641197E-07
0,82710,3.3605878E-07
0,82720,3.3570598E-07
0,82730,3.3535352E-07
0,82740,3.3500146E-07
0,82750,3.3464974E-07
0,82760,3.3429842E-07
0,82770,3.3394747E-07
0,82780,3.3359686E-07
0,82790,3.3324665E-07
0,82800,3.3289678E-07
0,82810,3.3254727E-07
0,82820,3.3219817E-07
0,82830,3.318494E-07
0,82840,3.31501E-07
0,82850,3.31153E-07
0,82860,3.308053E-07
0,82870,3.3045802E-07
0,82880,3.301111E-07
0,82890,3.2976453E-07
0,82900,3.2941833E-07
0,82910,3.290725E-07
0,82920,3.28727E-07
0,82930,3.283819E-07
0,82940,3.2803715E-07
0,82950,3.2769276E-07
0,82960,3.2734872E-07
0,82970,3.2700504E-07
0,82980,3.2666173E-07
0,82990,3.263188E-07
0,83000,3.259762E-07
0,83010,3.2563398E-07
0,83020,3.2529212E-07
0,83030,3.249506E-07
0,83040,3.2460946E-07
0,83050,3.2426868E-07
0,83060,3.2392825E-07
0,83070,3.2358815E-07
0,83080,3.2324843E-07
0,83090,3.2290907E-07
0,83100,3.2257006E-07
0,83110,3.2223141E-07
0,83120,3.2189314E-07
0,83130,3.2155518E-07
0,83140,3.212176E-07
0,83150,3.2088036E-07
0,83160,3.205435E-07
0,83170,3.2020696E-07
0,83180,3.198708E-07
0,83190,3.19535E-07
0,83200,3.1919953E-07
0,83210,3.188644E-07
0,83220,3.1852966E-07
0,83230,3.1819525E-07
0,83240,3.1786118E-07
0,83250,3.1752748E-07
0,83260,3.1719412E-07
0,83270,3.168611E-07
0,83280,3.1652846E-07
0,83290,3.1619615E-07
0,83300,3.1586418E-07
0,83310,3.155326E-07
0,83320,3.152013E-07
0,83330,3.148704E-07
0,83340,3.1453985E-07
0,83350,3.1420961E-07
0,83360,3.1387975E-07
0,83370,3.1355023E-07
0,83380,3.1322102E-07
0,83390,3.128922E-07
0,83400,3.125637E-07
0,83410,3.1223556E-07
0,83420,3.1190777E-07
0,83430,3.115803E-07
0,83440,3.112532E-07
0,83450,3.1092642E-07
0,83460,3.106E-07
0,83470,3.1027392E-07
0,83480,3.0994818E-07
0,83490,3.0962278E-07
0,83500,3.0929772E-07
0,83510,3.08973E-07
0,83520,3.0864862E-07
0,83530,3.083246E-07
0,83540,3.080009E-07
0,83550,3.0767754E-07
0,83560,3.0735453E-07
0,83570,3.0703185E-07
0,83580,3.0670952E-07
0,83590,3.063875E-07
0,83600,3.0606586E-07
0,83610,3.0574452E-07
0,83620,3.0542355E-07
0,83630,3.051029E-07
0,83640,3.047826E-07
0,83650,3.0446262E-07
0,83660,3.0414296E-07
0,83670,3.0382367E-07
0,83680,3.035047E-07
0,83690,3.0318606E-07
0,83700,3.0286776E-07
0,83710,3.0254978E-07
0,83720,3.0223217E-07
0,83730,3.0191487E-07
0,83740,3.0159788E-07
0,83750,3.0128126E-07
0,83760,3.0096496E-07
0,83770,3.00649E-07
0,83780,3.0033337E-07
0,83790,3.0001806E-07
0,83800,2.9970306E-07
0,83810,2.9938843E-07
0,83820,2.9907412E-07
0,83830,2.9876014E-07
0,83840,2.9844648E-07
0,83850,2.9813316E-07
0,83860,2.9782015E-07
0,83870,2.9750748E-07
0,83880,2.9719516E-07
0,83890,2.9688314E-07
0,83900,2.9657147E-07
0,83910,2.962601E-07
0,83920,2.9594906E-07
0,83930,2.956384E-07
0,83940,2.95328E-07
0,83950,2.9501794E-07
0,83960,2.9470823E-07
0,83970,2.9439883E-07
0,83980,2.9408974E-07
0,83990,2.93781E-07
0,84000,2.9347257E-07
0,84010,2.9316448E-07
0,84020,2.928567E-07
0,84030,2.9254923E-07
0,84040,2.922421E-07
0,84050,2.919353E-07
0,84060,2.916288E-07
0,84070,2.9132264E-07
0,84080,2.910168E-07
0,84090,2.9071126E-07
0,84100,2.9040606E-07
0,84110,2.9010118E-07
0,84120,2.8979662E-07
0,84130,2.894924E-07
0,84140,2.8918845E-07
0,84150,2.8888485E-07
0,84160,2.8858156E-07
0,84170,2.8827859E-07
0,84180,2.8797595E-07
0,84190,2.8767363E-07
0,84200,2.873716E-07
0,84210,2.870699E-07
0,84220,2.867685E-07
0,84230,2.8646747E-07
0,84240,2.861667E-07
0,84250,2.858663E-07
0,84260,2.8556616E-07
0,84270,2.8526637E-07
0,84280,2.8496686E-07
0,84290,2.846677E-07
0,84300,2.8436884E-07
0,84310,2.840703E-07
0,84320,2.8377207E-07
0,84330,2.8347415E-07
0,84340,2.8317655E-07
0,84350,2.8287926E-07
0,84360,2.8258228E-07
0,84370,2.822856E-07
0,84380,2.8198923E-07
0,84390,2.816932E-07
0,84400,2.8139746E-07
0,84410,2.8110202E-07
0,84420,2.8080692E-07
0,84430,2.8051213E-07
0,84440,2.8021762E-07
0,84450,2.7992343E-07
0,84460,2.7962955E-07
0,84470,2.7933598E-07
0,84480,2.7904272E-07
0,84490,2.7874978E-07
0,84500,2.7845712E-07
0,84510,2.7816478E-07
0,84520,2.7787274E-07
0,84530,2.7758102E-07
0,84540,2.7728962E-07
0,84550,2.769985E-07
0,84560,2.7670768E-07
0,84570,2.7641718E-07
0,84580,2.76127E-07
0,84590,2.758371E-07
0,84600,2.755475E-07
0,84610,2.7525823E-07
0,84620,2.7496924E-07
0,84630,2.7468056E-07
0,84640,2.743922E-07
0,84650,2.741041E-07
0,84660,2.7381637E-07
0,84670,2.7352888E-07
0,84680,2.7324174E-07
0,84690,2.7295485E-07
0,84700,2.726683E-07
0,84710,2.7238204E-07
0,84720,2.720961E-07
0,84730,2.7181042E-07
0,84740,2.7152507E-07
0,84750,2.7124E-07
0,84760,2.7095524E-07
0,84770,2.7067077E-07
0,84780,2.703866E-07
0,84790,2.7010276E-07
0,84800,2.6981917E-07
0,84810,2.6953592E-07
0,84820,2.6925292E-07
0,84830,2.6897027E-07
0,84840,2.6868787E-07
0,84850,2.684058E-07
0,84860,2.68124E-07
0,84870,2.6784252E-07
0,84880,2.6756132E-07
0,84890,2.6728043E-07
0,84900,2.6699982E-07
0,84910,2.6671952E-07
0,84920,2.6643949E-07
0,84930,2.661598E-07
0,84940,2.6588035E-07
0,84950,2.6560122E-07
0,84960,2.6532237E-07
0,84970,2.6504384E-07
0,84980,2.6476556E-07
0,84990,2.644876E-07
0,85000,2.6420992E-07
0,85010,2.6393255E-07
0,85020,2.6365547E-07
0,85030,2.6337867E-07
0,85040,2.6310215E-07
0,85050,2.6282592E-07
0,85060,2.6255E-07
0,85070,2.6227437E-07
0,85080,2.6199902E-07
0,85090,2.6172395E-07
0,85100,2.614492E-07
0,85110,2.611747E-07
0,85120,2.6090052E-07
0,85130,2.606266E-07
0,85140,2.6035298E-07
0,85150,2.6007964E-07
0,85160,2.598066E-07
0,85170,2.5953386E-07
0,85180,2.5926138E-07
0,85190,2.589892E-07
0,85200,2.587173E-07
0,85210,2.5844568E-07
0,85220,2.5817434E-07
0,85230,2.579033E-07
0,85240,2.5763254E-07
0,85250,2.5736207E-07
0,85260,2.5709187E-07
0,85270,2.5682198E-07
0,85280,2.5655234E-07
0,85290,2.56283E-07
0,85300,2.5601395E-07
0,85310,2.5574516E-07
0,85320,2.5547666E-07
0,85330,2.5520845E-07
0,85340,2.5494052E-07
0,85350,2.5467287E-07
0,85360,2.544055E-07
0,85370,2.5413843E-07
0,85380,2.538716E-07
0,85390,2.536051E-07
0,85400,2.5333884E-07
0,85410,2.5307287E-07
0,85420,2.5280718E-07
0,85430,2.5254178E-07
0,85440,2.5227664E-07
0,85450,2.520118E-07
0,85460,2.5174722E-07
0,85470,2.5148293E-07
0,85480,2.512189E-07
0,85490,2.5095517E-07
0,85500,2.506917E-07
0,85510,2.504285E-07
0,85520,2.5016558E-07
0,85530,2.4990294E-07
0,85540,2.4964058E-07
0,85550,2.493785E-07
0,85560,2.491167E-07
0,85570,2.4885517E-07
0,85580,2.485939E-07
0,85590,2.4833292E-07
0,85600,2.480722E-07
0,85610,2.4781176E-07
0,85620,2.475516E-07
0,85630,2.472917E-07
0,85640,2.470321E-07
0,85650,2.4677274E-07
0,85660,2.4651365E-07
0,85670,2.4625487E-07
0,85680,2.4599632E-07
0,85690,2.4573808E-07
0,85700,2.454801E-07
0,85710,2.4522237E-07
0,85720,2.4496492E-07
0,85730,2.4470773E-07
0,85740,2.4445083E-07
0,85750,2.441942E-07
0,85760,2.4393782E-07
0,85770,2.4368174E-07
0,85780,2.4342592E-07
0,85790,2.4317035E-07
0,85800,2.4291506E-07
0,85810,2.4266004E-07
0,85820,2.4240526E-07
0,85830,2.4215078E-07
0,85840,2.4189654E-07
0,85850,2.416426E-07
0,85860,2.413889E-07
0,85870,2.411355E-07
0,85880,2.4088234E-07
0,85890,2.4062945E-07
0,85900,2.403768E-07
0,85910,2.4012445E-07
0,85920,2.3987238E-07
0,85930,2.3962053E-07
0,85940,2.3936897E-07
0,85950,2.3911767E-07
0,85960,2.3886662E-07
0,85970,2.3861585E-07
0,85980,2.3836535E-07
0,85990,2.3811509E-07
0,86000,2.3786511E-07
0,86010,2.3761538E-07
0,86020,2.3736592E-07
0,86030,2.3711672E-07
0,86040,2.3686779E-07
0,86050,2.3661912E-07
0,86060,2.363707E-07
0,86070,2.3612255E-07
0,86080,2.3587465E-07
0,86090,2.3562701E-07
0,86100,2.3537964E-07
0,86110,2.3513253E-07
0,86120,2.3488568E-07
0,86130,2.3463909E-07
0,86140,2.3439274E-07
0,86150,2.3414667E-07
0,86160,2.3390085E-07
0,86170,2.336553E-07
0,86180,2.3340999E-07
0,86190,2.3316494E-07
0,86200,2.3292016E-07
0,86210,2.3267562E-07
0,86220,2.3243135E-07
0,86230,2.3218733E-07
0,86240,2.3194357E-07
0,86250,2.3170006E-07
0,86260,2.3145681E-07
0,86270,2.3121382E-07
0,86280,2.3097108E-07
0,86290,2.3072859E-07
0,86300,2.3048636E-07
0,86310,2.3024438E-07
0,86320,2.3000266E-07
0,86330,2.297612E-07
0,86340,2.2951998E-07
0,86350,2.2927902E-07
0,86360,2.290383E-07
0,86370,2.2879784E-07
0,86380,2.2855765E-07
0,86390,2.283177E-07
0,86400,2.28078E-07
0,86410,2.2783856E-07
0,86420,2.2759936E-07
0,86430,2.273604E-07
0,86440,2.2712172E-07
0,86450,2.2688327E-07
0,86460,2.2664507E-07
0,86470,2.2640714E-07
0,86480,2.2616943E-07
0,86490,2.25932E-07
0,86500,2.256948E-07
0,86510,2.2545785E-07
0,86520,2.2522116E-07
0,86530,2.2498472E-07
0,86540,2.247485E-07
0,86550,2.2451256E-07
0,86560,2.2427685E-07
0,86570,2.2404139E-07
0,86580,2.2380618E-07
0,86590,2.2357122E-07
0,86600,2.233365E-07
0,86610,2.2310203E-07
0,86620,2.2286781E-07
0,86630,2.2263383E-07
0,86640,2.224001E-07
0,86650,2.2216662E-07
0,86660,2.2193338E-07
0,86670,2.2170038E-07
0,86680,2.2146762E-07
0,86690,2.2123511E-07
0,86700,2.2100285E-07
0,86710,2.2077083E-07
0,86720,2.2053905E-07
0,86730,2.2030753E-07
0,86740,2.2007623E-07
0,86750,2.1984518E-07
0,86760,2.1961438E-07
0,86770,2.1938382E-07
0,86780,2.1915349E-07
0,86790,2.1892342E-07
0,86800,2.1869359E-07
0,86810,2.1846398E-07
0,86820,2.1823463E-07
0,86830,2.1800552E-07
0,86840,2.1777664E-07
0,86850,2.17548E-07
0,86860,2.1731962E-07
0,86870,2.1709147E-07
0,86880,2.1686355E-07
0,86890,2.1663588E-07
0,86900,2.1640844E-07
0,86910,2.1618125E-07
0,86920,2.1595429E-07
0,86930,2.1572757E-07
0,86940,2.1550109E-07
0,86950,2.1527484E-07
0,86960,2.1504884E-07
0,86970,2.1482306E-07
0,86980,2.1459753E-07
0,86990,2.1437224E-07
0,87000,2.1414718E-07
0,87010,2.1392236E-07
0,87020,2.1369777E-07
0,87030,2.1347341E-07
0,87040,2.1324931E-07
0,87050,2.1302543E-07
0,87060,2.1280178E-07
0,87070,2.1257837E-07
0,87080,2.1235519E-07
0,87090,2.1213225E-07
0,87100,2.1190955E-07
0,87110,2.1168707E-07
0,87120,2.1146484E-07
0,87130,2.1124283E-07
0,87140,2.1102105E-07
0,87150,2.1079951E-07
0,87160,2.1057821E-07
0,87170,2.1035713E-07
0,87180,2.1013628E-07
0,87190,2.0991567E-07
0,87200,2.0969529E-07
0,87210,2.0947515E-07
0,87220,2.0925522E-07
0,87230,2.0903553E-07
0,87240,2.0881609E-07
0,87250,2.0859686E-07
0,87260,2.0837787E-07
0,87270,2.081591E-07
0,87280,2.0794056E-07
0,87290,2.0772225E-07
0,87300,2.0750417E-07
0,87310,2.0728633E-07
0,87320,2.0706871E-07
0,87330,2.0685131E-07
0,87340,2.0663416E-07
0,87350,2.0641721E-07
0,87360,2.0620051E-07
0,87370,2.0598404E-07
0,87380,2.0576778E-07
0,87390,2.0555176E-07
0,87400,2.0533595E-07
0,87410,2.0512039E-07
0,87420,2.0490504E-07
0,87430,2.0468993E-07
0,87440,2.0447503E-07
0,87450,2.0426036E-07
0,87460,2.0404592E-07
0,87470,2.0383169E-07
0,87480,2.036177E-07
0,87490,2.0340394E-07
0,87500,2.031904E-07
0,87510,2.0297708E-07
0,87520,2.0276397E-07
0,87530,2.025511E-07
0,87540,2.0233846E-07
0,87550,2.0212603E-07
0,87560,2.0191383E-07
0,87570,2.0170185E-07
0,87580,2.014901E-07
0,87590,2.0127855E-07
0,87600,2.0106725E-07
0,87610,2.0085615E-07
0,87620,2.0064529E-07
0,87630,2.0043464E-07
0,87640,2.002242E-07
0,87650,2.00014E-07
0,87660,1.9980402E-07
0,87670,1.9959425E-07
0,87680,1.9938471E-07
0,87690,1.9917539E-07
0,87700,1.9896628E-07
0,87710,1.9875739E-07
0,87720,1.9854873E-07
0,87730,1.9834029E-07
0,87740,1.9813206E-07
0,87750,1.9792405E-07
0,87760,1.9771626E-07
0,87770,1.9750868E-07
0,87780,1.9730133E-07
0,87790,1.970942E-07
0,87800,1.9688727E-07
0,87810,1.9668057E-07
0,87820,1.9647409E-07
0,87830,1.9626782E-07
0,87840,1.9606176E-07
0,87850,1.9585593E-07
0,87860,1.9565032E-07
0,87870,1.9544491E-07
0,87880,1.9523972E-07
0,87890,1.9503474E-07
0,87900,1.9483E-07
0,87910,1.9462546E-07
0,87920,1.9442112E-07
0,87930,1.9421701E-07
0,87940,1.9401311E-07
0,87950,1.9380943E-07
0,87960,1.9360596E-07
0,87970,1.934027E-07
0,87980,1.9319965E-07
0,87990,1.9299682E-07
0,88000,1.927942E-07
0,88010,1.925918E-07
0,88020,1.923896E-07
0,88030,1.9218763E-07
0,88040,1.9198586E-07
0,88050,1.917843E-07
0,88060,1.9158296E-07
0,88070,1.9138182E-07
0,88080,1.911809E-07
0,88090,1.9098019E-07
0,88100,1.9077969E-07
0,88110,1.905794E-07
0,88120,1.9037931E-07
0,88130,1.9017945E-07
0,88140,1.8997979E-07
0,88150,1.8978034E-07
0,88160,1.895811E-07
0,88170,1.8938206E-07
0,88180,1.8918324E-07
0,88190,1.8898463E-07
0,88200,1.8878622E-07
0,88210,1.8858803E-07
0,88220,1.8839003E-07
0,88230,1.8819225E-07
0,88240,1.8799467E-07
0,88250,1.8779731E-07
0,88260,1.8760015E-07
0,88270,1.874032E-07
0,88280,1.8720645E-07
0,88290,1.8700992E-07
0,88300,1.8681358E-07
0,88310,1.8661746E-07
0,88320,1.8642154E-07
0,88330,1.8622582E-07
0,88340,1.8603032E-07
0,88350,1.85835E-07
0,88360,1.856399E-07
0,88370,1.8544502E-07
0,88380,1.8525033E-07
0,88390,1.8505584E-07
0,88400,1.8486156E-07
0,88410,1.8466748E-07
0,88420,1.844736E-07
0,88430,1.8427994E-07
0,88440,1.8408647E-07
0,88450,1.838932E-07
0,88460,1.8370015E-07
0,88470,1.835073E-07
0,88480,1.8331464E-07
0,88490,1.8312218E-07
0,88500,1.8292994E-07
0,88510,1.8273789E-07
0,88520,1.8254603E-07
0,88530,1.8235438E-07
0,88540,1.8216295E-07
0,88550,1.819717E-07
0,88560,1.8178066E-07
0,88570,1.8158981E-07
0,88580,1.8139917E-07
0,88590,1.8120873E-07
0,88600,1.8101849E-07
0,88610,1.8082845E-07
0,88620,1.8063861E-07
0,88630,1.8044896E-07
0,88640,1.8025952E-07
0,88650,1.8007027E-07
0,88660,1.7988123E-07
0,88670,1.7969238E-07
0,88680,1.7950373E-07
0,88690,1.7931528E-07
0,88700,1.7912701E-07
0,88710,1.7893896E-07
0,88720,1.7875111E-07
0,88730,1.7856344E-07
0,88740,1.7837598E-07
0,88750,1.7818871E-07
0,88760,1.7800164E-07
0,88770,1.7781475E-07
0,88780,1.7762808E-07
0,88790,1.774416E-07
0,88800,1.7725532E-07
0,88810,1.7706923E-07
0,88820,1.7688332E-07
0,88830,1.7669763E-07
0,88840,1.7651212E-07
0,88850,1.7632681E-07
0,88860,1.761417E-07
0,88870,1.7595677E-07
0,88880,1.7577204E-07
0,88890,1.755875E-07
0,88900,1.7540316E-07
0,88910,1.7521901E-07
0,88920,1.7503507E-07
0,88930,1.7485131E-07
0,88940,1.7466773E-07
0,88950,1.7448436E-07
0,88960,1.7430118E-07
0,88970,1.7411818E-07
0,88980,1.7393539E-07
0,88990,1.7375278E-07
0,89000,1.7357037E-07
0,89010,1.7338814E-07
0,89020,1.7320612E-07
0,89030,1.7302428E-07
0,89040,1.7284262E-07
0,89050,1.7266116E-07
0,89060,1.724799E-07
0,89070,1.7229881E-07
0,89080,1.7211792E-07
0,89090,1.7193723E-07
0,89100,1.7175672E-07
0,89110,1.715764E-07
0,89120,1.7139628E-07
0,89130,1.7121633E-07
0,89140,1.7103658E-07
0,89150,1.7085702E-07
0,89160,1.7067765E-07
0,89170,1.7049847E-07
0,89180,1.7031947E-07
0,89190,1.7014065E-07
0,89200,1.6996202E-07
0,89210,1.6978359E-07
0,89220,1.6960534E-07
0,89230,1.6942728E-07
0,89240,1.6924942E-07
0,89250,1.6907173E-07
0,89260,1.6889423E-07
0,89270,1.6871691E-07
0,89280,1.6853978E-07
0,89290,1.6836285E-07
0,89300,1.6818609E-07
0,89310,1.6800952E-07
0,89320,1.6783314E-07
0,89330,1.6765694E-07
0,89340,1.6748092E-07
0,89350,1.6730509E-07
0,89360,1.6712944E-07
0,89370,1.6695398E-07
0,89380,1.667787E-07
0,89390,1.6660361E-07
0,89400,1.664287E-07
0,89410,1.6625398E-07
0,89420,1.6607943E-07
0,89430,1.6590508E-07
0,89440,1.657309E-07
0,89450,1.6555691E-07
0,89460,1.653831E-07
0,89470,1.6520947E-07
0,89480,1.6503603E-07
0,89490,1.6486277E-07
0,89500,1.6468968E-07
0,89510,1.6451678E-07
0,89520,1.6434406E-07
0,89530,1.6417152E-07
0,89540,1.6399918E-07
0,89550,1.63827E-07
0,89560,1.63655E-07
0,89570,1.634832E-07
0,89580,1.6331155E-07
0,89590,1.631401E-07
0,89600,1.6296883E-07
0,89610,1.6279773E-07
0,89620,1.6262682E-07
0,89630,1.6245609E-07
0,89640,1.6228553E-07
0,89650,1.6211516E-07
0,89660,1.6194497E-07
0,89670,1.6177495E-07
0,89680,1.616051E-07
0,89690,1.6143545E-07
0,89700,1.6126596E-07
0,89710,1.6109666E-07
0,89720,1.6092753E-07
0,89730,1.6075857E-07
0,89740,1.605898E-07
0,89750,1.6042121E-07
0,89760,1.602528E-07
0,89770,1.6008455E-07
0,89780,1.5991648E-07
0,89790,1.597486E-07
0,89800,1.5958089E-07
0,89810,1.5941335E-07
0,89820,1.5924599E-07
0,89830,1.5907881E-07
0,89840,1.589118E-07
0,89850,1.5874497E-07
0,89860,1.585783E-07
0,89870,1.5841182E-07
0,89880,1.5824551E-07
0,89890,1.5807937E-07
0,89900,1.5791342E-07
0,89910,1.5774764E-07
0,89920,1.5758202E-07
0,89930,1.5741658E-07
0,89940,1.5725132E-07
0,89950,1.5708623E-07
0,89960,1.5692132E-07
0,89970,1.5675657E-07
0,89980,1.56592E-07
0,89990,1.564276E-07
0,90000,1.5626337E-07
0,90010,1.5609932E-07
0,90020,1.5593544E-07
0,90030,1.5577173E-07
0,90040,1.5560819E-07
0,90050,1.5544482E-07
0,90060,1.5528164E-07
0,90070,1.5511861E-07
0,90080,1.5495576E-07
0,90090,1.5479309E-07
0,90100,1.5463057E-07
0,90110,1.5446822E-07
0,90120,1.5430606E-07
0,90130,1.5414406E-07
0,90140,1.5398224E-07
0,90150,1.5382058E-07
0,90160,1.5365909E-07
0,90170,1.5349777E-07
0,90180,1.5333661E-07
0,90190,1.5317563E-07
0,90200,1.5301482E-07
0,90210,1.5285418E-07
0,90220,1.5269372E-07
0,90230,1.525334E-07
0,90240,1.5237327E-07
0,90250,1.522133E-07
0,90260,1.520535E-07
0,90270,1.5189386E-07
0,90280,1.517344E-07
0,90290,1.515751E-07
0,90300,1.5141597E-07
0,90310,1.5125701E-07
0,90320,1.510982E-07
0,90330,1.5093957E-07
0,90340,1.507811E-07
0,90350,1.5062281E-07
0,90360,1.5046469E-07
0,90370,1.5030672E-07
0,90380,1.5014892E-07
0,90390,1.4999128E-07
0,90400,1.4983381E-07
0,90410,1.4967651E-07
0,90420,1.4951938E-07
0,90430,1.493624E-07
0,90440,1.4920559E-07
0,90450,1.4904894E-07
0,90460,1.4889247E-07
0,90470,1.4873615E-07
0,90480,1.4858E-07
0,90490,1.4842402E-07
0,90500,1.482682E-07
0,90510,1.4811253E-07
0,90520,1.4795704E-07
0,90530,1.478017E-07
0,90540,1.4764653E-07
0,90550,1.4749153E-07
0,90560,1.4733669E-07
0,90570,1.47182E-07
0,90580,1.4702748E-07
0,90590,1.4687313E-07
0,90600,1.4671893E-07
0,90610,1.465649E-07
0,90620,1.4641103E-07
0,90630,1.4625732E-07
0,90640,1.4610377E-07
0,90650,1.4595038E-07
0,90660,1.4579716E-07
0,90670,1.456441E-07
0,90680,1.4549119E-07
0,90690,1.4533845E-07
0,90700,1.4518587E-07
0,90710,1.4503344E-07
0,90720,1.4488117E-07
0,90730,1.4472907E-07
0,90740,1.4457713E-07
0,90750,1.4442534E-07
0,90760,1.4427371E-07
0,90770,1.4412225E-07
0,90780,1.4397095E-07
0,90790,1.438198E-07
0,90800,1.4366881E-07
0,90810,1.4351798E-07
0,90820,1.433673E-07
0,90830,1.432168E-07
0,90840,1.4306643E-07
0,90850,1.4291624E-07
0,90860,1.427662E-07
0,90870,1.4261632E-07
0,90880,1.4246659E-07
0,90890,1.4231702E-07
0,90900,1.4216761E-07
0,90910,1.4201835E-07
0,90920,1.4186925E-07
0,90930,1.417203E-07
0,90940,1.4157152E-07
0,90950,1.414229E-07
0,90960,1.4127443E-07
0,90970,1.4112611E-07
0,90980,1.4097795E-07
0,90990,1.4082994E-07
0,91000,1.4068209E-07
0,91010,1.405344E-07
0,91020,1.4038686E-07
0,91030,1.4023946E-07
0,91040,1.4009224E-07
0,91050,1.3994516E-07
0,91060,1.3979825E-07
0,91070,1.3965148E-07
0,91080,1.3950486E-07
0,91090,1.393584E-07
0,91100,1.3921209E-07
0,91110,1.3906595E-07
0,91120,1.3891994E-07
0,91130,1.387741E-07
0,91140,1.3862841E-07
0,91150,1.3848287E-07
0,91160,1.3833748E-07
0,91170,1.3819225E-07
0,91180,1.3804717E-07
0,91190,1.3790223E-07
0,91200,1.3775747E-07
0,91210,1.3761284E-07
0,91220,1.3746836E-07
0,91230,1.3732404E-07
0,91240,1.3717987E-07
0,91250,1.3703585E-07
0,91260,1.3689198E-07
0,91270,1.3674827E-07
0,91280,1.3660471E-07
0,91290,1.364613E-07
0,91300,1.3631802E-07
0,91310,1.3617492E-07
0,91320,1.3603196E-07
0,91330,1.3588914E-07
0,91340,1.3574648E-07
0,91350,1.3560395E-07
0,91360,1.3546159E-07
0,91370,1.3531938E-07
0,91380,1.3517732E-07
0,91390,1.350354E-07
0,91400,1.3489364E-07
0,91410,1.3475201E-07
0,91420,1.3461054E-07
0,91430,1.3446922E-07
0,91440,1.3432805E-07
0,91450,1.3418703E-07
0,91460,1.3404615E-07
0,91470,1.3390542E-07
0,91480,1.3376484E-07
0,91490,1.3362441E-07
0,91500,1.3348412E-07
0,91510,1.3334399E-07
0,91520,1.33204E-07
0,91530,1.3306415E-07
0,91540,1.3292446E-07
0,91550,1.327849E-07
0,91560,1.326455E-07
0,91570,1.3250624E-07
0,91580,1.3236713E-07
0,91590,1.3222817E-07
0,91600,1.3208934E-07
0,91610,1.3195067E-07
0,91620,1.3181214E-07
0,91630,1.3167376E-07
0,91640,1.3153551E-07
0,91650,1.3139743E-07
0,91660,1.3125948E-07
0,91670,1.3112168E-07
0,91680,1.3098402E-07
0,91690,1.308465E-07
0,91700,1.3070914E-07
0,91710,1.305719E-07
0,91720,1.3043483E-07
0,91730,1.3029789E-07
0,91740,1.301611E-07
0,91750,1.3002445E-07
0,91760,1.2988794E-07
0,91770,1.2975158E-07
0,91780,1.2961536E-07
0,91790,1.2947928E-07
0,91800,1.2934335E-07
0,91810,1.2920756E-07
0,91820,1.290719E-07
0,91830,1.289364E-07
0,91840,1.2880103E-07
0,91850,1.2866582E-07
0,91860,1.2853073E-07
0,91870,1.283958E-07
0,91880,1.2826101E-07
0,91890,1.2812635E-07
0,91900,1.2799183E-07
0,91910,1.2785746E-07
0,91920,1.2772323E-07
0,91930,1.2758915E-07
0,91940,1.274552E-07
0,91950,1.2732139E-07
0,91960,1.2718772E-07
0,91970,1.2705418E-07
0,91980,1.269208E-07
0,91990,1.2678755E-07
0,92000,1.2665444E-07
0,92010,1.2652147E-07
0,92020,1.2638864E-07
0,92030,1.2625596E-07
0,92040,1.2612341E-07
0,92050,1.25991E-07
0,92060,1.2585872E-07
0,92070,1.2572659E-07
0,92080,1.255946E-07
0,92090,1.2546273E-07
0,92100,1.2533103E-07
0,92110,1.2519945E-07
0,92120,1.25068E-07
0,92130,1.249367E-07
0,92140,1.2480554E-07
0,92150,1.246745E-07
0,92160,1.2454362E-07
0,92170,1.2441286E-07
0,92180,1.2428225E-07
0,92190,1.2415177E-07
0,92200,1.2402143E-07
0,92210,1.2389123E-07
0,92220,1.2376115E-07
0,92230,1.2363122E-07
0,92240,1.2350144E-07
0,92250,1.2337178E-07
0,92260,1.2324226E-07
0,92270,1.2311287E-07
0,92280,1.2298362E-07
0,92290,1.228545E-07
0,92300,1.2272552E-07
0,92310,1.2259669E-07
0,92320,1.2246798E-07
0,92330,1.223394E-07
0,92340,1.2221096E-07
0,92350,1.2208267E-07
0,92360,1.2195449E-07
0,92370,1.2182646E-07
0,92380,1.2169856E-07
0,92390,1.2157079E-07
0,92400,1.2144316E-07
0,92410,1.2131567E-07
0,92420,1.2118831E-07
0,92430,1.2106108E-07
0,92440,1.2093398E-07
0,92450,1.2080702E-07
0,92460,1.2068018E-07
0,92470,1.205535E-07
0,92480,1.2042692E-07
0,92490,1.203005E-07
0,92500,1.2017419E-07
0,92510,1.2004803E-07
0,92520,1.1992199E-07
0,92530,1.197961E-07
0,92540,1.1967033E-07
0,92550,1.195447E-07
0,92560,1.1941918E-07
0,92570,1.1929382E-07
0,92580,1.19168575E-07
0,92590,1.1904347E-07
0,92600,1.1891849E-07
0,92610,1.1879364E-07
0,92620,1.1866893E-07
0,92630,1.1854434E-07
0,92640,1.1841989E-07
0,92650,1.1829557E-07
0,92660,1.1817137E-07
0,92670,1.1804731E-07
0,92680,1.1792338E-07
0,92690,1.1779958E-07
0,92700,1.176759E-07
0,92710,1.1755236E-07
0,92720,1.17428954E-07
0,92730,1.1730567E-07
0,92740,1.17182516E-07
0,92750,1.1705949E-07
0,92760,1.169366E-07
0,92770,1.1681383E-07
0,92780,1.1669119E-07
0,92790,1.16568685E-07
0,92800,1.164463E-07
0,92810,1.1632405E-07
0,92820,1.1620193E-07
0,92830,1.1607994E-07
0,92840,1.15958066E-07
0,92850,1.1583633E-07
0,92860,1.1571472E-07
0,92870,1.1559324E-07
0,92880,1.1547188E-07
0,92890,1.1535065E-07
0,92900,1.15229554E-07
0,92910,1.1510858E-07
0,92920,1.1498773E-07
0,92930,1.14867014E-07
0,92940,1.1474642E-07
0,92950,1.14625955E-07
0,92960,1.1450561E-07
0,92970,1.14385394E-07
0,92980,1.1426531E-07
0,92990,1.14145344E-07
0,93000,1.1402551E-07
0,93010,1.13905806E-07
0,93020,1.1378622E-07
0,93030,1.1366676E-07
0,93040,1.1354743E-07
0,93050,1.1342822E-07
0,93060,1.13309135E-07
0,93070,1.1319018E-07
0,93080,1.13071344E-07
0,93090,1.12952634E-07
0,93100,1.1283405E-07
0,93110,1.127156E-07
0,93120,1.1259726E-07
0,93130,1.1247905E-07
0,93140,1.12360965E-07
0,93150,1.12243E-07
0,93160,1.12125164E-07
0,93170,1.1200745E-07
0,93180,1.1188986E-07
0,93190,1.11772394E-07
0,93200,1.1165505E-07
0,93210,1.1153782E-07
0,93220,1.11420725E-07
0,93230,1.1130375E-07
0,93240,1.111869E-07
0,93250,1.1107017E-07
0,93260,1.10953565E-07
0,93270,1.1083708E-07
0,93280,1.1072071E-07
0,93290,1.10604475E-07
0,93300,1.1048836E-07
0,93310,1.1037236E-07
0,93320,1.1025649E-07
0,93330,1.1014073E-07
0,93340,1.100251E-07
0,93350,1.0990959E-07
0,93360,1.097942E-07
0,93370,1.09678936E-07
0,93380,1.0956379E-07
0,93390,1.0944876E-07
0,93400,1.0933386E-07
0,93410,1.0921907E-07
0,93420,1.0910441E-07
0,93430,1.08989866E-07
0,93440,1.0887545E-07
0,93450,1.0876114E-07
0,93460,1.0864696E-07
0,93470,1.08532895E-07
0,93480,1.0841895E-07
0,93490,1.0830513E-07
0,93500,1.0819142E-07
0,93510,1.0807784E-07
0,93520,1.07964375E-07
0,93530,1.0785103E-07
0,93540,1.077378E-07
0,93550,1.0762469E-07
0,93560,1.075117E-07
0,93570,1.0739883E-07
0,93580,1.0728608E-07
0,93590,1.0717344E-07
0,93600,1.0706093E-07
0,93610,1.0694853E-07
0,93620,1.0683625E-07
0,93630,1.0672409E-07
0,93640,1.0661204E-07
0,93650,1.0650012E-07
0,93660,1.06388306E-07
0,93670,1.06276616E-07
0,93680,1.0616504E-07
0,93690,1.06053584E-07
0,93700,1.0594224E-07
0,93710,1.0583102E-07
0,93720,1.0571991E-07
0,93730,1.05608926E-07
0,93740,1.05498046E-07
0,93750,1.05387294E-07
0,93760,1.0527665E-07
0,93770,1.0516612E-07
0,93780,1.0505572E-07
0,93790,1.0494542E-07
0,93800,1.04835244E-07
0,93810,1.0472519E-07
0,93820,1.0461524E-07
0,93830,1.0450541E-07
0,93840,1.04395696E-07
0,93850,1.04286094E-07
0,93860,1.0417661E-07
0,93870,1.0406724E-07
0,93880,1.0395799E-07
0,93890,1.0384884E-07
0,93900,1.0373982E-07
0,93910,1.0363091E-07
0,93920,1.0352211E-07
0,93930,1.0341343E-07
0,93940,1.03304856E-07
0,93950,1.03196406E-07
0,93960,1.0308806E-07
0,93970,1.0297984E-07
0,93980,1.02871724E-07
0,93990,1.0276372E-07
0,94000,1.0265583E-07
0,94010,1.02548064E-07
0,94020,1.024404E-07
0,94030,1.02332855E-07
0,94040,1.0222542E-07
0,94050,1.021181E-07
0,94060,1.0201089E-07
0,94070,1.01903794E-07
0,94080,1.01796815E-07
0,94090,1.0168994E-07
0,94100,1.0158318E-07
0,94110,1.0147653E-07
0,94120,1.0137E-07
0,94130,1.0126357E-07
0,94140,1.0115726E-07
0,94150,1.01051064E-07
0,94160,1.0094497E-07
0,94170,1.00838996E-07
0,94180,1.0073313E-07
0,94190,1.00627375E-07
0,94200,1.0052173E-07
0,94210,1.004162E-07
0,94220,1.0031078E-07
0,94230,1.0020547E-07
0,94240,1.00100266E-07
0,94250,9.999518E-08
0,94260,9.9890194E-08
0,94270,9.9785325E-08
0,94280,9.968057E-08
0,94290,9.9575914E-08
0,94300,9.947138E-08
0,94310,9.936694E-08
0,94320,9.926263E-08
0,94330,9.915841E-08
0,94340,9.905431E-08
0,94350,9.895032E-08
0,94360,9.8846435E-08
0,94370,9.874266E-08
0,94380,9.8639E-08
0,94390,9.8535445E-08
0,94400,9.8432E-08
0,94410,9.8328655E-08
0,94420,9.822543E-08
0,94430,9.812231E-08
0,94440,9.801929E-08
0,94450,9.7916384E-08
0,94460,9.781359E-08
0,94470,9.7710895E-08
0,94480,9.7608314E-08
0,94490,9.750584E-08
0,94500,9.740347E-08
0,94510,9.730122E-08
0,94520,9.719906E-08
0,94530,9.709702E-08
0,94540,9.699508E-08
0,94550,9.689325E-08
0,94560,9.679153E-08
0,94570,9.668991E-08
0,94580,9.65884E-08
0,94590,9.6487E-08
0,94600,9.63857E-08
0,94610,9.628451E-08
0,94620,9.618343E-08
0,94630,9.608245E-08
0,94640,9.598158E-08
0,94650,9.588081E-08
0,94660,9.578015E-08
0,94670,9.5679596E-08
0,94680,9.5579146E-08
0,94690,9.54788E-08
0,94700,9.537856E-08
0,94710,9.527843E-08
0,94720,9.51784E-08
0,94730,9.507848E-08
0,94740,9.497866E-08
0,94750,9.487895E-08
0,94760,9.477934E-08
0,94770,9.4679834E-08
0,94780,9.4580436E-08
0,94790,9.448114E-08
0,94800,9.4381946E-08
0,94810,9.428286E-08
0,94820,9.4183875E-08
0,94830,9.4084996E-08
0,94840,9.398622E-08
0,94850,9.388755E-08
0,94860,9.3788984E-08
0,94870,9.369052E-08
0,94880,9.3592156E-08
0,94890,9.34939E-08
0,94900,9.339575E-08
0,94910,9.329769E-08
0,94920,9.3199745E-08
0,94930,9.31019E-08
0,94940,9.3004154E-08
0,94950,9.290652E-08
0,94960,9.2808975E-08
0,94970,9.2711545E-08
0,94980,9.261421E-08
0,94990,9.251698E-08
0,95000,9.2419846E-08
0,95010,9.232282E-08
0,95020,9.2225896E-08
0,95030,9.212907E-08
0,95040,9.203235E-08
0,95050,9.193573E-08
0,95060,9.183921E-08
0,95070,9.17428E-08
0,95080,9.164648E-08
0,95090,9.155026E-08
0,95100,9.145415E-08
0,95110,9.135814E-08
0,95120,9.126222E-08
0,95130,9.116641E-08
0,95140,9.10707E-08
0,95150,9.097509E-08
0,95160,9.087958E-08
0,95170,9.078417E-08
0,95180,9.0688864E-08
0,95190,9.059365E-08
0,95200,9.049854E-08
0,95210,9.040353E-08
0,95220,9.0308625E-08
0,95230,9.021381E-08
0,95240,9.01191E-08
0,95250,9.0024486E-08
0,95260,8.9929976E-08
0,95270,8.983556E-08
0,95280,8.974125E-08
0,95290,8.964703E-08
0,95300,8.955292E-08
0,95310,8.94589E-08
0,95320,8.936498E-08
0,95330,8.927116E-08
0,95340,8.917744E-08
0,95350,8.908382E-08
0,95360,8.899029E-08
0,95370,8.889687E-08
0,95380,8.880354E-08
0,95390,8.871031E-08
0,95400,8.861718E-08
0,95410,8.852414E-08
0,95420,8.84312E-08
0,95430,8.833836E-08
0,95440,8.824562E-08
0,95450,8.815297E-08
0,95460,8.806043E-08
0,95470,8.796798E-08
0,95480,8.787563E-08
0,95490,8.778337E-08
0,95500,8.769121E-08
0,95510,8.759915E-08
0,95520,8.750718E-08
0,95530,8.7415316E-08
0,95540,8.732354E-08
0,95550,8.723186E-08
0,95560,8.714028E-08
0,95570,8.70488E-08
0,95580,8.695741E-08
0,95590,8.6866116E-08
0,95600,8.677492E-08
0,95610,8.668382E-08
0,95620,8.659281E-08
0,95630,8.6501906E-08
0,95640,8.641109E-08
0,95650,8.632037E-08
0,95660,8.622975E-08
0,95670,8.613922E-08
0,95680,8.6048786E-08
0,95690,8.595845E-08
0,95700,8.586821E-08
0,95710,8.5778055E-08
0,95720,8.5688E-08
0,95730,8.559804E-08
0,95740,8.550818E-08
0,95750,8.541841E-08
0,95760,8.532873E-08
0,95770,8.523915E-08
0,95780,8.514966E-08
0,95790,8.5060265E-08
0,95800,8.4970964E-08
0,95810,8.4881755E-08
0,95820,8.4792646E-08
0,95830,8.470362E-08
0,95840,8.46147E-08
0,95850,8.4525865E-08
0,95860,8.4437126E-08
0,95870,8.434848E-08
0,95880,8.425992E-08
0,95890,8.417147E-08
0,95900,8.40831E-08
0,95910,8.399482E-08
0,95920,8.390664E-08
0,95930,8.381855E-08
0,95940,8.3730555E-08
0,95950,8.3642654E-08
0,95960,8.355484E-08
0,95970,8.346712E-08
0,95980,8.337949E-08
0,95990,8.329195E-08
0,96000,8.320451E-08
0,96010,8.311716E-08
0,96020,8.3029896E-08
0,96030,8.294273E-08
0,96040,8.285565E-08
0,96050,8.2768665E-08
0,96060,8.268177E-08
0,96070,8.2594966E-08
0,96080,8.250825E-08
0,96090,8.2421636E-08
0,96100,8.23351E-08
0,96110,8.224866E-08
0,96120,8.2162316E-08
0,96130,8.2076056E-08
0,96140,8.198989E-08
0,96150,8.190381E-08
0,96160,8.1817824E-08
0,96170,8.1731926E-08
0,96180,8.164612E-08
0,96190,8.156041E-08
0,96200,8.147478E-08
0,96210,8.1389246E-08
0,96220,8.1303796E-08
0,96230,8.121844E-08
0,96240,8.113317E-08
0,96250,8.104799E-08
0,96260,8.0962906E-08
0,96270,8.08779E-08
0,96280,8.0792994E-08
0,96290,8.0708176E-08
0,96300,8.0623444E-08
0,96310,8.0538804E-08
0,96320,8.045425E-08
0,96330,8.036978E-08
0,96340,8.028541E-08
0,96350,8.020112E-08
0,96360,8.011692E-08
0,96370,8.003281E-08
0,96380,7.994879E-08
0,96390,7.9864854E-08
0,96400,7.9781E-08
0,96410,7.969725E-08
0,96420,7.961358E-08
0,96430,7.953E-08
0,96440,7.94465E-08
0,96450,7.93631E-08
0,96460,7.927977E-08
0,96470,7.9196546E-08
0,96480,7.91134E-08
0,96490,7.903034E-08
0,96500,7.894737E-08
0,96510,7.886449E-08
0,96520,7.878169E-08
0,96530,7.869898E-08
0,96540,7.861636E-08
0,96550,7.853382E-08
0,96560,7.845138E-08
0,96570,7.836901E-08
0,96580,7.828674E-08
0,96590,7.820455E-08
0,96600,7.812245E-08
0,96610,7.804043E-08
0,96620,7.79585E-08
0,96630,7.7876656E-08
0,96640,7.7794894E-08
0,96650,7.7713224E-08
0,96660,7.763163E-08
0,96670,7.755013E-08
0,96680,7.746872E-08
0,96690,7.7387384E-08
0,96700,7.730614E-08
0,96710,7.722498E-08
0,96720,7.714391E-08
0,96730,7.7062914E-08
0,96740,7.698201E-08
0,96750,7.6901195E-08
0,96760,7.6820456E-08
0,96770,7.673981E-08
0,96780,7.665924E-08
0,96790,7.6578765E-08
0,96800,7.649837E-08
0,96810,7.6418054E-08
0,96820,7.633783E-08
0,96830,7.6257685E-08
0,96840,7.617762E-08
0,96850,7.609765E-08
0,96860,7.6017756E-08
0,96870,7.593795E-08
0,96880,7.5858225E-08
0,96890,7.577859E-08
0,96900,7.569903E-08
0,96910,7.561956E-08
0,96920,7.554017E-08
0,96930,7.546086E-08
0,96940,7.538164E-08
0,96950,7.53025E-08
0,96960,7.522345E-08
0,96970,7.514447E-08
0,96980,7.506558E-08
0,96990,7.498677E-08
0,97000,7.4908044E-08
0,97010,7.482941E-08
0,97020,7.4750844E-08
0,97030,7.467237E-08
0,97040,7.459398E-08
0,97050,7.451566E-08
0,97060,7.443743E-08
0,97070,7.4359285E-08
0,97080,7.428122E-08
0,97090,7.4203236E-08
0,97100,7.412533E-08
0,97110,7.404751E-08
0,97120,7.396977E-08
0,97130,7.389211E-08
0,97140,7.381454E-08
0,97150,7.373704E-08
0,97160,7.365963E-08
0,97170,7.35823E-08
0,97180,7.350505E-08
0,97190,7.342788E-08
0,97200,7.335079E-08
0,97210,7.327378E-08
0,97220,7.319686E-08
0,97230,7.312001E-08
0,97240,7.3043246E-08
0,97250,7.2966564E-08
0,97260,7.288996E-08
0,97270,7.2813435E-08
0,97280,7.273699E-08
0,97290,7.2660626E-08
0,97300,7.258434E-08
0,97310,7.250814E-08
0,97320,7.243202E-08
0,97330,7.235598E-08
0,97340,7.228002E-08
0,97350,7.220413E-08
0,97360,7.212833E-08
0,97370,7.20526E-08
0,97380,7.1976956E-08
0,97390,7.19014E-08
0,97400,7.182591E-08
0,97410,7.17505E-08
0,97420,7.1675174E-08
0,97430,7.159993E-08
0,97440,7.152476E-08
0,97450,7.144967E-08
0,97460,7.137466E-08
0,97470,7.129972E-08
0,97480,7.122487E-08
0,97490,7.115009E-08
0,97500,7.10754E-08
0,97510,7.100078E-08
0,97520,7.0926234E-08
0,97530,7.0851776E-08
0,97540,7.077739E-08
0,97550,7.070309E-08
0,97560,7.062886E-08
0,97570,7.0554705E-08
0,97580,7.048064E-08
0,97590,7.040664E-08
0,97600,7.0332725E-08
0,97610,7.0258885E-08
0,97620,7.018512E-08
0,97630,7.011144E-08
0,97640,7.0037835E-08
0,97650,6.996431E-08
0,97660,6.989085E-08
0,97670,6.981748E-08
0,97680,6.974418E-08
0,97690,6.967096E-08
0,97700,6.959782E-08
0,97710,6.9524745E-08
0,97720,6.945176E-08
0,97730,6.937884E-08
0,97740,6.9306004E-08
0,97750,6.9233245E-08
0,97760,6.916056E-08
0,97770,6.908795E-08
0,97780,6.901542E-08
0,97790,6.894297E-08
0,97800,6.8870584E-08
0,97810,6.879828E-08
0,97820,6.872605E-08
0,97830,6.8653904E-08
0,97840,6.8581826E-08
0,97850,6.850982E-08
0,97860,6.84379E-08
0,97870,6.836605E-08
0,97880,6.829428E-08
0,97890,6.8222576E-08
0,97900,6.815095E-08
0,97910,6.80794E-08
0,97920,6.800793E-08
0,97930,6.793653E-08
0,97940,6.786521E-08
0,97950,6.779396E-08
0,97960,6.772279E-08
0,97970,6.765169E-08
0,97980,6.7580665E-08
0,97990,6.750972E-08
0,98000,6.743884E-08
0,98010,6.736804E-08
0,98020,6.7297314E-08
0,98030,6.722666E-08
0,98040,6.715608E-08
0,98050,6.708558E-08
0,98060,6.701515E-08
0,98070,6.694479E-08
0,98080,6.687451E-08
0,98090,6.6804304E-08
0,98100,6.673417E-08
0,98110,6.666411E-08
0,98120,6.659412E-08
0,98130,6.652421E-08
0,98140,6.645436E-08
0,98150,6.63846E-08
0,98160,6.6314904E-08
0,98170,6.6245285E-08
0,98180,6.617574E-08
0,98190,6.610626E-08
0,98200,6.603686E-08
0,98210,6.5967534E-08
0,98220,6.589828E-08
0,98230,6.582909E-08
0,98240,6.5759984E-08
0,98250,6.569094E-08
0,98260,6.5621975E-08
0,98270,6.555308E-08
0,98280,6.5484265E-08
0,98290,6.541551E-08
0,98300,6.534684E-08
0,98310,6.5278236E-08
0,98320,6.52097E-08
0,98330,6.514124E-08
0,98340,6.5072854E-08
0,98350,6.5004535E-08
0,98360,6.493629E-08
0,98370,6.486812E-08
0,98380,6.480001E-08
0,98390,6.4731985E-08
0,98400,6.466403E-08
0,98410,6.4596136E-08
0,98420,6.452832E-08
0,98430,6.446058E-08
0,98440,6.43929E-08
0,98450,6.43253E-08
0,98460,6.425777E-08
0,98470,6.419031E-08
0,98480,6.4122915E-08
0,98490,6.40556E-08
0,98500,6.3988345E-08
0,98510,6.392117E-08
0,98520,6.385406E-08
0,98530,6.378703E-08
0,98540,6.372006E-08
0,98550,6.365316E-08
0,98560,6.3586334E-08
0,98570,6.351958E-08
0,98580,6.3452894E-08
0,98590,6.3386274E-08
0,98600,6.331973E-08
0,98610,6.325325E-08
0,98620,6.3186846E-08
0,98630,6.312051E-08
0,98640,6.3054244E-08
0,98650,6.298805E-08
0,98660,6.292192E-08
0,98670,6.285586E-08
0,98680,6.278987E-08
0,98690,6.272395E-08
0,98700,6.26581E-08
0,98710,6.259232E-08
0,98720,6.25266E-08
0,98730,6.246096E-08
0,98740,6.239539E-08
0,98750,6.232988E-08
0,98760,6.226445E-08
0,98770,6.219908E-08
0,98780,6.213378E-08
0,98790,6.2068544E-08
0,98800,6.200338E-08
0,98810,6.193829E-08
0,98820,6.1873266E-08
0,98830,6.180831E-08
0,98840,6.1743414E-08
0,98850,6.167859E-08
0,98860,6.161384E-08
0,98870,6.154915E-08
0,98880,6.1484535E-08
0,98890,6.141999E-08
0,98900,6.135551E-08
0,98910,6.129109E-08
0,98920,6.122674E-08
0,98930,6.116247E-08
0,98940,6.1098255E-08
0,98950,6.1034115E-08
0,98960,6.097004E-08
0,98970,6.0906025E-08
0,98980,6.084208E-08
0,98990,6.0778206E-08
0,99000,6.07144E-08
0,99010,6.0650656E-08
0,99020,6.0586984E-08
0,99030,6.052338E-08
0,99040,6.045983E-08
0,99050,6.039636E-08
0,99060,6.033296E-08
0,99070,6.026961E-08
0,99080,6.020634E-08
0,99090,6.014313E-08
0,99100,6.007999E-08
0,99110,6.0016916E-08
0,99120,5.9953905E-08
0,99130,5.9890965E-08
0,99140,5.982809E-08
0,99150,5.976528E-08
0,99160,5.9702536E-08
0,99170,5.963985E-08
0,99180,5.9577243E-08
0,99190,5.9514694E-08
0,99200,5.9452212E-08
0,99210,5.9389798E-08
0,99220,5.9327448E-08
0,99230,5.926516E-08
0,99240,5.9202943E-08
0,99250,5.914079E-08
0,99260,5.9078697E-08
0,99270,5.9016674E-08
0,99280,5.8954715E-08
0,99290,5.8892823E-08
0,99300,5.8830995E-08
0,99310,5.876923E-08
0,99320,5.870753E-08
0,99330,5.86459E-08
0,99340,5.8584327E-08
0,99350,5.8522822E-08
0,99360,5.846138E-08
0,99370,5.840001E-08
0,99380,5.8338696E-08
0,99390,5.827745E-08
0,99400,5.8216266E-08
0,99410,5.815515E-08
0,99420,5.8094095E-08
0,99430,5.8033105E-08
0,99440,5.7972176E-08
0,99450,5.7911315E-08
0,99460,5.7850517E-08
0,99470,5.7789784E-08
0,99480,5.7729114E-08
0,99490,5.7668505E-08
0,99500,5.7607963E-08
0,99510,5.754748E-08
0,99520,5.7487064E-08
0,99530,5.7426714E-08
0,99540,5.7366424E-08
0,99550,5.73062E-08
0,99560,5.7246034E-08
0,99570,5.7185936E-08
0,99580,5.71259E-08
0,99590,5.7065925E-08
0,99600,5.7006012E-08
0,99610,5.6946167E-08
0,99620,5.6886382E-08
0,99630,5.6826657E-08
0,99640,5.6767E-08
0,99650,5.6707403E-08
0,99660,5.6647867E-08
0,99670,5.6588398E-08
0,99680,5.6528986E-08
0,99690,5.6469638E-08
0,99700,5.6410354E-08
0,99710,5.6351134E-08
0,99720,5.6291974E-08
0,99730,5.6232874E-08
0,99740,5.617384E-08
0,99750,5.6114864E-08
0,99760,5.6055953E-08
0,99770,5.5997102E-08
0,99780,5.593831E-08
0,99790,5.5879585E-08
0,99800,5.582092E-08
0,99810,5.5762317E-08
0,99820,5.5703776E-08
0,99830,5.5645295E-08
0,99840,5.5586874E-08
0,99850,5.5528517E-08
0,99860,5.547022E-08
0,99870,5.5411984E-08
0,99880,5.535381E-08
0,99890,5.5295697E-08
0,99900,5.5237646E-08
0,99910,5.5179655E-08
0,99920,5.5121724E-08
0,99930,5.5063854E-08
0,99940,5.5006044E-08
0,99950,5.49483E-08
0,99960,5.489061E-08
0,99970,5.4832984E-08
0,99980,5.4775416E-08
0,99990,5.471791E-08
0,100000,5.4660465E-08
0,100010,5.4603078E-08
0,100020,5.4545755E-08
0,100030,5.448849E-08
0,100040,5.4431283E-08
0,100050,5.437414E-08
0,100060,5.4317056E-08
0,100070,5.426003E-08
0,100080,5.4203067E-08
0,100090,5.414616E-08
0,100100,5.4089316E-08
0,100110,5.403253E-08
0,100120,5.3975803E-08
0,100130,5.3919138E-08
0,100140,5.386253E-08
0,100150,5.3805984E-08
0,100160,5.3749492E-08
0,100170,5.3693064E-08
0,100180,5.3636693E-08
0,100190,5.3580383E-08
0,100200,5.3524133E-08
0,100210,5.346794E-08
0,100220,5.3411807E-08
0,100230,5.3355734E-08
0,100240,5.329972E-08
0,100250,5.324376E-08
0,100260,5.318786E-08
0,100270,5.3132023E-08
0,100280,5.3076242E-08
0,100290,5.302052E-08
0,100300,5.2964857E-08
0,100310,5.290925E-08
0,100320,5.2853704E-08
0,100330,5.2798217E-08
0,100340,5.2742784E-08
0,100350,5.2687415E-08
0,100360,5.26321E-08
0,100370,5.2576844E-08
0,100380,5.2521646E-08
0,100390,5.2466508E-08
0,100400,5.2411423E-08
0,100410,5.23564E-08
0,100420,5.2301434E-08
0,100430,5.2246524E-08
0,100440,5.2191673E-08
0,100450,5.213688E-08
0,100460,5.2082143E-08
0,100470,5.2027467E-08
0,100480,5.1972844E-08
0,100490,5.191828E-08
0,100500,5.1863775E-08
0,100510,5.1809327E-08
0,100520,5.1754935E-08
0,100530,5.17006E-08
0,100540,5.164632E-08
0,100550,5.15921E-08
0,100560,5.1537935E-08
0,100570,5.148383E-08
0,100580,5.142978E-08
0,100590,5.1375785E-08
0,100600,5.1321848E-08
0,100610,5.1267968E-08
0,100620,5.1214144E-08
0,100630,5.1160377E-08
0,100640,5.1106667E-08
0,100650,5.105301E-08
0,100660,5.0999414E-08
0,100670,5.094587E-08
0,100680,5.0892385E-08
0,100690,5.0838956E-08
0,100700,5.0785584E-08
0,100710,5.0732265E-08
0,100720,5.0679006E-08
0,100730,5.06258E-08
0,100740,5.057265E-08
0,100750,5.0519557E-08
0,100760,5.0466518E-08
0,100770,5.0413536E-08
0,100780,5.0360608E-08
0,100790,5.0307737E-08
0,100800,5.0254922E-08
0,100810,5.0202164E-08
0,100820,5.0149456E-08
0,100830,5.009681E-08
0,100840,5.0044214E-08
0,100850,4.9991673E-08
0,100860,4.9939192E-08
0,100870,4.988676E-08
0,100880,4.9834387E-08
0,100890,4.978207E-08
0,100900,4.9729806E-08
0,100910,4.96776E-08
0,100920,4.9625445E-08
0,100930,4.9573345E-08
0,100940,4.95213E-08
0,100950,4.946931E-08
0,100960,4.9417373E-08
0,100970,4.9365493E-08
0,100980,4.9313666E-08
0,100990,4.9261896E-08
0,101000,4.9210175E-08
0,101010,4.9158512E-08
0,101020,4.9106905E-08
0,101030,4.905535E-08
0,101040,4.9003848E-08
0,101050,4.89524E-08
0,101060,4.890101E-08
0,101070,4.884967E-08
0,101080,4.8798384E-08
0,101090,4.8747154E-08
0,101100,4.8695977E-08
0,101110,4.8644853E-08
0,101120,4.8593783E-08
0,101130,4.8542766E-08
0,101140,4.8491806E-08
0,101150,4.8440896E-08
0,101160,4.8390042E-08
0,101170,4.833924E-08
0,101180,4.8288488E-08
0,101190,4.8237794E-08
0,101200,4.818715E-08
0,101210,4.8136563E-08
0,101220,4.8086026E-08
0,101230,4.803554E-08
0,101240,4.798511E-08
0,101250,4.7934734E-08
0,101260,4.788441E-08
0,101270,4.783414E-08
0,101280,4.778392E-08
0,101290,4.7733757E-08
0,101300,4.7683642E-08
0,101310,4.763358E-08
0,101320,4.7583573E-08
0,101330,4.7533618E-08
0,101340,4.7483713E-08
0,101350,4.7433865E-08
0,101360,4.7384063E-08
0,101370,4.7334318E-08
0,101380,4.7284622E-08
0,101390,4.7234984E-08
0,101400,4.718539E-08
0,101410,4.7135856E-08
0,101420,4.708637E-08
0,101430,4.7036934E-08
0,101440,4.6987555E-08
0,101450,4.6938222E-08
0,101460,4.6888946E-08
0,101470,4.683972E-08
0,101480,4.6790547E-08
0,101490,4.6741423E-08
0,101500,4.669235E-08
0,101510,4.664333E-08
0,101520,4.6594362E-08
0,101530,4.6545445E-08
0,101540,4.6496577E-08
0,101550,4.6447763E-08
0,101560,4.6399002E-08
0,101570,4.635029E-08
0,101580,4.630163E-08
0,101590,4.6253017E-08
0,101600,4.620446E-08
0,101610,4.615595E-08
0,101620,4.6107495E-08
0,101630,4.605909E-08
0,101640,4.6010733E-08
0,101650,4.596243E-08
0,101660,4.5914177E-08
0,101670,4.5865974E-08
0,101680,4.581782E-08
0,101690,4.5769717E-08
0,101700,4.5721666E-08
0,101710,4.5673666E-08
0,101720,4.5625715E-08
0,101730,4.5577814E-08
0,101740,4.5529966E-08
0,101750,4.5482167E-08
0,101760,4.5434415E-08
0,101770,4.5386717E-08
0,101780,4.5339068E-08
0,101790,4.529147E-08
0,101800,4.524392E-08
0,101810,4.519642E-08
0,101820,4.514897E-08
0,101830,4.5101572E-08
0,101840,4.505422E-08
0,101850,4.500692E-08
0,101860,4.495967E-08
0,101870,4.491247E-08
0,101880,4.4865317E-08
0,101890,4.4818215E-08
0,101900,4.4771163E-08
0,101910,4.472416E-08
0,101920,4.4677208E-08
0,101930,4.46303E-08
0,101940,4.4583448E-08
0,101950,4.453664E-08
0,101960,4.4489884E-08
0,101970,4.4443176E-08
0,101980,4.439652E-08
0,101990,4.4349907E-08
0,102000,4.430335E-08
0,102010,4.4256836E-08
0,102020,4.4210374E-08
0,102030,4.4163958E-08
0,102040,4.411759E-08
0,102050,4.4071275E-08
0,102060,4.4025008E-08
0,102070,4.3978787E-08
0,102080,4.3932616E-08
0,102090,4.3886494E-08
0,102100,4.384042E-08
0,102110,4.3794394E-08
0,102120,4.3748415E-08
0,102130,4.370249E-08
0,102140,4.3656605E-08
0,102150,4.3610772E-08
0,102160,4.3564988E-08
0,102170,4.351925E-08
0,102180,4.3473563E-08
0,102190,4.342792E-08
0,102200,4.338233E-08
0,102210,4.3336783E-08
0,102220,4.3291287E-08
0,102230,4.3245837E-08
0,102240,4.3200437E-08
0,102250,4.3155083E-08
0,102260,4.3109775E-08
0,102270,4.3064517E-08
0,102280,4.3019305E-08
0,102290,4.297414E-08
0,102300,4.2929024E-08
0,102310,4.2883958E-08
0,102320,4.2838934E-08
0,102330,4.279396E-08
0,102340,4.2749033E-08
0,102350,4.270415E-08
0,102360,4.265932E-08
0,102370,4.2614534E-08
0,102380,4.2569795E-08
0,102390,4.25251E-08
0,102400,4.248046E-08
0,102410,4.2435857E-08
0,102420,4.2391306E-08
0,102430,4.2346805E-08
0,102440,4.2302347E-08
0,102450,4.2257934E-08
0,102460,4.221357E-08
0,102470,4.216925E-08
0,102480,4.212498E-08
0,102490,4.2080757E-08
0,102500,4.203658E-08
0,102510,4.1992443E-08
0,102520,4.1948358E-08
0,102530,4.190432E-08
0,102540,4.1860325E-08
0,102550,4.181638E-08
0,102560,4.1772477E-08
0,102570,4.1728622E-08
0,102580,4.1684814E-08
0,102590,4.164105E-08
0,102600,4.1597335E-08
0,102610,4.1553665E-08
0,102620,4.1510038E-08
0,102630,4.146646E-08
0,102640,4.1422926E-08
0,102650,4.1379437E-08
0,102660,4.1335994E-08
0,102670,4.1292598E-08
0,102680,4.1249248E-08
0,102690,4.1205944E-08
0,102700,4.1162682E-08
0,102710,4.1119467E-08
0,102720,4.1076298E-08
0,102730,4.1033175E-08
0,102740,4.0990095E-08
0,102750,4.094706E-08
0,102760,4.0904073E-08
0,102770,4.086113E-08
0,102780,4.0818232E-08
0,102790,4.077538E-08
0,102800,4.0732573E-08
0,102810,4.068981E-08
0,102820,4.064709E-08
0,102830,4.0604416E-08
0,102840,4.0561787E-08
0,102850,4.0519204E-08
0,102860,4.0476664E-08
0,102870,4.043417E-08
0,102880,4.0391722E-08
0,102890,4.0349317E-08
0,102900,4.0306954E-08
0,102910,4.0264638E-08
0,102920,4.0222368E-08
0,102930,4.018014E-08
0,102940,4.0137955E-08
0,102950,4.0095816E-08
0,102960,4.0053724E-08
0,102970,4.0011674E-08
0,102980,3.9969667E-08
0,102990,3.9927706E-08
0,103000,3.9885787E-08
0,103010,3.984391E-08
0,103020,3.980208E-08
0,103030,3.9760295E-08
0,103040,3.9718554E-08
0,103050,3.9676856E-08
0,103060,3.96352E-08
0,103070,3.9593587E-08
0,103080,3.955202E-08
0,103090,3.9510496E-08
0,103100,3.946902E-08
0,103110,3.942758E-08
0,103120,3.9386187E-08
0,103130,3.9344837E-08
0,103140,3.9303533E-08
0,103150,3.9262268E-08
0,103160,3.922105E-08
0,103170,3.9179874E-08
0,103180,3.913874E-08
0,103190,3.909765E-08
0,103200,3.9056605E-08
0,103210,3.90156E-08
0,103220,3.897464E-08
0,103230,3.893372E-08
0,103240,3.8892846E-08
0,103250,3.8852015E-08
0,103260,3.8811226E-08
0,103270,3.877048E-08
0,103280,3.8729777E-08
0,103290,3.8689116E-08
0,103300,3.8648498E-08
0,103310,3.8607926E-08
0,103320,3.8567393E-08
0,103330,3.8526903E-08
0,103340,3.8486455E-08
0,103350,3.844605E-08
0,103360,3.8405688E-08
0,103370,3.8365368E-08
0,103380,3.8325087E-08
0,103390,3.8284853E-08
0,103400,3.824466E-08
0,103410,3.8204508E-08
0,103420,3.8164398E-08
0,103430,3.812433E-08
0,103440,3.808431E-08
0,103450,3.8044323E-08
0,103460,3.8004384E-08
0,103470,3.7964483E-08
0,103480,3.792463E-08
0,103490,3.7884814E-08
0,103500,3.784504E-08
0,103510,3.7805307E-08
0,103520,3.7765616E-08
0,103530,3.7725968E-08
0,103540,3.7686362E-08
0,103550,3.7646796E-08
0,103560,3.7607276E-08
0,103570,3.756779E-08
0,103580,3.7528352E-08
0,103590,3.7488952E-08
0,103600,3.7449595E-08
0,103610,3.7410278E-08
0,103620,3.7371002E-08
0,103630,3.733177E-08
0,103640,3.7292576E-08
0,103650,3.7253425E-08
0,103660,3.7214313E-08
0,103670,3.7175244E-08
0,103680,3.7136218E-08
0,103690,3.709723E-08
0,103700,3.7058282E-08
0,103710,3.7019376E-08
0,103720,3.6980513E-08
0,103730,3.694169E-08
0,103740,3.6902904E-08
0,103750,3.686416E-08
0,103760,3.682546E-08
0,103770,3.6786798E-08
0,103780,3.6748176E-08
0,103790,3.6709597E-08
0,103800,3.6671057E-08
0,103810,3.663256E-08
0,103820,3.6594102E-08
0,103830,3.6555683E-08
0,103840,3.6517303E-08
0,103850,3.6478966E-08
0,103860,3.6440667E-08
0,103870,3.640241E-08
0,103880,3.6364195E-08
0,103890,3.6326018E-08
0,103900,3.628788E-08
0,103910,3.6249784E-08
0,103920,3.6211727E-08
0,103930,3.617371E-08
0,103940,3.6135734E-08
0,103950,3.6097795E-08
0,103960,3.6059898E-08
0,103970,3.602204E-08
0,103980,3.5984222E-08
0,103990,3.5946446E-08
0,104000,3.5908705E-08
0,104010,3.5871007E-08
0,104020,3.583335E-08
0,104030,3.579573E-08
0,104040,3.575815E-08
0,104050,3.5720607E-08
0,104060,3.5683108E-08
0,104070,3.5645645E-08
0,104080,3.5608224E-08
0,104090,3.557084E-08
0,104100,3.5533496E-08
0,104110,3.549619E-08
0,104120,3.5458925E-08
0,104130,3.54217E-08
0,104140,3.538451E-08
0,104150,3.5347362E-08
0,104160,3.5310254E-08
0,104170,3.527318E-08
0,104180,3.523615E-08
0,104190,3.5199157E-08
0,104200,3.5162202E-08
0,104210,3.512529E-08
0,104220,3.5088412E-08
0,104230,3.5051574E-08
0,104240,3.5014775E-08
0,104250,3.4978015E-08
0,104260,3.4941294E-08
0,104270,3.490461E-08
0,104280,3.4867966E-08
0,104290,3.483136E-08
0,104300,3.479479E-08
0,104310,3.4758262E-08
0,104320,3.4721772E-08
0,104330,3.4685318E-08
0,104340,3.4648906E-08
0,104350,3.461253E-08
0,104360,3.4576193E-08
0,104370,3.453989E-08
0,104380,3.450363E-08
0,104390,3.4467405E-08
0,104400,3.443122E-08
0,104410,3.439507E-08
0,104420,3.4358962E-08
0,104430,3.432289E-08
0,104440,3.4286856E-08
0,104450,3.425086E-08
0,104460,3.4214903E-08
0,104470,3.417898E-08
0,104480,3.41431E-08
0,104490,3.4107252E-08
0,104500,3.4071448E-08
0,104510,3.4035676E-08
0,104520,3.3999946E-08
0,104530,3.396425E-08
0,104540,3.3928593E-08
0,104550,3.389297E-08
0,104560,3.385739E-08
0,104570,3.3821845E-08
0,104580,3.3786336E-08
0,104590,3.3750865E-08
0,104600,3.3715434E-08
0,104610,3.3680035E-08
0,104620,3.3644678E-08
0,104630,3.3609354E-08
0,104640,3.357407E-08
0,104650,3.353882E-08
0,104660,3.350361E-08
0,104670,3.346844E-08
0,104680,3.3433302E-08
0,104690,3.33982E-08
0,104700,3.336314E-08
0,104710,3.3328114E-08
0,104720,3.3293123E-08
0,104730,3.3258168E-08
0,104740,3.322325E-08
0,104750,3.3188375E-08
0,104760,3.315353E-08
0,104770,3.3118724E-08
0,104780,3.3083957E-08
0,104790,3.3049222E-08
0,104800,3.3014526E-08
0,104810,3.2979866E-08
0,104820,3.294524E-08
0,104830,3.2910652E-08
0,104840,3.2876102E-08
0,104850,3.2841587E-08
0,104860,3.2807108E-08
0,104870,3.2772665E-08
0,104880,3.273826E-08
0,104890,3.2703888E-08
0,104900,3.2669554E-08
0,104910,3.2635256E-08
0,104920,3.2600994E-08
0,104930,3.2566767E-08
0,104940,3.253258E-08
0,104950,3.2498424E-08
0,104960,3.2464307E-08
0,104970,3.2430222E-08
0,104980,3.2396176E-08
0,104990,3.2362163E-08
0,105000,3.2328188E-08
0,105010,3.229425E-08
0,105020,3.2260346E-08
0,105030,3.2226477E-08
0,105040,3.2192645E-08
0,105050,3.2158844E-08
0,105060,3.2125083E-08
0,105070,3.2091357E-08
0,105080,3.2057667E-08
0,105090,3.2024012E-08
0,105100,3.199039E-08
0,105110,3.1956805E-08
0,105120,3.1923257E-08
0,105130,3.188974E-08
0,105140,3.185626E-08
0,105150,3.1822818E-08
0,105160,3.178941E-08
0,105170,3.1756034E-08
0,105180,3.1722696E-08
0,105190,3.168939E-08
0,105200,3.165612E-08
0,105210,3.1622886E-08
0,105220,3.158969E-08
0,105230,3.1556525E-08
0,105240,3.1523392E-08
0,105250,3.14903E-08
0,105260,3.145724E-08
0,105270,3.1424214E-08
0,105280,3.1391224E-08
0,105290,3.1358265E-08
0,105300,3.1325346E-08
0,105310,3.129246E-08
0,105320,3.1259606E-08
0,105330,3.1226786E-08
0,105340,3.1194006E-08
0,105350,3.1161257E-08
0,105360,3.112854E-08
0,105370,3.1095862E-08
0,105380,3.1063212E-08
0,105390,3.1030602E-08
0,105400,3.0998024E-08
0,105410,3.096548E-08
0,105420,3.0932974E-08
0,105430,3.0900498E-08
0,105440,3.0868055E-08
0,105450,3.083565E-08
0,105460,3.0803278E-08
0,105470,3.0770938E-08
0,105480,3.0738633E-08
0,105490,3.0706364E-08
0,105500,3.0674126E-08
0,105510,3.064192E-08
0,105520,3.060975E-08
0,105530,3.0577617E-08
0,105540,3.0545515E-08
0,105550,3.0513448E-08
0,105560,3.0481413E-08
0,105570,3.044941E-08
0,105580,3.0417443E-08
0,105590,3.038551E-08
0,105600,3.035361E-08
0,105610,3.0321743E-08
0,105620,3.028991E-08
0,105630,3.025811E-08
0,105640,3.0226342E-08
0,105650,3.019461E-08
0,105660,3.016291E-08
0,105670,3.0131243E-08
0,105680,3.009961E-08
0,105690,3.006801E-08
0,105700,3.0036443E-08
0,105710,3.000491E-08
0,105720,2.997341E-08
0,105730,2.994194E-08
0,105740,2.9910506E-08
0,105750,2.9879104E-08
0,105760,2.9847737E-08
0,105770,2.9816402E-08
0,105780,2.9785099E-08
0,105790,2.9753828E-08
0,105800,2.972259E-08
0,105810,2.9691387E-08
0,105820,2.9660216E-08
0,105830,2.9629076E-08
0,105840,2.959797E-08
0,105850,2.9566896E-08
0,105860,2.9535856E-08
0,105870,2.9504848E-08
0,105880,2.9473872E-08
0,105890,2.9442928E-08
0,105900,2.9412018E-08
0,105910,2.9381141E-08
0,105920,2.9350295E-08
0,105930,2.931948E-08
0,105940,2.92887E-08
0,105950,2.925795E-08
0,105960,2.9227234E-08
0,105970,2.9196551E-08
0,105980,2.9165898E-08
0,105990,2.9135279E-08
0,106000,2.910469E-08
0,106010,2.9074135E-08
0,106020,2.9043612E-08
0,106030,2.901312E-08
0,106040,2.8982662E-08
0,106050,2.8952233E-08
0,106060,2.8921837E-08
0,106070,2.8891474E-08
0,106080,2.8861143E-08
0,106090,2.8830843E-08
0,106100,2.8800574E-08
0,106110,2.8770337E-08
0,106120,2.8740134E-08
0,106130,2.870996E-08
0,106140,2.867982E-08
0,106150,2.864971E-08
0,106160,2.8619633E-08
0,106170,2.8589586E-08
0,106180,2.855957E-08
0,106190,2.8529588E-08
0,106200,2.8499636E-08
0,106210,2.8469715E-08
0,106220,2.8439826E-08
0,106230,2.840997E-08
0,106240,2.8380143E-08
0,106250,2.8350348E-08
0,106260,2.8320585E-08
0,106270,2.8290852E-08
0,106280,2.826115E-08
0,106290,2.8231481E-08
0,106300,2.820184E-08
0,106310,2.8172234E-08
0,106320,2.8142658E-08
0,106330,2.8113112E-08
0,106340,2.8083598E-08
0,106350,2.8054114E-08
0,106360,2.8024662E-08
0,106370,2.799524E-08
0,106380,2.7965848E-08
0,106390,2.7936489E-08
0,106400,2.790716E-08
0,106410,2.7877862E-08
0,106420,2.7848593E-08
0,106430,2.7819356E-08
0,106440,2.779015E-08
0,106450,2.7760976E-08
0,106460,2.773183E-08
0,106470,2.7702717E-08
0,106480,2.7673632E-08
0,106490,2.7644578E-08
0,106500,2.7615556E-08
0,106510,2.7586564E-08
0,106520,2.7557602E-08
0,106530,2.7528671E-08
0,106540,2.749977E-08
0,106550,2.7470898E-08
0,106560,2.744206E-08
0,106570,2.7413249E-08
0,106580,2.738447E-08
0,106590,2.735572E-08
0,106600,2.7327E-08
0,106610,2.7298311E-08
0,106620,2.7269651E-08
0,106630,2.7241022E-08
0,106640,2.7212424E-08
0,106650,2.7183855E-08
0,106660,2.7155316E-08
0,106670,2.7126806E-08
0,106680,2.7098327E-08
0,106690,2.7069879E-08
0,106700,2.7041459E-08
0,106710,2.701307E-08
0,106720,2.698471E-08
0,106730,2.695638E-08
0,106740,2.692808E-08
0,106750,2.6899809E-08
0,106760,2.6871568E-08
0,106770,2.6843358E-08
0,106780,2.6815176E-08
0,106790,2.6787024E-08
0,106800,2.67589E-08
0,106810,2.673081E-08
0,106820,2.6702745E-08
0,106830,2.667471E-08
0,106840,2.6646706E-08
0,106850,2.6618732E-08
0,106860,2.6590786E-08
0,106870,2.656287E-08
0,106880,2.6534982E-08
0,106890,2.6507125E-08
0,106900,2.6479297E-08
0,106910,2.6451497E-08
0,106920,2.6423727E-08
0,106930,2.6395986E-08
0,106940,2.6368275E-08
0,106950,2.6340592E-08
0,106960,2.6312938E-08
0,106970,2.6285313E-08
0,106980,2.6257718E-08
0,106990,2.623015E-08
0,107000,2.6202613E-08
0,107010,2.6175105E-08
0,107020,2.6147625E-08
0,107030,2.6120173E-08
0,107040,2.6092751E-08
0,107050,2.6065358E-08
0,107060,2.6037993E-08
0,107070,2.6010657E-08
0,107080,2.5983349E-08
0,107090,2.5956071E-08
0,107100,2.592882E-08
0,107110,2.5901599E-08
0,107120,2.5874407E-08
0,107130,2.5847243E-08
0,107140,2.5820107E-08
0,107150,2.5793E-08
0,107160,2.5765921E-08
0,107170,2.573887E-08
0,107180,2.5711849E-08
0,107190,2.5684855E-08
0,107200,2.5657888E-08
0,107210,2.5630952E-08
0,107220,2.5604043E-08
0,107230,2.5577163E-08
0,107240,2.555031E-08
0,107250,2.5523487E-08
0,107260,2.5496691E-08
0,107270,2.5469923E-08
0,107280,2.5443184E-08
0,107290,2.5416472E-08
0,107300,2.5389788E-08
0,107310,2.5363134E-08
0,107320,2.5336506E-08
0,107330,2.5309905E-08
0,107340,2.5283335E-08
0,107350,2.525679E-08
0,107360,2.5230275E-08
0,107370,2.5203788E-08
0,107380,2.5177327E-08
0,107390,2.5150895E-08
0,107400,2.512449E-08
0,107410,2.5098112E-08
0,107420,2.5071763E-08
0,107430,2.5045441E-08
0,107440,2.5019148E-08
0,107450,2.499288E-08
0,107460,2.4966642E-08
0,107470,2.4940432E-08
0,107480,2.4914248E-08
0,107490,2.4888092E-08
0,107500,2.4861963E-08
0,107510,2.4835861E-08
0,107520,2.4809788E-08
0,107530,2.4783741E-08
0,107540,2.4757721E-08
0,107550,2.473173E-08
0,107560,2.4705765E-08
0,107570,2.4679828E-08
0,107580,2.4653918E-08
0,107590,2.4628035E-08
0,107600,2.4602178E-08
0,107610,2.457635E-08
0,107620,2.4550548E-08
0,107630,2.4524773E-08
0,107640,2.4499027E-08
0,107650,2.4473307E-08
0,107660,2.4447614E-08
0,107670,2.4421947E-08
0,107680,2.4396307E-08
0,107690,2.4370696E-08
0,107700,2.4345109E-08
0,107710,2.431955E-08
0,107720,2.429402E-08
0,107730,2.4268514E-08
0,107740,2.4243036E-08
0,107750,2.4217584E-08
0,107760,2.419216E-08
0,107770,2.4166761E-08
0,107780,2.414139E-08
0,107790,2.4116044E-08
0,107800,2.4090726E-08
0,107810,2.4065434E-08
0,107820,2.4040169E-08
0,107830,2.401493E-08
0,107840,2.3989719E-08
0,107850,2.3964533E-08
0,107860,2.3939373E-08
0,107870,2.3914241E-08
0,107880,2.3889134E-08
0,107890,2.3864056E-08
0,107900,2.3839002E-08
0,107910,2.3813973E-08
0,107920,2.3788973E-08
0,107930,2.3763997E-08
0,107940,2.373905E-08
0,107950,2.3714128E-08
0,107960,2.368923E-08
0,107970,2.366436E-08
0,107980,2.3639515E-08
0,107990,2.3614698E-08
0,108000,2.3589907E-08
0,108010,2.3565141E-08
0,108020,2.35404E-08
0,108030,2.3515687E-08
0,108040,2.3490998E-08
0,108050,2.3466336E-08
0,108060,2.34417E-08
0,108070,2.341709E-08
0,108080,2.3392506E-08
0,108090,2.3367948E-08
0,108100,2.3343414E-08
0,108110,2.3318908E-08
0,108120,2.3294426E-08
0,108130,2.326997E-08
0,108140,2.324554E-08
0,108150,2.3221135E-08
0,108160,2.3196757E-08
0,108170,2.3172404E-08
0,108180,2.3148075E-08
0,108190,2.3123775E-08
0,108200,2.3099497E-08
0,108210,2.3075247E-08
0,108220,2.305102E-08
0,108230,2.3026821E-08
0,108240,2.3002647E-08
0,108250,2.2978497E-08
0,108260,2.2954373E-08
0,108270,2.2930275E-08
0,108280,2.2906201E-08
0,108290,2.2882153E-08
0,108300,2.285813E-08
0,108310,2.2834133E-08
0,108320,2.2810159E-08
0,108330,2.2786212E-08
0,108340,2.276229E-08
0,108350,2.2738394E-08
0,108360,2.2714522E-08
0,108370,2.2690674E-08
0,108380,2.2666853E-08
0,108390,2.2643055E-08
0,108400,2.2619284E-08
0,108410,2.2595538E-08
0,108420,2.2571815E-08
0,108430,2.2548118E-08
0,108440,2.2524446E-08
0,108450,2.25008E-08
0,108460,2.2477176E-08
0,108470,2.2453579E-08
0,108480,2.2430006E-08
0,108490,2.2406457E-08
0,108500,2.2382935E-08
0,108510,2.2359435E-08
0,108520,2.233596E-08
0,108530,2.2312513E-08
0,108540,2.2289088E-08
0,108550,2.2265688E-08
0,108560,2.2242311E-08
0,108570,2.2218961E-08
0,108580,2.2195634E-08
0,108590,2.2172332E-08
0,108600,2.2149054E-08
0,108610,2.2125802E-08
0,108620,2.2102572E-08
0,108630,2.2079368E-08
0,108640,2.2056188E-08
0,108650,2.2033031E-08
0,108660,2.20099E-08
0,108670,2.1986793E-08
0,108680,2.196371E-08
0,108690,2.1940652E-08
0,108700,2.1917618E-08
0,108710,2.1894607E-08
0,108720,2.1871621E-08
0,108730,2.184866E-08
0,108740,2.1825722E-08
0,108750,2.1802807E-08
0,108760,2.1779918E-08
0,108770,2.1757053E-08
0,108780,2.173421E-08
0,108790,2.1711394E-08
0,108800,2.16886E-08
0,108810,2.166583E-08
0,108820,2.1643084E-08
0,108830,2.162036E-08
0,108840,2.1597664E-08
0,108850,2.1574989E-08
0,108860,2.1552339E-08
0,108870,2.1529711E-08
0,108880,2.1507109E-08
0,108890,2.148453E-08
0,108900,2.1461974E-08
0,108910,2.1439442E-08
0,108920,2.1416934E-08
0,108930,2.1394449E-08
0,108940,2.1371989E-08
0,108950,2.1349551E-08
0,108960,2.1327137E-08
0,108970,2.1304746E-08
0,108980,2.128238E-08
0,108990,2.1260037E-08
0,109000,2.1237717E-08
0,109010,2.121542E-08
0,109020,2.1193147E-08
0,109030,2.1170898E-08
0,109040,2.1148672E-08
0,109050,2.1126468E-08
0,109060,2.1104288E-08
0,109070,2.1082132E-08
0,109080,2.106E-08
0,109090,2.103789E-08
0,109100,2.1015802E-08
0,109110,2.099374E-08
0,109120,2.0971699E-08
0,109130,2.0949681E-08
0,109140,2.0927688E-08
0,109150,2.0905718E-08
0,109160,2.088377E-08
0,109170,2.0861844E-08
0,109180,2.0839943E-08
0,109190,2.0818064E-08
0,109200,2.0796207E-08
0,109210,2.0774374E-08
0,109220,2.0752564E-08
0,109230,2.0730777E-08
0,109240,2.0709013E-08
0,109250,2.0687272E-08
0,109260,2.0665553E-08
0,109270,2.0643858E-08
0,109280,2.0622185E-08
0,109290,2.0600535E-08
0,109300,2.0578907E-08
0,109310,2.0557302E-08
0,109320,2.053572E-08
0,109330,2.0514161E-08
0,109340,2.0492624E-08
0,109350,2.047111E-08
0,109360,2.0449619E-08
0,109370,2.042815E-08
0,109380,2.0406702E-08
0,109390,2.038528E-08
0,109400,2.0363878E-08
0,109410,2.0342497E-08
0,109420,2.0321142E-08
0,109430,2.0299808E-08
0,109440,2.0278495E-08
0,109450,2.0257206E-08
0,109460,2.023594E-08
0,109470,2.0214694E-08
0,109480,2.0193472E-08
0,109490,2.0172273E-08
0,109500,2.0151095E-08
0,109510,2.0129939E-08
0,109520,2.0108805E-08
0,109530,2.0087693E-08
0,109540,2.0066604E-08
0,109550,2.0045539E-08
0,109560,2.0024492E-08
0,109570,2.000347E-08
0,109580,1.9982469E-08
0,109590,1.996149E-08
0,109600,1.9940535E-08
0,109610,1.99196E-08
0,109620,1.9898687E-08
0,109630,1.9877797E-08
0,109640,1.9856929E-08
0,109650,1.9836081E-08
0,109660,1.9815255E-08
0,109670,1.9794452E-08
0,109680,1.9773672E-08
0,109690,1.9752912E-08
0,109700,1.9732175E-08
0,109710,1.971146E-08
0,109720,1.9690765E-08
0,109730,1.9670093E-08
0,109740,1.9649441E-08
0,109750,1.9628812E-08
0,109760,1.9608205E-08
0,109770,1.958762E-08
0,109780,1.9567056E-08
0,109790,1.9546514E-08
0,109800,1.9525993E-08
0,109810,1.9505492E-08
0,109820,1.9485014E-08
0,109830,1.9464558E-08
0,109840,1.9444125E-08
0,109850,1.942371E-08
0,109860,1.9403318E-08
0,109870,1.9382949E-08
0,109880,1.9362599E-08
0,109890,1.934227E-08
0,109900,1.9321964E-08
0,109910,1.9301678E-08
0,109920,1.9281416E-08
0,109930,1.9261172E-08
0,109940,1.9240952E-08
0,109950,1.9220751E-08
0,109960,1.9200572E-08
0,109970,1.9180414E-08
0,109980,1.9160279E-08
0,109990,1.9140163E-08
0,110000,1.9120069E-08
0,110010,1.9099994E-08
0,110020,1.9079943E-08
0,110030,1.9059911E-08
0,110040,1.9039902E-08
0,110050,1.9019913E-08
0,110060,1.8999945E-08
0,110070,1.8979998E-08
0,110080,1.896007E-08
0,110090,1.8940167E-08
0,110100,1.8920282E-08
0,110110,1.8900419E-08
0,110120,1.8880575E-08
0,110130,1.8860753E-08
0,110140,1.8840952E-08
0,110150,1.8821172E-08
0,110160,1.8801414E-08
0,110170,1.8781675E-08
0,110180,1.8761957E-08
0,110190,1.874226E-08
0,110200,1.8722583E-08
0,110210,1.8702927E-08
0,110220,1.8683291E-08
0,110230,1.8663677E-08
0,110240,1.8644084E-08
0,110250,1.862451E-08
0,110260,1.8604956E-08
0,110270,1.8585425E-08
0,110280,1.8565911E-08
0,110290,1.8546421E-08
0,110300,1.8526949E-08
0,110310,1.85075E-08
0,110320,1.848807E-08
0,110330,1.846866E-08
0,110340,1.844927E-08
0,110350,1.8429901E-08
0,110360,1.8410553E-08
0,110370,1.8391225E-08
0,110380,1.8371916E-08
0,110390,1.8352628E-08
0,110400,1.8333361E-08
0,110410,1.8314113E-08
0,110420,1.8294886E-08
0,110430,1.827568E-08
0,110440,1.8256493E-08
0,110450,1.8237326E-08
0,110460,1.8218179E-08
0,110470,1.8199053E-08
0,110480,1.8179946E-08
0,110490,1.8160861E-08
0,110500,1.8141794E-08
0,110510,1.8122748E-08
0,110520,1.8103723E-08
0,110530,1.8084716E-08
0,110540,1.806573E-08
0,110550,1.8046764E-08
0,110560,1.8027817E-08
0,110570,1.800889E-08
0,110580,1.7989985E-08
0,110590,1.7971097E-08
0,110600,1.795223E-08
0,110610,1.7933383E-08
0,110620,1.7914555E-08
0,110630,1.7895747E-08
0,110640,1.787696E-08
0,110650,1.7858191E-08
0,110660,1.7839444E-08
0,110670,1.7820714E-08
0,110680,1.7802005E-08
0,110690,1.7783316E-08
0,110700,1.7764647E-08
0,110710,1.7745997E-08
0,110720,1.7727366E-08
0,110730,1.7708754E-08
0,110740,1.7690162E-08
0,110750,1.767159E-08
0,110760,1.7653038E-08
0,110770,1.7634505E-08
0,110780,1.7615992E-08
0,110790,1.7597497E-08
0,110800,1.7579023E-08
0,110810,1.7560568E-08
0,110820,1.7542131E-08
0,110830,1.7523714E-08
0,110840,1.7505318E-08
0,110850,1.748694E-08
0,110860,1.7468581E-08
0,110870,1.7450242E-08
0,110880,1.743192E-08
0,110890,1.741362E-08
0,110900,1.7395339E-08
0,110910,1.7377076E-08
0,110920,1.7358833E-08
0,110930,1.7340609E-08
0,110940,1.7322403E-08
0,110950,1.7304219E-08
0,110960,1.7286052E-08
0,110970,1.7267903E-08
0,110980,1.7249775E-08
0,110990,1.7231665E-08
0,111000,1.7213575E-08
0,111010,1.7195502E-08
0,111020,1.7177449E-08
0,111030,1.7159415E-08
0,111040,1.7141401E-08
0,111050,1.7123405E-08
0,111060,1.7105428E-08
0,111070,1.708747E-08
0,111080,1.706953E-08
0,111090,1.705161E-08
0,111100,1.7033708E-08
0,111110,1.7015825E-08
0,111120,1.6997962E-08
0,111130,1.6980117E-08
0,111140,1.696229E-08
0,111150,1.6944481E-08
0,111160,1.6926693E-08
0,111170,1.6908922E-08
0,111180,1.6891171E-08
0,111190,1.6873438E-08
0,111200,1.6855722E-08
0,111210,1.6838026E-08
0,111220,1.682035E-08
0,111230,1.680269E-08
0,111240,1.678505E-08
0,111250,1.6767428E-08
0,111260,1.6749825E-08
0,111270,1.673224E-08
0,111280,1.6714674E-08
0,111290,1.6697125E-08
0,111300,1.6679596E-08
0,111310,1.6662085E-08
0,111320,1.6644593E-08
0,111330,1.6627117E-08
0,111340,1.6609661E-08
0,111350,1.6592224E-08
0,111360,1.6574806E-08
0,111370,1.6557404E-08
0,111380,1.6540021E-08
0,111390,1.6522657E-08
0,111400,1.6505311E-08
0,111410,1.6487983E-08
0,111420,1.6470672E-08
0,111430,1.645338E-08
0,111440,1.6436108E-08
0,111450,1.6418852E-08
0,111460,1.6401614E-08
0,111470,1.6384394E-08
0,111480,1.6367194E-08
0,111490,1.6350011E-08
0,111500,1.6332846E-08
0,111510,1.6315699E-08
0,111520,1.629857E-08
0,111530,1.6281458E-08
0,111540,1.6264366E-08
0,111550,1.624729E-08
0,111560,1.6230233E-08
0,111570,1.6213194E-08
0,111580,1.6196172E-08
0,111590,1.6179168E-08
0,111600,1.6162183E-08
0,111610,1.6145215E-08
0,111620,1.6128265E-08
0,111630,1.6111333E-08
0,111640,1.6094418E-08
0,111650,1.6077522E-08
0,111660,1.6060643E-08
0,111670,1.6043781E-08
0,111680,1.6026938E-08
0,111690,1.6010112E-08
0,111700,1.5993303E-08
0,111710,1.5976513E-08
0,111720,1.595974E-08
0,111730,1.5942986E-08
0,111740,1.5926247E-08
0,111750,1.5909526E-08
0,111760,1.5892825E-08
0,111770,1.587614E-08
0,111780,1.5859472E-08
0,111790,1.5842822E-08
0,111800,1.5826188E-08
0,111810,1.5809574E-08
0,111820,1.5792976E-08
0,111830,1.5776395E-08
0,111840,1.5759833E-08
0,111850,1.5743288E-08
0,111860,1.5726759E-08
0,111870,1.5710249E-08
0,111880,1.5693756E-08
0,111890,1.5677278E-08
0,111900,1.566082E-08
0,111910,1.5644378E-08
0,111920,1.5627954E-08
0,111930,1.5611548E-08
0,111940,1.5595157E-08
0,111950,1.5578784E-08
0,111960,1.556243E-08
0,111970,1.554609E-08
0,111980,1.552977E-08
0,111990,1.5513466E-08
0,112000,1.5497179E-08
0,112010,1.5480909E-08
0,112020,1.5464657E-08
0,112030,1.5448421E-08
0,112040,1.5432203E-08
0,112050,1.5416001E-08
0,112060,1.5399817E-08
0,112070,1.538365E-08
0,112080,1.53675E-08
0,112090,1.5351365E-08
0,112100,1.533525E-08
0,112110,1.5319149E-08
0,112120,1.5303065E-08
0,112130,1.5287E-08
0,112140,1.527095E-08
0,112150,1.5254919E-08
0,112160,1.5238903E-08
0,112170,1.5222906E-08
0,112180,1.5206924E-08
0,112190,1.5190958E-08
0,112200,1.517501E-08
0,112210,1.515908E-08
0,112220,1.5143163E-08
0,112230,1.5127265E-08
0,112240,1.5111384E-08
0,112250,1.509552E-08
0,112260,1.507967E-08
0,112270,1.506384E-08
0,112280,1.5048025E-08
0,112290,1.5032228E-08
0,112300,1.5016445E-08
0,112310,1.500068E-08
0,112320,1.4984932E-08
0,112330,1.4969201E-08
0,112340,1.4953486E-08
0,112350,1.4937786E-08
0,112360,1.4922103E-08
0,112370,1.4906437E-08
0,112380,1.4890788E-08
0,112390,1.4875154E-08
0,112400,1.4859538E-08
0,112410,1.4843938E-08
0,112420,1.4828354E-08
0,112430,1.48127866E-08
0,112440,1.4797235E-08
0,112450,1.47817E-08
0,112460,1.4766181E-08
0,112470,1.4750679E-08
0,112480,1.47351935E-08
0,112490,1.4719723E-08
0,112500,1.470427E-08
0,112510,1.4688832E-08
0,112520,1.4673412E-08
0,112530,1.4658006E-08
0,112540,1.4642618E-08
0,112550,1.4627245E-08
0,112560,1.46118895E-08
0,112570,1.4596549E-08
0,112580,1.4581224E-08
0,112590,1.45659165E-08
0,112600,1.4550625E-08
0,112610,1.4535348E-08
0,112620,1.4520088E-08
0,112630,1.4504844E-08
0,112640,1.4489617E-08
0,112650,1.4474405E-08
0,112660,1.4459209E-08
0,112670,1.4444028E-08
0,112680,1.4428864E-08
0,112690,1.4413716E-08
0,112700,1.43985845E-08
0,112710,1.4383468E-08
0,112720,1.4368367E-08
0,112730,1.4353283E-08
0,112740,1.4338214E-08
0,112750,1.4323161E-08
0,112760,1.4308124E-08
0,112770,1.4293103E-08
0,112780,1.4278097E-08
0,112790,1.4263107E-08
0,112800,1.42481325E-08
0,112810,1.4233175E-08
0,112820,1.4218232E-08
0,112830,1.4203304E-08
0,112840,1.4188394E-08
0,112850,1.4173497E-08
0,112860,1.4158617E-08
0,112870,1.4143753E-08
0,112880,1.4128904E-08
0,112890,1.4114071E-08
0,112900,1.4099253E-08
0,112910,1.4084451E-08
0,112920,1.40696645E-08
0,112930,1.4054893E-08
0,112940,1.4040138E-08
0,112950,1.4025398E-08
0,112960,1.40106735E-08
0,112970,1.3995964E-08
0,112980,1.398127E-08
0,112990,1.3966592E-08
0,113000,1.3951929E-08
0,113010,1.3937282E-08
0,113020,1.392265E-08
0,113030,1.3908033E-08
0,113040,1.3893432E-08
0,113050,1.3878846E-08
0,113060,1.3864275E-08
0,113070,1.384972E-08
0,113080,1.3835179E-08
0,113090,1.3820655E-08
0,113100,1.3806146E-08
0,113110,1.37916505E-08
0,113120,1.3777171E-08
0,113130,1.3762707E-08
0,113140,1.37482585E-08
0,113150,1.3733825E-08
0,113160,1.3719407E-08
0,113170,1.3705003E-08
0,113180,1.3690615E-08
0,113190,1.3676242E-08
0,113200,1.3661884E-08
0,113210,1.3647541E-08
0,113220,1.3633214E-08
0,113230,1.3618901E-08
0,113240,1.3604603E-08
0,113250,1.359032E-08
0,113260,1.3576052E-08
0,113270,1.3561799E-08
0,113280,1.3547561E-08
0,113290,1.3533339E-08
0,113300,1.3519131E-08
0,113310,1.3504938E-08
0,113320,1.3490759E-08
0,113330,1.3476596E-08
0,113340,1.3462447E-08
0,113350,1.34483145E-08
0,113360,1.3434195E-08
0,113370,1.3420091E-08
0,113380,1.34060025E-08
0,113390,1.3391928E-08
0,113400,1.3377869E-08
0,113410,1.3363824E-08
0,113420,1.3349793E-08
0,113430,1.3335779E-08
0,113440,1.33217775E-08
0,113450,1.3307792E-08
0,113460,1.329382E-08
0,113470,1.3279864E-08
0,113480,1.3265923E-08
0,113490,1.3251995E-08
0,113500,1.3238083E-08
0,113510,1.3224184E-08
0,113520,1.3210301E-08
0,113530,1.3196432E-08
0,113540,1.3182578E-08
0,113550,1.3168738E-08
0,113560,1.3154913E-08
0,113570,1.3141102E-08
0,113580,1.3127306E-08
0,113590,1.31135245E-08
0,113600,1.3099757E-08
0,113610,1.3086004E-08
0,113620,1.3072266E-08
0,113630,1.3058542E-08
0,113640,1.3044833E-08
0,113650,1.3031137E-08
0,113660,1.30174564E-08
0,113670,1.300379E-08
0,113680,1.2990138E-08
0,113690,1.2976501E-08
0,113700,1.2962877E-08
0,113710,1.2949268E-08
0,113720,1.2935673E-08
0,113730,1.2922093E-08
0,113740,1.2908527E-08
0,113750,1.2894974E-08
0,113760,1.2881436E-08
0,113770,1.2867913E-08
0,113780,1.2854404E-08
0,113790,1.2840909E-08
0,113800,1.2827427E-08
0,113810,1.2813961E-08
0,113820,1.2800507E-08
0,113830,1.2787069E-08
0,113840,1.2773644E-08
0,113850,1.2760234E-08
0,113860,1.2746837E-08
0,113870,1.2733455E-08
0,113880,1.2720087E-08
0,113890,1.2706733E-08
0,113900,1.2693393E-08
0,113910,1.2680067E-08
0,113920,1.2666755E-08
0,113930,1.2653456E-08
0,113940,1.26401725E-08
0,113950,1.2626902E-08
0,113960,1.2613645E-08
0,113970,1.2600403E-08
0,113980,1.2587175E-08
0,113990,1.257396E-08
0,114000,1.25607595E-08
0,114010,1.2547572E-08
0,114020,1.2534399E-08
0,114030,1.252124E-08
0,114040,1.2508094E-08
0,114050,1.2494962E-08
0,114060,1.2481845E-08
0,114070,1.2468741E-08
0,114080,1.2455651E-08
0,114090,1.2442574E-08
0,114100,1.2429511E-08
0,114110,1.2416462E-08
0,114120,1.2403427E-08
0,114130,1.2390405E-08
0,114140,1.2377397E-08
0,114150,1.2364402E-08
0,114160,1.2351421E-08
0,114170,1.2338455E-08
0,114180,1.2325501E-08
0,114190,1.2312561E-08
0,114200,1.2299634E-08
0,114210,1.2286722E-08
0,114220,1.2273823E-08
0,114230,1.2260937E-08
0,114240,1.2248065E-08
0,114250,1.2235207E-08
0,114260,1.2222361E-08
0,114270,1.2209529E-08
0,114280,1.2196711E-08
0,114290,1.2183906E-08
0,114300,1.2171115E-08
0,114310,1.21583374E-08
0,114320,1.21455725E-08
0,114330,1.2132822E-08
0,114340,1.21200845E-08
0,114350,1.210736E-08
0,114360,1.2094649E-08
0,114370,1.2081951E-08
0,114380,1.2069267E-08
0,114390,1.2056596E-08
0,114400,1.2043938E-08
0,114410,1.2031294E-08
0,114420,1.2018663E-08
0,114430,1.2006045E-08
0,114440,1.1993441E-08
0,114450,1.1980849E-08
0,114460,1.1968272E-08
0,114470,1.1955707E-08
0,114480,1.1943155E-08
0,114490,1.19306165E-08
0,114500,1.19180905E-08
0,114510,1.1905579E-08
0,114520,1.1893079E-08
0,114530,1.1880593E-08
0,114540,1.1868121E-08
0,114550,1.1855661E-08
0,114560,1.1843214E-08
0,114570,1.1830781E-08
0,114580,1.18183605E-08
0,114590,1.1805953E-08
0,114600,1.1793558E-08
0,114610,1.1781177E-08
0,114620,1.1768808E-08
0,114630,1.1756453E-08
0,114640,1.1744111E-08
0,114650,1.1731781E-08
0,114660,1.1719464E-08
0,114670,1.1707161E-08
0,114680,1.169487E-08
0,114690,1.1682592E-08
0,114700,1.1670327E-08
0,114710,1.16580745E-08
0,114720,1.1645835E-08
0,114730,1.1633609E-08
0,114740,1.1621395E-08
0,114750,1.16091945E-08
0,114760,1.1597007E-08
0,114770,1.1584832E-08
0,114780,1.1572669E-08
0,114790,1.156052E-08
0,114800,1.1548383E-08
0,114810,1.1536259E-08
0,114820,1.1524148E-08
0,114830,1.1512049E-08
0,114840,1.1499963E-08
0,114850,1.148789E-08
0,114860,1.1475829E-08
0,114870,1.1463781E-08
0,114880,1.1451746E-08
0,114890,1.1439723E-08
0,114900,1.1427713E-08
0,114910,1.1415716E-08
0,114920,1.1403731E-08
0,114930,1.1391759E-08
0,114940,1.1379799E-08
0,114950,1.1367852E-08
0,114960,1.1355918E-08
0,114970,1.1343996E-08
0,114980,1.1332086E-08
0,114990,1.1320189E-08
0,115000,1.13083045E-08
0,115010,1.1296432E-08
0,115020,1.1284573E-08
0,115030,1.1272726E-08
0,115040,1.1260891E-08
0,115050,1.1249069E-08
0,115060,1.1237259E-08
0,115070,1.12254614E-08
0,115080,1.1213676E-08
0,115090,1.1201904E-08
0,115100,1.1190144E-08
0,115110,1.1178396E-08
0,115120,1.116666E-08
0,115130,1.11549365E-08
0,115140,1.1143226E-08
0,115150,1.1131527E-08
0,115160,1.111984E-08
0,115170,1.1108166E-08
0,115180,1.1096504E-08
0,115190,1.1084855E-08
0,115200,1.1073217E-08
0,115210,1.10615925E-08
0,115220,1.1049979E-08
0,115230,1.1038378E-08
0,115240,1.1026789E-08
0,115250,1.1015213E-08
0,115260,1.1003649E-08
0,115270,1.0992097E-08
0,115280,1.0980557E-08
0,115290,1.0969028E-08
0,115300,1.0957512E-08
0,115310,1.09460085E-08
0,115320,1.0934517E-08
0,115330,1.0923038E-08
0,115340,1.091157E-08
0,115350,1.0900115E-08
0,115360,1.0888671E-08
0,115370,1.08772396E-08
0,115380,1.086582E-08
0,115390,1.08544125E-08
0,115400,1.0843017E-08
0,115410,1.0831633E-08
0,115420,1.0820262E-08
0,115430,1.0808902E-08
0,115440,1.0797555E-08
0,115450,1.0786219E-08
0,115460,1.0774895E-08
0,115470,1.0763583E-08
0,115480,1.0752283E-08
0,115490,1.0740994E-08
0,115500,1.0729718E-08
0,115510,1.0718454E-08
0,115520,1.07072005E-08
0,115530,1.069596E-08
0,115540,1.068473E-08
0,115550,1.0673513E-08
0,115560,1.06623075E-08
0,115570,1.0651114E-08
0,115580,1.0639932E-08
0,115590,1.0628761E-08
0,115600,1.0617603E-08
0,115610,1.0606455E-08
0,115620,1.059532E-08
0,115630,1.0584197E-08
0,115640,1.05730855E-08
0,115650,1.0561985E-08
0,115660,1.0550896E-08
0,115670,1.053982E-08
0,115680,1.0528755E-08
0,115690,1.05177005E-08
0,115700,1.0506659E-08
0,115710,1.0495628E-08
0,115720,1.048461E-08
0,115730,1.0473602E-08
0,115740,1.0462607E-08
0,115750,1.0451623E-08
0,115760,1.044065E-08
0,115770,1.0429688E-08
0,115780,1.0418739E-08
0,115790,1.0407801E-08
0,115800,1.03968745E-08
0,115810,1.0385959E-08
0,115820,1.03750555E-08
0,115830,1.0364163E-08
0,115840,1.0353282E-08
0,115850,1.0342413E-08
0,115860,1.0331555E-08
0,115870,1.0320709E-08
0,115880,1.0309873E-08
0,115890,1.029905E-08
0,115900,1.0288237E-08
0,115910,1.0277436E-08
0,115920,1.0266646E-08
0,115930,1.0255867E-08
0,115940,1.02451E-08
0,115950,1.0234344E-08
0,115960,1.02236E-08
0,115970,1.0212867E-08
0,115980,1.0202145E-08
0,115990,1.0191434E-08
0,116000,1.01807345E-08
0,116010,1.0170046E-08
0,116020,1.0159369E-08
0,116030,1.0148703E-08
0,116040,1.0138049E-08
0,116050,1.0127406E-08
0,116060,1.0116773E-08
0,116070,1.01061515E-08
0,116080,1.0095542E-08
0,116090,1.00849435E-08
0,116100,1.0074356E-08
0,116110,1.0063779E-08
0,116120,1.0053213E-08
0,116130,1.0042659E-08
0,116140,1.0032116E-08
0,116150,1.0021584E-08
0,116160,1.0011062E-08
0,116170,1.0000552E-08
0,116180,9.990053E-09
0,116190,9.979565E-09
0,116200,9.969088E-09
0,116210,9.958622E-09
0,116220,9.948167E-09
0,116230,9.937723E-09
0,116240,9.92729E-09
0,116250,9.916867E-09
0,116260,9.906456E-09
0,116270,9.896056E-09
0,116280,9.8856665E-09
0,116290,9.875288E-09
0,116300,9.86492E-09
0,116310,9.854564E-09
0,116320,9.844218E-09
0,116330,9.833883E-09
0,116340,9.823559E-09
0,116350,9.813246E-09
0,116360,9.802943E-09
0,116370,9.792652E-09
0,116380,9.7823705E-09
0,116390,9.7721005E-09
0,116400,9.761842E-09
0,116410,9.751593E-09
0,116420,9.741355E-09
0,116430,9.731129E-09
0,116440,9.720912E-09
0,116450,9.710707E-09
0,116460,9.7005115E-09
0,116470,9.690328E-09
0,116480,9.6801545E-09
0,116490,9.669992E-09
0,116500,9.659839E-09
0,116510,9.649698E-09
0,116520,9.639567E-09
0,116530,9.6294475E-09
0,116540,9.619338E-09
0,116550,9.609239E-09
0,116560,9.599151E-09
0,116570,9.589073E-09
0,116580,9.579006E-09
0,116590,9.568949E-09
0,116600,9.558904E-09
0,116610,9.548868E-09
0,116620,9.5388435E-09
0,116630,9.528828E-09
0,116640,9.518825E-09
0,116650,9.508832E-09
0,116660,9.498849E-09
0,116670,9.488876E-09
0,116680,9.4789145E-09
0,116690,9.468963E-09
0,116700,9.459022E-09
0,116710,9.449091E-09
0,116720,9.439171E-09
0,116730,9.429262E-09
0,116740,9.419362E-09
0,116750,9.409473E-09
0,116760,9.399595E-09
0,116770,9.389727E-09
0,116780,9.379869E-09
0,116790,9.370021E-09
0,116800,9.360185E-09
0,116810,9.350358E-09
0,116820,9.340541E-09
0,116830,9.330735E-09
0,116840,9.320939E-09
0,116850,9.311154E-09
0,116860,9.301378E-09
0,116870,9.291613E-09
0,116880,9.281858E-09
0,116890,9.272114E-09
0,116900,9.262379E-09
0,116910,9.2526555E-09
0,116920,9.2429415E-09
0,116930,9.233237E-09
0,116940,9.223544E-09
0,116950,9.213861E-09
0,116960,9.204188E-09
0,116970,9.194524E-09
0,116980,9.1848715E-09
0,116990,9.175229E-09
0,117000,9.165596E-09
0,117010,9.155974E-09
0,117020,9.146361E-09
0,117030,9.136759E-09
0,117040,9.127167E-09
0,117050,9.117585E-09
0,117060,9.108012E-09
0,117070,9.098451E-09
0,117080,9.0888985E-09
0,117090,9.079357E-09
0,117100,9.069825E-09
0,117110,9.060303E-09
0,117120,9.05079E-09
0,117130,9.041289E-09
0,117140,9.031797E-09
0,117150,9.0223145E-09
0,117160,9.012842E-09
0,117170,9.00338E-09
0,117180,8.993928E-09
0,117190,8.984486E-09
0,117200,8.975054E-09
0,117210,8.965631E-09
0,117220,8.956218E-09
0,117230,8.946816E-09
0,117240,8.937423E-09
0,117250,8.92804E-09
0,117260,8.918667E-09
0,117270,8.9093035E-09
0,117280,8.89995E-09
0,117290,8.8906065E-09
0,117300,8.881273E-09
0,117310,8.8719485E-09
0,117320,8.862634E-09
0,117330,8.85333E-09
0,117340,8.844036E-09
0,117350,8.834751E-09
0,117360,8.8254755E-09
0,117370,8.81621E-09
0,117380,8.806954E-09
0,117390,8.797708E-09
0,117400,8.788472E-09
0,117410,8.779245E-09
0,117420,8.770028E-09
0,117430,8.760821E-09
0,117440,8.751623E-09
0,117450,8.742436E-09
0,117460,8.733258E-09
0,117470,8.724089E-09
0,117480,8.71493E-09
0,117490,8.705781E-09
0,117500,8.696641E-09
0,117510,8.68751E-09
0,117520,8.67839E-09
0,117530,8.669279E-09
0,117540,8.6601775E-09
0,117550,8.651086E-09
0,117560,8.642004E-09
0,117570,8.632931E-09
0,117580,8.623867E-09
0,117590,8.614814E-09
0,117600,8.605769E-09
0,117610,8.596734E-09
0,117620,8.587709E-09
0,117630,8.578693E-09
0,117640,8.569687E-09
0,117650,8.56069E-09
0,117660,8.5517025E-09
0,117670,8.542725E-09
0,117680,8.533756E-09
0,117690,8.524797E-09
0,117700,8.515847E-09
0,117710,8.506906E-09
0,117720,8.497976E-09
0,117730,8.489054E-09
0,117740,8.480142E-09
0,117750,8.471239E-09
0,117760,8.4623455E-09
0,117770,8.453461E-09
0,117780,8.444586E-09
0,117790,8.435721E-09
0,117800,8.4268645E-09
0,117810,8.418017E-09
0,117820,8.40918E-09
0,117830,8.4003515E-09
0,117840,8.391533E-09
0,117850,8.382723E-09
0,117860,8.373922E-09
0,117870,8.365131E-09
0,117880,8.3563485E-09
0,117890,8.347575E-09
0,117900,8.338811E-09
0,117910,8.3300575E-09
0,117920,8.321312E-09
0,117930,8.3125755E-09
0,117940,8.303849E-09
0,117950,8.295131E-09
0,117960,8.286422E-09
0,117970,8.277723E-09
0,117980,8.269033E-09
0,117990,8.2603515E-09
0,118000,8.251679E-09
0,118010,8.243016E-09
0,118020,8.2343625E-09
0,118030,8.225717E-09
0,118040,8.217081E-09
0,118050,8.208455E-09
0,118060,8.199837E-09
0,118070,8.191229E-09
0,118080,8.182629E-09
0,118090,8.174038E-09
0,118100,8.165457E-09
0,118110,8.156884E-09
0,118120,8.148321E-09
0,118130,8.139766E-09
0,118140,8.131221E-09
0,118150,8.122685E-09
0,118160,8.1141565E-09
0,118170,8.105638E-09
0,118180,8.097128E-09
0,118190,8.0886275E-09
0,118200,8.080136E-09
0,118210,8.071653E-09
0,118220,8.063179E-09
0,118230,8.054713E-09
0,118240,8.046257E-09
0,118250,8.03781E-09
0,118260,8.029372E-09
0,118270,8.020942E-09
0,118280,8.012521E-09
0,118290,8.004109E-09
0,118300,7.995706E-09
0,118310,7.987311E-09
0,118320,7.978926E-09
0,118330,7.9705496E-09
0,118340,7.962182E-09
0,118350,7.9538225E-09
0,118360,7.945472E-09
0,118370,7.937131E-09
0,118380,7.928798E-09
0,118390,7.920474E-09
0,118400,7.912159E-09
0,118410,7.903852E-09
0,118420,7.895554E-09
0,118430,7.887265E-09
0,118440,7.878985E-09
0,118450,7.870713E-09
0,118460,7.862449E-09
0,118470,7.8541955E-09
0,118480,7.84595E-09
0,118490,7.837713E-09
0,118500,7.829484E-09
0,118510,7.8212645E-09
0,118520,7.813053E-09
0,118530,7.80485E-09
0,118540,7.796657E-09
0,118550,7.788471E-09
0,118560,7.780295E-09
0,118570,7.772126E-09
0,118580,7.763967E-09
0,118590,7.7558155E-09
0,118600,7.747674E-09
0,118610,7.73954E-09
0,118620,7.731414E-09
0,118630,7.723298E-09
0,118640,7.715189E-09
0,118650,7.707089E-09
0,118660,7.698998E-09
0,118670,7.6909155E-09
0,118680,7.682841E-09
0,118690,7.674775E-09
0,118700,7.666718E-09
0,118710,7.658668E-09
0,118720,7.650628E-09
0,118730,7.642596E-09
0,118740,7.634573E-09
0,118750,7.626557E-09
0,118760,7.61855E-09
0,118770,7.610552E-09
0,118780,7.602562E-09
0,118790,7.594581E-09
0,118800,7.586608E-09
0,118810,7.578643E-09
0,118820,7.570686E-09
0,118830,7.562738E-09
0,118840,7.554799E-09
0,118850,7.546867E-09
0,118860,7.538944E-09
0,118870,7.531029E-09
0,118880,7.523123E-09
0,118890,7.515225E-09
0,118900,7.507335E-09
0,118910,7.4994535E-09
0,118920,7.49158E-09
0,118930,7.483715E-09
0,118940,7.475858E-09
0,118950,7.468009E-09
0,118960,7.460169E-09
0,118970,7.452337E-09
0,118980,7.4445135E-09
0,118990,7.436698E-09
0,119000,7.4288904E-09
0,119010,7.421091E-09
0,119020,7.4133E-09
0,119030,7.405517E-09
0,119040,7.3977424E-09
0,119050,7.389976E-09
0,119060,7.3822175E-09
0,119070,7.3744673E-09
0,119080,7.3667255E-09
0,119090,7.358991E-09
0,119100,7.3512654E-09
0,119110,7.343548E-09
0,119120,7.335838E-09
0,119130,7.3281368E-09
0,119140,7.320443E-09
0,119150,7.312758E-09
0,119160,7.3050805E-09
0,119170,7.297411E-09
0,119180,7.28975E-09
0,119190,7.2820967E-09
0,119200,7.2744517E-09
0,119210,7.2668147E-09
0,119220,7.2591857E-09
0,119230,7.2515647E-09
0,119240,7.2439517E-09
0,119250,7.236346E-09
0,119260,7.228749E-09
0,119270,7.22116E-09
0,119280,7.213579E-09
0,119290,7.206006E-09
0,119300,7.1984405E-09
0,119310,7.1908834E-09
0,119320,7.183334E-09
0,119330,7.1757924E-09
0,119340,7.1682593E-09
0,119350,7.1607333E-09
0,119360,7.153216E-09
0,119370,7.145706E-09
0,119380,7.138204E-09
0,119390,7.13071E-09
0,119400,7.123224E-09
0,119410,7.1157458E-09
0,119420,7.108275E-09
0,119430,7.1008124E-09
0,119440,7.0933575E-09
0,119450,7.0859105E-09
0,119460,7.0784716E-09
0,119470,7.07104E-09
0,119480,7.063617E-09
0,119490,7.056201E-09
0,119500,7.048793E-09
0,119510,7.041393E-09
0,119520,7.0340005E-09
0,119530,7.0266157E-09
0,119540,7.019239E-09
0,119550,7.0118698E-09
0,119560,7.004508E-09
0,119570,6.9971544E-09
0,119580,6.9898087E-09
0,119590,6.98247E-09
0,119600,6.9751396E-09
0,119610,6.967817E-09
0,119620,6.9605015E-09
0,119630,6.953194E-09
0,119640,6.9458945E-09
0,119650,6.938602E-09
0,119660,6.9313177E-09
0,119670,6.924041E-09
0,119680,6.9167716E-09
0,119690,6.9095103E-09
0,119700,6.902256E-09
0,119710,6.89501E-09
0,119720,6.8877712E-09
0,119730,6.88054E-09
0,119740,6.8733166E-09
0,119750,6.8661006E-09
0,119760,6.858892E-09
0,119770,6.851691E-09
0,119780,6.844498E-09
0,119790,6.8373125E-09
0,119800,6.8301342E-09
0,119810,6.8229635E-09
0,119820,6.8158004E-09
0,119830,6.8086448E-09
0,119840,6.8014967E-09
0,119850,6.794356E-09
0,119860,6.7872232E-09
0,119870,6.780098E-09
0,119880,6.7729795E-09
0,119890,6.765869E-09
0,119900,6.758766E-09
0,119910,6.75167E-09
0,119920,6.744582E-09
0,119930,6.7375012E-09
0,119940,6.7304278E-09
0,119950,6.723362E-09
0,119960,6.716303E-09
0,119970,6.7092523E-09
0,119980,6.702208E-09
0,119990,6.695172E-09
0,120000,6.688143E-09
0,120010,6.6811214E-09
0,120020,6.6741075E-09
0,120030,6.6671006E-09
0,120040,6.660101E-09
0,120050,6.653109E-09
0,120060,6.646124E-09
0,120070,6.639147E-09
0,120080,6.6321766E-09
0,120090,6.6252137E-09
0,120100,6.6182584E-09
0,120110,6.61131E-09
0,120120,6.6043695E-09
0,120130,6.597436E-09
0,120140,6.5905095E-09
0,120150,6.58359E-09
0,120160,6.5766788E-09
0,120170,6.569774E-09
0,120180,6.562877E-09
0,120190,6.555987E-09
0,120200,6.549104E-09
0,120210,6.542228E-09
0,120220,6.53536E-09
0,120230,6.5284986E-09
0,120240,6.521645E-09
0,120250,6.514798E-09
0,120260,6.5079586E-09
0,120270,6.5011263E-09
0,120280,6.494301E-09
0,120290,6.487483E-09
0,120300,6.480672E-09
0,120310,6.473868E-09
0,120320,6.4670718E-09
0,120330,6.460282E-09
0,120340,6.4535E-09
0,120350,6.4467245E-09
0,120360,6.4399566E-09
0,120370,6.4331958E-09
0,120380,6.4264416E-09
0,120390,6.419695E-09
0,120400,6.412955E-09
0,120410,6.4062227E-09
0,120420,6.399497E-09
0,120430,6.3927783E-09
0,120440,6.386067E-09
0,120450,6.3793624E-09
0,120460,6.372665E-09
0,120470,6.365975E-09
0,120480,6.3592913E-09
0,120490,6.3526153E-09
0,120500,6.345946E-09
0,120510,6.3392838E-09
0,120520,6.332628E-09
0,120530,6.3259797E-09
0,120540,6.319339E-09
0,120550,6.312704E-09
0,120560,6.306077E-09
0,120570,6.2994565E-09
0,120580,6.292843E-09
0,120590,6.2862364E-09
0,120600,6.279637E-09
0,120610,6.2730443E-09
0,120620,6.2664585E-09
0,120630,6.2598793E-09
0,120640,6.2533076E-09
0,120650,6.2467427E-09
0,120660,6.2401844E-09
0,120670,6.233633E-09
0,120680,6.2270886E-09
0,120690,6.220551E-09
0,120700,6.2140204E-09
0,120710,6.2074967E-09
0,120720,6.2009797E-09
0,120730,6.19447E-09
0,120740,6.1879666E-09
0,120750,6.18147E-09
0,120760,6.1749805E-09
0,120770,6.1684977E-09
0,120780,6.1620216E-09
0,120790,6.1555525E-09
0,120800,6.14909E-09
0,120810,6.1426344E-09
0,120820,6.1361853E-09
0,120830,6.1297434E-09
0,120840,6.123308E-09
0,120850,6.1168794E-09
0,120860,6.110458E-09
0,120870,6.1040426E-09
0,120880,6.0976344E-09
0,120890,6.091233E-09
0,120900,6.084838E-09
0,120910,6.0784497E-09
0,120920,6.072068E-09
0,120930,6.0656933E-09
0,120940,6.0593255E-09
0,120950,6.052964E-09
0,120960,6.0466094E-09
0,120970,6.040261E-09
0,120980,6.03392E-09
0,120990,6.027585E-09
0,121000,6.0212573E-09
0,121010,6.0149357E-09
0,121020,6.0086207E-09
0,121030,6.002313E-09
0,121040,5.9960112E-09
0,121050,5.9897163E-09
0,121060,5.983428E-09
0,121070,5.9771463E-09
0,121080,5.9708714E-09
0,121090,5.9646026E-09
0,121100,5.9583405E-09
0,121110,5.9520855E-09
0,121120,5.9458363E-09
0,121130,5.939594E-09
0,121140,5.9333587E-09
0,121150,5.9271295E-09
0,121160,5.920907E-09
0,121170,5.914691E-09
0,121180,5.9084813E-09
0,121190,5.902278E-09
0,121200,5.896082E-09
0,121210,5.8898917E-09
0,121220,5.883708E-09
0,121230,5.8775314E-09
0,121240,5.8713607E-09
0,121250,5.8651968E-09
0,121260,5.859039E-09
0,121270,5.852888E-09
0,121280,5.846743E-09
0,121290,5.840605E-09
0,121300,5.8344733E-09
0,121310,5.828348E-09
0,121320,5.822229E-09
0,121330,5.8161165E-09
0,121340,5.8100107E-09
0,121350,5.8039107E-09
0,121360,5.797818E-09
0,121370,5.7917307E-09
0,121380,5.78565E-09
0,121390,5.7795764E-09
0,121400,5.773509E-09
0,121410,5.7674474E-09
0,121420,5.7613923E-09
0,121430,5.7553438E-09
0,121440,5.7493015E-09
0,121450,5.7432654E-09
0,121460,5.737236E-09
0,121470,5.731213E-09
0,121480,5.725196E-09
0,121490,5.719185E-09
0,121500,5.713181E-09
0,121510,5.707183E-09
0,121520,5.701191E-09
0,121530,5.6952056E-09
0,121540,5.689227E-09
0,121550,5.683254E-09
0,121560,5.6772875E-09
0,121570,5.671327E-09
0,121580,5.665373E-09
0,121590,5.6594254E-09
0,121600,5.6534835E-09
0,121610,5.647548E-09
0,121620,5.641619E-09
0,121630,5.6356964E-09
0,121640,5.6297798E-09
0,121650,5.6238694E-09
0,121660,5.617965E-09
0,121670,5.612067E-09
0,121680,5.606175E-09
0,121690,5.6002896E-09
0,121700,5.5944103E-09
0,121710,5.5885367E-09
0,121720,5.5826694E-09
0,121730,5.576809E-09
0,121740,5.570954E-09
0,121750,5.5651053E-09
0,121760,5.559263E-09
0,121770,5.553426E-09
0,121780,5.547596E-09
0,121790,5.541772E-09
0,121800,5.535954E-09
0,121810,5.530142E-09
0,121820,5.524336E-09
0,121830,5.5185363E-09
0,121840,5.5127427E-09
0,121850,5.5069553E-09
0,121860,5.5011737E-09
0,121870,5.4953984E-09
0,121880,5.4896288E-09
0,121890,5.483866E-09
0,121900,5.478108E-09
0,121910,5.4723572E-09
0,121920,5.466612E-09
0,121930,5.460873E-09
0,121940,5.45514E-09
0,121950,5.449413E-09
0,121960,5.4436917E-09
0,121970,5.4379767E-09
0,121980,5.4322675E-09
0,121990,5.4265645E-09
0,122000,5.4208673E-09
0,122010,5.4151763E-09
0,122020,5.409491E-09
0,122030,5.403812E-09
0,122040,5.398139E-09
0,122050,5.392472E-09
0,122060,5.38681E-09
0,122070,5.381155E-09
0,122080,5.3755054E-09
0,122090,5.369862E-09
0,122100,5.3642246E-09
0,122110,5.3585927E-09
0,122120,5.352967E-09
0,122130,5.3473475E-09
0,122140,5.3417333E-09
0,122150,5.3361253E-09
0,122160,5.330523E-09
0,122170,5.324927E-09
0,122180,5.3193365E-09
0,122190,5.313752E-09
0,122200,5.3081735E-09
0,122210,5.3026006E-09
0,122220,5.297034E-09
0,122230,5.2914726E-09
0,122240,5.2859175E-09
0,122250,5.280368E-09
0,122260,5.274824E-09
0,122270,5.2692863E-09
0,122280,5.2637548E-09
0,122290,5.2582285E-09
0,122300,5.252708E-09
0,122310,5.2471933E-09
0,122320,5.241685E-09
0,122330,5.2361817E-09
0,122340,5.2306848E-09
0,122350,5.225193E-09
0,122360,5.2197073E-09
0,122370,5.2142277E-09
0,122380,5.2087534E-09
0,122390,5.203285E-09
0,122400,5.197822E-09
0,122410,5.192365E-09
0,122420,5.186914E-09
0,122430,5.1814686E-09
0,122440,5.176029E-09
0,122450,5.1705946E-09
0,122460,5.1651665E-09
0,122470,5.1597437E-09
0,122480,5.1543267E-09
0,122490,5.1489155E-09
0,122500,5.14351E-09
0,122510,5.13811E-09
0,122520,5.132716E-09
0,122530,5.1273275E-09
0,122540,5.121944E-09
0,122550,5.116567E-09
0,122560,5.1111955E-09
0,122570,5.1058295E-09
0,122580,5.100469E-09
0,122590,5.0951146E-09
0,122600,5.089765E-09
0,122610,5.0844218E-09
0,122620,5.079084E-09
0,122630,5.0737516E-09
0,122640,5.068425E-09
0,122650,5.0631037E-09
0,122660,5.0577884E-09
0,122670,5.0524784E-09
0,122680,5.047174E-09
0,122690,5.0418754E-09
0,122700,5.0365823E-09
0,122710,5.0312945E-09
0,122720,5.026012E-09
0,122730,5.020736E-09
0,122740,5.0154645E-09
0,122750,5.0101994E-09
0,122760,5.004939E-09
0,122770,4.9996847E-09
0,122780,4.994436E-09
0,122790,4.9891926E-09
0,122800,4.9839546E-09
0,122810,4.9787223E-09
0,122820,4.9734954E-09
0,122830,4.968274E-09
0,122840,4.963058E-09
0,122850,4.9578475E-09
0,122860,4.9526423E-09
0,122870,4.947443E-09
0,122880,4.942249E-09
0,122890,4.93706E-09
0,122900,4.931877E-09
0,122910,4.926699E-09
0,122920,4.9215267E-09
0,122930,4.91636E-09
0,122940,4.9111986E-09
0,122950,4.9060427E-09
0,122960,4.900892E-09
0,122970,4.895747E-09
0,122980,4.890607E-09
0,122990,4.8854725E-09
0,123000,4.8803437E-09
0,123010,4.87522E-09
0,123020,4.8701017E-09
0,123030,4.864989E-09
0,123040,4.8598814E-09
0,123050,4.8547792E-09
0,123060,4.8496824E-09
0,123070,4.844591E-09
0,123080,4.839505E-09
0,123090,4.834424E-09
0,123100,4.8293485E-09
0,123110,4.8242783E-09
0,123120,4.819214E-09
0,123130,4.8141544E-09
0,123140,4.8091002E-09
0,123150,4.8040514E-09
0,123160,4.799008E-09
0,123170,4.7939697E-09
0,123180,4.788937E-09
0,123190,4.783909E-09
0,123200,4.7788866E-09
0,123210,4.7738693E-09
0,123220,4.7688573E-09
0,123230,4.763851E-09
0,123240,4.7588498E-09
0,123250,4.7538538E-09
0,123260,4.7488626E-09
0,123270,4.7438773E-09
0,123280,4.738897E-09
0,123290,4.7339217E-09
0,123300,4.728952E-09
0,123310,4.723987E-09
0,123320,4.7190274E-09
0,123330,4.714073E-09
0,123340,4.709124E-09
0,123350,4.70418E-09
0,123360,4.6992414E-09
0,123370,4.694308E-09
0,123380,4.68938E-09
0,123390,4.684457E-09
0,123400,4.6795385E-09
0,123410,4.674626E-09
0,123420,4.6697184E-09
0,123430,4.6648156E-09
0,123440,4.6599182E-09
0,123450,4.655026E-09
0,123460,4.650139E-09
0,123470,4.645257E-09
0,123480,4.64038E-09
0,123490,4.6355084E-09
0,123500,4.630642E-09
0,123510,4.6257806E-09
0,123520,4.620924E-09
0,123530,4.616073E-09
0,123540,4.6112265E-09
0,123550,4.6063855E-09
0,123560,4.6015494E-09
0,123570,4.5967186E-09
0,123580,4.5918926E-09
0,123590,4.587072E-09
0,123600,4.5822564E-09
0,123610,4.5774455E-09
0,123620,4.57264E-09
0,123630,4.5678394E-09
0,123640,4.5630437E-09
0,123650,4.5582533E-09
0,123660,4.553468E-09
0,123670,4.548687E-09
0,123680,4.543912E-09
0,123690,4.5391415E-09
0,123700,4.534376E-09
0,123710,4.5296153E-09
0,123720,4.52486E-09
0,123730,4.5201096E-09
0,123740,4.515364E-09
0,123750,4.510624E-09
0,123760,4.505888E-09
0,123770,4.5011577E-09
0,123780,4.496432E-09
0,123790,4.491712E-09
0,123800,4.486996E-09
0,123810,4.482285E-09
0,123820,4.4775796E-09
0,123830,4.472879E-09
0,123840,4.468183E-09
0,123850,4.4634922E-09
0,123860,4.458806E-09
0,123870,4.454125E-09
0,123880,4.449449E-09
0,123890,4.4447774E-09
0,123900,4.4401114E-09
0,123910,4.43545E-09
0,123920,4.430793E-09
0,123930,4.4261417E-09
0,123940,4.4214947E-09
0,123950,4.4168527E-09
0,123960,4.412216E-09
0,123970,4.4075836E-09
0,123980,4.402956E-09
0,123990,4.3983337E-09
0,124000,4.393716E-09
0,124010,4.3891033E-09
0,124020,4.3844954E-09
0,124030,4.3798924E-09
0,124040,4.3752943E-09
0,124050,4.3707007E-09
0,124060,4.3661124E-09
0,124070,4.3615285E-09
0,124080,4.3569495E-09
0,124090,4.3523753E-09
0,124100,4.347806E-09
0,124110,4.3432418E-09
0,124120,4.338682E-09
0,124130,4.334127E-09
0,124140,4.3295767E-09
0,124150,4.3250314E-09
0,124160,4.3204906E-09
0,124170,4.3159547E-09
0,124180,4.3114237E-09
0,124190,4.306897E-09
0,124200,4.302376E-09
0,124210,4.297859E-09
0,124220,4.2933466E-09
0,124230,4.2888395E-09
0,124240,4.284337E-09
0,124250,4.2798387E-09
0,124260,4.2753454E-09
0,124270,4.270857E-09
0,124280,4.2663735E-09
0,124290,4.2618944E-09
0,124300,4.2574198E-09
0,124310,4.2529504E-09
0,124320,4.2484856E-09
0,124330,4.244025E-09
0,124340,4.2395696E-09
0,124350,4.2351185E-09
0,124360,4.2306723E-09
0,124370,4.226231E-09
0,124380,4.221794E-09
0,124390,4.2173616E-09
0,124400,4.212934E-09
0,124410,4.208511E-09
0,124420,4.2040926E-09
0,124430,4.199679E-09
0,124440,4.19527E-09
0,124450,4.1908654E-09
0,124460,4.186466E-09
0,124470,4.1820707E-09
0,124480,4.17768E-09
0,124490,4.173294E-09
0,124500,4.1689128E-09
0,124510,4.1645363E-09
0,124520,4.1601638E-09
0,124530,4.1557966E-09
0,124540,4.1514334E-09
0,124550,4.147075E-09
0,124560,4.1427213E-09
0,124570,4.138372E-09
0,124580,4.1340273E-09
0,124590,4.1296873E-09
0,124600,4.1253516E-09
0,124610,4.1210204E-09
0,124620,4.116694E-09
0,124630,4.112372E-09
0,124640,4.108055E-09
0,124650,4.1037422E-09
0,124660,4.0994337E-09
0,124670,4.09513E-09
0,124680,4.090831E-09
0,124690,4.086536E-09
0,124700,4.0822457E-09
0,124710,4.0779597E-09
0,124720,4.0736787E-09
0,124730,4.0694017E-09
0,124740,4.0651296E-09
0,124750,4.060862E-09
0,124760,4.0565986E-09
0,124770,4.05234E-09
0,124780,4.0480854E-09
0,124790,4.0438355E-09
0,124800,4.03959E-09
0,124810,4.035349E-09
0,124820,4.0311128E-09
0,124830,4.0268806E-09
0,124840,4.022653E-09
0,124850,4.0184296E-09
0,124860,4.014211E-09
0,124870,4.009997E-09
0,124880,4.005787E-09
0,124890,4.0015813E-09
0,124900,3.99738E-09
0,124910,3.9931836E-09
0,124920,3.9889914E-09
0,124930,3.9848036E-09
0,124940,3.98062E-09
0,124950,3.976441E-09
0,124960,3.972266E-09
0,124970,3.968096E-09
0,124980,3.96393E-09
0,124990,3.9597685E-09
0,125000,3.9556114E-09
0,125010,3.9514587E-09
0,125020,3.94731E-09
0,125030,3.9431662E-09
0,125040,3.9390264E-09
0,125050,3.934891E-09
0,125060,3.9307597E-09
0,125070,3.9266332E-09
0,125080,3.9225108E-09
0,125090,3.9183927E-09
0,125100,3.914279E-09
0,125110,3.9101695E-09
0,125120,3.9060644E-09
0,125130,3.9019636E-09
0,125140,3.8978674E-09
0,125150,3.893775E-09
0,125160,3.8896872E-09
0,125170,3.885604E-09
0,125180,3.8815244E-09
0,125190,3.8774495E-09
0,125200,3.8733785E-09
0,125210,3.869312E-09
0,125220,3.86525E-09
0,125230,3.861192E-09
0,125240,3.857138E-09
0,125250,3.853089E-09
0,125260,3.8490438E-09
0,125270,3.8450025E-09
0,125280,3.840966E-09
0,125290,3.836934E-09
0,125300,3.8329055E-09
0,125310,3.828881E-09
0,125320,3.8248618E-09
0,125330,3.8208463E-09
0,125340,3.816835E-09
0,125350,3.812828E-09
0,125360,3.808825E-09
0,125370,3.8048262E-09
0,125380,3.8008316E-09
0,125390,3.7968415E-09
0,125400,3.7928554E-09
0,125410,3.788873E-09
0,125420,3.7848955E-09
0,125430,3.780922E-09
0,125440,3.7769525E-09
0,125450,3.7729873E-09
0,125460,3.7690264E-09
0,125470,3.765069E-09
0,125480,3.7611168E-09
0,125490,3.757168E-09
0,125500,3.7532235E-09
0,125510,3.749283E-09
0,125520,3.745347E-09
0,125530,3.7414147E-09
0,125540,3.737487E-09
0,125550,3.7335632E-09
0,125560,3.7296437E-09
0,125570,3.7257277E-09
0,125580,3.7218164E-09
0,125590,3.717909E-09
0,125600,3.714006E-09
0,125610,3.7101067E-09
0,125620,3.7062116E-09
0,125630,3.7023207E-09
0,125640,3.6984338E-09
0,125650,3.694551E-09
0,125660,3.6906722E-09
0,125670,3.6867975E-09
0,125680,3.682927E-09
0,125690,3.6790606E-09
0,125700,3.6751981E-09
0,125710,3.6713397E-09
0,125720,3.6674852E-09
0,125730,3.663635E-09
0,125740,3.6597887E-09
0,125750,3.6559464E-09
0,125760,3.6521084E-09
0,125770,3.6482741E-09
0,125780,3.6444439E-09
0,125790,3.6406178E-09
0,125800,3.6367958E-09
0,125810,3.6329777E-09
0,125820,3.6291636E-09
0,125830,3.6253536E-09
0,125840,3.6215475E-09
0,125850,3.6177452E-09
0,125860,3.6139471E-09
0,125870,3.610153E-09
0,125880,3.606363E-09
0,125890,3.602577E-09
0,125900,3.5987946E-09
0,125910,3.5950165E-09
0,125920,3.5912422E-09
0,125930,3.5874719E-09
0,125940,3.5837058E-09
0,125950,3.5799435E-09
0,125960,3.576185E-09
0,125970,3.5724304E-09
0,125980,3.56868E-09
0,125990,3.5649332E-09
0,126000,3.5611907E-09
0,126010,3.557452E-09
0,126020,3.553717E-09
0,126030,3.5499863E-09
0,126040,3.5462593E-09
0,126050,3.5425363E-09
0,126060,3.5388172E-09
0,126070,3.535102E-09
0,126080,3.5313907E-09
0,126090,3.5276833E-09
0,126100,3.5239796E-09
0,126110,3.52028E-09
0,126120,3.5165841E-09
0,126130,3.5128924E-09
0,126140,3.5092043E-09
0,126150,3.50552E-09
0,126160,3.50184E-09
0,126170,3.4981635E-09
0,126180,3.494491E-09
0,126190,3.4908223E-09
0,126200,3.4871575E-09
0,126210,3.4834964E-09
0,126220,3.4798393E-09
0,126230,3.476186E-09
0,126240,3.4725365E-09
0,126250,3.468891E-09
0,126260,3.465249E-09
0,126270,3.461611E-09
0,126280,3.4579768E-09
0,126290,3.4543466E-09
0,126300,3.45072E-09
0,126310,3.4470973E-09
0,126320,3.4434784E-09
0,126330,3.439863E-09
0,126340,3.4362517E-09
0,126350,3.4326442E-09
0,126360,3.4290404E-09
0,126370,3.4254406E-09
0,126380,3.4218444E-09
0,126390,3.418252E-09
0,126400,3.4146632E-09
0,126410,3.4110783E-09
0,126420,3.4074972E-09
0,126430,3.4039198E-09
0,126440,3.4003462E-09
0,126450,3.3967764E-09
0,126460,3.3932102E-09
0,126470,3.389648E-09
0,126480,3.3860892E-09
0,126490,3.3825345E-09
0,126500,3.3789833E-09
0,126510,3.3754357E-09
0,126520,3.371892E-09
0,126530,3.368352E-09
0,126540,3.3648158E-09
0,126550,3.3612833E-09
0,126560,3.3577545E-09
0,126570,3.3542293E-09
0,126580,3.350708E-09
0,126590,3.34719E-09
0,126600,3.343676E-09
0,126610,3.3401657E-09
0,126620,3.336659E-09
0,126630,3.333156E-09
0,126640,3.3296568E-09
0,126650,3.3261611E-09
0,126660,3.322669E-09
0,126670,3.319181E-09
0,126680,3.3156962E-09
0,126690,3.3122152E-09
0,126700,3.3087377E-09
0,126710,3.305264E-09
0,126720,3.3017942E-09
0,126730,3.2983278E-09
0,126740,3.294865E-09
0,126750,3.2914058E-09
0,126760,3.2879504E-09
0,126770,3.2844985E-09
0,126780,3.2810503E-09
0,126790,3.2776057E-09
0,126800,3.2741647E-09
0,126810,3.2707272E-09
0,126820,3.2672935E-09
0,126830,3.2638634E-09
0,126840,3.2604368E-09
0,126850,3.2570138E-09
0,126860,3.2535945E-09
0,126870,3.2501786E-09
0,126880,3.2467664E-09
0,126890,3.2433578E-09
0,126900,3.2399528E-09
0,126910,3.2365512E-09
0,126920,3.2331535E-09
0,126930,3.2297591E-09
0,126940,3.2263683E-09
0,126950,3.2229812E-09
0,126960,3.2195975E-09
0,126970,3.2162175E-09
0,126980,3.2128409E-09
0,126990,3.2094678E-09
0,127000,3.2060983E-09
0,127010,3.2027325E-09
0,127020,3.19937E-09
0,127030,3.1960112E-09
0,127040,3.192656E-09
0,127050,3.189304E-09
0,127060,3.1859557E-09
0,127070,3.182611E-09
0,127080,3.1792697E-09
0,127090,3.175932E-09
0,127100,3.1725977E-09
0,127110,3.1692668E-09
0,127120,3.1659397E-09
0,127130,3.162616E-09
0,127140,3.1592957E-09
0,127150,3.1559788E-09
0,127160,3.1526655E-09
0,127170,3.1493557E-09
0,127180,3.1460494E-09
0,127190,3.1427465E-09
0,127200,3.1394471E-09
0,127210,3.1361511E-09
0,127220,3.1328586E-09
0,127230,3.1295695E-09
0,127240,3.126284E-09
0,127250,3.1230019E-09
0,127260,3.1197231E-09
0,127270,3.116448E-09
0,127280,3.1131762E-09
0,127290,3.1099077E-09
0,127300,3.1066427E-09
0,127310,3.1033813E-09
0,127320,3.1001233E-09
0,127330,3.0968685E-09
0,127340,3.0936174E-09
0,127350,3.0903695E-09
0,127360,3.087125E-09
0,127370,3.083884E-09
0,127380,3.0806464E-09
0,127390,3.0774123E-09
0,127400,3.0741814E-09
0,127410,3.070954E-09
0,127420,3.0677298E-09
0,127430,3.0645093E-09
0,127440,3.0612919E-09
0,127450,3.058078E-09
0,127460,3.0548675E-09
0,127470,3.0516605E-09
0,127480,3.0484566E-09
0,127490,3.0452563E-09
0,127500,3.042059E-09
0,127510,3.0388654E-09
0,127520,3.035675E-09
0,127530,3.032488E-09
0,127540,3.0293044E-09
0,127550,3.026124E-09
0,127560,3.022947E-09
0,127570,3.0197735E-09
0,127580,3.0166032E-09
0,127590,3.0134362E-09
0,127600,3.0102725E-09
0,127610,3.0071121E-09
0,127620,3.003955E-09
0,127630,3.0008014E-09
0,127640,2.997651E-09
0,127650,2.994504E-09
0,127660,2.99136E-09
0,127670,2.9882197E-09
0,127680,2.9850826E-09
0,127690,2.9819487E-09
0,127700,2.978818E-09
0,127710,2.9756906E-09
0,127720,2.9725666E-09
0,127730,2.9694458E-09
0,127740,2.9663285E-09
0,127750,2.9632143E-09
0,127760,2.9601033E-09
0,127770,2.9569955E-09
0,127780,2.9538911E-09
0,127790,2.95079E-09
0,127800,2.9476923E-09
0,127810,2.9445977E-09
0,127820,2.9415061E-09
0,127830,2.938418E-09
0,127840,2.935333E-09
0,127850,2.9322516E-09
0,127860,2.9291731E-09
0,127870,2.9260978E-09
0,127880,2.9230258E-09
0,127890,2.9199572E-09
0,127900,2.9168916E-09
0,127910,2.9138294E-09
0,127920,2.9107703E-09
0,127930,2.9077143E-09
0,127940,2.9046616E-09
0,127950,2.9016123E-09
0,127960,2.898566E-09
0,127970,2.895523E-09
0,127980,2.8924831E-09
0,127990,2.8894465E-09
0,128000,2.8864129E-09
0,128010,2.8833826E-09
0,128020,2.8803555E-09
0,128030,2.8773315E-09
0,128040,2.8743108E-09
0,128050,2.8712932E-09
0,128060,2.8682787E-09
0,128070,2.8652674E-09
0,128080,2.8622593E-09
0,128090,2.8592544E-09
0,128100,2.8562526E-09
0,128110,2.853254E-09
0,128120,2.8502585E-09
0,128130,2.8472662E-09
0,128140,2.844277E-09
0,128150,2.841291E-09
0,128160,2.838308E-09
0,128170,2.8353282E-09
0,128180,2.8323515E-09
0,128190,2.8293778E-09
0,128200,2.8264076E-09
0,128210,2.8234401E-09
0,128220,2.820476E-09
0,128230,2.8175149E-09
0,128240,2.814557E-09
0,128250,2.811602E-09
0,128260,2.8086504E-09
0,128270,2.8057017E-09
0,128280,2.802756E-09
0,128290,2.7998137E-09
0,128300,2.7968743E-09
0,128310,2.793938E-09
0,128320,2.7910048E-09
0,128330,2.7880747E-09
0,128340,2.7851474E-09
0,128350,2.7822236E-09
0,128360,2.7793026E-09
0,128370,2.7763847E-09
0,128380,2.77347E-09
0,128390,2.7705582E-09
0,128400,2.7676497E-09
0,128410,2.764744E-09
0,128420,2.7618414E-09
0,128430,2.7589417E-09
0,128440,2.7560454E-09
0,128450,2.753152E-09
0,128460,2.7502616E-09
0,128470,2.747374E-09
0,128480,2.74449E-09
0,128490,2.7416085E-09
0,128500,2.7387304E-09
0,128510,2.735855E-09
0,128520,2.7329827E-09
0,128530,2.7301135E-09
0,128540,2.7272473E-09
0,128550,2.724384E-09
0,128560,2.721524E-09
0,128570,2.7186666E-09
0,128580,2.7158125E-09
0,128590,2.7129614E-09
0,128600,2.7101132E-09
0,128610,2.707268E-09
0,128620,2.7044258E-09
0,128630,2.7015865E-09
0,128640,2.6987501E-09
0,128650,2.695917E-09
0,128660,2.6930866E-09
0,128670,2.6902593E-09
0,128680,2.687435E-09
0,128690,2.6846134E-09
0,128700,2.681795E-09
0,128710,2.6789795E-09
0,128720,2.676167E-09
0,128730,2.6733575E-09
0,128740,2.670551E-09
0,128750,2.6677471E-09
0,128760,2.6649465E-09
0,128770,2.6621487E-09
0,128780,2.6593538E-09
0,128790,2.6565619E-09
0,128800,2.6537728E-09
0,128810,2.6509868E-09
0,128820,2.6482037E-09
0,128830,2.6454234E-09
0,128840,2.642646E-09
0,128850,2.6398717E-09
0,128860,2.6371003E-09
0,128870,2.6343316E-09
0,128880,2.631566E-09
0,128890,2.6288034E-09
0,128900,2.6260434E-09
0,128910,2.6232865E-09
0,128920,2.6205325E-09
0,128930,2.6177813E-09
0,128940,2.615033E-09
0,128950,2.6122877E-09
0,128960,2.609545E-09
0,128970,2.6068054E-09
0,128980,2.6040687E-09
0,128990,2.6013347E-09
0,129000,2.5986038E-09
0,129010,2.5958757E-09
0,129020,2.5931504E-09
0,129030,2.5904279E-09
0,129040,2.5877083E-09
0,129050,2.5849916E-09
0,129060,2.5822777E-09
0,129070,2.5795668E-09
0,129080,2.5768587E-09
0,129090,2.5741533E-09
0,129100,2.5714508E-09
0,129110,2.5687512E-09
0,129120,2.5660545E-09
0,129130,2.5633604E-09
0,129140,2.5606692E-09
0,129150,2.557981E-09
0,129160,2.5552955E-09
0,129170,2.5526128E-09
0,129180,2.549933E-09
0,129190,2.547256E-09
0,129200,2.5445817E-09
0,129210,2.5419102E-09
0,129220,2.5392415E-09
0,129230,2.5365758E-09
0,129240,2.5339126E-09
0,129250,2.5312525E-09
0,129260,2.5285951E-09
0,129270,2.5259403E-09
0,129280,2.5232885E-09
0,129290,2.5206395E-09
0,129300,2.5179931E-09
0,129310,2.5153497E-09
0,129320,2.512709E-09
0,129330,2.510071E-09
0,129340,2.5074358E-09
0,129350,2.5048033E-09
0,129360,2.5021736E-09
0,129370,2.4995468E-09
0,129380,2.4969227E-09
0,129390,2.4943012E-09
0,129400,2.4916826E-09
0,129410,2.4890667E-09
0,129420,2.4864535E-09
0,129430,2.4838431E-09
0,129440,2.4812354E-09
0,129450,2.4786304E-09
0,129460,2.4760283E-09
0,129470,2.4734288E-09
0,129480,2.4708322E-09
0,129490,2.468238E-09
0,129500,2.4656468E-09
0,129510,2.4630582E-09
0,129520,2.4604725E-09
0,129530,2.4578892E-09
0,129540,2.4553088E-09
0,129550,2.4527311E-09
0,129560,2.4501563E-09
0,129570,2.447584E-09
0,129580,2.4450142E-09
0,129590,2.4424474E-09
0,129600,2.4398832E-09
0,129610,2.4373217E-09
0,129620,2.4347628E-09
0,129630,2.4322067E-09
0,129640,2.4296531E-09
0,129650,2.4271025E-09
0,129660,2.4245543E-09
0,129670,2.422009E-09
0,129680,2.4194662E-09
0,129690,2.4169262E-09
0,129700,2.4143887E-09
0,129710,2.411854E-09
0,129720,2.4093219E-09
0,129730,2.4067925E-09
0,129740,2.4042657E-09
0,129750,2.4017415E-09
0,129760,2.3992202E-09
0,129770,2.3967013E-09
0,129780,2.394185E-09
0,129790,2.3916715E-09
0,129800,2.3891606E-09
0,129810,2.3866524E-09
0,129820,2.3841469E-09
0,129830,2.3816438E-09
0,129840,2.3791433E-09
0,129850,2.3766458E-09
0,129860,2.3741507E-09
0,129870,2.371658E-09
0,129880,2.3691682E-09
0,129890,2.3666809E-09
0,129900,2.3641962E-09
0,129910,2.3617142E-09
0,129920,2.3592348E-09
0,129930,2.356758E-09
0,129940,2.3542837E-09
0,129950,2.351812E-09
0,129960,2.349343E-09
0,129970,2.3468765E-09
0,129980,2.3444127E-09
0,129990,2.3419513E-09
0,130000,2.3394926E-09
0,130010,2.3370366E-09
0,130020,2.334583E-09
0,130030,2.332132E-09
0,130040,2.3296836E-09
0,130050,2.3272377E-09
0,130060,2.3247946E-09
0,130070,2.3223539E-09
0,130080,2.3199158E-09
0,130090,2.3174802E-09
0,130100,2.3150473E-09
0,130110,2.3126168E-09
0,130120,2.3101887E-09
0,130130,2.3077635E-09
0,130140,2.3053406E-09
0,130150,2.3029203E-09
0,130160,2.3005027E-09
0,130170,2.2980875E-09
0,130180,2.2956748E-09
0,130190,2.2932647E-09
0,130200,2.290857E-09
0,130210,2.288452E-09
0,130220,2.2860496E-09
0,130230,2.2836495E-09
0,130240,2.281252E-09
0,130250,2.278857E-09
0,130260,2.2764646E-09
0,130270,2.2740747E-09
0,130280,2.2716873E-09
0,130290,2.2693023E-09
0,130300,2.2669198E-09
0,130310,2.2645399E-09
0,130320,2.2621625E-09
0,130330,2.2597875E-09
0,130340,2.2574151E-09
0,130350,2.2550453E-09
0,130360,2.2526776E-09
0,130370,2.2503128E-09
0,130380,2.2479503E-09
0,130390,2.2455902E-09
0,130400,2.2432327E-09
0,130410,2.2408777E-09
0,130420,2.238525E-09
0,130430,2.236175E-09
0,130440,2.2338273E-09
0,130450,2.231482E-09
0,130460,2.2291393E-09
0,130470,2.2267992E-09
0,130480,2.2244613E-09
0,130490,2.222126E-09
0,130500,2.219793E-09
0,130510,2.2174627E-09
0,130520,2.2151345E-09
0,130530,2.212809E-09
0,130540,2.2104858E-09
0,130550,2.2081652E-09
0,130560,2.205847E-09
0,130570,2.2035311E-09
0,130580,2.2012179E-09
0,130590,2.1989068E-09
0,130600,2.1965982E-09
0,130610,2.1942923E-09
0,130620,2.1919886E-09
0,130630,2.1896873E-09
0,130640,2.1873885E-09
0,130650,2.185092E-09
0,130660,2.182798E-09
0,130670,2.1805064E-09
0,130680,2.1782172E-09
0,130690,2.1759303E-09
0,130700,2.173646E-09
0,130710,2.171364E-09
0,130720,2.1690842E-09
0,130730,2.1668072E-09
0,130740,2.1645323E-09
0,130750,2.16226E-09
0,130760,2.1599897E-09
0,130770,2.1577222E-09
0,130780,2.155457E-09
0,130790,2.1531938E-09
0,130800,2.1509334E-09
0,130810,2.1486752E-09
0,130820,2.1464195E-09
0,130830,2.144166E-09
0,130840,2.141915E-09
0,130850,2.1396662E-09
0,130860,2.13742E-09
0,130870,2.135176E-09
0,130880,2.1329345E-09
0,130890,2.1306952E-09
0,130900,2.1284583E-09
0,130910,2.1262236E-09
0,130920,2.1239914E-09
0,130930,2.1217617E-09
0,130940,2.119534E-09
0,130950,2.1173088E-09
0,130960,2.1150859E-09
0,130970,2.1128654E-09
0,130980,2.1106472E-09
0,130990,2.1084314E-09
0,131000,2.1062179E-09
0,131010,2.1040067E-09
0,131020,2.1017978E-09
0,131030,2.0995912E-09
0,131040,2.097387E-09
0,131050,2.095185E-09
0,131060,2.0929853E-09
0,131070,2.090788E-09
0,131080,2.088593E-09
0,131090,2.0864004E-09
0,131100,2.08421E-09
0,131110,2.0820219E-09
0,131120,2.079836E-09
0,131130,2.0776525E-09
0,131140,2.0754711E-09
0,131150,2.0732922E-09
0,131160,2.0711157E-09
0,131170,2.0689412E-09
0,131180,2.0667692E-09
0,131190,2.0645994E-09
0,131200,2.0624318E-09
0,131210,2.0602666E-09
0,131220,2.0581037E-09
0,131230,2.055943E-09
0,131240,2.0537845E-09
0,131250,2.0516284E-09
0,131260,2.0494744E-09
0,131270,2.0473228E-09
0,131280,2.0451734E-09
0,131290,2.0430264E-09
0,131300,2.0408815E-09
0,131310,2.0387387E-09
0,131320,2.0365984E-09
0,131330,2.0344604E-09
0,131340,2.0323245E-09
0,131350,2.030191E-09
0,131360,2.0280595E-09
0,131370,2.0259303E-09
0,131380,2.0238033E-09
0,131390,2.0216786E-09
0,131400,2.019556E-09
0,131410,2.017436E-09
0,131420,2.015318E-09
0,131430,2.013202E-09
0,131440,2.0110886E-09
0,131450,2.0089772E-09
0,131460,2.0068682E-09
0,131470,2.0047612E-09
0,131480,2.0026565E-09
0,131490,2.000554E-09
0,131500,1.9984536E-09
0,131510,1.9963557E-09
0,131520,1.9942599E-09
0,131530,1.9921662E-09
0,131540,1.9900745E-09
0,131550,1.9879853E-09
0,131560,1.9858983E-09
0,131570,1.9838133E-09
0,131580,1.9817306E-09
0,131590,1.9796502E-09
0,131600,1.9775719E-09
0,131610,1.9754955E-09
0,131620,1.9734216E-09
0,131630,1.9713498E-09
0,131640,1.9692803E-09
0,131650,1.9672128E-09
0,131660,1.9651476E-09
0,131670,1.9630844E-09
0,131680,1.9610233E-09
0,131690,1.9589648E-09
0,131700,1.956908E-09
0,131710,1.9548536E-09
0,131720,1.9528013E-09
0,131730,1.9507511E-09
0,131740,1.9487032E-09
0,131750,1.9466573E-09
0,131760,1.9446136E-09
0,131770,1.942572E-09
0,131780,1.9405326E-09
0,131790,1.9384954E-09
0,131800,1.9364603E-09
0,131810,1.9344273E-09
0,131820,1.9323965E-09
0,131830,1.9303676E-09
0,131840,1.928341E-09
0,131850,1.9263167E-09
0,131860,1.9242943E-09
0,131870,1.922274E-09
0,131880,1.920256E-09
0,131890,1.91824E-09
0,131900,1.916226E-09
0,131910,1.9142143E-09
0,131920,1.9122046E-09
0,131930,1.9101971E-09
0,131940,1.9081918E-09
0,131950,1.9061883E-09
0,131960,1.9041873E-09
0,131970,1.902188E-09
0,131980,1.9001911E-09
0,131990,1.898196E-09
0,132000,1.8962034E-09
0,132010,1.8942126E-09
0,132020,1.892224E-09
0,132030,1.8902373E-09
0,132040,1.8882529E-09
0,132050,1.8862705E-09
0,132060,1.8842903E-09
0,132070,1.882312E-09
0,132080,1.8803359E-09
0,132090,1.878362E-09
0,132100,1.8763897E-09
0,132110,1.87442E-09
0,132120,1.872452E-09
0,132130,1.8704862E-09
0,132140,1.8685224E-09
0,132150,1.866561E-09
0,132160,1.8646011E-09
0,132170,1.8626437E-09
0,132180,1.8606882E-09
0,132190,1.8587347E-09
0,132200,1.8567833E-09
0,132210,1.854834E-09
0,132220,1.8528866E-09
0,132230,1.8509414E-09
0,132240,1.8489982E-09
0,132250,1.8470571E-09
0,132260,1.845118E-09
0,132270,1.8431808E-09
0,132280,1.8412457E-09
0,132290,1.8393127E-09
0,132300,1.8373817E-09
0,132310,1.8354528E-09
0,132320,1.8335258E-09
0,132330,1.8316009E-09
0,132340,1.829678E-09
0,132350,1.8277571E-09
0,132360,1.8258381E-09
0,132370,1.8239213E-09
0,132380,1.8220064E-09
0,132390,1.8200936E-09
0,132400,1.8181828E-09
0,132410,1.816274E-09
0,132420,1.8143672E-09
0,132430,1.8124624E-09
0,132440,1.8105596E-09
0,132450,1.8086588E-09
0,132460,1.8067599E-09
0,132470,1.804863E-09
0,132480,1.8029682E-09
0,132490,1.8010754E-09
0,132500,1.7991846E-09
0,132510,1.7972956E-09
0,132520,1.7954087E-09
0,132530,1.7935239E-09
0,132540,1.791641E-09
0,132550,1.78976E-09
0,132560,1.787881E-09
0,132570,1.786004E-09
0,132580,1.784129E-09
0,132590,1.7822559E-09
0,132600,1.7803847E-09
0,132610,1.7785157E-09
0,132620,1.7766485E-09
0,132630,1.7747832E-09
0,132640,1.7729199E-09
0,132650,1.7710586E-09
0,132660,1.7691993E-09
0,132670,1.7673419E-09
0,132680,1.7654865E-09
0,132690,1.763633E-09
0,132700,1.7617814E-09
0,132710,1.7599319E-09
0,132720,1.7580842E-09
0,132730,1.7562385E-09
0,132740,1.7543946E-09
0,132750,1.7525528E-09
0,132760,1.7507129E-09
0,132770,1.7488749E-09
0,132780,1.7470388E-09
0,132790,1.7452048E-09
0,132800,1.7433726E-09
0,132810,1.7415422E-09
0,132820,1.7397138E-09
0,132830,1.7378874E-09
0,132840,1.736063E-09
0,132850,1.7342403E-09
0,132860,1.7324197E-09
0,132870,1.7306008E-09
0,132880,1.7287839E-09
0,132890,1.726969E-09
0,132900,1.7251559E-09
0,132910,1.7233448E-09
0,132920,1.7215355E-09
0,132930,1.7197281E-09
0,132940,1.7179227E-09
0,132950,1.7161191E-09
0,132960,1.7143175E-09
0,132970,1.7125177E-09
0,132980,1.7107198E-09
0,132990,1.7089238E-09
0,133000,1.7071297E-09
0,133010,1.7053374E-09
0,133020,1.7035471E-09
0,133030,1.7017586E-09
0,133040,1.699972E-09
0,133050,1.6981874E-09
0,133060,1.6964045E-09
0,133070,1.6946236E-09
0,133080,1.6928444E-09
0,133090,1.6910672E-09
0,133100,1.6892918E-09
0,133110,1.6875183E-09
0,133120,1.6857467E-09
0,133130,1.6839768E-09
0,133140,1.6822089E-09
0,133150,1.6804429E-09
0,133160,1.6786786E-09
0,133170,1.6769163E-09
0,133180,1.6751558E-09
0,133190,1.6733971E-09
0,133200,1.6716404E-09
0,133210,1.6698853E-09
0,133220,1.6681322E-09
0,133230,1.6663809E-09
0,133240,1.6646314E-09
0,133250,1.6628838E-09
0,133260,1.6611381E-09
0,133270,1.6593942E-09
0,133280,1.657652E-09
0,133290,1.6559117E-09
0,133300,1.6541732E-09
0,133310,1.6524366E-09
0,133320,1.6507018E-09
0,133330,1.6489689E-09
0,133340,1.6472377E-09
0,133350,1.6455083E-09
0,133360,1.6437808E-09
0,133370,1.642055E-09
0,133380,1.6403311E-09
0,133390,1.638609E-09
0,133400,1.6368887E-09
0,133410,1.6351702E-09
0,133420,1.6334536E-09
0,133430,1.6317386E-09
0,133440,1.6300256E-09
0,133450,1.6283144E-09
0,133460,1.6266049E-09
0,133470,1.6248971E-09
0,133480,1.6231912E-09
0,133490,1.6214872E-09
0,133500,1.6197849E-09
0,133510,1.6180843E-09
0,133520,1.6163856E-09
0,133530,1.6146886E-09
0,133540,1.6129934E-09
0,133550,1.6113E-09
0,133560,1.6096083E-09
0,133570,1.6079186E-09
0,133580,1.6062305E-09
0,133590,1.6045442E-09
0,133600,1.6028596E-09
0,133610,1.6011769E-09
0,133620,1.5994959E-09
0,133630,1.5978167E-09
0,133640,1.5961391E-09
0,133650,1.5944635E-09
0,133660,1.5927895E-09
0,133670,1.5911172E-09
0,133680,1.5894469E-09
0,133690,1.5877782E-09
0,133700,1.5861112E-09
0,133710,1.584446E-09
0,133720,1.5827826E-09
0,133730,1.5811209E-09
0,133740,1.579461E-09
0,133750,1.5778028E-09
0,133760,1.5761463E-09
0,133770,1.5744916E-09
0,133780,1.5728386E-09
0,133790,1.5711874E-09
0,133800,1.5695379E-09
0,133810,1.5678902E-09
0,133820,1.566244E-09
0,133830,1.5645998E-09
0,133840,1.5629571E-09
0,133850,1.5613163E-09
0,133860,1.5596772E-09
0,133870,1.5580397E-09
0,133880,1.556404E-09
0,133890,1.55477E-09
0,133900,1.5531377E-09
0,133910,1.5515071E-09
0,133920,1.5498783E-09
0,133930,1.5482512E-09
0,133940,1.5466257E-09
0,133950,1.545002E-09
0,133960,1.54338E-09
0,133970,1.5417596E-09
0,133980,1.540141E-09
0,133990,1.5385242E-09
0,134000,1.5369089E-09
0,134010,1.5352953E-09
0,134020,1.5336835E-09
0,134030,1.5320734E-09
0,134040,1.530465E-09
0,134050,1.5288583E-09
0,134060,1.5272531E-09
0,134070,1.5256497E-09
0,134080,1.524048E-09
0,134090,1.5224481E-09
0,134100,1.5208497E-09
0,134110,1.5192531E-09
0,134120,1.517658E-09
0,134130,1.5160647E-09
0,134140,1.5144731E-09
0,134150,1.512883E-09
0,134160,1.5112948E-09
0,134170,1.5097081E-09
0,134180,1.5081232E-09
0,134190,1.5065399E-09
0,134200,1.5049583E-09
0,134210,1.5033783E-09
0,134220,1.5017999E-09
0,134230,1.5002233E-09
0,134240,1.4986483E-09
0,134250,1.4970749E-09
0,134260,1.4955032E-09
0,134270,1.4939331E-09
0,134280,1.4923648E-09
0,134290,1.490798E-09
0,134300,1.4892328E-09
0,134310,1.4876694E-09
0,134320,1.4861076E-09
0,134330,1.4845474E-09
0,134340,1.4829888E-09
0,134350,1.4814319E-09
0,134360,1.4798767E-09
0,134370,1.478323E-09
0,134380,1.4767709E-09
0,134390,1.4752205E-09
0,134400,1.4736719E-09
0,134410,1.4721246E-09
0,134420,1.4705791E-09
0,134430,1.4690352E-09
0,134440,1.467493E-09
0,134450,1.4659524E-09
0,134460,1.4644134E-09
0,134470,1.4628759E-09
0,134480,1.46134E-09
0,134490,1.4598059E-09
0,134500,1.4582733E-09
0,134510,1.4567424E-09
0,134520,1.4552131E-09
0,134530,1.4536853E-09
0,134540,1.4521591E-09
0,134550,1.4506345E-09
0,134560,1.4491116E-09
0,134570,1.4475903E-09
0,134580,1.4460705E-09
0,134590,1.4445524E-09
0,134600,1.4430358E-09
0,134610,1.4415208E-09
0,134620,1.4400074E-09
0,134630,1.4384957E-09
0,134640,1.4369854E-09
0,134650,1.4354768E-09
0,134660,1.4339697E-09
0,134670,1.4324643E-09
0,134680,1.4309605E-09
0,134690,1.4294581E-09
0,134700,1.4279574E-09
0,134710,1.4264583E-09
0,134720,1.4249607E-09
0,134730,1.4234647E-09
0,134740,1.4219703E-09
0,134750,1.4204774E-09
0,134760,1.4189862E-09
0,134770,1.4174965E-09
0,134780,1.4160083E-09
0,134790,1.4145216E-09
0,134800,1.4130366E-09
0,134810,1.4115531E-09
0,134820,1.4100713E-09
0,134830,1.4085909E-09
0,134840,1.4071121E-09
0,134850,1.4056348E-09
0,134860,1.4041591E-09
0,134870,1.402685E-09
0,134880,1.4012124E-09
0,134890,1.3997412E-09
0,134900,1.3982717E-09
0,134910,1.3968038E-09
0,134920,1.3953373E-09
0,134930,1.3938725E-09
0,134940,1.3924091E-09
0,134950,1.3909472E-09
0,134960,1.389487E-09
0,134970,1.3880282E-09
0,134980,1.386571E-09
0,134990,1.3851152E-09
0,135000,1.3836612E-09
0,135010,1.3822085E-09
0,135020,1.3807574E-09
0,135030,1.3793078E-09
0,135040,1.3778597E-09
0,135050,1.3764132E-09
0,135060,1.3749681E-09
0,135070,1.3735246E-09
0,135080,1.3720827E-09
0,135090,1.3706422E-09
0,135100,1.3692032E-09
0,135110,1.3677657E-09
0,135120,1.3663298E-09
0,135130,1.3648953E-09
0,135140,1.3634625E-09
0,135150,1.3620309E-09
0,135160,1.3606011E-09
0,135170,1.3591726E-09
0,135180,1.3577457E-09
0,135190,1.3563203E-09
0,135200,1.3548963E-09
0,135210,1.3534739E-09
0,135220,1.3520529E-09
0,135230,1.3506335E-09
0,135240,1.3492155E-09
0,135250,1.3477991E-09
0,135260,1.346384E-09
0,135270,1.3449706E-09
0,135280,1.3435585E-09
0,135290,1.342148E-09
0,135300,1.340739E-09
0,135310,1.3393314E-09
0,135320,1.3379253E-09
0,135330,1.3365207E-09
0,135340,1.3351175E-09
0,135350,1.3337158E-09
0,135360,1.3323156E-09
0,135370,1.3309169E-09
0,135380,1.3295196E-09
0,135390,1.3281238E-09
0,135400,1.3267295E-09
0,135410,1.3253366E-09
0,135420,1.3239452E-09
0,135430,1.3225553E-09
0,135440,1.3211668E-09
0,135450,1.3197797E-09
0,135460,1.3183942E-09
0,135470,1.3170101E-09
0,135480,1.3156274E-09
0,135490,1.3142462E-09
0,135500,1.3128665E-09
0,135510,1.3114881E-09
0,135520,1.3101112E-09
0,135530,1.3087358E-09
0,135540,1.3073619E-09
0,135550,1.3059893E-09
0,135560,1.3046182E-09
0,135570,1.3032486E-09
0,135580,1.3018804E-09
0,135590,1.3005136E-09
0,135600,1.2991482E-09
0,135610,1.2977843E-09
0,135620,1.2964219E-09
0,135630,1.2950608E-09
0,135640,1.2937011E-09
0,135650,1.292343E-09
0,135660,1.2909862E-09
0,135670,1.2896308E-09
0,135680,1.2882769E-09
0,135690,1.2869245E-09
0,135700,1.2855733E-09
0,135710,1.2842237E-09
0,135720,1.2828755E-09
0,135730,1.2815287E-09
0,135740,1.2801832E-09
0,135750,1.2788393E-09
0,135760,1.2774967E-09
0,135770,1.2761554E-09
0,135780,1.2748157E-09
0,135790,1.2734773E-09
0,135800,1.2721404E-09
0,135810,1.2708048E-09
0,135820,1.2694706E-09
0,135830,1.2681379E-09
0,135840,1.2668065E-09
0,135850,1.2654766E-09
0,135860,1.264148E-09
0,135870,1.2628208E-09
0,135880,1.261495E-09
0,135890,1.2601706E-09
0,135900,1.2588477E-09
0,135910,1.2575261E-09
0,135920,1.2562059E-09
0,135930,1.2548871E-09
0,135940,1.2535696E-09
0,135950,1.2522535E-09
0,135960,1.2509389E-09
0,135970,1.2496256E-09
0,135980,1.2483137E-09
0,135990,1.2470031E-09
0,136000,1.2456939E-09
0,136010,1.2443861E-09
0,136020,1.2430798E-09
0,136030,1.2417747E-09
0,136040,1.2404711E-09
0,136050,1.2391687E-09
0,136060,1.2378677E-09
0,136070,1.2365682E-09
0,136080,1.23527E-09
0,136090,1.2339731E-09
0,136100,1.2326776E-09
0,136110,1.2313836E-09
0,136120,1.2300907E-09
0,136130,1.2287993E-09
0,136140,1.2275093E-09
0,136150,1.2262206E-09
0,136160,1.2249333E-09
0,136170,1.2236472E-09
0,136180,1.2223625E-09
0,136190,1.2210792E-09
0,136200,1.2197974E-09
0,136210,1.2185167E-09
0,136220,1.2172374E-09
0,136230,1.2159596E-09
0,136240,1.2146829E-09
0,136250,1.2134077E-09
0,136260,1.2121338E-09
0,136270,1.2108613E-09
0,136280,1.2095901E-09
0,136290,1.2083201E-09
0,136300,1.2070516E-09
0,136310,1.2057844E-09
0,136320,1.2045185E-09
0,136330,1.2032539E-09
0,136340,1.2019907E-09
0,136350,1.2007287E-09
0,136360,1.1994682E-09
0,136370,1.1982089E-09
0,136380,1.196951E-09
0,136390,1.1956943E-09
0,136400,1.1944391E-09
0,136410,1.1931851E-09
0,136420,1.1919324E-09
0,136430,1.1906811E-09
0,136440,1.189431E-09
0,136450,1.1881823E-09
0,136460,1.1869349E-09
0,136470,1.1856888E-09
0,136480,1.184444E-09
0,136490,1.1832005E-09
0,136500,1.1819583E-09
0,136510,1.1807174E-09
0,136520,1.1794778E-09
0,136530,1.1782396E-09
0,136540,1.1770026E-09
0,136550,1.1757669E-09
0,136560,1.1745326E-09
0,136570,1.1732995E-09
0,136580,1.1720677E-09
0,136590,1.1708372E-09
0,136600,1.169608E-09
0,136610,1.1683801E-09
0,136620,1.1671535E-09
0,136630,1.1659281E-09
0,136640,1.164704E-09
0,136650,1.1634813E-09
0,136660,1.1622598E-09
0,136670,1.1610396E-09
0,136680,1.1598207E-09
0,136690,1.1586031E-09
0,136700,1.1573866E-09
0,136710,1.1561716E-09
0,136720,1.1549578E-09
0,136730,1.1537452E-09
0,136740,1.152534E-09
0,136750,1.151324E-09
0,136760,1.1501153E-09
0,136770,1.1489079E-09
0,136780,1.1477016E-09
0,136790,1.1464968E-09
0,136800,1.1452931E-09
0,136810,1.1440907E-09
0,136820,1.1428896E-09
0,136830,1.1416897E-09
0,136840,1.1404911E-09
0,136850,1.1392938E-09
0,136860,1.1380977E-09
0,136870,1.1369029E-09
0,136880,1.1357093E-09
0,136890,1.1345169E-09
0,136900,1.1333259E-09
0,136910,1.132136E-09
0,136920,1.1309474E-09
0,136930,1.1297602E-09
0,136940,1.1285741E-09
0,136950,1.1273892E-09
0,136960,1.1262057E-09
0,136970,1.1250233E-09
0,136980,1.1238422E-09
0,136990,1.1226623E-09
0,137000,1.1214837E-09
0,137010,1.1203063E-09
0,137020,1.1191301E-09
0,137030,1.1179552E-09
0,137040,1.1167816E-09
0,137050,1.115609E-09
0,137060,1.1144379E-09
0,137070,1.1132679E-09
0,137080,1.1120991E-09
0,137090,1.1109316E-09
0,137100,1.1097653E-09
0,137110,1.1086002E-09
0,137120,1.1074364E-09
0,137130,1.1062736E-09
0,137140,1.1051122E-09
0,137150,1.103952E-09
0,137160,1.1027931E-09
0,137170,1.1016353E-09
0,137180,1.1004787E-09
0,137190,1.0993234E-09
0,137200,1.0981692E-09
0,137210,1.0970164E-09
0,137220,1.0958646E-09
0,137230,1.0947142E-09
0,137240,1.0935649E-09
0,137250,1.0924168E-09
0,137260,1.09127E-09
0,137270,1.0901242E-09
0,137280,1.0889798E-09
0,137290,1.0878365E-09
0,137300,1.0866944E-09
0,137310,1.0855535E-09
0,137320,1.0844139E-09
0,137330,1.0832755E-09
0,137340,1.0821382E-09
0,137350,1.0810021E-09
0,137360,1.0798672E-09
0,137370,1.0787334E-09
0,137380,1.077601E-09
0,137390,1.0764697E-09
0,137400,1.0753395E-09
0,137410,1.0742106E-09
0,137420,1.0730828E-09
0,137430,1.0719562E-09
0,137440,1.0708309E-09
0,137450,1.0697067E-09
0,137460,1.0685836E-09
0,137470,1.0674618E-09
0,137480,1.0663411E-09
0,137490,1.0652216E-09
0,137500,1.0641032E-09
0,137510,1.0629861E-09
0,137520,1.0618701E-09
0,137530,1.0607554E-09
0,137540,1.0596417E-09
0,137550,1.0585293E-09
0,137560,1.0574179E-09
0,137570,1.0563078E-09
0,137580,1.0551988E-09
0,137590,1.054091E-09
0,137600,1.0529844E-09
0,137610,1.0518789E-09
0,137620,1.0507746E-09
0,137630,1.0496715E-09
0,137640,1.0485695E-09
0,137650,1.0474686E-09
0,137660,1.0463689E-09
0,137670,1.0452704E-09
0,137680,1.044173E-09
0,137690,1.0430767E-09
0,137700,1.0419817E-09
0,137710,1.0408878E-09
0,137720,1.039795E-09
0,137730,1.0387033E-09
0,137740,1.0376129E-09
0,137750,1.0365235E-09
0,137760,1.0354354E-09
0,137770,1.0343483E-09
0,137780,1.0332624E-09
0,137790,1.0321776E-09
0,137800,1.031094E-09
0,137810,1.0300115E-09
0,137820,1.0289302E-09
0,137830,1.0278499E-09
0,137840,1.0267708E-09
0,137850,1.0256929E-09
0,137860,1.0246161E-09
0,137870,1.0235404E-09
0,137880,1.0224658E-09
0,137890,1.0213923E-09
0,137900,1.02032E-09
0,137910,1.0192488E-09
0,137920,1.0181788E-09
0,137930,1.0171098E-09
0,137940,1.016042E-09
0,137950,1.0149753E-09
0,137960,1.0139097E-09
0,137970,1.0128454E-09
0,137980,1.011782E-09
0,137990,1.0107197E-09
0,138000,1.0096587E-09
0,138010,1.0085986E-09
0,138020,1.0075398E-09
0,138030,1.006482E-09
0,138040,1.0054254E-09
0,138050,1.0043698E-09
0,138060,1.0033154E-09
0,138070,1.002262E-09
0,138080,1.0012098E-09
0,138090,1.0001587E-09
0,138100,9.991087E-10
0,138110,9.980597E-10
0,138120,9.970119E-10
0,138130,9.959653E-10
0,138140,9.949196E-10
0,138150,9.938751E-10
0,138160,9.928317E-10
0,138170,9.917893E-10
0,138180,9.907482E-10
0,138190,9.89708E-10
0,138200,9.886689E-10
0,138210,9.87631E-10
0,138220,9.865941E-10
0,138230,9.855584E-10
0,138240,9.845237E-10
0,138250,9.834901E-10
0,138260,9.824576E-10
0,138270,9.814262E-10
0,138280,9.803958E-10
0,138290,9.793665E-10
0,138300,9.783383E-10
0,138310,9.773112E-10
0,138320,9.762852E-10
0,138330,9.752602E-10
0,138340,9.742364E-10
0,138350,9.732135E-10
0,138360,9.721918E-10
0,138370,9.711711E-10
0,138380,9.701515E-10
0,138390,9.69133E-10
0,138400,9.681156E-10
0,138410,9.670992E-10
0,138420,9.660839E-10
0,138430,9.650697E-10
0,138440,9.640565E-10
0,138450,9.630444E-10
0,138460,9.620333E-10
0,138470,9.610234E-10
0,138480,9.600144E-10
0,138490,9.590065E-10
0,138500,9.579997E-10
0,138510,9.569939E-10
0,138520,9.559893E-10
0,138530,9.549856E-10
0,138540,9.53983E-10
0,138550,9.529815E-10
0,138560,9.51981E-10
0,138570,9.509815E-10
0,138580,9.499832E-10
0,138590,9.489858E-10
0,138600,9.479896E-10
0,138610,9.469943E-10
0,138620,9.460001E-10
0,138630,9.45007E-10
0,138640,9.440148E-10
0,138650,9.430238E-10
0,138660,9.420337E-10
0,138670,9.410447E-10
0,138680,9.400567E-10
0,138690,9.390698E-10
0,138700,9.380839E-10
0,138710,9.370991E-10
0,138720,9.361153E-10
0,138730,9.351325E-10
0,138740,9.341508E-10
0,138750,9.3317E-10
0,138760,9.321903E-10
0,138770,9.3121166E-10
0,138780,9.3023406E-10
0,138790,9.2925745E-10
0,138800,9.2828184E-10
0,138810,9.273073E-10
0,138820,9.263338E-10
0,138830,9.2536123E-10
0,138840,9.243898E-10
0,138850,9.234193E-10
0,138860,9.2244984E-10
0,138870,9.214814E-10
0,138880,9.20514E-10
0,138890,9.195476E-10
0,138900,9.185822E-10
0,138910,9.176178E-10
0,138920,9.166545E-10
0,138930,9.1569213E-10
0,138940,9.147308E-10
0,138950,9.1377045E-10
0,138960,9.128111E-10
0,138970,9.118528E-10
0,138980,9.108955E-10
0,138990,9.099392E-10
0,139000,9.089839E-10
0,139010,9.080296E-10
0,139020,9.070763E-10
0,139030,9.06124E-10
0,139040,9.051727E-10
0,139050,9.042224E-10
0,139060,9.032731E-10
0,139070,9.023248E-10
0,139080,9.0137753E-10
0,139090,9.0043123E-10
0,139100,8.994859E-10
0,139110,8.985416E-10
0,139120,8.975982E-10
0,139130,8.9665586E-10
0,139140,8.957145E-10
0,139150,8.9477414E-10
0,139160,8.938348E-10
0,139170,8.9289637E-10
0,139180,8.9195895E-10
0,139190,8.9102253E-10
0,139200,8.900871E-10
0,139210,8.8915264E-10
0,139220,8.8821916E-10
0,139230,8.872867E-10
0,139240,8.8635516E-10
0,139250,8.854246E-10
0,139260,8.8449503E-10
0,139270,8.835665E-10
0,139280,8.8263885E-10
0,139290,8.817122E-10
0,139300,8.8078655E-10
0,139310,8.7986185E-10
0,139320,8.7893814E-10
0,139330,8.780154E-10
0,139340,8.7709356E-10
0,139350,8.7617275E-10
0,139360,8.752529E-10
0,139370,8.7433405E-10
0,139380,8.734161E-10
0,139390,8.724992E-10
0,139400,8.715832E-10
0,139410,8.7066815E-10
0,139420,8.6975405E-10
0,139430,8.6884094E-10
0,139440,8.679288E-10
0,139450,8.670176E-10
0,139460,8.6610735E-10
0,139470,8.651981E-10
0,139480,8.6428975E-10
0,139490,8.6338237E-10
0,139500,8.62476E-10
0,139510,8.615705E-10
0,139520,8.60666E-10
0,139530,8.597624E-10
0,139540,8.5885976E-10
0,139550,8.579581E-10
0,139560,8.5705737E-10
0,139570,8.561576E-10
0,139580,8.5525875E-10
0,139590,8.5436086E-10
0,139600,8.534639E-10
0,139610,8.525679E-10
0,139620,8.5167284E-10
0,139630,8.507787E-10
0,139640,8.498855E-10
0,139650,8.4899326E-10
0,139660,8.481019E-10
0,139670,8.472115E-10
0,139680,8.463221E-10
0,139690,8.454336E-10
0,139700,8.4454604E-10
0,139710,8.4365936E-10
0,139720,8.4277363E-10
0,139730,8.4188884E-10
0,139740,8.41005E-10
0,139750,8.401221E-10
0,139760,8.3924007E-10
0,139770,8.38359E-10
0,139780,8.3747886E-10
0,139790,8.365996E-10
0,139800,8.357213E-10
0,139810,8.348439E-10
0,139820,8.3396745E-10
0,139830,8.3309193E-10
0,139840,8.322173E-10
0,139850,8.313436E-10
0,139860,8.304708E-10
0,139870,8.2959895E-10
0,139880,8.28728E-10
0,139890,8.2785795E-10
0,139900,8.269888E-10
0,139910,8.261206E-10
0,139920,8.252533E-10
0,139930,8.243869E-10
0,139940,8.235214E-10
0,139950,8.2265683E-10
0,139960,8.217932E-10
0,139970,8.2093043E-10
0,139980,8.2006857E-10
0,139990,8.1920765E-10
0,140000,8.1834756E-10
0,140010,8.174884E-10
0,140020,8.166302E-10
0,140030,8.1577284E-10
0,140040,8.149164E-10
0,140050,8.140609E-10
0,140060,8.132062E-10
0,140070,8.1235246E-10
0,140080,8.1149965E-10
0,140090,8.1064766E-10
0,140100,8.097966E-10
0,140110,8.0894647E-10
0,140120,8.080972E-10
0,140130,8.072488E-10
0,140140,8.0640133E-10
0,140150,8.0555473E-10
0,140160,8.04709E-10
0,140170,8.038642E-10
0,140180,8.0302026E-10
0,140190,8.0217716E-10
0,140200,8.01335E-10
0,140210,8.004937E-10
0,140220,7.9965334E-10
0,140230,7.9881385E-10
0,140240,7.979752E-10
0,140250,7.971374E-10
0,140260,7.963006E-10
0,140270,7.954646E-10
0,140280,7.946294E-10
0,140290,7.937952E-10
0,140300,7.929618E-10
0,140310,7.9212936E-10
0,140320,7.912977E-10
0,140330,7.9046697E-10
0,140340,7.8963713E-10
0,140350,7.8880813E-10
0,140360,7.8797996E-10
0,140370,7.8715273E-10
0,140380,7.8632634E-10
0,140390,7.855008E-10
0,140400,7.8467616E-10
0,140410,7.8385237E-10
0,140420,7.830294E-10
0,140430,7.8220735E-10
0,140440,7.813861E-10
0,140450,7.8056583E-10
0,140460,7.797463E-10
0,140470,7.789277E-10
0,140480,7.7810997E-10
0,140490,7.7729306E-10
0,140500,7.76477E-10
0,140510,7.756618E-10
0,140520,7.748475E-10
0,140530,7.7403406E-10
0,140540,7.7322143E-10
0,140550,7.7240964E-10
0,140560,7.7159873E-10
0,140570,7.7078866E-10
0,140580,7.6997947E-10
0,140590,7.691711E-10
0,140600,7.683636E-10
0,140610,7.675569E-10
0,140620,7.667511E-10
0,140630,7.659461E-10
0,140640,7.65142E-10
0,140650,7.643387E-10
0,140660,7.6353623E-10
0,140670,7.6273465E-10
0,140680,7.619339E-10
0,140690,7.61134E-10
0,140700,7.603349E-10
0,140710,7.5953666E-10
0,140720,7.587393E-10
0,140730,7.579427E-10
0,140740,7.5714696E-10
0,140750,7.563521E-10
0,140760,7.5555806E-10
0,140770,7.547648E-10
0,140780,7.5397244E-10
0,140790,7.5318085E-10
0,140800,7.5239015E-10
0,140810,7.516002E-10
0,140820,7.508112E-10
0,140830,7.5002293E-10
0,140840,7.492355E-10
0,140850,7.484489E-10
0,140860,7.4766315E-10
0,140870,7.468782E-10
0,140880,7.4609413E-10
0,140890,7.4531087E-10
0,140900,7.445284E-10
0,140910,7.4374673E-10
0,140920,7.429659E-10
0,140930,7.421859E-10
0,140940,7.414067E-10
0,140950,7.4062834E-10
0,140960,7.398508E-10
0,140970,7.390741E-10
0,140980,7.3829814E-10
0,140990,7.3752304E-10
0,141000,7.367488E-10
0,141010,7.359753E-10
0,141020,7.352026E-10
0,141030,7.3443074E-10
0,141040,7.3365974E-10
0,141050,7.3288947E-10
0,141060,7.321201E-10
0,141070,7.313515E-10
0,141080,7.3058365E-10
0,141090,7.2981665E-10
0,141100,7.2905043E-10
0,141110,7.2828504E-10
0,141120,7.2752043E-10
0,141130,7.2675665E-10
0,141140,7.2599365E-10
0,141150,7.252315E-10
0,141160,7.244701E-10
0,141170,7.2370954E-10
0,141180,7.2294976E-10
0,141190,7.2219075E-10
0,141200,7.214326E-10
0,141210,7.2067513E-10
0,141220,7.1991857E-10
0,141230,7.1916273E-10
0,141240,7.184077E-10
0,141250,7.1765355E-10
0,141260,7.169001E-10
0,141270,7.161474E-10
0,141280,7.153956E-10
0,141290,7.1464457E-10
0,141300,7.138943E-10
0,141310,7.131448E-10
0,141320,7.123961E-10
0,141330,7.116482E-10
0,141340,7.1090106E-10
0,141350,7.101547E-10
0,141360,7.0940914E-10
0,141370,7.086644E-10
0,141380,7.079204E-10
0,141390,7.071772E-10
0,141400,7.0643474E-10
0,141410,7.056931E-10
0,141420,7.049522E-10
0,141430,7.0421213E-10
0,141440,7.0347284E-10
0,141450,7.0273426E-10
0,141460,7.019965E-10
0,141470,7.012595E-10
0,141480,7.005233E-10
0,141490,6.9978784E-10
0,141500,6.990532E-10
0,141510,6.983193E-10
0,141520,6.9758616E-10
0,141530,6.968538E-10
0,141540,6.961222E-10
0,141550,6.9539136E-10
0,141560,6.9466133E-10
0,141570,6.93932E-10
0,141580,6.932035E-10
0,141590,6.9247574E-10
0,141600,6.9174877E-10
0,141610,6.910225E-10
0,141620,6.9029704E-10
0,141630,6.8957234E-10
0,141640,6.8884837E-10
0,141650,6.8812517E-10
0,141660,6.8740275E-10
0,141670,6.866811E-10
0,141680,6.859602E-10
0,141690,6.8524003E-10
0,141700,6.845206E-10
0,141710,6.8380196E-10
0,141720,6.830841E-10
0,141730,6.8236694E-10
0,141740,6.8165057E-10
0,141750,6.809349E-10
0,141760,6.8022005E-10
0,141770,6.7950595E-10
0,141780,6.787926E-10
0,141790,6.780799E-10
0,141800,6.7736805E-10
0,141810,6.766569E-10
0,141820,6.759465E-10
0,141830,6.7523687E-10
0,141840,6.74528E-10
0,141850,6.7381983E-10
0,141860,6.731124E-10
0,141870,6.7240574E-10
0,141880,6.716998E-10
0,141890,6.7099465E-10
0,141900,6.702902E-10
0,141910,6.695865E-10
0,141920,6.688835E-10
0,141930,6.681813E-10
0,141940,6.674798E-10
0,141950,6.66779E-10
0,141960,6.66079E-10
0,141970,6.6537975E-10
0,141980,6.646812E-10
0,141990,6.6398337E-10
0,142000,6.632863E-10
0,142010,6.625899E-10
0,142020,6.618943E-10
0,142030,6.6119943E-10
0,142040,6.6050526E-10
0,142050,6.598118E-10
0,142060,6.5911915E-10
0,142070,6.5842715E-10
0,142080,6.577359E-10
0,142090,6.570454E-10
0,142100,6.563556E-10
0,142110,6.556665E-10
0,142120,6.549782E-10
0,142130,6.542905E-10
0,142140,6.536036E-10
0,142150,6.5291744E-10
0,142160,6.52232E-10
0,142170,6.515472E-10
0,142180,6.508632E-10
0,142190,6.501799E-10
0,142200,6.494973E-10
0,142210,6.4881545E-10
0,142220,6.4813427E-10
0,142230,6.474538E-10
0,142240,6.467741E-10
0,142250,6.4609507E-10
0,142260,6.454168E-10
0,142270,6.447392E-10
0,142280,6.440623E-10
0,142290,6.433861E-10
0,142300,6.4271066E-10
0,142310,6.420359E-10
0,142320,6.4136185E-10
0,142330,6.4068856E-10
0,142340,6.4001593E-10
0,142350,6.3934397E-10
0,142360,6.386728E-10
0,142370,6.3800226E-10
0,142380,6.3733246E-10
0,142390,6.3666333E-10
0,142400,6.35995E-10
0,142410,6.3532724E-10
0,142420,6.3466027E-10
0,142430,6.3399397E-10
0,142440,6.3332833E-10
0,142450,6.326635E-10
0,142460,6.3199923E-10
0,142470,6.3133576E-10
0,142480,6.3067296E-10
0,142490,6.300108E-10
0,142500,6.293494E-10
0,142510,6.286887E-10
0,142520,6.280287E-10
0,142530,6.273693E-10
0,142540,6.267107E-10
0,142550,6.260527E-10
0,142560,6.2539546E-10
0,142570,6.2473887E-10
0,142580,6.24083E-10
0,142590,6.234278E-10
0,142600,6.2277333E-10
0,142610,6.2211947E-10
0,142620,6.214664E-10
0,142630,6.208139E-10
0,142640,6.2016214E-10
0,142650,6.1951105E-10
0,142660,6.188607E-10
0,142670,6.18211E-10
0,142680,6.1756195E-10
0,142690,6.169136E-10
0,142700,6.162659E-10
0,142710,6.1561894E-10
0,142720,6.1497263E-10
0,142730,6.14327E-10
0,142740,6.1368205E-10
0,142750,6.130378E-10
0,142760,6.123942E-10
0,142770,6.1175126E-10
0,142780,6.11109E-10
0,142790,6.1046745E-10
0,142800,6.098265E-10
0,142810,6.091863E-10
0,142820,6.0854677E-10
0,142830,6.079079E-10
0,142840,6.072696E-10
0,142850,6.0663213E-10
0,142860,6.0599525E-10
0,142870,6.0535904E-10
0,142880,6.047235E-10
0,142890,6.040886E-10
0,142900,6.034544E-10
0,142910,6.028209E-10
0,142920,6.02188E-10
0,142930,6.015558E-10
0,142940,6.0092425E-10
0,142950,6.0029337E-10
0,142960,5.9966315E-10
0,142970,5.990336E-10
0,142980,5.984047E-10
0,142990,5.977765E-10
0,143000,5.971489E-10
0,143010,5.96522E-10
0,143020,5.958957E-10
0,143030,5.952701E-10
0,143040,5.9464517E-10
0,143050,5.940209E-10
0,143060,5.933973E-10
0,143070,5.927743E-10
0,143080,5.9215194E-10
0,143090,5.9153027E-10
0,143100,5.9090927E-10
0,143110,5.9028893E-10
0,143120,5.896692E-10
0,143130,5.8905014E-10
0,143140,5.884317E-10
0,143150,5.878139E-10
0,143160,5.8719685E-10
0,143170,5.8658034E-10
0,143180,5.8596455E-10
0,143190,5.853493E-10
0,143200,5.847348E-10
0,143210,5.841209E-10
0,143220,5.835077E-10
0,143230,5.828951E-10
0,143240,5.8228317E-10
0,143250,5.816718E-10
0,143260,5.8106114E-10
0,143270,5.8045113E-10
0,143280,5.798418E-10
0,143290,5.79233E-10
0,143300,5.786249E-10
0,143310,5.780174E-10
0,143320,5.774106E-10
0,143330,5.768044E-10
0,143340,5.7619887E-10
0,143350,5.755939E-10
0,143360,5.749896E-10
0,143370,5.74386E-10
0,143380,5.7378297E-10
0,143390,5.7318056E-10
0,143400,5.725788E-10
0,143410,5.719777E-10
0,143420,5.713772E-10
0,143430,5.7077737E-10
0,143440,5.701781E-10
0,143450,5.695795E-10
0,143460,5.6898153E-10
0,143470,5.6838423E-10
0,143480,5.677875E-10
0,143490,5.671914E-10
0,143500,5.6659594E-10
0,143510,5.660011E-10
0,143520,5.654069E-10
0,143530,5.6481325E-10
0,143540,5.642203E-10
0,143550,5.63628E-10
0,143560,5.6303623E-10
0,143570,5.6244515E-10
0,143580,5.618546E-10
0,143590,5.6126476E-10
0,143600,5.6067556E-10
0,143610,5.600869E-10
0,143620,5.594989E-10
0,143630,5.5891153E-10
0,143640,5.583247E-10
0,143650,5.577386E-10
0,143660,5.5715305E-10
0,143670,5.565681E-10
0,143680,5.559838E-10
0,143690,5.554001E-10
0,143700,5.54817E-10
0,143710,5.5423455E-10
0,143720,5.536527E-10
0,143730,5.530714E-10
0,143740,5.524908E-10
0,143750,5.5191074E-10
0,143760,5.513313E-10
0,143770,5.507525E-10
0,143780,5.501743E-10
0,143790,5.495967E-10
0,143800,5.490197E-10
0,143810,5.484433E-10
0,143820,5.4786753E-10
0,143830,5.472924E-10
0,143840,5.467178E-10
0,143850,5.461438E-10
0,143860,5.455704E-10
0,143870,5.4499766E-10
0,143880,5.444255E-10
0,143890,5.4385396E-10
0,143900,5.43283E-10
0,143910,5.427126E-10
0,143920,5.4214283E-10
0,143930,5.415737E-10
0,143940,5.410051E-10
0,143950,5.4043714E-10
0,143960,5.3986976E-10
0,143970,5.3930294E-10
0,143980,5.387368E-10
0,143990,5.381712E-10
0,144000,5.376062E-10
0,144010,5.370418E-10
0,144020,5.36478E-10
0,144030,5.3591476E-10
0,144040,5.353521E-10
0,144050,5.3479005E-10
0,144060,5.342286E-10
0,144070,5.336678E-10
0,144080,5.331075E-10
0,144090,5.325478E-10
0,144100,5.319887E-10
0,144110,5.314302E-10
0,144120,5.308723E-10
0,144130,5.3031496E-10
0,144140,5.297582E-10
0,144150,5.29202E-10
0,144160,5.286464E-10
0,144170,5.2809146E-10
0,144180,5.27537E-10
0,144190,5.269832E-10
0,144200,5.2642996E-10
0,144210,5.2587723E-10
0,144220,5.253252E-10
0,144230,5.2477367E-10
0,144240,5.242227E-10
0,144250,5.236724E-10
0,144260,5.231226E-10
0,144270,5.225734E-10
0,144280,5.2202476E-10
0,144290,5.214767E-10
0,144300,5.2092924E-10
0,144310,5.2038235E-10
0,144320,5.19836E-10
0,144330,5.192903E-10
0,144340,5.187451E-10
0,144350,5.182005E-10
0,144360,5.176565E-10
0,144370,5.17113E-10
0,144380,5.165701E-10
0,144390,5.160278E-10
0,144400,5.1548604E-10
0,144410,5.1494486E-10
0,144420,5.1440424E-10
0,144430,5.138642E-10
0,144440,5.133247E-10
0,144450,5.1278576E-10
0,144460,5.122474E-10
0,144470,5.117097E-10
0,144480,5.1117244E-10
0,144490,5.1063576E-10
0,144500,5.100997E-10
0,144510,5.0956417E-10
0,144520,5.090292E-10
0,144530,5.084948E-10
0,144540,5.0796095E-10
0,144550,5.0742766E-10
0,144560,5.068949E-10
0,144570,5.063628E-10
0,144580,5.0583115E-10
0,144590,5.0530014E-10
0,144600,5.047696E-10
0,144610,5.042397E-10
0,144620,5.037103E-10
0,144630,5.031815E-10
0,144640,5.0265325E-10
0,144650,5.021255E-10
0,144660,5.015984E-10
0,144670,5.0107174E-10
0,144680,5.005457E-10
0,144690,5.000202E-10
0,144700,4.994953E-10
0,144710,4.9897086E-10
0,144720,4.98447E-10
0,144730,4.9792376E-10
0,144740,4.97401E-10
0,144750,4.968788E-10
0,144760,4.963571E-10
0,144770,4.9583604E-10
0,144780,4.953155E-10
0,144790,4.947955E-10
0,144800,4.94276E-10
0,144810,4.937571E-10
0,144820,4.932387E-10
0,144830,4.927209E-10
0,144840,4.922036E-10
0,144850,4.9168686E-10
0,144860,4.9117066E-10
0,144870,4.90655E-10
0,144880,4.9013993E-10
0,144890,4.8962534E-10
0,144900,4.891113E-10
0,144910,4.8859783E-10
0,144920,4.8808485E-10
0,144930,4.875724E-10
0,144940,4.8706056E-10
0,144950,4.8654925E-10
0,144960,4.8603843E-10
0,144970,4.855282E-10
0,144980,4.850184E-10
0,144990,4.845092E-10
0,145000,4.8400056E-10
0,145010,4.834924E-10
0,145020,4.829848E-10
0,145030,4.824778E-10
0,145040,4.8197124E-10
0,145050,4.8146526E-10
0,145060,4.8095977E-10
0,145070,4.8045484E-10
0,145080,4.799504E-10
0,145090,4.7944654E-10
0,145100,4.789432E-10
0,145110,4.784404E-10
0,145120,4.779381E-10
0,145130,4.774363E-10
0,145140,4.769351E-10
0,145150,4.764344E-10
0,145160,4.759342E-10
0,145170,4.754345E-10
0,145180,4.749354E-10
0,145190,4.744368E-10
0,145200,4.739387E-10
0,145210,4.734412E-10
0,145220,4.7294413E-10
0,145230,4.724476E-10
0,145240,4.719516E-10
0,145250,4.714561E-10
0,145260,4.7096116E-10
0,145270,4.704667E-10
0,145280,4.699728E-10
0,145290,4.694794E-10
0,145300,4.689865E-10
0,145310,4.6849413E-10
0,145320,4.680023E-10
0,145330,4.67511E-10
0,145340,4.6702014E-10
0,145350,4.665298E-10
0,145360,4.6604004E-10
0,145370,4.6555076E-10
0,145380,4.6506202E-10
0,145390,4.6457377E-10
0,145400,4.6408605E-10
0,145410,4.6359883E-10
0,145420,4.631121E-10
0,145430,4.626259E-10
0,145440,4.6214021E-10
0,145450,4.6165505E-10
0,145460,4.6117038E-10
0,145470,4.606862E-10
0,145480,4.6020257E-10
0,145490,4.5971943E-10
0,145500,4.592368E-10
0,145510,4.5875465E-10
0,145520,4.5827303E-10
0,145530,4.5779192E-10
0,145540,4.573113E-10
0,145550,4.5683118E-10
0,145560,4.563516E-10
0,145570,4.5587248E-10
0,145580,4.553939E-10
0,145590,4.549158E-10
0,145600,4.5443818E-10
0,145610,4.539611E-10
0,145620,4.5348453E-10
0,145630,4.5300844E-10
0,145640,4.5253284E-10
0,145650,4.5205772E-10
0,145660,4.5158313E-10
0,145670,4.5110904E-10
0,145680,4.5063545E-10
0,145690,4.5016235E-10
0,145700,4.4968976E-10
0,145710,4.4921764E-10
0,145720,4.4874604E-10
0,145730,4.4827492E-10
0,145740,4.478043E-10
0,145750,4.4733417E-10
0,145760,4.4686455E-10
0,145770,4.463954E-10
0,145780,4.4592674E-10
0,145790,4.454586E-10
0,145800,4.4499093E-10
0,145810,4.4452375E-10
0,145820,4.4405707E-10
0,145830,4.4359086E-10
0,145840,4.4312518E-10
0,145850,4.4265994E-10
0,145860,4.4219522E-10
0,145870,4.4173099E-10
0,145880,4.4126724E-10
0,145890,4.4080398E-10
0,145900,4.4034118E-10
0,145910,4.3987888E-10
0,145920,4.3941709E-10
0,145930,4.3895576E-10
0,145940,4.3849493E-10
0,145950,4.3803458E-10
0,145960,4.375747E-10
0,145970,4.3711532E-10
0,145980,4.366564E-10
0,145990,4.36198E-10
0,146000,4.3574006E-10
0,146010,4.352826E-10
0,146020,4.348256E-10
0,146030,4.343691E-10
0,146040,4.3391307E-10
0,146050,4.3345755E-10
0,146060,4.3300247E-10
0,146070,4.325479E-10
0,146080,4.3209378E-10
0,146090,4.3164014E-10
0,146100,4.3118698E-10
0,146110,4.307343E-10
0,146120,4.302821E-10
0,146130,4.2983037E-10
0,146140,4.293791E-10
0,146150,4.289283E-10
0,146160,4.28478E-10
0,146170,4.2802817E-10
0,146180,4.275788E-10
0,146190,4.2712991E-10
0,146200,4.2668147E-10
0,146210,4.2623352E-10
0,146220,4.2578605E-10
0,146230,4.2533904E-10
0,146240,4.2489248E-10
0,146250,4.2444642E-10
0,146260,4.240008E-10
0,146270,4.235557E-10
0,146280,4.2311102E-10
0,146290,4.2266682E-10
0,146300,4.2222306E-10
0,146310,4.217798E-10
0,146320,4.21337E-10
0,146330,4.2089465E-10
0,146340,4.2045278E-10
0,146350,4.2001136E-10
0,146360,4.195704E-10
0,146370,4.1912993E-10
0,146380,4.186899E-10
0,146390,4.1825035E-10
0,146400,4.1781123E-10
0,146410,4.173726E-10
0,146420,4.1693443E-10
0,146430,4.164967E-10
0,146440,4.1605944E-10
0,146450,4.1562265E-10
0,146460,4.151863E-10
0,146470,4.1475043E-10
0,146480,4.14315E-10
0,146490,4.1388E-10
0,146500,4.134455E-10
0,146510,4.1301146E-10
0,146520,4.1257786E-10
0,146530,4.121447E-10
0,146540,4.1171203E-10
0,146550,4.112798E-10
0,146560,4.10848E-10
0,146570,4.1041667E-10
0,146580,4.099858E-10
0,146590,4.0955536E-10
0,146600,4.091254E-10
0,146610,4.0869588E-10
0,146620,4.082668E-10
0,146630,4.0783818E-10
0,146640,4.0741002E-10
0,146650,4.069823E-10
0,146660,4.0655504E-10
0,146670,4.0612821E-10
0,146680,4.0570183E-10
0,146690,4.052759E-10
0,146700,4.0485043E-10
0,146710,4.044254E-10
0,146720,4.040008E-10
0,146730,4.0357667E-10
0,146740,4.0315298E-10
0,146750,4.027297E-10
0,146760,4.023069E-10
0,146770,4.0188455E-10
0,146780,4.0146264E-10
0,146790,4.0104114E-10
0,146800,4.0062012E-10
0,146810,4.0019954E-10
0,146820,3.9977938E-10
0,146830,3.9935968E-10
0,146840,3.989404E-10
0,146850,3.9852158E-10
0,146860,3.981032E-10
0,146870,3.9768525E-10
0,146880,3.9726775E-10
0,146890,3.9685066E-10
0,146900,3.9643402E-10
0,146910,3.9601783E-10
0,146920,3.9560208E-10
0,146930,3.9518674E-10
0,146940,3.9477185E-10
0,146950,3.943574E-10
0,146960,3.939434E-10
0,146970,3.9352982E-10
0,146980,3.9311665E-10
0,146990,3.9270395E-10
0,147000,3.9229167E-10
0,147010,3.9187983E-10
0,147020,3.914684E-10
0,147030,3.910574E-10
0,147040,3.9064688E-10
0,147050,3.9023676E-10
0,147060,3.8982706E-10
0,147070,3.894178E-10
0,147080,3.8900896E-10
0,147090,3.8860057E-10
0,147100,3.881926E-10
0,147110,3.8778505E-10
0,147120,3.8737794E-10
0,147130,3.8697126E-10
0,147140,3.8656497E-10
0,147150,3.8615916E-10
0,147160,3.8575373E-10
0,147170,3.8534875E-10
0,147180,3.849442E-10
0,147190,3.8454007E-10
0,147200,3.8413636E-10
0,147210,3.8373307E-10
0,147220,3.833302E-10
0,147230,3.8292777E-10
0,147240,3.8252576E-10
0,147250,3.8212417E-10
0,147260,3.81723E-10
0,147270,3.8132222E-10
0,147280,3.809219E-10
0,147290,3.8052198E-10
0,147300,3.801225E-10
0,147310,3.7972342E-10
0,147320,3.7932477E-10
0,147330,3.7892653E-10
0,147340,3.785287E-10
0,147350,3.781313E-10
0,147360,3.7773434E-10
0,147370,3.7733777E-10
0,147380,3.7694162E-10
0,147390,3.7654588E-10
0,147400,3.7615058E-10
0,147410,3.7575568E-10
0,147420,3.753612E-10
0,147430,3.749671E-10
0,147440,3.7457346E-10
0,147450,3.7418021E-10
0,147460,3.7378736E-10
0,147470,3.7339495E-10
0,147480,3.7300293E-10
0,147490,3.7261136E-10
0,147500,3.7222017E-10
0,147510,3.7182937E-10
0,147520,3.7143902E-10
0,147530,3.7104905E-10
0,147540,3.7065953E-10
0,147550,3.7027037E-10
0,147560,3.6988165E-10
0,147570,3.6949332E-10
0,147580,3.691054E-10
0,147590,3.6871792E-10
0,147600,3.683308E-10
0,147610,3.6794412E-10
0,147620,3.6755785E-10
0,147630,3.6717196E-10
0,147640,3.667865E-10
0,147650,3.664014E-10
0,147660,3.6601674E-10
0,147670,3.6563247E-10
0,147680,3.652486E-10
0,147690,3.6486517E-10
0,147700,3.644821E-10
0,147710,3.6409945E-10
0,147720,3.637172E-10
0,147730,3.6333536E-10
0,147740,3.6295392E-10
0,147750,3.6257286E-10
0,147760,3.6219222E-10
0,147770,3.6181197E-10
0,147780,3.614321E-10
0,147790,3.6105266E-10
0,147800,3.6067363E-10
0,147810,3.6029496E-10
0,147820,3.599167E-10
0,147830,3.5953884E-10
0,147840,3.591614E-10
0,147850,3.5878434E-10
0,147860,3.5840766E-10
0,147870,3.5803138E-10
0,147880,3.576555E-10
0,147890,3.5728E-10
0,147900,3.5690492E-10
0,147910,3.5653022E-10
0,147920,3.561559E-10
0,147930,3.5578201E-10
0,147940,3.5540848E-10
0,147950,3.5503536E-10
0,147960,3.5466263E-10
0,147970,3.542903E-10
0,147980,3.5391834E-10
0,147990,3.5354678E-10
0,148000,3.531756E-10
0,148010,3.528048E-10
0,148020,3.5243444E-10
0,148030,3.5206443E-10
0,148040,3.516948E-10
0,148050,3.5132558E-10
0,148060,3.5095674E-10
0,148070,3.5058828E-10
0,148080,3.5022024E-10
0,148090,3.4985256E-10
0,148100,3.4948525E-10
0,148110,3.4911835E-10
0,148120,3.4875183E-10
0,148130,3.4838568E-10
0,148140,3.4801995E-10
0,148150,3.4765457E-10
0,148160,3.4728959E-10
0,148170,3.46925E-10
0,148180,3.4656075E-10
0,148190,3.4619693E-10
0,148200,3.4583347E-10
0,148210,3.454704E-10
0,148220,3.451077E-10
0,148230,3.447454E-10
0,148240,3.4438347E-10
0,148250,3.440219E-10
0,148260,3.4366074E-10
0,148270,3.4329994E-10
0,148280,3.4293954E-10
0,148290,3.425795E-10
0,148300,3.4221984E-10
0,148310,3.4186057E-10
0,148320,3.4150166E-10
0,148330,3.4114314E-10
0,148340,3.4078498E-10
0,148350,3.4042721E-10
0,148360,3.400698E-10
0,148370,3.3971279E-10
0,148380,3.3935613E-10
0,148390,3.3899986E-10
0,148400,3.3864397E-10
0,148410,3.3828845E-10
0,148420,3.379333E-10
0,148430,3.3757852E-10
0,148440,3.372241E-10
0,148450,3.3687006E-10
0,148460,3.365164E-10
0,148470,3.361631E-10
0,148480,3.3581019E-10
0,148490,3.3545763E-10
0,148500,3.3510547E-10
0,148510,3.3475364E-10
0,148520,3.344022E-10
0,148530,3.3405115E-10
0,148540,3.3370043E-10
0,148550,3.333501E-10
0,148560,3.3300013E-10
0,148570,3.3265052E-10
0,148580,3.323013E-10
0,148590,3.3195244E-10
0,148600,3.3160394E-10
0,148610,3.312558E-10
0,148620,3.3090802E-10
0,148630,3.3056063E-10
0,148640,3.3021358E-10
0,148650,3.298669E-10
0,148660,3.295206E-10
0,148670,3.2917463E-10
0,148680,3.2882908E-10
0,148690,3.2848385E-10
0,148700,3.28139E-10
0,148710,3.2779449E-10
0,148720,3.2745034E-10
0,148730,3.2710656E-10
0,148740,3.2676317E-10
0,148750,3.264201E-10
0,148760,3.2607742E-10
0,148770,3.2573508E-10
0,148780,3.253931E-10
0,148790,3.2505149E-10
0,148800,3.2471023E-10
0,148810,3.2436934E-10
0,148820,3.240288E-10
0,148830,3.2368863E-10
0,148840,3.233488E-10
0,148850,3.2300934E-10
0,148860,3.2267022E-10
0,148870,3.2233147E-10
0,148880,3.2199307E-10
0,148890,3.21655E-10
0,148900,3.2131733E-10
0,148910,3.2098E-10
0,148920,3.20643E-10
0,148930,3.203064E-10
0,148940,3.199701E-10
0,148950,3.1963418E-10
0,148960,3.1929862E-10
0,148970,3.189634E-10
0,148980,3.1862854E-10
0,148990,3.1829403E-10
0,149000,3.1795988E-10
0,149010,3.1762606E-10
0,149020,3.172926E-10
0,149030,3.169595E-10
0,149040,3.1662672E-10
0,149050,3.1629432E-10
0,149060,3.1596226E-10
0,149070,3.1563055E-10
0,149080,3.1529918E-10
0,149090,3.1496816E-10
0,149100,3.1463748E-10
0,149110,3.1430716E-10
0,149120,3.139772E-10
0,149130,3.1364755E-10
0,149140,3.133183E-10
0,149150,3.1298933E-10
0,149160,3.1266076E-10
0,149170,3.1233252E-10
0,149180,3.1200462E-10
0,149190,3.1167705E-10
0,149200,3.1134983E-10
0,149210,3.1102296E-10
0,149220,3.1069644E-10
0,149230,3.1037026E-10
0,149240,3.100444E-10
0,149250,3.097189E-10
0,149260,3.0939373E-10
0,149270,3.0906894E-10
0,149280,3.0874445E-10
0,149290,3.0842032E-10
0,149300,3.0809652E-10
0,149310,3.0777306E-10
0,149320,3.0744995E-10
0,149330,3.0712718E-10
0,149340,3.0680475E-10
0,149350,3.0648264E-10
0,149360,3.0616087E-10
0,149370,3.0583944E-10
0,149380,3.0551836E-10
0,149390,3.0519762E-10
0,149400,3.048772E-10
0,149410,3.0455713E-10
0,149420,3.0423739E-10
0,149430,3.0391797E-10
0,149440,3.0359892E-10
0,149450,3.0328018E-10
0,149460,3.029618E-10
0,149470,3.0264372E-10
0,149480,3.02326E-10
0,149490,3.0200858E-10
0,149500,3.0169153E-10
0,149510,3.013748E-10
0,149520,3.010584E-10
0,149530,3.0074235E-10
0,149540,3.004266E-10
0,149550,3.0011119E-10
0,149560,2.9979613E-10
0,149570,2.9948138E-10
0,149580,2.9916697E-10
0,149590,2.988529E-10
0,149600,2.9853914E-10
0,149610,2.9822572E-10
0,149620,2.979126E-10
0,149630,2.9759986E-10
0,149640,2.9728742E-10
0,149650,2.9697533E-10
0,149660,2.9666353E-10
0,149670,2.9635208E-10
0,149680,2.9604097E-10
0,149690,2.9573016E-10
0,149700,2.954197E-10
0,149710,2.9510955E-10
0,149720,2.947997E-10
0,149730,2.9449024E-10
0,149740,2.9418107E-10
0,149750,2.938722E-10
0,149760,2.935637E-10
0,149770,2.932555E-10
0,149780,2.929476E-10
0,149790,2.9264005E-10
0,149800,2.9233282E-10
0,149810,2.9202593E-10
0,149820,2.9171934E-10
0,149830,2.914131E-10
0,149840,2.9110714E-10
0,149850,2.9080152E-10
0,149860,2.9049624E-10
0,149870,2.9019126E-10
0,149880,2.898866E-10
0,149890,2.8958225E-10
0,149900,2.8927824E-10
0,149910,2.8897454E-10
0,149920,2.8867114E-10
0,149930,2.883681E-10
0,149940,2.8806535E-10
0,149950,2.8776292E-10
0,149960,2.874608E-10
0,149970,2.8715902E-10
0,149980,2.8685757E-10
0,149990,2.865564E-10
0,150000,2.8625555E-10
0,150010,2.8595504E-10
0,150020,2.856548E-10
0,150030,2.8535493E-10
0,150040,2.8505534E-10
0,150050,2.8475608E-10
0,150060,2.8445712E-10
0,150070,2.841585E-10
0,150080,2.8386016E-10
0,150090,2.8356215E-10
0,150100,2.8326447E-10
0,150110,2.8296707E-10
0,150120,2.8267E-10
0,150130,2.8237324E-10
0,150140,2.8207678E-10
0,150150,2.8178065E-10
0,150160,2.814848E-10
0,150170,2.811893E-10
0,150180,2.8089409E-10
0,150190,2.805992E-10
0,150200,2.803046E-10
0,150210,2.8001032E-10
0,150220,2.7971636E-10
0,150230,2.794227E-10
0,150240,2.7912936E-10
0,150250,2.7883632E-10
0,150260,2.7854358E-10
0,150270,2.7825114E-10
0,150280,2.7795902E-10
0,150290,2.776672E-10
0,150300,2.773757E-10
0,150310,2.770845E-10
0,150320,2.767936E-10
0,150330,2.7650301E-10
0,150340,2.7621272E-10
0,150350,2.7592273E-10
0,150360,2.7563307E-10
0,150370,2.753437E-10
0,150380,2.7505462E-10
0,150390,2.7476585E-10
0,150400,2.7447739E-10
0,150410,2.7418923E-10
0,150420,2.7390137E-10
0,150430,2.7361383E-10
0,150440,2.7332656E-10
0,150450,2.730396E-10
0,150460,2.7275296E-10
0,150470,2.724666E-10
0,150480,2.7218056E-10
0,150490,2.718948E-10
0,150500,2.7160935E-10
0,150510,2.713242E-10
0,150520,2.7103936E-10
0,150530,2.707548E-10
0,150540,2.7047056E-10
0,150550,2.701866E-10
0,150560,2.6990293E-10
0,150570,2.6961958E-10
0,150580,2.6933653E-10
0,150590,2.6905375E-10
0,150600,2.687713E-10
0,150610,2.6848912E-10
0,150620,2.6820726E-10
0,150630,2.6792568E-10
0,150640,2.676444E-10
0,150650,2.673634E-10
0,150660,2.6708272E-10
0,150670,2.6680233E-10
0,150680,2.6652222E-10
0,150690,2.6624242E-10
0,150700,2.659629E-10
0,150710,2.6568367E-10
0,150720,2.6540475E-10
0,150730,2.6512612E-10
0,150740,2.6484775E-10
0,150750,2.6456973E-10
0,150760,2.6429195E-10
0,150770,2.6401448E-10
0,150780,2.637373E-10
0,150790,2.6346042E-10
0,150800,2.6318384E-10
0,150810,2.6290753E-10
0,150820,2.6263153E-10
0,150830,2.623558E-10
0,150840,2.6208036E-10
0,150850,2.6180522E-10
0,150860,2.6153035E-10
0,150870,2.612558E-10
0,150880,2.6098151E-10
0,150890,2.607075E-10
0,150900,2.604338E-10
0,150910,2.601604E-10
0,150920,2.5988728E-10
0,150930,2.596144E-10
0,150940,2.5934188E-10
0,150950,2.590696E-10
0,150960,2.5879762E-10
0,150970,2.5852592E-10
0,150980,2.582545E-10
0,150990,2.5798338E-10
0,151000,2.5771252E-10
0,151010,2.5744196E-10
0,151020,2.571717E-10
0,151030,2.569017E-10
0,151040,2.56632E-10
0,151050,2.5636257E-10
0,151060,2.5609342E-10
0,151070,2.5582456E-10
0,151080,2.55556E-10
0,151090,2.552877E-10
0,151100,2.5501967E-10
0,151110,2.5475194E-10
0,151120,2.544845E-10
0,151130,2.542173E-10
0,151140,2.5395044E-10
0,151150,2.5368382E-10
0,151160,2.5341748E-10
0,151170,2.5315144E-10
0,151180,2.5288568E-10
0,151190,2.5262017E-10
0,151200,2.5235497E-10
0,151210,2.5209004E-10
0,151220,2.5182537E-10
0,151230,2.51561E-10
0,151240,2.512969E-10
0,151250,2.5103306E-10
0,151260,2.5076952E-10
0,151270,2.5050625E-10
0,151280,2.5024327E-10
0,151290,2.4998054E-10
0,151300,2.497181E-10
0,151310,2.4945593E-10
0,151320,2.4919403E-10
0,151330,2.4893243E-10
0,151340,2.4867108E-10
0,151350,2.4841001E-10
0,151360,2.4814922E-10
0,151370,2.478887E-10
0,151380,2.4762845E-10
0,151390,2.473685E-10
0,151400,2.4710878E-10
0,151410,2.4684935E-10
0,151420,2.465902E-10
0,151430,2.4633132E-10
0,151440,2.4607272E-10
0,151450,2.4581437E-10
0,151460,2.455563E-10
0,151470,2.452985E-10
0,151480,2.4504096E-10
0,151490,2.4478372E-10
0,151500,2.4452673E-10
0,151510,2.4427002E-10
0,151520,2.4401356E-10
0,151530,2.4375738E-10
0,151540,2.4350147E-10
0,151550,2.4324584E-10
0,151560,2.4299046E-10
0,151570,2.4273536E-10
0,151580,2.4248054E-10
0,151590,2.4222596E-10
0,151600,2.4197166E-10
0,151610,2.4171762E-10
0,151620,2.4146385E-10
0,151630,2.4121036E-10
0,151640,2.4095712E-10
0,151650,2.4070415E-10
0,151660,2.4045144E-10
0,151670,2.40199E-10
0,151680,2.3994684E-10
0,151690,2.3969493E-10
0,151700,2.394433E-10
0,151710,2.3919192E-10
0,151720,2.3894078E-10
0,151730,2.3868993E-10
0,151740,2.3843935E-10
0,151750,2.3818902E-10
0,151760,2.3793897E-10
0,151770,2.3768915E-10
0,151780,2.3743962E-10
0,151790,2.3719035E-10
0,151800,2.3694133E-10
0,151810,2.3669258E-10
0,151820,2.364441E-10
0,151830,2.3619584E-10
0,151840,2.3594787E-10
0,151850,2.3570018E-10
0,151860,2.354527E-10
0,151870,2.3520555E-10
0,151880,2.349586E-10
0,151890,2.3471194E-10
0,151900,2.3446553E-10
0,151910,2.3421937E-10
0,151920,2.3397348E-10
0,151930,2.3372784E-10
0,151940,2.3348246E-10
0,151950,2.3323732E-10
0,151960,2.3299246E-10
0,151970,2.3274786E-10
0,151980,2.3250352E-10
0,151990,2.3225942E-10
0,152000,2.3201557E-10
0,152010,2.3177199E-10
0,152020,2.3152867E-10
0,152030,2.312856E-10
0,152040,2.3104278E-10
0,152050,2.3080023E-10
0,152060,2.3055792E-10
0,152070,2.3031586E-10
0,152080,2.3007407E-10
0,152090,2.2983253E-10
0,152100,2.2959123E-10
0,152110,2.293502E-10
0,152120,2.2910941E-10
0,152130,2.2886888E-10
0,152140,2.286286E-10
0,152150,2.2838859E-10
0,152160,2.281488E-10
0,152170,2.2790929E-10
0,152180,2.2767002E-10
0,152190,2.2743099E-10
0,152200,2.2719222E-10
0,152210,2.269537E-10
0,152220,2.2671544E-10
0,152230,2.2647742E-10
0,152240,2.2623965E-10
0,152250,2.2600213E-10
0,152260,2.2576487E-10
0,152270,2.2552785E-10
0,152280,2.2529108E-10
0,152290,2.2505456E-10
0,152300,2.2481829E-10
0,152310,2.2458226E-10
0,152320,2.2434649E-10
0,152330,2.2411095E-10
0,152340,2.2387567E-10
0,152350,2.2364063E-10
0,152360,2.2340585E-10
0,152370,2.231713E-10
0,152380,2.22937E-10
0,152390,2.2270295E-10
0,152400,2.2246915E-10
0,152410,2.2223559E-10
0,152420,2.2200228E-10
0,152430,2.217692E-10
0,152440,2.2153637E-10
0,152450,2.213038E-10
0,152460,2.2107147E-10
0,152470,2.2083937E-10
0,152480,2.2060752E-10
0,152490,2.2037591E-10
0,152500,2.2014456E-10
0,152510,2.1991343E-10
0,152520,2.1968256E-10
0,152530,2.1945193E-10
0,152540,2.1922153E-10
0,152550,2.1899138E-10
0,152560,2.1876148E-10
0,152570,2.185318E-10
0,152580,2.1830239E-10
0,152590,2.180732E-10
0,152600,2.1784426E-10
0,152610,2.1761555E-10
0,152620,2.1738708E-10
0,152630,2.1715886E-10
0,152640,2.1693088E-10
0,152650,2.1670314E-10
0,152660,2.1647563E-10
0,152670,2.1624837E-10
0,152680,2.1602133E-10
0,152690,2.1579455E-10
0,152700,2.15568E-10
0,152710,2.1534168E-10
0,152720,2.151156E-10
0,152730,2.1488976E-10
0,152740,2.1466416E-10
0,152750,2.1443879E-10
0,152760,2.1421366E-10
0,152770,2.1398877E-10
0,152780,2.1376412E-10
0,152790,2.135397E-10
0,152800,2.133155E-10
0,152810,2.1309156E-10
0,152820,2.1286785E-10
0,152830,2.1264437E-10
0,152840,2.1242112E-10
0,152850,2.121981E-10
0,152860,2.1197534E-10
0,152870,2.117528E-10
0,152880,2.1153049E-10
0,152890,2.1130842E-10
0,152900,2.1108656E-10
0,152910,2.1086495E-10
0,152920,2.1064359E-10
0,152930,2.1042243E-10
0,152940,2.1020152E-10
0,152950,2.0998085E-10
0,152960,2.0976039E-10
0,152970,2.0954018E-10
0,152980,2.0932019E-10
0,152990,2.0910043E-10
0,153000,2.0888091E-10
0,153010,2.0866162E-10
0,153020,2.0844255E-10
0,153030,2.0822372E-10
0,153040,2.0800511E-10
0,153050,2.0778675E-10
0,153060,2.075686E-10
0,153070,2.0735068E-10
0,153080,2.0713299E-10
0,153090,2.0691554E-10
0,153100,2.0669831E-10
0,153110,2.064813E-10
0,153120,2.0626453E-10
0,153130,2.0604798E-10
0,153140,2.0583166E-10
0,153150,2.0561557E-10
0,153160,2.0539971E-10
0,153170,2.0518406E-10
0,153180,2.0496865E-10
0,153190,2.0475346E-10
0,153200,2.0453851E-10
0,153210,2.0432377E-10
0,153220,2.0410926E-10
0,153230,2.0389497E-10
0,153240,2.0368092E-10
0,153250,2.0346709E-10
0,153260,2.0325347E-10
0,153270,2.0304008E-10
0,153280,2.0282692E-10
0,153290,2.0261398E-10
0,153300,2.0240128E-10
0,153310,2.0218878E-10
0,153320,2.0197652E-10
0,153330,2.0176447E-10
0,153340,2.0155265E-10
0,153350,2.0134104E-10
0,153360,2.0112967E-10
0,153370,2.0091852E-10
0,153380,2.0070758E-10
0,153390,2.0049687E-10
0,153400,2.0028637E-10
0,153410,2.0007611E-10
0,153420,1.9986605E-10
0,153430,1.9965622E-10
0,153440,1.9944661E-10
0,153450,1.9923722E-10
0,153460,1.9902806E-10
0,153470,1.988191E-10
0,153480,1.9861038E-10
0,153490,1.9840186E-10
0,153500,1.9819357E-10
0,153510,1.979855E-10
0,153520,1.9777764E-10
0,153530,1.9757E-10
0,153540,1.9736258E-10
0,153550,1.9715539E-10
0,153560,1.969484E-10
0,153570,1.9674164E-10
0,153580,1.9653508E-10
0,153590,1.9632876E-10
0,153600,1.9612263E-10
0,153610,1.9591674E-10
0,153620,1.9571106E-10
0,153630,1.9550558E-10
0,153640,1.9530033E-10
0,153650,1.950953E-10
0,153660,1.9489048E-10
0,153670,1.9468588E-10
0,153680,1.9448149E-10
0,153690,1.942773E-10
0,153700,1.9407334E-10
0,153710,1.938696E-10
0,153720,1.9366606E-10
0,153730,1.9346275E-10
0,153740,1.9325963E-10
0,153750,1.9305674E-10
0,153760,1.9285405E-10
0,153770,1.9265159E-10
0,153780,1.9244933E-10
0,153790,1.9224729E-10
0,153800,1.9204546E-10
0,153810,1.9184385E-10
0,153820,1.9164244E-10
0,153830,1.9144124E-10
0,153840,1.9124026E-10
0,153850,1.9103948E-10
0,153860,1.9083891E-10
0,153870,1.9063856E-10
0,153880,1.9043843E-10
0,153890,1.9023849E-10
0,153900,1.9003878E-10
0,153910,1.8983926E-10
0,153920,1.8963996E-10
0,153930,1.8944087E-10
0,153940,1.8924197E-10
0,153950,1.890433E-10
0,153960,1.8884483E-10
0,153970,1.8864657E-10
0,153980,1.8844852E-10
0,153990,1.8825068E-10
0,154000,1.8805305E-10
0,154010,1.8785562E-10
0,154020,1.876584E-10
0,154030,1.8746138E-10
0,154040,1.8726458E-10
0,154050,1.8706797E-10
0,154060,1.8687159E-10
0,154070,1.866754E-10
0,154080,1.8647942E-10
0,154090,1.8628364E-10
0,154100,1.8608808E-10
0,154110,1.858927E-10
0,154120,1.8569754E-10
0,154130,1.8550259E-10
0,154140,1.8530784E-10
0,154150,1.851133E-10
0,154160,1.8491896E-10
0,154170,1.8472482E-10
0,154180,1.8453088E-10
0,154190,1.8433716E-10
0,154200,1.8414363E-10
0,154210,1.839503E-10
0,154220,1.8375719E-10
0,154230,1.8356426E-10
0,154240,1.8337155E-10
0,154250,1.8317904E-10
0,154260,1.8298672E-10
0,154270,1.8279463E-10
0,154280,1.8260271E-10
0,154290,1.82411E-10
0,154300,1.822195E-10
0,154310,1.820282E-10
0,154320,1.818371E-10
0,154330,1.816462E-10
0,154340,1.8145549E-10
0,154350,1.8126499E-10
0,154360,1.8107468E-10
0,154370,1.8088459E-10
0,154380,1.8069468E-10
0,154390,1.8050499E-10
0,154400,1.8031548E-10
0,154410,1.8012618E-10
0,154420,1.7993707E-10
0,154430,1.7974816E-10
0,154440,1.7955945E-10
0,154450,1.7937095E-10
0,154460,1.7918263E-10
0,154470,1.7899451E-10
0,154480,1.788066E-10
0,154490,1.7861888E-10
0,154500,1.7843135E-10
0,154510,1.7824403E-10
0,154520,1.780569E-10
0,154530,1.7786997E-10
0,154540,1.7768323E-10
0,154550,1.7749668E-10
0,154560,1.7731035E-10
0,154570,1.7712419E-10
0,154580,1.7693824E-10
0,154590,1.7675249E-10
0,154600,1.7656691E-10
0,154610,1.7638155E-10
0,154620,1.7619638E-10
0,154630,1.760114E-10
0,154640,1.758266E-10
0,154650,1.7564201E-10
0,154660,1.7545762E-10
0,154670,1.7527342E-10
0,154680,1.750894E-10
0,154690,1.7490559E-10
0,154700,1.7472196E-10
0,154710,1.7453854E-10
0,154720,1.743553E-10
0,154730,1.7417225E-10
0,154740,1.7398939E-10
0,154750,1.7380673E-10
0,154760,1.7362425E-10
0,154770,1.7344197E-10
0,154780,1.7325989E-10
0,154790,1.73078E-10
0,154800,1.7289628E-10
0,154810,1.7271477E-10
0,154820,1.7253345E-10
0,154830,1.7235231E-10
0,154840,1.7217136E-10
0,154850,1.7199062E-10
0,154860,1.7181005E-10
0,154870,1.7162967E-10
0,154880,1.714495E-10
0,154890,1.7126948E-10
0,154900,1.7108968E-10
0,154910,1.7091006E-10
0,154920,1.7073064E-10
0,154930,1.7055139E-10
0,154940,1.7037234E-10
0,154950,1.7019347E-10
0,154960,1.700148E-10
0,154970,1.6983631E-10
0,154980,1.6965801E-10
0,154990,1.6947989E-10
0,155000,1.6930196E-10
0,155010,1.6912421E-10
0,155020,1.6894666E-10
0,155030,1.6876929E-10
0,155040,1.6859211E-10
0,155050,1.6841512E-10
0,155060,1.682383E-10
0,155070,1.6806168E-10
0,155080,1.6788523E-10
0,155090,1.6770899E-10
0,155100,1.6753292E-10
0,155110,1.6735703E-10
0,155120,1.6718132E-10
0,155130,1.6700581E-10
0,155140,1.6683048E-10
0,155150,1.6665534E-10
0,155160,1.6648037E-10
0,155170,1.663056E-10
0,155180,1.66131E-10
0,155190,1.6595658E-10
0,155200,1.6578236E-10
0,155210,1.656083E-10
0,155220,1.6543444E-10
0,155230,1.6526076E-10
0,155240,1.6508726E-10
0,155250,1.6491394E-10
0,155260,1.647408E-10
0,155270,1.6456786E-10
0,155280,1.6439508E-10
0,155290,1.642225E-10
0,155300,1.6405009E-10
0,155310,1.6387786E-10
0,155320,1.6370581E-10
0,155330,1.6353395E-10
0,155340,1.6336225E-10
0,155350,1.6319075E-10
0,155360,1.6301943E-10
0,155370,1.6284828E-10
0,155380,1.6267732E-10
0,155390,1.6250652E-10
0,155400,1.6233592E-10
0,155410,1.6216549E-10
0,155420,1.6199524E-10
0,155430,1.6182516E-10
0,155440,1.6165527E-10
0,155450,1.6148556E-10
0,155460,1.6131603E-10
0,155470,1.6114668E-10
0,155480,1.609775E-10
0,155490,1.6080849E-10
0,155500,1.6063967E-10
0,155510,1.6047101E-10
0,155520,1.6030255E-10
0,155530,1.6013425E-10
0,155540,1.5996614E-10
0,155550,1.5979819E-10
0,155560,1.5963043E-10
0,155570,1.5946285E-10
0,155580,1.5929542E-10
0,155590,1.591282E-10
0,155600,1.5896114E-10
0,155610,1.5879424E-10
0,155620,1.5862754E-10
0,155630,1.5846101E-10
0,155640,1.5829464E-10
0,155650,1.5812845E-10
0,155660,1.5796245E-10
0,155670,1.5779661E-10
0,155680,1.5763095E-10
0,155690,1.5746546E-10
0,155700,1.5730015E-10
0,155710,1.57135E-10
0,155720,1.5697003E-10
0,155730,1.5680524E-10
0,155740,1.5664062E-10
0,155750,1.5647617E-10
0,155760,1.563119E-10
0,155770,1.5614779E-10
0,155780,1.5598385E-10
0,155790,1.5582009E-10
0,155800,1.556565E-10
0,155810,1.5549309E-10
0,155820,1.5532985E-10
0,155830,1.5516677E-10
0,155840,1.5500387E-10
0,155850,1.5484114E-10
0,155860,1.5467858E-10
0,155870,1.5451619E-10
0,155880,1.5435397E-10
0,155890,1.5419192E-10
0,155900,1.5403004E-10
0,155910,1.5386833E-10
0,155920,1.537068E-10
0,155930,1.5354543E-10
0,155940,1.5338422E-10
0,155950,1.532232E-10
0,155960,1.5306234E-10
0,155970,1.5290164E-10
0,155980,1.5274111E-10
0,155990,1.5258077E-10
0,156000,1.5242058E-10
0,156010,1.5226055E-10
0,156020,1.5210071E-10
0,156030,1.5194102E-10
0,156040,1.517815E-10
0,156050,1.5162216E-10
0,156060,1.5146298E-10
0,156070,1.5130397E-10
0,156080,1.5114512E-10
0,156090,1.5098643E-10
0,156100,1.5082792E-10
0,156110,1.5066957E-10
0,156120,1.505114E-10
0,156130,1.5035338E-10
0,156140,1.5019554E-10
0,156150,1.5003786E-10
0,156160,1.4988033E-10
0,156170,1.4972298E-10
0,156180,1.4956579E-10
0,156190,1.4940878E-10
0,156200,1.4925192E-10
0,156210,1.4909522E-10
0,156220,1.489387E-10
0,156230,1.4878233E-10
0,156240,1.4862614E-10
0,156250,1.484701E-10
0,156260,1.4831422E-10
0,156270,1.4815851E-10
0,156280,1.4800297E-10
0,156290,1.478476E-10
0,156300,1.4769237E-10
0,156310,1.4753732E-10
0,156320,1.4738243E-10
0,156330,1.472277E-10
0,156340,1.4707313E-10
0,156350,1.4691873E-10
0,156360,1.4676449E-10
0,156370,1.466104E-10
0,156380,1.4645649E-10
0,156390,1.4630273E-10
0,156400,1.4614913E-10
0,156410,1.459957E-10
0,156420,1.4584242E-10
0,156430,1.4568931E-10
0,156440,1.4553636E-10
0,156450,1.4538357E-10
0,156460,1.4523094E-10
0,156470,1.4507846E-10
0,156480,1.4492615E-10
0,156490,1.44774E-10
0,156500,1.4462201E-10
0,156510,1.4447019E-10
0,156520,1.443185E-10
0,156530,1.44167E-10
0,156540,1.4401565E-10
0,156550,1.4386445E-10
0,156560,1.4371342E-10
0,156570,1.4356254E-10
0,156580,1.4341181E-10
0,156590,1.4326125E-10
0,156600,1.4311086E-10
0,156610,1.429606E-10
0,156620,1.4281051E-10
0,156630,1.4266059E-10
0,156640,1.4251081E-10
0,156650,1.423612E-10
0,156660,1.4221174E-10
0,156670,1.4206245E-10
0,156680,1.419133E-10
0,156690,1.4176431E-10
0,156700,1.4161548E-10
0,156710,1.414668E-10
0,156720,1.4131829E-10
0,156730,1.4116992E-10
0,156740,1.4102171E-10
0,156750,1.4087366E-10
0,156760,1.4072576E-10
0,156770,1.4057802E-10
0,156780,1.4043045E-10
0,156790,1.4028301E-10
0,156800,1.4013574E-10
0,156810,1.399886E-10
0,156820,1.3984164E-10
0,156830,1.3969483E-10
0,156840,1.3954816E-10
0,156850,1.3940167E-10
0,156860,1.3925532E-10
0,156870,1.3910911E-10
0,156880,1.3896308E-10
0,156890,1.3881718E-10
0,156900,1.3867145E-10
0,156910,1.3852586E-10
0,156920,1.3838043E-10
0,156930,1.3823515E-10
0,156940,1.3809003E-10
0,156950,1.3794504E-10
0,156960,1.3780023E-10
0,156970,1.3765557E-10
0,156980,1.3751104E-10
0,156990,1.3736667E-10
0,157000,1.3722246E-10
0,157010,1.370784E-10
0,157020,1.3693449E-10
0,157030,1.3679073E-10
0,157040,1.3664711E-10
0,157050,1.3650366E-10
0,157060,1.3636035E-10
0,157070,1.3621719E-10
0,157080,1.3607418E-10
0,157090,1.3593132E-10
0,157100,1.3578862E-10
0,157110,1.3564606E-10
0,157120,1.3550365E-10
0,157130,1.3536139E-10
0,157140,1.3521928E-10
0,157150,1.3507732E-10
0,157160,1.3493551E-10
0,157170,1.3479386E-10
0,157180,1.3465233E-10
0,157190,1.3451097E-10
0,157200,1.3436975E-10
0,157210,1.3422868E-10
0,157220,1.3408777E-10
0,157230,1.3394699E-10
0,157240,1.3380637E-10
0,157250,1.336659E-10
0,157260,1.3352557E-10
0,157270,1.3338539E-10
0,157280,1.3324535E-10
0,157290,1.3310546E-10
0,157300,1.3296572E-10
0,157310,1.3282613E-10
0,157320,1.3268668E-10
0,157330,1.3254738E-10
0,157340,1.3240822E-10
0,157350,1.3226921E-10
0,157360,1.3213035E-10
0,157370,1.3199163E-10
0,157380,1.3185306E-10
0,157390,1.3171464E-10
0,157400,1.3157636E-10
0,157410,1.3143822E-10
0,157420,1.3130023E-10
0,157430,1.3116239E-10
0,157440,1.3102468E-10
0,157450,1.3088712E-10
0,157460,1.3074972E-10
0,157470,1.3061245E-10
0,157480,1.3047532E-10
0,157490,1.3033834E-10
0,157500,1.302015E-10
0,157510,1.3006482E-10
0,157520,1.2992826E-10
0,157530,1.2979186E-10
0,157540,1.2965559E-10
0,157550,1.2951948E-10
0,157560,1.293835E-10
0,157570,1.2924767E-10
0,157580,1.2911198E-10
0,157590,1.2897643E-10
0,157600,1.2884102E-10
0,157610,1.2870577E-10
0,157620,1.2857064E-10
0,157630,1.2843566E-10
0,157640,1.2830083E-10
0,157650,1.2816613E-10
0,157660,1.2803157E-10
0,157670,1.2789715E-10
0,157680,1.2776288E-10
0,157690,1.2762875E-10
0,157700,1.2749476E-10
0,157710,1.2736091E-10
0,157720,1.272272E-10
0,157730,1.2709363E-10
0,157740,1.269602E-10
0,157750,1.2682691E-10
0,157760,1.2669377E-10
0,157770,1.2656075E-10
0,157780,1.2642788E-10
0,157790,1.2629515E-10
0,157800,1.2616257E-10
0,157810,1.2603012E-10
0,157820,1.2589779E-10
0,157830,1.2576562E-10
0,157840,1.2563359E-10
0,157850,1.2550169E-10
0,157860,1.2536994E-10
0,157870,1.2523832E-10
0,157880,1.2510683E-10
0,157890,1.2497549E-10
0,157900,1.2484429E-10
0,157910,1.2471321E-10
0,157920,1.2458229E-10
0,157930,1.2445149E-10
0,157940,1.2432083E-10
0,157950,1.2419031E-10
0,157960,1.2405993E-10
0,157970,1.2392969E-10
0,157980,1.2379958E-10
0,157990,1.2366962E-10
0,158000,1.2353978E-10
0,158010,1.2341007E-10
0,158020,1.2328051E-10
0,158030,1.2315109E-10
0,158040,1.230218E-10
0,158050,1.2289265E-10
0,158060,1.2276363E-10
0,158070,1.2263475E-10
0,158080,1.2250599E-10
0,158090,1.2237739E-10
0,158100,1.222489E-10
0,158110,1.2212056E-10
0,158120,1.2199236E-10
0,158130,1.2186428E-10
0,158140,1.2173634E-10
0,158150,1.2160853E-10
0,158160,1.2148087E-10
0,158170,1.2135333E-10
0,158180,1.2122593E-10
0,158190,1.2109866E-10
0,158200,1.2097152E-10
0,158210,1.2084451E-10
0,158220,1.2071764E-10
0,158230,1.2059091E-10
0,158240,1.2046432E-10
0,158250,1.2033784E-10
0,158260,1.2021151E-10
0,158270,1.200853E-10
0,158280,1.1995924E-10
0,158290,1.198333E-10
0,158300,1.1970748E-10
0,158310,1.195818E-10
0,158320,1.1945626E-10
0,158330,1.1933085E-10
0,158340,1.1920558E-10
0,158350,1.1908043E-10
0,158360,1.1895541E-10
0,158370,1.1883053E-10
0,158380,1.1870577E-10
0,158390,1.1858114E-10
0,158400,1.1845666E-10
0,158410,1.1833229E-10
0,158420,1.1820807E-10
0,158430,1.1808396E-10
0,158440,1.1795999E-10
0,158450,1.1783614E-10
0,158460,1.1771244E-10
0,158470,1.1758886E-10
0,158480,1.1746541E-10
0,158490,1.1734208E-10
0,158500,1.172189E-10
0,158510,1.1709583E-10
0,158520,1.169729E-10
0,158530,1.168501E-10
0,158540,1.1672742E-10
0,158550,1.1660488E-10
0,158560,1.1648246E-10
0,158570,1.16360165E-10
0,158580,1.16238005E-10
0,158590,1.1611598E-10
0,158600,1.1599407E-10
0,158610,1.1587229E-10
0,158620,1.15750645E-10
0,158630,1.15629124E-10
0,158640,1.1550773E-10
0,158650,1.15386464E-10
0,158660,1.15265325E-10
0,158670,1.1514432E-10
0,158680,1.1502343E-10
0,158690,1.1490267E-10
0,158700,1.14782045E-10
0,158710,1.1466154E-10
0,158720,1.1454116E-10
0,158730,1.1442091E-10
0,158740,1.14300784E-10
0,158750,1.1418078E-10
0,158760,1.14060913E-10
0,158770,1.1394117E-10
0,158780,1.1382154E-10
0,158790,1.1370205E-10
0,158800,1.1358268E-10
0,158810,1.1346343E-10
0,158820,1.1334431E-10
0,158830,1.1322532E-10
0,158840,1.1310645E-10
0,158850,1.129877E-10
0,158860,1.1286908E-10
0,158870,1.1275059E-10
0,158880,1.12632216E-10
0,158890,1.1251397E-10
0,158900,1.1239585E-10
0,158910,1.1227785E-10
0,158920,1.12159976E-10
0,158930,1.1204222E-10
0,158940,1.11924595E-10
0,158950,1.1180709E-10
0,158960,1.1168971E-10
0,158970,1.1157245E-10
0,158980,1.1145532E-10
0,158990,1.1133831E-10
0,159000,1.1122142E-10
0,159010,1.1110465E-10
0,159020,1.1098801E-10
0,159030,1.10871486E-10
0,159040,1.1075509E-10
0,159050,1.1063881E-10
0,159060,1.1052266E-10
0,159070,1.1040663E-10
0,159080,1.10290714E-10
0,159090,1.10174925E-10
0,159100,1.1005926E-10
0,159110,1.09943714E-10
0,159120,1.0982829E-10
0,159130,1.0971299E-10
0,159140,1.095978E-10
0,159150,1.0948274E-10
0,159160,1.093678E-10
0,159170,1.0925298E-10
0,159180,1.0913828E-10
0,159190,1.0902371E-10
0,159200,1.0890925E-10
0,159210,1.0879491E-10
0,159220,1.0868069E-10
0,159230,1.0856659E-10
0,159240,1.08452615E-10
0,159250,1.08338755E-10
0,159260,1.0822501E-10
0,159270,1.08111395E-10
0,159280,1.07997895E-10
0,159290,1.07884514E-10
0,159300,1.0777125E-10
0,159310,1.07658105E-10
0,159320,1.0754508E-10
0,159330,1.07432174E-10
0,159340,1.0731938E-10
0,159350,1.07206716E-10
0,159360,1.0709417E-10
0,159370,1.06981736E-10
0,159380,1.06869416E-10
0,159390,1.0675722E-10
0,159400,1.06645144E-10
0,159410,1.0653318E-10
0,159420,1.0642134E-10
0,159430,1.06309614E-10
0,159440,1.06198E-10
0,159450,1.0608651E-10
0,159460,1.0597513E-10
0,159470,1.0586387E-10
0,159480,1.0575273E-10
0,159490,1.0564171E-10
0,159500,1.055308E-10
0,159510,1.0542001E-10
0,159520,1.0530933E-10
0,159530,1.0519877E-10
0,159540,1.05088334E-10
0,159550,1.04978005E-10
0,159560,1.04867795E-10
0,159570,1.04757696E-10
0,159580,1.0464772E-10
0,159590,1.0453785E-10
0,159600,1.04428105E-10
0,159610,1.0431847E-10
0,159620,1.04208954E-10
0,159630,1.0409955E-10
0,159640,1.0399026E-10
0,159650,1.03881084E-10
0,159660,1.03772026E-10
0,159670,1.0366308E-10
0,159680,1.0355425E-10
0,159690,1.0344553E-10
0,159700,1.0333693E-10
0,159710,1.0322844E-10
0,159720,1.0312007E-10
0,159730,1.0301181E-10
0,159740,1.0290366E-10
0,159750,1.02795626E-10
0,159760,1.02687706E-10
0,159770,1.025799E-10
0,159780,1.02472204E-10
0,159790,1.02364624E-10
0,159800,1.0225716E-10
0,159810,1.021498E-10
0,159820,1.0204256E-10
0,159830,1.0193543E-10
0,159840,1.01828414E-10
0,159850,1.0172151E-10
0,159860,1.0161472E-10
0,159870,1.0150804E-10
0,159880,1.0140147E-10
0,159890,1.01295014E-10
0,159900,1.0118867E-10
0,159910,1.01082434E-10
0,159920,1.0097632E-10
0,159930,1.00870305E-10
0,159940,1.00764404E-10
0,159950,1.0065862E-10
0,159960,1.0055294E-10
0,159970,1.0044738E-10
0,159980,1.0034192E-10
0,159990,1.00236576E-10
0,160000,1.0013134E-10
0,160010,1.0002622E-10
0,160020,9.992121E-11
0,160030,9.981631E-11
0,160040,9.971152E-11
0,160050,9.960683E-11
0,160060,9.950226E-11
0,160070,9.9397796E-11
0,160080,9.929344E-11
0,160090,9.91892E-11
0,160100,9.908507E-11
0,160110,9.898104E-11
0,160120,9.887713E-11
0,160130,9.877332E-11
0,160140,9.866962E-11
0,160150,9.856604E-11
0,160160,9.846256E-11
0,160170,9.835918E-11
0,160180,9.8255924E-11
0,160190,9.8152764E-11
0,160200,9.804972E-11
0,160210,9.794678E-11
0,160220,9.7843955E-11
0,160230,9.774123E-11
0,160240,9.763862E-11
0,160250,9.753611E-11
0,160260,9.7433714E-11
0,160270,9.733143E-11
0,160280,9.722924E-11
0,160290,9.712717E-11
0,160300,9.702519E-11
0,160310,9.692333E-11
0,160320,9.682158E-11
0,160330,9.671993E-11
0,160340,9.661839E-11
0,160350,9.6516954E-11
0,160360,9.6415625E-11
0,160370,9.63144E-11
0,160380,9.621329E-11
0,160390,9.611228E-11
0,160400,9.601137E-11
0,160410,9.591058E-11
0,160420,9.580989E-11
0,160430,9.57093E-11
0,160440,9.560882E-11
0,160450,9.550844E-11
0,160460,9.5408174E-11
0,160470,9.530801E-11
0,160480,9.520795E-11
0,160490,9.5108E-11
0,160500,9.500815E-11
0,160510,9.49084E-11
0,160520,9.4808765E-11
0,160530,9.470923E-11
0,160540,9.46098E-11
0,160550,9.451047E-11
0,160560,9.441125E-11
0,160570,9.4312134E-11
0,160580,9.4213116E-11
0,160590,9.411421E-11
0,160600,9.40154E-11
0,160610,9.39167E-11
0,160620,9.38181E-11
0,160630,9.371961E-11
0,160640,9.3621215E-11
0,160650,9.3522926E-11
0,160660,9.342474E-11
0,160670,9.332666E-11
0,160680,9.322868E-11
0,160690,9.313081E-11
0,160700,9.303303E-11
0,160710,9.293536E-11
0,160720,9.283779E-11
0,160730,9.274033E-11
0,160740,9.264296E-11
0,160750,9.25457E-11
0,160760,9.244854E-11
0,160770,9.235149E-11
0,160780,9.225453E-11
0,160790,9.215768E-11
0,160800,9.206093E-11
0,160810,9.1964276E-11
0,160820,9.186773E-11
0,160830,9.177128E-11
0,160840,9.167493E-11
0,160850,9.157869E-11
0,160860,9.1482544E-11
0,160870,9.13865E-11
0,160880,9.129056E-11
0,160890,9.119472E-11
0,160900,9.1098976E-11
0,160910,9.100334E-11
0,160920,9.0907795E-11
0,160930,9.081236E-11
0,160940,9.071702E-11
0,160950,9.0621774E-11
0,160960,9.0526635E-11
0,160970,9.04316E-11
0,160980,9.033666E-11
0,160990,9.024182E-11
0,161000,9.014708E-11
0,161010,9.005244E-11
0,161020,8.9957895E-11
0,161030,8.986345E-11
0,161040,8.976911E-11
0,161050,8.9674865E-11
0,161060,8.958072E-11
0,161070,8.9486675E-11
0,161080,8.939273E-11
0,161090,8.9298874E-11
0,161100,8.920513E-11
0,161110,8.9111475E-11
0,161120,8.901792E-11
0,161130,8.8924465E-11
0,161140,8.883111E-11
0,161150,8.873785E-11
0,161160,8.864469E-11
0,161170,8.8551624E-11
0,161180,8.845866E-11
0,161190,8.836579E-11
0,161200,8.827302E-11
0,161210,8.8180345E-11
0,161220,8.8087766E-11
0,161230,8.799529E-11
0,161240,8.790291E-11
0,161250,8.781062E-11
0,161260,8.771844E-11
0,161270,8.7626344E-11
0,161280,8.753435E-11
0,161290,8.744245E-11
0,161300,8.735065E-11
0,161310,8.725894E-11
0,161320,8.7167336E-11
0,161330,8.7075826E-11
0,161340,8.6984406E-11
0,161350,8.689308E-11
0,161360,8.6801864E-11
0,161370,8.671073E-11
0,161380,8.66197E-11
0,161390,8.652876E-11
0,161400,8.643792E-11
0,161410,8.634717E-11
0,161420,8.625652E-11
0,161430,8.616596E-11
0,161440,8.60755E-11
0,161450,8.5985136E-11
0,161460,8.589487E-11
0,161470,8.580469E-11
0,161480,8.57146E-11
0,161490,8.562462E-11
0,161500,8.5534725E-11
0,161510,8.544493E-11
0,161520,8.535522E-11
0,161530,8.5265614E-11
0,161540,8.5176095E-11
0,161550,8.5086674E-11
0,161560,8.499734E-11
0,161570,8.490811E-11
0,161580,8.481897E-11
0,161590,8.4729924E-11
0,161600,8.464097E-11
0,161610,8.455211E-11
0,161620,8.446334E-11
0,161630,8.437467E-11
0,161640,8.4286085E-11
0,161650,8.41976E-11
0,161660,8.4109206E-11
0,161670,8.40209E-11
0,161680,8.3932694E-11
0,161690,8.384458E-11
0,161700,8.375655E-11
0,161710,8.366862E-11
0,161720,8.358078E-11
0,161730,8.349303E-11
0,161740,8.340537E-11
0,161750,8.331781E-11
0,161760,8.323034E-11
0,161770,8.3142965E-11
0,161780,8.305567E-11
0,161790,8.296848E-11
0,161800,8.2881375E-11
0,161810,8.279436E-11
0,161820,8.270744E-11
0,161830,8.262061E-11
0,161840,8.253387E-11
0,161850,8.244722E-11
0,161860,8.236067E-11
0,161870,8.2274194E-11
0,161880,8.2187826E-11
0,161890,8.210154E-11
0,161900,8.2015346E-11
0,161910,8.192924E-11
0,161920,8.184323E-11
0,161930,8.17573E-11
0,161940,8.167147E-11
0,161950,8.1585724E-11
0,161960,8.150008E-11
0,161970,8.1414514E-11
0,161980,8.132904E-11
0,161990,8.124366E-11
0,162000,8.115836E-11
0,162010,8.1073155E-11
0,162020,8.098804E-11
0,162030,8.090301E-11
0,162040,8.081808E-11
0,162050,8.073323E-11
0,162060,8.0648474E-11
0,162070,8.0563806E-11
0,162080,8.047923E-11
0,162090,8.039473E-11
0,162100,8.0310335E-11
0,162110,8.022602E-11
0,162120,8.0141796E-11
0,162130,8.0057655E-11
0,162140,7.997361E-11
0,162150,7.988965E-11
0,162160,7.980577E-11
0,162170,7.972199E-11
0,162180,7.9638296E-11
0,162190,7.955469E-11
0,162200,7.9471166E-11
0,162210,7.938773E-11
0,162220,7.930439E-11
0,162230,7.922113E-11
0,162240,7.913796E-11
0,162250,7.905488E-11
0,162260,7.8971885E-11
0,162270,7.888897E-11
0,162280,7.880615E-11
0,162290,7.872342E-11
0,162300,7.864077E-11
0,162310,7.855821E-11
0,162320,7.847573E-11
0,162330,7.839335E-11
0,162340,7.8311045E-11
0,162350,7.8228826E-11
0,162360,7.8146704E-11
0,162370,7.806466E-11
0,162380,7.7982704E-11
0,162390,7.790083E-11
0,162400,7.781905E-11
0,162410,7.773735E-11
0,162420,7.7655736E-11
0,162430,7.757421E-11
0,162440,7.749277E-11
0,162450,7.741141E-11
0,162460,7.733014E-11
0,162470,7.724896E-11
0,162480,7.7167855E-11
0,162490,7.7086844E-11
0,162500,7.7005916E-11
0,162510,7.692507E-11
0,162520,7.684431E-11
0,162530,7.676363E-11
0,162540,7.668304E-11
0,162550,7.660254E-11
0,162560,7.6522115E-11
0,162570,7.6441777E-11
0,162580,7.636153E-11
0,162590,7.6281356E-11
0,162600,7.6201274E-11
0,162610,7.6121276E-11
0,162620,7.604136E-11
0,162630,7.596153E-11
0,162640,7.588178E-11
0,162650,7.5802115E-11
0,162660,7.572253E-11
0,162670,7.5643034E-11
0,162680,7.5563625E-11
0,162690,7.548429E-11
0,162700,7.540504E-11
0,162710,7.532588E-11
0,162720,7.52468E-11
0,162730,7.51678E-11
0,162740,7.5088886E-11
0,162750,7.5010054E-11
0,162760,7.4931304E-11
0,162770,7.485264E-11
0,162780,7.4774055E-11
0,162790,7.4695555E-11
0,162800,7.461713E-11
0,162810,7.45388E-11
0,162820,7.446054E-11
0,162830,7.438237E-11
0,162840,7.430428E-11
0,162850,7.422627E-11
0,162860,7.414835E-11
0,162870,7.40705E-11
0,162880,7.3992736E-11
0,162890,7.3915055E-11
0,162900,7.383746E-11
0,162910,7.3759936E-11
0,162920,7.36825E-11
0,162930,7.360514E-11
0,162940,7.352787E-11
0,162950,7.3450676E-11
0,162960,7.3373564E-11
0,162970,7.3296536E-11
0,162980,7.321958E-11
0,162990,7.3142714E-11
0,163000,7.306592E-11
0,163010,7.298921E-11
0,163020,7.2912586E-11
0,163030,7.283604E-11
0,163040,7.2759576E-11
0,163050,7.2683186E-11
0,163060,7.260688E-11
0,163070,7.2530655E-11
0,163080,7.245451E-11
0,163090,7.2378444E-11
0,163100,7.2302456E-11
0,163110,7.2226544E-11
0,163120,7.215072E-11
0,163130,7.207497E-11
0,163140,7.19993E-11
0,163150,7.192372E-11
0,163160,7.184821E-11
0,163170,7.1772775E-11
0,163180,7.1697426E-11
0,163190,7.162215E-11
0,163200,7.154696E-11
0,163210,7.147185E-11
0,163220,7.139681E-11
0,163230,7.132186E-11
0,163240,7.124698E-11
0,163250,7.117218E-11
0,163260,7.109746E-11
0,163270,7.102282E-11
0,163280,7.0948254E-11
0,163290,7.087377E-11
0,163300,7.0799366E-11
0,163310,7.072504E-11
0,163320,7.0650784E-11
0,163330,7.0576614E-11
0,163340,7.050252E-11
0,163350,7.04285E-11
0,163360,7.035456E-11
0,163370,7.02807E-11
0,163380,7.020692E-11
0,163390,7.013321E-11
0,163400,7.0059576E-11
0,163410,6.9986024E-11
0,163420,6.9912555E-11
0,163430,6.9839155E-11
0,163440,6.976583E-11
0,163450,6.969259E-11
0,163460,6.961942E-11
0,163470,6.9546334E-11
0,163480,6.947332E-11
0,163490,6.940038E-11
0,163500,6.932752E-11
0,163510,6.925474E-11
0,163520,6.9182035E-11
0,163530,6.91094E-11
0,163540,6.9036846E-11
0,163550,6.896437E-11
0,163560,6.889197E-11
0,163570,6.881964E-11
0,163580,6.874739E-11
0,163590,6.867522E-11
0,163600,6.8603116E-11
0,163610,6.853109E-11
0,163620,6.845915E-11
0,163630,6.8387275E-11
0,163640,6.831548E-11
0,163650,6.824376E-11
0,163660,6.8172114E-11
0,163670,6.810054E-11
0,163680,6.802905E-11
0,163690,6.7957626E-11
0,163700,6.788628E-11
0,163710,6.781501E-11
0,163720,6.774381E-11
0,163730,6.7672694E-11
0,163740,6.7601647E-11
0,163750,6.7530675E-11
0,163760,6.745978E-11
0,163770,6.7388956E-11
0,163780,6.731821E-11
0,163790,6.7247534E-11
0,163800,6.717693E-11
0,163810,6.710641E-11
0,163820,6.703595E-11
0,163830,6.696558E-11
0,163840,6.6895274E-11
0,163850,6.6825045E-11
0,163860,6.6754886E-11
0,163870,6.6684804E-11
0,163880,6.66148E-11
0,163890,6.654486E-11
0,163900,6.6475E-11
0,163910,6.640521E-11
0,163920,6.633549E-11
0,163930,6.6265854E-11
0,163940,6.6196285E-11
0,163950,6.6126785E-11
0,163960,6.605736E-11
0,163970,6.5988014E-11
0,163980,6.5918736E-11
0,163990,6.584953E-11
0,164000,6.5780395E-11
0,164010,6.571134E-11
0,164020,6.564235E-11
0,164030,6.5573436E-11
0,164040,6.5504595E-11
0,164050,6.543582E-11
0,164060,6.536713E-11
0,164070,6.52985E-11
0,164080,6.5229946E-11
0,164090,6.5161467E-11
0,164100,6.5093056E-11
0,164110,6.5024715E-11
0,164120,6.495645E-11
0,164130,6.4888254E-11
0,164140,6.4820135E-11
0,164150,6.475208E-11
0,164160,6.46841E-11
0,164170,6.4616194E-11
0,164180,6.454835E-11
0,164190,6.448059E-11
0,164200,6.441289E-11
0,164210,6.434527E-11
0,164220,6.4277715E-11
0,164230,6.4210234E-11
0,164240,6.414282E-11
0,164250,6.407548E-11
0,164260,6.4008215E-11
0,164270,6.394101E-11
0,164280,6.3873885E-11
0,164290,6.380683E-11
0,164300,6.373984E-11
0,164310,6.367292E-11
0,164320,6.360608E-11
0,164330,6.35393E-11
0,164340,6.3472595E-11
0,164350,6.3405954E-11
0,164360,6.333939E-11
0,164370,6.3272894E-11
0,164380,6.320647E-11
0,164390,6.314011E-11
0,164400,6.307382E-11
0,164410,6.3007606E-11
0,164420,6.294145E-11
0,164430,6.287537E-11
0,164440,6.280936E-11
0,164450,6.274342E-11
0,164460,6.267755E-11
0,164470,6.261175E-11
0,164480,6.254602E-11
0,164490,6.2480354E-11
0,164500,6.241476E-11
0,164510,6.234923E-11
0,164520,6.2283775E-11
0,164530,6.221839E-11
0,164540,6.215307E-11
0,164550,6.2087814E-11
0,164560,6.202263E-11
0,164570,6.1957516E-11
0,164580,6.189247E-11
0,164590,6.1827495E-11
0,164600,6.176258E-11
0,164610,6.1697744E-11
0,164620,6.163297E-11
0,164630,6.1568264E-11
0,164640,6.150363E-11
0,164650,6.1439055E-11
0,164660,6.137456E-11
0,164670,6.1310124E-11
0,164680,6.124575E-11
0,164690,6.1181456E-11
0,164700,6.111722E-11
0,164710,6.105306E-11
0,164720,6.0988964E-11
0,164730,6.092493E-11
0,164740,6.086097E-11
0,164750,6.0797076E-11
0,164760,6.073325E-11
0,164770,6.066949E-11
0,164780,6.060579E-11
0,164790,6.054217E-11
0,164800,6.047861E-11
0,164810,6.041511E-11
0,164820,6.035169E-11
0,164830,6.028833E-11
0,164840,6.022503E-11
0,164850,6.0161806E-11
0,164860,6.009864E-11
0,164870,6.003555E-11
0,164880,5.997252E-11
0,164890,5.990956E-11
0,164900,5.984666E-11
0,164910,5.978383E-11
0,164920,5.972107E-11
0,164930,5.965837E-11
0,164940,5.959574E-11
0,164950,5.953317E-11
0,164960,5.947067E-11
0,164970,5.9408235E-11
0,164980,5.934587E-11
0,164990,5.9283564E-11
0,165000,5.922132E-11
0,165010,5.915915E-11
0,165020,5.909704E-11
0,165030,5.9035E-11
0,165040,5.897302E-11
0,165050,5.8911105E-11
0,165060,5.884926E-11
0,165070,5.8787475E-11
0,165080,5.872576E-11
0,165090,5.86641E-11
0,165100,5.860252E-11
0,165110,5.854099E-11
0,165120,5.8479534E-11
0,165130,5.841814E-11
0,165140,5.8356805E-11
0,165150,5.829554E-11
0,165160,5.823434E-11
0,165170,5.8173202E-11
0,165180,5.811213E-11
0,165190,5.8051123E-11
0,165200,5.7990175E-11
0,165210,5.7929293E-11
0,165220,5.7868477E-11
0,165230,5.7807724E-11
0,165240,5.7747036E-11
0,165250,5.768641E-11
0,165260,5.762585E-11
0,165270,5.756535E-11
0,165280,5.7504914E-11
0,165290,5.7444542E-11
0,165300,5.7384233E-11
0,165310,5.732399E-11
0,165320,5.726381E-11
0,165330,5.720369E-11
0,165340,5.7143634E-11
0,165350,5.708364E-11
0,165360,5.7023712E-11
0,165370,5.6963847E-11
0,165380,5.690404E-11
0,165390,5.68443E-11
0,165400,5.6784622E-11
0,165410,5.6725007E-11
0,165420,5.6665454E-11
0,165430,5.6605966E-11
0,165440,5.654654E-11
0,165450,5.6487173E-11
0,165460,5.642787E-11
0,165470,5.636863E-11
0,165480,5.630945E-11
0,165490,5.6250334E-11
0,165500,5.6191277E-11
0,165510,5.6132286E-11
0,165520,5.6073354E-11
0,165530,5.6014485E-11
0,165540,5.595568E-11
0,165550,5.5896936E-11
0,165560,5.583825E-11
0,165570,5.5779627E-11
0,165580,5.572107E-11
0,165590,5.566257E-11
0,165600,5.5604132E-11
0,165610,5.5545755E-11
0,165620,5.548744E-11
0,165630,5.542919E-11
0,165640,5.5370996E-11
0,165650,5.5312865E-11
0,165660,5.5254794E-11
0,165670,5.5196785E-11
0,165680,5.5138838E-11
0,165690,5.508095E-11
0,165700,5.502312E-11
0,165710,5.4965355E-11
0,165720,5.490765E-11
0,165730,5.4850006E-11
0,165740,5.479242E-11
0,165750,5.4734897E-11
0,165760,5.4677433E-11
0,165770,5.462003E-11
0,165780,5.4562688E-11
0,165790,5.4505407E-11
0,165800,5.4448182E-11
0,165810,5.439102E-11
0,165820,5.433392E-11
0,165830,5.4276875E-11
0,165840,5.4219892E-11
0,165850,5.416297E-11
0,165860,5.410611E-11
0,165870,5.4049303E-11
0,165880,5.399256E-11
0,165890,5.3935877E-11
0,165900,5.3879252E-11
0,165910,5.3822686E-11
0,165920,5.376618E-11
0,165930,5.3709735E-11
0,165940,5.3653346E-11
0,165950,5.359702E-11
0,165960,5.354075E-11
0,165970,5.348454E-11
0,165980,5.342839E-11
0,165990,5.3372296E-11
0,166000,5.3316265E-11
0,166010,5.3260292E-11
0,166020,5.3204375E-11
0,166030,5.314852E-11
0,166040,5.309272E-11
0,166050,5.303698E-11
0,166060,5.29813E-11
0,166070,5.2925678E-11
0,166080,5.2870115E-11
0,166090,5.2814607E-11
0,166100,5.275916E-11
0,166110,5.2703772E-11
0,166120,5.264844E-11
0,166130,5.2593166E-11
0,166140,5.2537953E-11
0,166150,5.2482796E-11
0,166160,5.2427698E-11
0,166170,5.2372655E-11
0,166180,5.231767E-11
0,166190,5.2262746E-11
0,166200,5.2207877E-11
0,166210,5.2153067E-11
0,166220,5.2098315E-11
0,166230,5.204362E-11
0,166240,5.198898E-11
0,166250,5.19344E-11
0,166260,5.1879875E-11
0,166270,5.1825412E-11
0,166280,5.1771E-11
0,166290,5.171665E-11
0,166300,5.1662355E-11
0,166310,5.1608117E-11
0,166320,5.1553938E-11
0,166330,5.149981E-11
0,166340,5.1445747E-11
0,166350,5.1391735E-11
0,166360,5.133778E-11
0,166370,5.1283883E-11
0,166380,5.1230045E-11
0,166390,5.117626E-11
0,166400,5.1122533E-11
0,166410,5.106886E-11
0,166420,5.1015248E-11
0,166430,5.096169E-11
0,166440,5.0908187E-11
0,166450,5.085474E-11
0,166460,5.080135E-11
0,166470,5.0748017E-11
0,166480,5.069474E-11
0,166490,5.0641515E-11
0,166500,5.058835E-11
0,166510,5.0535243E-11
0,166520,5.0482188E-11
0,166530,5.042919E-11
0,166540,5.0376245E-11
0,166550,5.0323357E-11
0,166560,5.0270524E-11
0,166570,5.021775E-11
0,166580,5.016503E-11
0,166590,5.0112362E-11
0,166600,5.005975E-11
0,166610,5.0007196E-11
0,166620,4.9954697E-11
0,166630,4.9902252E-11
0,166640,4.984986E-11
0,166650,4.9797524E-11
0,166660,4.9745246E-11
0,166670,4.969302E-11
0,166680,4.964085E-11
0,166690,4.9588736E-11
0,166700,4.9536673E-11
0,166710,4.9484666E-11
0,166720,4.9432715E-11
0,166730,4.938082E-11
0,166740,4.932898E-11
0,166750,4.927719E-11
0,166760,4.9225454E-11
0,166770,4.9173776E-11
0,166780,4.912215E-11
0,166790,4.907058E-11
0,166800,4.9019063E-11
0,166810,4.89676E-11
0,166820,4.891619E-11
0,166830,4.8864836E-11
0,166840,4.8813537E-11
0,166850,4.876229E-11
0,166860,4.8711098E-11
0,166870,4.8659958E-11
0,166880,4.860887E-11
0,166890,4.855784E-11
0,166900,4.850686E-11
0,166910,4.8455934E-11
0,166920,4.8405065E-11
0,166930,4.8354248E-11
0,166940,4.8303483E-11
0,166950,4.825277E-11
0,166960,4.8202112E-11
0,166970,4.8151507E-11
0,166980,4.8100954E-11
0,166990,4.8050456E-11
0,167000,4.800001E-11
0,167010,4.7949616E-11
0,167020,4.789928E-11
0,167030,4.784899E-11
0,167040,4.7798755E-11
0,167050,4.7748576E-11
0,167060,4.7698446E-11
0,167070,4.7648368E-11
0,167080,4.7598345E-11
0,167090,4.7548375E-11
0,167100,4.7498457E-11
0,167110,4.744859E-11
0,167120,4.7398776E-11
0,167130,4.7349014E-11
0,167140,4.7299303E-11
0,167150,4.724965E-11
0,167160,4.7200042E-11
0,167170,4.715049E-11
0,167180,4.710099E-11
0,167190,4.705154E-11
0,167200,4.7002142E-11
0,167210,4.6952796E-11
0,167220,4.6903502E-11
0,167230,4.6854264E-11
0,167240,4.680507E-11
0,167250,4.6755932E-11
0,167260,4.6706847E-11
0,167270,4.665781E-11
0,167280,4.6608828E-11
0,167290,4.6559895E-11
0,167300,4.6511014E-11
0,167310,4.6462185E-11
0,167320,4.6413408E-11
0,167330,4.636468E-11
0,167340,4.6316003E-11
0,167350,4.626738E-11
0,167360,4.6218803E-11
0,167370,4.6170283E-11
0,167380,4.612181E-11
0,167390,4.6073388E-11
0,167400,4.6025017E-11
0,167410,4.5976698E-11
0,167420,4.592843E-11
0,167430,4.5880213E-11
0,167440,4.5832046E-11
0,167450,4.578393E-11
0,167460,4.5735863E-11
0,167470,4.5687846E-11
0,167480,4.563988E-11
0,167490,4.5591964E-11
0,167500,4.55441E-11
0,167510,4.5496287E-11
0,167520,4.5448523E-11
0,167530,4.5400808E-11
0,167540,4.5353145E-11
0,167550,4.530553E-11
0,167560,4.5257964E-11
0,167570,4.521045E-11
0,167580,4.5162988E-11
0,167590,4.5115574E-11
0,167600,4.506821E-11
0,167610,4.5020893E-11
0,167620,4.497363E-11
0,167630,4.4926413E-11
0,167640,4.4879246E-11
0,167650,4.483213E-11
0,167660,4.4785065E-11
0,167670,4.4738047E-11
0,167680,4.4691077E-11
0,167690,4.464416E-11
0,167700,4.4597288E-11
0,167710,4.4550467E-11
0,167720,4.4503696E-11
0,167730,4.4456973E-11
0,167740,4.4410302E-11
0,167750,4.4363676E-11
0,167760,4.4317102E-11
0,167770,4.4270577E-11
0,167780,4.4224097E-11
0,167790,4.417767E-11
0,167800,4.413129E-11
0,167810,4.4084958E-11
0,167820,4.4038675E-11
0,167830,4.399244E-11
0,167840,4.3946256E-11
0,167850,4.390012E-11
0,167860,4.385403E-11
0,167870,4.380799E-11
0,167880,4.3761997E-11
0,167890,4.3716055E-11
0,167900,4.367016E-11
0,167910,4.3624312E-11
0,167920,4.3578512E-11
0,167930,4.353276E-11
0,167940,4.348706E-11
0,167950,4.3441407E-11
0,167960,4.3395797E-11
0,167970,4.335024E-11
0,167980,4.3304728E-11
0,167990,4.3259264E-11
0,168000,4.321385E-11
0,168010,4.316848E-11
0,168020,4.3123158E-11
0,168030,4.3077885E-11
0,168040,4.303266E-11
0,168050,4.298748E-11
0,168060,4.2942355E-11
0,168070,4.289727E-11
0,168080,4.2852236E-11
0,168090,4.2807244E-11
0,168100,4.2762304E-11
0,168110,4.271741E-11
0,168120,4.2672563E-11
0,168130,4.2627762E-11
0,168140,4.258301E-11
0,168150,4.2538306E-11
0,168160,4.2493647E-11
0,168170,4.2449034E-11
0,168180,4.240447E-11
0,168190,4.2359952E-11
0,168200,4.2315478E-11
0,168210,4.2271055E-11
0,168220,4.2226677E-11
0,168230,4.2182344E-11
0,168240,4.213806E-11
0,168250,4.209382E-11
0,168260,4.2049628E-11
0,168270,4.2005482E-11
0,168280,4.1961382E-11
0,168290,4.191733E-11
0,168300,4.1873324E-11
0,168310,4.1829363E-11
0,168320,4.1785447E-11
0,168330,4.174158E-11
0,168340,4.1697756E-11
0,168350,4.165398E-11
0,168360,4.161025E-11
0,168370,4.1566566E-11
0,168380,4.1522927E-11
0,168390,4.1479334E-11
0,168400,4.1435785E-11
0,168410,4.1392285E-11
0,168420,4.134883E-11
0,168430,4.130542E-11
0,168440,4.1262056E-11
0,168450,4.1218737E-11
0,168460,4.1175462E-11
0,168470,4.1132233E-11
0,168480,4.1089052E-11
0,168490,4.1045913E-11
0,168500,4.1002823E-11
0,168510,4.0959774E-11
0,168520,4.0916773E-11
0,168530,4.0873818E-11
0,168540,4.0830905E-11
0,168550,4.078804E-11
0,168560,4.0745216E-11
0,168570,4.070244E-11
0,168580,4.0659708E-11
0,168590,4.0617024E-11
0,168600,4.057438E-11
0,168610,4.0531786E-11
0,168620,4.0489233E-11
0,168630,4.0446726E-11
0,168640,4.040426E-11
0,168650,4.0361842E-11
0,168660,4.031947E-11
0,168670,4.027714E-11
0,168680,4.0234854E-11
0,168690,4.0192613E-11
0,168700,4.0150418E-11
0,168710,4.0108264E-11
0,168720,4.006616E-11
0,168730,4.0024095E-11
0,168740,3.9982077E-11
0,168750,3.99401E-11
0,168760,3.9898168E-11
0,168770,3.985628E-11
0,168780,3.981444E-11
0,168790,3.977264E-11
0,168800,3.9730885E-11
0,168810,3.9689172E-11
0,168820,3.9647504E-11
0,168830,3.960588E-11
0,168840,3.95643E-11
0,168850,3.9522764E-11
0,168860,3.9481272E-11
0,168870,3.9439823E-11
0,168880,3.9398415E-11
0,168890,3.9357052E-11
0,168900,3.9315735E-11
0,168910,3.927446E-11
0,168920,3.9233228E-11
0,168930,3.919204E-11
0,168940,3.915089E-11
0,168950,3.910979E-11
0,168960,3.906873E-11
0,168970,3.9027715E-11
0,168980,3.898674E-11
0,168990,3.894581E-11
0,169000,3.890492E-11
0,169010,3.886408E-11
0,169020,3.8823278E-11
0,169030,3.878252E-11
0,169040,3.87418E-11
0,169050,3.870113E-11
0,169060,3.86605E-11
0,169070,3.861991E-11
0,169080,3.8579365E-11
0,169090,3.8538863E-11
0,169100,3.8498402E-11
0,169110,3.8457987E-11
0,169120,3.841761E-11
0,169130,3.8377277E-11
0,169140,3.8336986E-11
0,169150,3.829674E-11
0,169160,3.8256533E-11
0,169170,3.8216368E-11
0,169180,3.8176247E-11
0,169190,3.8136168E-11
0,169200,3.809613E-11
0,169210,3.8056135E-11
0,169220,3.8016184E-11
0,169230,3.797627E-11
0,169240,3.79364E-11
0,169250,3.7896575E-11
0,169260,3.7856787E-11
0,169270,3.7817045E-11
0,169280,3.7777344E-11
0,169290,3.773768E-11
0,169300,3.7698063E-11
0,169310,3.7658484E-11
0,169320,3.761895E-11
0,169330,3.7579457E-11
0,169340,3.7540002E-11
0,169350,3.7500593E-11
0,169360,3.746122E-11
0,169370,3.7421892E-11
0,169380,3.7382604E-11
0,169390,3.734336E-11
0,169400,3.7304153E-11
0,169410,3.726499E-11
0,169420,3.7225868E-11
0,169430,3.7186785E-11
0,169440,3.7147747E-11
0,169450,3.7108747E-11
0,169460,3.7069788E-11
0,169470,3.7030868E-11
0,169480,3.6991993E-11
0,169490,3.6953156E-11
0,169500,3.691436E-11
0,169510,3.6875607E-11
0,169520,3.683689E-11
0,169530,3.679822E-11
0,169540,3.675959E-11
0,169550,3.6720994E-11
0,169560,3.6682442E-11
0,169570,3.664393E-11
0,169580,3.660546E-11
0,169590,3.656703E-11
0,169600,3.652864E-11
0,169610,3.649029E-11
0,169620,3.6451984E-11
0,169630,3.6413712E-11
0,169640,3.6375486E-11
0,169650,3.6337294E-11
0,169660,3.6299148E-11
0,169670,3.626104E-11
0,169680,3.622297E-11
0,169690,3.618494E-11
0,169700,3.6146953E-11
0,169710,3.6109E-11
0,169720,3.6071094E-11
0,169730,3.6033225E-11
0,169740,3.5995394E-11
0,169750,3.5957605E-11
0,169760,3.5919854E-11
0,169770,3.5882144E-11
0,169780,3.5844473E-11
0,169790,3.5806844E-11
0,169800,3.5769252E-11
0,169810,3.57317E-11
0,169820,3.5694184E-11
0,169830,3.565671E-11
0,169840,3.561928E-11
0,169850,3.558188E-11
0,169860,3.5544526E-11
0,169870,3.5507212E-11
0,169880,3.5469933E-11
0,169890,3.5432695E-11
0,169900,3.5395496E-11
0,169910,3.5358334E-11
0,169920,3.5321215E-11
0,169930,3.5284133E-11
0,169940,3.524709E-11
0,169950,3.5210085E-11
0,169960,3.517312E-11
0,169970,3.5136193E-11
0,169980,3.5099305E-11
0,169990,3.5062456E-11
0,170000,3.5025646E-11
0,170010,3.4988876E-11
0,170020,3.4952142E-11
0,170030,3.491545E-11
0,170040,3.487879E-11
0,170050,3.4842174E-11
0,170060,3.4805596E-11
0,170070,3.4769056E-11
0,170080,3.473255E-11
0,170090,3.4696086E-11
0,170100,3.465966E-11
0,170110,3.4623276E-11
0,170120,3.4586927E-11
0,170130,3.4550616E-11
0,170140,3.4514343E-11
0,170150,3.4478108E-11
0,170160,3.444191E-11
0,170170,3.4405753E-11
0,170180,3.436963E-11
0,170190,3.4333546E-11
0,170200,3.4297502E-11
0,170210,3.4261493E-11
0,170220,3.4225525E-11
0,170230,3.4189592E-11
0,170240,3.41537E-11
0,170250,3.4117844E-11
0,170260,3.4082025E-11
0,170270,3.404624E-11
0,170280,3.40105E-11
0,170290,3.3974795E-11
0,170300,3.3939126E-11
0,170310,3.3903495E-11
0,170320,3.38679E-11
0,170330,3.3832343E-11
0,170340,3.3796826E-11
0,170350,3.3761344E-11
0,170360,3.37259E-11
0,170370,3.369049E-11
0,170380,3.3655124E-11
0,170390,3.361979E-11
0,170400,3.3584493E-11
0,170410,3.3549236E-11
0,170420,3.3514014E-11
0,170430,3.3478827E-11
0,170440,3.3443682E-11
0,170450,3.340857E-11
0,170460,3.3373495E-11
0,170470,3.333846E-11
0,170480,3.3303457E-11
0,170490,3.3268496E-11
0,170500,3.323357E-11
0,170510,3.3198676E-11
0,170520,3.3163826E-11
0,170530,3.3129006E-11
0,170540,3.3094225E-11
0,170550,3.3059482E-11
0,170560,3.3024774E-11
0,170570,3.2990104E-11
0,170580,3.2955468E-11
0,170590,3.292087E-11
0,170600,3.2886308E-11
0,170610,3.2851784E-11
0,170620,3.2817294E-11
0,170630,3.278284E-11
0,170640,3.2748422E-11
0,170650,3.2714043E-11
0,170660,3.26797E-11
0,170670,3.264539E-11
0,170680,3.2611115E-11
0,170690,3.257688E-11
0,170700,3.2542677E-11
0,170710,3.2508513E-11
0,170720,3.2474384E-11
0,170730,3.244029E-11
0,170740,3.2406234E-11
0,170750,3.2372213E-11
0,170760,3.2338226E-11
0,170770,3.2304277E-11
0,170780,3.227036E-11
0,170790,3.223648E-11
0,170800,3.2202636E-11
0,170810,3.216883E-11
0,170820,3.213506E-11
0,170830,3.210132E-11
0,170840,3.206762E-11
0,170850,3.2033952E-11
0,170860,3.2000323E-11
0,170870,3.1966728E-11
0,170880,3.1933168E-11
0,170890,3.1899643E-11
0,170900,3.1866152E-11
0,170910,3.1832696E-11
0,170920,3.179928E-11
0,170930,3.1765892E-11
0,170940,3.1732544E-11
0,170950,3.169923E-11
0,170960,3.1665948E-11
0,170970,3.1632703E-11
0,170980,3.1599494E-11
0,170990,3.156632E-11
0,171000,3.153318E-11
0,171010,3.1500077E-11
0,171020,3.1467006E-11
0,171030,3.143397E-11
0,171040,3.140097E-11
0,171050,3.1368002E-11
0,171060,3.133507E-11
0,171070,3.1302173E-11
0,171080,3.126931E-11
0,171090,3.1236482E-11
0,171100,3.120369E-11
0,171110,3.117093E-11
0,171120,3.1138203E-11
0,171130,3.1105514E-11
0,171140,3.107286E-11
0,171150,3.1040236E-11
0,171160,3.1007648E-11
0,171170,3.0975094E-11
0,171180,3.0942575E-11
0,171190,3.091009E-11
0,171200,3.087764E-11
0,171210,3.0845222E-11
0,171220,3.081284E-11
0,171230,3.0780493E-11
0,171240,3.0748175E-11
0,171250,3.0715895E-11
0,171260,3.0683647E-11
0,171270,3.0651436E-11
0,171280,3.0619257E-11
0,171290,3.058711E-11
0,171300,3.0555E-11
0,171310,3.052292E-11
0,171320,3.0490874E-11
0,171330,3.0458865E-11
0,171340,3.0426887E-11
0,171350,3.0394944E-11
0,171360,3.0363035E-11
0,171370,3.0331158E-11
0,171380,3.0299315E-11
0,171390,3.0267504E-11
0,171400,3.0235727E-11
0,171410,3.0203985E-11
0,171420,3.0172274E-11
0,171430,3.01406E-11
0,171440,3.0108957E-11
0,171450,3.0077347E-11
0,171460,3.0045768E-11
0,171470,3.0014224E-11
0,171480,2.9982714E-11
0,171490,2.9951236E-11
0,171500,2.9919792E-11
0,171510,2.988838E-11
0,171520,2.9857002E-11
0,171530,2.982566E-11
0,171540,2.9794344E-11
0,171550,2.9763067E-11
0,171560,2.9731818E-11
0,171570,2.9700607E-11
0,171580,2.9669423E-11
0,171590,2.9638274E-11
0,171600,2.960716E-11
0,171610,2.9576078E-11
0,171620,2.9545026E-11
0,171630,2.951401E-11
0,171640,2.9483024E-11
0,171650,2.945207E-11
0,171660,2.942115E-11
0,171670,2.939026E-11
0,171680,2.9359407E-11
0,171690,2.9328585E-11
0,171700,2.9297793E-11
0,171710,2.9267033E-11
0,171720,2.9236308E-11
0,171730,2.9205614E-11
0,171740,2.9174954E-11
0,171750,2.9144322E-11
0,171760,2.9113725E-11
0,171770,2.9083161E-11
0,171780,2.9052628E-11
0,171790,2.9022128E-11
0,171800,2.899166E-11
0,171810,2.8961222E-11
0,171820,2.8930816E-11
0,171830,2.8900445E-11
0,171840,2.8870102E-11
0,171850,2.8839793E-11
0,171860,2.8809516E-11
0,171870,2.877927E-11
0,171880,2.8749057E-11
0,171890,2.8718875E-11
0,171900,2.8688723E-11
0,171910,2.8658605E-11
0,171920,2.8628518E-11
0,171930,2.8598462E-11
0,171940,2.8568438E-11
0,171950,2.8538444E-11
0,171960,2.8508484E-11
0,171970,2.8478555E-11
0,171980,2.8448657E-11
0,171990,2.841879E-11
0,172000,2.8388954E-11
0,172010,2.835915E-11
0,172020,2.8329377E-11
0,172030,2.8299635E-11
0,172040,2.8269925E-11
0,172050,2.8240245E-11
0,172060,2.8210597E-11
0,172070,2.818098E-11
0,172080,2.8151394E-11
0,172090,2.812184E-11
0,172100,2.8092317E-11
0,172110,2.8062823E-11
0,172120,2.8033362E-11
0,172130,2.800393E-11
0,172140,2.797453E-11
0,172150,2.7945162E-11
0,172160,2.7915824E-11
0,172170,2.7886516E-11
0,172180,2.7857239E-11
0,172190,2.7827993E-11
0,172200,2.7798779E-11
0,172210,2.7769594E-11
0,172220,2.774044E-11
0,172230,2.7711316E-11
0,172240,2.7682223E-11
0,172250,2.7653161E-11
0,172260,2.762413E-11
0,172270,2.759513E-11
0,172280,2.7566158E-11
0,172290,2.7537217E-11
0,172300,2.7508308E-11
0,172310,2.7479428E-11
0,172320,2.7450578E-11
0,172330,2.742176E-11
0,172340,2.7392972E-11
0,172350,2.7364212E-11
0,172360,2.7335485E-11
0,172370,2.7306785E-11
0,172380,2.7278117E-11
0,172390,2.724948E-11
0,172400,2.7220871E-11
0,172410,2.7192294E-11
0,172420,2.7163747E-11
0,172430,2.7135228E-11
0,172440,2.710674E-11
0,172450,2.7078282E-11
0,172460,2.7049854E-11
0,172470,2.7021456E-11
0,172480,2.6993087E-11
0,172490,2.6964748E-11
0,172500,2.693644E-11
0,172510,2.6908161E-11
0,172520,2.6879911E-11
0,172530,2.6851691E-11
0,172540,2.68235E-11
0,172550,2.679534E-11
0,172560,2.676721E-11
0,172570,2.6739107E-11
0,172580,2.6711036E-11
0,172590,2.6682993E-11
0,172600,2.665498E-11
0,172610,2.6626996E-11
0,172620,2.6599042E-11
0,172630,2.6571117E-11
0,172640,2.654322E-11
0,172650,2.6515354E-11
0,172660,2.6487517E-11
0,172670,2.645971E-11
0,172680,2.6431931E-11
0,172690,2.6404181E-11
0,172700,2.637646E-11
0,172710,2.6348769E-11
0,172720,2.6321107E-11
0,172730,2.6293474E-11
0,172740,2.626587E-11
0,172750,2.6238295E-11
0,172760,2.6210747E-11
0,172770,2.6183231E-11
0,172780,2.6155743E-11
0,172790,2.6128282E-11
0,172800,2.6100852E-11
0,172810,2.607345E-11
0,172820,2.6046077E-11
0,172830,2.6018732E-11
0,172840,2.5991416E-11
0,172850,2.5964128E-11
0,172860,2.593687E-11
0,172870,2.590964E-11
0,172880,2.588244E-11
0,172890,2.5855266E-11
0,172900,2.5828123E-11
0,172910,2.5801007E-11
0,172920,2.577392E-11
0,172930,2.5746861E-11
0,172940,2.571983E-11
0,172950,2.5692828E-11
0,172960,2.5665855E-11
0,172970,2.563891E-11
0,172980,2.5611993E-11
0,172990,2.5585103E-11
0,173000,2.5558243E-11
0,173010,2.553141E-11
0,173020,2.5504607E-11
0,173030,2.547783E-11
0,173040,2.5451082E-11
0,173050,2.5424364E-11
0,173060,2.5397672E-11
0,173070,2.5371007E-11
0,173080,2.5344372E-11
0,173090,2.5317764E-11
0,173100,2.5291184E-11
0,173110,2.5264632E-11
0,173120,2.5238108E-11
0,173130,2.5211612E-11
0,173140,2.5185144E-11
0,173150,2.5158703E-11
0,173160,2.513229E-11
0,173170,2.5105905E-11
0,173180,2.5079548E-11
0,173190,2.5053216E-11
0,173200,2.5026915E-11
0,173210,2.500064E-11
0,173220,2.4974394E-11
0,173230,2.4948175E-11
0,173240,2.4921983E-11
0,173250,2.4895818E-11
0,173260,2.4869681E-11
0,173270,2.4843572E-11
0,173280,2.481749E-11
0,173290,2.4791435E-11
0,173300,2.4765408E-11
0,173310,2.4739408E-11
0,173320,2.4713434E-11
0,173330,2.468749E-11
0,173340,2.4661571E-11
0,173350,2.463568E-11
0,173360,2.4609818E-11
0,173370,2.458398E-11
0,173380,2.455817E-11
0,173390,2.4532388E-11
0,173400,2.4506633E-11
0,173410,2.4480905E-11
0,173420,2.4455203E-11
0,173430,2.442953E-11
0,173440,2.4403882E-11
0,173450,2.4378262E-11
0,173460,2.4352667E-11
0,173470,2.4327101E-11
0,173480,2.430156E-11
0,173490,2.4276048E-11
0,173500,2.4250562E-11
0,173510,2.4225103E-11
0,173520,2.419967E-11
0,173530,2.4174263E-11
0,173540,2.4148884E-11
0,173550,2.4123531E-11
0,173560,2.4098206E-11
0,173570,2.4072905E-11
0,173580,2.4047634E-11
0,173590,2.4022387E-11
0,173600,2.3997167E-11
0,173610,2.3971974E-11
0,173620,2.3946806E-11
0,173630,2.3921665E-11
0,173640,2.3896551E-11
0,173650,2.3871464E-11
0,173660,2.3846402E-11
0,173670,2.3821367E-11
0,173680,2.3796357E-11
0,173690,2.3771375E-11
0,173700,2.374642E-11
0,173710,2.3721488E-11
0,173720,2.3696585E-11
0,173730,2.3671707E-11
0,173740,2.3646855E-11
0,173750,2.362203E-11
0,173760,2.359723E-11
0,173770,2.3572456E-11
0,173780,2.3547709E-11
0,173790,2.3522987E-11
0,173800,2.3498292E-11
0,173810,2.3473622E-11
0,173820,2.3448979E-11
0,173830,2.342436E-11
0,173840,2.3399768E-11
0,173850,2.3375201E-11
0,173860,2.3350662E-11
0,173870,2.3326147E-11
0,173880,2.3301657E-11
0,173890,2.3277194E-11
0,173900,2.3252757E-11
0,173910,2.3228345E-11
0,173920,2.3203958E-11
0,173930,2.3179597E-11
0,173940,2.3155262E-11
0,173950,2.3130954E-11
0,173960,2.310667E-11
0,173970,2.3082411E-11
0,173980,2.3058177E-11
0,173990,2.303397E-11
0,174000,2.3009789E-11
0,174010,2.298563E-11
0,174020,2.2961499E-11
0,174030,2.2937393E-11
0,174040,2.2913312E-11
0,174050,2.2889256E-11
0,174060,2.2865227E-11
0,174070,2.2841222E-11
0,174080,2.2817241E-11
0,174090,2.2793286E-11
0,174100,2.2769358E-11
0,174110,2.2745453E-11
0,174120,2.2721573E-11
0,174130,2.2697719E-11
0,174140,2.267389E-11
0,174150,2.2650087E-11
0,174160,2.2626307E-11
0,174170,2.2602552E-11
0,174180,2.2578822E-11
0,174190,2.255512E-11
0,174200,2.2531439E-11
0,174210,2.2507784E-11
0,174220,2.2484155E-11
0,174230,2.2460549E-11
0,174240,2.2436969E-11
0,174250,2.2413415E-11
0,174260,2.2389883E-11
0,174270,2.2366378E-11
0,174280,2.2342897E-11
0,174290,2.231944E-11
0,174300,2.2296007E-11
0,174310,2.22726E-11
0,174320,2.2249216E-11
0,174330,2.2225858E-11
0,174340,2.2202525E-11
0,174350,2.2179215E-11
0,174360,2.215593E-11
0,174370,2.213267E-11
0,174380,2.2109434E-11
0,174390,2.2086222E-11
0,174400,2.2063035E-11
0,174410,2.2039872E-11
0,174420,2.2016734E-11
0,174430,2.199362E-11
0,174440,2.197053E-11
0,174450,2.1947463E-11
0,174460,2.1924422E-11
0,174470,2.1901404E-11
0,174480,2.1878412E-11
0,174490,2.1855443E-11
0,174500,2.1832498E-11
0,174510,2.1809577E-11
0,174520,2.178668E-11
0,174530,2.1763808E-11
0,174540,2.1740958E-11
0,174550,2.1718134E-11
0,174560,2.1695333E-11
0,174570,2.1672556E-11
0,174580,2.1649803E-11
0,174590,2.1627073E-11
0,174600,2.160437E-11
0,174610,2.1581688E-11
0,174620,2.155903E-11
0,174630,2.1536396E-11
0,174640,2.1513786E-11
0,174650,2.14912E-11
0,174660,2.1468638E-11
0,174670,2.1446098E-11
0,174680,2.1423583E-11
0,174690,2.1401091E-11
0,174700,2.1378623E-11
0,174710,2.1356179E-11
0,174720,2.1333758E-11
0,174730,2.131136E-11
0,174740,2.1288988E-11
0,174750,2.1266638E-11
0,174760,2.124431E-11
0,174770,2.1222007E-11
0,174780,2.1199728E-11
0,174790,2.1177471E-11
0,174800,2.1155237E-11
0,174810,2.1133028E-11
0,174820,2.111084E-11
0,174830,2.1088678E-11
0,174840,2.1066537E-11
0,174850,2.1044421E-11
0,174860,2.1022328E-11
0,174870,2.1000257E-11
0,174880,2.097821E-11
0,174890,2.0956186E-11
0,174900,2.0934185E-11
0,174910,2.0912208E-11
0,174920,2.0890253E-11
0,174930,2.0868321E-11
0,174940,2.0846413E-11
0,174950,2.0824526E-11
0,174960,2.0802665E-11
0,174970,2.0780825E-11
0,174980,2.0759007E-11
0,174990,2.0737214E-11
0,175000,2.0715443E-11
0,175010,2.0693695E-11
0,175020,2.067197E-11
0,175030,2.0650268E-11
0,175040,2.0628587E-11
0,175050,2.0606931E-11
0,175060,2.0585296E-11
0,175070,2.0563684E-11
0,175080,2.0542096E-11
0,175090,2.052053E-11
0,175100,2.0498986E-11
0,175110,2.0477465E-11
0,175120,2.0455967E-11
0,175130,2.0434491E-11
0,175140,2.0413038E-11
0,175150,2.0391609E-11
0,175160,2.03702E-11
0,175170,2.0348813E-11
0,175180,2.032745E-11
0,175190,2.030611E-11
0,175200,2.0284791E-11
0,175210,2.0263496E-11
0,175220,2.0242221E-11
0,175230,2.022097E-11
0,175240,2.0199741E-11
0,175250,2.0178534E-11
0,175260,2.015735E-11
0,175270,2.0136188E-11
0,175280,2.0115049E-11
0,175290,2.009393E-11
0,175300,2.0072834E-11
0,175310,2.005176E-11
0,175320,2.003071E-11
0,175330,2.0009681E-11
0,175340,1.9988674E-11
0,175350,1.9967689E-11
0,175360,1.9946725E-11
0,175370,1.9925783E-11
0,175380,1.9904866E-11
0,175390,1.9883968E-11
0,175400,1.9863092E-11
0,175410,1.9842239E-11
0,175420,1.9821408E-11
0,175430,1.9800599E-11
0,175440,1.9779811E-11
0,175450,1.9759045E-11
0,175460,1.9738301E-11
0,175470,1.9717578E-11
0,175480,1.9696878E-11
0,175490,1.96762E-11
0,175500,1.9655543E-11
0,175510,1.9634907E-11
0,175520,1.9614293E-11
0,175530,1.9593702E-11
0,175540,1.9573131E-11
0,175550,1.9552582E-11
0,175560,1.9532055E-11
0,175570,1.9511549E-11
0,175580,1.9491065E-11
0,175590,1.9470602E-11
0,175600,1.945016E-11
0,175610,1.942974E-11
0,175620,1.9409342E-11
0,175630,1.9388966E-11
0,175640,1.9368611E-11
0,175650,1.9348276E-11
0,175660,1.9327963E-11
0,175670,1.9307672E-11
0,175680,1.9287402E-11
0,175690,1.9267152E-11
0,175700,1.9246925E-11
0,175710,1.922672E-11
0,175720,1.9206534E-11
0,175730,1.918637E-11
0,175740,1.9166226E-11
0,175750,1.9146105E-11
0,175760,1.9126005E-11
0,175770,1.9105925E-11
0,175780,1.9085867E-11
0,175790,1.9065829E-11
0,175800,1.9045814E-11
0,175810,1.9025817E-11
0,175820,1.9005844E-11
0,175830,1.898589E-11
0,175840,1.8965957E-11
0,175850,1.8946046E-11
0,175860,1.8926156E-11
0,175870,1.8906286E-11
0,175880,1.8886438E-11
0,175890,1.886661E-11
0,175900,1.8846803E-11
0,175910,1.8827016E-11
0,175920,1.8807251E-11
0,175930,1.8787506E-11
0,175940,1.876778E-11
0,175950,1.8748078E-11
0,175960,1.8728396E-11
0,175970,1.8708734E-11
0,175980,1.8689092E-11
0,175990,1.8669472E-11
0,176000,1.8649872E-11
0,176010,1.8630292E-11
0,176020,1.8610733E-11
0,176030,1.8591195E-11
0,176040,1.8571675E-11
0,176050,1.8552179E-11
0,176060,1.8532701E-11
0,176070,1.8513245E-11
0,176080,1.8493809E-11
0,176090,1.8474394E-11
0,176100,1.8454998E-11
0,176110,1.8435623E-11
0,176120,1.8416269E-11
0,176130,1.8396933E-11
0,176140,1.8377619E-11
0,176150,1.8358325E-11
0,176160,1.8339052E-11
0,176170,1.8319799E-11
0,176180,1.8300566E-11
0,176190,1.8281354E-11
0,176200,1.8262161E-11
0,176210,1.8242989E-11
0,176220,1.8223836E-11
0,176230,1.8204703E-11
0,176240,1.8185592E-11
0,176250,1.81665E-11
0,176260,1.8147426E-11
0,176270,1.8128376E-11
0,176280,1.8109342E-11
0,176290,1.8090331E-11
0,176300,1.8071338E-11
0,176310,1.8052367E-11
0,176320,1.8033413E-11
0,176330,1.8014482E-11
0,176340,1.7995569E-11
0,176350,1.7976676E-11
0,176360,1.7957804E-11
0,176370,1.793895E-11
0,176380,1.7920117E-11
0,176390,1.7901304E-11
0,176400,1.788251E-11
0,176410,1.7863737E-11
0,176420,1.7844982E-11
0,176430,1.7826247E-11
0,176440,1.7807533E-11
0,176450,1.7788836E-11
0,176460,1.7770162E-11
0,176470,1.7751505E-11
0,176480,1.7732869E-11
0,176490,1.7714252E-11
0,176500,1.7695656E-11
0,176510,1.7677077E-11
0,176520,1.7658519E-11
0,176530,1.763998E-11
0,176540,1.7621462E-11
0,176550,1.760296E-11
0,176560,1.758448E-11
0,176570,1.756602E-11
0,176580,1.7547578E-11
0,176590,1.7529155E-11
0,176600,1.7510752E-11
0,176610,1.7492369E-11
0,176620,1.7474005E-11
0,176630,1.7455658E-11
0,176640,1.7437333E-11
0,176650,1.7419026E-11
0,176660,1.7400739E-11
0,176670,1.738247E-11
0,176680,1.7364223E-11
0,176690,1.7345993E-11
0,176700,1.7327782E-11
0,176710,1.730959E-11
0,176720,1.7291418E-11
0,176730,1.7273264E-11
0,176740,1.725513E-11
0,176750,1.7237014E-11
0,176760,1.7218919E-11
0,176770,1.7200841E-11
0,176780,1.7182783E-11
0,176790,1.7164744E-11
0,176800,1.7146723E-11
0,176810,1.7128722E-11
0,176820,1.7110738E-11
0,176830,1.7092775E-11
0,176840,1.707483E-11
0,176850,1.7056904E-11
0,176860,1.7038997E-11
0,176870,1.7021108E-11
0,176880,1.7003239E-11
0,176890,1.6985389E-11
0,176900,1.6967556E-11
0,176910,1.6949742E-11
0,176920,1.6931947E-11
0,176930,1.6914171E-11
0,176940,1.6896415E-11
0,176950,1.6878676E-11
0,176960,1.6860955E-11
0,176970,1.6843254E-11
0,176980,1.682557E-11
0,176990,1.6807907E-11
0,177000,1.6790262E-11
0,177010,1.6772634E-11
0,177020,1.6755024E-11
0,177030,1.6737434E-11
0,177040,1.6719863E-11
0,177050,1.670231E-11
0,177060,1.6684775E-11
0,177070,1.6667258E-11
0,177080,1.664976E-11
0,177090,1.663228E-11
0,177100,1.6614819E-11
0,177110,1.6597376E-11
0,177120,1.6579951E-11
0,177130,1.6562545E-11
0,177140,1.6545156E-11
0,177150,1.6527786E-11
0,177160,1.6510435E-11
0,177170,1.64931E-11
0,177180,1.6475786E-11
0,177190,1.6458489E-11
0,177200,1.644121E-11
0,177210,1.6423949E-11
0,177220,1.6406706E-11
0,177230,1.6389482E-11
0,177240,1.6372275E-11
0,177250,1.6355087E-11
0,177260,1.6337917E-11
0,177270,1.6320764E-11
0,177280,1.630363E-11
0,177290,1.6286514E-11
0,177300,1.6269415E-11
0,177310,1.6252335E-11
0,177320,1.6235272E-11
0,177330,1.6218226E-11
0,177340,1.62012E-11
0,177350,1.6184191E-11
0,177360,1.6167201E-11
0,177370,1.6150227E-11
0,177380,1.6133272E-11
0,177390,1.6116334E-11
0,177400,1.6099415E-11
0,177410,1.6082512E-11
0,177420,1.6065628E-11
0,177430,1.6048763E-11
0,177440,1.6031914E-11
0,177450,1.6015082E-11
0,177460,1.5998269E-11
0,177470,1.5981473E-11
0,177480,1.5964695E-11
0,177490,1.5947934E-11
0,177500,1.5931192E-11
0,177510,1.5914466E-11
0,177520,1.5897759E-11
0,177530,1.5881067E-11
0,177540,1.5864395E-11
0,177550,1.584774E-11
0,177560,1.5831102E-11
0,177570,1.5814482E-11
0,177580,1.5797879E-11
0,177590,1.5781293E-11
0,177600,1.5764726E-11
0,177610,1.5748175E-11
0,177620,1.5731642E-11
0,177630,1.5715125E-11
0,177640,1.5698626E-11
0,177650,1.5682147E-11
0,177660,1.5665682E-11
0,177670,1.5649235E-11
0,177680,1.5632806E-11
0,177690,1.5616394E-11
0,177700,1.5599999E-11
0,177710,1.5583621E-11
0,177720,1.5567261E-11
0,177730,1.5550918E-11
0,177740,1.5534591E-11
0,177750,1.5518283E-11
0,177760,1.550199E-11
0,177770,1.5485715E-11
0,177780,1.5469459E-11
0,177790,1.5453219E-11
0,177800,1.5436994E-11
0,177810,1.5420788E-11
0,177820,1.5404598E-11
0,177830,1.5388425E-11
0,177840,1.537227E-11
0,177850,1.5356131E-11
0,177860,1.534001E-11
0,177870,1.5323905E-11
0,177880,1.5307818E-11
0,177890,1.5291747E-11
0,177900,1.5275692E-11
0,177910,1.5259655E-11
0,177920,1.5243634E-11
0,177930,1.5227632E-11
0,177940,1.5211644E-11
0,177950,1.5195675E-11
0,177960,1.5179722E-11
0,177970,1.5163785E-11
0,177980,1.5147866E-11
0,177990,1.5131962E-11
0,178000,1.5116075E-11
0,178010,1.5100206E-11
0,178020,1.5084354E-11
0,178030,1.5068518E-11
0,178040,1.5052697E-11
0,178050,1.5036894E-11
0,178060,1.5021108E-11
0,178070,1.5005337E-11
0,178080,1.4989584E-11
0,178090,1.4973847E-11
0,178100,1.4958127E-11
0,178110,1.4942424E-11
0,178120,1.4926735E-11
0,178130,1.4911065E-11
0,178140,1.4895411E-11
0,178150,1.4879773E-11
0,178160,1.4864152E-11
0,178170,1.4848546E-11
0,178180,1.4832958E-11
0,178190,1.4817385E-11
0,178200,1.480183E-11
0,178210,1.478629E-11
0,178220,1.4770766E-11
0,178230,1.475526E-11
0,178240,1.4739768E-11
0,178250,1.4724293E-11
0,178260,1.4708835E-11
0,178270,1.4693392E-11
0,178280,1.4677967E-11
0,178290,1.4662558E-11
0,178300,1.4647164E-11
0,178310,1.4631787E-11
0,178320,1.4616426E-11
0,178330,1.460108E-11
0,178340,1.4585751E-11
0,178350,1.4570439E-11
0,178360,1.4555142E-11
0,178370,1.4539861E-11
0,178380,1.4524597E-11
0,178390,1.4509348E-11
0,178400,1.4494115E-11
0,178410,1.4478898E-11
0,178420,1.4463698E-11
0,178430,1.4448513E-11
0,178440,1.4433344E-11
0,178450,1.44181915E-11
0,178460,1.4403054E-11
0,178470,1.43879336E-11
0,178480,1.43728284E-11
0,178490,1.4357739E-11
0,178500,1.4342665E-11
0,178510,1.4327608E-11
0,178520,1.4312566E-11
0,178530,1.429754E-11
0,178540,1.4282529E-11
0,178550,1.4267535E-11
0,178560,1.4252557E-11
0,178570,1.4237594E-11
0,178580,1.4222646E-11
0,178590,1.4207714E-11
0,178600,1.4192798E-11
0,178610,1.4177898E-11
0,178620,1.4163014E-11
0,178630,1.41481445E-11
0,178640,1.4133291E-11
0,178650,1.4118453E-11
0,178660,1.4103631E-11
0,178670,1.4088824E-11
0,178680,1.4074033E-11
0,178690,1.4059257E-11
0,178700,1.4044497E-11
0,178710,1.4029752E-11
0,178720,1.40150235E-11
0,178730,1.400031E-11
0,178740,1.3985611E-11
0,178750,1.3970929E-11
0,178760,1.39562615E-11
0,178770,1.3941609E-11
0,178780,1.3926972E-11
0,178790,1.3912351E-11
0,178800,1.3897746E-11
0,178810,1.3883155E-11
0,178820,1.386858E-11
0,178830,1.38540195E-11
0,178840,1.3839475E-11
0,178850,1.38249455E-11
0,178860,1.3810431E-11
0,178870,1.3795932E-11
0,178880,1.3781449E-11
0,178890,1.3766981E-11
0,178900,1.3752527E-11
0,178910,1.3738089E-11
0,178920,1.3723666E-11
0,178930,1.37092586E-11
0,178940,1.36948656E-11
0,178950,1.3680488E-11
0,178960,1.36661255E-11
0,178970,1.36517785E-11
0,178980,1.3637446E-11
0,178990,1.3623129E-11
0,179000,1.3608827E-11
0,179010,1.3594539E-11
0,179020,1.3580267E-11
0,179030,1.3566009E-11
0,179040,1.3551767E-11
0,179050,1.353754E-11
0,179060,1.3523327E-11
0,179070,1.35091304E-11
0,179080,1.3494947E-11
0,179090,1.348078E-11
0,179100,1.3466627E-11
0,179110,1.3452489E-11
0,179120,1.3438366E-11
0,179130,1.3424257E-11
0,179140,1.34101645E-11
0,179150,1.33960855E-11
0,179160,1.3382022E-11
0,179170,1.33679725E-11
0,179180,1.3353939E-11
0,179190,1.3339919E-11
0,179200,1.3325913E-11
0,179210,1.3311924E-11
0,179220,1.3297948E-11
0,179230,1.3283987E-11
0,179240,1.32700404E-11
0,179250,1.3256109E-11
0,179260,1.3242192E-11
0,179270,1.322829E-11
0,179280,1.3214403E-11
0,179290,1.3200529E-11
0,179300,1.31866705E-11
0,179310,1.31728265E-11
0,179320,1.3158997E-11
0,179330,1.3145182E-11
0,179340,1.3131381E-11
0,179350,1.31175956E-11
0,179360,1.31038244E-11
0,179370,1.3090067E-11
0,179380,1.3076325E-11
0,179390,1.3062596E-11
0,179400,1.3048882E-11
0,179410,1.3035183E-11
0,179420,1.3021498E-11
0,179430,1.30078275E-11
0,179440,1.2994171E-11
0,179450,1.2980529E-11
0,179460,1.2966902E-11
0,179470,1.2953289E-11
0,179480,1.2939689E-11
0,179490,1.2926105E-11
0,179500,1.2912534E-11
0,179510,1.2898978E-11
0,179520,1.2885436E-11
0,179530,1.2871908E-11
0,179540,1.2858394E-11
0,179550,1.2844895E-11
0,179560,1.28314095E-11
0,179570,1.28179386E-11
0,179580,1.2804481E-11
0,179590,1.2791039E-11
0,179600,1.2777611E-11
0,179610,1.2764196E-11
0,179620,1.2750795E-11
0,179630,1.2737409E-11
0,179640,1.2724036E-11
0,179650,1.2710678E-11
0,179660,1.2697334E-11
0,179670,1.2684003E-11
0,179680,1.2670687E-11
0,179690,1.2657385E-11
0,179700,1.2644097E-11
0,179710,1.2630823E-11
0,179720,1.26175615E-11
0,179730,1.2604315E-11
0,179740,1.2591083E-11
0,179750,1.2577863E-11
0,179760,1.25646585E-11
0,179770,1.2551468E-11
0,179780,1.2538291E-11
0,179790,1.2525128E-11
0,179800,1.25119776E-11
0,179810,1.2498842E-11
0,179820,1.248572E-11
0,179830,1.2472612E-11
0,179840,1.2459518E-11
0,179850,1.2446437E-11
0,179860,1.243337E-11
0,179870,1.24203165E-11
0,179880,1.24072775E-11
0,179890,1.2394251E-11
0,179900,1.2381239E-11
0,179910,1.2368241E-11
0,179920,1.2355257E-11
0,179930,1.2342285E-11
0,179940,1.2329328E-11
0,179950,1.2316384E-11
0,179960,1.2303453E-11
0,179970,1.2290537E-11
0,179980,1.2277633E-11
0,179990,1.2264743E-11
0,180000,1.2251867E-11
0,180010,1.2239005E-11
0,180020,1.2226156E-11
0,180030,1.221332E-11
0,180040,1.22004976E-11
0,180050,1.2187689E-11
0,180060,1.2174894E-11
0,180070,1.21621125E-11
0,180080,1.2149344E-11
0,180090,1.2136589E-11
0,180100,1.2123847E-11
0,180110,1.21111185E-11
0,180120,1.2098404E-11
0,180130,1.2085702E-11
0,180140,1.20730145E-11
0,180150,1.206034E-11
0,180160,1.2047678E-11
0,180170,1.2035029E-11
0,180180,1.2022394E-11
0,180190,1.20097725E-11
0,180200,1.19971645E-11
0,180210,1.1984569E-11
0,180220,1.1971987E-11
0,180230,1.1959418E-11
0,180240,1.1946863E-11
0,180250,1.1934321E-11
0,180260,1.1921791E-11
0,180270,1.1909275E-11
0,180280,1.1896772E-11
0,180290,1.1884282E-11
0,180300,1.1871806E-11
0,180310,1.1859342E-11
0,180320,1.18468915E-11
0,180330,1.18344536E-11
0,180340,1.18220295E-11
0,180350,1.18096175E-11
0,180360,1.17972195E-11
0,180370,1.1784834E-11
0,180380,1.1772462E-11
0,180390,1.17601024E-11
0,180400,1.1747756E-11
0,180410,1.17354225E-11
0,180420,1.17231025E-11
0,180430,1.1710795E-11
0,180440,1.1698501E-11
0,180450,1.1686219E-11
0,180460,1.167395E-11
0,180470,1.1661694E-11
0,180480,1.1649451E-11
0,180490,1.1637221E-11
0,180500,1.1625004E-11
0,180510,1.1612799E-11
0,180520,1.1600607E-11
0,180530,1.1588428E-11
0,180540,1.15762625E-11
0,180550,1.1564109E-11
0,180560,1.1551969E-11
0,180570,1.153984E-11
0,180580,1.1527725E-11
0,180590,1.1515623E-11
0,180600,1.1503533E-11
0,180610,1.1491456E-11
0,180620,1.1479392E-11
0,180630,1.146734E-11
0,180640,1.1455301E-11
0,180650,1.1443275E-11
0,180660,1.1431261E-11
0,180670,1.14192605E-11
0,180680,1.1407272E-11
0,180690,1.1395295E-11
0,180700,1.1383333E-11
0,180710,1.1371381E-11
0,180720,1.1359443E-11
0,180730,1.13475175E-11
0,180740,1.1335604E-11
0,180750,1.1323703E-11
0,180760,1.1311815E-11
0,180770,1.1299939E-11
0,180780,1.1288076E-11
0,180790,1.1276226E-11
0,180800,1.1264387E-11
0,180810,1.1252561E-11
0,180820,1.1240748E-11
0,180830,1.1228947E-11
0,180840,1.1217158E-11
0,180850,1.1205382E-11
0,180860,1.1193618E-11
0,180870,1.1181866E-11
0,180880,1.11701265E-11
0,180890,1.11584E-11
0,180900,1.1146685E-11
0,180910,1.1134983E-11
0,180920,1.1123292E-11
0,180930,1.1111615E-11
0,180940,1.1099949E-11
0,180950,1.1088296E-11
0,180960,1.1076655E-11
0,180970,1.10650265E-11
0,180980,1.105341E-11
0,180990,1.10418055E-11
0,181000,1.1030213E-11
0,181010,1.1018633E-11
0,181020,1.1007065E-11
0,181030,1.0995509E-11
0,181040,1.09839655E-11
0,181050,1.0972434E-11
0,181060,1.09609145E-11
0,181070,1.0949407E-11
0,181080,1.0937912E-11
0,181090,1.0926429E-11
0,181100,1.0914958E-11
0,181110,1.0903499E-11
0,181120,1.0892051E-11
0,181130,1.0880617E-11
0,181140,1.08691936E-11
0,181150,1.08577826E-11
0,181160,1.0846384E-11
0,181170,1.0834996E-11
0,181180,1.08236215E-11
0,181190,1.0812258E-11
0,181200,1.0800907E-11
0,181210,1.0789567E-11
0,181220,1.077824E-11
0,181230,1.0766925E-11
0,181240,1.0755621E-11
0,181250,1.0744329E-11
0,181260,1.0733049E-11
0,181270,1.0721781E-11
0,181280,1.07105245E-11
0,181290,1.069928E-11
0,181300,1.0688048E-11
0,181310,1.0676827E-11
0,181320,1.0665618E-11
0,181330,1.0654421E-11
0,181340,1.06432346E-11
0,181350,1.0632061E-11
0,181360,1.0620899E-11
0,181370,1.0609748E-11
0,181380,1.059861E-11
0,181390,1.0587483E-11
0,181400,1.0576368E-11
0,181410,1.0565264E-11
0,181420,1.0554172E-11
0,181430,1.0543092E-11
0,181440,1.0532023E-11
0,181450,1.0520966E-11
0,181460,1.0509921E-11
0,181470,1.04988865E-11
0,181480,1.0487865E-11
0,181490,1.0476854E-11
0,181500,1.0465855E-11
0,181510,1.0454867E-11
0,181520,1.0443891E-11
0,181530,1.0432926E-11
0,181540,1.0421973E-11
0,181550,1.0411032E-11
0,181560,1.0400102E-11
0,181570,1.03891834E-11
0,181580,1.0378276E-11
0,181590,1.03673806E-11
0,181600,1.0356497E-11
0,181610,1.0345624E-11
0,181620,1.03347626E-11
0,181630,1.0323913E-11
0,181640,1.0313074E-11
0,181650,1.0302247E-11
0,181660,1.0291431E-11
0,181670,1.0280626E-11
0,181680,1.0269834E-11
0,181690,1.0259051E-11
0,181700,1.0248281E-11
0,181710,1.0237522E-11
0,181720,1.0226774E-11
0,181730,1.0216037E-11
0,181740,1.0205312E-11
0,181750,1.0194598E-11
0,181760,1.0183895E-11
0,181770,1.0173203E-11
0,181780,1.0162524E-11
0,181790,1.0151854E-11
0,181800,1.0141196E-11
0,181810,1.0130549E-11
0,181820,1.0119914E-11
0,181830,1.0109289E-11
0,181840,1.0098676E-11
0,181850,1.00880745E-11
0,181860,1.0077483E-11
0,181870,1.0066903E-11
0,181880,1.0056334E-11
0,181890,1.0045777E-11
0,181900,1.00352305E-11
0,181910,1.0024695E-11
0,181920,1.0014171E-11
0,181930,1.0003657E-11
0,181940,9.993155E-12
0,181950,9.982663E-12
0,181960,9.972183E-12
0,181970,9.961714E-12
0,181980,9.951256E-12
0,181990,9.940809E-12
0,182000,9.930372E-12
0,182010,9.919946E-12
0,182020,9.9095315E-12
0,182030,9.899128E-12
0,182040,9.888736E-12
0,182050,9.878354E-12
0,182060,9.867983E-12
0,182070,9.857623E-12
0,182080,9.847274E-12
0,182090,9.836936E-12
0,182100,9.826609E-12
0,182110,9.816293E-12
0,182120,9.805987E-12
0,182130,9.795692E-12
0,182140,9.785408E-12
0,182150,9.775135E-12
0,182160,9.764872E-12
0,182170,9.754621E-12
0,182180,9.74438E-12
0,182190,9.734149E-12
0,182200,9.72393E-12
0,182210,9.713721E-12
0,182220,9.703524E-12
0,182230,9.693336E-12
0,182240,9.68316E-12
0,182250,9.672994E-12
0,182260,9.662838E-12
0,182270,9.6526944E-12
0,182280,9.64256E-12
0,182290,9.632437E-12
0,182300,9.622325E-12
0,182310,9.6122225E-12
0,182320,9.602131E-12
0,182330,9.59205E-12
0,182340,9.58198E-12
0,182350,9.5719205E-12
0,182360,9.561871E-12
0,182370,9.551832E-12
0,182380,9.541805E-12
0,182390,9.531787E-12
0,182400,9.52178E-12
0,182410,9.511784E-12
0,182420,9.501798E-12
0,182430,9.491822E-12
0,182440,9.481857E-12
0,182450,9.471902E-12
0,182460,9.461959E-12
0,182470,9.452025E-12
0,182480,9.442102E-12
0,182490,9.432189E-12
0,182500,9.422287E-12
0,182510,9.4123945E-12
0,182520,9.4025135E-12
0,182530,9.392642E-12
0,182540,9.382781E-12
0,182550,9.37293E-12
0,182560,9.36309E-12
0,182570,9.35326E-12
0,182580,9.343441E-12
0,182590,9.333632E-12
0,182600,9.3238325E-12
0,182610,9.314044E-12
0,182620,9.304266E-12
0,182630,9.2944975E-12
0,182640,9.28474E-12
0,182650,9.274992E-12
0,182660,9.265255E-12
0,182670,9.255528E-12
0,182680,9.245811E-12
0,182690,9.236104E-12
0,182700,9.226408E-12
0,182710,9.216721E-12
0,182720,9.207045E-12
0,182730,9.197379E-12
0,182740,9.1877235E-12
0,182750,9.178078E-12
0,182760,9.168442E-12
0,182770,9.158816E-12
0,182780,9.149201E-12
0,182790,9.139595E-12
0,182800,9.130001E-12
0,182810,9.120415E-12
0,182820,9.1108406E-12
0,182830,9.101275E-12
0,182840,9.09172E-12
0,182850,9.082175E-12
0,182860,9.07264E-12
0,182870,9.063116E-12
0,182880,9.053601E-12
0,182890,9.044095E-12
0,182900,9.0346E-12
0,182910,9.025116E-12
0,182920,9.015641E-12
0,182930,9.006175E-12
0,182940,8.99672E-12
0,182950,8.987275E-12
0,182960,8.97784E-12
0,182970,8.9684146E-12
0,182980,8.958999E-12
0,182990,8.949594E-12
0,183000,8.9401975E-12
0,183010,8.930812E-12
0,183020,8.921436E-12
0,183030,8.91207E-12
0,183040,8.902714E-12
0,183050,8.893367E-12
0,183060,8.88403E-12
0,183070,8.874703E-12
0,183080,8.865386E-12
0,183090,8.856079E-12
0,183100,8.846781E-12
0,183110,8.837493E-12
0,183120,8.828215E-12
0,183130,8.818947E-12
0,183140,8.809688E-12
0,183150,8.8004395E-12
0,183160,8.7912E-12
0,183170,8.781971E-12
0,183180,8.772752E-12
0,183190,8.763541E-12
0,183200,8.754341E-12
0,183210,8.74515E-12
0,183220,8.7359685E-12
0,183230,8.726797E-12
0,183240,8.717636E-12
0,183250,8.708484E-12
0,183260,8.699341E-12
0,183270,8.690207E-12
0,183280,8.6810845E-12
0,183290,8.67197E-12
0,183300,8.662866E-12
0,183310,8.653771E-12
0,183320,8.6446865E-12
0,183330,8.6356105E-12
0,183340,8.626545E-12
0,183350,8.617488E-12
0,183360,8.608441E-12
0,183370,8.599403E-12
0,183380,8.590375E-12
0,183390,8.581357E-12
0,183400,8.572348E-12
0,183410,8.563348E-12
0,183420,8.554358E-12
0,183430,8.545377E-12
0,183440,8.536405E-12
0,183450,8.5274435E-12
0,183460,8.518491E-12
0,183470,8.509548E-12
0,183480,8.500614E-12
0,183490,8.49169E-12
0,183500,8.482774E-12
0,183510,8.473869E-12
0,183520,8.464973E-12
0,183530,8.456086E-12
0,183540,8.447208E-12
0,183550,8.4383394E-12
0,183560,8.429481E-12
0,183570,8.420631E-12
0,183580,8.41179E-12
0,183590,8.40296E-12
0,183600,8.394138E-12
0,183610,8.385325E-12
0,183620,8.376522E-12
0,183630,8.3677275E-12
0,183640,8.358943E-12
0,183650,8.350167E-12
0,183660,8.3414005E-12
0,183670,8.332644E-12
0,183680,8.323895E-12
0,183690,8.315157E-12
0,183700,8.306427E-12
0,183710,8.297706E-12
0,183720,8.288995E-12
0,183730,8.280293E-12
0,183740,8.2715996E-12
0,183750,8.2629155E-12
0,183760,8.254241E-12
0,183770,8.245575E-12
0,183780,8.236919E-12
0,183790,8.228271E-12
0,183800,8.2196324E-12
0,183810,8.211003E-12
0,183820,8.202383E-12
0,183830,8.193772E-12
0,183840,8.1851696E-12
0,183850,8.176577E-12
0,183860,8.167992E-12
0,183870,8.159417E-12
0,183880,8.150851E-12
0,183890,8.142293E-12
0,183900,8.133745E-12
0,183910,8.125206E-12
0,183920,8.116676E-12
0,183930,8.108155E-12
0,183940,8.0996425E-12
0,183950,8.091139E-12
0,183960,8.082645E-12
0,183970,8.0741585E-12
0,183980,8.065682E-12
0,183990,8.057215E-12
0,184000,8.048755E-12
0,184010,8.040305E-12
0,184020,8.031864E-12
0,184030,8.023432E-12
0,184040,8.015009E-12
0,184050,8.0065945E-12
0,184060,7.998188E-12
0,184070,7.989791E-12
0,184080,7.981404E-12
0,184090,7.973024E-12
0,184100,7.964653E-12
0,184110,7.956292E-12
0,184120,7.947939E-12
0,184130,7.939595E-12
0,184140,7.93126E-12
0,184150,7.922933E-12
0,184160,7.914615E-12
0,184170,7.906306E-12
0,184180,7.898005E-12
0,184190,7.889713E-12
0,184200,7.881431E-12
0,184210,7.873156E-12
0,184220,7.864891E-12
0,184230,7.856634E-12
0,184240,7.848385E-12
0,184250,7.840146E-12
0,184260,7.831915E-12
0,184270,7.823692E-12
0,184280,7.815479E-12
0,184290,7.807274E-12
0,184300,7.799077E-12
0,184310,7.7908895E-12
0,184320,7.78271E-12
0,184330,7.77454E-12
0,184340,7.766377E-12
0,184350,7.758224E-12
0,184360,7.750078E-12
0,184370,7.7419425E-12
0,184380,7.7338145E-12
0,184390,7.725695E-12
0,184400,7.717584E-12
0,184410,7.7094815E-12
0,184420,7.701388E-12
0,184430,7.693303E-12
0,184440,7.685226E-12
0,184450,7.6771575E-12
0,184460,7.669098E-12
0,184470,7.661046E-12
0,184480,7.653003E-12
0,184490,7.644969E-12
0,184500,7.636943E-12
0,184510,7.628925E-12
0,184520,7.620916E-12
0,184530,7.6129155E-12
0,184540,7.604923E-12
0,184550,7.596939E-12
0,184560,7.588963E-12
0,184570,7.580996E-12
0,184580,7.573037E-12
0,184590,7.565087E-12
0,184600,7.557144E-12
0,184610,7.54921E-12
0,184620,7.5412844E-12
0,184630,7.533367E-12
0,184640,7.5254586E-12
0,184650,7.517558E-12
0,184660,7.509666E-12
0,184670,7.501781E-12
0,184680,7.493906E-12
0,184690,7.486039E-12
0,184700,7.4781795E-12
0,184710,7.470328E-12
0,184720,7.4624855E-12
0,184730,7.454651E-12
0,184740,7.446824E-12
0,184750,7.439007E-12
0,184760,7.431197E-12
0,184770,7.423395E-12
0,184780,7.415602E-12
0,184790,7.4078165E-12
0,184800,7.400039E-12
0,184810,7.39227E-12
0,184820,7.38451E-12
0,184830,7.376757E-12
0,184840,7.3690125E-12
0,184850,7.361276E-12
0,184860,7.3535475E-12
0,184870,7.345828E-12
0,184880,7.338115E-12
0,184890,7.3304115E-12
0,184900,7.322716E-12
0,184910,7.315028E-12
0,184920,7.307348E-12
0,184930,7.2996765E-12
0,184940,7.292013E-12
0,184950,7.284358E-12
0,184960,7.2767105E-12
0,184970,7.2690708E-12
0,184980,7.2614393E-12
0,184990,7.253816E-12
0,185000,7.2462006E-12
0,185010,7.238593E-12
0,185020,7.2309936E-12
0,185030,7.223402E-12
0,185040,7.2158187E-12
0,185050,7.208243E-12
0,185060,7.2006754E-12
0,185070,7.193116E-12
0,185080,7.185564E-12
0,185090,7.1780203E-12
0,185100,7.1704847E-12
0,185110,7.162957E-12
0,185120,7.155437E-12
0,185130,7.1479246E-12
0,185140,7.14042E-12
0,185150,7.132924E-12
0,185160,7.1254352E-12
0,185170,7.1179547E-12
0,185180,7.110482E-12
0,185190,7.103017E-12
0,185200,7.09556E-12
0,185210,7.0881105E-12
0,185220,7.080669E-12
0,185230,7.0732357E-12
0,185240,7.0658097E-12
0,185250,7.0583916E-12
0,185260,7.0509813E-12
0,185270,7.043579E-12
0,185280,7.036184E-12
0,185290,7.0287972E-12
0,185300,7.021418E-12
0,185310,7.0140465E-12
0,185320,7.006683E-12
0,185330,6.999327E-12
0,185340,6.9919786E-12
0,185350,6.984638E-12
0,185360,6.9773055E-12
0,185370,6.96998E-12
0,185380,6.9626627E-12
0,185390,6.955353E-12
0,185400,6.948051E-12
0,185410,6.9407566E-12
0,185420,6.93347E-12
0,185430,6.9261905E-12
0,185440,6.918919E-12
0,185450,6.9116553E-12
0,185460,6.904399E-12
0,185470,6.8971504E-12
0,185480,6.8899096E-12
0,185490,6.8826763E-12
0,185500,6.8754503E-12
0,185510,6.868232E-12
0,185520,6.8610217E-12
0,185530,6.8538187E-12
0,185540,6.846623E-12
0,185550,6.8394353E-12
0,185560,6.832255E-12
0,185570,6.8250817E-12
0,185580,6.8179165E-12
0,185590,6.810759E-12
0,185600,6.8036085E-12
0,185610,6.7964657E-12
0,185620,6.7893304E-12
0,185630,6.7822024E-12
0,185640,6.7750822E-12
0,185650,6.7679694E-12
0,185660,6.760864E-12
0,185670,6.7537664E-12
0,185680,6.7466757E-12
0,185690,6.739593E-12
0,185700,6.7325173E-12
0,185710,6.725449E-12
0,185720,6.7183884E-12
0,185730,6.711335E-12
0,185740,6.704289E-12
0,185750,6.697251E-12
0,185760,6.6902196E-12
0,185770,6.683196E-12
0,185780,6.6761796E-12
0,185790,6.6691704E-12
0,185800,6.6621686E-12
0,185810,6.6551747E-12
0,185820,6.6481876E-12
0,185830,6.641208E-12
0,185840,6.6342357E-12
0,185850,6.6272708E-12
0,185860,6.6203132E-12
0,185870,6.6133626E-12
0,185880,6.60642E-12
0,185890,6.599484E-12
0,185900,6.5925555E-12
0,185910,6.5856344E-12
0,185920,6.57872E-12
0,185930,6.571814E-12
0,185940,6.5649144E-12
0,185950,6.5580224E-12
0,185960,6.5511372E-12
0,185970,6.5442595E-12
0,185980,6.537389E-12
0,185990,6.5305257E-12
0,186000,6.5236696E-12
0,186010,6.516821E-12
0,186020,6.509979E-12
0,186030,6.5031444E-12
0,186040,6.4963174E-12
0,186050,6.489497E-12
0,186060,6.482684E-12
0,186070,6.4758784E-12
0,186080,6.4690796E-12
0,186090,6.4622877E-12
0,186100,6.4555032E-12
0,186110,6.448726E-12
0,186120,6.441956E-12
0,186130,6.435193E-12
0,186140,6.4284368E-12
0,186150,6.421688E-12
0,186160,6.4149463E-12
0,186170,6.408211E-12
0,186180,6.401484E-12
0,186190,6.394763E-12
0,186200,6.38805E-12
0,186210,6.381343E-12
0,186220,6.3746434E-12
0,186230,6.3679513E-12
0,186240,6.3612657E-12
0,186250,6.3545874E-12
0,186260,6.347916E-12
0,186270,6.3412517E-12
0,186280,6.3345943E-12
0,186290,6.327944E-12
0,186300,6.3213007E-12
0,186310,6.314664E-12
0,186320,6.308035E-12
0,186330,6.301412E-12
0,186340,6.2947967E-12
0,186350,6.288188E-12
0,186360,6.2815864E-12
0,186370,6.274992E-12
0,186380,6.2684038E-12
0,186390,6.261823E-12
0,186400,6.255249E-12
0,186410,6.2486817E-12
0,186420,6.242122E-12
0,186430,6.2355685E-12
0,186440,6.229022E-12
0,186450,6.2224826E-12
0,186460,6.2159496E-12
0,186470,6.209424E-12
0,186480,6.202905E-12
0,186490,6.196393E-12
0,186500,6.1898876E-12
0,186510,6.1833893E-12
0,186520,6.1768975E-12
0,186530,6.1704127E-12
0,186540,6.163935E-12
0,186550,6.1574634E-12
0,186560,6.150999E-12
0,186570,6.1445415E-12
0,186580,6.1380905E-12
0,186590,6.1316464E-12
0,186600,6.1252093E-12
0,186610,6.1187787E-12
0,186620,6.112355E-12
0,186630,6.105938E-12
0,186640,6.0995276E-12
0,186650,6.093124E-12
0,186660,6.086727E-12
0,186670,6.0803368E-12
0,186680,6.0739534E-12
0,186690,6.0675766E-12
0,186700,6.0612067E-12
0,186710,6.0548433E-12
0,186720,6.0484864E-12
0,186730,6.0421364E-12
0,186740,6.0357934E-12
0,186750,6.0294564E-12
0,186760,6.0231264E-12
0,186770,6.016803E-12
0,186780,6.0104864E-12
0,186790,6.0041763E-12
0,186800,5.9978728E-12
0,186810,5.9915757E-12
0,186820,5.9852856E-12
0,186830,5.979002E-12
0,186840,5.972725E-12
0,186850,5.9664543E-12
0,186860,5.9601907E-12
0,186870,5.953933E-12
0,186880,5.9476825E-12
0,186890,5.9414383E-12
0,186900,5.9352007E-12
0,186910,5.9289696E-12
0,186920,5.922745E-12
0,186930,5.9165273E-12
0,186940,5.9103156E-12
0,186950,5.9041105E-12
0,186960,5.8979124E-12
0,186970,5.8917203E-12
0,186980,5.8855347E-12
0,186990,5.879356E-12
0,187000,5.8731834E-12
0,187010,5.8670174E-12
0,187020,5.8608582E-12
0,187030,5.854705E-12
0,187040,5.8485586E-12
0,187050,5.842418E-12
0,187060,5.8362846E-12
0,187070,5.8301575E-12
0,187080,5.8240366E-12
0,187090,5.8179225E-12
0,187100,5.811814E-12
0,187110,5.8057127E-12
0,187120,5.7996177E-12
0,187130,5.793529E-12
0,187140,5.7874465E-12
0,187150,5.7813706E-12
0,187160,5.7753012E-12
0,187170,5.769238E-12
0,187180,5.763181E-12
0,187190,5.7571304E-12
0,187200,5.7510862E-12
0,187210,5.7450485E-12
0,187220,5.7390173E-12
0,187230,5.732992E-12
0,187240,5.726973E-12
0,187250,5.7209606E-12
0,187260,5.7149546E-12
0,187270,5.708955E-12
0,187280,5.702961E-12
0,187290,5.696974E-12
0,187300,5.690993E-12
0,187310,5.6850184E-12
0,187320,5.67905E-12
0,187330,5.673088E-12
0,187340,5.6671317E-12
0,187350,5.661182E-12
0,187360,5.655239E-12
0,187370,5.6493018E-12
0,187380,5.6433708E-12
0,187390,5.6374462E-12
0,187400,5.631528E-12
0,187410,5.6256154E-12
0,187420,5.619709E-12
0,187430,5.6138093E-12
0,187440,5.6079156E-12
0,187450,5.6020284E-12
0,187460,5.596147E-12
0,187470,5.5902717E-12
0,187480,5.5844027E-12
0,187490,5.5785402E-12
0,187500,5.5726834E-12
0,187510,5.566833E-12
0,187520,5.5609887E-12
0,187530,5.5551505E-12
0,187540,5.5493184E-12
0,187550,5.5434923E-12
0,187560,5.5376728E-12
0,187570,5.531859E-12
0,187580,5.5260514E-12
0,187590,5.5202496E-12
0,187600,5.5144543E-12
0,187610,5.5086647E-12
0,187620,5.5028816E-12
0,187630,5.4971045E-12
0,187640,5.491333E-12
0,187650,5.485568E-12
0,187660,5.4798093E-12
0,187670,5.474056E-12
0,187680,5.4683094E-12
0,187690,5.4625683E-12
0,187700,5.4568333E-12
0,187710,5.4511044E-12
0,187720,5.4453816E-12
0,187730,5.4396648E-12
0,187740,5.433954E-12
0,187750,5.4282494E-12
0,187760,5.4225504E-12
0,187770,5.4168575E-12
0,187780,5.4111706E-12
0,187790,5.40549E-12
0,187800,5.3998147E-12
0,187810,5.3941456E-12
0,187820,5.3884826E-12
0,187830,5.3828257E-12
0,187840,5.3771744E-12
0,187850,5.371529E-12
0,187860,5.36589E-12
0,187870,5.3602565E-12
0,187880,5.354629E-12
0,187890,5.3490073E-12
0,187900,5.343392E-12
0,187910,5.337782E-12
0,187920,5.3321783E-12
0,187930,5.3265803E-12
0,187940,5.320988E-12
0,187950,5.3154018E-12
0,187960,5.3098216E-12
0,187970,5.304247E-12
0,187980,5.298678E-12
0,187990,5.2931153E-12
0,188000,5.2875586E-12
0,188010,5.2820075E-12
0,188020,5.276462E-12
0,188030,5.2709226E-12
0,188040,5.265389E-12
0,188050,5.259861E-12
0,188060,5.254339E-12
0,188070,5.2488226E-12
0,188080,5.2433123E-12
0,188090,5.2378076E-12
0,188100,5.2323085E-12
0,188110,5.2268155E-12
0,188120,5.221328E-12
0,188130,5.2158464E-12
0,188140,5.2103703E-12
0,188150,5.2049003E-12
0,188160,5.199436E-12
0,188170,5.1939776E-12
0,188180,5.1885245E-12
0,188190,5.1830775E-12
0,188200,5.1776357E-12
0,188210,5.1722E-12
0,188220,5.1667702E-12
0,188230,5.1613457E-12
0,188240,5.1559273E-12
0,188250,5.150514E-12
0,188260,5.145107E-12
0,188270,5.139705E-12
0,188280,5.134309E-12
0,188290,5.128919E-12
0,188300,5.1235344E-12
0,188310,5.1181555E-12
0,188320,5.112782E-12
0,188330,5.1074145E-12
0,188340,5.1020525E-12
0,188350,5.096696E-12
0,188360,5.0913453E-12
0,188370,5.086E-12
0,188380,5.0806607E-12
0,188390,5.075327E-12
0,188400,5.0699987E-12
0,188410,5.0646757E-12
0,188420,5.0593587E-12
0,188430,5.054047E-12
0,188440,5.048741E-12
0,188450,5.0434405E-12
0,188460,5.0381457E-12
0,188470,5.0328565E-12
0,188480,5.0275725E-12
0,188490,5.0222946E-12
0,188500,5.017022E-12
0,188510,5.0117545E-12
0,188520,5.006493E-12
0,188530,5.001237E-12
0,188540,4.9959863E-12
0,188550,4.9907413E-12
0,188560,4.985502E-12
0,188570,4.980268E-12
0,188580,4.9750395E-12
0,188590,4.9698162E-12
0,188600,4.9645986E-12
0,188610,4.9593866E-12
0,188620,4.95418E-12
0,188630,4.9489787E-12
0,188640,4.9437832E-12
0,188650,4.938593E-12
0,188660,4.9334083E-12
0,188670,4.928229E-12
0,188680,4.923055E-12
0,188690,4.9178864E-12
0,188700,4.9127234E-12
0,188710,4.9075657E-12
0,188720,4.9024135E-12
0,188730,4.8972666E-12
0,188740,4.8921253E-12
0,188750,4.8869893E-12
0,188760,4.881859E-12
0,188770,4.8767336E-12
0,188780,4.8716135E-12
0,188790,4.866499E-12
0,188800,4.86139E-12
0,188810,4.8562864E-12
0,188820,4.851188E-12
0,188830,4.846095E-12
0,188840,4.8410074E-12
0,188850,4.835925E-12
0,188860,4.830848E-12
0,188870,4.825776E-12
0,188880,4.82071E-12
0,188890,4.8156487E-12
0,188900,4.8105933E-12
0,188910,4.8055427E-12
0,188920,4.8004977E-12
0,188930,4.795458E-12
0,188940,4.7904233E-12
0,188950,4.7853943E-12
0,188960,4.78037E-12
0,188970,4.7753516E-12
0,188980,4.770338E-12
0,188990,4.76533E-12
0,189000,4.760327E-12
0,189010,4.7553294E-12
0,189020,4.7503373E-12
0,189030,4.74535E-12
0,189040,4.740368E-12
0,189050,4.7353913E-12
0,189060,4.73042E-12
0,189070,4.7254535E-12
0,189080,4.7204927E-12
0,189090,4.715537E-12
0,189100,4.710586E-12
0,189110,4.705641E-12
0,189120,4.7007008E-12
0,189130,4.6957655E-12
0,189140,4.690836E-12
0,189150,4.685911E-12
0,189160,4.6809913E-12
0,189170,4.6760772E-12
0,189180,4.671168E-12
0,189190,4.666264E-12
0,189200,4.661365E-12
0,189210,4.6564714E-12
0,189220,4.6515825E-12
0,189230,4.6466993E-12
0,189240,4.6418208E-12
0,189250,4.636948E-12
0,189260,4.6320794E-12
0,189270,4.6272166E-12
0,189280,4.6223585E-12
0,189290,4.617506E-12
0,189300,4.6126583E-12
0,189310,4.607816E-12
0,189320,4.602978E-12
0,189330,4.5981456E-12
0,189340,4.5933183E-12
0,189350,4.588496E-12
0,189360,4.583679E-12
0,189370,4.578867E-12
0,189380,4.5740594E-12
0,189390,4.5692573E-12
0,189400,4.5644604E-12
0,189410,4.559668E-12
0,189420,4.554881E-12
0,189430,4.5500994E-12
0,189440,4.5453225E-12
0,189450,4.5405507E-12
0,189460,4.5357836E-12
0,189470,4.531022E-12
0,189480,4.5262648E-12
0,189490,4.521513E-12
0,189500,4.5167663E-12
0,189510,4.512024E-12
0,189520,4.5072873E-12
0,189530,4.502555E-12
0,189540,4.4978283E-12
0,189550,4.4931064E-12
0,189560,4.4883893E-12
0,189570,4.483677E-12
0,189580,4.4789697E-12
0,189590,4.4742673E-12
0,189600,4.46957E-12
0,189610,4.4648777E-12
0,189620,4.4601905E-12
0,189630,4.455508E-12
0,189640,4.4508303E-12
0,189650,4.4461574E-12
0,189660,4.4414897E-12
0,189670,4.4368268E-12
0,189680,4.4321686E-12
0,189690,4.4275156E-12
0,189700,4.4228675E-12
0,189710,4.418224E-12
0,189720,4.413586E-12
0,189730,4.408952E-12
0,189740,4.4043233E-12
0,189750,4.3996994E-12
0,189760,4.3950802E-12
0,189770,4.3904663E-12
0,189780,4.3858567E-12
0,189790,4.3812523E-12
0,189800,4.3766527E-12
0,189810,4.372058E-12
0,189820,4.3674678E-12
0,189830,4.3628825E-12
0,189840,4.3583023E-12
0,189850,4.3537266E-12
0,189860,4.349156E-12
0,189870,4.34459E-12
0,189880,4.3400288E-12
0,189890,4.3354725E-12
0,189900,4.330921E-12
0,189910,4.326374E-12
0,189920,4.321832E-12
0,189930,4.317295E-12
0,189940,4.312762E-12
0,189950,4.3082343E-12
0,189960,4.3037115E-12
0,189970,4.2991934E-12
0,189980,4.2946796E-12
0,189990,4.2901706E-12
0,190000,4.285667E-12
0,190010,4.2811674E-12
0,190020,4.2766728E-12
0,190030,4.2721833E-12
0,190040,4.2676977E-12
0,190050,4.2632174E-12
0,190060,4.258742E-12
0,190070,4.2542705E-12
0,190080,4.2498045E-12
0,190090,4.245343E-12
0,190100,4.240886E-12
0,190110,4.2364333E-12
0,190120,4.231986E-12
0,190130,4.227543E-12
0,190140,4.2231045E-12
0,190150,4.218671E-12
0,190160,4.214242E-12
0,190170,4.2098174E-12
0,190180,4.2053977E-12
0,190190,4.200983E-12
0,190200,4.1965723E-12
0,190210,4.1921666E-12
0,190220,4.1877656E-12
0,190230,4.183369E-12
0,190240,4.178977E-12
0,190250,4.17459E-12
0,190260,4.170207E-12
0,190270,4.165829E-12
0,190280,4.1614555E-12
0,190290,4.1570866E-12
0,190300,4.1527224E-12
0,190310,4.1483626E-12
0,190320,4.1440076E-12
0,190330,4.139657E-12
0,190340,4.1353106E-12
0,190350,4.1309694E-12
0,190360,4.126632E-12
0,190370,4.1223E-12
0,190380,4.1179725E-12
0,190390,4.113649E-12
0,190400,4.1093305E-12
0,190410,4.1050162E-12
0,190420,4.1007063E-12
0,190430,4.096401E-12
0,190440,4.092101E-12
0,190450,4.0878047E-12
0,190460,4.083513E-12
0,190470,4.079226E-12
0,190480,4.0749435E-12
0,190490,4.0706652E-12
0,190500,4.0663918E-12
0,190510,4.0621226E-12
0,190520,4.057858E-12
0,190530,4.0535977E-12
0,190540,4.049342E-12
0,190550,4.045091E-12
0,190560,4.040844E-12
0,190570,4.0366018E-12
0,190580,4.0323643E-12
0,190590,4.0281307E-12
0,190600,4.023902E-12
0,190610,4.0196774E-12
0,190620,4.0154572E-12
0,190630,4.011242E-12
0,190640,4.0070304E-12
0,190650,4.0028237E-12
0,190660,3.9986213E-12
0,190670,3.9944233E-12
0,190680,3.9902296E-12
0,190690,3.9860407E-12
0,190700,3.981856E-12
0,190710,3.9776754E-12
0,190720,3.9734995E-12
0,190730,3.969328E-12
0,190740,3.9651607E-12
0,190750,3.9609978E-12
0,190760,3.9568396E-12
0,190770,3.9526854E-12
0,190780,3.9485355E-12
0,190790,3.9443904E-12
0,190800,3.940249E-12
0,190810,3.9361127E-12
0,190820,3.93198E-12
0,190830,3.9278524E-12
0,190840,3.9237285E-12
0,190850,3.9196094E-12
0,190860,3.9154942E-12
0,190870,3.911384E-12
0,190880,3.9072773E-12
0,190890,3.903175E-12
0,190900,3.8990772E-12
0,190910,3.8949837E-12
0,190920,3.890895E-12
0,190930,3.88681E-12
0,190940,3.882729E-12
0,190950,3.878653E-12
0,190960,3.874581E-12
0,190970,3.8705133E-12
0,190980,3.8664497E-12
0,190990,3.862391E-12
0,191000,3.858336E-12
0,191010,3.854285E-12
0,191020,3.8502387E-12
0,191030,3.8461964E-12
0,191040,3.8421584E-12
0,191050,3.8381247E-12
0,191060,3.8340954E-12
0,191070,3.8300704E-12
0,191080,3.8260493E-12
0,191090,3.8220325E-12
0,191100,3.8180197E-12
0,191110,3.8140116E-12
0,191120,3.8100074E-12
0,191130,3.8060076E-12
0,191140,3.8020117E-12
0,191150,3.79802E-12
0,191160,3.794033E-12
0,191170,3.7900494E-12
0,191180,3.7860704E-12
0,191190,3.7820957E-12
0,191200,3.778125E-12
0,191210,3.7741585E-12
0,191220,3.7701964E-12
0,191230,3.766238E-12
0,191240,3.7622843E-12
0,191250,3.7583344E-12
0,191260,3.7543887E-12
0,191270,3.750447E-12
0,191280,3.7465096E-12
0,191290,3.7425766E-12
0,191300,3.7386474E-12
0,191310,3.734722E-12
0,191320,3.7308013E-12
0,191330,3.7268847E-12
0,191340,3.722972E-12
0,191350,3.7190633E-12
0,191360,3.715159E-12
0,191370,3.7112587E-12
0,191380,3.707362E-12
0,191390,3.7034703E-12
0,191400,3.699582E-12
0,191410,3.6956983E-12
0,191420,3.691818E-12
0,191430,3.6879423E-12
0,191440,3.6840704E-12
0,191450,3.680203E-12
0,191460,3.676339E-12
0,191470,3.6724794E-12
0,191480,3.668624E-12
0,191490,3.6647725E-12
0,191500,3.660925E-12
0,191510,3.6570816E-12
0,191520,3.653242E-12
0,191530,3.6494067E-12
0,191540,3.6455756E-12
0,191550,3.641748E-12
0,191560,3.6379248E-12
0,191570,3.6341056E-12
0,191580,3.6302903E-12
0,191590,3.626479E-12
0,191600,3.6226718E-12
0,191610,3.6188684E-12
0,191620,3.6150692E-12
0,191630,3.6112738E-12
0,191640,3.6074826E-12
0,191650,3.6036953E-12
0,191660,3.599912E-12
0,191670,3.5961325E-12
0,191680,3.592357E-12
0,191690,3.5885858E-12
0,191700,3.5848182E-12
0,191710,3.5810547E-12
0,191720,3.5772951E-12
0,191730,3.5735395E-12
0,191740,3.569788E-12
0,191750,3.56604E-12
0,191760,3.5622963E-12
0,191770,3.5585564E-12
0,191780,3.5548205E-12
0,191790,3.5510885E-12
0,191800,3.5473603E-12
0,191810,3.543636E-12
0,191820,3.539916E-12
0,191830,3.5361995E-12
0,191840,3.532487E-12
0,191850,3.5287784E-12
0,191860,3.5250737E-12
0,191870,3.5213729E-12
0,191880,3.517676E-12
0,191890,3.513983E-12
0,191900,3.5102938E-12
0,191910,3.5066084E-12
0,191920,3.5029271E-12
0,191930,3.4992495E-12
0,191940,3.4955758E-12
0,191950,3.491906E-12
0,191960,3.48824E-12
0,191970,3.4845779E-12
0,191980,3.4809195E-12
0,191990,3.4772651E-12
0,192000,3.4736146E-12
0,192010,3.4699678E-12
0,192020,3.4663249E-12
0,192030,3.4626857E-12
0,192040,3.4590503E-12
0,192050,3.455419E-12
0,192060,3.4517914E-12
0,192070,3.4481675E-12
0,192080,3.4445474E-12
0,192090,3.4409311E-12
0,192100,3.4373186E-12
0,192110,3.43371E-12
0,192120,3.4301052E-12
0,192130,3.426504E-12
0,192140,3.4229067E-12
0,192150,3.419313E-12
0,192160,3.4157234E-12
0,192170,3.4121373E-12
0,192180,3.4085551E-12
0,192190,3.4049766E-12
0,192200,3.401402E-12
0,192210,3.3978308E-12
0,192220,3.3942638E-12
0,192230,3.3907003E-12
0,192240,3.3871406E-12
0,192250,3.3835846E-12
0,192260,3.3800324E-12
0,192270,3.3764838E-12
0,192280,3.3729389E-12
0,192290,3.3693979E-12
0,192300,3.3658605E-12
0,192310,3.362327E-12
0,192320,3.358797E-12
0,192330,3.3552707E-12
0,192340,3.3517481E-12
0,192350,3.3482292E-12
0,192360,3.3447143E-12
0,192370,3.3412027E-12
0,192380,3.337695E-12
0,192390,3.3341908E-12
0,192400,3.3306905E-12
0,192410,3.3271938E-12
0,192420,3.3237007E-12
0,192430,3.3202113E-12
0,192440,3.3167256E-12
0,192450,3.3132436E-12
0,192460,3.309765E-12
0,192470,3.3062904E-12
0,192480,3.3028192E-12
0,192490,3.299352E-12
0,192500,3.2958879E-12
0,192510,3.2924277E-12
0,192520,3.288971E-12
0,192530,3.2855183E-12
0,192540,3.282069E-12
0,192550,3.2786232E-12
0,192560,3.2751811E-12
0,192570,3.2717427E-12
0,192580,3.268308E-12
0,192590,3.2648767E-12
0,192600,3.261449E-12
0,192610,3.2580251E-12
0,192620,3.2546045E-12
0,192630,3.2511877E-12
0,192640,3.2477744E-12
0,192650,3.2443648E-12
0,192660,3.2409587E-12
0,192670,3.2375563E-12
0,192680,3.2341573E-12
0,192690,3.2307618E-12
0,192700,3.22737E-12
0,192710,3.2239818E-12
0,192720,3.220597E-12
0,192730,3.217216E-12
0,192740,3.2138383E-12
0,192750,3.2104642E-12
0,192760,3.2070937E-12
0,192770,3.2037268E-12
0,192780,3.2003634E-12
0,192790,3.1970034E-12
0,192800,3.1936472E-12
0,192810,3.1902942E-12
0,192820,3.1869448E-12
0,192830,3.183599E-12
0,192840,3.1802568E-12
0,192850,3.176918E-12
0,192860,3.1735827E-12
0,192870,3.170251E-12
0,192880,3.1669227E-12
0,192890,3.1635979E-12
0,192900,3.1602765E-12
0,192910,3.1569586E-12
0,192920,3.1536444E-12
0,192930,3.1503335E-12
0,192940,3.147026E-12
0,192950,3.1437223E-12
0,192960,3.1404217E-12
0,192970,3.1371249E-12
0,192980,3.1338313E-12
0,192990,3.1305412E-12
0,193000,3.1272545E-12
0,193010,3.1239714E-12
0,193020,3.1206919E-12
0,193030,3.1174156E-12
0,193040,3.1141426E-12
0,193050,3.1108733E-12
0,193060,3.1076073E-12
0,193070,3.104345E-12
0,193080,3.1010858E-12
0,193090,3.0978302E-12
0,193100,3.0945778E-12
0,193110,3.0913288E-12
0,193120,3.0880834E-12
0,193130,3.0848414E-12
0,193140,3.081603E-12
0,193150,3.0783676E-12
0,193160,3.0751358E-12
0,193170,3.0719073E-12
0,193180,3.0686822E-12
0,193190,3.0654606E-12
0,193200,3.0622423E-12
0,193210,3.0590274E-12
0,193220,3.055816E-12
0,193230,3.0526079E-12
0,193240,3.049403E-12
0,193250,3.0462015E-12
0,193260,3.0430036E-12
0,193270,3.0398089E-12
0,193280,3.0366176E-12
0,193290,3.0334296E-12
0,193300,3.030245E-12
0,193310,3.0270636E-12
0,193320,3.0238856E-12
0,193330,3.020711E-12
0,193340,3.0175398E-12
0,193350,3.0143717E-12
0,193360,3.0112072E-12
0,193370,3.0080459E-12
0,193380,3.0048878E-12
0,193390,3.0017332E-12
0,193400,2.9985816E-12
0,193410,2.9954335E-12
0,193420,2.992289E-12
0,193430,2.9891473E-12
0,193440,2.9860092E-12
0,193450,2.9828744E-12
0,193460,2.9797428E-12
0,193470,2.9766146E-12
0,193480,2.9734895E-12
0,193490,2.9703679E-12
0,193500,2.9672495E-12
0,193510,2.9641341E-12
0,193520,2.9610223E-12
0,193530,2.9579136E-12
0,193540,2.9548083E-12
0,193550,2.9517062E-12
0,193560,2.9486073E-12
0,193570,2.9455119E-12
0,193580,2.9424195E-12
0,193590,2.9393302E-12
0,193600,2.9362443E-12
0,193610,2.9331617E-12
0,193620,2.9300824E-12
0,193630,2.9270063E-12
0,193640,2.9239334E-12
0,193650,2.9208636E-12
0,193660,2.9177973E-12
0,193670,2.914734E-12
0,193680,2.911674E-12
0,193690,2.9086171E-12
0,193700,2.9055636E-12
0,193710,2.902513E-12
0,193720,2.8994658E-12
0,193730,2.8964218E-12
0,193740,2.893381E-12
0,193750,2.8903436E-12
0,193760,2.887309E-12
0,193770,2.8842777E-12
0,193780,2.8812497E-12
0,193790,2.8782248E-12
0,193800,2.8752031E-12
0,193810,2.8721847E-12
0,193820,2.8691693E-12
0,193830,2.866157E-12
0,193840,2.8631479E-12
0,193850,2.860142E-12
0,193860,2.8571394E-12
0,193870,2.8541399E-12
0,193880,2.8511434E-12
0,193890,2.84815E-12
0,193900,2.8451599E-12
0,193910,2.842173E-12
0,193920,2.8391892E-12
0,193930,2.8362085E-12
0,193940,2.8332308E-12
0,193950,2.8302564E-12
0,193960,2.827285E-12
0,193970,2.8243167E-12
0,193980,2.8213517E-12
0,193990,2.8183896E-12
0,194000,2.8154308E-12
0,194010,2.812475E-12
0,194020,2.8095224E-12
0,194030,2.8065727E-12
0,194040,2.8036263E-12
0,194050,2.8006829E-12
0,194060,2.7977425E-12
0,194070,2.7948054E-12
0,194080,2.7918711E-12
0,194090,2.78894E-12
0,194100,2.7860123E-12
0,194110,2.7830873E-12
0,194120,2.7801654E-12
0,194130,2.7772467E-12
0,194140,2.7743311E-12
0,194150,2.7714183E-12
0,194160,2.7685087E-12
0,194170,2.7656024E-12
0,194180,2.762699E-12
0,194190,2.7597985E-12
0,194200,2.756901E-12
0,194210,2.7540067E-12
0,194220,2.7511155E-12
0,194230,2.7482272E-12
0,194240,2.745342E-12
0,194250,2.7424597E-12
0,194260,2.7395805E-12
0,194270,2.7367043E-12
0,194280,2.7338312E-12
0,194290,2.730961E-12
0,194300,2.728094E-12
0,194310,2.72523E-12
0,194320,2.7223688E-12
0,194330,2.7195108E-12
0,194340,2.7166557E-12
0,194350,2.7138036E-12
0,194360,2.7109545E-12
0,194370,2.7081085E-12
0,194380,2.7052653E-12
0,194390,2.7024253E-12
0,194400,2.6995882E-12
0,194410,2.6967538E-12
0,194420,2.6939228E-12
0,194430,2.6910945E-12
0,194440,2.6882693E-12
0,194450,2.685447E-12
0,194460,2.6826276E-12
0,194470,2.6798112E-12
0,194480,2.676998E-12
0,194490,2.6741875E-12
0,194500,2.6713798E-12
0,194510,2.6685754E-12
0,194520,2.6657739E-12
0,194530,2.662975E-12
0,194540,2.6601794E-12
0,194550,2.6573867E-12
0,194560,2.6545968E-12
0,194570,2.6518098E-12
0,194580,2.6490257E-12
0,194590,2.6462448E-12
0,194600,2.6434666E-12
0,194610,2.6406913E-12
0,194620,2.637919E-12
0,194630,2.6351495E-12
0,194640,2.632383E-12
0,194650,2.6296194E-12
0,194660,2.6268588E-12
0,194670,2.624101E-12
0,194680,2.621346E-12
0,194690,2.618594E-12
0,194700,2.6158448E-12
0,194710,2.6130985E-12
0,194720,2.6103553E-12
0,194730,2.6076149E-12
0,194740,2.6048773E-12
0,194750,2.6021425E-12
0,194760,2.5994105E-12
0,194770,2.5966816E-12
0,194780,2.5939554E-12
0,194790,2.5912321E-12
0,194800,2.5885117E-12
0,194810,2.5857942E-12
0,194820,2.5830796E-12
0,194830,2.5803678E-12
0,194840,2.5776586E-12
0,194850,2.5749524E-12
0,194860,2.5722493E-12
0,194870,2.5695487E-12
0,194880,2.566851E-12
0,194890,2.5641564E-12
0,194900,2.5614643E-12
0,194910,2.558775E-12
0,194920,2.5560888E-12
0,194930,2.5534052E-12
0,194940,2.5507246E-12
0,194950,2.5480468E-12
0,194960,2.5453717E-12
0,194970,2.5426993E-12
0,194980,2.5400298E-12
0,194990,2.5373633E-12
0,195000,2.5346994E-12
0,195010,2.5320384E-12
0,195020,2.5293801E-12
0,195030,2.5267247E-12
0,195040,2.5240719E-12
0,195050,2.521422E-12
0,195060,2.518775E-12
0,195070,2.5161305E-12
0,195080,2.513489E-12
0,195090,2.5108503E-12
0,195100,2.5082141E-12
0,195110,2.505581E-12
0,195120,2.5029505E-12
0,195130,2.5003229E-12
0,195140,2.4976978E-12
0,195150,2.4950755E-12
0,195160,2.4924561E-12
0,195170,2.4898395E-12
0,195180,2.4872255E-12
0,195190,2.4846143E-12
0,195200,2.4820057E-12
0,195210,2.4794001E-12
0,195220,2.476797E-12
0,195230,2.4741968E-12
0,195240,2.4715993E-12
0,195250,2.4690044E-12
0,195260,2.4664123E-12
0,195270,2.463823E-12
0,195280,2.4612363E-12
0,195290,2.4586524E-12
0,195300,2.4560712E-12
0,195310,2.4534927E-12
0,195320,2.4509169E-12
0,195330,2.4483438E-12
0,195340,2.4457734E-12
0,195350,2.4432056E-12
0,195360,2.4406408E-12
0,195370,2.4380784E-12
0,195380,2.4355188E-12
0,195390,2.4329618E-12
0,195400,2.4304077E-12
0,195410,2.427856E-12
0,195420,2.4253071E-12
0,195430,2.422761E-12
0,195440,2.4202175E-12
0,195450,2.4176765E-12
0,195460,2.4151384E-12
0,195470,2.4126027E-12
0,195480,2.41007E-12
0,195490,2.4075397E-12
0,195500,2.4050122E-12
0,195510,2.4024873E-12
0,195520,2.399965E-12
0,195530,2.3974453E-12
0,195540,2.3949284E-12
0,195550,2.3924142E-12
0,195560,2.3899025E-12
0,195570,2.3873935E-12
0,195580,2.384887E-12
0,195590,2.3823831E-12
0,195600,2.379882E-12
0,195610,2.3773834E-12
0,195620,2.3748876E-12
0,195630,2.3723944E-12
0,195640,2.3699038E-12
0,195650,2.3674157E-12
0,195660,2.3649303E-12
0,195670,2.3624475E-12
0,195680,2.3599673E-12
0,195690,2.3574896E-12
0,195700,2.3550146E-12
0,195710,2.3525422E-12
0,195720,2.3500724E-12
0,195730,2.3476052E-12
0,195740,2.3451404E-12
0,195750,2.3426784E-12
0,195760,2.340219E-12
0,195770,2.3377621E-12
0,195780,2.3353077E-12
0,195790,2.3328561E-12
0,195800,2.330407E-12
0,195810,2.3279603E-12
0,195820,2.3255163E-12
0,195830,2.323075E-12
0,195840,2.320636E-12
0,195850,2.3181997E-12
0,195860,2.3157659E-12
0,195870,2.3133346E-12
0,195880,2.310906E-12
0,195890,2.30848E-12
0,195900,2.3060564E-12
0,195910,2.3036354E-12
0,195920,2.301217E-12
0,195930,2.298801E-12
0,195940,2.2963875E-12
0,195950,2.2939766E-12
0,195960,2.2915684E-12
0,195970,2.2891626E-12
0,195980,2.2867593E-12
0,195990,2.2843585E-12
0,196000,2.2819602E-12
0,196010,2.2795646E-12
0,196020,2.2771713E-12
0,196030,2.2747806E-12
0,196040,2.2723926E-12
0,196050,2.2700069E-12
0,196060,2.2676236E-12
0,196070,2.265243E-12
0,196080,2.2628648E-12
0,196090,2.260489E-12
0,196100,2.258116E-12
0,196110,2.2557453E-12
0,196120,2.2533772E-12
0,196130,2.2510114E-12
0,196140,2.248648E-12
0,196150,2.2462874E-12
0,196160,2.2439292E-12
0,196170,2.2415732E-12
0,196180,2.23922E-12
0,196190,2.2368691E-12
0,196200,2.2345207E-12
0,196210,2.232175E-12
0,196220,2.2298313E-12
0,196230,2.2274905E-12
0,196240,2.225152E-12
0,196250,2.222816E-12
0,196260,2.2204823E-12
0,196270,2.218151E-12
0,196280,2.2158224E-12
0,196290,2.213496E-12
0,196300,2.2111722E-12
0,196310,2.2088507E-12
0,196320,2.2065318E-12
0,196330,2.2042153E-12
0,196340,2.2019012E-12
0,196350,2.1995895E-12
0,196360,2.1972803E-12
0,196370,2.1949734E-12
0,196380,2.192669E-12
0,196390,2.190367E-12
0,196400,2.1880677E-12
0,196410,2.1857704E-12
0,196420,2.1834756E-12
0,196430,2.1811834E-12
0,196440,2.1788934E-12
0,196450,2.176606E-12
0,196460,2.1743208E-12
0,196470,2.1720382E-12
0,196480,2.1697579E-12
0,196490,2.1674797E-12
0,196500,2.1652044E-12
0,196510,2.1629313E-12
0,196520,2.1606603E-12
0,196530,2.158392E-12
0,196540,2.156126E-12
0,196550,2.1538624E-12
0,196560,2.1516012E-12
0,196570,2.1493423E-12
0,196580,2.147086E-12
0,196590,2.1448318E-12
0,196600,2.14258E-12
0,196610,2.1403307E-12
0,196620,2.1380835E-12
0,196630,2.135839E-12
0,196640,2.1335967E-12
0,196650,2.1313567E-12
0,196660,2.129119E-12
0,196670,2.1268837E-12
0,196680,2.124651E-12
0,196690,2.1224203E-12
0,196700,2.120192E-12
0,196710,2.1179662E-12
0,196720,2.1157427E-12
0,196730,2.1135214E-12
0,196740,2.1113025E-12
0,196750,2.109086E-12
0,196760,2.1068718E-12
0,196770,2.1046598E-12
0,196780,2.1024504E-12
0,196790,2.100243E-12
0,196800,2.098038E-12
0,196810,2.0958354E-12
0,196820,2.0936352E-12
0,196830,2.091437E-12
0,196840,2.0892415E-12
0,196850,2.087048E-12
0,196860,2.084857E-12
0,196870,2.0826682E-12
0,196880,2.0804816E-12
0,196890,2.0782974E-12
0,196900,2.0761155E-12
0,196910,2.073936E-12
0,196920,2.0717586E-12
0,196930,2.0695837E-12
0,196940,2.067411E-12
0,196950,2.0652403E-12
0,196960,2.0630722E-12
0,196970,2.0609064E-12
0,196980,2.0587427E-12
0,196990,2.0565813E-12
0,197000,2.0544222E-12
0,197010,2.0522653E-12
0,197020,2.0501107E-12
0,197030,2.0479584E-12
0,197040,2.0458084E-12
0,197050,2.0436606E-12
0,197060,2.041515E-12
0,197070,2.0393717E-12
0,197080,2.0372306E-12
0,197090,2.035092E-12
0,197100,2.0329554E-12
0,197110,2.030821E-12
0,197120,2.028689E-12
0,197130,2.0265593E-12
0,197140,2.0244316E-12
0,197150,2.0223064E-12
0,197160,2.0201833E-12
0,197170,2.0180624E-12
0,197180,2.0159436E-12
0,197190,2.0138273E-12
0,197200,2.0117128E-12
0,197210,2.009601E-12
0,197220,2.0074912E-12
0,197230,2.0053837E-12
0,197240,2.0032782E-12
0,197250,2.001175E-12
0,197260,1.999074E-12
0,197270,1.9969755E-12
0,197280,1.9948789E-12
0,197290,1.9927846E-12
0,197300,1.9906926E-12
0,197310,1.9886026E-12
0,197320,1.986515E-12
0,197330,1.9844293E-12
0,197340,1.982346E-12
0,197350,1.9802647E-12
0,197360,1.9781858E-12
0,197370,1.976109E-12
0,197380,1.9740344E-12
0,197390,1.9719619E-12
0,197400,1.9698917E-12
0,197410,1.9678235E-12
0,197420,1.9657576E-12
0,197430,1.963694E-12
0,197440,1.9616322E-12
0,197450,1.959573E-12
0,197460,1.9575155E-12
0,197470,1.9554605E-12
0,197480,1.9534075E-12
0,197490,1.9513568E-12
0,197500,1.9493081E-12
0,197510,1.9472616E-12
0,197520,1.9452174E-12
0,197530,1.9431752E-12
0,197540,1.9411352E-12
0,197550,1.939097E-12
0,197560,1.9370614E-12
0,197570,1.9350279E-12
0,197580,1.9329963E-12
0,197590,1.9309669E-12
0,197600,1.9289396E-12
0,197610,1.9269146E-12
0,197620,1.9248917E-12
0,197630,1.9228707E-12
0,197640,1.9208521E-12
0,197650,1.9188355E-12
0,197660,1.916821E-12
0,197670,1.9148086E-12
0,197680,1.9127983E-12
0,197690,1.91079E-12
0,197700,1.9087841E-12
0,197710,1.9067803E-12
0,197720,1.9047784E-12
0,197730,1.9027787E-12
0,197740,1.900781E-12
0,197750,1.8987854E-12
0,197760,1.896792E-12
0,197770,1.8948007E-12
0,197780,1.8928114E-12
0,197790,1.8908243E-12
0,197800,1.8888391E-12
0,197810,1.8868561E-12
0,197820,1.8848753E-12
0,197830,1.8828964E-12
0,197840,1.8809197E-12
0,197850,1.878945E-12
0,197860,1.8769723E-12
0,197870,1.8750019E-12
0,197880,1.8730334E-12
0,197890,1.8710669E-12
0,197900,1.8691025E-12
0,197910,1.8671403E-12
0,197920,1.86518E-12
0,197930,1.863222E-12
0,197940,1.861266E-12
0,197950,1.8593117E-12
0,197960,1.8573598E-12
0,197970,1.85541E-12
0,197980,1.8534618E-12
0,197990,1.8515161E-12
0,198000,1.8495724E-12
0,198010,1.8476306E-12
0,198020,1.8456907E-12
0,198030,1.843753E-12
0,198040,1.8418173E-12
0,198050,1.8398837E-12
0,198060,1.837952E-12
0,198070,1.8360227E-12
0,198080,1.834095E-12
0,198090,1.8321694E-12
0,198100,1.830246E-12
0,198110,1.8283246E-12
0,198120,1.8264051E-12
0,198130,1.8244876E-12
0,198140,1.8225723E-12
0,198150,1.8206586E-12
0,198160,1.8187473E-12
0,198170,1.8168379E-12
0,198180,1.8149305E-12
0,198190,1.8130251E-12
0,198200,1.8111217E-12
0,198210,1.8092202E-12
0,198220,1.8073208E-12
0,198230,1.8054234E-12
0,198240,1.803528E-12
0,198250,1.8016346E-12
0,198260,1.7997431E-12
0,198270,1.7978536E-12
0,198280,1.7959662E-12
0,198290,1.7940807E-12
0,198300,1.7921971E-12
0,198310,1.7903156E-12
0,198320,1.788436E-12
0,198330,1.7865584E-12
0,198340,1.7846829E-12
0,198350,1.7828091E-12
0,198360,1.7809375E-12
0,198370,1.7790678E-12
0,198380,1.7772E-12
0,198390,1.7753342E-12
0,198400,1.7734704E-12
0,198410,1.7716086E-12
0,198420,1.7697486E-12
0,198430,1.7678906E-12
0,198440,1.7660346E-12
0,198450,1.7641805E-12
0,198460,1.7623285E-12
0,198470,1.7604783E-12
0,198480,1.75863E-12
0,198490,1.7567837E-12
0,198500,1.7549393E-12
0,198510,1.7530969E-12
0,198520,1.7512564E-12
0,198530,1.7494179E-12
0,198540,1.7475812E-12
0,198550,1.7457466E-12
0,198560,1.7439137E-12
0,198570,1.7420829E-12
0,198580,1.740254E-12
0,198590,1.738427E-12
0,198600,1.7366019E-12
0,198610,1.7347788E-12
0,198620,1.7329574E-12
0,198630,1.7311381E-12
0,198640,1.7293207E-12
0,198650,1.7275052E-12
0,198660,1.7256915E-12
0,198670,1.7238798E-12
0,198680,1.72207E-12
0,198690,1.7202621E-12
0,198700,1.718456E-12
0,198710,1.7166519E-12
0,198720,1.7148497E-12
0,198730,1.7130494E-12
0,198740,1.7112509E-12
0,198750,1.7094544E-12
0,198760,1.7076597E-12
0,198770,1.7058669E-12
0,198780,1.704076E-12
0,198790,1.702287E-12
0,198800,1.7004999E-12
0,198810,1.6987145E-12
0,198820,1.6969311E-12
0,198830,1.6951497E-12
0,198840,1.6933699E-12
0,198850,1.6915922E-12
0,198860,1.6898163E-12
0,198870,1.6880422E-12
0,198880,1.68627E-12
0,198890,1.6844997E-12
0,198900,1.6827312E-12
0,198910,1.6809646E-12
0,198920,1.6791999E-12
0,198930,1.6774369E-12
0,198940,1.6756759E-12
0,198950,1.6739166E-12
0,198960,1.6721593E-12
0,198970,1.6704038E-12
0,198980,1.6686501E-12
0,198990,1.6668983E-12
0,199000,1.6651483E-12
0,199010,1.6634001E-12
0,199020,1.6616538E-12
0,199030,1.6599093E-12
0,199040,1.6581667E-12
0,199050,1.6564259E-12
0,199060,1.6546868E-12
0,199070,1.6529497E-12
0,199080,1.6512143E-12
0,199090,1.6494808E-12
0,199100,1.6477491E-12
0,199110,1.6460191E-12
0,199120,1.6442911E-12
0,199130,1.6425649E-12
0,199140,1.6408405E-12
0,199150,1.6391178E-12
0,199160,1.6373969E-12
0,199170,1.6356779E-12
0,199180,1.6339607E-12
0,199190,1.6322452E-12
0,199200,1.6305316E-12
0,199210,1.6288199E-12
0,199220,1.6271098E-12
0,199230,1.6254016E-12
0,199240,1.6236952E-12
0,199250,1.6219905E-12
0,199260,1.6202877E-12
0,199270,1.6185867E-12
0,199280,1.6168874E-12
0,199290,1.6151899E-12
0,199300,1.6134942E-12
0,199310,1.6118002E-12
0,199320,1.6101081E-12
0,199330,1.6084177E-12
0,199340,1.6067291E-12
0,199350,1.6050423E-12
0,199360,1.6033572E-12
0,199370,1.601674E-12
0,199380,1.5999924E-12
0,199390,1.5983127E-12
0,199400,1.5966347E-12
0,199410,1.5949584E-12
0,199420,1.593284E-12
0,199430,1.5916113E-12
0,199440,1.5899403E-12
0,199450,1.5882712E-12
0,199460,1.5866037E-12
0,199470,1.584938E-12
0,199480,1.583274E-12
0,199490,1.5816118E-12
0,199500,1.5799513E-12
0,199510,1.5782927E-12
0,199520,1.5766357E-12
0,199530,1.5749805E-12
0,199540,1.573327E-12
0,199550,1.5716752E-12
0,199560,1.5700251E-12
0,199570,1.5683769E-12
0,199580,1.5667304E-12
0,199590,1.5650855E-12
0,199600,1.5634424E-12
0,199610,1.561801E-12
0,199620,1.5601614E-12
0,199630,1.5585234E-12
0,199640,1.5568872E-12
0,199650,1.5552527E-12
0,199660,1.5536199E-12
0,199670,1.5519888E-12
0,199680,1.5503595E-12
0,199690,1.5487318E-12
0,199700,1.5471059E-12
0,199710,1.5454816E-12
0,199720,1.5438591E-12
0,199730,1.5422383E-12
0,199740,1.5406192E-12
0,199750,1.5390018E-12
0,199760,1.5373861E-12
0,199770,1.535772E-12
0,199780,1.5341597E-12
0,199790,1.532549E-12
0,199800,1.5309401E-12
0,199810,1.5293329E-12
0,199820,1.5277273E-12
0,199830,1.5261234E-12
0,199840,1.5245212E-12
0,199850,1.5229207E-12
0,199860,1.5213218E-12
0,199870,1.5197247E-12
0,199880,1.5181292E-12
0,199890,1.5165354E-12
0,199900,1.5149432E-12
0,199910,1.5133528E-12
0,199920,1.511764E-12
0,199930,1.5101769E-12
0,199940,1.5085914E-12
0,199950,1.5070076E-12
0,199960,1.5054255E-12
0,199970,1.503845E-12
0,199980,1.5022662E-12
0,199990,1.500689E-12
0,200000,1.4991136E-12
0,200010,1.4975397E-12
0,200020,1.4959675E-12
0,200030,1.4943969E-12
0,200040,1.4928281E-12
0,200050,1.4912608E-12
0,200060,1.4896952E-12
0,200070,1.4881312E-12
0,200080,1.4865689E-12
0,200090,1.4850083E-12
0,200100,1.4834492E-12
0,200110,1.4818919E-12
0,200120,1.480336E-12
0,200130,1.4787819E-12
0,200140,1.4772295E-12
0,200150,1.4756785E-12
0,200160,1.4741293E-12
0,200170,1.4725817E-12
0,200180,1.4710357E-12
0,200190,1.4694913E-12
0,200200,1.4679486E-12
0,200210,1.4664075E-12
0,200220,1.4648679E-12
0,200230,1.4633301E-12
0,200240,1.4617938E-12
0,200250,1.4602591E-12
0,200260,1.458726E-12
0,200270,1.4571946E-12
0,200280,1.4556648E-12
0,200290,1.4541366E-12
0,200300,1.45261E-12
0,200310,1.4510849E-12
0,200320,1.4495615E-12
0,200330,1.4480397E-12
0,200340,1.4465194E-12
0,200350,1.4450008E-12
0,200360,1.4434838E-12
0,200370,1.4419683E-12
0,200380,1.4404545E-12
0,200390,1.4389422E-12
0,200400,1.4374316E-12
0,200410,1.4359225E-12
0,200420,1.434415E-12
0,200430,1.432909E-12
0,200440,1.4314047E-12
0,200450,1.4299019E-12
0,200460,1.4284008E-12
0,200470,1.4269011E-12
0,200480,1.4254031E-12
0,200490,1.4239067E-12
0,200500,1.4224118E-12
0,200510,1.4209184E-12
0,200520,1.4194266E-12
0,200530,1.4179365E-12
0,200540,1.4164479E-12
0,200550,1.4149608E-12
0,200560,1.4134753E-12
0,200570,1.4119914E-12
0,200580,1.410509E-12
0,200590,1.4090282E-12
0,200600,1.4075489E-12
0,200610,1.4060712E-12
0,200620,1.404595E-12
0,200630,1.4031205E-12
0,200640,1.4016474E-12
0,200650,1.4001759E-12
0,200660,1.3987058E-12
0,200670,1.3972374E-12
0,200680,1.3957705E-12
0,200690,1.3943051E-12
0,200700,1.3928414E-12
0,200710,1.3913791E-12
0,200720,1.3899183E-12
0,200730,1.3884591E-12
0,200740,1.3870014E-12
0,200750,1.3855453E-12
0,200760,1.3840908E-12
0,200770,1.3826376E-12
0,200780,1.3811861E-12
0,200790,1.3797361E-12
0,200800,1.3782875E-12
0,200810,1.3768405E-12
0,200820,1.375395E-12
0,200830,1.3739511E-12
0,200840,1.3725087E-12
0,200850,1.3710676E-12
0,200860,1.3696283E-12
0,200870,1.3681904E-12
0,200880,1.3667539E-12
0,200890,1.3653191E-12
0,200900,1.3638857E-12
0,200910,1.3624539E-12
0,200920,1.3610235E-12
0,200930,1.3595946E-12
0,200940,1.3581673E-12
0,200950,1.3567413E-12
0,200960,1.355317E-12
0,200970,1.3538941E-12
0,200980,1.3524727E-12
0,200990,1.3510528E-12
0,201000,1.3496344E-12
0,201010,1.3482175E-12
0,201020,1.346802E-12
0,201030,1.3453881E-12
0,201040,1.3439756E-12
0,201050,1.3425647E-12
0,201060,1.3411552E-12
0,201070,1.3397472E-12
0,201080,1.3383407E-12
0,201090,1.3369356E-12
0,201100,1.335532E-12
0,201110,1.3341299E-12
0,201120,1.3327293E-12
0,201130,1.3313301E-12
0,201140,1.3299324E-12
0,201150,1.3285361E-12
0,201160,1.3271414E-12
0,201170,1.3257481E-12
0,201180,1.3243563E-12
0,201190,1.3229659E-12
0,201200,1.321577E-12
0,201210,1.3201895E-12
0,201220,1.3188035E-12
0,201230,1.3174189E-12
0,201240,1.3160358E-12
0,201250,1.3146542E-12
0,201260,1.313274E-12
0,201270,1.3118953E-12
0,201280,1.310518E-12
0,201290,1.3091421E-12
0,201300,1.3077678E-12
0,201310,1.3063948E-12
0,201320,1.3050233E-12
0,201330,1.3036531E-12
0,201340,1.3022846E-12
0,201350,1.3009174E-12
0,201360,1.2995516E-12
0,201370,1.2981873E-12
0,201380,1.2968243E-12
0,201390,1.2954629E-12
0,201400,1.2941028E-12
0,201410,1.2927442E-12
0,201420,1.291387E-12
0,201430,1.2900312E-12
0,201440,1.288677E-12
0,201450,1.287324E-12
0,201460,1.2859725E-12
0,201470,1.2846224E-12
0,201480,1.2832737E-12
0,201490,1.2819265E-12
0,201500,1.2805807E-12
0,201510,1.2792363E-12
0,201520,1.2778933E-12
0,201530,1.2765517E-12
0,201540,1.2752115E-12
0,201550,1.2738727E-12
0,201560,1.2725354E-12
0,201570,1.2711993E-12
0,201580,1.2698647E-12
0,201590,1.2685316E-12
0,201600,1.2671999E-12
0,201610,1.2658695E-12
0,201620,1.2645404E-12
0,201630,1.263213E-12
0,201640,1.2618868E-12
0,201650,1.260562E-12
0,201660,1.2592385E-12
0,201670,1.2579165E-12
0,201680,1.2565958E-12
0,201690,1.2552767E-12
0,201700,1.2539587E-12
0,201710,1.2526423E-12
0,201720,1.2513273E-12
0,201730,1.2500135E-12
0,201740,1.2487012E-12
0,201750,1.2473902E-12
0,201760,1.2460807E-12
0,201770,1.2447725E-12
0,201780,1.2434656E-12
0,201790,1.2421602E-12
0,201800,1.2408562E-12
0,201810,1.2395534E-12
0,201820,1.238252E-12
0,201830,1.2369521E-12
0,201840,1.2356535E-12
0,201850,1.2343563E-12
0,201860,1.2330603E-12
0,201870,1.2317658E-12
0,201880,1.2304726E-12
0,201890,1.2291808E-12
0,201900,1.2278904E-12
0,201910,1.2266013E-12
0,201920,1.2253135E-12
0,201930,1.2240271E-12
0,201940,1.2227421E-12
0,201950,1.2214584E-12
0,201960,1.220176E-12
0,201970,1.218895E-12
0,201980,1.2176154E-12
0,201990,1.216337E-12
0,202000,1.2150601E-12
0,202010,1.2137844E-12
0,202020,1.2125101E-12
0,202030,1.2112372E-12
0,202040,1.2099656E-12
0,202050,1.2086953E-12
0,202060,1.2074263E-12
0,202070,1.2061588E-12
0,202080,1.2048924E-12
0,202090,1.2036275E-12
0,202100,1.2023638E-12
0,202110,1.2011015E-12
0,202120,1.1998406E-12
0,202130,1.198581E-12
0,202140,1.1973226E-12
0,202150,1.1960656E-12
0,202160,1.1948099E-12
0,202170,1.1935556E-12
0,202180,1.1923024E-12
0,202190,1.1910507E-12
0,202200,1.1898003E-12
0,202210,1.1885512E-12
0,202220,1.1873034E-12
0,202230,1.1860569E-12
0,202240,1.1848117E-12
0,202250,1.1835678E-12
0,202260,1.1823253E-12
0,202270,1.181084E-12
0,202280,1.1798441E-12
0,202290,1.1786054E-12
0,202300,1.177368E-12
0,202310,1.176132E-12
0,202320,1.1748972E-12
0,202330,1.1736637E-12
0,202340,1.1724315E-12
0,202350,1.1712007E-12
0,202360,1.1699711E-12
0,202370,1.1687428E-12
0,202380,1.1675158E-12
0,202390,1.16629E-12
0,202400,1.1650657E-12
0,202410,1.1638425E-12
0,202420,1.1626207E-12
0,202430,1.1614001E-12
0,202440,1.1601808E-12
0,202450,1.1589628E-12
0,202460,1.157746E-12
0,202470,1.1565306E-12
0,202480,1.1553164E-12
0,202490,1.1541035E-12
0,202500,1.1528918E-12
0,202510,1.1516815E-12
0,202520,1.1504724E-12
0,202530,1.1492645E-12
0,202540,1.148058E-12
0,202550,1.1468527E-12
0,202560,1.1456487E-12
0,202570,1.1444459E-12
0,202580,1.1432445E-12
0,202590,1.1420441E-12
0,202600,1.1408452E-12
0,202610,1.1396475E-12
0,202620,1.138451E-12
0,202630,1.1372559E-12
0,202640,1.1360618E-12
0,202650,1.1348692E-12
0,202660,1.1336777E-12
0,202670,1.1324875E-12
0,202680,1.1312986E-12
0,202690,1.1301109E-12
0,202700,1.1289244E-12
0,202710,1.1277393E-12
0,202720,1.1265553E-12
0,202730,1.1253726E-12
0,202740,1.1241911E-12
0,202750,1.1230109E-12
0,202760,1.1218319E-12
0,202770,1.1206541E-12
0,202780,1.1194776E-12
0,202790,1.1183023E-12
0,202800,1.1171283E-12
0,202810,1.1159554E-12
0,202820,1.1147838E-12
0,202830,1.1136135E-12
0,202840,1.1124443E-12
0,202850,1.1112764E-12
0,202860,1.1101098E-12
0,202870,1.1089443E-12
0,202880,1.1077801E-12
0,202890,1.1066171E-12
0,202900,1.1054554E-12
0,202910,1.1042948E-12
0,202920,1.1031355E-12
0,202930,1.1019773E-12
0,202940,1.1008204E-12
0,202950,1.0996647E-12
0,202960,1.0985102E-12
0,202970,1.0973569E-12
0,202980,1.0962048E-12
0,202990,1.0950541E-12
0,203000,1.0939044E-12
0,203010,1.092756E-12
0,203020,1.0916087E-12
0,203030,1.0904627E-12
0,203040,1.0893179E-12
0,203050,1.0881743E-12
0,203060,1.0870318E-12
0,203070,1.0858906E-12
0,203080,1.0847506E-12
0,203090,1.0836117E-12
0,203100,1.0824742E-12
0,203110,1.0813377E-12
0,203120,1.0802024E-12
0,203130,1.0790684E-12
0,203140,1.0779355E-12
0,203150,1.0768039E-12
0,203160,1.0756734E-12
0,203170,1.0745441E-12
0,203180,1.073416E-12
0,203190,1.0722891E-12
0,203200,1.0711633E-12
0,203210,1.0700387E-12
0,203220,1.0689154E-12
0,203230,1.0677932E-12
0,203240,1.0666721E-12
0,203250,1.0655523E-12
0,203260,1.0644336E-12
0,203270,1.0633161E-12
0,203280,1.0621998E-12
0,203290,1.0610847E-12
0,203300,1.0599707E-12
0,203310,1.0588579E-12
0,203320,1.0577462E-12
0,203330,1.0566357E-12
0,203340,1.0555264E-12
0,203350,1.0544183E-12
0,203360,1.0533113E-12
0,203370,1.0522055E-12
0,203380,1.0511008E-12
0,203390,1.0499973E-12
0,203400,1.048895E-12
0,203410,1.0477938E-12
0,203420,1.0466938E-12
0,203430,1.0455949E-12
0,203440,1.0444972E-12
0,203450,1.0434006E-12
0,203460,1.0423052E-12
0,203470,1.041211E-12
0,203480,1.0401179E-12
0,203490,1.0390259E-12
0,203500,1.037935E-12
0,203510,1.0368453E-12
0,203520,1.0357569E-12
0,203530,1.0346694E-12
0,203540,1.0335832E-12
0,203550,1.0324981E-12
0,203560,1.0314141E-12
0,203570,1.0303313E-12
0,203580,1.0292496E-12
0,203590,1.028169E-12
0,203600,1.0270895E-12
0,203610,1.0260113E-12
0,203620,1.0249342E-12
0,203630,1.0238581E-12
0,203640,1.0227832E-12
0,203650,1.0217094E-12
0,203660,1.0206368E-12
0,203670,1.0195653E-12
0,203680,1.0184949E-12
0,203690,1.0174256E-12
0,203700,1.0163575E-12
0,203710,1.0152905E-12
0,203720,1.0142245E-12
0,203730,1.0131598E-12
0,203740,1.0120961E-12
0,203750,1.0110336E-12
0,203760,1.0099722E-12
0,203770,1.0089118E-12
0,203780,1.0078527E-12
0,203790,1.0067945E-12
0,203800,1.0057375E-12
0,203810,1.0046817E-12
0,203820,1.0036269E-12
0,203830,1.0025732E-12
0,203840,1.0015207E-12
0,203850,1.0004692E-12
0,203860,9.994189E-13
0,203870,9.983697E-13
0,203880,9.973215E-13
0,203890,9.962745E-13
0,203900,9.952285E-13
0,203910,9.941837E-13
0,203920,9.931399E-13
0,203930,9.920972E-13
0,203940,9.910558E-13
0,203950,9.900153E-13
0,203960,9.889759E-13
0,203970,9.879376E-13
0,203980,9.869004E-13
0,203990,9.858644E-13
0,204000,9.848293E-13
0,204010,9.837954E-13
0,204020,9.827626E-13
0,204030,9.817309E-13
0,204040,9.807001E-13
0,204050,9.796706E-13
0,204060,9.786421E-13
0,204070,9.776146E-13
0,204080,9.765883E-13
0,204090,9.75563E-13
0,204100,9.745388E-13
0,204110,9.735156E-13
0,204120,9.724937E-13
0,204130,9.714727E-13
0,204140,9.704528E-13
0,204150,9.69434E-13
0,204160,9.684162E-13
0,204170,9.673994E-13
0,204180,9.663839E-13
0,204190,9.653693E-13
0,204200,9.643558E-13
0,204210,9.633433E-13
0,204220,9.62332E-13
0,204230,9.613217E-13
0,204240,9.603125E-13
0,204250,9.593043E-13
0,204260,9.582971E-13
0,204270,9.572911E-13
0,204280,9.56286E-13
0,204290,9.552821E-13
0,204300,9.542792E-13
0,204310,9.532774E-13
0,204320,9.522766E-13
0,204330,9.512768E-13
0,204340,9.50278E-13
0,204350,9.492805E-13
0,204360,9.482839E-13
0,204370,9.472883E-13
0,204380,9.462938E-13
0,204390,9.453004E-13
0,204400,9.443079E-13
0,204410,9.433165E-13
0,204420,9.423262E-13
0,204430,9.413369E-13
0,204440,9.403486E-13
0,204450,9.393613E-13
0,204460,9.383751E-13
0,204470,9.3739E-13
0,204480,9.364059E-13
0,204490,9.354229E-13
0,204500,9.344408E-13
0,204510,9.334598E-13
0,204520,9.324798E-13
0,204530,9.315008E-13
0,204540,9.305229E-13
0,204550,9.295459E-13
0,204560,9.2857E-13
0,204570,9.275952E-13
0,204580,9.266214E-13
0,204590,9.256486E-13
0,204600,9.246768E-13
0,204610,9.23706E-13
0,204620,9.227363E-13
0,204630,9.217675E-13
0,204640,9.207998E-13
0,204650,9.198331E-13
0,204660,9.188674E-13
0,204670,9.179027E-13
0,204680,9.16939E-13
0,204690,9.159764E-13
0,204700,9.150148E-13
0,204710,9.140541E-13
0,204720,9.130945E-13
0,204730,9.121359E-13
0,204740,9.111783E-13
0,204750,9.102217E-13
0,204760,9.092661E-13
0,204770,9.083115E-13
0,204780,9.073579E-13
0,204790,9.064053E-13
0,204800,9.054537E-13
0,204810,9.0450314E-13
0,204820,9.0355354E-13
0,204830,9.02605E-13
0,204840,9.016574E-13
0,204850,9.0071077E-13
0,204860,8.997651E-13
0,204870,8.988205E-13
0,204880,8.978769E-13
0,204890,8.969343E-13
0,204900,8.959926E-13
0,204910,8.9505194E-13
0,204920,8.9411226E-13
0,204930,8.931736E-13
0,204940,8.922359E-13
0,204950,8.912992E-13
0,204960,8.9036347E-13
0,204970,8.894287E-13
0,204980,8.8849495E-13
0,204990,8.8756216E-13
0,205000,8.8663034E-13
0,205010,8.856995E-13
0,205020,8.8476963E-13
0,205030,8.838408E-13
0,205040,8.829129E-13
0,205050,8.8198594E-13
0,205060,8.8106E-13
0,205070,8.80135E-13
0,205080,8.79211E-13
0,205090,8.7828795E-13
0,205100,8.773659E-13
0,205110,8.764448E-13
0,205120,8.7552464E-13
0,205130,8.746055E-13
0,205140,8.736873E-13
0,205150,8.7277006E-13
0,205160,8.7185375E-13
0,205170,8.7093847E-13
0,205180,8.700241E-13
0,205190,8.691107E-13
0,205200,8.6819825E-13
0,205210,8.6728677E-13
0,205220,8.6637625E-13
0,205230,8.654667E-13
0,205240,8.645581E-13
0,205250,8.636504E-13
0,205260,8.6274374E-13
0,205270,8.61838E-13
0,205280,8.609332E-13
0,205290,8.6002933E-13
0,205300,8.591264E-13
0,205310,8.5822446E-13
0,205320,8.5732344E-13
0,205330,8.564234E-13
0,205340,8.5552426E-13
0,205350,8.546261E-13
0,205360,8.5372887E-13
0,205370,8.5283256E-13
0,205380,8.5193723E-13
0,205390,8.510428E-13
0,205400,8.501494E-13
0,205410,8.492568E-13
0,205420,8.483652E-13
0,205430,8.474746E-13
0,205440,8.4658485E-13
0,205450,8.4569607E-13
0,205460,8.448082E-13
0,205470,8.439213E-13
0,205480,8.430353E-13
0,205490,8.4215024E-13
0,205500,8.4126613E-13
0,205510,8.4038294E-13
0,205520,8.395006E-13
0,205530,8.3861927E-13
0,205540,8.3773884E-13
0,205550,8.3685934E-13
0,205560,8.3598075E-13
0,205570,8.3510315E-13
0,205580,8.342264E-13
0,205590,8.333506E-13
0,205600,8.324757E-13
0,205610,8.316017E-13
0,205620,8.3072866E-13
0,205630,8.2985653E-13
0,205640,8.2898526E-13
0,205650,8.28115E-13
0,205660,8.2724555E-13
0,205670,8.263771E-13
0,205680,8.2550953E-13
0,205690,8.2464287E-13
0,205700,8.237771E-13
0,205710,8.2291227E-13
0,205720,8.220483E-13
0,205730,8.211853E-13
0,205740,8.203232E-13
0,205750,8.1946196E-13
0,205760,8.1860164E-13
0,205770,8.1774225E-13
0,205780,8.168837E-13
0,205790,8.160261E-13
0,205800,8.1516944E-13
0,205810,8.143136E-13
0,205820,8.1345873E-13
0,205830,8.126047E-13
0,205840,8.117516E-13
0,205850,8.1089936E-13
0,205860,8.1004805E-13
0,205870,8.091976E-13
0,205880,8.0834807E-13
0,205890,8.074994E-13
0,205900,8.066517E-13
0,205910,8.058048E-13
0,205920,8.0495886E-13
0,205930,8.041138E-13
0,205940,8.0326956E-13
0,205950,8.024262E-13
0,205960,8.015838E-13
0,205970,8.007423E-13
0,205980,7.999016E-13
0,205990,7.990618E-13
0,206000,7.982229E-13
0,206010,7.973849E-13
0,206020,7.965478E-13
0,206030,7.9571153E-13
0,206040,7.9487615E-13
0,206050,7.9404164E-13
0,206060,7.93208E-13
0,206070,7.923753E-13
0,206080,7.9154337E-13
0,206090,7.907124E-13
0,206100,7.8988227E-13
0,206110,7.89053E-13
0,206120,7.8822463E-13
0,206130,7.873971E-13
0,206140,7.8657046E-13
0,206150,7.857447E-13
0,206160,7.8491976E-13
0,206170,7.840957E-13
0,206180,7.8327254E-13
0,206190,7.824502E-13
0,206200,7.816287E-13
0,206210,7.8080814E-13
0,206220,7.7998843E-13
0,206230,7.7916953E-13
0,206240,7.7835156E-13
0,206250,7.775344E-13
0,206260,7.767181E-13
0,206270,7.7590267E-13
0,206280,7.7508806E-13
0,206290,7.7427436E-13
0,206300,7.734615E-13
0,206310,7.7264947E-13
0,206320,7.7183827E-13
0,206330,7.71028E-13
0,206340,7.702185E-13
0,206350,7.6940987E-13
0,206360,7.6860214E-13
0,206370,7.677952E-13
0,206380,7.669891E-13
0,206390,7.661839E-13
0,206400,7.653795E-13
0,206410,7.64576E-13
0,206420,7.637733E-13
0,206430,7.6297145E-13
0,206440,7.6217044E-13
0,206450,7.613703E-13
0,206460,7.6057097E-13
0,206470,7.597725E-13
0,206480,7.589748E-13
0,206490,7.58178E-13
0,206500,7.5738206E-13
0,206510,7.565869E-13
0,206520,7.557926E-13
0,206530,7.5499914E-13
0,206540,7.542065E-13
0,206550,7.534147E-13
0,206560,7.526237E-13
0,206570,7.518336E-13
0,206580,7.5104425E-13
0,206590,7.502558E-13
0,206600,7.4946814E-13
0,206610,7.486813E-13
0,206620,7.478953E-13
0,206630,7.471101E-13
0,206640,7.4632574E-13
0,206650,7.4554225E-13
0,206660,7.447595E-13
0,206670,7.4397763E-13
0,206680,7.431966E-13
0,206690,7.4241633E-13
0,206700,7.416369E-13
0,206710,7.408583E-13
0,206720,7.400805E-13
0,206730,7.3930353E-13
0,206740,7.3852735E-13
0,206750,7.3775204E-13
0,206760,7.369775E-13
0,206770,7.362038E-13
0,206780,7.3543087E-13
0,206790,7.3465875E-13
0,206800,7.338875E-13
0,206810,7.33117E-13
0,206820,7.3234734E-13
0,206830,7.3157853E-13
0,206840,7.308105E-13
0,206850,7.300432E-13
0,206860,7.292768E-13
0,206870,7.2851116E-13
0,206880,7.277463E-13
0,206890,7.269823E-13
0,206900,7.2621905E-13
0,206910,7.2545664E-13
0,206920,7.2469504E-13
0,206930,7.239342E-13
0,206940,7.231742E-13
0,206950,7.2241497E-13
0,206960,7.216565E-13
0,206970,7.2089887E-13
0,206980,7.2014204E-13
0,206990,7.1938603E-13
0,207000,7.186308E-13
0,207010,7.1787633E-13
0,207020,7.1712265E-13
0,207030,7.163698E-13
0,207040,7.156177E-13
0,207050,7.148664E-13
0,207060,7.141159E-13
0,207070,7.133662E-13
0,207080,7.1261725E-13
0,207090,7.1186915E-13
0,207100,7.1112175E-13
0,207110,7.1037517E-13
0,207120,7.096294E-13
0,207130,7.088844E-13
0,207140,7.081402E-13
0,207150,7.0739676E-13
0,207160,7.066541E-13
0,207170,7.059122E-13
0,207180,7.051711E-13
0,207190,7.0443076E-13
0,207200,7.0369123E-13
0,207210,7.0295245E-13
0,207220,7.0221444E-13
0,207230,7.0147723E-13
0,207240,7.007408E-13
0,207250,7.000051E-13
0,207260,6.9927023E-13
0,207270,6.9853606E-13
0,207280,6.978027E-13
0,207290,6.970701E-13
0,207300,6.9633833E-13
0,207310,6.9560725E-13
0,207320,6.94877E-13
0,207330,6.941475E-13
0,207340,6.9341874E-13
0,207350,6.9269075E-13
0,207360,6.919635E-13
0,207370,6.9123705E-13
0,207380,6.9051134E-13
0,207390,6.8978644E-13
0,207400,6.8906225E-13
0,207410,6.883388E-13
0,207420,6.876162E-13
0,207430,6.868943E-13
0,207440,6.861732E-13
0,207450,6.854528E-13
0,207460,6.8473314E-13
0,207470,6.8401426E-13
0,207480,6.832962E-13
0,207490,6.8257883E-13
0,207500,6.8186223E-13
0,207510,6.8114633E-13
0,207520,6.8043124E-13
0,207530,6.797169E-13
0,207540,6.790033E-13
0,207550,6.7829043E-13
0,207560,6.7757833E-13
0,207570,6.76867E-13
0,207580,6.761564E-13
0,207590,6.754465E-13
0,207600,6.747374E-13
0,207610,6.7402903E-13
0,207620,6.7332137E-13
0,207630,6.726145E-13
0,207640,6.7190833E-13
0,207650,6.7120295E-13
0,207660,6.7049827E-13
0,207670,6.6979435E-13
0,207680,6.690912E-13
0,207690,6.6838874E-13
0,207700,6.6768704E-13
0,207710,6.6698605E-13
0,207720,6.662858E-13
0,207730,6.6558635E-13
0,207740,6.648876E-13
0,207750,6.641895E-13
0,207760,6.634922E-13
0,207770,6.6279566E-13
0,207780,6.620998E-13
0,207790,6.6140474E-13
0,207800,6.6071036E-13
0,207810,6.600167E-13
0,207820,6.593238E-13
0,207830,6.5863157E-13
0,207840,6.579401E-13
0,207850,6.572494E-13
0,207860,6.565594E-13
0,207870,6.5587005E-13
0,207880,6.5518153E-13
0,207890,6.5449366E-13
0,207900,6.5380654E-13
0,207910,6.5312014E-13
0,207920,6.524345E-13
0,207930,6.517495E-13
0,207940,6.5106525E-13
0,207950,6.5038177E-13
0,207960,6.4969894E-13
0,207970,6.4901686E-13
0,207980,6.483355E-13
0,207990,6.4765484E-13
0,208000,6.469749E-13
0,208010,6.462957E-13
0,208020,6.4561713E-13
0,208030,6.4493934E-13
0,208040,6.4426226E-13
0,208050,6.435859E-13
0,208060,6.429102E-13
0,208070,6.4223523E-13
0,208080,6.41561E-13
0,208090,6.4088746E-13
0,208100,6.402146E-13
0,208110,6.395425E-13
0,208120,6.3887106E-13
0,208130,6.382003E-13
0,208140,6.3753034E-13
0,208150,6.36861E-13
0,208160,6.3619243E-13
0,208170,6.355245E-13
0,208180,6.348573E-13
0,208190,6.341908E-13
0,208200,6.3352497E-13
0,208210,6.3285987E-13
0,208220,6.3219547E-13
0,208230,6.315318E-13
0,208240,6.3086873E-13
0,208250,6.3020644E-13
0,208260,6.295448E-13
0,208270,6.288839E-13
0,208280,6.2822366E-13
0,208290,6.275641E-13
0,208300,6.2690527E-13
0,208310,6.262471E-13
0,208320,6.2558964E-13
0,208330,6.2493283E-13
0,208340,6.242768E-13
0,208350,6.236214E-13
0,208360,6.2296663E-13
0,208370,6.2231264E-13
0,208380,6.216593E-13
0,208390,6.2100666E-13
0,208400,6.203547E-13
0,208410,6.197034E-13
0,208420,6.190528E-13
0,208430,6.184029E-13
0,208440,6.177537E-13
0,208450,6.171051E-13
0,208460,6.1645724E-13
0,208470,6.158101E-13
0,208480,6.151636E-13
0,208490,6.145177E-13
0,208500,6.1387256E-13
0,208510,6.132281E-13
0,208520,6.125843E-13
0,208530,6.1194116E-13
0,208540,6.112987E-13
0,208550,6.10657E-13
0,208560,6.1001584E-13
0,208570,6.0937545E-13
0,208580,6.0873566E-13
0,208590,6.080966E-13
0,208600,6.074582E-13
0,208610,6.068204E-13
0,208620,6.061834E-13
0,208630,6.0554697E-13
0,208640,6.0491125E-13
0,208650,6.042762E-13
0,208660,6.0364176E-13
0,208670,6.0300804E-13
0,208680,6.02375E-13
0,208690,6.0174256E-13
0,208700,6.0111085E-13
0,208710,6.0047974E-13
0,208720,5.998493E-13
0,208730,5.9921957E-13
0,208740,5.985905E-13
0,208750,5.9796206E-13
0,208760,5.973343E-13
0,208770,5.967072E-13
0,208780,5.9608075E-13
0,208790,5.9545495E-13
0,208800,5.948298E-13
0,208810,5.942053E-13
0,208820,5.935815E-13
0,208830,5.929583E-13
0,208840,5.923358E-13
0,208850,5.917139E-13
0,208860,5.910927E-13
0,208870,5.9047217E-13
0,208880,5.898523E-13
0,208890,5.89233E-13
0,208900,5.886144E-13
0,208910,5.8799645E-13
0,208920,5.873791E-13
0,208930,5.8676246E-13
0,208940,5.861465E-13
0,208950,5.855311E-13
0,208960,5.8491634E-13
0,208970,5.843023E-13
0,208980,5.8368886E-13
0,208990,5.8307607E-13
0,209000,5.8246393E-13
0,209010,5.8185244E-13
0,209020,5.8124154E-13
0,209030,5.8063135E-13
0,209040,5.8002176E-13
0,209050,5.794129E-13
0,209060,5.7880453E-13
0,209070,5.781969E-13
0,209080,5.7758984E-13
0,209090,5.769835E-13
0,209100,5.7637776E-13
0,209110,5.757726E-13
0,209120,5.7516817E-13
0,209130,5.745643E-13
0,209140,5.739611E-13
0,209150,5.733585E-13
0,209160,5.727566E-13
0,209170,5.721553E-13
0,209180,5.7155463E-13
0,209190,5.709546E-13
0,209200,5.703551E-13
0,209210,5.697564E-13
0,209220,5.691582E-13
0,209230,5.6856066E-13
0,209240,5.6796375E-13
0,209250,5.673675E-13
0,209260,5.6677184E-13
0,209270,5.661768E-13
0,209280,5.655824E-13
0,209290,5.6498865E-13
0,209300,5.643955E-13
0,209310,5.6380296E-13
0,209320,5.6321104E-13
0,209330,5.626197E-13
0,209340,5.620291E-13
0,209350,5.61439E-13
0,209360,5.608496E-13
0,209370,5.6026077E-13
0,209380,5.596726E-13
0,209390,5.59085E-13
0,209400,5.5849807E-13
0,209410,5.5791174E-13
0,209420,5.57326E-13
0,209430,5.567409E-13
0,209440,5.561564E-13
0,209450,5.555725E-13
0,209460,5.5498927E-13
0,209470,5.544066E-13
0,209480,5.5382456E-13
0,209490,5.532431E-13
0,209500,5.526623E-13
0,209510,5.520821E-13
0,209520,5.515025E-13
0,209530,5.509235E-13
0,209540,5.503451E-13
0,209550,5.497673E-13
0,209560,5.4919014E-13
0,209570,5.4861356E-13
0,209580,5.4803764E-13
0,209590,5.4746225E-13
0,209600,5.468875E-13
0,209610,5.463134E-13
0,209620,5.4573983E-13
0,209630,5.451669E-13
0,209640,5.4459453E-13
0,209650,5.440228E-13
0,209660,5.434516E-13
0,209670,5.428811E-13
0,209680,5.4231115E-13
0,209690,5.417418E-13
0,209700,5.4117306E-13
0,209710,5.406049E-13
0,209720,5.4003736E-13
0,209730,5.394704E-13
0,209740,5.3890405E-13
0,209750,5.3833825E-13
0,209760,5.3777306E-13
0,209770,5.372085E-13
0,209780,5.366445E-13
0,209790,5.360811E-13
0,209800,5.355183E-13
0,209810,5.349561E-13
0,209820,5.3439447E-13
0,209830,5.3383345E-13
0,209840,5.3327297E-13
0,209850,5.3271314E-13
0,209860,5.3215386E-13
0,209870,5.3159517E-13
0,209880,5.310371E-13
0,209890,5.304796E-13
0,209900,5.299227E-13
0,209910,5.293663E-13
0,209920,5.2881056E-13
0,209930,5.282554E-13
0,209940,5.277008E-13
0,209950,5.271468E-13
0,209960,5.2659336E-13
0,209970,5.2604053E-13
0,209980,5.2548824E-13
0,209990,5.249366E-13
0,210000,5.243855E-13
0,210010,5.2383494E-13
0,210020,5.23285E-13
0,210030,5.227356E-13
0,210040,5.2218684E-13
0,210050,5.216386E-13
0,210060,5.21091E-13
0,210070,5.205439E-13
0,210080,5.199974E-13
0,210090,5.194515E-13
0,210100,5.1890615E-13
0,210110,5.1836134E-13
0,210120,5.178172E-13
0,210130,5.1727356E-13
0,210140,5.167305E-13
0,210150,5.16188E-13
0,210160,5.1564607E-13
0,210170,5.151047E-13
0,210180,5.145639E-13
0,210190,5.140237E-13
0,210200,5.1348406E-13
0,210210,5.12945E-13
0,210220,5.1240647E-13
0,210230,5.1186854E-13
0,210240,5.1133116E-13
0,210250,5.107943E-13
0,210260,5.1025807E-13
0,210270,5.0972236E-13
0,210280,5.091872E-13
0,210290,5.0865264E-13
0,210300,5.0811867E-13
0,210310,5.075852E-13
0,210320,5.070523E-13
0,210330,5.0651996E-13
0,210340,5.059882E-13
0,210350,5.05457E-13
0,210360,5.0492634E-13
0,210370,5.043963E-13
0,210380,5.038667E-13
0,210390,5.033377E-13
0,210400,5.028093E-13
0,210410,5.0228143E-13
0,210420,5.017541E-13
0,210430,5.012273E-13
0,210440,5.007011E-13
0,210450,5.001755E-13
0,210460,4.9965034E-13
0,210470,4.991258E-13
0,210480,4.9860176E-13
0,210490,4.980783E-13
0,210500,4.975554E-13
0,210510,4.97033E-13
0,210520,4.9651125E-13
0,210530,4.9598997E-13
0,210540,4.954693E-13
0,210550,4.949491E-13
0,210560,4.944295E-13
0,210570,4.939104E-13
0,210580,4.9339184E-13
0,210590,4.9287386E-13
0,210600,4.923564E-13
0,210610,4.9183953E-13
0,210620,4.913232E-13
0,210630,4.908074E-13
0,210640,4.902921E-13
0,210650,4.897773E-13
0,210660,4.8926314E-13
0,210670,4.887495E-13
0,210680,4.882364E-13
0,210690,4.877238E-13
0,210700,4.872118E-13
0,210710,4.8670025E-13
0,210720,4.861893E-13
0,210730,4.856789E-13
0,210740,4.85169E-13
0,210750,4.846596E-13
0,210760,4.841508E-13
0,210770,4.8364253E-13
0,210780,4.831348E-13
0,210790,4.8262756E-13
0,210800,4.8212085E-13
0,210810,4.816147E-13
0,210820,4.811091E-13
0,210830,4.80604E-13
0,210840,4.8009947E-13
0,210850,4.795954E-13
0,210860,4.790919E-13
0,210870,4.7858896E-13
0,210880,4.780865E-13
0,210890,4.7758455E-13
0,210900,4.7708316E-13
0,210910,4.765823E-13
0,210920,4.7608196E-13
0,210930,4.7558214E-13
0,210940,4.7508286E-13
0,210950,4.745841E-13
0,210960,4.7408583E-13
0,210970,4.7358813E-13
0,210980,4.730909E-13
0,210990,4.7259424E-13
0,211000,4.720981E-13
0,211010,4.7160247E-13
0,211020,4.7110737E-13
0,211030,4.7061275E-13
0,211040,4.701187E-13
0,211050,4.6962515E-13
0,211060,4.691321E-13
0,211070,4.686396E-13
0,211080,4.681476E-13
0,211090,4.6765613E-13
0,211100,4.6716515E-13
0,211110,4.6667466E-13
0,211120,4.6618476E-13
0,211130,4.656953E-13
0,211140,4.6520643E-13
0,211150,4.64718E-13
0,211160,4.642301E-13
0,211170,4.6374276E-13
0,211180,4.632559E-13
0,211190,4.627695E-13
0,211200,4.622837E-13
0,211210,4.6179835E-13
0,211220,4.6131355E-13
0,211230,4.6082924E-13
0,211240,4.6034547E-13
0,211250,4.5986213E-13
0,211260,4.593794E-13
0,211270,4.588971E-13
0,211280,4.584153E-13
0,211290,4.5793404E-13
0,211300,4.574533E-13
0,211310,4.56973E-13
0,211320,4.5649324E-13
0,211330,4.56014E-13
0,211340,4.555353E-13
0,211350,4.55057E-13
0,211360,4.5457927E-13
0,211370,4.5410203E-13
0,211380,4.536253E-13
0,211390,4.5314907E-13
0,211400,4.5267333E-13
0,211410,4.521981E-13
0,211420,4.5172335E-13
0,211430,4.512491E-13
0,211440,4.5077535E-13
0,211450,4.5030212E-13
0,211460,4.4982936E-13
0,211470,4.493571E-13
0,211480,4.4888534E-13
0,211490,4.484141E-13
0,211500,4.4794333E-13
0,211510,4.4747306E-13
0,211520,4.4700327E-13
0,211530,4.4653398E-13
0,211540,4.460652E-13
0,211550,4.4559687E-13
0,211560,4.4512907E-13
0,211570,4.4466175E-13
0,211580,4.4419492E-13
0,211590,4.4372858E-13
0,211600,4.4326275E-13
0,211610,4.4279738E-13
0,211620,4.423325E-13
0,211630,4.4186814E-13
0,211640,4.4140424E-13
0,211650,4.4094082E-13
0,211660,4.404779E-13
0,211670,4.4001546E-13
0,211680,4.395535E-13
0,211690,4.3909204E-13
0,211700,4.3863107E-13
0,211710,4.3817058E-13
0,211720,4.3771055E-13
0,211730,4.37251E-13
0,211740,4.36792E-13
0,211750,4.3633342E-13
0,211760,4.3587532E-13
0,211770,4.3541773E-13
0,211780,4.349606E-13
0,211790,4.3450394E-13
0,211800,4.340478E-13
0,211810,4.335921E-13
0,211820,4.331369E-13
0,211830,4.3268216E-13
0,211840,4.322279E-13
0,211850,4.3177414E-13
0,211860,4.3132086E-13
0,211870,4.3086801E-13
0,211880,4.3041569E-13
0,211890,4.299638E-13
0,211900,4.295124E-13
0,211910,4.290615E-13
0,211920,4.2861103E-13
0,211930,4.2816106E-13
0,211940,4.2771155E-13
0,211950,4.272625E-13
0,211960,4.2681394E-13
0,211970,4.2636587E-13
0,211980,4.2591825E-13
0,211990,4.254711E-13
0,212000,4.250244E-13
0,212010,4.245782E-13
0,212020,4.2413246E-13
0,212030,4.2368718E-13
0,212040,4.2324236E-13
0,212050,4.2279803E-13
0,212060,4.2235415E-13
0,212070,4.2191074E-13
0,212080,4.214678E-13
0,212090,4.2102533E-13
0,212100,4.205833E-13
0,212110,4.2014176E-13
0,212120,4.1970068E-13
0,212130,4.1926006E-13
0,212140,4.188199E-13
0,212150,4.183802E-13
0,212160,4.1794096E-13
0,212170,4.175022E-13
0,212180,4.1706387E-13
0,212190,4.1662602E-13
0,212200,4.1618862E-13
0,212210,4.157517E-13
0,212220,4.153152E-13
0,212230,4.1487918E-13
0,212240,4.1444363E-13
0,212250,4.140085E-13
0,212260,4.1357388E-13
0,212270,4.1313968E-13
0,212280,4.1270595E-13
0,212290,4.1227267E-13
0,212300,4.1183983E-13
0,212310,4.1140748E-13
0,212320,4.1097556E-13
0,212330,4.1054408E-13
0,212340,4.1011308E-13
0,212350,4.0968251E-13
0,212360,4.092524E-13
0,212370,4.0882277E-13
0,212380,4.0839356E-13
0,212390,4.079648E-13
0,212400,4.075365E-13
0,212410,4.0710865E-13
0,212420,4.0668125E-13
0,212430,4.062543E-13
0,212440,4.058278E-13
0,212450,4.0540173E-13
0,212460,4.0497613E-13
0,212470,4.0455096E-13
0,212480,4.0412625E-13
0,212490,4.0370197E-13
0,212500,4.0327813E-13
0,212510,4.0285475E-13
0,212520,4.0243183E-13
0,212530,4.0200932E-13
0,212540,4.0158726E-13
0,212550,4.0116567E-13
0,212560,4.0074451E-13
0,212570,4.003238E-13
0,212580,3.999035E-13
0,212590,3.9948367E-13
0,212600,3.9906427E-13
0,212610,3.986453E-13
0,212620,3.9822678E-13
0,212630,3.978087E-13
0,212640,3.9739108E-13
0,212650,3.9697388E-13
0,212660,3.965571E-13
0,212670,3.9614078E-13
0,212680,3.957249E-13
0,212690,3.9530944E-13
0,212700,3.9489443E-13
0,212710,3.9447986E-13
0,212720,3.940657E-13
0,212730,3.93652E-13
0,212740,3.9323872E-13
0,212750,3.9282588E-13
0,212760,3.9241345E-13
0,212770,3.9200148E-13
0,212780,3.9158995E-13
0,212790,3.9117884E-13
0,212800,3.9076815E-13
0,212810,3.903579E-13
0,212820,3.8994808E-13
0,212830,3.8953872E-13
0,212840,3.8912975E-13
0,212850,3.887212E-13
0,212860,3.883131E-13
0,212870,3.8790545E-13
0,212880,3.874982E-13
0,212890,3.870914E-13
0,212900,3.86685E-13
0,212910,3.8627904E-13
0,212920,3.858735E-13
0,212930,3.8546838E-13
0,212940,3.850637E-13
0,212950,3.8465945E-13
0,212960,3.8425562E-13
0,212970,3.838522E-13
0,212980,3.834492E-13
0,212990,3.8304665E-13
0,213000,3.8264452E-13
0,213010,3.822428E-13
0,213020,3.818415E-13
0,213030,3.8144062E-13
0,213040,3.8104014E-13
0,213050,3.8064013E-13
0,213060,3.8024052E-13
0,213070,3.7984131E-13
0,213080,3.7944254E-13
0,213090,3.7904418E-13
0,213100,3.7864622E-13
0,213110,3.782487E-13
0,213120,3.778516E-13
0,213130,3.7745493E-13
0,213140,3.7705865E-13
0,213150,3.7666279E-13
0,213160,3.7626735E-13
0,213170,3.7587232E-13
0,213180,3.7547773E-13
0,213190,3.7508354E-13
0,213200,3.7468975E-13
0,213210,3.7429638E-13
0,213220,3.739034E-13
0,213230,3.7351087E-13
0,213240,3.7311875E-13
0,213250,3.7272702E-13
0,213260,3.7233573E-13
0,213270,3.7194483E-13
0,213280,3.7155432E-13
0,213290,3.7116425E-13
0,213300,3.707746E-13
0,213310,3.7038534E-13
0,213320,3.699965E-13
0,213330,3.6960804E-13
0,213340,3.6922E-13
0,213350,3.6883238E-13
0,213360,3.6844516E-13
0,213370,3.6805837E-13
0,213380,3.6767196E-13
0,213390,3.6728595E-13
0,213400,3.6690036E-13
0,213410,3.6651517E-13
0,213420,3.6613038E-13
0,213430,3.65746E-13
0,213440,3.65362E-13
0,213450,3.6497845E-13
0,213460,3.6459526E-13
0,213470,3.6421249E-13
0,213480,3.6383014E-13
0,213490,3.6344818E-13
0,213500,3.630666E-13
0,213510,3.6268544E-13
0,213520,3.6230467E-13
0,213530,3.619243E-13
0,213540,3.6154434E-13
0,213550,3.6116477E-13
0,213560,3.607856E-13
0,213570,3.6040683E-13
0,213580,3.6002844E-13
0,213590,3.5965046E-13
0,213600,3.592729E-13
0,213610,3.5889572E-13
0,213620,3.5851893E-13
0,213630,3.5814252E-13
0,213640,3.5776652E-13
0,213650,3.5739093E-13
0,213660,3.5701574E-13
0,213670,3.566409E-13
0,213680,3.562665E-13
0,213690,3.5589248E-13
0,213700,3.5551884E-13
0,213710,3.551456E-13
0,213720,3.5477274E-13
0,213730,3.544003E-13
0,213740,3.5402822E-13
0,213750,3.5365653E-13
0,213760,3.5328525E-13
0,213770,3.5291437E-13
0,213780,3.5254384E-13
0,213790,3.5217372E-13
0,213800,3.51804E-13
0,213810,3.5143465E-13
0,213820,3.510657E-13
0,213830,3.5069715E-13
0,213840,3.5032895E-13
0,213850,3.4996116E-13
0,213860,3.4959375E-13
0,213870,3.4922672E-13
0,213880,3.488601E-13
0,213890,3.4849386E-13
0,213900,3.48128E-13
0,213910,3.477625E-13
0,213920,3.473974E-13
0,213930,3.4703268E-13
0,213940,3.4666836E-13
0,213950,3.463044E-13
0,213960,3.4594083E-13
0,213970,3.4557765E-13
0,213980,3.4521485E-13
0,213990,3.4485243E-13
0,214000,3.444904E-13
0,214010,3.4412872E-13
0,214020,3.4376744E-13
0,214030,3.4340654E-13
0,214040,3.43046E-13
0,214050,3.4268584E-13
0,214060,3.4232608E-13
0,214070,3.419667E-13
0,214080,3.4160768E-13
0,214090,3.4124906E-13
0,214100,3.4089078E-13
0,214110,3.4053289E-13
0,214120,3.401754E-13
0,214130,3.3981826E-13
0,214140,3.394615E-13
0,214150,3.3910513E-13
0,214160,3.387491E-13
0,214170,3.3839346E-13
0,214180,3.380382E-13
0,214190,3.376833E-13
0,214200,3.373288E-13
0,214210,3.3697464E-13
0,214220,3.3662087E-13
0,214230,3.3626747E-13
0,214240,3.3591446E-13
0,214250,3.355618E-13
0,214260,3.352095E-13
0,214270,3.3485758E-13
0,214280,3.3450602E-13
0,214290,3.3415485E-13
0,214300,3.3380403E-13
0,214310,3.334536E-13
0,214320,3.3310353E-13
0,214330,3.3275382E-13
0,214340,3.3240446E-13
0,214350,3.3205548E-13
0,214360,3.3170688E-13
0,214370,3.3135864E-13
0,214380,3.3101077E-13
0,214390,3.3066326E-13
0,214400,3.303161E-13
0,214410,3.2996931E-13
0,214420,3.2962288E-13
0,214430,3.2927683E-13
0,214440,3.2893116E-13
0,214450,3.2858582E-13
0,214460,3.2824085E-13
0,214470,3.2789627E-13
0,214480,3.27552E-13
0,214490,3.2720812E-13
0,214500,3.2686462E-13
0,214510,3.2652144E-13
0,214520,3.2617865E-13
0,214530,3.258362E-13
0,214540,3.2549413E-13
0,214550,3.2515242E-13
0,214560,3.2481106E-13
0,214570,3.2447005E-13
0,214580,3.241294E-13
0,214590,3.2378912E-13
0,214600,3.234492E-13
0,214610,3.2310962E-13
0,214620,3.227704E-13
0,214630,3.2243153E-13
0,214640,3.2209302E-13
0,214650,3.2175488E-13
0,214660,3.2141707E-13
0,214670,3.2107964E-13
0,214680,3.2074256E-13
0,214690,3.2040584E-13
0,214700,3.2006946E-13
0,214710,3.1973342E-13
0,214720,3.1939775E-13
0,214730,3.1906243E-13
0,214740,3.1872747E-13
0,214750,3.1839285E-13
0,214760,3.180586E-13
0,214770,3.1772466E-13
0,214780,3.173911E-13
0,214790,3.170579E-13
0,214800,3.1672503E-13
0,214810,3.1639253E-13
0,214820,3.1606036E-13
0,214830,3.1572854E-13
0,214840,3.1539707E-13
0,214850,3.1506595E-13
0,214860,3.1473516E-13
0,214870,3.1440475E-13
0,214880,3.1407467E-13
0,214890,3.1374493E-13
0,214900,3.1341555E-13
0,214910,3.1308653E-13
0,214920,3.1275782E-13
0,214930,3.1242947E-13
0,214940,3.1210147E-13
0,214950,3.117738E-13
0,214960,3.1144648E-13
0,214970,3.111195E-13
0,214980,3.107929E-13
0,214990,3.104666E-13
0,215000,3.1014067E-13
0,215010,3.0981505E-13
0,215020,3.094898E-13
0,215030,3.0916488E-13
0,215040,3.088403E-13
0,215050,3.0851607E-13
0,215060,3.0819217E-13
0,215070,3.078686E-13
0,215080,3.075454E-13
0,215090,3.0722254E-13
0,215100,3.0689999E-13
0,215110,3.065778E-13
0,215120,3.0625592E-13
0,215130,3.059344E-13
0,215140,3.0561323E-13
0,215150,3.0529236E-13
0,215160,3.0497187E-13
0,215170,3.0465168E-13
0,215180,3.0433184E-13
0,215190,3.0401235E-13
0,215200,3.0369316E-13
0,215210,3.0337435E-13
0,215220,3.0305584E-13
0,215230,3.0273768E-13
0,215240,3.0241985E-13
0,215250,3.0210236E-13
0,215260,3.0178518E-13
0,215270,3.0146835E-13
0,215280,3.0115187E-13
0,215290,3.0083572E-13
0,215300,3.0051986E-13
0,215310,3.0020436E-13
0,215320,2.998892E-13
0,215330,2.9957436E-13
0,215340,2.9925986E-13
0,215350,2.9894568E-13
0,215360,2.9863183E-13
0,215370,2.983183E-13
0,215380,2.980051E-13
0,215390,2.9769226E-13
0,215400,2.9737972E-13
0,215410,2.9706752E-13
0,215420,2.9675565E-13
0,215430,2.964441E-13
0,215440,2.9613288E-13
0,215450,2.95822E-13
0,215460,2.9551142E-13
0,215470,2.9520117E-13
0,215480,2.9489125E-13
0,215490,2.9458166E-13
0,215500,2.942724E-13
0,215510,2.9396345E-13
0,215520,2.9365483E-13
0,215530,2.9334654E-13
0,215540,2.9303857E-13
0,215550,2.9273093E-13
0,215560,2.9242358E-13
0,215570,2.921166E-13
0,215580,2.9180992E-13
0,215590,2.9150356E-13
0,215600,2.911975E-13
0,215610,2.908918E-13
0,215620,2.905864E-13
0,215630,2.9028134E-13
0,215640,2.899766E-13
0,215650,2.8967215E-13
0,215660,2.8936806E-13
0,215670,2.8906426E-13
0,215680,2.8876077E-13
0,215690,2.8845763E-13
0,215700,2.8815478E-13
0,215710,2.8785226E-13
0,215720,2.8755007E-13
0,215730,2.8724817E-13
0,215740,2.869466E-13
0,215750,2.8664535E-13
0,215760,2.8634443E-13
0,215770,2.860438E-13
0,215780,2.8574352E-13
0,215790,2.8544352E-13
0,215800,2.8514384E-13
0,215810,2.848445E-13
0,215820,2.8454544E-13
0,215830,2.8424672E-13
0,215840,2.839483E-13
0,215850,2.836502E-13
0,215860,2.833524E-13
0,215870,2.830549E-13
0,215880,2.8275776E-13
0,215890,2.824609E-13
0,215900,2.8216437E-13
0,215910,2.8186814E-13
0,215920,2.815722E-13
0,215930,2.812766E-13
0,215940,2.809813E-13
0,215950,2.806863E-13
0,215960,2.8039165E-13
0,215970,2.8009726E-13
0,215980,2.798032E-13
0,215990,2.7950946E-13
0,216000,2.7921602E-13
0,216010,2.7892288E-13
0,216020,2.7863004E-13
0,216030,2.7833752E-13
0,216040,2.7804533E-13
0,216050,2.777534E-13
0,216060,2.774618E-13
0,216070,2.771705E-13
0,216080,2.7687954E-13
0,216090,2.7658884E-13
0,216100,2.7629846E-13
0,216110,2.760084E-13
0,216120,2.7571863E-13
0,216130,2.7542917E-13
0,216140,2.7514002E-13
0,216150,2.7485116E-13
0,216160,2.745626E-13
0,216170,2.7427434E-13
0,216180,2.739864E-13
0,216190,2.7369876E-13
0,216200,2.7341142E-13
0,216210,2.7312438E-13
0,216220,2.7283763E-13
0,216230,2.725512E-13
0,216240,2.7226507E-13
0,216250,2.7197922E-13
0,216260,2.716937E-13
0,216270,2.7140844E-13
0,216280,2.711235E-13
0,216290,2.7083885E-13
0,216300,2.7055452E-13
0,216310,2.702705E-13
0,216320,2.6998675E-13
0,216330,2.6970329E-13
0,216340,2.6942015E-13
0,216350,2.691373E-13
0,216360,2.6885474E-13
0,216370,2.685725E-13
0,216380,2.6829052E-13
0,216390,2.6800887E-13
0,216400,2.677275E-13
0,216410,2.674464E-13
0,216420,2.6716563E-13
0,216430,2.6688515E-13
0,216440,2.6660496E-13
0,216450,2.6632508E-13
0,216460,2.6604546E-13
0,216470,2.6576617E-13
0,216480,2.6548715E-13
0,216490,2.6520843E-13
0,216500,2.6493E-13
0,216510,2.6465185E-13
0,216520,2.64374E-13
0,216530,2.6409644E-13
0,216540,2.6381919E-13
0,216550,2.6354223E-13
0,216560,2.6326554E-13
0,216570,2.6298915E-13
0,216580,2.6271306E-13
0,216590,2.6243723E-13
0,216600,2.6216174E-13
0,216610,2.618865E-13
0,216620,2.6161156E-13
0,216630,2.613369E-13
0,216640,2.6106255E-13
0,216650,2.6078846E-13
0,216660,2.6051467E-13
0,216670,2.6024118E-13
0,216680,2.5996796E-13
0,216690,2.5969502E-13
0,216700,2.594224E-13
0,216710,2.5915004E-13
0,216720,2.5887796E-13
0,216730,2.5860618E-13
0,216740,2.583347E-13
0,216750,2.5806345E-13
0,216760,2.5779254E-13
0,216770,2.575219E-13
0,216780,2.5725155E-13
0,216790,2.5698147E-13
0,216800,2.5671167E-13
0,216810,2.5644217E-13
0,216820,2.5617293E-13
0,216830,2.55904E-13
0,216840,2.5563533E-13
0,216850,2.5536696E-13
0,216860,2.5509887E-13
0,216870,2.5483104E-13
0,216880,2.5456351E-13
0,216890,2.5429626E-13
0,216900,2.5402927E-13
0,216910,2.537626E-13
0,216920,2.5349617E-13
0,216930,2.5323003E-13
0,216940,2.5296418E-13
0,216950,2.526986E-13
0,216960,2.5243333E-13
0,216970,2.521683E-13
0,216980,2.5190356E-13
0,216990,2.516391E-13
0,217000,2.513749E-13
0,217010,2.51111E-13
0,217020,2.5084738E-13
0,217030,2.5058403E-13
0,217040,2.5032095E-13
0,217050,2.5005814E-13
0,217060,2.4979563E-13
0,217070,2.4953339E-13
0,217080,2.4927142E-13
0,217090,2.4900972E-13
0,217100,2.487483E-13
0,217110,2.4848713E-13
0,217120,2.4822627E-13
0,217130,2.4796566E-13
0,217140,2.4770534E-13
0,217150,2.474453E-13
0,217160,2.471855E-13
0,217170,2.46926E-13
0,217180,2.4666675E-13
0,217190,2.464078E-13
0,217200,2.461491E-13
0,217210,2.4589068E-13
0,217220,2.4563253E-13
0,217230,2.4537466E-13
0,217240,2.4511705E-13
0,217250,2.4485972E-13
0,217260,2.4460265E-13
0,217270,2.4434586E-13
0,217280,2.4408934E-13
0,217290,2.4383306E-13
0,217300,2.4357708E-13
0,217310,2.4332137E-13
0,217320,2.430659E-13
0,217330,2.4281074E-13
0,217340,2.425558E-13
0,217350,2.4230116E-13
0,217360,2.4204678E-13
0,217370,2.4179267E-13
0,217380,2.4153883E-13
0,217390,2.4128524E-13
0,217400,2.4103194E-13
0,217410,2.407789E-13
0,217420,2.405261E-13
0,217430,2.402736E-13
0,217440,2.4002133E-13
0,217450,2.3976936E-13
0,217460,2.3951763E-13
0,217470,2.3926615E-13
0,217480,2.3901497E-13
0,217490,2.3876403E-13
0,217500,2.3851336E-13
0,217510,2.3826297E-13
0,217520,2.3801284E-13
0,217530,2.3776296E-13
0,217540,2.3751332E-13
0,217550,2.3726398E-13
0,217560,2.370149E-13
0,217570,2.3676606E-13
0,217580,2.3651748E-13
0,217590,2.3626917E-13
0,217600,2.3602114E-13
0,217610,2.3577334E-13
0,217620,2.3552582E-13
0,217630,2.3527857E-13
0,217640,2.3503156E-13
0,217650,2.347848E-13
0,217660,2.345383E-13
0,217670,2.3429208E-13
0,217680,2.340461E-13
0,217690,2.338004E-13
0,217700,2.3355496E-13
0,217710,2.3330974E-13
0,217720,2.3306482E-13
0,217730,2.328201E-13
0,217740,2.325757E-13
0,217750,2.3233152E-13
0,217760,2.3208762E-13
0,217770,2.3184395E-13
0,217780,2.3160055E-13
0,217790,2.3135741E-13
0,217800,2.3111453E-13
0,217810,2.3087188E-13
0,217820,2.306295E-13
0,217830,2.3038738E-13
0,217840,2.301455E-13
0,217850,2.2990388E-13
0,217860,2.296625E-13
0,217870,2.294214E-13
0,217880,2.2918055E-13
0,217890,2.2893994E-13
0,217900,2.286996E-13
0,217910,2.2845948E-13
0,217920,2.2821965E-13
0,217930,2.2798004E-13
0,217940,2.277407E-13
0,217950,2.275016E-13
0,217960,2.2726276E-13
0,217970,2.2702417E-13
0,217980,2.2678583E-13
0,217990,2.2654774E-13
0,218000,2.263099E-13
0,218010,2.2607231E-13
0,218020,2.2583496E-13
0,218030,2.2559787E-13
0,218040,2.2536103E-13
0,218050,2.2512443E-13
0,218060,2.2488809E-13
0,218070,2.2465199E-13
0,218080,2.2441613E-13
0,218090,2.2418052E-13
0,218100,2.2394517E-13
0,218110,2.2371006E-13
0,218120,2.234752E-13
0,218130,2.2324059E-13
0,218140,2.2300621E-13
0,218150,2.2277209E-13
0,218160,2.2253822E-13
0,218170,2.2230458E-13
0,218180,2.220712E-13
0,218190,2.2183805E-13
0,218200,2.2160516E-13
0,218210,2.2137251E-13
0,218220,2.211401E-13
0,218230,2.2090794E-13
0,218240,2.2067602E-13
0,218250,2.2044434E-13
0,218260,2.202129E-13
0,218270,2.1998171E-13
0,218280,2.1975077E-13
0,218290,2.1952007E-13
0,218300,2.1928959E-13
0,218310,2.1905938E-13
0,218320,2.1882939E-13
0,218330,2.1859966E-13
0,218340,2.1837016E-13
0,218350,2.1814091E-13
0,218360,2.1791188E-13
0,218370,2.1768312E-13
0,218380,2.1745458E-13
0,218390,2.1722629E-13
0,218400,2.1699823E-13
0,218410,2.1677042E-13
0,218420,2.1654283E-13
0,218430,2.163155E-13
0,218440,2.160884E-13
0,218450,2.1586154E-13
0,218460,2.1563492E-13
0,218470,2.1540853E-13
0,218480,2.1518239E-13
0,218490,2.1495647E-13
0,218500,2.1473081E-13
0,218510,2.1450537E-13
0,218520,2.1428017E-13
0,218530,2.1405521E-13
0,218540,2.1383049E-13
0,218550,2.1360599E-13
0,218560,2.1338173E-13
0,218570,2.1315771E-13
0,218580,2.1293393E-13
0,218590,2.1271038E-13
0,218600,2.1248708E-13
0,218610,2.1226399E-13
0,218620,2.1204115E-13
0,218630,2.1181853E-13
0,218640,2.1159616E-13
0,218650,2.1137401E-13
0,218660,2.111521E-13
0,218670,2.1093042E-13
0,218680,2.1070897E-13
0,218690,2.1048777E-13
0,218700,2.1026678E-13
0,218710,2.1004604E-13
0,218720,2.0982552E-13
0,218730,2.0960523E-13
0,218740,2.0938518E-13
0,218750,2.0916535E-13
0,218760,2.0894576E-13
0,218770,2.087264E-13
0,218780,2.0850727E-13
0,218790,2.0828837E-13
0,218800,2.080697E-13
0,218810,2.0785126E-13
0,218820,2.0763304E-13
0,218830,2.0741506E-13
0,218840,2.0719731E-13
0,218850,2.0697978E-13
0,218860,2.0676248E-13
0,218870,2.065454E-13
0,218880,2.0632857E-13
0,218890,2.0611196E-13
0,218900,2.0589556E-13
0,218910,2.0567941E-13
0,218920,2.0546347E-13
0,218930,2.0524777E-13
0,218940,2.050323E-13
0,218950,2.0481704E-13
0,218960,2.0460201E-13
0,218970,2.0438721E-13
0,218980,2.0417263E-13
0,218990,2.0395828E-13
0,219000,2.0374415E-13
0,219010,2.0353025E-13
0,219020,2.0331657E-13
0,219030,2.0310312E-13
0,219040,2.028899E-13
0,219050,2.0267689E-13
0,219060,2.0246412E-13
0,219070,2.0225156E-13
0,219080,2.0203922E-13
0,219090,2.0182711E-13
0,219100,2.0161523E-13
0,219110,2.0140355E-13
0,219120,2.0119212E-13
0,219130,2.0098089E-13
0,219140,2.0076989E-13
0,219150,2.005591E-13
0,219160,2.0034855E-13
0,219170,2.0013822E-13
0,219180,1.999281E-13
0,219190,1.9971821E-13
0,219200,1.9950854E-13
0,219210,1.9929909E-13
0,219220,1.9908985E-13
0,219230,1.9888083E-13
0,219240,1.9867204E-13
0,219250,1.9846347E-13
0,219260,1.9825511E-13
0,219270,1.9804697E-13
0,219280,1.9783905E-13
0,219290,1.9763134E-13
0,219300,1.9742386E-13
0,219310,1.9721659E-13
0,219320,1.9700955E-13
0,219330,1.9680271E-13
0,219340,1.965961E-13
0,219350,1.9638971E-13
0,219360,1.9618352E-13
0,219370,1.9597757E-13
0,219380,1.9577181E-13
0,219390,1.9556629E-13
0,219400,1.9536097E-13
0,219410,1.9515586E-13
0,219420,1.9495099E-13
0,219430,1.9474632E-13
0,219440,1.9454187E-13
0,219450,1.9433762E-13
0,219460,1.941336E-13
0,219470,1.9392978E-13
0,219480,1.9372619E-13
0,219490,1.9352281E-13
0,219500,1.9331963E-13
0,219510,1.9311668E-13
0,219520,1.9291394E-13
0,219530,1.927114E-13
0,219540,1.9250908E-13
0,219550,1.9230699E-13
0,219560,1.9210508E-13
0,219570,1.919034E-13
0,219580,1.9170193E-13
0,219590,1.9150068E-13
0,219600,1.9129963E-13
0,219610,1.9109879E-13
0,219620,1.9089817E-13
0,219630,1.9069775E-13
0,219640,1.9049755E-13
0,219650,1.9029755E-13
0,219660,1.9009777E-13
0,219670,1.898982E-13
0,219680,1.8969883E-13
0,219690,1.8949967E-13
0,219700,1.8930072E-13
0,219710,1.8910199E-13
0,219720,1.8890346E-13
0,219730,1.8870514E-13
0,219740,1.8850703E-13
0,219750,1.8830913E-13
0,219760,1.8811142E-13
0,219770,1.8791393E-13
0,219780,1.8771666E-13
0,219790,1.8751958E-13
0,219800,1.8732272E-13
0,219810,1.8712606E-13
0,219820,1.869296E-13
0,219830,1.8673335E-13
0,219840,1.8653731E-13
0,219850,1.8634148E-13
0,219860,1.8614584E-13
0,219870,1.8595042E-13
0,219880,1.8575519E-13
0,219890,1.8556019E-13
0,219900,1.8536537E-13
0,219910,1.8517077E-13
0,219920,1.8497637E-13
0,219930,1.8478216E-13
0,219940,1.8458817E-13
0,219950,1.8439438E-13
0,219960,1.842008E-13
0,219970,1.8400742E-13
0,219980,1.8381424E-13
0,219990,1.8362125E-13
0,220000,1.8342848E-13
0,220010,1.8323591E-13
0,220020,1.8304354E-13
0,220030,1.8285137E-13
0,220040,1.826594E-13
0,220050,1.8246763E-13
0,220060,1.8227607E-13
0,220070,1.8208471E-13
0,220080,1.8189355E-13
0,220090,1.817026E-13
0,220100,1.8151183E-13
0,220110,1.8132127E-13
0,220120,1.8113091E-13
0,220130,1.8094075E-13
0,220140,1.8075079E-13
0,220150,1.8056102E-13
0,220160,1.8037146E-13
0,220170,1.801821E-13
0,220180,1.7999293E-13
0,220190,1.7980397E-13
0,220200,1.796152E-13
0,220210,1.7942664E-13
0,220220,1.7923826E-13
0,220230,1.790501E-13
0,220240,1.788621E-13
0,220250,1.7867434E-13
0,220260,1.7848676E-13
0,220270,1.7829936E-13
0,220280,1.7811218E-13
0,220290,1.7792519E-13
0,220300,1.777384E-13
0,220310,1.775518E-13
0,220320,1.7736539E-13
0,220330,1.7717918E-13
0,220340,1.7699317E-13
0,220350,1.7680735E-13
0,220360,1.7662174E-13
0,220370,1.7643631E-13
0,220380,1.7625108E-13
0,220390,1.7606604E-13
0,220400,1.758812E-13
0,220410,1.7569655E-13
0,220420,1.755121E-13
0,220430,1.7532784E-13
0,220440,1.7514377E-13
0,220450,1.7495989E-13
0,220460,1.7477621E-13
0,220470,1.7459272E-13
0,220480,1.7440942E-13
0,220490,1.7422632E-13
0,220500,1.7404341E-13
0,220510,1.738607E-13
0,220520,1.7367816E-13
0,220530,1.7349582E-13
0,220540,1.7331367E-13
0,220550,1.7313172E-13
0,220560,1.7294997E-13
0,220570,1.7276839E-13
0,220580,1.7258702E-13
0,220590,1.7240582E-13
0,220600,1.7222482E-13
0,220610,1.72044E-13
0,220620,1.7186339E-13
0,220630,1.7168295E-13
0,220640,1.7150272E-13
0,220650,1.7132266E-13
0,220660,1.711428E-13
0,220670,1.7096312E-13
0,220680,1.7078363E-13
0,220690,1.7060435E-13
0,220700,1.7042524E-13
0,220710,1.7024632E-13
0,220720,1.7006757E-13
0,220730,1.6988903E-13
0,220740,1.6971068E-13
0,220750,1.695325E-13
0,220760,1.6935452E-13
0,220770,1.6917673E-13
0,220780,1.6899912E-13
0,220790,1.6882169E-13
0,220800,1.6864445E-13
0,220810,1.684674E-13
0,220820,1.6829054E-13
0,220830,1.6811385E-13
0,220840,1.6793736E-13
0,220850,1.6776106E-13
0,220860,1.6758493E-13
0,220870,1.6740899E-13
0,220880,1.6723324E-13
0,220890,1.6705767E-13
0,220900,1.6688228E-13
0,220910,1.6670708E-13
0,220920,1.6653206E-13
0,220930,1.6635723E-13
0,220940,1.6618258E-13
0,220950,1.660081E-13
0,220960,1.6583382E-13
0,220970,1.6565972E-13
0,220980,1.654858E-13
0,220990,1.6531207E-13
0,221000,1.6513852E-13
0,221010,1.6496514E-13
0,221020,1.6479195E-13
0,221030,1.6461896E-13
0,221040,1.6444612E-13
0,221050,1.6427349E-13
0,221060,1.6410102E-13
0,221070,1.6392874E-13
0,221080,1.6375664E-13
0,221090,1.6358472E-13
0,221100,1.6341298E-13
0,221110,1.6324142E-13
0,221120,1.6307004E-13
0,221130,1.6289884E-13
0,221140,1.6272782E-13
0,221150,1.6255698E-13
0,221160,1.6238633E-13
0,221170,1.6221584E-13
0,221180,1.6204553E-13
0,221190,1.6187541E-13
0,221200,1.6170546E-13
0,221210,1.615357E-13
0,221220,1.6136612E-13
0,221230,1.611967E-13
0,221240,1.6102747E-13
0,221250,1.6085841E-13
0,221260,1.6068954E-13
0,221270,1.6052083E-13
0,221280,1.6035231E-13
0,221290,1.6018397E-13
0,221300,1.600158E-13
0,221310,1.598478E-13
0,221320,1.5968E-13
0,221330,1.5951235E-13
0,221340,1.5934488E-13
0,221350,1.591776E-13
0,221360,1.5901049E-13
0,221370,1.5884355E-13
0,221380,1.5867678E-13
0,221390,1.585102E-13
0,221400,1.5834378E-13
0,221410,1.5817755E-13
0,221420,1.5801149E-13
0,221430,1.5784559E-13
0,221440,1.5767989E-13
0,221450,1.5751434E-13
0,221460,1.5734897E-13
0,221470,1.5718378E-13
0,221480,1.5701877E-13
0,221490,1.5685391E-13
0,221500,1.5668925E-13
0,221510,1.5652475E-13
0,221520,1.5636041E-13
0,221530,1.5619626E-13
0,221540,1.5603228E-13
0,221550,1.5586847E-13
0,221560,1.5570484E-13
0,221570,1.5554136E-13
0,221580,1.5537807E-13
0,221590,1.5521494E-13
0,221600,1.55052E-13
0,221610,1.548892E-13
0,221620,1.547266E-13
0,221630,1.5456416E-13
0,221640,1.544019E-13
0,221650,1.542398E-13
0,221660,1.5407787E-13
0,221670,1.539161E-13
0,221680,1.5375452E-13
0,221690,1.535931E-13
0,221700,1.5343185E-13
0,221710,1.5327076E-13
0,221720,1.5310985E-13
0,221730,1.529491E-13
0,221740,1.5278853E-13
0,221750,1.5262813E-13
0,221760,1.524679E-13
0,221770,1.5230783E-13
0,221780,1.5214792E-13
0,221790,1.5198819E-13
0,221800,1.5182862E-13
0,221810,1.5166923E-13
0,221820,1.5151E-13
0,221830,1.5135094E-13
0,221840,1.5119205E-13
0,221850,1.5103332E-13
0,221860,1.5087476E-13
0,221870,1.5071635E-13
0,221880,1.5055813E-13
0,221890,1.5040006E-13
0,221900,1.5024216E-13
0,221910,1.5008443E-13
0,221920,1.4992686E-13
0,221930,1.4976947E-13
0,221940,1.4961223E-13
0,221950,1.4945516E-13
0,221960,1.4929826E-13
0,221970,1.4914151E-13
0,221980,1.4898494E-13
0,221990,1.4882853E-13
0,222000,1.4867228E-13
0,222010,1.485162E-13
0,222020,1.4836027E-13
0,222030,1.4820451E-13
0,222040,1.4804892E-13
0,222050,1.478935E-13
0,222060,1.4773823E-13
0,222070,1.4758313E-13
0,222080,1.4742819E-13
0,222090,1.472734E-13
0,222100,1.471188E-13
0,222110,1.4696434E-13
0,222120,1.4681005E-13
0,222130,1.4665592E-13
0,222140,1.4650195E-13
0,222150,1.4634814E-13
0,222160,1.461945E-13
0,222170,1.4604102E-13
0,222180,1.458877E-13
0,222190,1.4573454E-13
0,222200,1.4558154E-13
0,222210,1.454287E-13
0,222220,1.4527603E-13
0,222230,1.4512351E-13
0,222240,1.4497115E-13
0,222250,1.4481896E-13
0,222260,1.4466691E-13
0,222270,1.4451503E-13
0,222280,1.4436331E-13
0,222290,1.4421175E-13
0,222300,1.4406036E-13
0,222310,1.4390911E-13
0,222320,1.4375803E-13
0,222330,1.436071E-13
0,222340,1.4345633E-13
0,222350,1.4330574E-13
0,222360,1.4315528E-13
0,222370,1.4300499E-13
0,222380,1.4285486E-13
0,222390,1.4270489E-13
0,222400,1.4255506E-13
0,222410,1.424054E-13
0,222420,1.4225589E-13
0,222430,1.4210655E-13
0,222440,1.4195736E-13
0,222450,1.4180832E-13
0,222460,1.4165944E-13
0,222470,1.4151072E-13
0,222480,1.4136216E-13
0,222490,1.4121376E-13
0,222500,1.4106549E-13
0,222510,1.409174E-13
0,222520,1.4076945E-13
0,222530,1.4062167E-13
0,222540,1.4047403E-13
0,222550,1.4032657E-13
0,222560,1.4017924E-13
0,222570,1.4003207E-13
0,222580,1.3988505E-13
0,222590,1.397382E-13
0,222600,1.3959149E-13
0,222610,1.3944495E-13
0,222620,1.3929855E-13
0,222630,1.3915231E-13
0,222640,1.3900621E-13
0,222650,1.3886028E-13
0,222660,1.3871449E-13
0,222670,1.3856887E-13
0,222680,1.384234E-13
0,222690,1.3827807E-13
0,222700,1.381329E-13
0,222710,1.3798787E-13
0,222720,1.3784301E-13
0,222730,1.376983E-13
0,222740,1.3755373E-13
0,222750,1.3740932E-13
0,222760,1.3726506E-13
0,222770,1.3712096E-13
0,222780,1.36977E-13
0,222790,1.368332E-13
0,222800,1.3668954E-13
0,222810,1.3654603E-13
0,222820,1.3640269E-13
0,222830,1.3625948E-13
0,222840,1.3611643E-13
0,222850,1.3597353E-13
0,222860,1.3583077E-13
0,222870,1.3568817E-13
0,222880,1.3554572E-13
0,222890,1.3540342E-13
0,222900,1.3526127E-13
0,222910,1.3511926E-13
0,222920,1.3497741E-13
0,222930,1.348357E-13
0,222940,1.3469414E-13
0,222950,1.3455273E-13
0,222960,1.3441147E-13
0,222970,1.3427036E-13
0,222980,1.341294E-13
0,222990,1.3398858E-13
0,223000,1.3384792E-13
0,223010,1.3370739E-13
0,223020,1.3356703E-13
0,223030,1.334268E-13
0,223040,1.3328672E-13
0,223050,1.3314679E-13
0,223060,1.33007E-13
0,223070,1.3286736E-13
0,223080,1.3272787E-13
0,223090,1.3258853E-13
0,223100,1.3244934E-13
0,223110,1.3231027E-13
0,223120,1.3217137E-13
0,223130,1.3203261E-13
0,223140,1.31894E-13
0,223150,1.3175553E-13
0,223160,1.3161721E-13
0,223170,1.3147903E-13
0,223180,1.31341E-13
0,223190,1.312031E-13
0,223200,1.3106537E-13
0,223210,1.3092777E-13
0,223220,1.307903E-13
0,223230,1.30653E-13
0,223240,1.3051582E-13
0,223250,1.3037881E-13
0,223260,1.3024193E-13
0,223270,1.301052E-13
0,223280,1.299686E-13
0,223290,1.2983215E-13
0,223300,1.2969586E-13
0,223310,1.2955969E-13
0,223320,1.2942368E-13
0,223330,1.292878E-13
0,223340,1.2915206E-13
0,223350,1.2901648E-13
0,223360,1.2888102E-13
0,223370,1.2874571E-13
0,223380,1.2861056E-13
0,223390,1.2847553E-13
0,223400,1.2834066E-13
0,223410,1.2820592E-13
0,223420,1.2807131E-13
0,223430,1.2793686E-13
0,223440,1.2780255E-13
0,223450,1.2766837E-13
0,223460,1.2753435E-13
0,223470,1.2740045E-13
0,223480,1.272667E-13
0,223490,1.2713309E-13
0,223500,1.2699962E-13
0,223510,1.2686629E-13
0,223520,1.267331E-13
0,223530,1.2660004E-13
0,223540,1.2646713E-13
0,223550,1.2633437E-13
0,223560,1.2620173E-13
0,223570,1.2606924E-13
0,223580,1.2593689E-13
0,223590,1.2580467E-13
0,223600,1.256726E-13
0,223610,1.2554065E-13
0,223620,1.2540885E-13
0,223630,1.252772E-13
0,223640,1.2514568E-13
0,223650,1.2501428E-13
0,223660,1.2488304E-13
0,223670,1.2475193E-13
0,223680,1.2462096E-13
0,223690,1.2449013E-13
0,223700,1.2435944E-13
0,223710,1.2422887E-13
0,223720,1.2409846E-13
0,223730,1.2396816E-13
0,223740,1.2383802E-13
0,223750,1.2370801E-13
0,223760,1.2357814E-13
0,223770,1.234484E-13
0,223780,1.233188E-13
0,223790,1.2318933E-13
0,223800,1.2306E-13
0,223810,1.229308E-13
0,223820,1.2280174E-13
0,223830,1.2267281E-13
0,223840,1.2254402E-13
0,223850,1.2241538E-13
0,223860,1.2228686E-13
0,223870,1.2215848E-13
0,223880,1.2203023E-13
0,223890,1.2190211E-13
0,223900,1.2177413E-13
0,223910,1.2164629E-13
0,223920,1.2151859E-13
0,223930,1.21391E-13
0,223940,1.2126357E-13
0,223950,1.2113626E-13
0,223960,1.2100908E-13
0,223970,1.2088204E-13
0,223980,1.2075513E-13
0,223990,1.2062836E-13
0,224000,1.2050171E-13
0,224010,1.203752E-13
0,224020,1.2024882E-13
0,224030,1.2012258E-13
0,224040,1.1999647E-13
0,224050,1.1987049E-13
0,224060,1.1974465E-13
0,224070,1.1961893E-13
0,224080,1.1949335E-13
0,224090,1.1936791E-13
0,224100,1.1924259E-13
0,224110,1.191174E-13
0,224120,1.1899234E-13
0,224130,1.1886741E-13
0,224140,1.1874262E-13
0,224150,1.1861797E-13
0,224160,1.1849343E-13
0,224170,1.1836903E-13
0,224180,1.1824476E-13
0,224190,1.1812061E-13
0,224200,1.1799661E-13
0,224210,1.1787274E-13
0,224220,1.1774899E-13
0,224230,1.1762536E-13
0,224240,1.1750187E-13
0,224250,1.1737852E-13
0,224260,1.1725529E-13
0,224270,1.1713219E-13
0,224280,1.1700921E-13
0,224290,1.1688637E-13
0,224300,1.1676365E-13
0,224310,1.1664107E-13
0,224320,1.1651862E-13
0,224330,1.1639629E-13
0,224340,1.162741E-13
0,224350,1.1615203E-13
0,224360,1.1603008E-13
0,224370,1.1590827E-13
0,224380,1.1578658E-13
0,224390,1.1566502E-13
0,224400,1.1554359E-13
0,224410,1.1542229E-13
0,224420,1.153011E-13
0,224430,1.1518007E-13
0,224440,1.1505914E-13
0,224450,1.1493835E-13
0,224460,1.1481767E-13
0,224470,1.1469714E-13
0,224480,1.1457672E-13
0,224490,1.1445643E-13
0,224500,1.1433627E-13
0,224510,1.1421624E-13
0,224520,1.1409633E-13
0,224530,1.1397654E-13
0,224540,1.1385688E-13
0,224550,1.1373735E-13
0,224560,1.13617943E-13
0,224570,1.1349866E-13
0,224580,1.1337951E-13
0,224590,1.13260475E-13
0,224600,1.13141565E-13
0,224610,1.13022784E-13
0,224620,1.12904125E-13
0,224630,1.12785595E-13
0,224640,1.12667186E-13
0,224650,1.12548907E-13
0,224660,1.1243074E-13
0,224670,1.12312706E-13
0,224680,1.1219479E-13
0,224690,1.1207701E-13
0,224700,1.11959345E-13
0,224710,1.11841803E-13
0,224720,1.11724384E-13
0,224730,1.11607094E-13
0,224740,1.1148992E-13
0,224750,1.1137287E-13
0,224760,1.1125595E-13
0,224770,1.11139146E-13
0,224780,1.11022465E-13
0,224790,1.1090591E-13
0,224800,1.1078948E-13
0,224810,1.1067316E-13
0,224820,1.10556976E-13
0,224830,1.10440906E-13
0,224840,1.1032496E-13
0,224850,1.1020913E-13
0,224860,1.1009343E-13
0,224870,1.0997785E-13
0,224880,1.0986239E-13
0,224890,1.0974705E-13
0,224900,1.09631834E-13
0,224910,1.0951673E-13
0,224920,1.0940176E-13
0,224930,1.092869E-13
0,224940,1.09172166E-13
0,224950,1.0905755E-13
0,224960,1.0894306E-13
0,224970,1.08828684E-13
0,224980,1.0871443E-13
0,224990,1.08600296E-13
0,225000,1.08486286E-13
0,225010,1.0837239E-13
0,225020,1.0825862E-13
0,225030,1.0814496E-13
0,225040,1.0803142E-13
0,225050,1.0791801E-13
0,225060,1.0780471E-13
0,225070,1.0769153E-13
0,225080,1.0757847E-13
0,225090,1.0746553E-13
0,225100,1.07352705E-13
0,225110,1.0724E-13
0,225120,1.07127415E-13
0,225130,1.0701495E-13
0,225140,1.069026E-13
0,225150,1.0679036E-13
0,225160,1.0667825E-13
0,225170,1.0656625E-13
0,225180,1.06454376E-13
0,225190,1.06342615E-13
0,225200,1.0623097E-13
0,225210,1.06119445E-13
0,225220,1.0600804E-13
0,225230,1.05896743E-13
0,225240,1.05785565E-13
0,225250,1.0567451E-13
0,225260,1.0556357E-13
0,225270,1.05452736E-13
0,225280,1.0534203E-13
0,225290,1.05231436E-13
0,225300,1.05120956E-13
0,225310,1.050106E-13
0,225320,1.04900355E-13
0,225330,1.0479022E-13
0,225340,1.0468021E-13
0,225350,1.0457031E-13
0,225360,1.0446053E-13
0,225370,1.0435086E-13
0,225380,1.0424131E-13
0,225390,1.04131866E-13
0,225400,1.04022544E-13
0,225410,1.0391334E-13
0,225420,1.0380425E-13
0,225430,1.03695264E-13
0,225440,1.035864E-13
0,225450,1.0347765E-13
0,225460,1.03369014E-13
0,225470,1.0326049E-13
0,225480,1.03152086E-13
0,225490,1.0304379E-13
0,225500,1.0293561E-13
0,225510,1.0282754E-13
0,225520,1.0271959E-13
0,225530,1.02611746E-13
0,225540,1.02504024E-13
0,225550,1.0239641E-13
0,225560,1.02288905E-13
0,225570,1.02181515E-13
0,225580,1.0207424E-13
0,225590,1.0196708E-13
0,225600,1.0186003E-13
0,225610,1.0175309E-13
0,225620,1.01646264E-13
0,225630,1.0153955E-13
0,225640,1.0143295E-13
0,225650,1.0132646E-13
0,225660,1.01220085E-13
0,225670,1.0111382E-13
0,225680,1.0100766E-13
0,225690,1.0090162E-13
0,225700,1.0079569E-13
0,225710,1.0068987E-13
0,225720,1.0058416E-13
0,225730,1.00478565E-13
0,225740,1.0037307E-13
0,225750,1.00267695E-13
0,225760,1.0016243E-13
0,225770,1.0005728E-13
0,225780,9.995223E-14
0,225790,9.9847295E-14
0,225800,9.974247E-14
0,225810,9.963775E-14
0,225820,9.953315E-14
0,225830,9.942866E-14
0,225840,9.932427E-14
0,225850,9.9219996E-14
0,225860,9.911583E-14
0,225870,9.901177E-14
0,225880,9.890782E-14
0,225890,9.880399E-14
0,225900,9.870026E-14
0,225910,9.8596634E-14
0,225920,9.849313E-14
0,225930,9.838972E-14
0,225940,9.8286423E-14
0,225950,9.818324E-14
0,225960,9.808016E-14
0,225970,9.7977195E-14
0,225980,9.787433E-14
0,225990,9.7771577E-14
0,226000,9.766893E-14
0,226010,9.756639E-14
0,226020,9.746397E-14
0,226030,9.736164E-14
0,226040,9.7259427E-14
0,226050,9.715732E-14
0,226060,9.705532E-14
0,226070,9.6953424E-14
0,226080,9.685164E-14
0,226090,9.674996E-14
0,226100,9.6648384E-14
0,226110,9.6546916E-14
0,226120,9.644556E-14
0,226130,9.6344306E-14
0,226140,9.6243156E-14
0,226150,9.6142116E-14
0,226160,9.604118E-14
0,226170,9.594035E-14
0,226180,9.583963E-14
0,226190,9.5739016E-14
0,226200,9.5638504E-14
0,226210,9.55381E-14
0,226220,9.54378E-14
0,226230,9.53376E-14
0,226240,9.523751E-14
0,226250,9.513752E-14
0,226260,9.5037646E-14
0,226270,9.493787E-14
0,226280,9.48382E-14
0,226290,9.473863E-14
0,226300,9.463917E-14
0,226310,9.4539814E-14
0,226320,9.444056E-14
0,226330,9.434141E-14
0,226340,9.424237E-14
0,226350,9.414343E-14
0,226360,9.404459E-14
0,226370,9.394586E-14
0,226380,9.384723E-14
0,226390,9.3748705E-14
0,226400,9.365028E-14
0,226410,9.355196E-14
0,226420,9.345375E-14
0,226430,9.3355635E-14
0,226440,9.325762E-14
0,226450,9.315972E-14
0,226460,9.306192E-14
0,226470,9.296421E-14
0,226480,9.286661E-14
0,226490,9.276912E-14
0,226500,9.267173E-14
0,226510,9.257443E-14
0,226520,9.247725E-14
0,226530,9.238016E-14
0,226540,9.228317E-14
0,226550,9.218629E-14
0,226560,9.20895E-14
0,226570,9.1992826E-14
0,226580,9.1896244E-14
0,226590,9.179977E-14
0,226600,9.170339E-14
0,226610,9.160712E-14
0,226620,9.1510946E-14
0,226630,9.141487E-14
0,226640,9.13189E-14
0,226650,9.122303E-14
0,226660,9.112726E-14
0,226670,9.1031586E-14
0,226680,9.093602E-14
0,226690,9.084055E-14
0,226700,9.074518E-14
0,226710,9.064991E-14
0,226720,9.055474E-14
0,226730,9.0459676E-14
0,226740,9.036471E-14
0,226750,9.026984E-14
0,226760,9.0175067E-14
0,226770,9.0080395E-14
0,226780,8.9985826E-14
0,226790,8.989135E-14
0,226800,8.979698E-14
0,226810,8.970271E-14
0,226820,8.960853E-14
0,226830,8.9514455E-14
0,226840,8.942048E-14
0,226850,8.9326604E-14
0,226860,8.923282E-14
0,226870,8.913914E-14
0,226880,8.904556E-14
0,226890,8.895207E-14
0,226900,8.885869E-14
0,226910,8.87654E-14
0,226920,8.8672207E-14
0,226930,8.8579114E-14
0,226940,8.8486124E-14
0,226950,8.839322E-14
0,226960,8.830043E-14
0,226970,8.820772E-14
0,226980,8.8115116E-14
0,226990,8.802261E-14
0,227000,8.79302E-14
0,227010,8.7837886E-14
0,227020,8.774567E-14
0,227030,8.765355E-14
0,227040,8.756152E-14
0,227050,8.74696E-14
0,227060,8.737777E-14
0,227070,8.7286034E-14
0,227080,8.71944E-14
0,227090,8.710286E-14
0,227100,8.701141E-14
0,227110,8.692006E-14
0,227120,8.682881E-14
0,227130,8.673765E-14
0,227140,8.664659E-14
0,227150,8.655563E-14
0,227160,8.646476E-14
0,227170,8.637398E-14
0,227180,8.62833E-14
0,227190,8.619272E-14
0,227200,8.610223E-14
0,227210,8.601183E-14
0,227220,8.592153E-14
0,227230,8.5831326E-14
0,227240,8.5741215E-14
0,227250,8.56512E-14
0,227260,8.556128E-14
0,227270,8.547145E-14
0,227280,8.538172E-14
0,227290,8.5292084E-14
0,227300,8.520254E-14
0,227310,8.511309E-14
0,227320,8.502373E-14
0,227330,8.4934474E-14
0,227340,8.4845305E-14
0,227350,8.475623E-14
0,227360,8.4667245E-14
0,227370,8.457836E-14
0,227380,8.4489565E-14
0,227390,8.440086E-14
0,227400,8.431226E-14
0,227410,8.422374E-14
0,227420,8.4135315E-14
0,227430,8.4046986E-14
0,227440,8.395875E-14
0,227450,8.387061E-14
0,227460,8.3782556E-14
0,227470,8.3694594E-14
0,227480,8.3606726E-14
0,227490,8.351895E-14
0,227500,8.343127E-14
0,227510,8.334368E-14
0,227520,8.325618E-14
0,227530,8.3168776E-14
0,227540,8.3081464E-14
0,227550,8.299424E-14
0,227560,8.2907104E-14
0,227570,8.282006E-14
0,227580,8.2733116E-14
0,227590,8.264626E-14
0,227600,8.2559495E-14
0,227610,8.247282E-14
0,227620,8.238623E-14
0,227630,8.229974E-14
0,227640,8.2213336E-14
0,227650,8.212703E-14
0,227660,8.2040806E-14
0,227670,8.195467E-14
0,227680,8.1868635E-14
0,227690,8.1782684E-14
0,227700,8.169683E-14
0,227710,8.1611055E-14
0,227720,8.1525376E-14
0,227730,8.1439785E-14
0,227740,8.135429E-14
0,227750,8.1268874E-14
0,227760,8.118356E-14
0,227770,8.109833E-14
0,227780,8.1013186E-14
0,227790,8.092814E-14
0,227800,8.084317E-14
0,227810,8.0758296E-14
0,227820,8.067351E-14
0,227830,8.058882E-14
0,227840,8.0504214E-14
0,227850,8.041969E-14
0,227860,8.033527E-14
0,227870,8.0250924E-14
0,227880,8.0166674E-14
0,227890,8.008251E-14
0,227900,7.999844E-14
0,227910,7.991445E-14
0,227920,7.983055E-14
0,227930,7.974674E-14
0,227940,7.966302E-14
0,227950,7.957939E-14
0,227960,7.949584E-14
0,227970,7.941238E-14
0,227980,7.9329006E-14
0,227990,7.9245726E-14
0,228000,7.9162534E-14
0,228010,7.907942E-14
0,228020,7.89964E-14
0,228030,7.8913465E-14
0,228040,7.883062E-14
0,228050,7.874786E-14
0,228060,7.866518E-14
0,228070,7.85826E-14
0,228080,7.85001E-14
0,228090,7.841769E-14
0,228100,7.8335355E-14
0,228110,7.825312E-14
0,228120,7.817096E-14
0,228130,7.8088896E-14
0,228140,7.8006917E-14
0,228150,7.792502E-14
0,228160,7.784321E-14
0,228170,7.776149E-14
0,228180,7.7679847E-14
0,228190,7.7598294E-14
0,228200,7.751683E-14
0,228210,7.743545E-14
0,228220,7.735415E-14
0,228230,7.727294E-14
0,228240,7.719181E-14
0,228250,7.7110776E-14
0,228260,7.702982E-14
0,228270,7.694895E-14
0,228280,7.6868165E-14
0,228290,7.678747E-14
0,228300,7.670685E-14
0,228310,7.662632E-14
0,228320,7.654587E-14
0,228330,7.646551E-14
0,228340,7.6385235E-14
0,228350,7.630504E-14
0,228360,7.6224935E-14
0,228370,7.614491E-14
0,228380,7.606497E-14
0,228390,7.598511E-14
0,228400,7.590534E-14
0,228410,7.5825644E-14
0,228420,7.574604E-14
0,228430,7.5666524E-14
0,228440,7.558708E-14
0,228450,7.550773E-14
0,228460,7.542845E-14
0,228470,7.5349266E-14
0,228480,7.527016E-14
0,228490,7.5191135E-14
0,228500,7.51122E-14
0,228510,7.503334E-14
0,228520,7.495457E-14
0,228530,7.4875876E-14
0,228540,7.479727E-14
0,228550,7.471874E-14
0,228560,7.46403E-14
0,228570,7.456194E-14
0,228580,7.448366E-14
0,228590,7.440546E-14
0,228600,7.4327344E-14
0,228610,7.4249316E-14
0,228620,7.417136E-14
0,228630,7.4093496E-14
0,228640,7.401571E-14
0,228650,7.3938E-14
0,228660,7.386038E-14
0,228670,7.378284E-14
0,228680,7.370538E-14
0,228690,7.362799E-14
0,228700,7.3550697E-14
0,228710,7.347348E-14
0,228720,7.339635E-14
0,228730,7.331929E-14
0,228740,7.3242316E-14
0,228750,7.316542E-14
0,228760,7.308861E-14
0,228770,7.3011875E-14
0,228780,7.293522E-14
0,228790,7.285866E-14
0,228800,7.278216E-14
0,228810,7.270575E-14
0,228820,7.262942E-14
0,228830,7.255317E-14
0,228840,7.2477004E-14
0,228850,7.2400914E-14
0,228860,7.2324904E-14
0,228870,7.224897E-14
0,228880,7.217312E-14
0,228890,7.209735E-14
0,228900,7.202166E-14
0,228910,7.194605E-14
0,228920,7.1870515E-14
0,228930,7.179506E-14
0,228940,7.171969E-14
0,228950,7.164439E-14
0,228960,7.1569175E-14
0,228970,7.149404E-14
0,228980,7.141898E-14
0,228990,7.1344E-14
0,229000,7.12691E-14
0,229010,7.119428E-14
0,229020,7.1119536E-14
0,229030,7.104487E-14
0,229040,7.097028E-14
0,229050,7.089578E-14
0,229060,7.0821346E-14
0,229070,7.074699E-14
0,229080,7.067272E-14
0,229090,7.059852E-14
0,229100,7.0524404E-14
0,229110,7.0450366E-14
0,229120,7.03764E-14
0,229130,7.030252E-14
0,229140,7.0228715E-14
0,229150,7.015498E-14
0,229160,7.008133E-14
0,229170,7.0007754E-14
0,229180,6.993426E-14
0,229190,6.986084E-14
0,229200,6.978749E-14
0,229210,6.971423E-14
0,229220,6.9641036E-14
0,229230,6.956793E-14
0,229240,6.9494886E-14
0,229250,6.942193E-14
0,229260,6.934905E-14
0,229270,6.927624E-14
0,229280,6.920351E-14
0,229290,6.913086E-14
0,229300,6.905828E-14
0,229310,6.898578E-14
0,229320,6.8913354E-14
0,229330,6.8841004E-14
0,229340,6.8768735E-14
0,229350,6.8696534E-14
0,229360,6.8624414E-14
0,229370,6.855237E-14
0,229380,6.84804E-14
0,229390,6.840851E-14
0,229400,6.833669E-14
0,229410,6.826495E-14
0,229420,6.8193274E-14
0,229430,6.812168E-14
0,229440,6.8050166E-14
0,229450,6.7978724E-14
0,229460,6.7907356E-14
0,229470,6.783606E-14
0,229480,6.7764845E-14
0,229490,6.76937E-14
0,229500,6.762263E-14
0,229510,6.755164E-14
0,229520,6.748072E-14
0,229530,6.740988E-14
0,229540,6.7339106E-14
0,229550,6.726841E-14
0,229560,6.719779E-14
0,229570,6.712724E-14
0,229580,6.7056766E-14
0,229590,6.698637E-14
0,229600,6.691604E-14
0,229610,6.684579E-14
0,229620,6.677561E-14
0,229630,6.670551E-14
0,229640,6.663548E-14
0,229650,6.656552E-14
0,229660,6.649564E-14
0,229670,6.642583E-14
0,229680,6.635609E-14
0,229690,6.628643E-14
0,229700,6.6216835E-14
0,229710,6.614732E-14
0,229720,6.607787E-14
0,229730,6.60085E-14
0,229740,6.59392E-14
0,229750,6.586997E-14
0,229760,6.580082E-14
0,229770,6.5731735E-14
0,229780,6.566273E-14
0,229790,6.559379E-14
0,229800,6.552493E-14
0,229810,6.545614E-14
0,229820,6.538742E-14
0,229830,6.531877E-14
0,229840,6.52502E-14
0,229850,6.518169E-14
0,229860,6.5113266E-14
0,229870,6.504491E-14
0,229880,6.4976616E-14
0,229890,6.49084E-14
0,229900,6.484026E-14
0,229910,6.477218E-14
0,229920,6.470418E-14
0,229930,6.463626E-14
0,229940,6.456839E-14
0,229950,6.450061E-14
0,229960,6.4432895E-14
0,229970,6.436525E-14
0,229980,6.4297675E-14
0,229990,6.423017E-14
0,230000,6.416274E-14
0,230010,6.4095376E-14
0,230020,6.402809E-14
0,230030,6.396087E-14
0,230040,6.3893715E-14
0,230050,6.3826636E-14
0,230060,6.375963E-14
0,230070,6.369269E-14
0,230080,6.362582E-14
0,230090,6.355903E-14
0,230100,6.34923E-14
0,230110,6.3425644E-14
0,230120,6.3359054E-14
0,230130,6.329254E-14
0,230140,6.322609E-14
0,230150,6.315971E-14
0,230160,6.3093404E-14
0,230170,6.3027166E-14
0,230180,6.2960996E-14
0,230190,6.289489E-14
0,230200,6.2828865E-14
0,230210,6.2762905E-14
0,230220,6.269701E-14
0,230230,6.263119E-14
0,230240,6.256544E-14
0,230250,6.249975E-14
0,230260,6.2434134E-14
0,230270,6.236859E-14
0,230280,6.2303115E-14
0,230290,6.2237704E-14
0,230300,6.217236E-14
0,230310,6.210709E-14
0,230320,6.204189E-14
0,230330,6.197675E-14
0,230340,6.1911685E-14
0,230350,6.184669E-14
0,230360,6.1781756E-14
0,230370,6.17169E-14
0,230380,6.1652106E-14
0,230390,6.158738E-14
0,230400,6.152272E-14
0,230410,6.145813E-14
0,230420,6.139361E-14
0,230430,6.1329156E-14
0,230440,6.126477E-14
0,230450,6.120045E-14
0,230460,6.11362E-14
0,230470,6.107202E-14
0,230480,6.10079E-14
0,230490,6.094385E-14
0,230500,6.087987E-14
0,230510,6.081595E-14
0,230520,6.07521E-14
0,230530,6.0688325E-14
0,230540,6.062461E-14
0,230550,6.0560965E-14
0,230560,6.0497383E-14
0,230570,6.043387E-14
0,230580,6.0370423E-14
0,230590,6.0307045E-14
0,230600,6.024373E-14
0,230610,6.0180485E-14
0,230620,6.01173E-14
0,230630,6.005419E-14
0,230640,5.999114E-14
0,230650,5.992816E-14
0,230660,5.9865246E-14
0,230670,5.9802396E-14
0,230680,5.973961E-14
0,230690,5.967689E-14
0,230700,5.961424E-14
0,230710,5.9551654E-14
0,230720,5.9489136E-14
0,230730,5.942668E-14
0,230740,5.936429E-14
0,230750,5.930197E-14
0,230760,5.923971E-14
0,230770,5.9177516E-14
0,230780,5.911539E-14
0,230790,5.905333E-14
0,230800,5.899133E-14
0,230810,5.89294E-14
0,230820,5.886753E-14
0,230830,5.880573E-14
0,230840,5.874399E-14
0,230850,5.868232E-14
0,230860,5.862071E-14
0,230870,5.855917E-14
0,230880,5.849769E-14
0,230890,5.8436274E-14
0,230900,5.837493E-14
0,230910,5.831364E-14
0,230920,5.825242E-14
0,230930,5.8191265E-14
0,230940,5.813017E-14
0,230950,5.806914E-14
0,230960,5.800818E-14
0,230970,5.794728E-14
0,230980,5.788644E-14
0,230990,5.782567E-14
0,231000,5.7764964E-14
0,231010,5.7704316E-14
0,231020,5.7643736E-14
0,231030,5.758322E-14
0,231040,5.7522766E-14
0,231050,5.7462376E-14
0,231060,5.740205E-14
0,231070,5.7341786E-14
0,231080,5.7281586E-14
0,231090,5.7221446E-14
0,231100,5.7161375E-14
0,231110,5.7101364E-14
0,231120,5.7041415E-14
0,231130,5.698153E-14
0,231140,5.692171E-14
0,231150,5.686195E-14
0,231160,5.6802253E-14
0,231170,5.674262E-14
0,231180,5.668305E-14
0,231190,5.662354E-14
0,231200,5.656409E-14
0,231210,5.6504707E-14
0,231220,5.6445388E-14
0,231230,5.638613E-14
0,231240,5.6326932E-14
0,231250,5.6267796E-14
0,231260,5.6208724E-14
0,231270,5.6149712E-14
0,231280,5.6090762E-14
0,231290,5.6031877E-14
0,231300,5.5973052E-14
0,231310,5.5914288E-14
0,231320,5.5855585E-14
0,231330,5.5796947E-14
0,231340,5.573837E-14
0,231350,5.567985E-14
0,231360,5.5621394E-14
0,231370,5.5563003E-14
0,231380,5.550467E-14
0,231390,5.5446397E-14
0,231400,5.5388186E-14
0,231410,5.533004E-14
0,231420,5.527195E-14
0,231430,5.521392E-14
0,231440,5.5155956E-14
0,231450,5.509805E-14
0,231460,5.5040204E-14
0,231470,5.498242E-14
0,231480,5.49247E-14
0,231490,5.4867037E-14
0,231500,5.4809432E-14
0,231510,5.475189E-14
0,231520,5.4694408E-14
0,231530,5.463699E-14
0,231540,5.457963E-14
0,231550,5.452233E-14
0,231560,5.446509E-14
0,231570,5.4407908E-14
0,231580,5.4350787E-14
0,231590,5.4293728E-14
0,231600,5.4236726E-14
0,231610,5.4179788E-14
0,231620,5.4122905E-14
0,231630,5.4066086E-14
0,231640,5.400932E-14
0,231650,5.395262E-14
0,231660,5.3895978E-14
0,231670,5.3839396E-14
0,231680,5.3782872E-14
0,231690,5.372641E-14
0,231700,5.3670003E-14
0,231710,5.361366E-14
0,231720,5.355737E-14
0,231730,5.3501145E-14
0,231740,5.3444977E-14
0,231750,5.3388866E-14
0,231760,5.3332816E-14
0,231770,5.3276827E-14
0,231780,5.3220893E-14
0,231790,5.316502E-14
0,231800,5.3109203E-14
0,231810,5.3053448E-14
0,231820,5.299775E-14
0,231830,5.294211E-14
0,231840,5.2886528E-14
0,231850,5.2831007E-14
0,231860,5.277554E-14
0,231870,5.2720134E-14
0,231880,5.2664785E-14
0,231890,5.2609494E-14
0,231900,5.2554264E-14
0,231910,5.249909E-14
0,231920,5.2443974E-14
0,231930,5.2388913E-14
0,231940,5.2333914E-14
0,231950,5.2278972E-14
0,231960,5.2224087E-14
0,231970,5.216926E-14
0,231980,5.2114488E-14
0,231990,5.2059777E-14
0,232000,5.2005123E-14
0,232010,5.1950523E-14
0,232020,5.1895984E-14
0,232030,5.18415E-14
0,232040,5.1787076E-14
0,232050,5.1732707E-14
0,232060,5.1678395E-14
0,232070,5.162414E-14
0,232080,5.156994E-14
0,232090,5.1515802E-14
0,232100,5.1461717E-14
0,232110,5.140769E-14
0,232120,5.135372E-14
0,232130,5.1299805E-14
0,232140,5.124595E-14
0,232150,5.119215E-14
0,232160,5.1138405E-14
0,232170,5.1084716E-14
0,232180,5.1031086E-14
0,232190,5.097751E-14
0,232200,5.092399E-14
0,232210,5.087053E-14
0,232220,5.081712E-14
0,232230,5.0763772E-14
0,232240,5.0710477E-14
0,232250,5.065724E-14
0,232260,5.0604056E-14
0,232270,5.055093E-14
0,232280,5.0497858E-14
0,232290,5.0444844E-14
0,232300,5.0391884E-14
0,232310,5.0338982E-14
0,232320,5.0286134E-14
0,232330,5.023334E-14
0,232340,5.01806E-14
0,232350,5.0127918E-14
0,232360,5.0075294E-14
0,232370,5.002272E-14
0,232380,4.9970204E-14
0,232390,4.9917742E-14
0,232400,4.9865338E-14
0,232410,4.9812984E-14
0,232420,4.976069E-14
0,232430,4.9708447E-14
0,232440,4.9656263E-14
0,232450,4.960413E-14
0,232460,4.9552054E-14
0,232470,4.950003E-14
0,232480,4.9448062E-14
0,232490,4.939615E-14
0,232500,4.934429E-14
0,232510,4.929249E-14
0,232520,4.924074E-14
0,232530,4.9189043E-14
0,232540,4.91374E-14
0,232550,4.9085813E-14
0,232560,4.9034283E-14
0,232570,4.8982804E-14
0,232580,4.893138E-14
0,232590,4.8880008E-14
0,232600,4.882869E-14
0,232610,4.877743E-14
0,232620,4.872622E-14
0,232630,4.8675063E-14
0,232640,4.8623964E-14
0,232650,4.8572915E-14
0,232660,4.852192E-14
0,232670,4.847098E-14
0,232680,4.8420093E-14
0,232690,4.8369257E-14
0,232700,4.831848E-14
0,232710,4.826775E-14
0,232720,4.8217076E-14
0,232730,4.8166454E-14
0,232740,4.811589E-14
0,232750,4.8065376E-14
0,232760,4.8014913E-14
0,232770,4.7964504E-14
0,232780,4.7914147E-14
0,232790,4.7863846E-14
0,232800,4.7813597E-14
0,232810,4.77634E-14
0,232820,4.7713254E-14
0,232830,4.766316E-14
0,232840,4.761312E-14
0,232850,4.7563136E-14
0,232860,4.7513202E-14
0,232870,4.7463322E-14
0,232880,4.7413493E-14
0,232890,4.7363714E-14
0,232900,4.731399E-14
0,232910,4.7264316E-14
0,232920,4.7214697E-14
0,232930,4.716513E-14
0,232940,4.711561E-14
0,232950,4.7066148E-14
0,232960,4.7016736E-14
0,232970,4.6967374E-14
0,232980,4.6918066E-14
0,232990,4.686881E-14
0,233000,4.6819604E-14
0,233010,4.677045E-14
0,233020,4.6721348E-14
0,233030,4.6672298E-14
0,233040,4.66233E-14
0,233050,4.657435E-14
0,233060,4.6525453E-14
0,233070,4.647661E-14
0,233080,4.6427817E-14
0,233090,4.6379072E-14
0,233100,4.633038E-14
0,233110,4.6281745E-14
0,233120,4.6233156E-14
0,233130,4.6184617E-14
0,233140,4.613613E-14
0,233150,4.6087693E-14
0,233160,4.6039307E-14
0,233170,4.5990975E-14
0,233180,4.594269E-14
0,233190,4.5894458E-14
0,233200,4.5846275E-14
0,233210,4.5798143E-14
0,233220,4.5750062E-14
0,233230,4.5702032E-14
0,233240,4.565405E-14
0,233250,4.560612E-14
0,233260,4.555824E-14
0,233270,4.5510413E-14
0,233280,4.5462633E-14
0,233290,4.5414905E-14
0,233300,4.5367224E-14
0,233310,4.5319597E-14
0,233320,4.5272017E-14
0,233330,4.522449E-14
0,233340,4.517701E-14
0,233350,4.512958E-14
0,233360,4.50822E-14
0,233370,4.503487E-14
0,233380,4.498759E-14
0,233390,4.494036E-14
0,233400,4.489318E-14
0,233410,4.484605E-14
0,233420,4.4798966E-14
0,233430,4.4751935E-14
0,233440,4.4704952E-14
0,233450,4.465802E-14
0,233460,4.4611135E-14
0,233470,4.45643E-14
0,233480,4.4517514E-14
0,233490,4.4470778E-14
0,233500,4.442409E-14
0,233510,4.4377452E-14
0,233520,4.4330862E-14
0,233530,4.428432E-14
0,233540,4.4237827E-14
0,233550,4.4191386E-14
0,233560,4.414499E-14
0,233570,4.4098646E-14
0,233580,4.4052347E-14
0,233590,4.40061E-14
0,233600,4.39599E-14
0,233610,4.391375E-14
0,233620,4.3867647E-14
0,233630,4.3821592E-14
0,233640,4.3775584E-14
0,233650,4.3729628E-14
0,233660,4.368372E-14
0,233670,4.3637857E-14
0,233680,4.3592042E-14
0,233690,4.354628E-14
0,233700,4.350056E-14
0,233710,4.345489E-14
0,233720,4.340927E-14
0,233730,4.3363696E-14
0,233740,4.3318173E-14
0,233750,4.3272694E-14
0,233760,4.3227266E-14
0,233770,4.3181882E-14
0,233780,4.313655E-14
0,233790,4.309126E-14
0,233800,4.304602E-14
0,233810,4.300083E-14
0,233820,4.2955683E-14
0,233830,4.2910587E-14
0,233840,4.286554E-14
0,233850,4.2820534E-14
0,233860,4.277558E-14
0,233870,4.273067E-14
0,233880,4.2685812E-14
0,233890,4.2640997E-14
0,233900,4.259623E-14
0,233910,4.2551513E-14
0,233920,4.2506837E-14
0,233930,4.2462212E-14
0,233940,4.2417635E-14
0,233950,4.23731E-14
0,233960,4.2328618E-14
0,233970,4.2284176E-14
0,233980,4.2239785E-14
0,233990,4.219544E-14
0,234000,4.215114E-14
0,234010,4.210689E-14
0,234020,4.2062684E-14
0,234030,4.2018523E-14
0,234040,4.197441E-14
0,234050,4.1930343E-14
0,234060,4.188632E-14
0,234070,4.184235E-14
0,234080,4.179842E-14
0,234090,4.1754537E-14
0,234100,4.17107E-14
0,234110,4.1666913E-14
0,234120,4.162317E-14
0,234130,4.1579472E-14
0,234140,4.153582E-14
0,234150,4.149221E-14
0,234160,4.144865E-14
0,234170,4.1405135E-14
0,234180,4.1361666E-14
0,234190,4.1318243E-14
0,234200,4.1274865E-14
0,234210,4.123153E-14
0,234220,4.1188244E-14
0,234230,4.1145005E-14
0,234240,4.110181E-14
0,234250,4.105866E-14
0,234260,4.101555E-14
0,234270,4.097249E-14
0,234280,4.0929476E-14
0,234290,4.0886507E-14
0,234300,4.0843583E-14
0,234310,4.0800703E-14
0,234320,4.0757867E-14
0,234330,4.0715078E-14
0,234340,4.0672333E-14
0,234350,4.0629633E-14
0,234360,4.058698E-14
0,234370,4.0544367E-14
0,234380,4.0501802E-14
0,234390,4.045928E-14
0,234400,4.0416804E-14
0,234410,4.0374374E-14
0,234420,4.0331985E-14
0,234430,4.0289644E-14
0,234440,4.0247346E-14
0,234450,4.0205093E-14
0,234460,4.0162884E-14
0,234470,4.012072E-14
0,234480,4.0078597E-14
0,234490,4.003652E-14
0,234500,3.9994487E-14
0,234510,3.99525E-14
0,234520,3.9910556E-14
0,234530,3.9868655E-14
0,234540,3.98268E-14
0,234550,3.978499E-14
0,234560,3.974322E-14
0,234570,3.9701495E-14
0,234580,3.9659814E-14
0,234590,3.9618177E-14
0,234600,3.9576584E-14
0,234610,3.9535036E-14
0,234620,3.9493528E-14
0,234630,3.9452067E-14
0,234640,3.9410647E-14
0,234650,3.936927E-14
0,234660,3.932794E-14
0,234670,3.9286652E-14
0,234680,3.9245408E-14
0,234690,3.9204205E-14
0,234700,3.9163046E-14
0,234710,3.912193E-14
0,234720,3.908086E-14
0,234730,3.903983E-14
0,234740,3.8998844E-14
0,234750,3.89579E-14
0,234760,3.8917E-14
0,234770,3.8876142E-14
0,234780,3.883533E-14
0,234790,3.879456E-14
0,234800,3.875383E-14
0,234810,3.8713143E-14
0,234820,3.8672502E-14
0,234830,3.8631902E-14
0,234840,3.8591343E-14
0,234850,3.8550828E-14
0,234860,3.8510356E-14
0,234870,3.8469926E-14
0,234880,3.8429536E-14
0,234890,3.8389193E-14
0,234900,3.8348888E-14
0,234910,3.830863E-14
0,234920,3.826841E-14
0,234930,3.8228233E-14
0,234940,3.81881E-14
0,234950,3.814801E-14
0,234960,3.8107958E-14
0,234970,3.806795E-14
0,234980,3.8027985E-14
0,234990,3.7988062E-14
0,235000,3.794818E-14
0,235010,3.790834E-14
0,235020,3.7868543E-14
0,235030,3.7828786E-14
0,235040,3.778907E-14
0,235050,3.77494E-14
0,235060,3.7709768E-14
0,235070,3.7670178E-14
0,235080,3.7630628E-14
0,235090,3.7591122E-14
0,235100,3.7551657E-14
0,235110,3.7512233E-14
0,235120,3.7472853E-14
0,235130,3.743351E-14
0,235140,3.739421E-14
0,235150,3.7354953E-14
0,235160,3.7315735E-14
0,235170,3.727656E-14
0,235180,3.7237425E-14
0,235190,3.7198333E-14
0,235200,3.7159278E-14
0,235210,3.7120267E-14
0,235220,3.7081297E-14
0,235230,3.7042367E-14
0,235240,3.7003478E-14
0,235250,3.696463E-14
0,235260,3.6925822E-14
0,235270,3.6887055E-14
0,235280,3.684833E-14
0,235290,3.6809643E-14
0,235300,3.6770998E-14
0,235310,3.6732397E-14
0,235320,3.6693833E-14
0,235330,3.665531E-14
0,235340,3.6616828E-14
0,235350,3.6578383E-14
0,235360,3.653998E-14
0,235370,3.650162E-14
0,235380,3.6463298E-14
0,235390,3.642502E-14
0,235400,3.6386777E-14
0,235410,3.6348576E-14
0,235420,3.6310415E-14
0,235430,3.6272295E-14
0,235440,3.6234216E-14
0,235450,3.6196174E-14
0,235460,3.6158173E-14
0,235470,3.6120212E-14
0,235480,3.6082292E-14
0,235490,3.6044413E-14
0,235500,3.600657E-14
0,235510,3.596877E-14
0,235520,3.5931005E-14
0,235530,3.5893285E-14
0,235540,3.5855603E-14
0,235550,3.581796E-14
0,235560,3.5780356E-14
0,235570,3.574279E-14
0,235580,3.5705268E-14
0,235590,3.566778E-14
0,235600,3.5630336E-14
0,235610,3.559293E-14
0,235620,3.5555563E-14
0,235630,3.5518236E-14
0,235640,3.5480946E-14
0,235650,3.5443694E-14
0,235660,3.5406485E-14
0,235670,3.5369314E-14
0,235680,3.533218E-14
0,235690,3.5295087E-14
0,235700,3.5258034E-14
0,235710,3.5221016E-14
0,235720,3.518404E-14
0,235730,3.5147104E-14
0,235740,3.5110203E-14
0,235750,3.5073344E-14
0,235760,3.5036522E-14
0,235770,3.4999737E-14
0,235780,3.4962993E-14
0,235790,3.492629E-14
0,235800,3.488962E-14
0,235810,3.485299E-14
0,235820,3.48164E-14
0,235830,3.4779847E-14
0,235840,3.4743337E-14
0,235850,3.470686E-14
0,235860,3.4670424E-14
0,235870,3.4634025E-14
0,235880,3.4597664E-14
0,235890,3.456134E-14
0,235900,3.4525056E-14
0,235910,3.448881E-14
0,235920,3.4452604E-14
0,235930,3.4416433E-14
0,235940,3.43803E-14
0,235950,3.4344204E-14
0,235960,3.430815E-14
0,235970,3.4272132E-14
0,235980,3.423615E-14
0,235990,3.420021E-14
0,236000,3.41643E-14
0,236010,3.4128435E-14
0,236020,3.4092605E-14
0,236030,3.4056813E-14
0,236040,3.4021058E-14
0,236050,3.3985344E-14
0,236060,3.3949663E-14
0,236070,3.391402E-14
0,236080,3.3878414E-14
0,236090,3.384285E-14
0,236100,3.3807318E-14
0,236110,3.3771827E-14
0,236120,3.373637E-14
0,236130,3.370095E-14
0,236140,3.3665572E-14
0,236150,3.3630227E-14
0,236160,3.3594922E-14
0,236170,3.3559652E-14
0,236180,3.352442E-14
0,236190,3.3489223E-14
0,236200,3.3454064E-14
0,236210,3.3418943E-14
0,236220,3.338386E-14
0,236230,3.334881E-14
0,236240,3.33138E-14
0,236250,3.3278823E-14
0,236260,3.3243885E-14
0,236270,3.3208984E-14
0,236280,3.317412E-14
0,236290,3.3139293E-14
0,236300,3.31045E-14
0,236310,3.3069745E-14
0,236320,3.3035027E-14
0,236330,3.3000346E-14
0,236340,3.2965702E-14
0,236350,3.2931093E-14
0,236360,3.289652E-14
0,236370,3.286198E-14
0,236380,3.2827484E-14
0,236390,3.279302E-14
0,236400,3.275859E-14
0,236410,3.27242E-14
0,236420,3.2689844E-14
0,236430,3.2655522E-14
0,236440,3.262124E-14
0,236450,3.2586994E-14
0,236460,3.255278E-14
0,236470,3.2518608E-14
0,236480,3.2484466E-14
0,236490,3.245036E-14
0,236500,3.2416293E-14
0,236510,3.2382263E-14
0,236520,3.2348266E-14
0,236530,3.2314304E-14
0,236540,3.2280378E-14
0,236550,3.224649E-14
0,236560,3.2212636E-14
0,236570,3.217882E-14
0,236580,3.2145036E-14
0,236590,3.2111287E-14
0,236600,3.2077575E-14
0,236610,3.2043897E-14
0,236620,3.2010256E-14
0,236630,3.1976652E-14
0,236640,3.194308E-14
0,236650,3.1909544E-14
0,236660,3.1876045E-14
0,236670,3.184258E-14
0,236680,3.180915E-14
0,236690,3.1775753E-14
0,236700,3.1742394E-14
0,236710,3.170907E-14
0,236720,3.167578E-14
0,236730,3.1642525E-14
0,236740,3.1609304E-14
0,236750,3.157612E-14
0,236760,3.154297E-14
0,236770,3.1509856E-14
0,236780,3.1476774E-14
0,236790,3.144373E-14
0,236800,3.1410716E-14
0,236810,3.137774E-14
0,236820,3.13448E-14
0,236830,3.131189E-14
0,236840,3.127902E-14
0,236850,3.124618E-14
0,236860,3.1213378E-14
0,236870,3.1180608E-14
0,236880,3.114787E-14
0,236890,3.1115173E-14
0,236900,3.1082504E-14
0,236910,3.1049873E-14
0,236920,3.1017276E-14
0,236930,3.0984713E-14
0,236940,3.0952183E-14
0,236950,3.0919688E-14
0,236960,3.0887226E-14
0,236970,3.0854798E-14
0,236980,3.0822407E-14
0,236990,3.0790047E-14
0,237000,3.075772E-14
0,237010,3.0725432E-14
0,237020,3.0693174E-14
0,237030,3.066095E-14
0,237040,3.0628762E-14
0,237050,3.0596605E-14
0,237060,3.0564486E-14
0,237070,3.0532397E-14
0,237080,3.0500342E-14
0,237090,3.046832E-14
0,237100,3.0436333E-14
0,237110,3.040438E-14
0,237120,3.037246E-14
0,237130,3.0340574E-14
0,237140,3.030872E-14
0,237150,3.02769E-14
0,237160,3.0245114E-14
0,237170,3.021336E-14
0,237180,3.018164E-14
0,237190,3.0149955E-14
0,237200,3.0118303E-14
0,237210,3.0086685E-14
0,237220,3.0055097E-14
0,237230,3.0023544E-14
0,237240,2.9992024E-14
0,237250,2.9960538E-14
0,237260,2.9929082E-14
0,237270,2.989766E-14
0,237280,2.9866273E-14
0,237290,2.9834916E-14
0,237300,2.9803596E-14
0,237310,2.9772307E-14
0,237320,2.974105E-14
0,237330,2.9709826E-14
0,237340,2.9678635E-14
0,237350,2.9647478E-14
0,237360,2.961635E-14
0,237370,2.9585258E-14
0,237380,2.95542E-14
0,237390,2.952317E-14
0,237400,2.9492176E-14
0,237410,2.9461215E-14
0,237420,2.9430285E-14
0,237430,2.9399385E-14
0,237440,2.9368523E-14
0,237450,2.9337687E-14
0,237460,2.930689E-14
0,237470,2.9276122E-14
0,237480,2.9245385E-14
0,237490,2.921468E-14
0,237500,2.9184012E-14
0,237510,2.9153373E-14
0,237520,2.9122765E-14
0,237530,2.909219E-14
0,237540,2.906165E-14
0,237550,2.903114E-14
0,237560,2.900066E-14
0,237570,2.8970214E-14
0,237580,2.89398E-14
0,237590,2.8909417E-14
0,237600,2.8879067E-14
0,237610,2.8848746E-14
0,237620,2.881846E-14
0,237630,2.8788204E-14
0,237640,2.875798E-14
0,237650,2.872779E-14
0,237660,2.8697632E-14
0,237670,2.86675E-14
0,237680,2.8637405E-14
0,237690,2.8607342E-14
0,237700,2.8577306E-14
0,237710,2.8547304E-14
0,237720,2.8517336E-14
0,237730,2.8487395E-14
0,237740,2.8457488E-14
0,237750,2.842761E-14
0,237760,2.8397767E-14
0,237770,2.8367953E-14
0,237780,2.8338172E-14
0,237790,2.8308422E-14
0,237800,2.8278701E-14
0,237810,2.8249013E-14
0,237820,2.8219355E-14
0,237830,2.8189729E-14
0,237840,2.8160135E-14
0,237850,2.813057E-14
0,237860,2.8101038E-14
0,237870,2.8071536E-14
0,237880,2.8042064E-14
0,237890,2.8012625E-14
0,237900,2.7983216E-14
0,237910,2.7953839E-14
0,237920,2.7924491E-14
0,237930,2.7895173E-14
0,237940,2.7865888E-14
0,237950,2.7836633E-14
0,237960,2.7807409E-14
0,237970,2.7778215E-14
0,237980,2.7749052E-14
0,237990,2.771992E-14
0,238000,2.7690818E-14
0,238010,2.7661746E-14
0,238020,2.7632707E-14
0,238030,2.7603696E-14
0,238040,2.7574715E-14
0,238050,2.7545767E-14
0,238060,2.7516848E-14
0,238070,2.7487959E-14
0,238080,2.74591E-14
0,238090,2.7430273E-14
0,238100,2.7401475E-14
0,238110,2.7372708E-14
0,238120,2.734397E-14
0,238130,2.7315264E-14
0,238140,2.7286587E-14
0,238150,2.725794E-14
0,238160,2.7229323E-14
0,238170,2.7200737E-14
0,238180,2.717218E-14
0,238190,2.7143654E-14
0,238200,2.7115156E-14
0,238210,2.7086689E-14
0,238220,2.7058252E-14
0,238230,2.7029845E-14
0,238240,2.7001467E-14
0,238250,2.697312E-14
0,238260,2.6944802E-14
0,238270,2.6916515E-14
0,238280,2.6888256E-14
0,238290,2.6860028E-14
0,238300,2.6831829E-14
0,238310,2.680366E-14
0,238320,2.677552E-14
0,238330,2.674741E-14
0,238340,2.6719329E-14
0,238350,2.6691277E-14
0,238360,2.6663255E-14
0,238370,2.6635263E-14
0,238380,2.66073E-14
0,238390,2.6579365E-14
0,238400,2.6551462E-14
0,238410,2.6523587E-14
0,238420,2.6495741E-14
0,238430,2.6467925E-14
0,238440,2.6440137E-14
0,238450,2.641238E-14
0,238460,2.638465E-14
0,238470,2.635695E-14
0,238480,2.6329279E-14
0,238490,2.6301637E-14
0,238500,2.6274024E-14
0,238510,2.624644E-14
0,238520,2.6218885E-14
0,238530,2.619136E-14
0,238540,2.6163862E-14
0,238550,2.6136394E-14
0,238560,2.6108955E-14
0,238570,2.6081545E-14
0,238580,2.6054163E-14
0,238590,2.602681E-14
0,238600,2.5999485E-14
0,238610,2.597219E-14
0,238620,2.5944922E-14
0,238630,2.5917685E-14
0,238640,2.5890475E-14
0,238650,2.5863294E-14
0,238660,2.5836141E-14
0,238670,2.5809018E-14
0,238680,2.5781921E-14
0,238690,2.5754855E-14
0,238700,2.5727816E-14
0,238710,2.5700806E-14
0,238720,2.5673823E-14
0,238730,2.564687E-14
0,238740,2.5619945E-14
0,238750,2.5593048E-14
0,238760,2.5566178E-14
0,238770,2.5539338E-14
0,238780,2.5512526E-14
0,238790,2.548574E-14
0,238800,2.5458985E-14
0,238810,2.5432257E-14
0,238820,2.5405556E-14
0,238830,2.5378884E-14
0,238840,2.535224E-14
0,238850,2.5325624E-14
0,238860,2.5299036E-14
0,238870,2.5272477E-14
0,238880,2.5245944E-14
0,238890,2.5219439E-14
0,238900,2.5192962E-14
0,238910,2.5166513E-14
0,238920,2.5140092E-14
0,238930,2.5113698E-14
0,238940,2.5087334E-14
0,238950,2.5060996E-14
0,238960,2.5034686E-14
0,238970,2.5008402E-14
0,238980,2.4982147E-14
0,238990,2.495592E-14
0,239000,2.492972E-14
0,239010,2.4903548E-14
0,239020,2.4877402E-14
0,239030,2.4851284E-14
0,239040,2.4825194E-14
0,239050,2.4799132E-14
0,239060,2.4773096E-14
0,239070,2.4747089E-14
0,239080,2.4721107E-14
0,239090,2.4695154E-14
0,239100,2.4669228E-14
0,239110,2.464333E-14
0,239120,2.4617457E-14
0,239130,2.4591613E-14
0,239140,2.4565795E-14
0,239150,2.4540005E-14
0,239160,2.4514241E-14
0,239170,2.4488505E-14
0,239180,2.4462796E-14
0,239190,2.4437114E-14
0,239200,2.4411457E-14
0,239210,2.438583E-14
0,239220,2.4360229E-14
0,239230,2.4334653E-14
0,239240,2.4309105E-14
0,239250,2.4283584E-14
0,239260,2.425809E-14
0,239270,2.4232623E-14
0,239280,2.4207183E-14
0,239290,2.4181769E-14
0,239300,2.4156382E-14
0,239310,2.4131022E-14
0,239320,2.4105687E-14
0,239330,2.408038E-14
0,239340,2.4055099E-14
0,239350,2.4029845E-14
0,239360,2.4004617E-14
0,239370,2.3979416E-14
0,239380,2.395424E-14
0,239390,2.3929092E-14
0,239400,2.3903971E-14
0,239410,2.3878875E-14
0,239420,2.3853806E-14
0,239430,2.3828763E-14
0,239440,2.3803747E-14
0,239450,2.3778756E-14
0,239460,2.3753792E-14
0,239470,2.3728854E-14
0,239480,2.3703943E-14
0,239490,2.3679057E-14
0,239500,2.3654196E-14
0,239510,2.3629363E-14
0,239520,2.3604557E-14
0,239530,2.3579774E-14
0,239540,2.3555019E-14
0,239550,2.353029E-14
0,239560,2.3505586E-14
0,239570,2.348091E-14
0,239580,2.3456258E-14
0,239590,2.3431633E-14
0,239600,2.3407034E-14
0,239610,2.338246E-14
0,239620,2.3357911E-14
0,239630,2.333339E-14
0,239640,2.3308892E-14
0,239650,2.328442E-14
0,239660,2.3259975E-14
0,239670,2.3235557E-14
0,239680,2.3211163E-14
0,239690,2.3186795E-14
0,239700,2.3162451E-14
0,239710,2.3138135E-14
0,239720,2.3113844E-14
0,239730,2.3089578E-14
0,239740,2.3065336E-14
0,239750,2.304112E-14
0,239760,2.3016931E-14
0,239770,2.2992767E-14
0,239780,2.2968628E-14
0,239790,2.2944515E-14
0,239800,2.2920425E-14
0,239810,2.2896363E-14
0,239820,2.2872326E-14
0,239830,2.2848312E-14
0,239840,2.2824326E-14
0,239850,2.2800363E-14
0,239860,2.2776426E-14
0,239870,2.2752515E-14
0,239880,2.2728628E-14
0,239890,2.2704766E-14
0,239900,2.268093E-14
0,239910,2.2657118E-14
0,239920,2.2633332E-14
0,239930,2.260957E-14
0,239940,2.2585834E-14
0,239950,2.2562122E-14
0,239960,2.2538434E-14
0,239970,2.2514773E-14
0,239980,2.2491135E-14
0,239990,2.2467524E-14
0,240000,2.2443935E-14
0,240010,2.2420373E-14
0,240020,2.2396835E-14
0,240030,2.2373322E-14
0,240040,2.2349833E-14
0,240050,2.2326369E-14
0,240060,2.230293E-14
0,240070,2.2279514E-14
0,240080,2.2256124E-14
0,240090,2.2232758E-14
0,240100,2.2209417E-14
0,240110,2.2186102E-14
0,240120,2.2162808E-14
0,240130,2.2139542E-14
0,240140,2.2116298E-14
0,240150,2.2093079E-14
0,240160,2.2069886E-14
0,240170,2.2046714E-14
0,240180,2.202357E-14
0,240190,2.2000448E-14
0,240200,2.197735E-14
0,240210,2.1954277E-14
0,240220,2.1931228E-14
0,240230,2.1908204E-14
0,240240,2.1885204E-14
0,240250,2.1862229E-14
0,240260,2.1839276E-14
0,240270,2.1816348E-14
0,240280,2.1793445E-14
0,240290,2.1770564E-14
0,240300,2.1747708E-14
0,240310,2.1724877E-14
0,240320,2.1702068E-14
0,240330,2.1679285E-14
0,240340,2.1656525E-14
0,240350,2.1633789E-14
0,240360,2.1611077E-14
0,240370,2.1588388E-14
0,240380,2.1565723E-14
0,240390,2.1543082E-14
0,240400,2.1520464E-14
0,240410,2.1497872E-14
0,240420,2.1475302E-14
0,240430,2.1452756E-14
0,240440,2.1430235E-14
0,240450,2.1407736E-14
0,240460,2.1385261E-14
0,240470,2.136281E-14
0,240480,2.1340382E-14
0,240490,2.1317978E-14
0,240500,2.1295598E-14
0,240510,2.127324E-14
0,240520,2.1250906E-14
0,240530,2.1228596E-14
0,240540,2.1206308E-14
0,240550,2.1184045E-14
0,240560,2.1161805E-14
0,240570,2.113959E-14
0,240580,2.1117395E-14
0,240590,2.1095225E-14
0,240600,2.1073079E-14
0,240610,2.1050954E-14
0,240620,2.1028855E-14
0,240630,2.1006776E-14
0,240640,2.0984723E-14
0,240650,2.0962692E-14
0,240660,2.0940684E-14
0,240670,2.09187E-14
0,240680,2.0896738E-14
0,240690,2.08748E-14
0,240700,2.0852884E-14
0,240710,2.0830991E-14
0,240720,2.0809123E-14
0,240730,2.0787276E-14
0,240740,2.0765453E-14
0,240750,2.0743652E-14
0,240760,2.0721875E-14
0,240770,2.070012E-14
0,240780,2.0678388E-14
0,240790,2.0656679E-14
0,240800,2.0634991E-14
0,240810,2.0613328E-14
0,240820,2.0591688E-14
0,240830,2.057007E-14
0,240840,2.0548474E-14
0,240850,2.0526902E-14
0,240860,2.0505351E-14
0,240870,2.0483823E-14
0,240880,2.0462319E-14
0,240890,2.0440836E-14
0,240900,2.0419376E-14
0,240910,2.0397939E-14
0,240920,2.0376524E-14
0,240930,2.0355132E-14
0,240940,2.0333761E-14
0,240950,2.0312414E-14
0,240960,2.029109E-14
0,240970,2.0269786E-14
0,240980,2.0248506E-14
0,240990,2.0227248E-14
0,241000,2.0206013E-14
0,241010,2.01848E-14
0,241020,2.0163609E-14
0,241030,2.014244E-14
0,241040,2.0121293E-14
0,241050,2.0100168E-14
0,241060,2.0079067E-14
0,241070,2.0057986E-14
0,241080,2.0036929E-14
0,241090,2.0015893E-14
0,241100,1.9994878E-14
0,241110,1.9973887E-14
0,241120,1.9952918E-14
0,241130,1.9931971E-14
0,241140,1.9911044E-14
0,241150,1.9890141E-14
0,241160,1.986926E-14
0,241170,1.98484E-14
0,241180,1.9827562E-14
0,241190,1.9806746E-14
0,241200,1.9785951E-14
0,241210,1.976518E-14
0,241220,1.974443E-14
0,241230,1.9723701E-14
0,241240,1.9702993E-14
0,241250,1.9682308E-14
0,241260,1.9661646E-14
0,241270,1.9641003E-14
0,241280,1.9620383E-14
0,241290,1.9599785E-14
0,241300,1.9579207E-14
0,241310,1.9558651E-14
0,241320,1.953812E-14
0,241330,1.9517606E-14
0,241340,1.9497116E-14
0,241350,1.9476647E-14
0,241360,1.94562E-14
0,241370,1.9435772E-14
0,241380,1.9415369E-14
0,241390,1.9394986E-14
0,241400,1.9374623E-14
0,241410,1.9354283E-14
0,241420,1.9333964E-14
0,241430,1.9313666E-14
0,241440,1.929339E-14
0,241450,1.9273135E-14
0,241460,1.92529E-14
0,241470,1.9232688E-14
0,241480,1.9212496E-14
0,241490,1.9192327E-14
0,241500,1.9172177E-14
0,241510,1.9152049E-14
0,241520,1.9131942E-14
0,241530,1.9111857E-14
0,241540,1.9091792E-14
0,241550,1.9071748E-14
0,241560,1.9051726E-14
0,241570,1.9031724E-14
0,241580,1.9011744E-14
0,241590,1.8991785E-14
0,241600,1.8971846E-14
0,241610,1.8951929E-14
0,241620,1.8932032E-14
0,241630,1.8912155E-14
0,241640,1.88923E-14
0,241650,1.8872467E-14
0,241660,1.8852653E-14
0,241670,1.8832861E-14
0,241680,1.881309E-14
0,241690,1.8793339E-14
0,241700,1.8773608E-14
0,241710,1.8753899E-14
0,241720,1.873421E-14
0,241730,1.8714542E-14
0,241740,1.8694895E-14
0,241750,1.8675267E-14
0,241760,1.8655662E-14
0,241770,1.8636075E-14
0,241780,1.861651E-14
0,241790,1.8596966E-14
0,241800,1.8577442E-14
0,241810,1.8557938E-14
0,241820,1.8538456E-14
0,241830,1.8518993E-14
0,241840,1.849955E-14
0,241850,1.848013E-14
0,241860,1.8460727E-14
0,241870,1.8441347E-14
0,241880,1.8421986E-14
0,241890,1.8402645E-14
0,241900,1.8383325E-14
0,241910,1.8364025E-14
0,241920,1.8344746E-14
0,241930,1.8325487E-14
0,241940,1.8306247E-14
0,241950,1.828703E-14
0,241960,1.826783E-14
0,241970,1.8248652E-14
0,241980,1.8229494E-14
0,241990,1.8210356E-14
0,242000,1.8191237E-14
0,242010,1.817214E-14
0,242020,1.8153061E-14
0,242030,1.8134003E-14
0,242040,1.8114965E-14
0,242050,1.8095948E-14
0,242060,1.8076949E-14
0,242070,1.8057972E-14
0,242080,1.8039013E-14
0,242090,1.8020074E-14
0,242100,1.8001156E-14
0,242110,1.7982257E-14
0,242120,1.7963378E-14
0,242130,1.794452E-14
0,242140,1.792568E-14
0,242150,1.7906861E-14
0,242160,1.7888062E-14
0,242170,1.7869283E-14
0,242180,1.7850523E-14
0,242190,1.7831782E-14
0,242200,1.781306E-14
0,242210,1.779436E-14
0,242220,1.777568E-14
0,242230,1.7757017E-14
0,242240,1.7738374E-14
0,242250,1.7719751E-14
0,242260,1.7701149E-14
0,242270,1.7682565E-14
0,242280,1.7664001E-14
0,242290,1.7645456E-14
0,242300,1.7626932E-14
0,242310,1.7608426E-14
0,242320,1.758994E-14
0,242330,1.7571473E-14
0,242340,1.7553025E-14
0,242350,1.7534598E-14
0,242360,1.7516189E-14
0,242370,1.74978E-14
0,242380,1.747943E-14
0,242390,1.7461078E-14
0,242400,1.7442746E-14
0,242410,1.7424435E-14
0,242420,1.740614E-14
0,242430,1.7387867E-14
0,242440,1.7369613E-14
0,242450,1.7351377E-14
0,242460,1.7333162E-14
0,242470,1.7314964E-14
0,242480,1.7296785E-14
0,242490,1.7278627E-14
0,242500,1.7260487E-14
0,242510,1.7242365E-14
0,242520,1.7224264E-14
0,242530,1.7206182E-14
0,242540,1.7188118E-14
0,242550,1.7170073E-14
0,242560,1.7152046E-14
0,242570,1.7134038E-14
0,242580,1.711605E-14
0,242590,1.7098082E-14
0,242600,1.7080131E-14
0,242610,1.70622E-14
0,242620,1.7044287E-14
0,242630,1.7026392E-14
0,242640,1.7008518E-14
0,242650,1.6990661E-14
0,242660,1.6972824E-14
0,242670,1.6955004E-14
0,242680,1.6937205E-14
0,242690,1.6919422E-14
0,242700,1.690166E-14
0,242710,1.6883916E-14
0,242720,1.6866191E-14
0,242730,1.6848483E-14
0,242740,1.6830795E-14
0,242750,1.6813125E-14
0,242760,1.6795474E-14
0,242770,1.677784E-14
0,242780,1.6760227E-14
0,242790,1.6742631E-14
0,242800,1.6725053E-14
0,242810,1.6707494E-14
0,242820,1.6689954E-14
0,242830,1.6672432E-14
0,242840,1.665493E-14
0,242850,1.6637443E-14
0,242860,1.6619977E-14
0,242870,1.6602528E-14
0,242880,1.6585098E-14
0,242890,1.6567687E-14
0,242900,1.6550294E-14
0,242910,1.6532918E-14
0,242920,1.651556E-14
0,242930,1.6498221E-14
0,242940,1.6480901E-14
0,242950,1.6463598E-14
0,242960,1.6446314E-14
0,242970,1.6429048E-14
0,242980,1.64118E-14
0,242990,1.639457E-14
0,243000,1.6377358E-14
0,243010,1.6360165E-14
0,243020,1.6342989E-14
0,243030,1.6325832E-14
0,243040,1.6308691E-14
0,243050,1.6291569E-14
0,243060,1.6274466E-14
0,243070,1.625738E-14
0,243080,1.6240312E-14
0,243090,1.6223263E-14
0,243100,1.620623E-14
0,243110,1.6189217E-14
0,243120,1.617222E-14
0,243130,1.6155243E-14
0,243140,1.6138282E-14
0,243150,1.6121338E-14
0,243160,1.6104414E-14
0,243170,1.6087505E-14
0,243180,1.6070617E-14
0,243190,1.6053744E-14
0,243200,1.603689E-14
0,243210,1.6020054E-14
0,243220,1.6003236E-14
0,243230,1.5986434E-14
0,243240,1.5969651E-14
0,243250,1.5952886E-14
0,243260,1.5936137E-14
0,243270,1.5919407E-14
0,243280,1.5902695E-14
0,243290,1.5885998E-14
0,243300,1.586932E-14
0,243310,1.585266E-14
0,243320,1.5836018E-14
0,243330,1.5819392E-14
0,243340,1.5802784E-14
0,243350,1.5786194E-14
0,243360,1.576962E-14
0,243370,1.5753065E-14
0,243380,1.5736525E-14
0,243390,1.5720005E-14
0,243400,1.5703501E-14
0,243410,1.5687015E-14
0,243420,1.5670547E-14
0,243430,1.5654094E-14
0,243440,1.563766E-14
0,243450,1.5621242E-14
0,243460,1.5604842E-14
0,243470,1.5588459E-14
0,243480,1.5572094E-14
0,243490,1.5555747E-14
0,243500,1.5539414E-14
0,243510,1.55231E-14
0,243520,1.5506803E-14
0,243530,1.5490523E-14
0,243540,1.547426E-14
0,243550,1.5458016E-14
0,243560,1.5441787E-14
0,243570,1.5425575E-14
0,243580,1.5409381E-14
0,243590,1.5393203E-14
0,243600,1.5377043E-14
0,243610,1.5360898E-14
0,243620,1.5344773E-14
0,243630,1.5328662E-14
0,243640,1.531257E-14
0,243650,1.5296493E-14
0,243660,1.5280435E-14
0,243670,1.5264393E-14
0,243680,1.5248367E-14
0,243690,1.523236E-14
0,243700,1.5216368E-14
0,243710,1.5200392E-14
0,243720,1.5184434E-14
0,243730,1.5168493E-14
0,243740,1.5152567E-14
0,243750,1.513666E-14
0,243760,1.5120768E-14
0,243770,1.5104895E-14
0,243780,1.5089036E-14
0,243790,1.5073195E-14
0,243800,1.5057371E-14
0,243810,1.5041562E-14
0,243820,1.5025772E-14
0,243830,1.5009996E-14
0,243840,1.4994238E-14
0,243850,1.4978497E-14
0,243860,1.4962771E-14
0,243870,1.4947062E-14
0,243880,1.493137E-14
0,243890,1.4915695E-14
0,243900,1.4900035E-14
0,243910,1.4884393E-14
0,243920,1.4868766E-14
0,243930,1.4853156E-14
0,243940,1.4837563E-14
0,243950,1.4821986E-14
0,243960,1.4806424E-14
0,243970,1.4790881E-14
0,243980,1.4775351E-14
0,243990,1.475984E-14
0,244000,1.4744345E-14
0,244010,1.4728864E-14
0,244020,1.4713401E-14
0,244030,1.4697955E-14
0,244040,1.4682525E-14
0,244050,1.4667109E-14
0,244060,1.4651712E-14
0,244070,1.463633E-14
0,244080,1.4620963E-14
0,244090,1.4605614E-14
0,244100,1.459028E-14
0,244110,1.4574962E-14
0,244120,1.4559661E-14
0,244130,1.4544376E-14
0,244140,1.4529105E-14
0,244150,1.4513852E-14
0,244160,1.4498616E-14
0,244170,1.4483394E-14
0,244180,1.4468188E-14
0,244190,1.4453E-14
0,244200,1.4437826E-14
0,244210,1.4422667E-14
0,244220,1.4407526E-14
0,244230,1.4392401E-14
0,244240,1.437729E-14
0,244250,1.4362196E-14
0,244260,1.4347119E-14
0,244270,1.4332057E-14
0,244280,1.431701E-14
0,244290,1.4301979E-14
0,244300,1.4286964E-14
0,244310,1.4271965E-14
0,244320,1.425698E-14
0,244330,1.4242014E-14
0,244340,1.4227062E-14
0,244350,1.4212125E-14
0,244360,1.4197205E-14
0,244370,1.41822995E-14
0,244380,1.416741E-14
0,244390,1.41525365E-14
0,244400,1.4137679E-14
0,244410,1.4122836E-14
0,244420,1.4108009E-14
0,244430,1.4093198E-14
0,244440,1.40784025E-14
0,244450,1.4063622E-14
0,244460,1.4048857E-14
0,244470,1.4034108E-14
0,244480,1.40193744E-14
0,244490,1.4004656E-14
0,244500,1.3989954E-14
0,244510,1.3975266E-14
0,244520,1.3960594E-14
0,244530,1.39459375E-14
0,244540,1.39312966E-14
0,244550,1.3916671E-14
0,244560,1.390206E-14
0,244570,1.3887465E-14
0,244580,1.3872885E-14
0,244590,1.38583204E-14
0,244600,1.3843772E-14
0,244610,1.38292376E-14
0,244620,1.38147194E-14
0,244630,1.3800216E-14
0,244640,1.3785727E-14
0,244650,1.3771255E-14
0,244660,1.3756797E-14
0,244670,1.3742354E-14
0,244680,1.37279265E-14
0,244690,1.3713515E-14
0,244700,1.3699117E-14
0,244710,1.36847354E-14
0,244720,1.3670368E-14
0,244730,1.3656017E-14
0,244740,1.364168E-14
0,244750,1.3627358E-14
0,244760,1.3613051E-14
0,244770,1.359876E-14
0,244780,1.3584483E-14
0,244790,1.3570222E-14
0,244800,1.3555975E-14
0,244810,1.3541743E-14
0,244820,1.3527526E-14
0,244830,1.3513324E-14
0,244840,1.3499137E-14
0,244850,1.3484965E-14
0,244860,1.3470808E-14
0,244870,1.3456666E-14
0,244880,1.3442538E-14
0,244890,1.3428426E-14
0,244900,1.3414328E-14
0,244910,1.3400244E-14
0,244920,1.3386177E-14
0,244930,1.3372123E-14
0,244940,1.3358084E-14
0,244950,1.33440605E-14
0,244960,1.33300506E-14
0,244970,1.3316056E-14
0,244980,1.33020765E-14
0,244990,1.3288111E-14
0,245000,1.3274161E-14
0,245010,1.32602246E-14
0,245020,1.32463036E-14
0,245030,1.3232397E-14
0,245040,1.3218505E-14
0,245050,1.3204628E-14
0,245060,1.31907645E-14
0,245070,1.3176916E-14
0,245080,1.3163083E-14
0,245090,1.3149263E-14
0,245100,1.3135458E-14
0,245110,1.3121669E-14
0,245120,1.31078925E-14
0,245130,1.3094131E-14
0,245140,1.3080384E-14
0,245150,1.3066651E-14
0,245160,1.30529336E-14
0,245170,1.303923E-14
0,245180,1.30255405E-14
0,245190,1.3011866E-14
0,245200,1.2998205E-14
0,245210,1.2984559E-14
0,245220,1.2970927E-14
0,245230,1.295731E-14
0,245240,1.2943707E-14
0,245250,1.2930117E-14
0,245260,1.2916543E-14
0,245270,1.29029825E-14
0,245280,1.2889437E-14
0,245290,1.28759045E-14
0,245300,1.2862387E-14
0,245310,1.28488825E-14
0,245320,1.28353935E-14
0,245330,1.2821918E-14
0,245340,1.2808457E-14
0,245350,1.279501E-14
0,245360,1.2781577E-14
0,245370,1.27681586E-14
0,245380,1.2754754E-14
0,245390,1.27413635E-14
0,245400,1.2727987E-14
0,245410,1.2714624E-14
0,245420,1.2701276E-14
0,245430,1.2687941E-14
0,245440,1.2674621E-14
0,245450,1.2661315E-14
0,245460,1.2648022E-14
0,245470,1.2634743E-14
0,245480,1.2621479E-14
0,245490,1.26082286E-14
0,245500,1.2594991E-14
0,245510,1.2581769E-14
0,245520,1.25685595E-14
0,245530,1.2555364E-14
0,245540,1.2542184E-14
0,245550,1.2529016E-14
0,245560,1.2515862E-14
0,245570,1.2502722E-14
0,245580,1.24895965E-14
0,245590,1.24764845E-14
0,245600,1.2463386E-14
0,245610,1.2450301E-14
0,245620,1.243723E-14
0,245630,1.24241725E-14
0,245640,1.2411129E-14
0,245650,1.23981E-14
0,245660,1.2385084E-14
0,245670,1.2372081E-14
0,245680,1.2359092E-14
0,245690,1.2346117E-14
0,245700,1.23331555E-14
0,245710,1.2320208E-14
0,245720,1.2307273E-14
0,245730,1.2294352E-14
0,245740,1.2281445E-14
0,245750,1.2268551E-14
0,245760,1.22556714E-14
0,245770,1.2242804E-14
0,245780,1.2229951E-14
0,245790,1.2217112E-14
0,245800,1.2204285E-14
0,245810,1.2191473E-14
0,245820,1.2178674E-14
0,245830,1.2165888E-14
0,245840,1.2153115E-14
0,245850,1.2140356E-14
0,245860,1.2127611E-14
0,245870,1.21148785E-14
0,245880,1.210216E-14
0,245890,1.2089455E-14
0,245900,1.2076763E-14
0,245910,1.2064084E-14
0,245920,1.2051418E-14
0,245930,1.2038766E-14
0,245940,1.2026127E-14
0,245950,1.2013501E-14
0,245960,1.2000889E-14
0,245970,1.198829E-14
0,245980,1.1975704E-14
0,245990,1.1963131E-14
0,246000,1.1950572E-14
0,246010,1.1938026E-14
0,246020,1.1925492E-14
0,246030,1.1912972E-14
0,246040,1.1900466E-14
0,246050,1.1887972E-14
0,246060,1.1875491E-14
0,246070,1.1863023E-14
0,246080,1.18505695E-14
0,246090,1.1838128E-14
0,246100,1.18257E-14
0,246110,1.1813285E-14
0,246120,1.18008825E-14
0,246130,1.1788493E-14
0,246140,1.1776117E-14
0,246150,1.1763754E-14
0,246160,1.1751404E-14
0,246170,1.1739066E-14
0,246180,1.17267426E-14
0,246190,1.1714431E-14
0,246200,1.1702132E-14
0,246210,1.1689847E-14
0,246220,1.1677574E-14
0,246230,1.1665315E-14
0,246240,1.1653068E-14
0,246250,1.1640834E-14
0,246260,1.1628613E-14
0,246270,1.1616405E-14
0,246280,1.1604209E-14
0,246290,1.1592026E-14
0,246300,1.1579856E-14
0,246310,1.1567699E-14
0,246320,1.1555555E-14
0,246330,1.15434235E-14
0,246340,1.1531304E-14
0,246350,1.1519198E-14
0,246360,1.1507104E-14
0,246370,1.1495024E-14
0,246380,1.1482956E-14
0,246390,1.14709005E-14
0,246400,1.1458857E-14
0,246410,1.1446828E-14
0,246420,1.143481E-14
0,246430,1.1422805E-14
0,246440,1.1410813E-14
0,246450,1.1398833E-14
0,246460,1.1386866E-14
0,246470,1.1374912E-14
0,246480,1.136297E-14
0,246490,1.135104E-14
0,246500,1.1339123E-14
0,246510,1.1327219E-14
0,246520,1.1315328E-14
0,246530,1.1303448E-14
0,246540,1.1291581E-14
0,246550,1.1279727E-14
0,246560,1.12678845E-14
0,246570,1.1256055E-14
0,246580,1.1244238E-14
0,246590,1.1232433E-14
0,246600,1.122064E-14
0,246610,1.1208861E-14
0,246620,1.1197093E-14
0,246630,1.1185338E-14
0,246640,1.11735945E-14
0,246650,1.1161864E-14
0,246660,1.1150146E-14
0,246670,1.113844E-14
0,246680,1.1126746E-14
0,246690,1.11150645E-14
0,246700,1.1103396E-14
0,246710,1.1091739E-14
0,246720,1.1080094E-14
0,246730,1.1068462E-14
0,246740,1.1056841E-14
0,246750,1.1045233E-14
0,246760,1.10336375E-14
0,246770,1.10220535E-14
0,246780,1.1010482E-14
0,246790,1.0998923E-14
0,246800,1.0987376E-14
0,246810,1.097584E-14
0,246820,1.0964317E-14
0,246830,1.0952807E-14
0,246840,1.09413075E-14
0,246850,1.0929821E-14
0,246860,1.0918346E-14
0,246870,1.0906884E-14
0,246880,1.0895433E-14
0,246890,1.0883995E-14
0,246900,1.0872568E-14
0,246910,1.0861154E-14
0,246920,1.0849751E-14
0,246930,1.083836E-14
0,246940,1.0826982E-14
0,246950,1.0815615E-14
0,246960,1.080426E-14
0,246970,1.07929175E-14
0,246980,1.0781586E-14
0,246990,1.0770267E-14
0,247000,1.075896E-14
0,247010,1.0747665E-14
0,247020,1.07363815E-14
0,247030,1.072511E-14
0,247040,1.071385E-14
0,247050,1.0702602E-14
0,247060,1.0691366E-14
0,247070,1.0680142E-14
0,247080,1.0668929E-14
0,247090,1.06577285E-14
0,247100,1.0646539E-14
0,247110,1.0635362E-14
0,247120,1.0624196E-14
0,247130,1.06130425E-14
0,247140,1.0601901E-14
0,247150,1.059077E-14
0,247160,1.05796516E-14
0,247170,1.05685444E-14
0,247180,1.0557449E-14
0,247190,1.0546365E-14
0,247200,1.0535293E-14
0,247210,1.0524233E-14
0,247220,1.0513184E-14
0,247230,1.0502146E-14
0,247240,1.04911205E-14
0,247250,1.04801066E-14
0,247260,1.04691045E-14
0,247270,1.0458113E-14
0,247280,1.0447133E-14
0,247290,1.0436166E-14
0,247300,1.04252095E-14
0,247310,1.0414264E-14
0,247320,1.0403331E-14
0,247330,1.0392409E-14
0,247340,1.0381498E-14
0,247350,1.03706E-14
0,247360,1.0359712E-14
0,247370,1.0348836E-14
0,247380,1.0337971E-14
0,247390,1.0327118E-14
0,247400,1.0316276E-14
0,247410,1.0305445E-14
0,247420,1.0294626E-14
0,247430,1.02838185E-14
0,247440,1.0273021E-14
0,247450,1.0262237E-14
0,247460,1.0251463E-14
0,247470,1.02407E-14
0,247480,1.0229949E-14
0,247490,1.0219209E-14
0,247500,1.0208481E-14
0,247510,1.0197763E-14
0,247520,1.0187057E-14
0,247530,1.0176362E-14
0,247540,1.0165679E-14
0,247550,1.0155006E-14
0,247560,1.0144344E-14
0,247570,1.0133695E-14
0,247580,1.0123056E-14
0,247590,1.0112428E-14
0,247600,1.01018115E-14
0,247610,1.0091206E-14
0,247620,1.0080612E-14
0,247630,1.0070029E-14
0,247640,1.00594565E-14
0,247650,1.0048896E-14
0,247660,1.0038346E-14
0,247670,1.0027807E-14
0,247680,1.0017279E-14
0,247690,1.0006763E-14
0,247700,9.996258E-15
0,247710,9.985763E-15
0,247720,9.975279E-15
0,247730,9.9648065E-15
0,247740,9.954345E-15
0,247750,9.943895E-15
0,247760,9.933455E-15
0,247770,9.9230266E-15
0,247780,9.912608E-15
0,247790,9.902201E-15
0,247800,9.891806E-15
0,247810,9.881421E-15
0,247820,9.871047E-15
0,247830,9.860684E-15
0,247840,9.850332E-15
0,247850,9.83999E-15
0,247860,9.82966E-15
0,247870,9.81934E-15
0,247880,9.809031E-15
0,247890,9.798733E-15
0,247900,9.788446E-15
0,247910,9.7781695E-15
0,247920,9.767904E-15
0,247930,9.757649E-15
0,247940,9.747405E-15
0,247950,9.7371714E-15
0,247960,9.7269494E-15
0,247970,9.716738E-15
0,247980,9.706536E-15
0,247990,9.696346E-15
0,248000,9.686166E-15
0,248010,9.675997E-15
0,248020,9.6658386E-15
0,248030,9.655691E-15
0,248040,9.645554E-15
0,248050,9.6354275E-15
0,248060,9.625311E-15
0,248070,9.615206E-15
0,248080,9.605112E-15
0,248090,9.595028E-15
0,248100,9.5849545E-15
0,248110,9.574892E-15
0,248120,9.56484E-15
0,248130,9.5547985E-15
0,248140,9.544767E-15
0,248150,9.534747E-15
0,248160,9.524736E-15
0,248170,9.514737E-15
0,248180,9.504748E-15
0,248190,9.494769E-15
0,248200,9.484801E-15
0,248210,9.474844E-15
0,248220,9.464896E-15
0,248230,9.4549595E-15
0,248240,9.445033E-15
0,248250,9.435118E-15
0,248260,9.425212E-15
0,248270,9.415317E-15
0,248280,9.405433E-15
0,248290,9.395558E-15
0,248300,9.385694E-15
0,248310,9.375841E-15
0,248320,9.365997E-15
0,248330,9.356164E-15
0,248340,9.346342E-15
0,248350,9.33653E-15
0,248360,9.326727E-15
0,248370,9.3169355E-15
0,248380,9.307155E-15
0,248390,9.2973835E-15
0,248400,9.287622E-15
0,248410,9.277872E-15
0,248420,9.268131E-15
0,248430,9.258401E-15
0,248440,9.248682E-15
0,248450,9.238971E-15
0,248460,9.229272E-15
0,248470,9.219583E-15
0,248480,9.209904E-15
0,248490,9.200235E-15
0,248500,9.190576E-15
0,248510,9.180927E-15
0,248520,9.171288E-15
0,248530,9.16166E-15
0,248540,9.152041E-15
0,248550,9.142433E-15
0,248560,9.132835E-15
0,248570,9.123247E-15
0,248580,9.113669E-15
0,248590,9.104101E-15
0,248600,9.094543E-15
0,248610,9.084995E-15
0,248620,9.0754574E-15
0,248630,9.065929E-15
0,248640,9.056411E-15
0,248650,9.046904E-15
0,248660,9.037405E-15
0,248670,9.027918E-15
0,248680,9.018439E-15
0,248690,9.008971E-15
0,248700,8.999513E-15
0,248710,8.9900655E-15
0,248720,8.980627E-15
0,248730,8.971199E-15
0,248740,8.9617805E-15
0,248750,8.952372E-15
0,248760,8.942973E-15
0,248770,8.9335845E-15
0,248780,8.924205E-15
0,248790,8.914836E-15
0,248800,8.905477E-15
0,248810,8.896128E-15
0,248820,8.8867885E-15
0,248830,8.877458E-15
0,248840,8.8681385E-15
0,248850,8.858828E-15
0,248860,8.8495275E-15
0,248870,8.840237E-15
0,248880,8.830956E-15
0,248890,8.821685E-15
0,248900,8.812423E-15
0,248910,8.803172E-15
0,248920,8.79393E-15
0,248930,8.784697E-15
0,248940,8.775475E-15
0,248950,8.766262E-15
0,248960,8.757059E-15
0,248970,8.747865E-15
0,248980,8.738681E-15
0,248990,8.729506E-15
0,249000,8.720342E-15
0,249010,8.711187E-15
0,249020,8.702041E-15
0,249030,8.692906E-15
0,249040,8.683779E-15
0,249050,8.674663E-15
0,249060,8.665555E-15
0,249070,8.656458E-15
0,249080,8.64737E-15
0,249090,8.638292E-15
0,249100,8.629223E-15
0,249110,8.620164E-15
0,249120,8.611113E-15
0,249130,8.602074E-15
0,249140,8.5930425E-15
0,249150,8.584021E-15
0,249160,8.575009E-15
0,249170,8.566006E-15
0,249180,8.557013E-15
0,249190,8.5480295E-15
0,249200,8.539056E-15
0,249210,8.530091E-15
0,249220,8.521135E-15
0,249230,8.51219E-15
0,249240,8.503253E-15
0,249250,8.494326E-15
0,249260,8.485408E-15
0,249270,8.4765E-15
0,249280,8.4676E-15
0,249290,8.458711E-15
0,249300,8.4498304E-15
0,249310,8.4409595E-15
0,249320,8.432098E-15
0,249330,8.4232455E-15
0,249340,8.4144024E-15
0,249350,8.405569E-15
0,249360,8.3967435E-15
0,249370,8.387928E-15
0,249380,8.379123E-15
0,249390,8.370325E-15
0,249400,8.361538E-15
0,249410,8.35276E-15
0,249420,8.34399E-15
0,249430,8.33523E-15
0,249440,8.3264796E-15
0,249450,8.317738E-15
0,249460,8.309006E-15
0,249470,8.3002825E-15
0,249480,8.291568E-15
0,249490,8.282863E-15
0,249500,8.274168E-15
0,249510,8.265481E-15
0,249520,8.2568035E-15
0,249530,8.248135E-15
0,249540,8.239476E-15
0,249550,8.230826E-15
0,249560,8.222184E-15
0,249570,8.213552E-15
0,249580,8.2049295E-15
0,249590,8.196315E-15
0,249600,8.187711E-15
0,249610,8.1791145E-15
0,249620,8.170528E-15
0,249630,8.16195E-15
0,249640,8.153382E-15
0,249650,8.1448215E-15
0,249660,8.136271E-15
0,249670,8.127729E-15
0,249680,8.119196E-15
0,249690,8.110672E-15
0,249700,8.1021564E-15
0,249710,8.0936505E-15
0,249720,8.085154E-15
0,249730,8.076666E-15
0,249740,8.068186E-15
0,249750,8.059716E-15
0,249760,8.051254E-15
0,249770,8.0428015E-15
0,249780,8.034358E-15
0,249790,8.0259235E-15
0,249800,8.017497E-15
0,249810,8.00908E-15
0,249820,8.000672E-15
0,249830,7.992272E-15
0,249840,7.983881E-15
0,249850,7.9755E-15
0,249860,7.967127E-15
0,249870,7.958762E-15
0,249880,7.950406E-15
0,249890,7.94206E-15
0,249900,7.933722E-15
0,249910,7.9253925E-15
0,249920,7.917072E-15
0,249930,7.90876E-15
0,249940,7.9004576E-15
0,249950,7.892163E-15
0,249960,7.883878E-15
0,249970,7.8756005E-15
0,249980,7.867333E-15
0,249990,7.859073E-15
0,250000,7.850822E-15
0,250010,7.84258E-15
0,250020,7.834347E-15
0,250030,7.826121E-15
0,250040,7.817905E-15
0,250050,7.809697E-15
0,250060,7.801499E-15
0,250070,7.793308E-15
0,250080,7.785126E-15
0,250090,7.776953E-15
0,250100,7.768789E-15
0,250110,7.760633E-15
0,250120,7.752485E-15
0,250130,7.744346E-15
0,250140,7.736215E-15
0,250150,7.728094E-15
0,250160,7.71998E-15
0,250170,7.711876E-15
0,250180,7.703779E-15
0,250190,7.695692E-15
0,250200,7.687612E-15
0,250210,7.679541E-15
0,250220,7.671479E-15
0,250230,7.663425E-15
0,250240,7.65538E-15
0,250250,7.647342E-15
0,250260,7.639314E-15
0,250270,7.631293E-15
0,250280,7.623282E-15
0,250290,7.6152785E-15
0,250300,7.607283E-15
0,250310,7.5992975E-15
0,250320,7.591319E-15
0,250330,7.58335E-15
0,250340,7.575388E-15
0,250350,7.567435E-15
0,250360,7.55949E-15
0,250370,7.551554E-15
0,250380,7.543626E-15
0,250390,7.5357065E-15
0,250400,7.527795E-15
0,250410,7.519892E-15
0,250420,7.511997E-15
0,250430,7.5041105E-15
0,250440,7.496232E-15
0,250450,7.4883625E-15
0,250460,7.480501E-15
0,250470,7.4726475E-15
0,250480,7.464802E-15
0,250490,7.4569655E-15
0,250500,7.449136E-15
0,250510,7.441317E-15
0,250520,7.4335035E-15
0,250530,7.4257E-15
0,250540,7.417904E-15
0,250550,7.410116E-15
0,250560,7.402337E-15
0,250570,7.3945654E-15
0,250580,7.386802E-15
0,250590,7.379047E-15
0,250600,7.3713E-15
0,250610,7.3635615E-15
0,250620,7.355831E-15
0,250630,7.348108E-15
0,250640,7.340394E-15
0,250650,7.332687E-15
0,250660,7.324989E-15
0,250670,7.317299E-15
0,250680,7.309617E-15
0,250690,7.301943E-15
0,250700,7.294278E-15
0,250710,7.2866196E-15
0,250720,7.278969E-15
0,250730,7.271327E-15
0,250740,7.263694E-15
0,250750,7.256068E-15
0,250760,7.2484506E-15
0,250770,7.24084E-15
0,250780,7.233239E-15
0,250790,7.225645E-15
0,250800,7.218059E-15
0,250810,7.2104815E-15
0,250820,7.2029115E-15
0,250830,7.195349E-15
0,250840,7.187795E-15
0,250850,7.180249E-15
0,250860,7.1727106E-15
0,250870,7.1651804E-15
0,250880,7.157658E-15
0,250890,7.150144E-15
0,250900,7.142637E-15
0,250910,7.135139E-15
0,250920,7.1276476E-15
0,250930,7.120165E-15
0,250940,7.11269E-15
0,250950,7.1052224E-15
0,250960,7.0977626E-15
0,250970,7.090311E-15
0,250980,7.0828675E-15
0,250990,7.0754314E-15
0,251000,7.0680033E-15
0,251010,7.060583E-15
0,251020,7.0531705E-15
0,251030,7.0457657E-15
0,251040,7.0383686E-15
0,251050,7.0309795E-15
0,251060,7.023598E-15
0,251070,7.016224E-15
0,251080,7.008858E-15
0,251090,7.0015E-15
0,251100,6.9941493E-15
0,251110,6.9868067E-15
0,251120,6.9794714E-15
0,251130,6.972144E-15
0,251140,6.9648245E-15
0,251150,6.9575125E-15
0,251160,6.950208E-15
0,251170,6.9429114E-15
0,251180,6.9356222E-15
0,251190,6.9283407E-15
0,251200,6.9210672E-15
0,251210,6.913801E-15
0,251220,6.9065428E-15
0,251230,6.8992917E-15
0,251240,6.8920487E-15
0,251250,6.884813E-15
0,251260,6.877585E-15
0,251270,6.8703647E-15
0,251280,6.863152E-15
0,251290,6.8559465E-15
0,251300,6.848749E-15
0,251310,6.8415584E-15
0,251320,6.834376E-15
0,251330,6.8272008E-15
0,251340,6.820033E-15
0,251350,6.812873E-15
0,251360,6.805721E-15
0,251370,6.7985757E-15
0,251380,6.791438E-15
0,251390,6.7843083E-15
0,251400,6.7771856E-15
0,251410,6.770071E-15
0,251420,6.762963E-15
0,251430,6.7558632E-15
0,251440,6.7487706E-15
0,251450,6.741685E-15
0,251460,6.7346073E-15
0,251470,6.727537E-15
0,251480,6.720474E-15
0,251490,6.713419E-15
0,251500,6.7063707E-15
0,251510,6.69933E-15
0,251520,6.6922968E-15
0,251530,6.6852706E-15
0,251540,6.678252E-15
0,251550,6.671241E-15
0,251560,6.664237E-15
0,251570,6.6572406E-15
0,251580,6.6502518E-15
0,251590,6.64327E-15
0,251600,6.6362956E-15
0,251610,6.6293283E-15
0,251620,6.6223683E-15
0,251630,6.615416E-15
0,251640,6.608471E-15
0,251650,6.601533E-15
0,251660,6.594602E-15
0,251670,6.587679E-15
0,251680,6.580763E-15
0,251690,6.573854E-15
0,251700,6.5669524E-15
0,251710,6.5600584E-15
0,251720,6.553171E-15
0,251730,6.546291E-15
0,251740,6.5394188E-15
0,251750,6.532553E-15
0,251760,6.525695E-15
0,251770,6.518844E-15
0,251780,6.5120003E-15
0,251790,6.5051635E-15
0,251800,6.498334E-15
0,251810,6.491512E-15
0,251820,6.4846966E-15
0,251830,6.4778886E-15
0,251840,6.4710878E-15
0,251850,6.464294E-15
0,251860,6.4575077E-15
0,251870,6.450728E-15
0,251880,6.443956E-15
0,251890,6.4371908E-15
0,251900,6.4304327E-15
0,251910,6.4236815E-15
0,251920,6.416938E-15
0,251930,6.410201E-15
0,251940,6.4034712E-15
0,251950,6.3967488E-15
0,251960,6.390033E-15
0,251970,6.383324E-15
0,251980,6.376623E-15
0,251990,6.3699283E-15
0,252000,6.363241E-15
0,252010,6.3565604E-15
0,252020,6.349887E-15
0,252030,6.3432205E-15
0,252040,6.336561E-15
0,252050,6.3299086E-15
0,252060,6.323263E-15
0,252070,6.3166245E-15
0,252080,6.309993E-15
0,252090,6.3033685E-15
0,252100,6.296751E-15
0,252110,6.2901404E-15
0,252120,6.2835365E-15
0,252130,6.2769398E-15
0,252140,6.27035E-15
0,252150,6.263767E-15
0,252160,6.257191E-15
0,252170,6.250622E-15
0,252180,6.2440596E-15
0,252190,6.2375045E-15
0,252200,6.230956E-15
0,252210,6.2244144E-15
0,252220,6.2178796E-15
0,252230,6.211352E-15
0,252240,6.204831E-15
0,252250,6.198317E-15
0,252260,6.1918096E-15
0,252270,6.185309E-15
0,252280,6.1788152E-15
0,252290,6.1723282E-15
0,252300,6.1658484E-15
0,252310,6.1593754E-15
0,252320,6.1529087E-15
0,252330,6.1464493E-15
0,252340,6.139996E-15
0,252350,6.1335502E-15
0,252360,6.1271107E-15
0,252370,6.1206783E-15
0,252380,6.1142527E-15
0,252390,6.1078335E-15
0,252400,6.101421E-15
0,252410,6.0950157E-15
0,252420,6.088617E-15
0,252430,6.0822247E-15
0,252440,6.0758393E-15
0,252450,6.0694603E-15
0,252460,6.0630885E-15
0,252470,6.056723E-15
0,252480,6.0503644E-15
0,252490,6.0440125E-15
0,252500,6.037667E-15
0,252510,6.0313286E-15
0,252520,6.0249966E-15
0,252530,6.018671E-15
0,252540,6.0123525E-15
0,252550,6.0060404E-15
0,252560,5.9997347E-15
0,252570,5.993436E-15
0,252580,5.987144E-15
0,252590,5.980858E-15
0,252600,5.974579E-15
0,252610,5.968307E-15
0,252620,5.962041E-15
0,252630,5.9557817E-15
0,252640,5.949529E-15
0,252650,5.943283E-15
0,252660,5.9370432E-15
0,252670,5.9308103E-15
0,252680,5.924584E-15
0,252690,5.918364E-15
0,252700,5.9121506E-15
0,252710,5.9059436E-15
0,252720,5.8997433E-15
0,252730,5.8935494E-15
0,252740,5.8873622E-15
0,252750,5.8811814E-15
0,252760,5.875007E-15
0,252770,5.868839E-15
0,252780,5.8626776E-15
0,252790,5.8565226E-15
0,252800,5.8503744E-15
0,252810,5.844232E-15
0,252820,5.8380967E-15
0,252830,5.8319675E-15
0,252840,5.8258448E-15
0,252850,5.8197288E-15
0,252860,5.8136187E-15
0,252870,5.8075154E-15
0,252880,5.801418E-15
0,252890,5.7953274E-15
0,252900,5.789243E-15
0,252910,5.7831657E-15
0,252920,5.777094E-15
0,252930,5.771029E-15
0,252940,5.76497E-15
0,252950,5.7589177E-15
0,252960,5.752872E-15
0,252970,5.7468322E-15
0,252980,5.740799E-15
0,252990,5.7347718E-15
0,253000,5.7287515E-15
0,253010,5.722737E-15
0,253020,5.716729E-15
0,253030,5.7107275E-15
0,253040,5.7047317E-15
0,253050,5.698743E-15
0,253060,5.6927598E-15
0,253070,5.686783E-15
0,253080,5.6808132E-15
0,253090,5.6748493E-15
0,253100,5.6688912E-15
0,253110,5.66294E-15
0,253120,5.6569947E-15
0,253130,5.6510557E-15
0,253140,5.6451227E-15
0,253150,5.6391964E-15
0,253160,5.633276E-15
0,253170,5.6273616E-15
0,253180,5.621454E-15
0,253190,5.6155523E-15
0,253200,5.609657E-15
0,253210,5.6037675E-15
0,253220,5.5978845E-15
0,253230,5.5920073E-15
0,253240,5.5861365E-15
0,253250,5.580272E-15
0,253260,5.5744136E-15
0,253270,5.5685615E-15
0,253280,5.5627152E-15
0,253290,5.556875E-15
0,253300,5.551041E-15
0,253310,5.5452134E-15
0,253320,5.5393918E-15
0,253330,5.5335765E-15
0,253340,5.5277667E-15
0,253350,5.5219636E-15
0,253360,5.516166E-15
0,253370,5.510375E-15
0,253380,5.50459E-15
0,253390,5.4988113E-15
0,253400,5.4930383E-15
0,253410,5.4872713E-15
0,253420,5.4815106E-15
0,253430,5.4757554E-15
0,253440,5.470007E-15
0,253450,5.464264E-15
0,253460,5.4585276E-15
0,253470,5.452797E-15
0,253480,5.4470724E-15
0,253490,5.4413536E-15
0,253500,5.4356412E-15
0,253510,5.4299344E-15
0,253520,5.424234E-15
0,253530,5.4185392E-15
0,253540,5.4128505E-15
0,253550,5.407168E-15
0,253560,5.4014914E-15
0,253570,5.3958205E-15
0,253580,5.3901556E-15
0,253590,5.3844965E-15
0,253600,5.378844E-15
0,253610,5.3731967E-15
0,253620,5.367556E-15
0,253630,5.3619206E-15
0,253640,5.3562916E-15
0,253650,5.350668E-15
0,253660,5.3450506E-15
0,253670,5.339439E-15
0,253680,5.333834E-15
0,253690,5.328234E-15
0,253700,5.3226403E-15
0,253710,5.317052E-15
0,253720,5.31147E-15
0,253730,5.3058936E-15
0,253740,5.3003235E-15
0,253750,5.294759E-15
0,253760,5.2892003E-15
0,253770,5.283647E-15
0,253780,5.2781003E-15
0,253790,5.272559E-15
0,253800,5.2670237E-15
0,253810,5.261494E-15
0,253820,5.2559703E-15
0,253830,5.2504523E-15
0,253840,5.24494E-15
0,253850,5.2394337E-15
0,253860,5.233933E-15
0,253870,5.2284383E-15
0,253880,5.222949E-15
0,253890,5.217466E-15
0,253900,5.211988E-15
0,253910,5.2065163E-15
0,253920,5.2010504E-15
0,253930,5.19559E-15
0,253940,5.1901355E-15
0,253950,5.1846866E-15
0,253960,5.1792435E-15
0,253970,5.173806E-15
0,253980,5.1683744E-15
0,253990,5.1629483E-15
0,254000,5.1575277E-15
0,254010,5.152113E-15
0,254020,5.1467043E-15
0,254030,5.141301E-15
0,254040,5.1359034E-15
0,254050,5.1305116E-15
0,254060,5.1251253E-15
0,254070,5.1197445E-15
0,254080,5.1143697E-15
0,254090,5.1090003E-15
0,254100,5.1036365E-15
0,254110,5.0982786E-15
0,254120,5.092926E-15
0,254130,5.0875793E-15
0,254140,5.082238E-15
0,254150,5.0769025E-15
0,254160,5.0715725E-15
0,254170,5.066248E-15
0,254180,5.0609295E-15
0,254190,5.055616E-15
0,254200,5.0503086E-15
0,254210,5.045006E-15
0,254220,5.03971E-15
0,254230,5.034419E-15
0,254240,5.0291336E-15
0,254250,5.0238536E-15
0,254260,5.0185796E-15
0,254270,5.0133106E-15
0,254280,5.0080476E-15
0,254290,5.0027896E-15
0,254300,4.9975376E-15
0,254310,4.9922906E-15
0,254320,4.9870496E-15
0,254330,4.981814E-15
0,254340,4.976584E-15
0,254350,4.971359E-15
0,254360,4.96614E-15
0,254370,4.9609263E-15
0,254380,4.955718E-15
0,254390,4.9505154E-15
0,254400,4.945318E-15
0,254410,4.940126E-15
0,254420,4.9349397E-15
0,254430,4.929759E-15
0,254440,4.9245835E-15
0,254450,4.919413E-15
0,254460,4.9142484E-15
0,254470,4.9090896E-15
0,254480,4.9039354E-15
0,254490,4.898787E-15
0,254500,4.8936443E-15
0,254510,4.8885067E-15
0,254520,4.8833745E-15
0,254530,4.8782474E-15
0,254540,4.8731262E-15
0,254550,4.86801E-15
0,254560,4.862899E-15
0,254570,4.857794E-15
0,254580,4.852694E-15
0,254590,4.8475996E-15
0,254600,4.8425102E-15
0,254610,4.8374263E-15
0,254620,4.8323475E-15
0,254630,4.8272746E-15
0,254640,4.8222064E-15
0,254650,4.817144E-15
0,254660,4.812087E-15
0,254670,4.807035E-15
0,254680,4.801988E-15
0,254690,4.7969466E-15
0,254700,4.7919106E-15
0,254710,4.78688E-15
0,254720,4.781854E-15
0,254730,4.7768343E-15
0,254740,4.771819E-15
0,254750,4.7668096E-15
0,254760,4.761805E-15
0,254770,4.7568057E-15
0,254780,4.751812E-15
0,254790,4.746823E-15
0,254800,4.7418395E-15
0,254810,4.7368615E-15
0,254820,4.7318886E-15
0,254830,4.7269207E-15
0,254840,4.7219584E-15
0,254850,4.7170007E-15
0,254860,4.7120485E-15
0,254870,4.707102E-15
0,254880,4.70216E-15
0,254890,4.6972233E-15
0,254900,4.692292E-15
0,254910,4.687366E-15
0,254920,4.6824447E-15
0,254930,4.677529E-15
0,254940,4.6726183E-15
0,254950,4.6677127E-15
0,254960,4.662812E-15
0,254970,4.657917E-15
0,254980,4.653027E-15
0,254990,4.648142E-15
0,255000,4.6432622E-15
0,255010,4.638387E-15
0,255020,4.6335176E-15
0,255030,4.628653E-15
0,255040,4.6237936E-15
0,255050,4.6189397E-15
0,255060,4.6140904E-15
0,255070,4.6092462E-15
0,255080,4.604407E-15
0,255090,4.599573E-15
0,255100,4.594744E-15
0,255110,4.5899208E-15
0,255120,4.585102E-15
0,255130,4.5802883E-15
0,255140,4.5754797E-15
0,255150,4.570676E-15
0,255160,4.5658773E-15
0,255170,4.561084E-15
0,255180,4.5562957E-15
0,255190,4.551512E-15
0,255200,4.5467335E-15
0,255210,4.54196E-15
0,255220,4.5371917E-15
0,255230,4.5324284E-15
0,255240,4.52767E-15
0,255250,4.5229167E-15
0,255260,4.518168E-15
0,255270,4.513425E-15
0,255280,4.5086865E-15
0,255290,4.5039533E-15
0,255300,4.4992247E-15
0,255310,4.4945012E-15
0,255320,4.4897824E-15
0,255330,4.485069E-15
0,255340,4.4803604E-15
0,255350,4.4756564E-15
0,255360,4.470958E-15
0,255370,4.466264E-15
0,255380,4.461575E-15
0,255390,4.4568913E-15
0,255400,4.452212E-15
0,255410,4.447538E-15
0,255420,4.4428686E-15
0,255430,4.4382045E-15
0,255440,4.433545E-15
0,255450,4.42889E-15
0,255460,4.4242407E-15
0,255470,4.4195956E-15
0,255480,4.414956E-15
0,255490,4.410321E-15
0,255500,4.4056907E-15
0,255510,4.4010655E-15
0,255520,4.396445E-15
0,255530,4.3918294E-15
0,255540,4.3872186E-15
0,255550,4.3826124E-15
0,255560,4.3780113E-15
0,255570,4.3734153E-15
0,255580,4.3688236E-15
0,255590,4.3642373E-15
0,255600,4.3596553E-15
0,255610,4.3550783E-15
0,255620,4.350506E-15
0,255630,4.345939E-15
0,255640,4.3413763E-15
0,255650,4.3368184E-15
0,255660,4.3322656E-15
0,255670,4.327717E-15
0,255680,4.3231736E-15
0,255690,4.318635E-15
0,255700,4.314101E-15
0,255710,4.309572E-15
0,255720,4.3050475E-15
0,255730,4.300528E-15
0,255740,4.296013E-15
0,255750,4.291503E-15
0,255760,4.2869972E-15
0,255770,4.2824965E-15
0,255780,4.278001E-15
0,255790,4.2735095E-15
0,255800,4.2690228E-15
0,255810,4.264541E-15
0,255820,4.2600637E-15
0,255830,4.2555914E-15
0,255840,4.2511237E-15
0,255850,4.2466607E-15
0,255860,4.2422023E-15
0,255870,4.2377486E-15
0,255880,4.2332996E-15
0,255890,4.228855E-15
0,255900,4.2244155E-15
0,255910,4.219981E-15
0,255920,4.2155504E-15
0,255930,4.2111247E-15
0,255940,4.2067036E-15
0,255950,4.202287E-15
0,255960,4.1978754E-15
0,255970,4.1934683E-15
0,255980,4.189066E-15
0,255990,4.1846676E-15
0,256000,4.1802745E-15
0,256010,4.175886E-15
0,256020,4.1715017E-15
0,256030,4.1671226E-15
0,256040,4.1627477E-15
0,256050,4.1583774E-15
0,256060,4.1540114E-15
0,256070,4.1496504E-15
0,256080,4.145294E-15
0,256090,4.140942E-15
0,256100,4.1365947E-15
0,256110,4.132252E-15
0,256120,4.1279134E-15
0,256130,4.12358E-15
0,256140,4.119251E-15
0,256150,4.1149263E-15
0,256160,4.110606E-15
0,256170,4.1062904E-15
0,256180,4.1019794E-15
0,256190,4.097673E-15
0,256200,4.093371E-15
0,256210,4.089074E-15
0,256220,4.084781E-15
0,256230,4.0804923E-15
0,256240,4.0762084E-15
0,256250,4.071929E-15
0,256260,4.0676542E-15
0,256270,4.063384E-15
0,256280,4.059118E-15
0,256290,4.0548564E-15
0,256300,4.0505992E-15
0,256310,4.0463467E-15
0,256320,4.042099E-15
0,256330,4.037855E-15
0,256340,4.033616E-15
0,256350,4.0293815E-15
0,256360,4.025151E-15
0,256370,4.020925E-15
0,256380,4.016704E-15
0,256390,4.012487E-15
0,256400,4.0082743E-15
0,256410,4.004066E-15
0,256420,3.999863E-15
0,256430,3.995663E-15
0,256440,3.9914687E-15
0,256450,3.987278E-15
0,256460,3.983092E-15
0,256470,3.9789106E-15
0,256480,3.974733E-15
0,256490,3.97056E-15
0,256500,3.966392E-15
0,256510,3.962228E-15
0,256520,3.958068E-15
0,256530,3.9539125E-15
0,256540,3.9497616E-15
0,256550,3.945615E-15
0,256560,3.9414726E-15
0,256570,3.937335E-15
0,256580,3.933201E-15
0,256590,3.9290716E-15
0,256600,3.924947E-15
0,256610,3.920826E-15
0,256620,3.91671E-15
0,256630,3.912598E-15
0,256640,3.9084904E-15
0,256650,3.904387E-15
0,256660,3.9002877E-15
0,256670,3.896193E-15
0,256680,3.892103E-15
0,256690,3.8880168E-15
0,256700,3.883935E-15
0,256710,3.8798573E-15
0,256720,3.875784E-15
0,256730,3.871715E-15
0,256740,3.8676503E-15
0,256750,3.86359E-15
0,256760,3.8595336E-15
0,256770,3.855482E-15
0,256780,3.851434E-15
0,256790,3.8473905E-15
0,256800,3.8433514E-15
0,256810,3.8393166E-15
0,256820,3.8352856E-15
0,256830,3.831259E-15
0,256840,3.827237E-15
0,256850,3.823219E-15
0,256860,3.819205E-15
0,256870,3.8151956E-15
0,256880,3.81119E-15
0,256890,3.807189E-15
0,256900,3.803192E-15
0,256910,3.7991994E-15
0,256920,3.7952107E-15
0,256930,3.7912263E-15
0,256940,3.787246E-15
0,256950,3.78327E-15
0,256960,3.779298E-15
0,256970,3.7753305E-15
0,256980,3.7713668E-15
0,256990,3.7674077E-15
0,257000,3.7634525E-15
0,257010,3.759501E-15
0,257020,3.7555544E-15
0,257030,3.7516114E-15
0,257040,3.747673E-15
0,257050,3.7437387E-15
0,257060,3.739808E-15
0,257070,3.735882E-15
0,257080,3.73196E-15
0,257090,3.728042E-15
0,257100,3.7241277E-15
0,257110,3.7202183E-15
0,257120,3.7163126E-15
0,257130,3.7124107E-15
0,257140,3.708513E-15
0,257150,3.7046197E-15
0,257160,3.7007306E-15
0,257170,3.6968457E-15
0,257180,3.692964E-15
0,257190,3.6890873E-15
0,257200,3.685214E-15
0,257210,3.6813454E-15
0,257220,3.6774804E-15
0,257230,3.6736196E-15
0,257240,3.669763E-15
0,257250,3.6659103E-15
0,257260,3.6620614E-15
0,257270,3.6582167E-15
0,257280,3.6543763E-15
0,257290,3.6505396E-15
0,257300,3.6467072E-15
0,257310,3.6428786E-15
0,257320,3.6390543E-15
0,257330,3.6352337E-15
0,257340,3.6314174E-15
0,257350,3.627605E-15
0,257360,3.6237967E-15
0,257370,3.619992E-15
0,257380,3.6161916E-15
0,257390,3.612395E-15
0,257400,3.6086026E-15
0,257410,3.6048143E-15
0,257420,3.6010297E-15
0,257430,3.597249E-15
0,257440,3.5934725E-15
0,257450,3.5897E-15
0,257460,3.5859313E-15
0,257470,3.5821667E-15
0,257480,3.578406E-15
0,257490,3.574649E-15
0,257500,3.570896E-15
0,257510,3.567147E-15
0,257520,3.5634024E-15
0,257530,3.5596615E-15
0,257540,3.5559244E-15
0,257550,3.5521908E-15
0,257560,3.5484616E-15
0,257570,3.5447363E-15
0,257580,3.5410149E-15
0,257590,3.5372975E-15
0,257600,3.5335837E-15
0,257610,3.529874E-15
0,257620,3.526168E-15
0,257630,3.5224661E-15
0,257640,3.5187682E-15
0,257650,3.515074E-15
0,257660,3.5113836E-15
0,257670,3.5076973E-15
0,257680,3.5040146E-15
0,257690,3.500336E-15
0,257700,3.496661E-15
0,257710,3.4929902E-15
0,257720,3.489323E-15
0,257730,3.4856598E-15
0,257740,3.4820004E-15
0,257750,3.4783448E-15
0,257760,3.474693E-15
0,257770,3.471045E-15
0,257780,3.467401E-15
0,257790,3.4637608E-15
0,257800,3.4601243E-15
0,257810,3.4564918E-15
0,257820,3.4528629E-15
0,257830,3.449238E-15
0,257840,3.4456167E-15
0,257850,3.4419993E-15
0,257860,3.4383858E-15
0,257870,3.434776E-15
0,257880,3.43117E-15
0,257890,3.4275677E-15
0,257900,3.4239693E-15
0,257910,3.4203747E-15
0,257920,3.4167837E-15
0,257930,3.4131968E-15
0,257940,3.4096134E-15
0,257950,3.4060338E-15
0,257960,3.4024579E-15
0,257970,3.398886E-15
0,257980,3.3953176E-15
0,257990,3.3917529E-15
0,258000,3.3881921E-15
0,258010,3.384635E-15
0,258020,3.3810817E-15
0,258030,3.377532E-15
0,258040,3.3739861E-15
0,258050,3.370444E-15
0,258060,3.3669056E-15
0,258070,3.3633707E-15
0,258080,3.3598396E-15
0,258090,3.3563124E-15
0,258100,3.3527887E-15
0,258110,3.3492689E-15
0,258120,3.3457526E-15
0,258130,3.3422402E-15
0,258140,3.3387311E-15
0,258150,3.3352261E-15
0,258160,3.3317245E-15
0,258170,3.3282267E-15
0,258180,3.3247326E-15
0,258190,3.3212422E-15
0,258200,3.3177552E-15
0,258210,3.3142722E-15
0,258220,3.3107926E-15
0,258230,3.3073168E-15
0,258240,3.3038446E-15
0,258250,3.3003762E-15
0,258260,3.2969112E-15
0,258270,3.29345E-15
0,258280,3.2899922E-15
0,258290,3.2865382E-15
0,258300,3.2830878E-15
0,258310,3.2796413E-15
0,258320,3.276198E-15
0,258330,3.2727585E-15
0,258340,3.2693225E-15
0,258350,3.2658903E-15
0,258360,3.2624615E-15
0,258370,3.2590366E-15
0,258380,3.255615E-15
0,258390,3.2521972E-15
0,258400,3.2487828E-15
0,258410,3.245372E-15
0,258420,3.2419648E-15
0,258430,3.2385612E-15
0,258440,3.2351612E-15
0,258450,3.2317648E-15
0,258460,3.228372E-15
0,258470,3.2249827E-15
0,258480,3.2215969E-15
0,258490,3.2182149E-15
0,258500,3.214836E-15
0,258510,3.211461E-15
0,258520,3.2080894E-15
0,258530,3.2047214E-15
0,258540,3.201357E-15
0,258550,3.197996E-15
0,258560,3.1946385E-15
0,258570,3.1912847E-15
0,258580,3.1879343E-15
0,258590,3.1845874E-15
0,258600,3.1812442E-15
0,258610,3.1779044E-15
0,258620,3.1745679E-15
0,258630,3.171235E-15
0,258640,3.1679058E-15
0,258650,3.1645799E-15
0,258660,3.1612576E-15
0,258670,3.1579387E-15
0,258680,3.1546234E-15
0,258690,3.1513115E-15
0,258700,3.148003E-15
0,258710,3.1446981E-15
0,258720,3.1413968E-15
0,258730,3.1380989E-15
0,258740,3.1348041E-15
0,258750,3.1315132E-15
0,258760,3.1282254E-15
0,258770,3.1249413E-15
0,258780,3.1216607E-15
0,258790,3.1183833E-15
0,258800,3.1151096E-15
0,258810,3.1118392E-15
0,258820,3.1085722E-15
0,258830,3.1053085E-15
0,258840,3.1020485E-15
0,258850,3.098792E-15
0,258860,3.0955384E-15
0,258870,3.0922886E-15
0,258880,3.0890423E-15
0,258890,3.0857993E-15
0,258900,3.0825596E-15
0,258910,3.0793235E-15
0,258920,3.0760906E-15
0,258930,3.072861E-15
0,258940,3.0696351E-15
0,258950,3.0664124E-15
0,258960,3.0631932E-15
0,258970,3.0599772E-15
0,258980,3.0567647E-15
0,258990,3.0535555E-15
0,259000,3.0503497E-15
0,259010,3.0471475E-15
0,259020,3.0439484E-15
0,259030,3.0407526E-15
0,259040,3.0375603E-15
0,259050,3.0343712E-15
0,259060,3.0311858E-15
0,259070,3.0280034E-15
0,259080,3.0248245E-15
0,259090,3.0216488E-15
0,259100,3.0184764E-15
0,259110,3.0153075E-15
0,259120,3.012142E-15
0,259130,3.0089797E-15
0,259140,3.0058207E-15
0,259150,3.002665E-15
0,259160,2.9995126E-15
0,259170,2.9963636E-15
0,259180,2.993218E-15
0,259190,2.9900754E-15
0,259200,2.9869363E-15
0,259210,2.9838006E-15
0,259220,2.9806679E-15
0,259230,2.9775387E-15
0,259240,2.9744127E-15
0,259250,2.97129E-15
0,259260,2.9681705E-15
0,259270,2.9650545E-15
0,259280,2.9619417E-15
0,259290,2.958832E-15
0,259300,2.9557257E-15
0,259310,2.9526226E-15
0,259320,2.9495229E-15
0,259330,2.9464263E-15
0,259340,2.943333E-15
0,259350,2.9402428E-15
0,259360,2.937156E-15
0,259370,2.9340724E-15
0,259380,2.9309921E-15
0,259390,2.927915E-15
0,259400,2.9248412E-15
0,259410,2.9217705E-15
0,259420,2.9187032E-15
0,259430,2.9156388E-15
0,259440,2.9125778E-15
0,259450,2.90952E-15
0,259460,2.9064657E-15
0,259470,2.9034142E-15
0,259480,2.900366E-15
0,259490,2.897321E-15
0,259500,2.8942794E-15
0,259510,2.8912409E-15
0,259520,2.8882055E-15
0,259530,2.8851732E-15
0,259540,2.8821442E-15
0,259550,2.8791184E-15
0,259560,2.8760957E-15
0,259570,2.8730763E-15
0,259580,2.87006E-15
0,259590,2.8670469E-15
0,259600,2.864037E-15
0,259610,2.8610302E-15
0,259620,2.8580264E-15
0,259630,2.855026E-15
0,259640,2.8520285E-15
0,259650,2.8490343E-15
0,259660,2.8460432E-15
0,259670,2.8430553E-15
0,259680,2.8400706E-15
0,259690,2.837089E-15
0,259700,2.8341104E-15
0,259710,2.831135E-15
0,259720,2.8281628E-15
0,259730,2.8251937E-15
0,259740,2.8222276E-15
0,259750,2.8192647E-15
0,259760,2.816305E-15
0,259770,2.8133481E-15
0,259780,2.8103945E-15
0,259790,2.8074441E-15
0,259800,2.8044967E-15
0,259810,2.8015524E-15
0,259820,2.7986113E-15
0,259830,2.7956731E-15
0,259840,2.792738E-15
0,259850,2.7898061E-15
0,259860,2.786877E-15
0,259870,2.7839514E-15
0,259880,2.7810285E-15
0,259890,2.778109E-15
0,259900,2.7751923E-15
0,259910,2.772279E-15
0,259920,2.7693683E-15
0,259930,2.7664609E-15
0,259940,2.7635566E-15
0,259950,2.7606553E-15
0,259960,2.757757E-15
0,259970,2.7548618E-15
0,259980,2.7519696E-15
0,259990,2.7490804E-15
0,260000,2.7461943E-15
0,260010,2.7433112E-15
0,260020,2.740431E-15
0,260030,2.737554E-15
0,260040,2.73468E-15
0,260050,2.731809E-15
0,260060,2.728941E-15
0,260070,2.726076E-15
0,260080,2.723214E-15
0,260090,2.7203552E-15
0,260100,2.7174992E-15
0,260110,2.7146462E-15
0,260120,2.711796E-15
0,260130,2.7089492E-15
0,260140,2.7061053E-15
0,260150,2.7032641E-15
0,260160,2.7004262E-15
0,260170,2.6975911E-15
0,260180,2.694759E-15
0,260190,2.69193E-15
0,260200,2.6891039E-15
0,260210,2.6862807E-15
0,260220,2.6834605E-15
0,260230,2.6806433E-15
0,260240,2.677829E-15
0,260250,2.6750177E-15
0,260260,2.6722094E-15
0,260270,2.6694038E-15
0,260280,2.6666014E-15
0,260290,2.663802E-15
0,260300,2.6610052E-15
0,260310,2.6582115E-15
0,260320,2.655421E-15
0,260330,2.6526332E-15
0,260340,2.6498483E-15
0,260350,2.6470663E-15
0,260360,2.6442874E-15
0,260370,2.6415112E-15
0,260380,2.638738E-15
0,260390,2.6359676E-15
0,260400,2.6332003E-15
0,260410,2.6304358E-15
0,260420,2.6276743E-15
0,260430,2.6249157E-15
0,260440,2.62216E-15
0,260450,2.619407E-15
0,260460,2.616657E-15
0,260470,2.61391E-15
0,260480,2.6111656E-15
0,260490,2.6084244E-15
0,260500,2.605686E-15
0,260510,2.6029502E-15
0,260520,2.6002175E-15
0,260530,2.5974877E-15
0,260540,2.5947607E-15
0,260550,2.5920367E-15
0,260560,2.5893153E-15
0,260570,2.586597E-15
0,260580,2.5838814E-15
0,260590,2.5811688E-15
0,260600,2.578459E-15
0,260610,2.575752E-15
0,260620,2.5730479E-15
0,260630,2.5703465E-15
0,260640,2.567648E-15
0,260650,2.5649523E-15
0,260660,2.5622596E-15
0,260670,2.5595695E-15
0,260680,2.5568825E-15
0,260690,2.554198E-15
0,260700,2.5515165E-15
0,260710,2.5488378E-15
0,260720,2.546162E-15
0,260730,2.5434887E-15
0,260740,2.5408185E-15
0,260750,2.538151E-15
0,260760,2.5354864E-15
0,260770,2.5328246E-15
0,260780,2.5301653E-15
0,260790,2.527509E-15
0,260800,2.5248555E-15
0,260810,2.522205E-15
0,260820,2.5195569E-15
0,260830,2.5169118E-15
0,260840,2.5142695E-15
0,260850,2.5116297E-15
0,260860,2.508993E-15
0,260870,2.5063588E-15
0,260880,2.5037275E-15
0,260890,2.501099E-15
0,260900,2.4984732E-15
0,260910,2.4958501E-15
0,260920,2.49323E-15
0,260930,2.4906125E-15
0,260940,2.4879977E-15
0,260950,2.4853857E-15
0,260960,2.4827764E-15
0,260970,2.4801699E-15
0,260980,2.477566E-15
0,260990,2.4749648E-15
0,261000,2.4723666E-15
0,261010,2.469771E-15
0,261020,2.467178E-15
0,261030,2.4645878E-15
0,261040,2.4620004E-15
0,261050,2.4594156E-15
0,261060,2.4568337E-15
0,261070,2.4542545E-15
0,261080,2.4516778E-15
0,261090,2.4491039E-15
0,261100,2.4465327E-15
0,261110,2.4439643E-15
0,261120,2.4413984E-15
0,261130,2.4388353E-15
0,261140,2.436275E-15
0,261150,2.433717E-15
0,261160,2.4311622E-15
0,261170,2.4286097E-15
0,261180,2.4260601E-15
0,261190,2.423513E-15
0,261200,2.4209688E-15
0,261210,2.418427E-15
0,261220,2.415888E-15
0,261230,2.4133519E-15
0,261240,2.4108182E-15
0,261250,2.4082873E-15
0,261260,2.4057589E-15
0,261270,2.4032332E-15
0,261280,2.4007101E-15
0,261290,2.3981898E-15
0,261300,2.395672E-15
0,261310,2.393157E-15
0,261320,2.3906444E-15
0,261330,2.3881346E-15
0,261340,2.3856274E-15
0,261350,2.3831228E-15
0,261360,2.3806208E-15
0,261370,2.3781217E-15
0,261380,2.375625E-15
0,261390,2.373131E-15
0,261400,2.3706394E-15
0,261410,2.3681506E-15
0,261420,2.3656646E-15
0,261430,2.3631808E-15
0,261440,2.3606999E-15
0,261450,2.3582215E-15
0,261460,2.3557456E-15
0,261470,2.3532725E-15
0,261480,2.3508019E-15
0,261490,2.348334E-15
0,261500,2.3458685E-15
0,261510,2.3434058E-15
0,261520,2.3409456E-15
0,261530,2.338488E-15
0,261540,2.3360328E-15
0,261550,2.3335804E-15
0,261560,2.3311304E-15
0,261570,2.328683E-15
0,261580,2.3262383E-15
0,261590,2.3237961E-15
0,261600,2.3213565E-15
0,261610,2.3189193E-15
0,261620,2.3164848E-15
0,261630,2.314053E-15
0,261640,2.3116234E-15
0,261650,2.3091967E-15
0,261660,2.3067723E-15
0,261670,2.3043506E-15
0,261680,2.3019313E-15
0,261690,2.2995147E-15
0,261700,2.2971004E-15
0,261710,2.294689E-15
0,261720,2.2922797E-15
0,261730,2.2898733E-15
0,261740,2.2874692E-15
0,261750,2.2850677E-15
0,261760,2.2826687E-15
0,261770,2.2802722E-15
0,261780,2.2778783E-15
0,261790,2.2754869E-15
0,261800,2.273098E-15
0,261810,2.2707115E-15
0,261820,2.2683276E-15
0,261830,2.2659463E-15
0,261840,2.2635674E-15
0,261850,2.2611909E-15
0,261860,2.258817E-15
0,261870,2.2564456E-15
0,261880,2.2540766E-15
0,261890,2.2517102E-15
0,261900,2.2493462E-15
0,261910,2.2469849E-15
0,261920,2.2446259E-15
0,261930,2.2422692E-15
0,261940,2.2399153E-15
0,261950,2.2375637E-15
0,261960,2.2352145E-15
0,261970,2.232868E-15
0,261980,2.2305236E-15
0,261990,2.228182E-15
0,262000,2.2258427E-15
0,262010,2.223506E-15
0,262020,2.2211715E-15
0,262030,2.2188397E-15
0,262040,2.2165103E-15
0,262050,2.2141833E-15
0,262060,2.2118586E-15
0,262070,2.2095365E-15
0,262080,2.2072169E-15
0,262090,2.2048996E-15
0,262100,2.2025849E-15
0,262110,2.2002725E-15
0,262120,2.1979624E-15
0,262130,2.1956549E-15
0,262140,2.1933499E-15
0,262150,2.1910472E-15
0,262160,2.188747E-15
0,262170,2.186449E-15
0,262180,2.1841534E-15
0,262190,2.1818605E-15
0,262200,2.17957E-15
0,262210,2.1772817E-15
0,262220,2.174996E-15
0,262230,2.1727124E-15
0,262240,2.1704313E-15
0,262250,2.1681528E-15
0,262260,2.1658766E-15
0,262270,2.1636027E-15
0,262280,2.1613312E-15
0,262290,2.1590622E-15
0,262300,2.1567955E-15
0,262310,2.1545312E-15
0,262320,2.1522692E-15
0,262330,2.1500098E-15
0,262340,2.1477524E-15
0,262350,2.1454976E-15
0,262360,2.1432451E-15
0,262370,2.140995E-15
0,262380,2.1387474E-15
0,262390,2.1365021E-15
0,262400,2.134259E-15
0,262410,2.1320184E-15
0,262420,2.12978E-15
0,262430,2.1275441E-15
0,262440,2.1253105E-15
0,262450,2.1230792E-15
0,262460,2.1208502E-15
0,262470,2.1186238E-15
0,262480,2.1163995E-15
0,262490,2.1141775E-15
0,262500,2.111958E-15
0,262510,2.1097407E-15
0,262520,2.107526E-15
0,262530,2.1053133E-15
0,262540,2.103103E-15
0,262550,2.100895E-15
0,262560,2.0986895E-15
0,262570,2.0964862E-15
0,262580,2.0942852E-15
0,262590,2.0920865E-15
0,262600,2.0898901E-15
0,262610,2.087696E-15
0,262620,2.0855042E-15
0,262630,2.0833148E-15
0,262640,2.0811276E-15
0,262650,2.0789426E-15
0,262660,2.07676E-15
0,262670,2.0745798E-15
0,262680,2.0724018E-15
0,262690,2.0702262E-15
0,262700,2.0680528E-15
0,262710,2.0658816E-15
0,262720,2.0637128E-15
0,262730,2.061546E-15
0,262740,2.0593819E-15
0,262750,2.0572198E-15
0,262760,2.05506E-15
0,262770,2.0529025E-15
0,262780,2.0507472E-15
0,262790,2.0485943E-15
0,262800,2.0464435E-15
0,262810,2.0442952E-15
0,262820,2.0421488E-15
0,262830,2.040005E-15
0,262840,2.0378632E-15
0,262850,2.0357238E-15
0,262860,2.0335866E-15
0,262870,2.0314516E-15
0,262880,2.0293188E-15
0,262890,2.0271885E-15
0,262900,2.0250601E-15
0,262910,2.022934E-15
0,262920,2.0208103E-15
0,262930,2.0186887E-15
0,262940,2.0165695E-15
0,262950,2.0144523E-15
0,262960,2.0123375E-15
0,262970,2.010225E-15
0,262980,2.0081144E-15
0,262990,2.0060063E-15
0,263000,2.0039002E-15
0,263010,2.0017964E-15
0,263020,1.9996949E-15
0,263030,1.9975955E-15
0,263040,1.9954982E-15
0,263050,1.9934033E-15
0,263060,1.9913105E-15
0,263070,1.98922E-15
0,263080,1.9871315E-15
0,263090,1.9850454E-15
0,263100,1.9829613E-15
0,263110,1.9808795E-15
0,263120,1.9787998E-15
0,263130,1.9767225E-15
0,263140,1.9746473E-15
0,263150,1.9725741E-15
0,263160,1.9705031E-15
0,263170,1.9684345E-15
0,263180,1.966368E-15
0,263190,1.9643035E-15
0,263200,1.9622414E-15
0,263210,1.9601812E-15
0,263220,1.9581233E-15
0,263230,1.9560676E-15
0,263240,1.954014E-15
0,263250,1.9519627E-15
0,263260,1.9499133E-15
0,263270,1.9478662E-15
0,263280,1.9458212E-15
0,263290,1.9437784E-15
0,263300,1.9417377E-15
0,263310,1.9396993E-15
0,263320,1.9376628E-15
0,263330,1.9356285E-15
0,263340,1.9335964E-15
0,263350,1.9315665E-15
0,263360,1.9295385E-15
0,263370,1.9275128E-15
0,263380,1.9254893E-15
0,263390,1.9234678E-15
0,263400,1.9214485E-15
0,263410,1.9194313E-15
0,263420,1.917416E-15
0,263430,1.915403E-15
0,263440,1.9133922E-15
0,263450,1.9113834E-15
0,263460,1.9093768E-15
0,263470,1.9073723E-15
0,263480,1.9053697E-15
0,263490,1.9033694E-15
0,263500,1.901371E-15
0,263510,1.899375E-15
0,263520,1.897381E-15
0,263530,1.895389E-15
0,263540,1.893399E-15
0,263550,1.8914112E-15
0,263560,1.8894256E-15
0,263570,1.887442E-15
0,263580,1.8854604E-15
0,263590,1.883481E-15
0,263600,1.8815037E-15
0,263610,1.8795284E-15
0,263620,1.877555E-15
0,263630,1.875584E-15
0,263640,1.8736149E-15
0,263650,1.8716478E-15
0,263660,1.869683E-15
0,263670,1.86772E-15
0,263680,1.8657593E-15
0,263690,1.8638005E-15
0,263700,1.8618436E-15
0,263710,1.8598891E-15
0,263720,1.8579365E-15
0,263730,1.8559858E-15
0,263740,1.8540374E-15
0,263750,1.852091E-15
0,263760,1.8501465E-15
0,263770,1.848204E-15
0,263780,1.8462637E-15
0,263790,1.8443255E-15
0,263800,1.8423892E-15
0,263810,1.840455E-15
0,263820,1.8385227E-15
0,263830,1.8365925E-15
0,263840,1.8346645E-15
0,263850,1.8327383E-15
0,263860,1.8308143E-15
0,263870,1.8288922E-15
0,263880,1.8269721E-15
0,263890,1.825054E-15
0,263900,1.823138E-15
0,263910,1.821224E-15
0,263920,1.819312E-15
0,263930,1.817402E-15
0,263940,1.815494E-15
0,263950,1.813588E-15
0,263960,1.811684E-15
0,263970,1.809782E-15
0,263980,1.807882E-15
0,263990,1.805984E-15
0,264000,1.8040879E-15
0,264010,1.8021939E-15
0,264020,1.8003018E-15
0,264030,1.7984119E-15
0,264040,1.7965238E-15
0,264050,1.7946377E-15
0,264060,1.7927535E-15
0,264070,1.7908714E-15
0,264080,1.7889914E-15
0,264090,1.787113E-15
0,264100,1.785237E-15
0,264110,1.7833626E-15
0,264120,1.7814905E-15
0,264130,1.7796202E-15
0,264140,1.777752E-15
0,264150,1.7758855E-15
0,264160,1.774021E-15
0,264170,1.7721585E-15
0,264180,1.770298E-15
0,264190,1.7684395E-15
0,264200,1.7665829E-15
0,264210,1.7647282E-15
0,264220,1.7628756E-15
0,264230,1.7610248E-15
0,264240,1.759176E-15
0,264250,1.7573291E-15
0,264260,1.7554841E-15
0,264270,1.7536412E-15
0,264280,1.7518001E-15
0,264290,1.749961E-15
0,264300,1.7481239E-15
0,264310,1.7462885E-15
0,264320,1.7444551E-15
0,264330,1.7426238E-15
0,264340,1.7407943E-15
0,264350,1.7389667E-15
0,264360,1.737141E-15
0,264370,1.7353174E-15
0,264380,1.7334955E-15
0,264390,1.7316755E-15
0,264400,1.7298576E-15
0,264410,1.7280414E-15
0,264420,1.7262273E-15
0,264430,1.724415E-15
0,264440,1.7226047E-15
0,264450,1.7207961E-15
0,264460,1.7189895E-15
0,264470,1.7171849E-15
0,264480,1.7153821E-15
0,264490,1.7135812E-15
0,264500,1.7117822E-15
0,264510,1.7099851E-15
0,264520,1.7081899E-15
0,264530,1.7063965E-15
0,264540,1.7046051E-15
0,264550,1.7028155E-15
0,264560,1.7010278E-15
0,264570,1.6992419E-15
0,264580,1.6974579E-15
0,264590,1.6956759E-15
0,264600,1.6938957E-15
0,264610,1.6921174E-15
0,264620,1.690341E-15
0,264630,1.6885663E-15
0,264640,1.6867936E-15
0,264650,1.6850227E-15
0,264660,1.6832536E-15
0,264670,1.6814865E-15
0,264680,1.6797212E-15
0,264690,1.6779578E-15
0,264700,1.6761961E-15
0,264710,1.6744363E-15
0,264720,1.6726784E-15
0,264730,1.6709224E-15
0,264740,1.6691682E-15
0,264750,1.6674158E-15
0,264760,1.6656652E-15
0,264770,1.6639166E-15
0,264780,1.6621697E-15
0,264790,1.6604247E-15
0,264800,1.6586815E-15
0,264810,1.6569401E-15
0,264820,1.6552005E-15
0,264830,1.6534628E-15
0,264840,1.651727E-15
0,264850,1.6499929E-15
0,264860,1.6482607E-15
0,264870,1.6465302E-15
0,264880,1.6448016E-15
0,264890,1.6430748E-15
0,264900,1.6413498E-15
0,264910,1.6396267E-15
0,264920,1.6379053E-15
0,264930,1.6361857E-15
0,264940,1.634468E-15
0,264950,1.632752E-15
0,264960,1.6310379E-15
0,264970,1.6293256E-15
0,264980,1.627615E-15
0,264990,1.6259062E-15
0,265000,1.6241992E-15
0,265010,1.6224942E-15
0,265020,1.6207908E-15
0,265030,1.6190892E-15
0,265040,1.6173894E-15
0,265050,1.6156913E-15
0,265060,1.6139951E-15
0,265070,1.6123006E-15
0,265080,1.610608E-15
0,265090,1.6089171E-15
0,265100,1.607228E-15
0,265110,1.6055406E-15
0,265120,1.603855E-15
0,265130,1.6021712E-15
0,265140,1.6004892E-15
0,265150,1.5988089E-15
0,265160,1.5971304E-15
0,265170,1.5954537E-15
0,265180,1.5937787E-15
0,265190,1.5921054E-15
0,265200,1.590434E-15
0,265210,1.5887642E-15
0,265220,1.5870962E-15
0,265230,1.58543E-15
0,265240,1.5837656E-15
0,265250,1.5821029E-15
0,265260,1.5804419E-15
0,265270,1.5787827E-15
0,265280,1.5771252E-15
0,265290,1.5754694E-15
0,265300,1.5738154E-15
0,265310,1.5721631E-15
0,265320,1.5705126E-15
0,265330,1.5688638E-15
0,265340,1.5672168E-15
0,265350,1.5655714E-15
0,265360,1.5639278E-15
0,265370,1.5622859E-15
0,265380,1.5606457E-15
0,265390,1.5590073E-15
0,265400,1.5573706E-15
0,265410,1.5557356E-15
0,265420,1.5541023E-15
0,265430,1.5524707E-15
0,265440,1.5508408E-15
0,265450,1.5492127E-15
0,265460,1.5475863E-15
0,265470,1.5459614E-15
0,265480,1.5443384E-15
0,265490,1.5427171E-15
0,265500,1.5410976E-15
0,265510,1.5394796E-15
0,265520,1.5378634E-15
0,265530,1.5362488E-15
0,265540,1.534636E-15
0,265550,1.5330248E-15
0,265560,1.5314155E-15
0,265570,1.5298077E-15
0,265580,1.5282016E-15
0,265590,1.5265972E-15
0,265600,1.5249945E-15
0,265610,1.5233935E-15
0,265620,1.5217942E-15
0,265630,1.5201965E-15
0,265640,1.5186005E-15
0,265650,1.5170063E-15
0,265660,1.5154136E-15
0,265670,1.5138226E-15
0,265680,1.5122333E-15
0,265690,1.5106458E-15
0,265700,1.5090598E-15
0,265710,1.5074754E-15
0,265720,1.5058929E-15
0,265730,1.5043119E-15
0,265740,1.5027326E-15
0,265750,1.501155E-15
0,265760,1.499579E-15
0,265770,1.4980047E-15
0,265780,1.4964319E-15
0,265790,1.4948609E-15
0,265800,1.4932916E-15
0,265810,1.4917238E-15
0,265820,1.4901577E-15
0,265830,1.4885933E-15
0,265840,1.4870305E-15
0,265850,1.4854693E-15
0,265860,1.4839098E-15
0,265870,1.4823519E-15
0,265880,1.4807957E-15
0,265890,1.4792411E-15
0,265900,1.477688E-15
0,265910,1.4761367E-15
0,265920,1.474587E-15
0,265930,1.4730389E-15
0,265940,1.4714924E-15
0,265950,1.4699475E-15
0,265960,1.4684044E-15
0,265970,1.4668628E-15
0,265980,1.4653227E-15
0,265990,1.4637844E-15
0,266000,1.4622476E-15
0,266010,1.4607124E-15
0,266020,1.459179E-15
0,266030,1.457647E-15
0,266040,1.4561168E-15
0,266050,1.4545881E-15
0,266060,1.4530609E-15
0,266070,1.4515354E-15
0,266080,1.4500116E-15
0,266090,1.4484892E-15
0,266100,1.4469685E-15
0,266110,1.4454494E-15
0,266120,1.443932E-15
0,266130,1.442416E-15
0,266140,1.4409017E-15
0,266150,1.4393889E-15
0,266160,1.4378778E-15
0,266170,1.4363683E-15
0,266180,1.4348603E-15
0,266190,1.4333539E-15
0,266200,1.4318491E-15
0,266210,1.4303459E-15
0,266220,1.4288442E-15
0,266230,1.4273441E-15
0,266240,1.4258456E-15
0,266250,1.4243487E-15
0,266260,1.4228534E-15
0,266270,1.4213596E-15
0,266280,1.4198674E-15
0,266290,1.4183767E-15
0,266300,1.4168876E-15
0,266310,1.4154001E-15
0,266320,1.4139142E-15
0,266330,1.4124298E-15
0,266340,1.4109469E-15
0,266350,1.4094657E-15
0,266360,1.4079859E-15
0,266370,1.4065077E-15
0,266380,1.4050311E-15
0,266390,1.403556E-15
0,266400,1.4020825E-15
0,266410,1.4006106E-15
0,266420,1.3991401E-15
0,266430,1.3976712E-15
0,266440,1.3962039E-15
0,266450,1.394738E-15
0,266460,1.3932738E-15
0,266470,1.3918111E-15
0,266480,1.3903498E-15
0,266490,1.3888902E-15
0,266500,1.387432E-15
0,266510,1.3859754E-15
0,266520,1.3845205E-15
0,266530,1.3830668E-15
0,266540,1.3816148E-15
0,266550,1.3801644E-15
0,266560,1.3787154E-15
0,266570,1.377268E-15
0,266580,1.3758221E-15
0,266590,1.3743777E-15
0,266600,1.3729347E-15
0,266610,1.3714934E-15
0,266620,1.3700535E-15
0,266630,1.3686152E-15
0,266640,1.3671783E-15
0,266650,1.365743E-15
0,266660,1.3643092E-15
0,266670,1.3628769E-15
0,266680,1.361446E-15
0,266690,1.3600166E-15
0,266700,1.3585889E-15
0,266710,1.3571626E-15
0,266720,1.3557377E-15
0,266730,1.3543144E-15
0,266740,1.3528926E-15
0,266750,1.3514723E-15
0,266760,1.3500534E-15
0,266770,1.3486361E-15
0,266780,1.3472202E-15
0,266790,1.3458058E-15
0,266800,1.3443929E-15
0,266810,1.3429815E-15
0,266820,1.3415715E-15
0,266830,1.3401631E-15
0,266840,1.3387561E-15
0,266850,1.3373507E-15
0,266860,1.3359466E-15
0,266870,1.3345441E-15
0,266880,1.333143E-15
0,266890,1.3317434E-15
0,266900,1.3303453E-15
0,266910,1.3289486E-15
0,266920,1.3275535E-15
0,266930,1.3261597E-15
0,266940,1.3247675E-15
0,266950,1.3233766E-15
0,266960,1.3219873E-15
0,266970,1.3205993E-15
0,266980,1.3192129E-15
0,266990,1.3178279E-15
0,267000,1.3164444E-15
0,267010,1.3150624E-15
0,267020,1.3136817E-15
0,267030,1.3123026E-15
0,267040,1.3109248E-15
0,267050,1.3095486E-15
0,267060,1.3081738E-15
0,267070,1.3068004E-15
0,267080,1.3054284E-15
0,267090,1.3040579E-15
0,267100,1.3026888E-15
0,267110,1.3013213E-15
0,267120,1.299955E-15
0,267130,1.2985903E-15
0,267140,1.2972269E-15
0,267150,1.295865E-15
0,267160,1.2945046E-15
0,267170,1.2931455E-15
0,267180,1.2917879E-15
0,267190,1.2904318E-15
0,267200,1.289077E-15
0,267210,1.2877236E-15
0,267220,1.2863718E-15
0,267230,1.2850213E-15
0,267240,1.2836722E-15
0,267250,1.2823246E-15
0,267260,1.2809783E-15
0,267270,1.2796334E-15
0,267280,1.27829E-15
0,267290,1.276948E-15
0,267300,1.2756074E-15
0,267310,1.2742682E-15
0,267320,1.2729304E-15
0,267330,1.271594E-15
0,267340,1.270259E-15
0,267350,1.2689254E-15
0,267360,1.2675933E-15
0,267370,1.2662625E-15
0,267380,1.2649331E-15
0,267390,1.2636051E-15
0,267400,1.2622785E-15
0,267410,1.2609533E-15
0,267420,1.2596295E-15
0,267430,1.258307E-15
0,267440,1.256986E-15
0,267450,1.2556664E-15
0,267460,1.2543481E-15
0,267470,1.2530312E-15
0,267480,1.2517157E-15
0,267490,1.2504017E-15
0,267500,1.2490889E-15
0,267510,1.2477776E-15
0,267520,1.2464675E-15
0,267530,1.245159E-15
0,267540,1.2438517E-15
0,267550,1.2425459E-15
0,267560,1.2412413E-15
0,267570,1.2399383E-15
0,267580,1.2386365E-15
0,267590,1.2373361E-15
0,267600,1.2360371E-15
0,267610,1.2347394E-15
0,267620,1.2334431E-15
0,267630,1.2321482E-15
0,267640,1.2308546E-15
0,267650,1.2295624E-15
0,267660,1.2282716E-15
0,267670,1.2269821E-15
0,267680,1.2256939E-15
0,267690,1.2244071E-15
0,267700,1.2231217E-15
0,267710,1.2218376E-15
0,267720,1.2205549E-15
0,267730,1.2192734E-15
0,267740,1.2179934E-15
0,267750,1.2167147E-15
0,267760,1.2154373E-15
0,267770,1.2141613E-15
0,267780,1.2128866E-15
0,267790,1.2116133E-15
0,267800,1.2103413E-15
0,267810,1.2090705E-15
0,267820,1.2078012E-15
0,267830,1.2065332E-15
0,267840,1.2052665E-15
0,267850,1.2040012E-15
0,267860,1.2027371E-15
0,267870,1.2014744E-15
0,267880,1.2002131E-15
0,267890,1.198953E-15
0,267900,1.1976943E-15
0,267910,1.1964369E-15
0,267920,1.1951809E-15
0,267930,1.1939261E-15
0,267940,1.1926726E-15
0,267950,1.1914204E-15
0,267960,1.1901697E-15
0,267970,1.1889202E-15
0,267980,1.187672E-15
0,267990,1.1864251E-15
0,268000,1.1851795E-15
0,268010,1.1839353E-15
0,268020,1.1826923E-15
0,268030,1.1814507E-15
0,268040,1.1802104E-15
0,268050,1.1789713E-15
0,268060,1.1777336E-15
0,268070,1.1764971E-15
0,268080,1.1752619E-15
0,268090,1.1740281E-15
0,268100,1.1727956E-15
0,268110,1.1715643E-15
0,268120,1.1703343E-15
0,268130,1.1691057E-15
0,268140,1.1678782E-15
0,268150,1.1666521E-15
0,268160,1.1654273E-15
0,268170,1.1642038E-15
0,268180,1.1629816E-15
0,268190,1.1617606E-15
0,268200,1.1605409E-15
0,268210,1.1593226E-15
0,268220,1.1581055E-15
0,268230,1.1568896E-15
0,268240,1.155675E-15
0,268250,1.1544618E-15
0,268260,1.1532498E-15
0,268270,1.152039E-15
0,268280,1.1508296E-15
0,268290,1.1496214E-15
0,268300,1.1484144E-15
0,268310,1.1472087E-15
0,268320,1.1460043E-15
0,268330,1.1448012E-15
0,268340,1.1435993E-15
0,268350,1.1423987E-15
0,268360,1.1411993E-15
0,268370,1.1400013E-15
0,268380,1.1388045E-15
0,268390,1.1376089E-15
0,268400,1.1364146E-15
0,268410,1.1352215E-15
0,268420,1.1340297E-15
0,268430,1.1328391E-15
0,268440,1.1316498E-15
0,268450,1.1304618E-15
0,268460,1.1292749E-15
0,268470,1.1280894E-15
0,268480,1.126905E-15
0,268490,1.1257219E-15
0,268500,1.1245401E-15
0,268510,1.1233596E-15
0,268520,1.1221802E-15
0,268530,1.121002E-15
0,268540,1.1198252E-15
0,268550,1.1186495E-15
0,268560,1.1174751E-15
0,268570,1.116302E-15
0,268580,1.11513E-15
0,268590,1.1139593E-15
0,268600,1.1127897E-15
0,268610,1.1116215E-15
0,268620,1.1104545E-15
0,268630,1.1092886E-15
0,268640,1.1081241E-15
0,268650,1.1069607E-15
0,268660,1.1057985E-15
0,268670,1.1046376E-15
0,268680,1.1034779E-15
0,268690,1.1023195E-15
0,268700,1.1011622E-15
0,268710,1.1000061E-15
0,268720,1.0988513E-15
0,268730,1.0976976E-15
0,268740,1.0965452E-15
0,268750,1.095394E-15
0,268760,1.094244E-15
0,268770,1.0930952E-15
0,268780,1.0919477E-15
0,268790,1.0908012E-15
0,268800,1.0896561E-15
0,268810,1.0885121E-15
0,268820,1.0873693E-15
0,268830,1.0862277E-15
0,268840,1.0850873E-15
0,268850,1.0839482E-15
0,268860,1.0828102E-15
0,268870,1.0816735E-15
0,268880,1.0805378E-15
0,268890,1.0794034E-15
0,268900,1.0782702E-15
0,268910,1.0771381E-15
0,268920,1.0760073E-15
0,268930,1.0748777E-15
0,268940,1.0737493E-15
0,268950,1.072622E-15
0,268960,1.0714958E-15
0,268970,1.070371E-15
0,268980,1.0692473E-15
0,268990,1.0681246E-15
0,269000,1.0670033E-15
0,269010,1.0658831E-15
0,269020,1.064764E-15
0,269030,1.0636463E-15
0,269040,1.0625296E-15
0,269050,1.0614141E-15
0,269060,1.0602997E-15
0,269070,1.0591866E-15
0,269080,1.0580746E-15
0,269090,1.0569638E-15
0,269100,1.0558541E-15
0,269110,1.0547456E-15
0,269120,1.0536384E-15
0,269130,1.0525321E-15
0,269140,1.0514272E-15
0,269150,1.0503233E-15
0,269160,1.0492207E-15
0,269170,1.0481191E-15
0,269180,1.0470187E-15
0,269190,1.0459196E-15
0,269200,1.0448215E-15
0,269210,1.0437246E-15
0,269220,1.0426288E-15
0,269230,1.0415342E-15
0,269240,1.0404407E-15
0,269250,1.0393484E-15
0,269260,1.0382573E-15
0,269270,1.0371673E-15
0,269280,1.0360784E-15
0,269290,1.0349906E-15
0,269300,1.0339041E-15
0,269310,1.0328186E-15
0,269320,1.0317343E-15
0,269330,1.0306512E-15
0,269340,1.0295691E-15
0,269350,1.0284883E-15
0,269360,1.0274085E-15
0,269370,1.0263298E-15
0,269380,1.0252524E-15
0,269390,1.024176E-15
0,269400,1.0231008E-15
0,269410,1.0220267E-15
0,269420,1.0209537E-15
0,269430,1.0198819E-15
0,269440,1.0188111E-15
0,269450,1.0177415E-15
0,269460,1.016673E-15
0,269470,1.0156057E-15
0,269480,1.0145394E-15
0,269490,1.0134743E-15
0,269500,1.0124103E-15
0,269510,1.0113475E-15
0,269520,1.0102857E-15
0,269530,1.009225E-15
0,269540,1.0081655E-15
0,269550,1.007107E-15
0,269560,1.0060497E-15
0,269570,1.0049936E-15
0,269580,1.0039385E-15
0,269590,1.0028845E-15
0,269600,1.0018316E-15
0,269610,1.0007798E-15
0,269620,9.997292E-16
0,269630,9.986796E-16
0,269640,9.976312E-16
0,269650,9.965838E-16
0,269660,9.955375E-16
0,269670,9.944924E-16
0,269680,9.934483E-16
0,269690,9.924053E-16
0,269700,9.913634E-16
0,269710,9.903227E-16
0,269720,9.892829E-16
0,269730,9.882444E-16
0,269740,9.872068E-16
0,269750,9.861704E-16
0,269760,9.851351E-16
0,269770,9.841009E-16
0,269780,9.830677E-16
0,269790,9.820356E-16
0,269800,9.810047E-16
0,269810,9.799747E-16
0,269820,9.789458E-16
0,269830,9.779182E-16
0,269840,9.768915E-16
0,269850,9.758659E-16
0,269860,9.748413E-16
0,269870,9.738179E-16
0,269880,9.727955E-16
0,269890,9.717743E-16
0,269900,9.707541E-16
0,269910,9.697349E-16
0,269920,9.687169E-16
0,269930,9.676998E-16
0,269940,9.666839E-16
0,269950,9.65669E-16
0,269960,9.646552E-16
0,269970,9.636425E-16
0,269980,9.626308E-16
0,269990,9.616202E-16
0,270000,9.606106E-16
0,270010,9.596021E-16
0,270020,9.585947E-16
0,270030,9.575883E-16
0,270040,9.56583E-16
0,270050,9.555787E-16
0,270060,9.545754E-16
0,270070,9.535733E-16
0,270080,9.525722E-16
0,270090,9.515722E-16
0,270100,9.505731E-16
0,270110,9.495752E-16
0,270120,9.485782E-16
0,270130,9.475824E-16
0,270140,9.465876E-16
0,270150,9.455938E-16
0,270160,9.446011E-16
0,270170,9.436094E-16
0,270180,9.426187E-16
0,270190,9.416292E-16
0,270200,9.406406E-16
0,270210,9.39653E-16
0,270220,9.386666E-16
0,270230,9.37681E-16
0,270240,9.366967E-16
0,270250,9.357133E-16
0,270260,9.347309E-16
0,270270,9.337495E-16
0,270280,9.327693E-16
0,270290,9.3179E-16
0,270300,9.308117E-16
0,270310,9.298345E-16
0,270320,9.288583E-16
0,270330,9.278832E-16
0,270340,9.26909E-16
0,270350,9.25936E-16
0,270360,9.249639E-16
0,270370,9.239928E-16
0,270380,9.230227E-16
0,270390,9.220537E-16
0,270400,9.210856E-16
0,270410,9.201187E-16
0,270420,9.191527E-16
0,270430,9.181877E-16
0,270440,9.172237E-16
0,270450,9.162607E-16
0,270460,9.152988E-16
0,270470,9.143379E-16
0,270480,9.13378E-16
0,270490,9.124191E-16
0,270500,9.114612E-16
0,270510,9.105043E-16
0,270520,9.095484E-16
0,270530,9.085935E-16
0,270540,9.076396E-16
0,270550,9.066867E-16
0,270560,9.057349E-16
0,270570,9.04784E-16
0,270580,9.03834E-16
0,270590,9.028851E-16
0,270600,9.019373E-16
0,270610,9.009904E-16
0,270620,9.000445E-16
0,270630,8.990995E-16
0,270640,8.981556E-16
0,270650,8.972128E-16
0,270660,8.962708E-16
0,270670,8.953298E-16
0,270680,8.943898E-16
0,270690,8.934509E-16
0,270700,8.925129E-16
0,270710,8.915759E-16
0,270720,8.906399E-16
0,270730,8.897049E-16
0,270740,8.887708E-16
0,270750,8.878377E-16
0,270760,8.869056E-16
0,270770,8.859745E-16
0,270780,8.8504434E-16
0,270790,8.841152E-16
0,270800,8.83187E-16
0,270810,8.822598E-16
0,270820,8.8133355E-16
0,270830,8.8040827E-16
0,270840,8.79484E-16
0,270850,8.785607E-16
0,270860,8.776383E-16
0,270870,8.767169E-16
0,270880,8.757965E-16
0,270890,8.7487704E-16
0,270900,8.7395854E-16
0,270910,8.73041E-16
0,270920,8.7212445E-16
0,270930,8.7120886E-16
0,270940,8.702942E-16
0,270950,8.6938054E-16
0,270960,8.684678E-16
0,270970,8.67556E-16
0,270980,8.6664525E-16
0,270990,8.657354E-16
0,271000,8.648265E-16
0,271010,8.6391855E-16
0,271020,8.630116E-16
0,271030,8.6210553E-16
0,271040,8.6120047E-16
0,271050,8.602963E-16
0,271060,8.593931E-16
0,271070,8.584909E-16
0,271080,8.575896E-16
0,271090,8.566893E-16
0,271100,8.557899E-16
0,271110,8.5489145E-16
0,271120,8.539939E-16
0,271130,8.5309733E-16
0,271140,8.5220175E-16
0,271150,8.513071E-16
0,271160,8.504133E-16
0,271170,8.4952047E-16
0,271180,8.486286E-16
0,271190,8.477377E-16
0,271200,8.468477E-16
0,271210,8.4595864E-16
0,271220,8.450705E-16
0,271230,8.441833E-16
0,271240,8.4329706E-16
0,271250,8.424117E-16
0,271260,8.415273E-16
0,271270,8.4064383E-16
0,271280,8.397613E-16
0,271290,8.388796E-16
0,271300,8.379989E-16
0,271310,8.3711917E-16
0,271320,8.362403E-16
0,271330,8.353624E-16
0,271340,8.3448537E-16
0,271350,8.336093E-16
0,271360,8.3273413E-16
0,271370,8.318599E-16
0,271380,8.3098654E-16
0,271390,8.3011415E-16
0,271400,8.2924266E-16
0,271410,8.2837207E-16
0,271420,8.275024E-16
0,271430,8.2663364E-16
0,271440,8.257658E-16
0,271450,8.2489886E-16
0,271460,8.240329E-16
0,271470,8.2316774E-16
0,271480,8.2230356E-16
0,271490,8.214402E-16
0,271500,8.205779E-16
0,271510,8.197164E-16
0,271520,8.188558E-16
0,271530,8.1799613E-16
0,271540,8.1713734E-16
0,271550,8.1627946E-16
0,271560,8.154225E-16
0,271570,8.1456644E-16
0,271580,8.1371125E-16
0,271590,8.1285697E-16
0,271600,8.120036E-16
0,271610,8.111511E-16
0,271620,8.102995E-16
0,271630,8.094488E-16
0,271640,8.0859904E-16
0,271650,8.077501E-16
0,271660,8.069021E-16
0,271670,8.06055E-16
0,271680,8.0520874E-16
0,271690,8.043634E-16
0,271700,8.0351896E-16
0,271710,8.0267537E-16
0,271720,8.018327E-16
0,271730,8.009909E-16
0,271740,8.0014994E-16
0,271750,7.993099E-16
0,271760,7.9847075E-16
0,271770,7.9763245E-16
0,271780,7.9679505E-16
0,271790,7.9595855E-16
0,271800,7.951229E-16
0,271810,7.9428815E-16
0,271820,7.934543E-16
0,271830,7.926213E-16
0,271840,7.9178914E-16
0,271850,7.909579E-16
0,271860,7.901275E-16
0,271870,7.8929796E-16
0,271880,7.8846935E-16
0,271890,7.8764154E-16
0,271900,7.868146E-16
0,271910,7.859886E-16
0,271920,7.8516344E-16
0,271930,7.8433917E-16
0,271940,7.835157E-16
0,271950,7.826931E-16
0,271960,7.818714E-16
0,271970,7.8105056E-16
0,271980,7.802306E-16
0,271990,7.7941145E-16
0,272000,7.785932E-16
0,272010,7.777758E-16
0,272020,7.7695924E-16
0,272030,7.7614354E-16
0,272040,7.753287E-16
0,272050,7.7451475E-16
0,272060,7.737016E-16
0,272070,7.7288935E-16
0,272080,7.720779E-16
0,272090,7.7126733E-16
0,272100,7.704576E-16
0,272110,7.6964876E-16
0,272120,7.6884074E-16
0,272130,7.6803357E-16
0,272140,7.6722725E-16
0,272150,7.664218E-16
0,272160,7.6561715E-16
0,272170,7.6481336E-16
0,272180,7.6401043E-16
0,272190,7.6320834E-16
0,272200,7.624071E-16
0,272210,7.6160666E-16
0,272220,7.608071E-16
0,272230,7.6000836E-16
0,272240,7.5921045E-16
0,272250,7.584134E-16
0,272260,7.576172E-16
0,272270,7.568218E-16
0,272280,7.5602725E-16
0,272290,7.5523353E-16
0,272300,7.5444065E-16
0,272310,7.536486E-16
0,272320,7.528574E-16
0,272330,7.52067E-16
0,272340,7.5127746E-16
0,272350,7.504887E-16
0,272360,7.497008E-16
0,272370,7.489137E-16
0,272380,7.481275E-16
0,272390,7.4734204E-16
0,272400,7.465575E-16
0,272410,7.457737E-16
0,272420,7.4499073E-16
0,272430,7.442086E-16
0,272440,7.434273E-16
0,272450,7.4264683E-16
0,272460,7.4186714E-16
0,272470,7.410883E-16
0,272480,7.403103E-16
0,272490,7.3953303E-16
0,272500,7.3875667E-16
0,272510,7.3798106E-16
0,272520,7.372063E-16
0,272530,7.3643236E-16
0,272540,7.356592E-16
0,272550,7.3488684E-16
0,272560,7.3411536E-16
0,272570,7.333446E-16
0,272580,7.325747E-16
0,272590,7.3180566E-16
0,272600,7.3103734E-16
0,272610,7.302699E-16
0,272620,7.295032E-16
0,272630,7.2873733E-16
0,272640,7.2797225E-16
0,272650,7.27208E-16
0,272660,7.264445E-16
0,272670,7.2568187E-16
0,272680,7.2492E-16
0,272690,7.2415896E-16
0,272700,7.233987E-16
0,272710,7.226393E-16
0,272720,7.218806E-16
0,272730,7.211227E-16
0,272740,7.2036563E-16
0,272750,7.196094E-16
0,272760,7.188539E-16
0,272770,7.180992E-16
0,272780,7.173453E-16
0,272790,7.165922E-16
0,272800,7.158399E-16
0,272810,7.1508835E-16
0,272820,7.143376E-16
0,272830,7.1358767E-16
0,272840,7.128385E-16
0,272850,7.120901E-16
0,272860,7.1134256E-16
0,272870,7.1059574E-16
0,272880,7.098497E-16
0,272890,7.091045E-16
0,272900,7.0836005E-16
0,272910,7.0761635E-16
0,272920,7.0687345E-16
0,272930,7.0613135E-16
0,272940,7.0539003E-16
0,272950,7.0464946E-16
0,272960,7.039097E-16
0,272970,7.031707E-16
0,272980,7.0243246E-16
0,272990,7.01695E-16
0,273000,7.0095836E-16
0,273010,7.0022244E-16
0,273020,6.994873E-16
0,273030,6.9875295E-16
0,273040,6.9801936E-16
0,273050,6.972866E-16
0,273060,6.9655453E-16
0,273070,6.958232E-16
0,273080,6.950927E-16
0,273090,6.94363E-16
0,273100,6.93634E-16
0,273110,6.9290577E-16
0,273120,6.9217833E-16
0,273130,6.914517E-16
0,273140,6.907257E-16
0,273150,6.9000056E-16
0,273160,6.892762E-16
0,273170,6.8855255E-16
0,273180,6.8782966E-16
0,273190,6.8710757E-16
0,273200,6.8638616E-16
0,273210,6.856656E-16
0,273220,6.8494573E-16
0,273230,6.8422665E-16
0,273240,6.835083E-16
0,273250,6.827907E-16
0,273260,6.820739E-16
0,273270,6.813578E-16
0,273280,6.806425E-16
0,273290,6.799279E-16
0,273300,6.792141E-16
0,273310,6.78501E-16
0,273320,6.777887E-16
0,273330,6.770771E-16
0,273340,6.763663E-16
0,273350,6.756562E-16
0,273360,6.749469E-16
0,273370,6.742383E-16
0,273380,6.735304E-16
0,273390,6.728233E-16
0,273400,6.7211694E-16
0,273410,6.7141136E-16
0,273420,6.7070647E-16
0,273430,6.700023E-16
0,273440,6.692989E-16
0,273450,6.6859625E-16
0,273460,6.678943E-16
0,273470,6.6719314E-16
0,273480,6.664927E-16
0,273490,6.65793E-16
0,273500,6.65094E-16
0,273510,6.643957E-16
0,273520,6.636982E-16
0,273530,6.6300143E-16
0,273540,6.623054E-16
0,273550,6.616101E-16
0,273560,6.6091546E-16
0,273570,6.602216E-16
0,273580,6.5952844E-16
0,273590,6.5883604E-16
0,273600,6.581444E-16
0,273610,6.574534E-16
0,273620,6.567632E-16
0,273630,6.560737E-16
0,273640,6.553849E-16
0,273650,6.5469686E-16
0,273660,6.5400954E-16
0,273670,6.533229E-16
0,273680,6.5263703E-16
0,273690,6.5195184E-16
0,273700,6.512674E-16
0,273710,6.5058367E-16
0,273720,6.4990064E-16
0,273730,6.4921836E-16
0,273740,6.4853676E-16
0,273750,6.478559E-16
0,273760,6.4717574E-16
0,273770,6.464963E-16
0,273780,6.4581757E-16
0,273790,6.451396E-16
0,273800,6.4446227E-16
0,273810,6.437857E-16
0,273820,6.431098E-16
0,273830,6.4243463E-16
0,273840,6.417602E-16
0,273850,6.410864E-16
0,273860,6.404134E-16
0,273870,6.3974106E-16
0,273880,6.390694E-16
0,273890,6.3839846E-16
0,273900,6.3772825E-16
0,273910,6.370587E-16
0,273920,6.3638994E-16
0,273930,6.357218E-16
0,273940,6.350544E-16
0,273950,6.3438766E-16
0,273960,6.337217E-16
0,273970,6.330564E-16
0,273980,6.3239173E-16
0,273990,6.317278E-16
0,274000,6.310646E-16
0,274010,6.304021E-16
0,274020,6.2974025E-16
0,274030,6.2907914E-16
0,274040,6.2841867E-16
0,274050,6.2775893E-16
0,274060,6.270999E-16
0,274070,6.2644153E-16
0,274080,6.2578387E-16
0,274090,6.251269E-16
0,274100,6.244706E-16
0,274110,6.23815E-16
0,274120,6.231601E-16
0,274130,6.2250585E-16
0,274140,6.218523E-16
0,274150,6.2119946E-16
0,274160,6.205473E-16
0,274170,6.198958E-16
0,274180,6.19245E-16
0,274190,6.185949E-16
0,274200,6.179455E-16
0,274210,6.172967E-16
0,274220,6.1664867E-16
0,274230,6.1600127E-16
0,274240,6.1535456E-16
0,274250,6.147085E-16
0,274260,6.1406315E-16
0,274270,6.134185E-16
0,274280,6.127745E-16
0,274290,6.121312E-16
0,274300,6.114885E-16
0,274310,6.1084654E-16
0,274320,6.1020524E-16
0,274330,6.095646E-16
0,274340,6.089247E-16
0,274350,6.082854E-16
0,274360,6.0764677E-16
0,274370,6.0700885E-16
0,274380,6.0637156E-16
0,274390,6.0573497E-16
0,274400,6.0509906E-16
0,274410,6.044638E-16
0,274420,6.038292E-16
0,274430,6.0319524E-16
0,274440,6.02562E-16
0,274450,6.019294E-16
0,274460,6.0129747E-16
0,274470,6.0066616E-16
0,274480,6.0003555E-16
0,274490,5.994056E-16
0,274500,5.987763E-16
0,274510,5.981477E-16
0,274520,5.9751975E-16
0,274530,5.968924E-16
0,274540,5.9626577E-16
0,274550,5.956398E-16
0,274560,5.950145E-16
0,274570,5.943898E-16
0,274580,5.9376575E-16
0,274590,5.931424E-16
0,274600,5.925197E-16
0,274610,5.918976E-16
0,274620,5.912762E-16
0,274630,5.906555E-16
0,274640,5.9003537E-16
0,274650,5.894159E-16
0,274660,5.887971E-16
0,274670,5.88179E-16
0,274680,5.875615E-16
0,274690,5.8694465E-16
0,274700,5.8632844E-16
0,274710,5.8571285E-16
0,274720,5.8509796E-16
0,274730,5.844837E-16
0,274740,5.838701E-16
0,274750,5.832571E-16
0,274760,5.8264474E-16
0,274770,5.820331E-16
0,274780,5.8142205E-16
0,274790,5.808116E-16
0,274800,5.8020185E-16
0,274810,5.795927E-16
0,274820,5.7898424E-16
0,274830,5.783764E-16
0,274840,5.7776917E-16
0,274850,5.7716264E-16
0,274860,5.765567E-16
0,274870,5.759514E-16
0,274880,5.753467E-16
0,274890,5.7474267E-16
0,274900,5.741393E-16
0,274910,5.7353654E-16
0,274920,5.729344E-16
0,274930,5.723329E-16
0,274940,5.7173205E-16
0,274950,5.711318E-16
0,274960,5.705322E-16
0,274970,5.699332E-16
0,274980,5.693349E-16
0,274990,5.687372E-16
0,275000,5.681401E-16
0,275010,5.6754363E-16
0,275020,5.669478E-16
0,275030,5.663526E-16
0,275040,5.65758E-16
0,275050,5.6516405E-16
0,275060,5.645707E-16
0,275070,5.63978E-16
0,275080,5.6338586E-16
0,275090,5.627944E-16
0,275100,5.6220356E-16
0,275110,5.6161334E-16
0,275120,5.6102375E-16
0,275130,5.6043474E-16
0,275140,5.598464E-16
0,275150,5.592586E-16
0,275160,5.586715E-16
0,275170,5.5808497E-16
0,275180,5.5749903E-16
0,275190,5.5691373E-16
0,275200,5.5632907E-16
0,275210,5.55745E-16
0,275220,5.5516154E-16
0,275230,5.5457873E-16
0,275240,5.539965E-16
0,275250,5.534149E-16
0,275260,5.528339E-16
0,275270,5.5225346E-16
0,275280,5.516737E-16
0,275290,5.5109456E-16
0,275300,5.50516E-16
0,275310,5.49938E-16
0,275320,5.4936064E-16
0,275330,5.487839E-16
0,275340,5.4820777E-16
0,275350,5.476322E-16
0,275360,5.470573E-16
0,275370,5.4648295E-16
0,275380,5.4590924E-16
0,275390,5.453361E-16
0,275400,5.447636E-16
0,275410,5.4419167E-16
0,275420,5.4362035E-16
0,275430,5.4304966E-16
0,275440,5.424795E-16
0,275450,5.4191E-16
0,275460,5.413411E-16
0,275470,5.4077273E-16
0,275480,5.40205E-16
0,275490,5.3963786E-16
0,275500,5.3907136E-16
0,275510,5.385054E-16
0,275520,5.3794004E-16
0,275530,5.373753E-16
0,275540,5.368111E-16
0,275550,5.3624756E-16
0,275560,5.3568455E-16
0,275570,5.3512217E-16
0,275580,5.345604E-16
0,275590,5.3399916E-16
0,275600,5.3343853E-16
0,275610,5.3287854E-16
0,275620,5.3231907E-16
0,275630,5.3176024E-16
0,275640,5.3120194E-16
0,275650,5.306443E-16
0,275660,5.300872E-16
0,275670,5.2953064E-16
0,275680,5.289747E-16
0,275690,5.284194E-16
0,275700,5.2786463E-16
0,275710,5.2731046E-16
0,275720,5.2675687E-16
0,275730,5.262038E-16
0,275740,5.256514E-16
0,275750,5.2509955E-16
0,275760,5.245483E-16
0,275770,5.2399756E-16
0,275780,5.2344746E-16
0,275790,5.228979E-16
0,275800,5.2234897E-16
0,275810,5.2180057E-16
0,275820,5.2125275E-16
0,275830,5.207055E-16
0,275840,5.2015886E-16
0,275850,5.1961273E-16
0,275860,5.1906724E-16
0,275870,5.185223E-16
0,275880,5.179779E-16
0,275890,5.174341E-16
0,275900,5.168909E-16
0,275910,5.163482E-16
0,275920,5.1580617E-16
0,275930,5.1526465E-16
0,275940,5.1472366E-16
0,275950,5.141833E-16
0,275960,5.136435E-16
0,275970,5.1310424E-16
0,275980,5.125655E-16
0,275990,5.1202745E-16
0,276000,5.114899E-16
0,276010,5.109529E-16
0,276020,5.104165E-16
0,276030,5.098806E-16
0,276040,5.093453E-16
0,276050,5.088106E-16
0,276060,5.082764E-16
0,276070,5.077428E-16
0,276080,5.0720973E-16
0,276090,5.066772E-16
0,276100,5.061453E-16
0,276110,5.056139E-16
0,276120,5.050831E-16
0,276130,5.0455286E-16
0,276140,5.0402314E-16
0,276150,5.03494E-16
0,276160,5.029654E-16
0,276170,5.0243734E-16
0,276180,5.0190985E-16
0,276190,5.0138294E-16
0,276200,5.0085656E-16
0,276210,5.003307E-16
0,276220,4.9980545E-16
0,276230,4.9928076E-16
0,276240,4.9875656E-16
0,276250,4.98233E-16
0,276260,4.977099E-16
0,276270,4.971874E-16
0,276280,4.966654E-16
0,276290,4.96144E-16
0,276300,4.956231E-16
0,276310,4.951028E-16
0,276320,4.9458296E-16
0,276330,4.9406373E-16
0,276340,4.9354503E-16
0,276350,4.930269E-16
0,276360,4.925093E-16
0,276370,4.9199226E-16
0,276380,4.9147573E-16
0,276390,4.909597E-16
0,276400,4.904443E-16
0,276410,4.899294E-16
0,276420,4.8941505E-16
0,276430,4.889012E-16
0,276440,4.88388E-16
0,276450,4.8787525E-16
0,276460,4.87363E-16
0,276470,4.868514E-16
0,276480,4.8634027E-16
0,276490,4.8582967E-16
0,276500,4.8531965E-16
0,276510,4.848101E-16
0,276520,4.8430115E-16
0,276530,4.837927E-16
0,276540,4.8328476E-16
0,276550,4.827774E-16
0,276560,4.8227054E-16
0,276570,4.8176423E-16
0,276580,4.8125844E-16
0,276590,4.807532E-16
0,276600,4.802485E-16
0,276610,4.797443E-16
0,276620,4.7924065E-16
0,276630,4.787375E-16
0,276640,4.782349E-16
0,276650,4.7773283E-16
0,276660,4.772313E-16
0,276670,4.7673026E-16
0,276680,4.7622977E-16
0,276690,4.757298E-16
0,276700,4.752304E-16
0,276710,4.747314E-16
0,276720,4.7423305E-16
0,276730,4.7373515E-16
0,276740,4.7323784E-16
0,276750,4.72741E-16
0,276760,4.722447E-16
0,276770,4.717489E-16
0,276780,4.712536E-16
0,276790,4.707589E-16
0,276800,4.7026465E-16
0,276810,4.6977093E-16
0,276820,4.6927775E-16
0,276830,4.687851E-16
0,276840,4.682929E-16
0,276850,4.678013E-16
0,276860,4.673102E-16
0,276870,4.6681955E-16
0,276880,4.663295E-16
0,276890,4.658399E-16
0,276900,4.6535085E-16
0,276910,4.6486227E-16
0,276920,4.6437427E-16
0,276930,4.6388675E-16
0,276940,4.633997E-16
0,276950,4.629132E-16
0,276960,4.624272E-16
0,276970,4.6194175E-16
0,276980,4.6145677E-16
0,276990,4.609723E-16
0,277000,4.6048835E-16
0,277010,4.600049E-16
0,277020,4.59522E-16
0,277030,4.5903955E-16
0,277040,4.5855764E-16
0,277050,4.580762E-16
0,277060,4.575953E-16
0,277070,4.571149E-16
0,277080,4.56635E-16
0,277090,4.561556E-16
0,277100,4.5567667E-16
0,277110,4.551983E-16
0,277120,4.547204E-16
0,277130,4.54243E-16
0,277140,4.5376614E-16
0,277150,4.5328973E-16
0,277160,4.5281386E-16
0,277170,4.5233846E-16
0,277180,4.518636E-16
0,277190,4.513892E-16
0,277200,4.509153E-16
0,277210,4.504419E-16
0,277220,4.49969E-16
0,277230,4.494966E-16
0,277240,4.490247E-16
0,277250,4.485533E-16
0,277260,4.480824E-16
0,277270,4.4761197E-16
0,277280,4.47142E-16
0,277290,4.466726E-16
0,277300,4.4620367E-16
0,277310,4.457352E-16
0,277320,4.452673E-16
0,277330,4.447998E-16
0,277340,4.4433284E-16
0,277350,4.4386636E-16
0,277360,4.4340036E-16
0,277370,4.4293486E-16
0,277380,4.4246984E-16
0,277390,4.4200532E-16
0,277400,4.4154128E-16
0,277410,4.4107772E-16
0,277420,4.4061465E-16
0,277430,4.4015207E-16
0,277440,4.3968999E-16
0,277450,4.3922838E-16
0,277460,4.3876725E-16
0,277470,4.383066E-16
0,277480,4.3784644E-16
0,277490,4.3738677E-16
0,277500,4.369276E-16
0,277510,4.3646888E-16
0,277520,4.3601066E-16
0,277530,4.355529E-16
0,277540,4.3509563E-16
0,277550,4.3463886E-16
0,277560,4.3418255E-16
0,277570,4.3372671E-16
0,277580,4.3327138E-16
0,277590,4.328165E-16
0,277600,4.3236212E-16
0,277610,4.319082E-16
0,277620,4.3145476E-16
0,277630,4.3100178E-16
0,277640,4.305493E-16
0,277650,4.3009728E-16
0,277660,4.2964576E-16
0,277670,4.291947E-16
0,277680,4.287441E-16
0,277690,4.2829398E-16
0,277700,4.2784434E-16
0,277710,4.2739517E-16
0,277720,4.2694645E-16
0,277730,4.2649824E-16
0,277740,4.2605048E-16
0,277750,4.256032E-16
0,277760,4.2515636E-16
0,277770,4.2471002E-16
0,277780,4.2426414E-16
0,277790,4.238187E-16
0,277800,4.2337378E-16
0,277810,4.229293E-16
0,277820,4.224853E-16
0,277830,4.2204174E-16
0,277840,4.2159866E-16
0,277850,4.2115603E-16
0,277860,4.2071388E-16
0,277870,4.202722E-16
0,277880,4.1983098E-16
0,277890,4.193902E-16
0,277900,4.189499E-16
0,277910,4.1851009E-16
0,277920,4.1807071E-16
0,277930,4.176318E-16
0,277940,4.1719335E-16
0,277950,4.1675535E-16
0,277960,4.1631783E-16
0,277970,4.1588076E-16
0,277980,4.1544414E-16
0,277990,4.15008E-16
0,278000,4.1457228E-16
0,278010,4.1413704E-16
0,278020,4.1370227E-16
0,278030,4.1326793E-16
0,278040,4.1283406E-16
0,278050,4.1240067E-16
0,278060,4.119677E-16
0,278070,4.115352E-16
0,278080,4.1110315E-16
0,278090,4.1067154E-16
0,278100,4.102404E-16
0,278110,4.098097E-16
0,278120,4.0937947E-16
0,278130,4.0894968E-16
0,278140,4.0852034E-16
0,278150,4.0809147E-16
0,278160,4.0766303E-16
0,278170,4.0723504E-16
0,278180,4.068075E-16
0,278190,4.0638041E-16
0,278200,4.0595377E-16
0,278210,4.0552758E-16
0,278220,4.0510185E-16
0,278230,4.0467656E-16
0,278240,4.0425172E-16
0,278250,4.038273E-16
0,278260,4.0340333E-16
0,278270,4.0297982E-16
0,278280,4.0255675E-16
0,278290,4.0213413E-16
0,278300,4.0171197E-16
0,278310,4.0129022E-16
0,278320,4.0086893E-16
0,278330,4.0044806E-16
0,278340,4.0002767E-16
0,278350,3.996077E-16
0,278360,3.9918815E-16
0,278370,3.9876908E-16
0,278380,3.983504E-16
0,278390,3.9793221E-16
0,278400,3.9751444E-16
0,278410,3.9709712E-16
0,278420,3.9668022E-16
0,278430,3.9626377E-16
0,278440,3.9584775E-16
0,278450,3.9543217E-16
0,278460,3.9501702E-16
0,278470,3.9460232E-16
0,278480,3.9418804E-16
0,278490,3.937742E-16
0,278500,3.933608E-16
0,278510,3.9294782E-16
0,278520,3.925353E-16
0,278530,3.9212318E-16
0,278540,3.9171152E-16
0,278550,3.913003E-16
0,278560,3.9088948E-16
0,278570,3.904791E-16
0,278580,3.9006915E-16
0,278590,3.8965964E-16
0,278600,3.8925055E-16
0,278610,3.888419E-16
0,278620,3.8843367E-16
0,278630,3.8802587E-16
0,278640,3.876185E-16
0,278650,3.8721156E-16
0,278660,3.8680506E-16
0,278670,3.8639896E-16
0,278680,3.859933E-16
0,278690,3.8558806E-16
0,278700,3.8518326E-16
0,278710,3.8477888E-16
0,278720,3.8437492E-16
0,278730,3.8397136E-16
0,278740,3.8356826E-16
0,278750,3.8316557E-16
0,278760,3.827633E-16
0,278770,3.8236147E-16
0,278780,3.8196003E-16
0,278790,3.8155904E-16
0,278800,3.8115845E-16
0,278810,3.807583E-16
0,278820,3.8035856E-16
0,278830,3.7995923E-16
0,278840,3.7956033E-16
0,278850,3.7916186E-16
0,278860,3.7876378E-16
0,278870,3.7836615E-16
0,278880,3.7796892E-16
0,278890,3.775721E-16
0,278900,3.7717572E-16
0,278910,3.7677974E-16
0,278920,3.7638417E-16
0,278930,3.7598903E-16
0,278940,3.755943E-16
0,278950,3.7519997E-16
0,278960,3.7480607E-16
0,278970,3.7441257E-16
0,278980,3.740195E-16
0,278990,3.7362684E-16
0,279000,3.7323459E-16
0,279010,3.7284275E-16
0,279020,3.7245132E-16
0,279030,3.720603E-16
0,279040,3.716697E-16
0,279050,3.712795E-16
0,279060,3.708897E-16
0,279070,3.7050034E-16
0,279080,3.7011136E-16
0,279090,3.697228E-16
0,279100,3.6933463E-16
0,279110,3.689469E-16
0,279120,3.6855955E-16
0,279130,3.6817264E-16
0,279140,3.677861E-16
0,279150,3.6739999E-16
0,279160,3.6701427E-16
0,279170,3.6662895E-16
0,279180,3.6624405E-16
0,279190,3.6585955E-16
0,279200,3.6547545E-16
0,279210,3.6509174E-16
0,279220,3.6470846E-16
0,279230,3.6432557E-16
0,279240,3.6394308E-16
0,279250,3.63561E-16
0,279260,3.6317933E-16
0,279270,3.6279803E-16
0,279280,3.6241715E-16
0,279290,3.6203665E-16
0,279300,3.6165657E-16
0,279310,3.612769E-16
0,279320,3.608976E-16
0,279330,3.6051872E-16
0,279340,3.6014022E-16
0,279350,3.5976213E-16
0,279360,3.5938443E-16
