"IndividualId","Time [min]","Organism|PeripheralVenousBlood|Compound1|Plasma (Peripheral Venous Blood) [µmol/l]"
0,0,0
0,10,0.34817913
0,20,1.1837573
0,30,1.8291435
0,40,2.2264314
0,50,2.4726117
0,60,2.6377175
0,70,2.7580712
0,80,2.6704528
0,90,2.339529
0,100,1.9603277
0,110,1.653453
0,120,1.3053268
0,130,1.0718013
0,140,0.8681927
0,150,0.68786097
0,160,0.56983143
0,170,0.4924174
0,180,0.43775585
0,190,0.39599255
0,200,0.3621146
0,210,0.33355847
0,220,0.30894887
0,230,0.2874601
0,240,0.2684408
0,250,0.25150558
0,260,0.23641036
0,270,0.22295135
0,280,0.21094692
0,290,0.20023432
0,300,0.19066836
0,310,0.18211997
0,320,0.17447475
0,330,0.1676314
0,340,0.16150036
0,350,0.15600239
0,360,0.15106744
0,370,0.14663355
0,380,0.14264597
0,390,0.13905622
0,400,0.13580716
0,410,0.13282695
0,420,0.13008201
0,430,0.12755199
0,440,0.12521832
0,450,0.12306288
0,460,0.12106827
0,470,0.11921821
0,480,0.11749776
0,490,0.115893416
0,500,0.11439304
0,510,0.11298576
0,520,0.11166188
0,530,0.11041283
0,540,0.10923097
0,550,0.10810953
0,560,0.10704251
0,570,0.106024556
0,580,0.105050966
0,590,0.10411754
0,600,0.10322057
0,610,0.10235674
0,620,0.10152312
0,630,0.10071711
0,640,0.09993639
0,650,0.099178895
0,660,0.0984428
0,670,0.09772646
0,680,0.09702842
0,690,0.09634738
0,700,0.09568218
0,710,0.09503178
0,720,0.094395265
0,730,0.09377178
0,740,0.09316059
0,750,0.09256102
0,760,0.09197246
0,770,0.09139438
0,780,0.09082628
0,790,0.09026771
0,800,0.089718275
0,810,0.08917759
0,820,0.08864535
0,830,0.08812122
0,840,0.08760494
0,850,0.087096244
0,860,0.0865949
0,870,0.08610069
0,880,0.085613415
0,890,0.08513288
0,900,0.08465892
0,910,0.084191374
0,920,0.08373008
0,930,0.0832749
0,940,0.0828257
0,950,0.08238235
0,960,0.08194474
0,970,0.08151275
0,980,0.08108626
0,990,0.080665186
0,1000,0.080249414
0,1010,0.07983886
0,1020,0.079433426
0,1030,0.079033025
0,1040,0.07863757
0,1050,0.07824697
0,1060,0.077796206
0,1070,0.07721799
0,1080,0.0766458
0,1090,0.07612689
0,1100,0.07565662
0,1110,0.07522153
0,1120,0.07481059
0,1130,0.074416496
0,1140,0.07403471
0,1150,0.0736625
0,1160,0.073298156
0,1170,0.072940655
0,1180,0.07258931
0,1190,0.072243646
0,1200,0.071903326
0,1210,0.071568064
0,1220,0.07123766
0,1230,0.070911914
0,1240,0.07059066
0,1250,0.07027375
0,1260,0.06996105
0,1270,0.06965244
0,1280,0.06934781
0,1290,0.06904704
0,1300,0.068750046
0,1310,0.06845674
0,1320,0.06816702
0,1330,0.06788083
0,1340,0.06759808
0,1350,0.0673187
0,1360,0.06704263
0,1370,0.06676979
0,1380,0.06650014
0,1390,0.06623361
0,1400,0.065970145
0,1410,0.065709695
0,1420,0.06545221
0,1430,0.06519764
0,1440,0.064945936
0,1450,0.4128783
0,1460,1.2481906
0,1470,1.8925434
0,1480,2.2882998
0,1490,2.5327356
0,1500,2.695725
0,1510,2.8144586
0,1520,2.7256095
0,1530,2.3936183
0,1540,2.0133162
0,1550,1.7053355
0,1560,1.3563235
0,1570,1.1220851
0,1580,0.91783416
0,1590,0.73691076
0,1600,0.6183003
0,1610,0.54029626
0,1620,0.48502317
0,1630,0.44262335
0,1640,0.40807506
0,1650,0.3788106
0,1660,0.35345104
0,1670,0.33119148
0,1680,0.31151092
0,1690,0.29403633
0,1700,0.27847844
0,1710,0.2646001
0,1720,0.2522004
0,1730,0.24110578
0,1740,0.23116478
0,1750,0.22224446
0,1760,0.21422766
0,1770,0.20701109
0,1780,0.2005035
0,1790,0.19462426
0,1800,0.1893021
0,1810,0.18447399
0,1820,0.1800842
0,1830,0.17608343
0,1840,0.17242813
0,1850,0.16907969
0,1860,0.16600396
0,1870,0.16317071
0,1880,0.16055334
0,1890,0.15812826
0,1900,0.15587457
0,1910,0.15377375
0,1920,0.1518095
0,1930,0.14996722
0,1940,0.1482341
0,1950,0.14659871
0,1960,0.14505105
0,1970,0.14358214
0,1980,0.14218394
0,1990,0.14084965
0,2000,0.1395728
0,2010,0.13834828
0,2020,0.13717094
0,2030,0.13603671
0,2040,0.13494167
0,2050,0.13388236
0,2060,0.13285571
0,2070,0.13185899
0,2080,0.13088968
0,2090,0.12994571
0,2100,0.12902512
0,2110,0.12812623
0,2120,0.12724757
0,2130,0.12638777
0,2140,0.12554567
0,2150,0.12472021
0,2160,0.12391041
0,2170,0.12311534
0,2180,0.122334234
0,2190,0.12156654
0,2200,0.12081143
0,2210,0.12006816
0,2220,0.11933656
0,2230,0.11861599
0,2240,0.1179059
0,2250,0.117205866
0,2260,0.11651576
0,2270,0.11583512
0,2280,0.11516362
0,2290,0.11450104
0,2300,0.113847144
0,2310,0.11320171
0,2320,0.11256451
0,2330,0.111935355
0,2340,0.11131406
0,2350,0.11070044
0,2360,0.11009434
0,2370,0.109495595
0,2380,0.10890404
0,2390,0.1083195
0,2400,0.1077419
0,2410,0.107171066
0,2420,0.10660687
0,2430,0.10604919
0,2440,0.105497934
0,2450,0.10495298
0,2460,0.10441424
0,2470,0.10388161
0,2480,0.103355035
0,2490,0.10283439
0,2500,0.102256246
0,2510,0.101550475
0,2520,0.1008508
0,2530,0.1002053
0,2540,0.099609576
0,2550,0.09905013
0,2560,0.098515905
0,2570,0.09799954
0,2580,0.09749647
0,2590,0.097003914
0,2600,0.09652018
0,2610,0.0960442
0,2620,0.09557527
0,2630,0.095112935
0,2640,0.09465681
0,2650,0.094206624
0,2660,0.09376215
0,2670,0.09332319
0,2680,0.09288957
0,2690,0.09246112
0,2700,0.09203771
0,2710,0.09161919
0,2720,0.09120546
0,2730,0.090796396
0,2740,0.09039189
0,2750,0.089991845
0,2760,0.08959617
0,2770,0.08920477
0,2780,0.08881757
0,2790,0.08843448
0,2800,0.08805544
0,2810,0.08768036
0,2820,0.0873092
0,2830,0.08694186
0,2840,0.0865783
0,2850,0.08621845
0,2860,0.08586226
0,2870,0.08550966
0,2880,0.0851606
0,2890,0.43299818
0,2900,1.2682147
0,2910,1.9124767
0,2920,2.308149
0,2930,2.5524762
0,2940,2.7153711
0,2950,2.8340151
0,2960,2.7450693
0,2970,2.4130142
0,2980,2.0326452
0,2990,1.7245324
0,3000,1.3754104
0,3010,1.1410853
0,3020,0.93674976
0,3030,0.7557287
0,3040,0.63703567
0,3050,0.5589537
0,3060,0.5035948
0,3070,0.46110877
0,3080,0.42647505
0,3090,0.3971258
0,3100,0.3716822
0,3110,0.34933898
0,3120,0.3295753
0,3130,0.3120182
0,3140,0.29637828
0,3150,0.28241846
0,3160,0.26993778
0,3170,0.2587627
0,3180,0.24874172
0,3190,0.2397419
0,3200,0.23164614
0,3210,0.22435106
0,3220,0.21776545
0,3230,0.21180867
0,3240,0.20640942
0,3250,0.2015047
0,3260,0.19703878
0,3270,0.19296236
0,3280,0.18923187
0,3290,0.18580885
0,3300,0.18265896
0,3310,0.179752
0,3320,0.17706132
0,3330,0.17456336
0,3340,0.17223723
0,3350,0.1700645
0,3360,0.1680286
0,3370,0.16611505
0,3380,0.16431096
0,3390,0.16260503
0,3400,0.16098724
0,3410,0.15944864
0,3420,0.1579813
0,3430,0.15657824
0,3440,0.15523319
0,3450,0.15394063
0,3460,0.15269566
0,3470,0.15149395
0,3480,0.15033166
0,3490,0.1492054
0,3500,0.14811215
0,3510,0.14704922
0,3520,0.1460142
0,3530,0.14500493
0,3540,0.14401951
0,3550,0.14305621
0,3560,0.14211354
0,3570,0.14119007
0,3580,0.14028464
0,3590,0.13939613
0,3600,0.1385236
0,3610,0.13766612
0,3620,0.13682295
0,3630,0.13599332
0,3640,0.13517661
0,3650,0.13437232
0,3660,0.13357979
0,3670,0.13279863
0,3680,0.13202845
0,3690,0.13126878
0,3700,0.1305193
0,3710,0.1297797
0,3720,0.12904964
0,3730,0.12832886
0,3740,0.12761706
0,3750,0.12691402
0,3760,0.12621953
0,3770,0.12553333
0,3780,0.124855265
0,3790,0.124185145
0,3800,0.12352279
0,3810,0.122868046
0,3820,0.12222077
0,3830,0.12158082
0,3840,0.12094805
0,3850,0.12032234
0,3860,0.11970356
0,3870,0.11909161
0,3880,0.11848636
0,3890,0.11788769
0,3900,0.11729549
0,3910,0.11670965
0,3920,0.116130136
0,3930,0.115556836
0,3940,0.114924386
0,3950,0.114165805
0,3960,0.11341465
0,3970,0.11271807
0,3980,0.11207138
0,3990,0.111461066
0,4000,0.11087613
0,4010,0.11030923
0,4020,0.10975583
0,4030,0.109213166
0,4040,0.10867955
0,4050,0.10815392
0,4060,0.10763558
0,4070,0.10712406
0,4080,0.106619
0,4090,0.10612011
0,4100,0.10562716
0,4110,0.10513995
0,4120,0.10465831
0,4130,0.10418208
0,4140,0.103711106
0,4150,0.10324526
0,4160,0.10278442
0,4170,0.102328464
0,4180,0.101877294
0,4190,0.1014308
0,4200,0.1009889
0,4210,0.10055149
0,4220,0.100118496
0,4230,0.099689834
0,4240,0.09926543
0,4250,0.0988452
0,4260,0.098429084
0,4270,0.098017015
0,4280,0.09760893
0,4290,0.09720476
0,4300,0.096804455
0,4310,0.09640794
0,4320,0.096015185
0,4330,0.44380808
0,4340,1.2789792
0,4350,1.9231911
0,4360,2.3188558
0,4370,2.5631204
0,4380,2.7259662
0,4390,2.8445685
0,4400,2.7555878
0,4410,2.4234416
0,4420,2.0430393
0,4430,1.7349159
0,4440,1.3857591
0,4450,1.1513981
0,4460,0.9470148
0,4470,0.7659575
0,4480,0.6472215
0,4490,0.569094
0,4500,0.513696
0,4510,0.47117004
0,4520,0.43649632
0,4530,0.40710726
0,4540,0.38162404
0,4550,0.35924137
0,4560,0.33943844
0,4570,0.32184228
0,4580,0.30616355
0,4590,0.29216504
0,4600,0.27964583
0,4610,0.2684324
0,4620,0.25837326
0,4630,0.24933544
0,4640,0.24120182
0,4650,0.23386906
0,4660,0.22724596
0,4670,0.22125182
0,4680,0.2158154
0,4690,0.21087366
0,4700,0.20637089
0,4710,0.20225778
0,4720,0.19849072
0,4730,0.19503114
0,4740,0.19184493
0,4750,0.18890192
0,4760,0.1861754
0,4770,0.18364173
0,4780,0.18128
0,4790,0.1790717
0,4800,0.17700043
0,4810,0.17505173
0,4820,0.17321274
0,4830,0.17147206
0,4840,0.16981965
0,4850,0.16824654
0,4860,0.16674483
0,4870,0.1653075
0,4880,0.16392837
0,4890,0.16260198
0,4900,0.16132335
0,4910,0.16008829
0,4920,0.1588929
0,4930,0.15773354
0,4940,0.15660751
0,4950,0.1555118
0,4960,0.15444393
0,4970,0.153402
0,4980,0.15238388
0,4990,0.15138794
0,5000,0.15041274
0,5010,0.14945684
0,5020,0.14851911
0,5030,0.14759848
0,5040,0.14669393
0,5050,0.14580463
0,5060,0.14492975
0,5070,0.14406861
0,5080,0.14322056
0,5090,0.14238498
0,5100,0.14156136
0,5110,0.14074923
0,5120,0.13994814
0,5130,0.13915771
0,5140,0.13837759
0,5150,0.13760744
0,5160,0.13684696
0,5170,0.13609587
0,5180,0.13535391
0,5190,0.13462085
0,5200,0.13389644
0,5210,0.13318048
0,5220,0.1324728
0,5230,0.13177317
0,5240,0.13108146
0,5250,0.13039748
0,5260,0.1297211
0,5270,0.12905216
0,5280,0.12839052
0,5290,0.12773606
0,5300,0.12708865
0,5310,0.12644817
0,5320,0.12581451
0,5330,0.12518755
0,5340,0.12456717
0,5350,0.1239533
0,5360,0.12334581
0,5370,0.122744605
0,5380,0.12208514
0,5390,0.12129928
0,5400,0.120520525
0,5410,0.119796395
0,5420,0.11912232
0,5430,0.11848478
0,5440,0.11787276
0,5450,0.11727891
0,5460,0.11669868
0,5470,0.11612931
0,5480,0.11556909
0,5490,0.11501698
0,5500,0.11447227
0,5510,0.11393448
0,5520,0.113403246
0,5530,0.1128783
0,5540,0.112359405
0,5550,0.11184635
0,5560,0.111338966
0,5570,0.110837094
0,5580,0.11034059
0,5590,0.10984932
0,5600,0.109363146
0,5610,0.108881965
0,5620,0.108405665
0,5630,0.107934155
0,5640,0.10746732
0,5650,0.10700509
0,5660,0.10654737
0,5670,0.10609408
0,5680,0.10564514
0,5690,0.10520049
0,5700,0.10476005
0,5710,0.10432375
0,5720,0.10389153
0,5730,0.10346332
0,5740,0.10303907
0,5750,0.10261872
0,5760,0.10220221
0,5770,0.44996962
0,5780,1.285119
0,5790,1.929295
0,5800,2.3249195
0,5810,2.5691862
0,5820,2.7320137
0,5830,2.8505898
0,5840,2.7615812
0,5850,2.429447
0,5860,2.0489812
0,5870,1.7408452
0,5880,1.391649
0,5890,1.1572572
0,5900,0.9528696
0,5910,0.7718125
0,5920,0.65304565
0,5930,0.57489294
0,5940,0.51946986
0,5950,0.47692174
0,5960,0.44222656
0,5970,0.41281626
0,5980,0.3873114
0,5990,0.3649072
0,6000,0.34508276
0,6010,0.32746512
0,6020,0.31176496
0,6030,0.29774514
0,6040,0.28520468
0,6050,0.2739701
0,6060,0.26388988
0,6070,0.25483105
0,6080,0.2466765
0,6090,0.23932293
0,6100,0.23267905
0,6110,0.22666426
0,6120,0.22120725
0,6130,0.216245
0,6140,0.2117218
0,6150,0.20758837
0,6160,0.20380108
0,6170,0.2003213
0,6180,0.19711496
0,6190,0.19415191
0,6200,0.19140546
0,6210,0.18885198
0,6220,0.18647048
0,6230,0.18424244
0,6240,0.18215148
0,6250,0.18018317
0,6260,0.17832464
0,6270,0.17656454
0,6280,0.17489278
0,6290,0.1733004
0,6300,0.1717795
0,6310,0.17032306
0,6320,0.16892494
0,6330,0.16757953
0,6340,0.16628203
0,6350,0.165028
0,6360,0.16381362
0,6370,0.16263546
0,6380,0.16149049
0,6390,0.160376
0,6400,0.1592896
0,6410,0.15822914
0,6420,0.15719272
0,6430,0.15617862
0,6440,0.15518533
0,6450,0.15421146
0,6460,0.15325582
0,6470,0.1523173
0,6480,0.15139496
0,6490,0.1504879
0,6500,0.14959532
0,6510,0.14871654
0,6520,0.14785089
0,6530,0.1469978
0,6540,0.14615676
0,6550,0.14532728
0,6560,0.14450891
0,6570,0.14370131
0,6580,0.14290406
0,6590,0.14211684
0,6600,0.14133936
0,6610,0.14057133
0,6620,0.13981247
0,6630,0.13906255
0,6640,0.13832135
0,6650,0.13758868
0,6660,0.1368643
0,6670,0.13614808
0,6680,0.13543983
0,6690,0.13473937
0,6700,0.13404657
0,6710,0.1333613
0,6720,0.13268338
0,6730,0.1320127
0,6740,0.13134913
0,6750,0.13069256
0,6760,0.13004285
0,6770,0.12939991
0,6780,0.12876362
0,6790,0.12813388
0,6800,0.1275106
0,6810,0.12689368
0,6820,0.12621853
0,6830,0.12541698
0,6840,0.12462269
0,6850,0.12388308
0,6860,0.123193584
0,6870,0.12254069
0,6880,0.12191336
0,6890,0.12130426
0,6900,0.12070884
0,6910,0.12012433
0,6920,0.11954904
0,6930,0.118981905
0,6940,0.11842223
0,6950,0.11786954
0,6960,0.117323466
0,6970,0.11678373
0,6980,0.1162501
0,6990,0.11572237
0,7000,0.11520037
0,7010,0.11468394
0,7020,0.11417292
0,7030,0.1136672
0,7040,0.11316663
0,7050,0.112671115
0,7060,0.11218053
0,7070,0.11169479
0,7080,0.11121379
0,7090,0.110737436
0,7100,0.11026565
0,7110,0.10979835
0,7120,0.10933546
0,7130,0.1088769
0,7140,0.1084226
0,7150,0.1079725
0,7160,0.107526526
0,7170,0.107084624
0,7180,0.10664673
0,7190,0.10621279
0,7200,0.10578273
0,7210,0.45353988
0,7220,1.2886813
0,7230,1.9328432
0,7240,2.3284657
0,7250,2.5726988
0,7260,2.7355144
0,7270,2.8540735
0,7280,2.7650425
0,7290,2.4329085
0,7300,2.0524173
0,7310,1.7442702
0,7320,1.395086
0,7330,1.1606845
0,7340,0.95627695
0,7350,0.775185
0,7360,0.65641546
0,7370,0.57825017
0,7380,0.52281606
0,7390,0.48025557
0,7400,0.44554758
0,7410,0.4161246
0,7420,0.39060715
0,7430,0.36819047
0,7440,0.3483536
0,7450,0.33072364
0,7460,0.31501123
0,7470,0.30097917
0,7480,0.28842658
0,7490,0.27717987
0,7500,0.26708758
0,7510,0.25801677
0,7520,0.24985026
0,7530,0.24248475
0,7540,0.235829
0,7550,0.22980236
0,7560,0.22433357
0,7570,0.21935962
0,7580,0.21482472
0,7590,0.21067958
0,7600,0.20688061
0,7610,0.20338927
0,7620,0.20017144
0,7630,0.19719693
0,7640,0.19443904
0,7650,0.19187412
0,7660,0.18948129
0,7670,0.18724199
0,7680,0.18513982
0,7690,0.18316032
0,7700,0.18129063
0,7710,0.17951939
0,7720,0.17783651
0,7730,0.17623305
0,7740,0.17470114
0,7750,0.17323373
0,7760,0.17182465
0,7770,0.17046836
0,7780,0.16916002
0,7790,0.16789523
0,7800,0.1666703
0,7810,0.16548164
0,7820,0.16432609
0,7830,0.16320102
0,7840,0.16210398
0,7850,0.16103287
0,7860,0.15998584
0,7870,0.15896119
0,7880,0.15795743
0,7890,0.15697318
0,7900,0.15600722
0,7910,0.1550584
0,7920,0.15412578
0,7930,0.15320846
0,7940,0.15230566
0,7950,0.15141669
0,7960,0.1505409
0,7970,0.14967771
0,7980,0.14882661
0,7990,0.14798711
0,8000,0.14715882
0,8010,0.14634126
0,8020,0.14553413
0,8030,0.14473708
0,8040,0.14394978
0,8050,0.14317195
0,8060,0.14240335
0,8070,0.14164372
0,8080,0.14089286
0,8090,0.14015055
0,8100,0.13941659
0,8110,0.13869081
0,8120,0.13797304
0,8130,0.13726312
0,8140,0.13656089
0,8150,0.1358662
0,8160,0.13517891
0,8170,0.1344989
0,8180,0.13382603
0,8190,0.13316019
0,8200,0.13250126
0,8210,0.13184911
0,8220,0.13120367
0,8230,0.13056481
0,8240,0.12993243
0,8250,0.12930644
0,8260,0.12862223
0,8270,0.12781179
0,8280,0.12700854
0,8290,0.12626001
0,8300,0.12556162
0,8310,0.124899864
0,8320,0.124263704
0,8330,0.12364582
0,8340,0.123041645
0,8350,0.12244842
0,8360,0.121864446
0,8370,0.12128866
0,8380,0.120720364
0,8390,0.12015909
0,8400,0.11960446
0,8410,0.1190562
0,8420,0.11851409
0,8430,0.117977895
0,8440,0.11744746
0,8450,0.11692264
0,8460,0.116403274
0,8470,0.115889214
0,8480,0.115380354
0,8490,0.114876576
0,8500,0.11437777
0,8510,0.11388382
0,8520,0.11339465
0,8530,0.11291017
0,8540,0.112430274
0,8550,0.111954905
0,8560,0.11148396
0,8570,0.11101738
0,8580,0.110555105
0,8590,0.11009704
0,8600,0.10964314
0,8610,0.10919334
0,8620,0.10874758
0,8630,0.10830579
0,8640,0.107867934
0,8650,0.4556152
0,8660,1.290742
0,8670,1.9349078
0,8680,2.3304925
0,8690,2.5747428
0,8700,2.7375546
0,8710,2.8561084
0,8720,2.7670734
0,8730,2.434933
0,8740,2.054458
0,8750,1.7462827
0,8760,1.3970854
0,8770,1.1626735
0,8780,0.9582557
0,8790,0.7771608
0,8800,0.6583787
0,8810,0.58020735
0,8820,0.52476466
0,8830,0.4821971
0,8840,0.44748253
0,8850,0.41805223
0,8860,0.39252767
0,8870,0.37010407
0,8880,0.35026005
0,8890,0.3326231
0,8900,0.31690353
0,8910,0.30286443
0,8920,0.2903048
0,8930,0.2790511
0,8940,0.26895186
0,8950,0.25987405
0,8960,0.25170064
0,8970,0.24432825
0,8980,0.23766564
0,8990,0.23163217
0,9000,0.22615656
0,9010,0.2211758
0,9020,0.21663414
0,9030,0.21248227
0,9040,0.20867662
0,9050,0.2051786
0,9060,0.20195416
0,9070,0.1989731
0,9080,0.19620873
0,9090,0.19363739
0,9100,0.19123805
0,9110,0.18899229
0,9120,0.18688361
0,9130,0.1848976
0,9140,0.18302141
0,9150,0.1812437
0,9160,0.17955439
0,9170,0.17794456
0,9180,0.17640625
0,9190,0.17493251
0,9200,0.17351708
0,9210,0.17215444
0,9220,0.17083974
0,9230,0.16956863
0,9240,0.16833732
0,9250,0.16714232
0,9260,0.1659806
0,9270,0.16484958
0,9280,0.16374661
0,9290,0.16266969
0,9300,0.16161689
0,9310,0.16058628
0,9320,0.15957661
0,9330,0.15858635
0,9340,0.1576143
0,9350,0.15665945
0,9360,0.1557208
0,9370,0.15479748
0,9380,0.15388875
0,9390,0.15299384
0,9400,0.15211219
0,9410,0.15124317
0,9420,0.15038623
0,9430,0.14954093
0,9440,0.14870681
0,9450,0.14788347
0,9460,0.14707056
0,9470,0.14626773
0,9480,0.14547469
0,9490,0.14469115
0,9500,0.14391688
0,9510,0.14315161
0,9520,0.14239512
0,9530,0.14164723
0,9540,0.14090773
0,9550,0.14017642
0,9560,0.13945313
0,9570,0.13873772
0,9580,0.13803001
0,9590,0.13732986
0,9600,0.13663714
0,9610,0.1359517
0,9620,0.13527344
0,9630,0.13460222
0,9640,0.13393794
0,9650,0.13328047
0,9660,0.13262972
0,9670,0.13198557
0,9680,0.13134792
0,9690,0.1307167
0,9700,0.13002734
0,9710,0.1292117
0,9720,0.12840325
0,9730,0.12764953
0,9740,0.12694597
0,9750,0.12627907
0,9760,0.12563781
0,9770,0.12501483
0,9780,0.124405585
0,9790,0.12380731
0,9800,0.1232183
0,9810,0.122637495
0,9820,0.12206421
0,9830,0.12149796
0,9840,0.12093837
0,9850,0.12038518
0,9860,0.11983813
0,9870,0.11929705
0,9880,0.11876175
0,9890,0.11823206
0,9900,0.11770783
0,9910,0.11718895
0,9920,0.11667528
0,9930,0.1161667
0,9940,0.11566312
0,9950,0.11516442
0,9960,0.11467051
0,9970,0.114181295
0,9980,0.1136967
0,9990,0.11321664
0,10000,0.11274103
0,10010,0.112269804
0,10020,0.11180289
0,10030,0.11134022
0,10040,0.11088172
0,10050,0.110427335
0,10060,0.10997701
0,10070,0.10953067
0,10080,0.10908829
0,10090,0.45683217
0,10100,1.2919564
0,10110,1.9361035
0,10120,2.3316853
0,10130,2.57596
0,10140,2.7387478
0,10150,2.8572972
0,10160,2.7682488
0,10170,2.4361
0,10180,2.0555906
0,10190,1.7474494
0,10200,1.3982549
0,10210,1.1638379
0,10220,0.9593996
0,10230,0.77831554
0,10240,0.659531
0,10250,0.58135396
0,10260,0.5259066
0,10270,0.4833345
0,10280,0.44861525
0,10290,0.41918102
0,10300,0.39365253
0,10310,0.37122482
0,10320,0.35137683
0,10330,0.3337356
0,10340,0.31801197
0,10350,0.3039688
0,10360,0.29140508
0,10370,0.2801473
0,10380,0.27004403
0,10390,0.2609622
0,10400,0.2527848
0,10410,0.2454084
0,10420,0.2387418
0,10430,0.23270437
0,10440,0.2272248
0,10450,0.22224009
0,10460,0.21769449
0,10470,0.21353874
0,10480,0.20972921
0,10490,0.20622732
0,10500,0.20299897
0,10510,0.20001398
0,10520,0.19724572
0,10530,0.19467053
0,10540,0.19226752
0,10550,0.19001815
0,10560,0.18790591
0,10570,0.18591633
0,10580,0.18403648
0,10590,0.18225506
0,10600,0.18056197
0,10610,0.17894836
0,10620,0.17740631
0,10630,0.17592886
0,10640,0.17450975
0,10650,0.17314349
0,10660,0.17182514
0,10670,0.17055039
0,10680,0.16931537
0,10690,0.16811666
0,10700,0.16695121
0,10710,0.16581635
0,10720,0.16470969
0,10730,0.16362911
0,10740,0.16257264
0,10750,0.16153863
0,10760,0.16052563
0,10770,0.15953209
0,10780,0.15855676
0,10790,0.15759881
0,10800,0.15665698
0,10810,0.15573032
0,10820,0.15481833
0,10830,0.15392008
0,10840,0.15303494
0,10850,0.15216245
0,10860,0.15130204
0,10870,0.15045324
0,10880,0.14961566
0,10890,0.1487889
0,10900,0.14797258
0,10910,0.14716642
0,10920,0.14637008
0,10930,0.14558326
0,10940,0.14480571
0,10950,0.1440372
0,10960,0.14327747
0,10970,0.14252631
0,10980,0.14178355
0,10990,0.141049
0,11000,0.14032246
0,11010,0.13960381
0,11020,0.13889289
0,11030,0.13818954
0,11040,0.13749363
0,11050,0.13680504
0,11060,0.13612363
0,11070,0.13544929
0,11080,0.1347819
0,11090,0.13412133
0,11100,0.1334675
0,11110,0.13282028
0,11120,0.13217956
0,11130,0.13154526
0,11140,0.13085346
0,11150,0.13003504
0,11160,0.12922342
0,11170,0.12846649
0,11180,0.12775978
0,11190,0.1270898
0,11200,0.12644549
0,11210,0.1258195
0,11220,0.12520729
0,11230,0.12460604
0,11240,0.124014094
0,11250,0.123430364
0,11260,0.122854166
0,11270,0.122285
0,11280,0.12172253
0,11290,0.12116645
0,11300,0.12061655
0,11310,0.12007261
0,11320,0.119534455
0,11330,0.11900194
0,11340,0.11847489
0,11350,0.1179532
0,11360,0.11743673
0,11370,0.11692536
0,11380,0.116418995
0,11390,0.115917526
0,11400,0.115420856
0,11410,0.1149289
0,11420,0.114441566
0,11430,0.113958776
0,11440,0.113480456
0,11450,0.113006525
0,11460,0.112536915
0,11470,0.11207156
0,11480,0.11161039
0,11490,0.11115335
0,11500,0.11070038
0,11510,0.110251404
0,11520,0.10980639
0,11530,0.4575475
0,11540,1.2926667
0,11550,1.9368249
0,11560,2.3324025
0,11570,2.576646
0,11580,2.7394507
0,11590,2.8580005
0,11600,2.768973
0,11610,2.4367948
0,11620,2.0563104
0,11630,1.7481376
0,11640,1.3989322
0,11650,1.1645195
0,11660,0.96009445
0,11670,0.77899045
0,11680,0.6602045
0,11690,0.5820255
0,11700,0.52657956
0,11710,0.4840055
0,11720,0.4492839
0,11730,0.4198476
0,11740,0.39431587
0,11750,0.37188533
0,11760,0.3520347
0,11770,0.33439106
0,11780,0.31866503
0,11790,0.30461943
0,11800,0.29205334
0,11810,0.28079322
0,11820,0.27068758
0,11830,0.26160342
0,11840,0.25342363
0,11850,0.24604492
0,11860,0.239376
0,11870,0.23333624
0,11880,0.22785439
0,11890,0.22286738
0,11900,0.2183195
0,11910,0.21416144
0,11920,0.21034962
0,11930,0.20684546
0,11940,0.20361486
0,11950,0.20062761
0,11960,0.19785702
0,11970,0.19527945
0,11980,0.19287401
0,11990,0.19062218
0,12000,0.18850757
0,12010,0.18651569
0,12020,0.18463364
0,12030,0.18285006
0,12040,0.18115488
0,12050,0.17953919
0,12060,0.17799513
0,12070,0.17651562
0,12080,0.17509465
0,12090,0.17372647
0,12100,0.17240624
0,12110,0.17112969
0,12120,0.16989267
0,12130,0.16869207
0,12140,0.1675246
0,12150,0.16638765
0,12160,0.16527885
0,12170,0.16419603
0,12180,0.16313733
0,12190,0.16210105
0,12200,0.16108568
0,12210,0.16008985
0,12220,0.15911232
0,12230,0.15815204
0,12240,0.15720798
0,12250,0.1562793
0,12260,0.15536517
0,12270,0.1544649
0,12280,0.15357785
0,12290,0.15270343
0,12300,0.15184115
0,12310,0.1509905
0,12320,0.15015107
0,12330,0.14932245
0,12340,0.14850429
0,12350,0.14769624
0,12360,0.146898
0,12370,0.14610928
0,12380,0.14532983
0,12390,0.14455941
0,12400,0.1437978
0,12410,0.14304478
0,12420,0.14230017
0,12430,0.14156377
0,12440,0.14083542
0,12450,0.14011495
0,12460,0.1394022
0,12470,0.13869704
0,12480,0.13799933
0,12490,0.13730893
0,12500,0.13662572
0,12510,0.13594957
0,12520,0.13528036
0,12530,0.134618
0,12540,0.13396235
0,12550,0.13331334
0,12560,0.13267085
0,12570,0.13203478
0,12580,0.13134041
0,12590,0.13051991
0,12600,0.12970674
0,12610,0.12894833
0,12620,0.12824008
0,12630,0.12756848
0,12640,0.12692253
0,12650,0.12629488
0,12660,0.12568098
0,12670,0.12507805
0,12680,0.124484405
0,12690,0.12389899
0,12700,0.12332111
0,12710,0.12275027
0,12720,0.12218612
0,12730,0.121628374
0,12740,0.1210768
0,12750,0.1205312
0,12760,0.11999139
0,12770,0.11945722
0,12780,0.11892854
0,12790,0.11840521
0,12800,0.1178871
0,12810,0.11737411
0,12820,0.11686612
0,12830,0.11636303
0,12840,0.11586476
0,12850,0.1153712
0,12860,0.11488227
0,12870,0.11439788
0,12880,0.11391798
0,12890,0.113442466
0,12900,0.11297128
0,12910,0.11250436
0,12920,0.11204163
0,12930,0.11158303
0,12940,0.1111285
0,12950,0.11067799
0,12960,0.11023143
0,12970,0.45797026
0,12980,1.2930886
0,12990,1.9372985
0,13000,2.3329484
0,13010,2.577159
0,13020,2.7399316
0,13030,2.858454
0,13040,2.7694151
0,13050,2.4372413
0,13060,2.0566416
0,13070,1.7485656
0,13080,1.399376
0,13090,1.1649542
0,13100,0.9605075
0,13110,0.7794002
0,13120,0.6606113
0,13130,0.5824345
0,13140,0.52698416
0,13150,0.48440856
0,13160,0.4496849
0,13170,0.42024603
0,13180,0.39471313
0,13190,0.37228093
0,13200,0.3524287
0,13210,0.33478343
0,13220,0.3190558
0,13230,0.30500862
0,13240,0.29244095
0,13250,0.28117925
0,13260,0.27107206
0,13270,0.2619864
0,13280,0.25380513
0,13290,0.24642493
0,13300,0.23975456
0,13310,0.23371334
0,13320,0.22823004
0,13330,0.22324166
0,13340,0.21869239
0,13350,0.21453294
0,13360,0.21071972
0,13370,0.20721418
0,13380,0.2039822
0,13390,0.2009936
0,13400,0.19822165
0,13410,0.19564275
0,13420,0.19323601
0,13430,0.19098288
0,13440,0.18886703
0,13450,0.18687384
0,13460,0.18499053
0,13470,0.18320563
0,13480,0.18150914
0,13490,0.17989214
0,13500,0.17834671
0,13510,0.17686586
0,13520,0.17544337
0,13530,0.17407371
0,13540,0.17275202
0,13550,0.1714739
0,13560,0.17023556
0,13570,0.16903354
0,13580,0.1678648
0,13590,0.1667267
0,13600,0.1656168
0,13610,0.16453288
0,13620,0.16347326
0,13630,0.16243604
0,13640,0.16141959
0,13650,0.16042283
0,13660,0.15944432
0,13670,0.15848288
0,13680,0.15753774
0,13690,0.1566079
0,13700,0.15569256
0,13710,0.15479109
0,13720,0.15390281
0,13730,0.15302718
0,13740,0.15216368
0,13750,0.15131183
0,13760,0.15047123
0,13770,0.14964144
0,13780,0.14882211
0,13790,0.1480129
0,13800,0.14721353
0,13810,0.14642367
0,13820,0.14564309
0,13830,0.14487153
0,13840,0.14410877
0,13850,0.14335461
0,13860,0.14260885
0,13870,0.1418713
0,13880,0.14114183
0,13890,0.14042024
0,13900,0.13970639
0,13910,0.13900012
0,13920,0.13830131
0,13930,0.13760982
0,13940,0.13692552
0,13950,0.13624829
0,13960,0.135578
0,13970,0.13491456
0,13980,0.13425785
0,13990,0.13360777
0,14000,0.13296422
0,14010,0.13232711
0,14020,0.13163188
0,14030,0.1308105
0,14040,0.12999623
0,14050,0.12923668
0,14060,0.12852731
0,14070,0.12785465
0,14080,0.12720764
0,14090,0.12657894
0,14100,0.125964
0,14110,0.12536004
0,14120,0.12476538
0,14130,0.12417895
0,14140,0.12360006
0,14150,0.12302821
0,14160,0.12246306
0,14170,0.12190432
0,14180,0.121351756
0,14190,0.12080517
0,14200,0.12026438
0,14210,0.11972923
0,14220,0.11919957
0,14230,0.11867526
0,14240,0.11815619
0,14250,0.11764223
0,14260,0.11713328
0,14270,0.11662924
0,14280,0.11613001
0,14290,0.1156355
0,14300,0.11514562
0,14310,0.1146603
0,14320,0.114179455
0,14330,0.113703005
0,14340,0.113230884
0,14350,0.11276303
0,14360,0.11229938
0,14370,0.11183986
0,14380,0.111384414
0,14390,0.11093298
0,14400,0.11048551
0,14410,0.45822558
0,14420,1.2933421
0,14430,1.9374987
0,14440,2.3330698
0,14450,2.5773118
0,14460,2.7401125
0,14470,2.8586602
0,14480,2.7695944
0,14490,2.4374614
0,14500,2.0569284
0,14510,1.7487855
0,14520,1.3995852
0,14530,1.1651671
0,14540,0.96071184
0,14550,0.7796141
0,14560,0.66085094
0,14570,0.5826764
0,14580,0.52722114
0,14590,0.4846414
0,14600,0.449916
0,14610,0.4204765
0,14620,0.39494288
0,14630,0.37251016
0,14640,0.3526574
0,14650,0.3350116
0,14660,0.31928337
0,14670,0.3052356
0,14680,0.2926673
0,14690,0.28140497
0,14700,0.27129713
0,14710,0.2622108
0,14720,0.25402883
0,14730,0.24664795
0,14740,0.23997687
0,14750,0.23393497
0,14760,0.22845095
0,14770,0.2234618
0,14780,0.21891178
0,14790,0.21475163
0,14800,0.21093774
0,14810,0.2074315
0,14820,0.20419881
0,14830,0.20120947
0,14840,0.1984368
0,14850,0.19585715
0,14860,0.19344963
0,14870,0.19119571
0,14880,0.18907902
0,14890,0.18708509
0,14900,0.18520106
0,14910,0.18341568
0,14920,0.18171863
0,14930,0.18010122
0,14940,0.1785552
0,14950,0.1770738
0,14960,0.17565061
0,14970,0.17428024
0,14980,0.17295775
0,14990,0.17167886
0,15000,0.17043974
0,15010,0.16923696
0,15020,0.1680675
0,15030,0.16692862
0,15040,0.16581793
0,15050,0.16473325
0,15060,0.1636727
0,15070,0.16263454
0,15080,0.16161726
0,15090,0.16061953
0,15100,0.1596401
0,15110,0.15867792
0,15120,0.15773204
0,15130,0.15680155
0,15140,0.1558856
0,15150,0.15498364
0,15160,0.15409493
0,15170,0.15321884
0,15180,0.1523548
0,15190,0.15150252
0,15200,0.1506614
0,15210,0.14983097
0,15220,0.14901103
0,15230,0.1482012
0,15240,0.14740111
0,15250,0.14661054
0,15260,0.14582925
0,15270,0.14505698
0,15280,0.14429353
0,15290,0.14353868
0,15300,0.14279227
0,15310,0.14205407
0,15320,0.14132395
0,15330,0.14060172
0,15340,0.13988724
0,15350,0.13918035
0,15360,0.1384809
0,15370,0.13778879
0,15380,0.13710384
0,15390,0.13642597
0,15400,0.13575505
0,15410,0.13509096
0,15420,0.13443363
0,15430,0.13378291
0,15440,0.13313873
0,15450,0.13250098
0,15460,0.13180599
0,15470,0.13098425
0,15480,0.13016914
0,15490,0.12940873
0,15500,0.12869859
0,15510,0.12802519
0,15520,0.1273775
0,15530,0.12674814
0,15540,0.12613258
0,15550,0.12552801
0,15560,0.12493275
0,15570,0.12434572
0,15580,0.12376623
0,15590,0.12319379
0,15600,0.122628056
0,15610,0.12206873
0,15620,0.12151559
0,15630,0.120968424
0,15640,0.12042706
0,15650,0.11989133
0,15660,0.1193611
0,15670,0.118836224
0,15680,0.11831658
0,15690,0.11780207
0,15700,0.11729256
0,15710,0.11678796
0,15720,0.11628818
0,15730,0.11579311
0,15740,0.11530268
0,15750,0.11481681
0,15760,0.11433541
0,15770,0.11385842
0,15780,0.11338575
0,15790,0.11291736
0,15800,0.11245316
0,15810,0.111993104
0,15820,0.11153712
0,15830,0.11108516
0,15840,0.11063715
0,15850,0.11019305
0,15860,0.109752804
0,15870,0.10931636
0,15880,0.108883664
0,15890,0.10845466
0,15900,0.10802931
0,15910,0.10760757
0,15920,0.10718939
0,15930,0.10677471
0,15940,0.106363505
0,15950,0.10595573
0,15960,0.1055228
0,15970,0.10425081
0,15980,0.10278339
0,15990,0.10174245
0,16000,0.10099322
0,16010,0.10038665
0,16020,0.09984842
0,16030,0.099346355
0,16040,0.09886658
0,16050,0.098402716
0,16060,0.097951524
0,16070,0.09751111
0,16080,0.097080216
0,16090,0.09665793
0,16100,0.096243516
0,16110,0.09583635
0,16120,0.09543588
0,16130,0.09504165
0,16140,0.09465323
0,16150,0.09427026
0,16160,0.09389237
0,16170,0.0935193
0,16180,0.093150795
0,16190,0.09278662
0,16200,0.09242649
0,16210,0.09207031
0,16220,0.09171782
0,16230,0.0913689
0,16240,0.09102341
0,16250,0.09068119
0,16260,0.09034219
0,16270,0.09000623
0,16280,0.08967328
0,16290,0.08934323
0,16300,0.08901598
0,16310,0.08869151
0,16320,0.08836972
0,16330,0.08805054
0,16340,0.08773391
0,16350,0.0874198
0,16360,0.08710815
0,16370,0.08679889
0,16380,0.086492
0,16390,0.08618744
0,16400,0.08588516
0,16410,0.08558513
0,16420,0.08528729
0,16430,0.08499163
0,16440,0.0846981
0,16450,0.08440671
0,16460,0.08411743
0,16470,0.08383023
0,16480,0.08354501
0,16490,0.083261795
0,16500,0.08298057
0,16510,0.082701325
0,16520,0.08242404
0,16530,0.08214869
0,16540,0.08187519
0,16550,0.081603564
0,16560,0.081333786
0,16570,0.081065856
0,16580,0.08079974
0,16590,0.080535434
0,16600,0.08027287
0,16610,0.08001205
0,16620,0.079752974
0,16630,0.0794956
0,16640,0.07923993
0,16650,0.07898594
0,16660,0.07873359
0,16670,0.07848289
0,16680,0.0782338
0,16690,0.07798632
0,16700,0.07774044
0,16710,0.07749612
0,16720,0.07725336
0,16730,0.07701214
0,16740,0.076772444
0,16750,0.076534264
0,16760,0.076297574
0,16770,0.076062374
0,16780,0.075828634
0,16790,0.07559635
0,16800,0.0753655
0,16810,0.07513608
0,16820,0.07490808
0,16830,0.074681476
0,16840,0.07445625
0,16850,0.0742324
0,16860,0.07400992
0,16870,0.07378878
0,16880,0.07356897
0,16890,0.07335049
0,16900,0.07313331
0,16910,0.07291744
0,16920,0.07270285
0,16930,0.07248953
0,16940,0.07227748
0,16950,0.07206668
0,16960,0.07185712
0,16970,0.071648784
0,16980,0.071441665
0,16990,0.07123575
0,17000,0.071031034
0,17010,0.07082751
0,17020,0.07062515
0,17030,0.07042395
0,17040,0.070223905
0,17050,0.07002501
0,17060,0.06982724
0,17070,0.0696306
0,17080,0.069435075
0,17090,0.069240645
0,17100,0.06904732
0,17110,0.06885507
0,17120,0.068663895
0,17130,0.06847379
0,17140,0.06828474
0,17150,0.06809674
0,17160,0.067909785
0,17170,0.06772385
0,17180,0.06753894
0,17190,0.06735505
0,17200,0.067172155
0,17210,0.066990264
0,17220,0.066809356
0,17230,0.06662943
0,17240,0.06645048
0,17250,0.06627249
0,17260,0.06609546
0,17270,0.06591937
0,17280,0.06574422
0,17290,0.06557001
0,17300,0.065396726
0,17310,0.06522436
0,17320,0.0650529
0,17330,0.064882345
0,17340,0.06471269
0,17350,0.06454392
0,17360,0.06437603
0,17370,0.064209014
0,17380,0.06404287
0,17390,0.06387759
0,17400,0.06371316
0,17410,0.063549586
0,17420,0.06338685
0,17430,0.06322495
0,17440,0.06306388
0,17450,0.06290363
0,17460,0.06274419
0,17470,0.06258557
0,17480,0.062427755
0,17490,0.062270734
0,17500,0.062114503
0,17510,0.06195906
0,17520,0.0618044
0,17530,0.06165051
0,17540,0.061497394
0,17550,0.061345037
0,17560,0.06119344
0,17570,0.061042592
0,17580,0.060892493
0,17590,0.060743134
0,17600,0.060594514
0,17610,0.060446624
0,17620,0.060299456
0,17630,0.060153008
0,17640,0.060007278
0,17650,0.059862256
0,17660,0.05971794
0,17670,0.059574325
0,17680,0.059431404
0,17690,0.059289172
0,17700,0.059147626
0,17710,0.05900676
0,17720,0.05886657
0,17730,0.058727056
0,17740,0.058554675
0,17750,0.057293754
0,17760,0.055636812
0,17770,0.054449685
0,17780,0.053664815
0,17790,0.053116642
0,17800,0.052697733
0,17810,0.05235021
0,17820,0.052044503
0,17830,0.051765572
0,17840,0.05150553
0,17850,0.05126
0,17860,0.05102633
0,17870,0.05080275
0,17880,0.050587956
0,17890,0.0503809
0,17900,0.050180737
0,17910,0.049986746
0,17920,0.04979829
0,17930,0.04961481
0,17940,0.04943582
0,17950,0.04926089
0,17960,0.049089633
0,17970,0.048921723
0,17980,0.048756845
0,17990,0.048594747
0,18000,0.04843518
0,18010,0.048277948
0,18020,0.04812288
0,18030,0.047969785
0,18040,0.047818553
0,18050,0.047669027
0,18060,0.047521107
0,18070,0.047374684
0,18080,0.047229666
0,18090,0.04708597
0,18100,0.04694351
0,18110,0.046802234
0,18120,0.046662092
0,18130,0.046523012
0,18140,0.04638495
0,18150,0.046247877
0,18160,0.04611178
0,18170,0.045976575
0,18180,0.04584226
0,18190,0.04570882
0,18200,0.045576222
0,18210,0.045444425
0,18220,0.04531342
0,18230,0.045183204
0,18240,0.04505374
0,18250,0.04492501
0,18260,0.04479701
0,18270,0.044669725
0,18280,0.044543136
0,18290,0.044417232
0,18300,0.044292007
0,18310,0.04416745
0,18320,0.044043552
0,18330,0.043920297
0,18340,0.043522984
0,18350,0.04263096
0,18360,0.041912515
0,18370,0.041417744
0,18380,0.041063268
0,18390,0.040786926
0,18400,0.040553734
0,18410,0.040345445
0,18420,0.040152702
0,18430,0.039970636
0,18440,0.039796602
0,18450,0.03962903
0,18460,0.039466918
0,18470,0.039309558
0,18480,0.0391564
0,18490,0.039006997
0,18500,0.038860977
0,18510,0.038718004
0,18520,0.038577802
0,18530,0.038440116
0,18540,0.038304724
0,18550,0.038171437
0,18560,0.03804007
0,18570,0.037910488
0,18580,0.037782535
0,18590,0.037656102
0,18600,0.03753108
0,18610,0.037407372
0,18620,0.037284892
0,18630,0.037163567
0,18640,0.037043326
0,18650,0.03692411
0,18660,0.036805864
0,18670,0.036688533
0,18680,0.03657208
0,18690,0.036456477
0,18700,0.036341682
0,18710,0.036227647
0,18720,0.03611437
0,18730,0.03600184
0,18740,0.035890006
0,18750,0.03577885
0,18760,0.03566837
0,18770,0.035558555
0,18780,0.035449367
0,18790,0.0353408
0,18800,0.035232846
0,18810,0.035125494
0,18820,0.03501514
0,18830,0.034884352
0,18840,0.034738537
0,18850,0.034583975
0,18860,0.034424234
0,18870,0.0342614
0,18880,0.03409663
0,18890,0.03393067
0,18900,0.03376403
0,18910,0.03359705
0,18920,0.03342998
0,18930,0.033263028
0,18940,0.033096343
0,18950,0.032930054
0,18960,0.03276425
0,18970,0.032599032
0,18980,0.03243445
0,18990,0.032270566
0,19000,0.032107446
0,19010,0.031945124
0,19020,0.031783655
0,19030,0.03162307
0,19040,0.031463396
0,19050,0.03130466
0,19060,0.031146882
0,19070,0.030990072
0,19080,0.030590255
0,19090,0.029496893
0,19100,0.028580856
0,19110,0.027963145
0,19120,0.027537879
0,19130,0.027220584
0,19140,0.026963076
0,19150,0.026740098
0,19160,0.026538664
0,19170,0.026351979
0,19180,0.026176328
0,19190,0.026009515
0,19200,0.025850127
0,19210,0.025697146
0,19220,0.025549797
0,19230,0.025407448
0,19240,0.025269564
0,19250,0.025135681
0,19260,0.025005395
0,19270,0.024878351
0,19280,0.024754245
0,19290,0.0246328
0,19300,0.024513768
0,19310,0.024396937
0,19320,0.024282115
0,19330,0.024169123
0,19340,0.02405782
0,19350,0.023948068
0,19360,0.023839753
0,19370,0.023732767
0,19380,0.02362702
0,19390,0.023522425
0,19400,0.023418913
0,19410,0.023316413
0,19420,0.023214867
0,19430,0.023114216
0,19440,0.023014417
0,19450,0.022915436
0,19460,0.02281722
0,19470,0.022719743
0,19480,0.022622982
0,19490,0.02252691
0,19500,0.022431491
0,19510,0.022336714
0,19520,0.022242567
0,19530,0.022149011
0,19540,0.022056043
0,19550,0.02196365
0,19560,0.02187181
0,19570,0.021780513
0,19580,0.021689748
0,19590,0.021599505
0,19600,0.021509772
0,19610,0.021420542
0,19620,0.021331806
0,19630,0.02124355
0,19640,0.02115577
0,19650,0.021068465
0,19660,0.020981625
0,19670,0.020895248
0,19680,0.020809324
0,19690,0.020723844
0,19700,0.020638807
0,19710,0.020554211
0,19720,0.020470057
0,19730,0.020386342
0,19740,0.020303043
0,19750,0.020220166
0,19760,0.02013771
0,19770,0.020055674
0,19780,0.019974053
0,19790,0.019892843
0,19800,0.019812034
0,19810,0.019731628
0,19820,0.01965162
0,19830,0.019572008
0,19840,0.019492788
0,19850,0.019413956
0,19860,0.019335512
0,19870,0.01925745
0,19880,0.019179767
0,19890,0.01910246
0,19900,0.019025525
0,19910,0.01894896
0,19920,0.018872764
0,19930,0.018796934
0,19940,0.018721467
0,19950,0.01864636
0,19960,0.01857161
0,19970,0.018497214
0,19980,0.018423172
0,19990,0.018349478
0,20000,0.018276135
0,20010,0.018203137
0,20020,0.018130483
0,20030,0.01805817
0,20040,0.017986197
0,20050,0.01791456
0,20060,0.017843258
0,20070,0.017772287
0,20080,0.017701648
0,20090,0.017631337
0,20100,0.017561352
0,20110,0.01749169
0,20120,0.017422352
0,20130,0.017353332
0,20140,0.01728463
0,20150,0.017216241
0,20160,0.017148169
0,20170,0.017080406
0,20180,0.017012952
0,20190,0.016945805
0,20200,0.016878964
0,20210,0.016812427
0,20220,0.01674619
0,20230,0.016680254
0,20240,0.016614614
0,20250,0.01654927
0,20260,0.016484221
0,20270,0.016419465
0,20280,0.016354999
0,20290,0.016290821
0,20300,0.01622693
0,20310,0.016163325
0,20320,0.016100004
0,20330,0.016036965
0,20340,0.015974205
0,20350,0.015911724
0,20360,0.01584952
0,20370,0.01578759
0,20380,0.015725935
0,20390,0.015664551
0,20400,0.015603439
0,20410,0.015542595
0,20420,0.015482018
0,20430,0.015421706
0,20440,0.015361658
0,20450,0.015301873
0,20460,0.015242348
0,20470,0.015183084
0,20480,0.015124077
0,20490,0.015065326
0,20500,0.01500683
0,20510,0.014948588
0,20520,0.014890598
0,20530,0.014832859
0,20540,0.014775368
0,20550,0.014718126
0,20560,0.01466113
0,20570,0.014604379
0,20580,0.014547871
0,20590,0.014491607
0,20600,0.014435583
0,20610,0.014379799
0,20620,0.014324253
0,20630,0.014268945
0,20640,0.014213872
0,20650,0.014159034
0,20660,0.014104429
0,20670,0.014050055
0,20680,0.013995913
0,20690,0.0139419995
0,20700,0.013888314
0,20710,0.013834856
0,20720,0.013781624
0,20730,0.013728616
0,20740,0.013675831
0,20750,0.013623269
0,20760,0.013570928
0,20770,0.013518806
0,20780,0.013466903
0,20790,0.013415217
0,20800,0.013363748
0,20810,0.013312493
0,20820,0.013261454
0,20830,0.013210626
0,20840,0.013160012
0,20850,0.013109607
0,20860,0.013059412
0,20870,0.013009426
0,20880,0.012959648
0,20890,0.0129100755
0,20900,0.012860709
0,20910,0.012811546
0,20920,0.0127625875
0,20930,0.012713831
0,20940,0.0126652755
0,20950,0.01261692
0,20960,0.012568764
0,20970,0.012520806
0,20980,0.012473046
0,20990,0.012425481
0,21000,0.012378112
0,21010,0.012330938
0,21020,0.012283957
0,21030,0.012237168
0,21040,0.01219057
0,21050,0.012144163
0,21060,0.012097945
0,21070,0.012051917
0,21080,0.012006076
0,21090,0.011960422
0,21100,0.011914954
0,21110,0.01186967
0,21120,0.011824571
0,21130,0.011779654
0,21140,0.01173492
0,21150,0.011690368
0,21160,0.011645995
0,21170,0.011601803
0,21180,0.0115577895
0,21190,0.011513954
0,21200,0.0114702955
0,21210,0.011426814
0,21220,0.0113835065
0,21230,0.011340375
0,21240,0.011297416
0,21250,0.011254631
0,21260,0.011212017
0,21270,0.011169575
0,21280,0.011127304
0,21290,0.011085202
0,21300,0.011043269
0,21310,0.011001505
0,21320,0.010959907
0,21330,0.010918477
0,21340,0.010877212
0,21350,0.010836112
0,21360,0.010795176
0,21370,0.010754404
0,21380,0.010713794
0,21390,0.010673347
0,21400,0.010633062
0,21410,0.010592936
0,21420,0.01055297
0,21430,0.010513163
0,21440,0.010473515
0,21450,0.010434024
0,21460,0.01039469
0,21470,0.010355512
0,21480,0.010316489
0,21490,0.010277622
0,21500,0.010238909
0,21510,0.010200349
0,21520,0.010161941
0,21530,0.010123686
0,21540,0.010085582
0,21550,0.010047629
0,21560,0.010009825
0,21570,0.009972171
0,21580,0.009934666
0,21590,0.0098973075
0,21600,0.009860097
0,21610,0.0098230345
0,21620,0.009786117
0,21630,0.009749345
0,21640,0.009712717
0,21650,0.009676233
0,21660,0.009639894
0,21670,0.009603696
0,21680,0.009567642
0,21690,0.009531728
0,21700,0.009495956
0,21710,0.0094603235
0,21720,0.009424831
0,21730,0.009389478
0,21740,0.009354263
0,21750,0.009319186
0,21760,0.009284247
0,21770,0.009249443
0,21780,0.009214777
0,21790,0.009180245
0,21800,0.009145849
0,21810,0.009111587
0,21820,0.009077459
0,21830,0.0090434635
0,21840,0.009009602
0,21850,0.008975871
0,21860,0.0089422725
0,21870,0.0089088045
0,21880,0.008875467
0,21890,0.008842259
0,21900,0.00880918
0,21910,0.008776231
0,21920,0.008743409
0,21930,0.008710715
0,21940,0.008678148
0,21950,0.008645707
0,21960,0.008613393
0,21970,0.008581203
0,21980,0.008549139
0,21990,0.008517199
0,22000,0.008485383
0,22010,0.008453691
0,22020,0.008422121
0,22030,0.008390674
0,22040,0.008359348
0,22050,0.008328144
0,22060,0.008297061
0,22070,0.008266097
0,22080,0.008235253
0,22090,0.008204529
0,22100,0.008173924
0,22110,0.008143437
0,22120,0.008113068
0,22130,0.008082815
0,22140,0.00805268
0,22150,0.00802266
0,22160,0.0079927575
0,22170,0.007962969
0,22180,0.007933296
0,22190,0.007903738
0,22200,0.007874293
0,22210,0.007844961
0,22220,0.007815743
0,22230,0.007786637
0,22240,0.0077576437
0,22250,0.0077287615
0,22260,0.00769999
0,22270,0.0076713297
0,22280,0.0076427795
0,22290,0.0076143392
0,22300,0.007586008
0,22310,0.0075577856
0,22320,0.007529672
0,22330,0.007501666
0,22340,0.0074737673
0,22350,0.007445976
0,22360,0.0074182916
0,22370,0.007390713
0,22380,0.0073632402
0,22390,0.007335873
0,22400,0.0073086107
0,22410,0.0072814524
0,22420,0.007254399
0,22430,0.0072274483
0,22440,0.0072006015
0,22450,0.007173857
0,22460,0.0071472153
0,22470,0.0071206754
0,22480,0.0070942375
0,22490,0.0070679
0,22500,0.007041664
0,22510,0.0070155277
0,22520,0.006989491
0,22530,0.006963555
0,22540,0.006937717
0,22550,0.006911978
0,22560,0.006886338
0,22570,0.0068607954
0,22580,0.0068353503
0,22590,0.006810002
0,22600,0.006784751
0,22610,0.006759596
0,22620,0.0067345374
0,22630,0.0067095743
0,22640,0.006684706
0,22650,0.006659933
0,22660,0.006635254
0,22670,0.006610669
0,22680,0.006586178
0,22690,0.0065617803
0,22700,0.0065374756
0,22710,0.006513263
0,22720,0.0064891432
0,22730,0.006465115
0,22740,0.0064411783
0,22750,0.006417332
0,22760,0.0063935774
0,22770,0.006369913
0,22780,0.0063463384
0,22790,0.0063228533
0,22800,0.006299458
0,22810,0.006276151
0,22820,0.006252933
0,22830,0.006229803
0,22840,0.006206761
0,22850,0.006183807
0,22860,0.0061609396
0,22870,0.006138159
0,22880,0.0061154654
0,22890,0.0060928576
0,22900,0.006070336
0,22910,0.0060478994
0,22920,0.006025548
0,22930,0.0060032816
0,22940,0.0059810993
0,22950,0.0059590014
0,22960,0.0059369877
0,22970,0.005915057
0,22980,0.0058932095
0,22990,0.005871445
0,23000,0.005849763
0,23010,0.0058281627
0,23020,0.0058066444
0,23030,0.0057852077
0,23040,0.0057638525
0,23050,0.005742578
0,23060,0.0057213837
0,23070,0.00570027
0,23080,0.0056792363
0,23090,0.005658282
0,23100,0.0056374073
0,23110,0.0056166113
0,23120,0.005595894
0,23130,0.005575255
0,23140,0.005554694
0,23150,0.005534211
0,23160,0.005513806
0,23170,0.0054934775
0,23180,0.005473226
0,23190,0.0054530506
0,23200,0.0054329517
0,23210,0.005412929
0,23220,0.005392982
0,23230,0.00537311
0,23240,0.0053533134
0,23250,0.0053335913
0,23260,0.005313944
0,23270,0.0052943705
0,23280,0.0052748714
0,23290,0.0052554454
0,23300,0.005236093
0,23310,0.0052168136
0,23320,0.005197607
0,23330,0.0051784725
0,23340,0.0051594106
0,23350,0.0051404205
0,23360,0.005121502
0,23370,0.005102655
0,23380,0.005083879
0,23390,0.005065174
0,23400,0.005046539
0,23410,0.0050279745
0,23420,0.00500948
0,23430,0.004991055
0,23440,0.0049726996
0,23450,0.0049544135
0,23460,0.0049361964
0,23470,0.0049180477
0,23480,0.004899967
0,23490,0.0048819548
0,23500,0.0048640105
0,23510,0.0048461338
0,23520,0.004828324
0,23530,0.0048105814
0,23540,0.004792906
0,23550,0.004775297
0,23560,0.004757754
0,23570,0.004740277
0,23580,0.0047228658
0,23590,0.0047055203
0,23600,0.0046882397
0,23610,0.0046710246
0,23620,0.004653874
0,23630,0.004636788
0,23640,0.0046197656
0,23650,0.004602808
0,23660,0.004585914
0,23670,0.004569083
0,23680,0.004552316
0,23690,0.0045356113
0,23700,0.00451897
0,23710,0.004502391
0,23720,0.004485874
0,23730,0.0044694194
0,23740,0.004453026
0,23750,0.004436695
0,23760,0.0044204253
0,23770,0.004404216
0,23780,0.0043880683
0,23790,0.0043719807
0,23800,0.004355954
0,23810,0.004339987
0,23820,0.00432408
0,23830,0.004308233
0,23840,0.0042924453
0,23850,0.0042767166
0,23860,0.004261047
0,23870,0.0042454368
0,23880,0.0042298846
0,23890,0.0042143906
0,23900,0.004198955
0,23910,0.0041835774
0,23920,0.004168257
0,23930,0.0041529946
0,23940,0.004137789
0,23950,0.0041226405
0,23960,0.004107549
0,23970,0.004092514
0,23980,0.004077535
0,23990,0.0040626125
0,24000,0.004047746
0,24010,0.004032935
0,24020,0.0040181796
0,24030,0.0040034796
0,24040,0.0039888346
0,24050,0.003974244
0,24060,0.0039597084
0,24070,0.0039452272
0,24080,0.0039308006
0,24090,0.0039164275
0,24100,0.0039021084
0,24110,0.0038878429
0,24120,0.003873631
0,24130,0.003859472
0,24140,0.003845366
0,24150,0.003831313
0,24160,0.0038173124
0,24170,0.0038033642
0,24180,0.0037894684
0,24190,0.0037756243
0,24200,0.0037618321
0,24210,0.0037480916
0,24220,0.0037344026
0,24230,0.0037207645
0,24240,0.0037071775
0,24250,0.0036936414
0,24260,0.0036801558
0,24270,0.0036667208
0,24280,0.0036533359
0,24290,0.003640001
0,24300,0.003626716
0,24310,0.0036134806
0,24320,0.0036002947
0,24330,0.0035871582
0,24340,0.0035740705
0,24350,0.003561032
0,24360,0.0035480422
0,24370,0.0035351007
0,24380,0.0035222075
0,24390,0.0035093627
0,24400,0.0034965659
0,24410,0.0034838167
0,24420,0.0034711151
0,24430,0.003458461
0,24440,0.0034458542
0,24450,0.0034332946
0,24460,0.0034207816
0,24470,0.0034083154
0,24480,0.003395896
0,24490,0.0033835226
0,24500,0.0033711954
0,24510,0.0033589143
0,24520,0.003346679
0,24530,0.0033344894
0,24540,0.0033223454
0,24550,0.0033102464
0,24560,0.0032981928
0,24570,0.003286184
0,24580,0.00327422
0,24590,0.0032623007
0,24600,0.003250426
0,24610,0.0032385953
0,24620,0.0032268087
0,24630,0.0032150662
0,24640,0.0032033673
0,24650,0.0031917123
0,24660,0.0031801006
0,24670,0.0031685322
0,24680,0.0031570068
0,24690,0.0031455245
0,24700,0.0031340849
0,24710,0.0031226878
0,24720,0.0031113334
0,24730,0.0031000213
0,24740,0.003088751
0,24750,0.003077523
0,24760,0.003066337
0,24770,0.0030551923
0,24780,0.0030440893
0,24790,0.0030330275
0,24800,0.003022007
0,24810,0.0030110274
0,24820,0.0030000887
0,24830,0.0029891909
0,24840,0.0029783335
0,24850,0.0029675167
0,24860,0.0029567399
0,24870,0.0029460033
0,24880,0.0029353069
0,24890,0.00292465
0,24900,0.002914033
0,24910,0.0029034552
0,24920,0.002892917
0,24930,0.0028824178
0,24940,0.0028719578
0,24950,0.0028615368
0,24960,0.0028511544
0,24970,0.0028408107
0,24980,0.0028305054
0,24990,0.0028202382
0,25000,0.0028100095
0,25010,0.0027998188
0,25020,0.002789666
0,25030,0.0027795509
0,25040,0.0027694732
0,25050,0.0027594331
0,25060,0.0027494305
0,25070,0.0027394649
0,25080,0.0027295363
0,25090,0.0027196447
0,25100,0.0027097897
0,25110,0.0026999714
0,25120,0.0026901895
0,25130,0.0026804442
0,25140,0.002670735
0,25150,0.0026610617
0,25160,0.0026514244
0,25170,0.002641823
0,25180,0.002632257
0,25190,0.0026227266
0,25200,0.0026132318
0,25210,0.002603772
0,25220,0.0025943476
0,25230,0.002584958
0,25240,0.002575603
0,25250,0.002566283
0,25260,0.0025569978
0,25270,0.0025477468
0,25280,0.0025385302
0,25290,0.0025293478
0,25300,0.0025201994
0,25310,0.0025110848
0,25320,0.0025020044
0,25330,0.0024929573
0,25340,0.002483944
0,25350,0.0024749641
0,25360,0.0024660174
0,25370,0.002457104
0,25380,0.0024482235
0,25390,0.002439376
0,25400,0.0024305615
0,25410,0.0024217793
0,25420,0.00241303
0,25430,0.0024043128
0,25440,0.0023956283
0,25450,0.0023869758
0,25460,0.0023783552
0,25470,0.0023697668
0,25480,0.00236121
0,25490,0.0023526852
0,25500,0.0023441918
0,25510,0.0023357298
0,25520,0.0023272992
0,25530,0.0023188998
0,25540,0.0023105317
0,25550,0.0023021945
0,25560,0.002293888
0,25570,0.0022856125
0,25580,0.0022773675
0,25590,0.002269153
0,25600,0.002260969
0,25610,0.0022528153
0,25620,0.0022446918
0,25630,0.0022365984
0,25640,0.002228535
0,25650,0.0022205012
0,25660,0.0022124974
0,25670,0.002204523
0,25680,0.0021965783
0,25690,0.0021886628
0,25700,0.0021807768
0,25710,0.0021729197
0,25720,0.002165092
0,25730,0.002157293
0,25740,0.002149523
0,25750,0.0021417816
0,25760,0.0021340689
0,25770,0.0021263848
0,25780,0.0021187288
0,25790,0.0021111015
0,25800,0.0021035022
0,25810,0.002095931
0,25820,0.0020883877
0,25830,0.0020808724
0,25840,0.002073385
0,25850,0.0020659252
0,25860,0.002058493
0,25870,0.002051088
0,25880,0.0020437106
0,25890,0.0020363603
0,25900,0.0020290373
0,25910,0.0020217414
0,25920,0.0020144724
0,25930,0.0020072302
0,25940,0.0020000148
0,25950,0.001992826
0,25960,0.0019856638
0,25970,0.001978528
0,25980,0.0019714185
0,25990,0.0019643353
0,26000,0.0019572782
0,26010,0.0019502473
0,26020,0.0019432423
0,26030,0.001936263
0,26040,0.0019293097
0,26050,0.0019223819
0,26060,0.0019154797
0,26070,0.001908603
0,26080,0.0019017516
0,26090,0.0018949256
0,26100,0.0018881247
0,26110,0.0018813489
0,26120,0.0018745981
0,26130,0.0018678722
0,26140,0.0018611711
0,26150,0.0018544948
0,26160,0.001847843
0,26170,0.0018412158
0,26180,0.001834613
0,26190,0.0018280345
0,26200,0.0018214803
0,26210,0.0018149504
0,26220,0.0018084444
0,26230,0.0018019624
0,26240,0.0017955042
0,26250,0.00178907
0,26260,0.0017826594
0,26270,0.0017762724
0,26280,0.001769909
0,26290,0.0017635691
0,26300,0.0017572525
0,26310,0.0017509591
0,26320,0.001744689
0,26330,0.0017384419
0,26340,0.0017322177
0,26350,0.0017260166
0,26360,0.0017198384
0,26370,0.0017136828
0,26380,0.0017075499
0,26390,0.0017014395
0,26400,0.0016953517
0,26410,0.0016892863
0,26420,0.0016832432
0,26430,0.0016772223
0,26440,0.0016712237
0,26450,0.001665247
0,26460,0.0016592925
0,26470,0.0016533597
0,26480,0.0016474489
0,26490,0.0016415598
0,26500,0.0016356923
0,26510,0.0016298464
0,26520,0.001624022
0,26530,0.0016182191
0,26540,0.0016124374
0,26550,0.0016066771
0,26560,0.0016009379
0,26570,0.0015952198
0,26580,0.0015895227
0,26590,0.0015838466
0,26600,0.0015781914
0,26610,0.0015725569
0,26620,0.0015669431
0,26630,0.0015613501
0,26640,0.0015557775
0,26650,0.0015502254
0,26660,0.0015446937
0,26670,0.0015391824
0,26680,0.0015336913
0,26690,0.0015282204
0,26700,0.0015227695
0,26710,0.0015173387
0,26720,0.0015119278
0,26730,0.0015065367
0,26740,0.0015011656
0,26750,0.0014958141
0,26760,0.0014904822
0,26770,0.00148517
0,26780,0.0014798773
0,26790,0.0014746039
0,26800,0.00146935
0,26810,0.0014641152
0,26820,0.0014588997
0,26830,0.0014537034
0,26840,0.0014485262
0,26850,0.0014433679
0,26860,0.0014382285
0,26870,0.001433108
0,26880,0.0014280063
0,26890,0.0014229233
0,26900,0.001417859
0,26910,0.0014128132
0,26920,0.0014077859
0,26930,0.0014027772
0,26940,0.0013977867
0,26950,0.0013928144
0,26960,0.0013878605
0,26970,0.0013829247
0,26980,0.001378007
0,26990,0.0013731074
0,27000,0.0013682257
0,27010,0.0013633618
0,27020,0.0013585158
0,27030,0.0013536876
0,27040,0.0013488771
0,27050,0.0013440842
0,27060,0.0013393088
0,27070,0.0013345509
0,27080,0.0013298105
0,27090,0.0013250874
0,27100,0.0013203816
0,27110,0.0013156931
0,27120,0.0013110217
0,27130,0.0013063675
0,27140,0.0013017302
0,27150,0.00129711
0,27160,0.0012925066
0,27170,0.00128792
0,27180,0.0012833504
0,27190,0.0012787974
0,27200,0.001274261
0,27210,0.0012697413
0,27220,0.0012652382
0,27230,0.0012607515
0,27240,0.0012562812
0,27250,0.0012518272
0,27260,0.0012473896
0,27270,0.0012429681
0,27280,0.001238563
0,27290,0.0012341738
0,27300,0.0012298007
0,27310,0.0012254437
0,27320,0.0012211024
0,27330,0.0012167771
0,27340,0.0012124677
0,27350,0.0012081739
0,27360,0.0012038959
0,27370,0.0011996335
0,27380,0.0011953866
0,27390,0.0011911554
0,27400,0.0011869395
0,27410,0.001182739
0,27420,0.001178554
0,27430,0.0011743841
0,27440,0.0011702296
0,27450,0.0011660903
0,27460,0.0011619659
0,27470,0.0011578567
0,27480,0.0011537625
0,27490,0.0011496833
0,27500,0.0011456189
0,27510,0.0011415693
0,27520,0.0011375345
0,27530,0.0011335146
0,27540,0.0011295092
0,27550,0.0011255185
0,27560,0.0011215423
0,27570,0.0011175806
0,27580,0.0011136334
0,27590,0.0011097005
0,27600,0.0011057821
0,27610,0.001101878
0,27620,0.0010979881
0,27630,0.0010941123
0,27640,0.0010902507
0,27650,0.0010864032
0,27660,0.0010825697
0,27670,0.0010787502
0,27680,0.0010749446
0,27690,0.0010711529
0,27700,0.0010673751
0,27710,0.0010636109
0,27720,0.0010598605
0,27730,0.0010561238
0,27740,0.0010524007
0,27750,0.0010486911
0,27760,0.001044995
0,27770,0.0010413125
0,27780,0.0010376434
0,27790,0.0010339876
0,27800,0.0010303451
0,27810,0.001026716
0,27820,0.0010231
0,27830,0.0010194972
0,27840,0.0010159074
0,27850,0.0010123308
0,27860,0.0010087672
0,27870,0.0010052165
0,27880,0.0010016789
0,27890,0.000998154
0,27900,0.000994642
0,27910,0.0009911428
0,27920,0.0009876563
0,27930,0.0009841825
0,27940,0.0009807213
0,27950,0.0009772727
0,27960,0.00097383675
0,27970,0.0009704132
0,27980,0.0009670021
0,27990,0.00096360344
0,28000,0.00096021715
0,28010,0.00095684314
0,28020,0.0009534814
0,28030,0.00095013186
0,28040,0.0009467945
0,28050,0.00094346935
0,28060,0.0009401562
0,28070,0.00093685515
0,28080,0.0009335661
0,28090,0.0009302889
0,28100,0.0009270237
0,28110,0.00092377036
0,28120,0.00092052884
0,28130,0.00091729907
0,28140,0.00091408106
0,28150,0.0009108747
0,28160,0.00090768
0,28170,0.00090449693
0,28180,0.0009013254
0,28190,0.00089816534
0,28200,0.0008950168
0,28210,0.00089187967
0,28220,0.000888754
0,28230,0.0008856396
0,28240,0.00088253646
0,28250,0.00087944465
0,28260,0.00087636407
0,28270,0.00087329466
0,28280,0.00087023637
0,28290,0.00086718914
0,28300,0.00086415303
0,28310,0.0008611279
0,28320,0.00085811375
0,28330,0.0008551105
0,28340,0.0008521182
0,28350,0.0008491367
0,28360,0.00084616605
0,28370,0.00084320613
0,28380,0.000840257
0,28390,0.0008373185
0,28400,0.00083439064
0,28410,0.00083147344
0,28420,0.0008285668
0,28430,0.00082567066
0,28440,0.000822785
0,28450,0.00081990985
0,28460,0.0008170451
0,28470,0.0008141907
0,28480,0.0008113467
0,28490,0.00080851297
0,28500,0.0008056895
0,28510,0.00080287625
0,28520,0.0008000732
0,28530,0.0007972803
0,28540,0.00079449743
0,28550,0.0007917247
0,28560,0.00078896206
0,28570,0.00078620936
0,28580,0.0007834666
0,28590,0.00078073377
0,28600,0.0007780109
0,28610,0.0007752978
0,28620,0.00077259453
0,28630,0.0007699011
0,28640,0.00076721737
0,28650,0.0007645433
0,28660,0.00076187897
0,28670,0.00075922423
0,28680,0.0007565791
0,28690,0.0007539436
0,28700,0.00075131754
0,28710,0.000748701
0,28720,0.0007460939
0,28730,0.0007434963
0,28740,0.000740908
0,28750,0.0007383291
0,28760,0.0007357595
0,28770,0.0007331992
0,28780,0.0007306481
0,28790,0.00072810624
0,28800,0.0007255736
0,28810,0.0007230501
0,28820,0.0007205357
0,28830,0.0007180304
0,28840,0.0007155341
0,28850,0.0007130468
0,28860,0.0007105685
0,28870,0.0007080992
0,28880,0.0007056388
0,28890,0.00070318725
0,28900,0.0007007445
0,28910,0.0006983107
0,28920,0.00069588557
0,28930,0.0006934692
0,28940,0.00069106155
0,28950,0.00068866264
0,28960,0.00068627234
0,28970,0.00068389066
0,28980,0.0006815176
0,28990,0.000679153
0,29000,0.000676797
0,29010,0.00067444955
0,29020,0.0006721105
0,29030,0.0006697799
0,29040,0.00066745764
0,29050,0.00066514383
0,29060,0.00066283834
0,29070,0.0006605411
0,29080,0.0006582522
0,29090,0.0006559715
0,29100,0.0006536991
0,29110,0.0006514348
0,29120,0.0006491787
0,29130,0.0006469307
0,29140,0.0006446908
0,29150,0.000642459
0,29160,0.0006402352
0,29170,0.00063801947
0,29180,0.00063581165
0,29190,0.00063361175
0,29200,0.0006314198
0,29210,0.0006292358
0,29220,0.0006270596
0,29230,0.00062489125
0,29240,0.0006227307
0,29250,0.0006205779
0,29260,0.0006184329
0,29270,0.00061629555
0,29280,0.0006141659
0,29290,0.0006120439
0,29300,0.00060992956
0,29310,0.00060782285
0,29320,0.00060572365
0,29330,0.000603632
0,29340,0.00060154794
0,29350,0.0005994713
0,29360,0.00059740216
0,29370,0.00059534045
0,29380,0.0005932862
0,29390,0.00059123925
0,29400,0.00058919966
0,29410,0.00058716745
0,29420,0.00058514246
0,29430,0.0005831248
0,29440,0.0005811144
0,29450,0.0005791112
0,29460,0.0005771152
0,29470,0.0005751264
0,29480,0.00057314464
0,29490,0.00057117007
0,29500,0.0005692026
0,29510,0.00056724215
0,29520,0.00056528876
0,29530,0.00056334236
0,29540,0.00056140294
0,29550,0.0005594705
0,29560,0.000557545
0,29570,0.00055562635
0,29580,0.00055371464
0,29590,0.0005518098
0,29600,0.00054991175
0,29610,0.0005480205
0,29620,0.00054613606
0,29630,0.0005442584
0,29640,0.0005423874
0,29650,0.00054052315
0,29660,0.00053866557
0,29670,0.0005368147
0,29680,0.0005349704
0,29690,0.0005331327
0,29700,0.0005313016
0,29710,0.0005294771
0,29720,0.0005276591
0,29730,0.0005258476
0,29740,0.00052404264
0,29750,0.0005222441
0,29760,0.000520452
0,29770,0.00051866635
0,29780,0.00051688706
0,29790,0.0005151141
0,29800,0.00051334756
0,29810,0.0005115873
0,29820,0.0005098334
0,29830,0.0005080857
0,29840,0.0005063443
0,29850,0.00050460914
0,29860,0.00050288014
0,29870,0.00050115737
0,29880,0.00049944076
0,29890,0.0004977303
0,29900,0.0004960259
0,29910,0.0004943276
0,29920,0.0004926354
0,29930,0.00049094926
0,29940,0.00048926915
0,29950,0.00048759504
0,29960,0.0004859269
0,29970,0.00048426472
0,29980,0.00048260848
0,29990,0.00048095817
0,30000,0.00047931375
0,30010,0.0004776752
0,30020,0.0004760425
0,30030,0.00047441566
0,30040,0.0004727946
0,30050,0.00047117934
0,30060,0.00046956984
0,30070,0.0004679661
0,30080,0.00046636807
0,30090,0.00046477577
0,30100,0.00046318912
0,30110,0.00046160817
0,30120,0.00046003284
0,30130,0.00045846312
0,30140,0.00045689903
0,30150,0.0004553405
0,30160,0.00045378754
0,30170,0.00045224008
0,30180,0.0004506982
0,30190,0.00044916177
0,30200,0.00044763085
0,30210,0.00044610538
0,30220,0.00044458534
0,30230,0.00044307072
0,30240,0.0004415615
0,30250,0.0004400577
0,30260,0.0004385592
0,30270,0.00043706608
0,30280,0.00043557826
0,30290,0.00043409574
0,30300,0.0004326185
0,30310,0.00043114653
0,30320,0.00042967979
0,30330,0.00042821828
0,30340,0.00042676198
0,30350,0.00042531086
0,30360,0.00042386493
0,30370,0.0004224241
0,30380,0.00042098845
0,30390,0.00041955788
0,30400,0.0004181324
0,30410,0.00041671202
0,30420,0.00041529667
0,30430,0.00041388636
0,30440,0.00041248108
0,30450,0.00041108078
0,30460,0.00040968545
0,30470,0.0004082951
0,30480,0.0004069097
0,30490,0.00040552922
0,30500,0.00040415366
0,30510,0.000402783
0,30520,0.00040141717
0,30530,0.00040005622
0,30540,0.0003987001
0,30550,0.0003973488
0,30560,0.0003960023
0,30570,0.0003946606
0,30580,0.00039332363
0,30590,0.00039199146
0,30600,0.00039066398
0,30610,0.00038934124
0,30620,0.00038802318
0,30630,0.0003867098
0,30640,0.0003854011
0,30650,0.00038409705
0,30660,0.0003827976
0,30670,0.0003815028
0,30680,0.00038021256
0,30690,0.0003789269
0,30700,0.0003776458
0,30710,0.00037636928
0,30720,0.00037509727
0,30730,0.00037382977
0,30740,0.00037256675
0,30750,0.00037130824
0,30760,0.0003700542
0,30770,0.00036880455
0,30780,0.00036755938
0,30790,0.0003663186
0,30800,0.00036508223
0,30810,0.00036385024
0,30820,0.0003626226
0,30830,0.00036139935
0,30840,0.00036018042
0,30850,0.0003589658
0,30860,0.00035775546
0,30870,0.00035654943
0,30880,0.00035534767
0,30890,0.0003541502
0,30900,0.0003529569
0,30910,0.00035176787
0,30920,0.00035058305
0,30930,0.00034940243
0,30940,0.00034822596
0,30950,0.0003470537
0,30960,0.00034588555
0,30970,0.00034472154
0,30980,0.00034356164
0,30990,0.00034240587
0,31000,0.00034125417
0,31010,0.00034010655
0,31020,0.00033896297
0,31030,0.00033782347
0,31040,0.00033668795
0,31050,0.00033555648
0,31060,0.000334429
0,31070,0.00033330554
0,31080,0.000332186
0,31090,0.00033107045
0,31100,0.00032995883
0,31110,0.00032885114
0,31120,0.00032774734
0,31130,0.00032664748
0,31140,0.0003255515
0,31150,0.00032445937
0,31160,0.0003233711
0,31170,0.00032228668
0,31180,0.00032120608
0,31190,0.0003201293
0,31200,0.00031905633
0,31210,0.00031798714
0,31220,0.0003169217
0,31230,0.00031586006
0,31240,0.00031480216
0,31250,0.00031374797
0,31260,0.00031269752
0,31270,0.00031165077
0,31280,0.00031060772
0,31290,0.00030956834
0,31300,0.00030853262
0,31310,0.00030750054
0,31320,0.00030647212
0,31330,0.00030544732
0,31340,0.00030442612
0,31350,0.00030340854
0,31360,0.00030239456
0,31370,0.0003013841
0,31380,0.00030037726
0,31390,0.00029937393
0,31400,0.00029837416
0,31410,0.00029737788
0,31420,0.00029638511
0,31430,0.00029539588
0,31440,0.0002944101
0,31450,0.0002934278
0,31460,0.00029244894
0,31470,0.00029147355
0,31480,0.00029050157
0,31490,0.00028953303
0,31500,0.00028856788
0,31510,0.00028760615
0,31520,0.0002866478
0,31530,0.0002856928
0,31540,0.00028474117
0,31550,0.00028379288
0,31560,0.00028284793
0,31570,0.0002819063
0,31580,0.000280968
0,31590,0.00028003298
0,31600,0.00027910128
0,31610,0.0002781728
0,31620,0.00027724763
0,31630,0.00027632568
0,31640,0.000275407
0,31650,0.00027449153
0,31660,0.00027357927
0,31670,0.0002726702
0,31680,0.00027176435
0,31690,0.0002708617
0,31700,0.00026996218
0,31710,0.00026906584
0,31720,0.00026817262
0,31730,0.00026728256
0,31740,0.00026639563
0,31750,0.0002655118
0,31760,0.00026463106
0,31770,0.00026375343
0,31780,0.00026287886
0,31790,0.00026200738
0,31800,0.00026113895
0,31810,0.00026027358
0,31820,0.00025941123
0,31830,0.00025855188
0,31840,0.0002576956
0,31850,0.00025684226
0,31860,0.00025599194
0,31870,0.0002551446
0,31880,0.00025430022
0,31890,0.00025345883
0,31900,0.00025262035
0,31910,0.00025178483
0,31920,0.00025095223
0,31930,0.00025012254
0,31940,0.00024929576
0,31950,0.0002484719
0,31960,0.0002476509
0,31970,0.00024683276
0,31980,0.0002460175
0,31990,0.0002452051
0,32000,0.00024439555
0,32010,0.00024358882
0,32020,0.00024278491
0,32030,0.00024198381
0,32040,0.00024118552
0,32050,0.00024039003
0,32060,0.00023959731
0,32070,0.00023880736
0,32080,0.00023802019
0,32090,0.00023723576
0,32100,0.00023645407
0,32110,0.00023567512
0,32120,0.0002348989
0,32130,0.00023412537
0,32140,0.00023335456
0,32150,0.00023258645
0,32160,0.000231821
0,32170,0.00023105823
0,32180,0.00023029814
0,32190,0.0002295407
0,32200,0.0002287859
0,32210,0.00022803374
0,32220,0.0002272842
0,32230,0.00022653728
0,32240,0.00022579297
0,32250,0.00022505125
0,32260,0.00022431213
0,32270,0.00022357558
0,32280,0.0002228416
0,32290,0.00022211019
0,32300,0.00022138133
0,32310,0.000220655
0,32320,0.00021993121
0,32330,0.00021920995
0,32340,0.0002184912
0,32350,0.00021777496
0,32360,0.0002170612
0,32370,0.00021634994
0,32380,0.00021564116
0,32390,0.00021493484
0,32400,0.000214231
0,32410,0.0002135296
0,32420,0.00021283065
0,32430,0.00021213412
0,32440,0.00021144003
0,32450,0.00021074836
0,32460,0.0002100591
0,32470,0.00020937221
0,32480,0.00020868774
0,32490,0.00020800564
0,32500,0.00020732592
0,32510,0.00020664858
0,32520,0.00020597357
0,32530,0.00020530092
0,32540,0.00020463062
0,32550,0.00020396264
0,32560,0.00020329698
0,32570,0.00020263364
0,32580,0.00020197261
0,32590,0.00020131387
0,32600,0.00020065744
0,32610,0.00020000327
0,32620,0.00019935137
0,32630,0.00019870176
0,32640,0.00019805439
0,32650,0.00019740927
0,32660,0.0001967664
0,32670,0.00019612575
0,32680,0.00019548733
0,32690,0.00019485113
0,32700,0.00019421714
0,32710,0.00019358535
0,32720,0.00019295576
0,32730,0.00019232834
0,32740,0.00019170312
0,32750,0.00019108005
0,32760,0.00019045915
0,32770,0.0001898404
0,32780,0.0001892238
0,32790,0.00018860934
0,32800,0.00018799701
0,32810,0.0001873868
0,32820,0.00018677872
0,32830,0.00018617274
0,32840,0.00018556885
0,32850,0.00018496707
0,32860,0.00018436737
0,32870,0.00018376973
0,32880,0.00018317418
0,32890,0.0001825807
0,32900,0.00018198926
0,32910,0.00018139988
0,32920,0.00018081254
0,32930,0.00018022723
0,32940,0.00017964395
0,32950,0.00017906268
0,32960,0.00017848343
0,32970,0.00017790619
0,32980,0.00017733095
0,32990,0.00017675769
0,33000,0.00017618641
0,33010,0.00017561711
0,33020,0.00017504979
0,33030,0.00017448443
0,33040,0.00017392101
0,33050,0.00017335956
0,33060,0.00017280004
0,33070,0.00017224246
0,33080,0.0001716868
0,33090,0.00017113307
0,33100,0.00017058125
0,33110,0.00017003133
0,33120,0.00016948332
0,33130,0.0001689372
0,33140,0.00016839296
0,33150,0.00016785061
0,33160,0.00016731012
0,33170,0.00016677151
0,33180,0.00016623476
0,33190,0.00016569986
0,33200,0.0001651668
0,33210,0.00016463558
0,33220,0.00016410621
0,33230,0.00016357865
0,33240,0.00016305292
0,33250,0.000162529
0,33260,0.00016200688
0,33270,0.00016148658
0,33280,0.00016096806
0,33290,0.00016045132
0,33300,0.00015993637
0,33310,0.00015942322
0,33320,0.0001589118
0,33330,0.00015840217
0,33340,0.00015789428
0,33350,0.00015738815
0,33360,0.00015688376
0,33370,0.00015638111
0,33380,0.00015588019
0,33390,0.000155381
0,33400,0.00015488351
0,33410,0.00015438776
0,33420,0.00015389369
0,33430,0.00015340134
0,33440,0.00015291068
0,33450,0.00015242171
0,33460,0.00015193442
0,33470,0.00015144881
0,33480,0.00015096487
0,33490,0.00015048259
0,33500,0.00015000199
0,33510,0.00014952301
0,33520,0.00014904569
0,33530,0.00014857002
0,33540,0.00014809599
0,33550,0.00014762358
0,33560,0.0001471528
0,33570,0.00014668363
0,33580,0.00014621606
0,33590,0.00014575012
0,33600,0.00014528577
0,33610,0.00014482302
0,33620,0.00014436185
0,33630,0.00014390226
0,33640,0.00014344427
0,33650,0.00014298783
0,33660,0.00014253297
0,33670,0.00014207968
0,33680,0.00014162793
0,33690,0.00014117773
0,33700,0.00014072908
0,33710,0.00014028198
0,33720,0.0001398364
0,33730,0.00013939234
0,33740,0.00013894982
0,33750,0.00013850881
0,33760,0.00013806931
0,33770,0.00013763133
0,33780,0.00013719483
0,33790,0.00013675985
0,33800,0.00013632634
0,33810,0.00013589433
0,33820,0.0001354638
0,33830,0.00013503473
0,33840,0.00013460715
0,33850,0.00013418103
0,33860,0.00013375636
0,33870,0.00013333315
0,33880,0.00013291137
0,33890,0.00013249106
0,33900,0.00013207218
0,33910,0.00013165473
0,33920,0.00013123872
0,33930,0.00013082412
0,33940,0.00013041095
0,33950,0.00012999919
0,33960,0.00012958882
0,33970,0.00012917987
0,33980,0.00012877233
0,33990,0.00012836617
0,34000,0.0001279614
0,34010,0.00012755801
0,34020,0.000127156
0,34030,0.00012675536
0,34040,0.0001263561
0,34050,0.0001259582
0,34060,0.00012556165
0,34070,0.00012516647
0,34080,0.00012477263
0,34090,0.00012438014
0,34100,0.00012398898
0,34110,0.00012359917
0,34120,0.00012321069
0,34130,0.00012282352
0,34140,0.00012243769
0,34150,0.00012205316
0,34160,0.00012166995
0,34170,0.000121288045
0,34180,0.00012090745
0,34190,0.000120528144
0,34200,0.000120150136
0,34210,0.00011977342
0,34220,0.00011939798
0,34230,0.000119023825
0,34240,0.00011865094
0,34250,0.000118279335
0,34260,0.00011790899
0,34270,0.00011753991
0,34280,0.00011717208
0,34290,0.00011680551
0,34300,0.00011644019
0,34310,0.00011607611
0,34320,0.00011571327
0,34330,0.000115351664
0,34340,0.00011499129
0,34350,0.000114632145
0,34360,0.000114274226
0,34370,0.000113917515
0,34380,0.000113562026
0,34390,0.000113207745
0,34400,0.000112854665
0,34410,0.000112502785
0,34420,0.000112152105
0,34430,0.00011180262
0,34440,0.00011145432
0,34450,0.000111107205
0,34460,0.00011076127
0,34470,0.000110416506
0,34480,0.00011007292
0,34490,0.00010973049
0,34500,0.000109389235
0,34510,0.000109049135
0,34520,0.00010871019
0,34530,0.0001083724
0,34540,0.000108035754
0,34550,0.00010770025
0,34560,0.000107365886
0,34570,0.00010703266
0,34580,0.00010670056
0,34590,0.00010636959
0,34600,0.00010603974
0,34610,0.00010571101
0,34620,0.0001053834
0,34630,0.00010505689
0,34640,0.000104731495
0,34650,0.000104407205
0,34660,0.000104084014
0,34670,0.000103761915
0,34680,0.00010344091
0,34690,0.00010312099
0,34700,0.00010280215
0,34710,0.0001024844
0,34720,0.00010216772
0,34730,0.000101852114
0,34740,0.00010153758
0,34750,0.00010122411
0,34760,0.0001009117
0,34770,0.00010060035
0,34780,0.000100290046
0,34790,9.99808E-05
0,34800,9.96726E-05
0,34810,9.936544E-05
0,34820,9.9059325E-05
0,34830,9.875424E-05
0,34840,9.845018E-05
0,34850,9.814716E-05
0,34860,9.7845164E-05
0,34870,9.754419E-05
0,34880,9.724422E-05
0,34890,9.6945274E-05
0,34900,9.664734E-05
0,34910,9.635041E-05
0,34920,9.6054486E-05
0,34930,9.5759555E-05
0,34940,9.546563E-05
0,34950,9.517269E-05
0,34960,9.488074E-05
0,34970,9.458978E-05
0,34980,9.4299794E-05
0,34990,9.401079E-05
0,35000,9.372277E-05
0,35010,9.3435716E-05
0,35020,9.314963E-05
0,35030,9.286451E-05
0,35040,9.2580354E-05
0,35050,9.229715E-05
0,35060,9.20149E-05
0,35070,9.1733615E-05
0,35080,9.145327E-05
0,35090,9.117387E-05
0,35100,9.089541E-05
0,35110,9.061789E-05
0,35120,9.034131E-05
0,35130,9.006565E-05
0,35140,8.9790934E-05
0,35150,8.951713E-05
0,35160,8.9244255E-05
0,35170,8.89723E-05
0,35180,8.870126E-05
0,35190,8.843113E-05
0,35200,8.816191E-05
0,35210,8.78936E-05
0,35220,8.762619E-05
0,35230,8.735968E-05
0,35240,8.7094064E-05
0,35250,8.682934E-05
0,35260,8.656551E-05
0,35270,8.630257E-05
0,35280,8.604051E-05
0,35290,8.5779335E-05
0,35300,8.551904E-05
0,35310,8.525961E-05
0,35320,8.500106E-05
0,35330,8.474338E-05
0,35340,8.448656E-05
0,35350,8.42306E-05
0,35360,8.397551E-05
0,35370,8.3721265E-05
0,35380,8.346789E-05
0,35390,8.321535E-05
0,35400,8.296366E-05
0,35410,8.2712824E-05
0,35420,8.246282E-05
0,35430,8.2213664E-05
0,35440,8.1965336E-05
0,35450,8.1717844E-05
0,35460,8.147119E-05
0,35470,8.122536E-05
0,35480,8.0980346E-05
0,35490,8.073616E-05
0,35500,8.0492784E-05
0,35510,8.025023E-05
0,35520,8.0008496E-05
0,35530,7.976757E-05
0,35540,7.952744E-05
0,35550,7.9288126E-05
0,35560,7.9049605E-05
0,35570,7.881189E-05
0,35580,7.857497E-05
0,35590,7.833884E-05
0,35600,7.8103505E-05
0,35610,7.786896E-05
0,35620,7.763519E-05
0,35630,7.740221E-05
0,35640,7.717001E-05
0,35650,7.693858E-05
0,35660,7.670793E-05
0,35670,7.647805E-05
0,35680,7.624894E-05
0,35690,7.6020595E-05
0,35700,7.579302E-05
0,35710,7.55662E-05
0,35720,7.534013E-05
0,35730,7.5114825E-05
0,35740,7.4890275E-05
0,35750,7.4666474E-05
0,35760,7.4443415E-05
0,35770,7.4221105E-05
0,35780,7.399954E-05
0,35790,7.377871E-05
0,35800,7.355862E-05
0,35810,7.3339266E-05
0,35820,7.312064E-05
0,35830,7.2902745E-05
0,35840,7.268558E-05
0,35850,7.246914E-05
0,35860,7.225342E-05
0,35870,7.203842E-05
0,35880,7.1824135E-05
0,35890,7.1610564E-05
0,35900,7.139771E-05
0,35910,7.118556E-05
0,35920,7.097412E-05
0,35930,7.076339E-05
0,35940,7.055336E-05
0,35950,7.0344024E-05
0,35960,7.013539E-05
0,35970,6.992745E-05
0,35980,6.9720205E-05
0,35990,6.951365E-05
0,36000,6.9307775E-05
0,36010,6.910259E-05
0,36020,6.8898094E-05
0,36030,6.869427E-05
0,36040,6.849113E-05
0,36050,6.828867E-05
0,36060,6.808687E-05
0,36070,6.7885754E-05
0,36080,6.76853E-05
0,36090,6.748551E-05
0,36100,6.728639E-05
0,36110,6.708793E-05
0,36120,6.6890134E-05
0,36130,6.669299E-05
0,36140,6.6496505E-05
0,36150,6.630067E-05
0,36160,6.610549E-05
0,36170,6.591096E-05
0,36180,6.571707E-05
0,36190,6.5523825E-05
0,36200,6.5331216E-05
0,36210,6.5139255E-05
0,36220,6.494793E-05
0,36230,6.475724E-05
0,36240,6.456718E-05
0,36250,6.437775E-05
0,36260,6.418896E-05
0,36270,6.4000786E-05
0,36280,6.381323E-05
0,36290,6.362631E-05
0,36300,6.344E-05
0,36310,6.325431E-05
0,36320,6.306924E-05
0,36330,6.288478E-05
0,36340,6.270093E-05
0,36350,6.251769E-05
0,36360,6.233506E-05
0,36370,6.2153034E-05
0,36380,6.197161E-05
0,36390,6.1790786E-05
0,36400,6.161056E-05
0,36410,6.143093E-05
0,36420,6.12519E-05
0,36430,6.107346E-05
0,36440,6.0895607E-05
0,36450,6.0718343E-05
0,36460,6.0541668E-05
0,36470,6.036558E-05
0,36480,6.019007E-05
0,36490,6.001514E-05
0,36500,5.9840793E-05
0,36510,5.9667018E-05
0,36520,5.949382E-05
0,36530,5.932119E-05
0,36540,5.9149137E-05
0,36550,5.897765E-05
0,36560,5.880673E-05
0,36570,5.8636375E-05
0,36580,5.846658E-05
0,36590,5.8297348E-05
0,36600,5.8128673E-05
0,36610,5.7960555E-05
0,36620,5.7792993E-05
0,36630,5.7625984E-05
0,36640,5.745953E-05
0,36650,5.729362E-05
0,36660,5.7128258E-05
0,36670,5.6963443E-05
0,36680,5.679917E-05
0,36690,5.663544E-05
0,36700,5.6472247E-05
0,36710,5.6309596E-05
0,36720,5.614748E-05
0,36730,5.5985896E-05
0,36740,5.5824847E-05
0,36750,5.5664328E-05
0,36760,5.5504337E-05
0,36770,5.5344874E-05
0,36780,5.5185938E-05
0,36790,5.502752E-05
0,36800,5.486963E-05
0,36810,5.4712254E-05
0,36820,5.45554E-05
0,36830,5.439906E-05
0,36840,5.4243235E-05
0,36850,5.4087923E-05
0,36860,5.3933123E-05
0,36870,5.377883E-05
0,36880,5.3625045E-05
0,36890,5.3471766E-05
0,36900,5.3318992E-05
0,36910,5.3166717E-05
0,36920,5.301495E-05
0,36930,5.2863674E-05
0,36940,5.2712898E-05
0,36950,5.2562616E-05
0,36960,5.241283E-05
0,36970,5.2263535E-05
0,36980,5.2114727E-05
0,36990,5.196641E-05
0,37000,5.181858E-05
0,37010,5.167124E-05
0,37020,5.1524377E-05
0,37030,5.1377996E-05
0,37040,5.12321E-05
0,37050,5.1086678E-05
0,37060,5.0941737E-05
0,37070,5.079727E-05
0,37080,5.0653274E-05
0,37090,5.0509752E-05
0,37100,5.03667E-05
0,37110,5.022412E-05
0,37120,5.0082002E-05
0,37130,4.9940354E-05
0,37140,4.9799168E-05
0,37150,4.9658447E-05
0,37160,4.9518185E-05
0,37170,4.937838E-05
0,37180,4.9239035E-05
0,37190,4.910015E-05
0,37200,4.8961712E-05
0,37210,4.8823735E-05
0,37220,4.8686205E-05
0,37230,4.8549125E-05
0,37240,4.8412494E-05
0,37250,4.827631E-05
0,37260,4.814057E-05
0,37270,4.8005277E-05
0,37280,4.7870424E-05
0,37290,4.773601E-05
0,37300,4.760204E-05
0,37310,4.7468504E-05
0,37320,4.733541E-05
0,37330,4.7202742E-05
0,37340,4.7070513E-05
0,37350,4.6938716E-05
0,37360,4.680735E-05
0,37370,4.667641E-05
0,37380,4.6545898E-05
0,37390,4.6415815E-05
0,37400,4.6286154E-05
0,37410,4.6156914E-05
0,37420,4.60281E-05
0,37430,4.5899706E-05
0,37440,4.577173E-05
0,37450,4.5644167E-05
0,37460,4.5517023E-05
0,37470,4.5390294E-05
0,37480,4.526398E-05
0,37490,4.5138077E-05
0,37500,4.501258E-05
0,37510,4.4887496E-05
0,37520,4.476282E-05
0,37530,4.463855E-05
0,37540,4.4514683E-05
0,37550,4.4391218E-05
0,37560,4.426816E-05
0,37570,4.4145498E-05
0,37580,4.4023236E-05
0,37590,4.3901375E-05
0,37600,4.3779906E-05
0,37610,4.3658834E-05
0,37620,4.353816E-05
0,37630,4.3417873E-05
0,37640,4.329798E-05
0,37650,4.3178476E-05
0,37660,4.3059357E-05
0,37670,4.2940632E-05
0,37680,4.282229E-05
0,37690,4.270433E-05
0,37700,4.2586755E-05
0,37710,4.2469565E-05
0,37720,4.2352753E-05
0,37730,4.223632E-05
0,37740,4.2120264E-05
0,37750,4.2004587E-05
0,37760,4.1889285E-05
0,37770,4.1774358E-05
0,37780,4.16598E-05
0,37790,4.1545616E-05
0,37800,4.1431806E-05
0,37810,4.1318362E-05
0,37820,4.1205287E-05
0,37830,4.1092575E-05
0,37840,4.0980234E-05
0,37850,4.0868254E-05
0,37860,4.0756637E-05
0,37870,4.0645384E-05
0,37880,4.0534487E-05
0,37890,4.0423954E-05
0,37900,4.0313775E-05
0,37910,4.0203955E-05
0,37920,4.0094492E-05
0,37930,3.998538E-05
0,37940,3.9876624E-05
0,37950,3.976822E-05
0,37960,3.9660168E-05
0,37970,3.9552462E-05
0,37980,3.944511E-05
0,37990,3.9338098E-05
0,38000,3.9231436E-05
0,38010,3.912512E-05
0,38020,3.9019145E-05
0,38030,3.8913517E-05
0,38040,3.8808226E-05
0,38050,3.8703278E-05
0,38060,3.8598668E-05
0,38070,3.8494396E-05
0,38080,3.839046E-05
0,38090,3.828686E-05
0,38100,3.8183596E-05
0,38110,3.8080663E-05
0,38120,3.7978065E-05
0,38130,3.7875798E-05
0,38140,3.7773858E-05
0,38150,3.767225E-05
0,38160,3.7570968E-05
0,38170,3.7470014E-05
0,38180,3.7369387E-05
0,38190,3.726908E-05
0,38200,3.7169102E-05
0,38210,3.7069443E-05
0,38220,3.6970105E-05
0,38230,3.687109E-05
0,38240,3.677239E-05
0,38250,3.6674013E-05
0,38260,3.6575948E-05
0,38270,3.6478203E-05
0,38280,3.638077E-05
0,38290,3.628365E-05
0,38300,3.6186848E-05
0,38310,3.6090354E-05
0,38320,3.599417E-05
0,38330,3.5898294E-05
0,38340,3.580273E-05
0,38350,3.570747E-05
0,38360,3.561252E-05
0,38370,3.5517874E-05
0,38380,3.542353E-05
0,38390,3.5329493E-05
0,38400,3.5235757E-05
0,38410,3.5142322E-05
0,38420,3.5049186E-05
0,38430,3.4956352E-05
0,38440,3.4863817E-05
0,38450,3.4771576E-05
0,38460,3.4679633E-05
0,38470,3.458798E-05
0,38480,3.449663E-05
0,38490,3.440557E-05
0,38500,3.43148E-05
0,38510,3.4224322E-05
0,38520,3.4134137E-05
0,38530,3.404424E-05
0,38540,3.3954628E-05
0,38550,3.3865308E-05
0,38560,3.3776272E-05
0,38570,3.368752E-05
0,38580,3.3599055E-05
0,38590,3.3510874E-05
0,38600,3.3422974E-05
0,38610,3.3335356E-05
0,38620,3.324802E-05
0,38630,3.3160963E-05
0,38640,3.3074182E-05
0,38650,3.2987682E-05
0,38660,3.290146E-05
0,38670,3.281551E-05
0,38680,3.272984E-05
0,38690,3.264444E-05
0,38700,3.2559314E-05
0,38710,3.247446E-05
0,38720,3.2389882E-05
0,38730,3.2305572E-05
0,38740,3.2221527E-05
0,38750,3.2137756E-05
0,38760,3.2054253E-05
0,38770,3.1971013E-05
0,38780,3.188804E-05
0,38790,3.1805335E-05
0,38800,3.172289E-05
0,38810,3.1640713E-05
0,38820,3.1558797E-05
0,38830,3.1477142E-05
0,38840,3.1395746E-05
0,38850,3.1314612E-05
0,38860,3.1233736E-05
0,38870,3.115312E-05
0,38880,3.1072756E-05
0,38890,3.0992655E-05
0,38900,3.0912805E-05
0,38910,3.083321E-05
0,38920,3.075387E-05
0,38930,3.0674782E-05
0,38940,3.0595947E-05
0,38950,3.0517363E-05
0,38960,3.043903E-05
0,38970,3.0360947E-05
0,38980,3.028311E-05
0,38990,3.0205523E-05
0,39000,3.0128183E-05
0,39010,3.005109E-05
0,39020,2.997424E-05
0,39030,2.9897637E-05
0,39040,2.9821276E-05
0,39050,2.9745159E-05
0,39060,2.9669285E-05
0,39070,2.959365E-05
0,39080,2.9518258E-05
0,39090,2.9443105E-05
0,39100,2.936819E-05
0,39110,2.9293513E-05
0,39120,2.9219074E-05
0,39130,2.9144872E-05
0,39140,2.9070905E-05
0,39150,2.8997174E-05
0,39160,2.8923676E-05
0,39170,2.8850412E-05
0,39180,2.877738E-05
0,39190,2.870458E-05
0,39200,2.8632012E-05
0,39210,2.8559674E-05
0,39220,2.8487566E-05
0,39230,2.8415685E-05
0,39240,2.8344033E-05
0,39250,2.8272609E-05
0,39260,2.8201412E-05
0,39270,2.8130438E-05
0,39280,2.8059692E-05
0,39290,2.7989168E-05
0,39300,2.7918868E-05
0,39310,2.7848791E-05
0,39320,2.7778937E-05
0,39330,2.7709304E-05
0,39340,2.7639891E-05
0,39350,2.7570697E-05
0,39360,2.7501723E-05
0,39370,2.7432967E-05
0,39380,2.736443E-05
0,39390,2.7296108E-05
0,39400,2.7228003E-05
0,39410,2.7160113E-05
0,39420,2.709244E-05
0,39430,2.7024977E-05
0,39440,2.695773E-05
0,39450,2.6890695E-05
0,39460,2.6823871E-05
0,39470,2.675726E-05
0,39480,2.669086E-05
0,39490,2.6624666E-05
0,39500,2.6558684E-05
0,39510,2.649291E-05
0,39520,2.6427344E-05
0,39530,2.6361984E-05
0,39540,2.6296831E-05
0,39550,2.6231884E-05
0,39560,2.6167141E-05
0,39570,2.6102603E-05
0,39580,2.6038268E-05
0,39590,2.5974137E-05
0,39600,2.5910207E-05
0,39610,2.5846479E-05
0,39620,2.5782952E-05
0,39630,2.5719626E-05
0,39640,2.5656498E-05
0,39650,2.559357E-05
0,39660,2.553084E-05
0,39670,2.5468307E-05
0,39680,2.5405972E-05
0,39690,2.5343834E-05
0,39700,2.528189E-05
0,39710,2.522014E-05
0,39720,2.5158588E-05
0,39730,2.5097226E-05
0,39740,2.5036059E-05
0,39750,2.4975085E-05
0,39760,2.4914301E-05
0,39770,2.4853709E-05
0,39780,2.4793308E-05
0,39790,2.4733097E-05
0,39800,2.4673074E-05
0,39810,2.461324E-05
0,39820,2.4553596E-05
0,39830,2.4494137E-05
0,39840,2.4434865E-05
0,39850,2.437578E-05
0,39860,2.431688E-05
0,39870,2.4258166E-05
0,39880,2.4199635E-05
0,39890,2.4141289E-05
0,39900,2.4083125E-05
0,39910,2.4025143E-05
0,39920,2.3967345E-05
0,39930,2.3909726E-05
0,39940,2.3852288E-05
0,39950,2.3795032E-05
0,39960,2.3737954E-05
0,39970,2.3681054E-05
0,39980,2.3624334E-05
0,39990,2.356779E-05
0,40000,2.3511426E-05
0,40010,2.3455235E-05
0,40020,2.3399223E-05
0,40030,2.3343386E-05
0,40040,2.3287723E-05
0,40050,2.3232233E-05
0,40060,2.3176919E-05
0,40070,2.3121776E-05
0,40080,2.3066807E-05
0,40090,2.301201E-05
0,40100,2.2957383E-05
0,40110,2.2902928E-05
0,40120,2.2848642E-05
0,40130,2.2794527E-05
0,40140,2.2740582E-05
0,40150,2.2686803E-05
0,40160,2.2633194E-05
0,40170,2.2579752E-05
0,40180,2.2526476E-05
0,40190,2.2473369E-05
0,40200,2.2420425E-05
0,40210,2.2367647E-05
0,40220,2.2315035E-05
0,40230,2.2262586E-05
0,40240,2.2210299E-05
0,40250,2.2158178E-05
0,40260,2.2106218E-05
0,40270,2.205442E-05
0,40280,2.2002785E-05
0,40290,2.195131E-05
0,40300,2.1899996E-05
0,40310,2.184884E-05
0,40320,2.1797845E-05
0,40330,2.174701E-05
0,40340,2.169633E-05
0,40350,2.164581E-05
0,40360,2.1595448E-05
0,40370,2.1545242E-05
0,40380,2.1495192E-05
0,40390,2.1445298E-05
0,40400,2.1395559E-05
0,40410,2.1345975E-05
0,40420,2.1296546E-05
0,40430,2.124727E-05
0,40440,2.1198146E-05
0,40450,2.1149177E-05
0,40460,2.1100359E-05
0,40470,2.1051692E-05
0,40480,2.1003178E-05
0,40490,2.0954812E-05
0,40500,2.09066E-05
0,40510,2.0858535E-05
0,40520,2.081062E-05
0,40530,2.0762855E-05
0,40540,2.0715235E-05
0,40550,2.0667765E-05
0,40560,2.0620442E-05
0,40570,2.0573267E-05
0,40580,2.0526237E-05
0,40590,2.0479354E-05
0,40600,2.0432615E-05
0,40610,2.0386022E-05
0,40620,2.0339572E-05
0,40630,2.0293268E-05
0,40640,2.0247106E-05
0,40650,2.0201087E-05
0,40660,2.0155212E-05
0,40670,2.0109477E-05
0,40680,2.0063884E-05
0,40690,2.0018433E-05
0,40700,1.9973124E-05
0,40710,1.9927953E-05
0,40720,1.9882922E-05
0,40730,1.9838031E-05
0,40740,1.9793279E-05
0,40750,1.9748666E-05
0,40760,1.970419E-05
0,40770,1.965985E-05
0,40780,1.961565E-05
0,40790,1.9571586E-05
0,40800,1.9527657E-05
0,40810,1.9483863E-05
0,40820,1.9440206E-05
0,40830,1.9396684E-05
0,40840,1.9353296E-05
0,40850,1.931004E-05
0,40860,1.926692E-05
0,40870,1.9223933E-05
0,40880,1.9181078E-05
0,40890,1.9138355E-05
0,40900,1.9095763E-05
0,40910,1.9053305E-05
0,40920,1.9010975E-05
0,40930,1.8968776E-05
0,40940,1.8926708E-05
0,40950,1.888477E-05
0,40960,1.884296E-05
0,40970,1.880128E-05
0,40980,1.8759729E-05
0,40990,1.8718305E-05
0,41000,1.8677008E-05
0,41010,1.863584E-05
0,41020,1.8594796E-05
0,41030,1.855388E-05
0,41040,1.8513088E-05
0,41050,1.8472425E-05
0,41060,1.8431885E-05
0,41070,1.8391469E-05
0,41080,1.8351178E-05
0,41090,1.8311011E-05
0,41100,1.8270968E-05
0,41110,1.8231047E-05
0,41120,1.819125E-05
0,41130,1.8151575E-05
0,41140,1.8112021E-05
0,41150,1.807259E-05
0,41160,1.8033277E-05
0,41170,1.7994087E-05
0,41180,1.7955017E-05
0,41190,1.7916067E-05
0,41200,1.7877235E-05
0,41210,1.7838523E-05
0,41220,1.7799932E-05
0,41230,1.7761457E-05
0,41240,1.7723101E-05
0,41250,1.7684863E-05
0,41260,1.764674E-05
0,41270,1.7608736E-05
0,41280,1.7570846E-05
0,41290,1.7533075E-05
0,41300,1.7495418E-05
0,41310,1.7457876E-05
0,41320,1.742045E-05
0,41330,1.7383138E-05
0,41340,1.7345941E-05
0,41350,1.7308857E-05
0,41360,1.7271886E-05
0,41370,1.7235028E-05
0,41380,1.7198285E-05
0,41390,1.7161652E-05
0,41400,1.7125132E-05
0,41410,1.7088723E-05
0,41420,1.7052427E-05
0,41430,1.701624E-05
0,41440,1.6980164E-05
0,41450,1.69442E-05
0,41460,1.6908343E-05
0,41470,1.6872596E-05
0,41480,1.6836959E-05
0,41490,1.680143E-05
0,41500,1.6766011E-05
0,41510,1.6730699E-05
0,41520,1.6695496E-05
0,41530,1.6660399E-05
0,41540,1.6625409E-05
0,41550,1.6590526E-05
0,41560,1.6555749E-05
0,41570,1.6521079E-05
0,41580,1.6486514E-05
0,41590,1.6452053E-05
0,41600,1.6417698E-05
0,41610,1.6383448E-05
0,41620,1.6349302E-05
0,41630,1.6315262E-05
0,41640,1.6281323E-05
0,41650,1.6247488E-05
0,41660,1.6213755E-05
0,41670,1.6180127E-05
0,41680,1.61466E-05
0,41690,1.6113174E-05
0,41700,1.607985E-05
0,41710,1.6046628E-05
0,41720,1.6013508E-05
0,41730,1.5980486E-05
0,41740,1.5947566E-05
0,41750,1.5914746E-05
0,41760,1.5882026E-05
0,41770,1.5849404E-05
0,41780,1.5816882E-05
0,41790,1.5784459E-05
0,41800,1.5752134E-05
0,41810,1.5719907E-05
0,41820,1.5687778E-05
0,41830,1.5655745E-05
0,41840,1.5623811E-05
0,41850,1.5591973E-05
0,41860,1.5560232E-05
0,41870,1.5528587E-05
0,41880,1.5497038E-05
0,41890,1.5465585E-05
0,41900,1.5434227E-05
0,41910,1.5402964E-05
0,41920,1.5371796E-05
0,41930,1.534072E-05
0,41940,1.530974E-05
0,41950,1.5278854E-05
0,41960,1.5248062E-05
0,41970,1.5217362E-05
0,41980,1.5186754E-05
0,41990,1.5156241E-05
0,42000,1.5125818E-05
0,42010,1.5095488E-05
0,42020,1.50652495E-05
0,42030,1.50351025E-05
0,42040,1.5005046E-05
0,42050,1.4975081E-05
0,42060,1.4945207E-05
0,42070,1.4915422E-05
0,42080,1.4885728E-05
0,42090,1.4856123E-05
0,42100,1.4826607E-05
0,42110,1.4797181E-05
0,42120,1.4767843E-05
0,42130,1.4738594E-05
0,42140,1.4709433E-05
0,42150,1.46803595E-05
0,42160,1.4651374E-05
0,42170,1.4622477E-05
0,42180,1.4593666E-05
0,42190,1.4564941E-05
0,42200,1.4536303E-05
0,42210,1.4507752E-05
0,42220,1.4479287E-05
0,42230,1.4450907E-05
0,42240,1.4422612E-05
0,42250,1.4394403E-05
0,42260,1.4366278E-05
0,42270,1.43382385E-05
0,42280,1.4310283E-05
0,42290,1.4282412E-05
0,42300,1.4254624E-05
0,42310,1.422692E-05
0,42320,1.41993E-05
0,42330,1.4171762E-05
0,42340,1.4144307E-05
0,42350,1.4116934E-05
0,42360,1.4089644E-05
0,42370,1.4062435E-05
0,42380,1.4035309E-05
0,42390,1.4008263E-05
0,42400,1.3981299E-05
0,42410,1.3954415E-05
0,42420,1.3927613E-05
0,42430,1.3900891E-05
0,42440,1.3874248E-05
0,42450,1.3847686E-05
0,42460,1.38212035E-05
0,42470,1.37948E-05
0,42480,1.3768476E-05
0,42490,1.374223E-05
0,42500,1.3716063E-05
0,42510,1.3689974E-05
0,42520,1.3663965E-05
0,42530,1.3638032E-05
0,42540,1.3612177E-05
0,42550,1.3586399E-05
0,42560,1.3560699E-05
0,42570,1.3535076E-05
0,42580,1.3509528E-05
0,42590,1.34840575E-05
0,42600,1.34586635E-05
0,42610,1.3433345E-05
0,42620,1.3408102E-05
0,42630,1.3382934E-05
0,42640,1.3357841E-05
0,42650,1.3332824E-05
0,42660,1.3307881E-05
0,42670,1.3283013E-05
0,42680,1.3258219E-05
0,42690,1.3233499E-05
0,42700,1.3208853E-05
0,42710,1.318428E-05
0,42720,1.315978E-05
0,42730,1.3135354E-05
0,42740,1.3111E-05
0,42750,1.3086718E-05
0,42760,1.3062509E-05
0,42770,1.3038373E-05
0,42780,1.3014308E-05
0,42790,1.2990315E-05
0,42800,1.2966393E-05
0,42810,1.29425425E-05
0,42820,1.2918763E-05
0,42830,1.2895054E-05
0,42840,1.28714155E-05
0,42850,1.2847848E-05
0,42860,1.282435E-05
0,42870,1.28009215E-05
0,42880,1.2777563E-05
0,42890,1.2754274E-05
0,42900,1.2731054E-05
0,42910,1.2707904E-05
0,42920,1.2684822E-05
0,42930,1.2661808E-05
0,42940,1.2638862E-05
0,42950,1.2615986E-05
0,42960,1.25931765E-05
0,42970,1.2570435E-05
0,42980,1.2547761E-05
0,42990,1.2525154E-05
0,43000,1.2502614E-05
0,43010,1.2480141E-05
0,43020,1.2457735E-05
0,43030,1.2435395E-05
0,43040,1.2413121E-05
0,43050,1.2390913E-05
0,43060,1.23687705E-05
0,43070,1.2346694E-05
0,43080,1.2324683E-05
0,43090,1.2302737E-05
0,43100,1.2280856E-05
0,43110,1.225904E-05
0,43120,1.2237288E-05
0,43130,1.2215601E-05
0,43140,1.21939765E-05
0,43150,1.2172418E-05
0,43160,1.2150922E-05
0,43170,1.212949E-05
0,43180,1.210812E-05
0,43190,1.2086814E-05
0,43200,1.2065572E-05
0,43210,1.2044392E-05
0,43220,1.2023274E-05
0,43230,1.2002219E-05
0,43240,1.1981226E-05
0,43250,1.1960295E-05
0,43260,1.1939425E-05
0,43270,1.1918617E-05
0,43280,1.18978705E-05
0,43290,1.1877185E-05
0,43300,1.185656E-05
0,43310,1.1835997E-05
0,43320,1.1815493E-05
0,43330,1.179505E-05
0,43340,1.1774668E-05
0,43350,1.1754345E-05
0,43360,1.1734082E-05
0,43370,1.1713879E-05
0,43380,1.1693735E-05
0,43390,1.1673651E-05
0,43400,1.1653626E-05
0,43410,1.1633659E-05
0,43420,1.1613752E-05
0,43430,1.1593902E-05
0,43440,1.157411E-05
0,43450,1.1554378E-05
0,43460,1.1534703E-05
0,43470,1.1515086E-05
0,43480,1.1495526E-05
0,43490,1.1476024E-05
0,43500,1.1456579E-05
0,43510,1.14371915E-05
0,43520,1.141786E-05
0,43530,1.1398586E-05
0,43540,1.13793685E-05
0,43550,1.1360206E-05
0,43560,1.13411015E-05
0,43570,1.1322052E-05
0,43580,1.1303058E-05
0,43590,1.1284121E-05
0,43600,1.1265238E-05
0,43610,1.1246411E-05
0,43620,1.1227639E-05
0,43630,1.1208922E-05
0,43640,1.1190259E-05
0,43650,1.1171652E-05
0,43660,1.1153098E-05
0,43670,1.1134599E-05
0,43680,1.1116154E-05
0,43690,1.10977635E-05
0,43700,1.1079425E-05
0,43710,1.1061142E-05
0,43720,1.1042912E-05
0,43730,1.1024735E-05
0,43740,1.100661E-05
0,43750,1.09885395E-05
0,43760,1.0970521E-05
0,43770,1.09525545E-05
0,43780,1.0934641E-05
0,43790,1.091678E-05
0,43800,1.0898971E-05
0,43810,1.0881214E-05
0,43820,1.0863509E-05
0,43830,1.0845854E-05
0,43840,1.0828252E-05
0,43850,1.0810701E-05
0,43860,1.07932E-05
0,43870,1.0775751E-05
0,43880,1.0758353E-05
0,43890,1.0741005E-05
0,43900,1.0723708E-05
0,43910,1.0706461E-05
0,43920,1.0689264E-05
0,43930,1.0672117E-05
0,43940,1.0655021E-05
0,43950,1.0637973E-05
0,43960,1.0620975E-05
0,43970,1.0604027E-05
0,43980,1.0587128E-05
0,43990,1.05702775E-05
0,44000,1.0553476E-05
0,44010,1.0536724E-05
0,44020,1.0520021E-05
0,44030,1.0503365E-05
0,44040,1.0486759E-05
0,44050,1.0470199E-05
0,44060,1.0453688E-05
0,44070,1.0437226E-05
0,44080,1.042081E-05
0,44090,1.0404442E-05
0,44100,1.0388122E-05
0,44110,1.03718485E-05
0,44120,1.0355623E-05
0,44130,1.0339444E-05
0,44140,1.03233115E-05
0,44150,1.0307226E-05
0,44160,1.0291187E-05
0,44170,1.0275195E-05
0,44180,1.02592485E-05
0,44190,1.0243348E-05
0,44200,1.02274935E-05
0,44210,1.0211686E-05
0,44220,1.0195922E-05
0,44230,1.0180205E-05
0,44240,1.0164533E-05
0,44250,1.0148907E-05
0,44260,1.0133325E-05
0,44270,1.0117788E-05
0,44280,1.0102296E-05
0,44290,1.0086849E-05
0,44300,1.0071447E-05
0,44310,1.0056088E-05
0,44320,1.0040774E-05
0,44330,1.0025505E-05
0,44340,1.0010279E-05
0,44350,9.995097E-06
0,44360,9.979959E-06
0,44370,9.964864E-06
0,44380,9.949813E-06
0,44390,9.934804E-06
0,44400,9.9198405E-06
0,44410,9.904918E-06
0,44420,9.89004E-06
0,44430,9.875203E-06
0,44440,9.8604105E-06
0,44450,9.845659E-06
0,44460,9.830951E-06
0,44470,9.816285E-06
0,44480,9.801661E-06
0,44490,9.787078E-06
0,44500,9.772538E-06
0,44510,9.75804E-06
0,44520,9.743582E-06
0,44530,9.729167E-06
0,44540,9.714792E-06
0,44550,9.7004595E-06
0,44560,9.686168E-06
0,44570,9.671917E-06
0,44580,9.657707E-06
0,44590,9.643537E-06
0,44600,9.629409E-06
0,44610,9.61532E-06
0,44620,9.601272E-06
0,44630,9.587264E-06
0,44640,9.573297E-06
0,44650,9.559369E-06
0,44660,9.545481E-06
0,44670,9.531632E-06
0,44680,9.517823E-06
0,44690,9.504054E-06
0,44700,9.490324E-06
0,44710,9.476633E-06
0,44720,9.462981E-06
0,44730,9.449369E-06
0,44740,9.435795E-06
0,44750,9.42226E-06
0,44760,9.408764E-06
0,44770,9.395305E-06
0,44780,9.381885E-06
0,44790,9.368504E-06
0,44800,9.355161E-06
0,44810,9.341856E-06
0,44820,9.328588E-06
0,44830,9.3153585E-06
0,44840,9.302167E-06
0,44850,9.289012E-06
0,44860,9.2758955E-06
0,44870,9.262816E-06
0,44880,9.249774E-06
0,44890,9.236768E-06
0,44900,9.2238E-06
0,44910,9.2108685E-06
0,44920,9.197974E-06
0,44930,9.185116E-06
0,44940,9.172294E-06
0,44950,9.159509E-06
0,44960,9.14676E-06
0,44970,9.134047E-06
0,44980,9.121371E-06
0,44990,9.10873E-06
0,45000,9.096126E-06
0,45010,9.0835565E-06
0,45020,9.071023E-06
0,45030,9.0585245E-06
0,45040,9.046063E-06
0,45050,9.033635E-06
0,45060,9.021243E-06
0,45070,9.008886E-06
0,45080,8.996564E-06
0,45090,8.984277E-06
0,45100,8.972025E-06
0,45110,8.959807E-06
0,45120,8.947624E-06
0,45130,8.935475E-06
0,45140,8.923361E-06
0,45150,8.911281E-06
0,45160,8.899235E-06
0,45170,8.887223E-06
0,45180,8.875245E-06
0,45190,8.8633005E-06
0,45200,8.85139E-06
0,45210,8.839513E-06
0,45220,8.827669E-06
0,45230,8.8158595E-06
0,45240,8.804082E-06
0,45250,8.792339E-06
0,45260,8.780628E-06
0,45270,8.7689505E-06
0,45280,8.757306E-06
0,45290,8.745695E-06
0,45300,8.734115E-06
0,45310,8.722569E-06
0,45320,8.711055E-06
0,45330,8.699573E-06
0,45340,8.688124E-06
0,45350,8.676706E-06
0,45360,8.665321E-06
0,45370,8.653968E-06
0,45380,8.642647E-06
0,45390,8.631358E-06
0,45400,8.6201E-06
0,45410,8.608873E-06
0,45420,8.597679E-06
0,45430,8.586516E-06
0,45440,8.575384E-06
0,45450,8.564282E-06
0,45460,8.553213E-06
0,45470,8.542174E-06
0,45480,8.531167E-06
0,45490,8.52019E-06
0,45500,8.509244E-06
0,45510,8.4983285E-06
0,45520,8.487444E-06
0,45530,8.476589E-06
0,45540,8.465765E-06
0,45550,8.454971E-06
0,45560,8.444207E-06
0,45570,8.433474E-06
0,45580,8.42277E-06
0,45590,8.412097E-06
0,45600,8.401453E-06
0,45610,8.390839E-06
0,45620,8.380254E-06
0,45630,8.3697E-06
0,45640,8.359174E-06
0,45650,8.3486775E-06
0,45660,8.338211E-06
0,45670,8.327774E-06
0,45680,8.3173645E-06
0,45690,8.306985E-06
0,45700,8.296634E-06
0,45710,8.286313E-06
0,45720,8.27602E-06
0,45730,8.265755E-06
0,45740,8.255519E-06
0,45750,8.245312E-06
0,45760,8.235133E-06
0,45770,8.224982E-06
0,45780,8.21486E-06
0,45790,8.204765E-06
0,45800,8.194699E-06
0,45810,8.18466E-06
0,45820,8.17465E-06
0,45830,8.164667E-06
0,45840,8.154712E-06
0,45850,8.144784E-06
0,45860,8.134884E-06
0,45870,8.125013E-06
0,45880,8.1151675E-06
0,45890,8.1053495E-06
0,45900,8.095559E-06
0,45910,8.085795E-06
0,45920,8.076059E-06
0,45930,8.066349E-06
0,45940,8.056667E-06
0,45950,8.047012E-06
0,45960,8.037382E-06
0,45970,8.02778E-06
0,45980,8.0182035E-06
0,45990,8.008655E-06
0,46000,7.999131E-06
0,46010,7.9896345E-06
0,46020,7.980164E-06
0,46030,7.97072E-06
0,46040,7.961301E-06
0,46050,7.951909E-06
0,46060,7.942543E-06
0,46070,7.933202E-06
0,46080,7.923887E-06
0,46090,7.914598E-06
0,46100,7.905334E-06
0,46110,7.896097E-06
0,46120,7.886883E-06
0,46130,7.877697E-06
0,46140,7.868534E-06
0,46150,7.859398E-06
0,46160,7.850286E-06
0,46170,7.8411995E-06
0,46180,7.832138E-06
0,46190,7.823101E-06
0,46200,7.814089E-06
0,46210,7.8051025E-06
0,46220,7.7961395E-06
0,46230,7.787202E-06
0,46240,7.778289E-06
0,46250,7.769399E-06
0,46260,7.7605355E-06
0,46270,7.751695E-06
0,46280,7.7428795E-06
0,46290,7.734087E-06
0,46300,7.72532E-06
0,46310,7.716576E-06
0,46320,7.707857E-06
0,46330,7.699161E-06
0,46340,7.690488E-06
0,46350,7.6818405E-06
0,46360,7.673216E-06
0,46370,7.664615E-06
0,46380,7.656036E-06
0,46390,7.647483E-06
0,46400,7.6389515E-06
0,46410,7.630444E-06
0,46420,7.62196E-06
0,46430,7.613499E-06
0,46440,7.605061E-06
0,46450,7.596646E-06
0,46460,7.588254E-06
0,46470,7.579885E-06
0,46480,7.5715384E-06
0,46490,7.5632147E-06
0,46500,7.5549137E-06
0,46510,7.5466355E-06
0,46520,7.5383796E-06
0,46530,7.5301464E-06
0,46540,7.5219355E-06
0,46550,7.513747E-06
0,46560,7.5055805E-06
0,46570,7.497436E-06
0,46580,7.489314E-06
0,46590,7.481214E-06
0,46600,7.473136E-06
0,46610,7.46508E-06
0,46620,7.4570457E-06
0,46630,7.4490335E-06
0,46640,7.4410427E-06
0,46650,7.4330737E-06
0,46660,7.4251266E-06
0,46670,7.417201E-06
0,46680,7.4092964E-06
0,46690,7.4014133E-06
0,46700,7.3935516E-06
0,46710,7.3857113E-06
0,46720,7.3778924E-06
0,46730,7.3700944E-06
0,46740,7.3623173E-06
0,46750,7.3545616E-06
0,46760,7.346827E-06
0,46770,7.3391125E-06
0,46780,7.3314195E-06
0,46790,7.323747E-06
0,46800,7.3160954E-06
0,46810,7.3084643E-06
0,46820,7.3008537E-06
0,46830,7.293264E-06
0,46840,7.2856947E-06
0,46850,7.2781454E-06
0,46860,7.2706166E-06
0,46870,7.2631083E-06
0,46880,7.25562E-06
0,46890,7.248152E-06
0,46900,7.240704E-06
0,46910,7.233276E-06
0,46920,7.225868E-06
0,46930,7.21848E-06
0,46940,7.2111116E-06
0,46950,7.2037633E-06
0,46960,7.1964346E-06
0,46970,7.1891254E-06
0,46980,7.1818363E-06
0,46990,7.1745662E-06
0,47000,7.167316E-06
0,47010,7.1600853E-06
0,47020,7.152874E-06
0,47030,7.1456816E-06
0,47040,7.1385084E-06
0,47050,7.131355E-06
0,47060,7.1242202E-06
0,47070,7.117105E-06
0,47080,7.1100085E-06
0,47090,7.1029312E-06
0,47100,7.0958727E-06
0,47110,7.0888327E-06
0,47120,7.081812E-06
0,47130,7.07481E-06
0,47140,7.0678266E-06
0,47150,7.0608617E-06
0,47160,7.053916E-06
0,47170,7.0469882E-06
0,47180,7.040079E-06
0,47190,7.0331885E-06
0,47200,7.026316E-06
0,47210,7.019462E-06
0,47220,7.012626E-06
0,47230,7.0058086E-06
0,47240,6.999009E-06
0,47250,6.9922276E-06
0,47260,6.9854646E-06
0,47270,6.978719E-06
0,47280,6.9719918E-06
0,47290,6.965282E-06
0,47300,6.9585903E-06
0,47310,6.9519165E-06
0,47320,6.9452603E-06
0,47330,6.938622E-06
0,47340,6.932001E-06
0,47350,6.9253974E-06
0,47360,6.918812E-06
0,47370,6.912243E-06
0,47380,6.9056923E-06
0,47390,6.8991585E-06
0,47400,6.892642E-06
0,47410,6.886143E-06
0,47420,6.879661E-06
0,47430,6.873196E-06
0,47440,6.8667487E-06
0,47450,6.860318E-06
0,47460,6.8539043E-06
0,47470,6.8475074E-06
0,47480,6.8411277E-06
0,47490,6.834765E-06
0,47500,6.8284185E-06
0,47510,6.8220893E-06
0,47520,6.8157765E-06
0,47530,6.80948E-06
0,47540,6.803201E-06
0,47550,6.7969377E-06
0,47560,6.7906913E-06
0,47570,6.784461E-06
0,47580,6.7782476E-06
0,47590,6.7720503E-06
0,47600,6.7658693E-06
0,47610,6.7597043E-06
0,47620,6.7535557E-06
0,47630,6.7474234E-06
0,47640,6.741307E-06
0,47650,6.735207E-06
0,47660,6.7291226E-06
0,47670,6.7230544E-06
0,47680,6.717002E-06
0,47690,6.7109654E-06
0,47700,6.704945E-06
0,47710,6.69894E-06
0,47720,6.6929506E-06
0,47730,6.686977E-06
0,47740,6.6810194E-06
0,47750,6.675077E-06
0,47760,6.66915E-06
0,47770,6.6632388E-06
0,47780,6.657343E-06
0,47790,6.6514626E-06
0,47800,6.6455978E-06
0,47810,6.639748E-06
0,47820,6.6339135E-06
0,47830,6.628094E-06
0,47840,6.62229E-06
0,47850,6.616501E-06
0,47860,6.6107273E-06
0,47870,6.6049683E-06
0,47880,6.5992244E-06
0,47890,6.5934955E-06
0,47900,6.5877816E-06
0,47910,6.5820823E-06
0,47920,6.576398E-06
0,47930,6.5707286E-06
0,47940,6.565074E-06
0,47950,6.5594336E-06
0,47960,6.5538084E-06
0,47970,6.5481972E-06
0,47980,6.542601E-06
0,47990,6.537019E-06
0,48000,6.5314516E-06
0,48010,6.5258987E-06
0,48020,6.5203603E-06
0,48030,6.514836E-06
0,48040,6.5093263E-06
0,48050,6.5038307E-06
0,48060,6.498349E-06
0,48070,6.4928818E-06
0,48080,6.487429E-06
0,48090,6.4819897E-06
0,48100,6.476565E-06
0,48110,6.471154E-06
0,48120,6.465757E-06
0,48130,6.4603737E-06
0,48140,6.4550045E-06
0,48150,6.4496494E-06
0,48160,6.444308E-06
0,48170,6.43898E-06
0,48180,6.433666E-06
0,48190,6.4283654E-06
0,48200,6.423079E-06
0,48210,6.4178057E-06
0,48220,6.412546E-06
0,48230,6.4072997E-06
0,48240,6.4020674E-06
0,48250,6.396848E-06
0,48260,6.3916423E-06
0,48270,6.38645E-06
0,48280,6.381271E-06
0,48290,6.376105E-06
0,48300,6.3709526E-06
0,48310,6.365813E-06
0,48320,6.360687E-06
0,48330,6.355574E-06
0,48340,6.350474E-06
0,48350,6.345387E-06
0,48360,6.340313E-06
0,48370,6.3352522E-06
0,48380,6.330204E-06
0,48390,6.325169E-06
0,48400,6.320147E-06
0,48410,6.3151374E-06
0,48420,6.3101406E-06
0,48430,6.3051566E-06
0,48440,6.3001853E-06
0,48450,6.2952267E-06
0,48460,6.290281E-06
0,48470,6.285348E-06
0,48480,6.280427E-06
0,48490,6.2755184E-06
0,48500,6.270623E-06
0,48510,6.2657396E-06
0,48520,6.2608688E-06
0,48530,6.2560102E-06
0,48540,6.251164E-06
0,48550,6.24633E-06
0,48560,6.2415083E-06
0,48570,6.236699E-06
0,48580,6.231902E-06
0,48590,6.227117E-06
0,48600,6.222344E-06
0,48610,6.217583E-06
0,48620,6.2128343E-06
0,48630,6.2080976E-06
0,48640,6.203373E-06
0,48650,6.19866E-06
0,48660,6.193959E-06
0,48670,6.1892697E-06
0,48680,6.1845926E-06
0,48690,6.1799274E-06
0,48700,6.1752735E-06
0,48710,6.1706314E-06
0,48720,6.1660016E-06
0,48730,6.1613828E-06
0,48740,6.156776E-06
0,48750,6.1521805E-06
0,48760,6.147597E-06
0,48770,6.1430246E-06
0,48780,6.138464E-06
0,48790,6.1339147E-06
0,48800,6.1293767E-06
0,48810,6.1248506E-06
0,48820,6.1203355E-06
0,48830,6.1158316E-06
0,48840,6.111339E-06
0,48850,6.106858E-06
0,48860,6.1023884E-06
0,48870,6.0979296E-06
0,48880,6.0934817E-06
0,48890,6.089045E-06
0,48900,6.08462E-06
0,48910,6.080206E-06
0,48920,6.0758025E-06
0,48930,6.0714106E-06
0,48940,6.067029E-06
0,48950,6.062659E-06
0,48960,6.0582993E-06
0,48970,6.053951E-06
0,48980,6.049613E-06
0,48990,6.045286E-06
0,49000,6.04097E-06
0,49010,6.0366647E-06
0,49020,6.03237E-06
0,49030,6.0280863E-06
0,49040,6.023813E-06
0,49050,6.0195503E-06
0,49060,6.015298E-06
0,49070,6.0110565E-06
0,49080,6.0068255E-06
0,49090,6.002605E-06
0,49100,5.998395E-06
0,49110,5.9941954E-06
0,49120,5.9900062E-06
0,49130,5.9858276E-06
0,49140,5.981659E-06
0,49150,5.977501E-06
0,49160,5.973353E-06
0,49170,5.9692156E-06
0,49180,5.9650883E-06
0,49190,5.960971E-06
0,49200,5.956864E-06
0,49210,5.952767E-06
0,49220,5.9486806E-06
0,49230,5.944604E-06
0,49240,5.940537E-06
0,49250,5.9364806E-06
0,49260,5.932434E-06
0,49270,5.9283975E-06
0,49280,5.9243707E-06
0,49290,5.920354E-06
0,49300,5.9163467E-06
0,49310,5.91235E-06
0,49320,5.9083627E-06
0,49330,5.904385E-06
0,49340,5.9004174E-06
0,49350,5.8964592E-06
0,49360,5.892511E-06
0,49370,5.8885726E-06
0,49380,5.8846435E-06
0,49390,5.8807245E-06
0,49400,5.8768146E-06
0,49410,5.8729142E-06
0,49420,5.869024E-06
0,49430,5.8651426E-06
0,49440,5.861271E-06
0,49450,5.8574087E-06
0,49460,5.853556E-06
0,49470,5.8497126E-06
0,49480,5.8458786E-06
0,49490,5.842054E-06
0,49500,5.838239E-06
0,49510,5.8344326E-06
0,49520,5.830636E-06
0,49530,5.8268483E-06
0,49540,5.8230703E-06
0,49550,5.819301E-06
0,49560,5.815541E-06
0,49570,5.8117903E-06
0,49580,5.8080486E-06
0,49590,5.804316E-06
0,49600,5.800592E-06
0,49610,5.7968778E-06
0,49620,5.793172E-06
0,49630,5.7894754E-06
0,49640,5.785788E-06
0,49650,5.782109E-06
0,49660,5.778439E-06
0,49670,5.7747784E-06
0,49680,5.771126E-06
0,49690,5.767483E-06
0,49700,5.763848E-06
0,49710,5.7602224E-06
0,49720,5.7566053E-06
0,49730,5.7529974E-06
0,49740,5.7493976E-06
0,49750,5.7458064E-06
0,49760,5.7422244E-06
0,49770,5.7386505E-06
0,49780,5.7350853E-06
0,49790,5.731529E-06
0,49800,5.727981E-06
0,49810,5.7244415E-06
0,49820,5.7209104E-06
0,49830,5.717388E-06
0,49840,5.713874E-06
0,49850,5.7103684E-06
0,49860,5.706871E-06
0,49870,5.703382E-06
0,49880,5.6999015E-06
0,49890,5.6964295E-06
0,49900,5.6929653E-06
0,49910,5.6895096E-06
0,49920,5.6860627E-06
0,49930,5.6826234E-06
0,49940,5.6791923E-06
0,49950,5.6757694E-06
0,49960,5.6723547E-06
0,49970,5.6689482E-06
0,49980,5.66555E-06
0,49990,5.6621598E-06
0,50000,5.6587774E-06
0,50010,5.655403E-06
0,50020,5.652037E-06
0,50030,5.648679E-06
0,50040,5.6453287E-06
0,50050,5.6419863E-06
0,50060,5.638652E-06
0,50070,5.6353256E-06
0,50080,5.632007E-06
0,50090,5.6286963E-06
0,50100,5.6253934E-06
0,50110,5.6220983E-06
0,50120,5.618811E-06
0,50130,5.6155313E-06
0,50140,5.6122594E-06
0,50150,5.6089957E-06
0,50160,5.6057393E-06
0,50170,5.6024905E-06
0,50180,5.5992496E-06
0,50190,5.596016E-06
0,50200,5.5927903E-06
0,50210,5.589572E-06
0,50220,5.586361E-06
0,50230,5.5831583E-06
0,50240,5.579963E-06
0,50250,5.5767746E-06
0,50260,5.573594E-06
0,50270,5.570421E-06
0,50280,5.567255E-06
0,50290,5.5640967E-06
0,50300,5.5609457E-06
0,50310,5.5578025E-06
0,50320,5.554666E-06
0,50330,5.5515375E-06
0,50340,5.5484156E-06
0,50350,5.5453015E-06
0,50360,5.5421947E-06
0,50370,5.5390947E-06
0,50380,5.5360024E-06
0,50390,5.532917E-06
0,50400,5.5298387E-06
0,50410,5.526768E-06
0,50420,5.523704E-06
0,50430,5.5206474E-06
0,50440,5.517598E-06
0,50450,5.5145556E-06
0,50460,5.51152E-06
0,50470,5.5084915E-06
0,50480,5.50547E-06
0,50490,5.5024557E-06
0,50500,5.4994484E-06
0,50510,5.496448E-06
0,50520,5.4934544E-06
0,50530,5.490468E-06
0,50540,5.487488E-06
0,50550,5.4845154E-06
0,50560,5.4815496E-06
0,50570,5.4785905E-06
0,50580,5.4756383E-06
0,50590,5.472693E-06
0,50600,5.4697543E-06
0,50610,5.466822E-06
0,50620,5.463897E-06
0,50630,5.4609786E-06
0,50640,5.458067E-06
0,50650,5.455162E-06
0,50660,5.4522634E-06
0,50670,5.4493717E-06
0,50680,5.4464867E-06
0,50690,5.443608E-06
0,50700,5.4407365E-06
0,50710,5.437871E-06
0,50720,5.435012E-06
0,50730,5.43216E-06
0,50740,5.4293146E-06
0,50750,5.426475E-06
0,50760,5.4236425E-06
0,50770,5.4208163E-06
0,50780,5.4179964E-06
0,50790,5.415183E-06
0,50800,5.412376E-06
0,50810,5.4095754E-06
0,50820,5.4067814E-06
0,50830,5.4039933E-06
0,50840,5.4012116E-06
0,50850,5.3984363E-06
0,50860,5.395668E-06
0,50870,5.3929048E-06
0,50880,5.3901485E-06
0,50890,5.3873982E-06
0,50900,5.3846547E-06
0,50910,5.3819167E-06
0,50920,5.3791855E-06
0,50930,5.3764597E-06
0,50940,5.373741E-06
0,50950,5.371028E-06
0,50960,5.3683207E-06
0,50970,5.36562E-06
0,50980,5.362925E-06
0,50990,5.3602366E-06
0,51000,5.357554E-06
0,51010,5.3548774E-06
0,51020,5.3522067E-06
0,51030,5.3495423E-06
0,51040,5.3468834E-06
0,51050,5.344231E-06
0,51060,5.3415843E-06
0,51070,5.3389435E-06
0,51080,5.3363087E-06
0,51090,5.33368E-06
0,51100,5.331057E-06
0,51110,5.32844E-06
0,51120,5.325828E-06
0,51130,5.323223E-06
0,51140,5.320623E-06
0,51150,5.3180293E-06
0,51160,5.3154413E-06
0,51170,5.312859E-06
0,51180,5.310282E-06
0,51190,5.3077115E-06
0,51200,5.3051463E-06
0,51210,5.302587E-06
0,51220,5.300033E-06
0,51230,5.2974847E-06
0,51240,5.2949426E-06
0,51250,5.2924056E-06
0,51260,5.2898745E-06
0,51270,5.287349E-06
0,51280,5.284829E-06
0,51290,5.2823143E-06
0,51300,5.2798055E-06
0,51310,5.277302E-06
0,51320,5.2748046E-06
0,51330,5.272312E-06
0,51340,5.2698256E-06
0,51350,5.267344E-06
0,51360,5.2648684E-06
0,51370,5.2623977E-06
0,51380,5.259933E-06
0,51390,5.2574733E-06
0,51400,5.255019E-06
0,51410,5.25257E-06
0,51420,5.250127E-06
0,51430,5.247689E-06
0,51440,5.245256E-06
0,51450,5.242829E-06
0,51460,5.2404066E-06
0,51470,5.23799E-06
0,51480,5.2355786E-06
0,51490,5.2331725E-06
0,51500,5.2307714E-06
0,51510,5.2283754E-06
0,51520,5.225985E-06
0,51530,5.2235996E-06
0,51540,5.2212195E-06
0,51550,5.2188448E-06
0,51560,5.216475E-06
0,51570,5.2141104E-06
0,51580,5.2117507E-06
0,51590,5.2093965E-06
0,51600,5.207047E-06
0,51610,5.204703E-06
0,51620,5.202364E-06
0,51630,5.2000296E-06
0,51640,5.197701E-06
0,51650,5.1953766E-06
0,51660,5.193058E-06
0,51670,5.1907437E-06
0,51680,5.188435E-06
0,51690,5.1861307E-06
0,51700,5.1838315E-06
0,51710,5.1815377E-06
0,51720,5.1792485E-06
0,51730,5.1769644E-06
0,51740,5.1746847E-06
0,51750,5.1724105E-06
0,51760,5.170141E-06
0,51770,5.167876E-06
0,51780,5.165616E-06
0,51790,5.1633615E-06
0,51800,5.161111E-06
0,51810,5.158866E-06
0,51820,5.1566253E-06
0,51830,5.1543893E-06
0,51840,5.1521583E-06
0,51850,5.149932E-06
0,51860,5.1477105E-06
0,51870,5.1454936E-06
0,51880,5.1432817E-06
0,51890,5.1410743E-06
0,51900,5.1388715E-06
0,51910,5.1366737E-06
0,51920,5.13448E-06
0,51930,5.1322913E-06
0,51940,5.1301076E-06
0,51950,5.127928E-06
0,51960,5.125753E-06
0,51970,5.123583E-06
0,51980,5.1214174E-06
0,51990,5.119256E-06
0,52000,5.1170996E-06
0,52010,5.1149477E-06
0,52020,5.1128004E-06
0,52030,5.110657E-06
0,52040,5.108519E-06
0,52050,5.106385E-06
0,52060,5.1042557E-06
0,52070,5.1021307E-06
0,52080,5.10001E-06
0,52090,5.0978942E-06
0,52100,5.0957824E-06
0,52110,5.093675E-06
0,52120,5.0915723E-06
0,52130,5.089474E-06
0,52140,5.08738E-06
0,52150,5.0852905E-06
0,52160,5.083205E-06
0,52170,5.081124E-06
0,52180,5.0790472E-06
0,52190,5.076975E-06
0,52200,5.074907E-06
0,52210,5.0728436E-06
0,52220,5.070784E-06
0,52230,5.068729E-06
0,52240,5.066678E-06
0,52250,5.0646318E-06
0,52260,5.062589E-06
0,52270,5.060551E-06
0,52280,5.058517E-06
0,52290,5.056487E-06
0,52300,5.054462E-06
0,52310,5.0524404E-06
0,52320,5.050423E-06
0,52330,5.0484105E-06
0,52340,5.0464014E-06
0,52350,5.0443964E-06
0,52360,5.042396E-06
0,52370,5.0403996E-06
0,52380,5.038407E-06
0,52390,5.0364188E-06
0,52400,5.0344343E-06
0,52410,5.0324543E-06
0,52420,5.030478E-06
0,52430,5.028506E-06
0,52440,5.026538E-06
0,52450,5.024574E-06
0,52460,5.0226135E-06
0,52470,5.0206577E-06
0,52480,5.0187055E-06
0,52490,5.0167573E-06
0,52500,5.0148133E-06
0,52510,5.0128733E-06
0,52520,5.010937E-06
0,52530,5.009005E-06
0,52540,5.007076E-06
0,52550,5.0051517E-06
0,52560,5.0032313E-06
0,52570,5.0013145E-06
0,52580,4.9994014E-06
0,52590,4.997493E-06
0,52600,4.9955875E-06
0,52610,4.993686E-06
0,52620,4.991789E-06
0,52630,4.9898954E-06
0,52640,4.9880055E-06
0,52650,4.9861196E-06
0,52660,4.9842374E-06
0,52670,4.982359E-06
0,52680,4.980484E-06
0,52690,4.978613E-06
0,52700,4.976746E-06
0,52710,4.974883E-06
0,52720,4.973023E-06
0,52730,4.971167E-06
0,52740,4.969315E-06
0,52750,4.967466E-06
0,52760,4.965621E-06
0,52770,4.96378E-06
0,52780,4.9619425E-06
0,52790,4.9601085E-06
0,52800,4.958278E-06
0,52810,4.9564514E-06
0,52820,4.954629E-06
0,52830,4.9528094E-06
0,52840,4.9509936E-06
0,52850,4.9491814E-06
0,52860,4.947373E-06
0,52870,4.9455675E-06
0,52880,4.9437663E-06
0,52890,4.941968E-06
0,52900,4.9401738E-06
0,52910,4.938383E-06
0,52920,4.936596E-06
0,52930,4.9348123E-06
0,52940,4.933032E-06
0,52950,4.931255E-06
0,52960,4.9294817E-06
0,52970,4.927712E-06
0,52980,4.9259456E-06
0,52990,4.9241826E-06
0,53000,4.922423E-06
0,53010,4.9206674E-06
0,53020,4.918915E-06
0,53030,4.9171654E-06
0,53040,4.9154196E-06
0,53050,4.9136775E-06
0,53060,4.9119385E-06
0,53070,4.9102027E-06
0,53080,4.9084706E-06
0,53090,4.9067417E-06
0,53100,4.9050163E-06
0,53110,4.903294E-06
0,53120,4.9015753E-06
0,53130,4.89986E-06
0,53140,4.898148E-06
0,53150,4.896439E-06
0,53160,4.894733E-06
0,53170,4.893031E-06
0,53180,4.891332E-06
0,53190,4.8896363E-06
0,53200,4.8879438E-06
0,53210,4.8862544E-06
0,53220,4.8845686E-06
0,53230,4.882886E-06
0,53240,4.881206E-06
0,53250,4.87953E-06
0,53260,4.877857E-06
0,53270,4.876187E-06
0,53280,4.8745205E-06
0,53290,4.872857E-06
0,53300,4.8711963E-06
0,53310,4.869539E-06
0,53320,4.8678853E-06
0,53330,4.8662346E-06
0,53340,4.8645866E-06
0,53350,4.862942E-06
0,53360,4.8613006E-06
0,53370,4.859662E-06
0,53380,4.858027E-06
0,53390,4.8563948E-06
0,53400,4.854766E-06
0,53410,4.8531397E-06
0,53420,4.8515167E-06
0,53430,4.849897E-06
0,53440,4.8482802E-06
0,53450,4.8466663E-06
0,53460,4.8450556E-06
0,53470,4.8434476E-06
0,53480,4.841843E-06
0,53490,4.840241E-06
0,53500,4.838643E-06
0,53510,4.837047E-06
0,53520,4.835454E-06
0,53530,4.8338643E-06
0,53540,4.8322777E-06
0,53550,4.830694E-06
0,53560,4.829113E-06
0,53570,4.827535E-06
0,53580,4.8259603E-06
0,53590,4.8243883E-06
0,53600,4.822819E-06
0,53610,4.821253E-06
0,53620,4.8196894E-06
0,53630,4.818129E-06
0,53640,4.8165716E-06
0,53650,4.815017E-06
0,53660,4.8134652E-06
0,53670,4.8119164E-06
0,53680,4.8103702E-06
0,53690,4.8088273E-06
0,53700,4.8072866E-06
0,53710,4.805749E-06
0,53720,4.8042143E-06
0,53730,4.8026827E-06
0,53740,4.8011534E-06
0,53750,4.7996273E-06
0,53760,4.798104E-06
0,53770,4.796583E-06
0,53780,4.7950653E-06
0,53790,4.79355E-06
0,53800,4.792038E-06
0,53810,4.7905282E-06
0,53820,4.789021E-06
0,53830,4.7875174E-06
0,53840,4.786016E-06
0,53850,4.7845174E-06
0,53860,4.7830213E-06
0,53870,4.781528E-06
0,53880,4.7800377E-06
0,53890,4.7785497E-06
0,53900,4.7770645E-06
0,53910,4.775582E-06
0,53920,4.7741023E-06
0,53930,4.7726253E-06
0,53940,4.7711505E-06
0,53950,4.769679E-06
0,53960,4.7682097E-06
0,53970,4.766743E-06
0,53980,4.7652793E-06
0,53990,4.763818E-06
0,54000,4.7623594E-06
0,54010,4.7609033E-06
0,54020,4.75945E-06
0,54030,4.7579992E-06
0,54040,4.756551E-06
0,54050,4.7551052E-06
0,54060,4.7536623E-06
0,54070,4.7522217E-06
0,54080,4.750784E-06
0,54090,4.749348E-06
0,54100,4.7479157E-06
0,54110,4.746485E-06
0,54120,4.7450576E-06
0,54130,4.743632E-06
0,54140,4.7422095E-06
0,54150,4.7407893E-06
0,54160,4.7393714E-06
0,54170,4.7379563E-06
0,54180,4.7365434E-06
0,54190,4.735133E-06
0,54200,4.7337253E-06
0,54210,4.73232E-06
0,54220,4.730917E-06
0,54230,4.729517E-06
0,54240,4.728119E-06
0,54250,4.7267235E-06
0,54260,4.7253307E-06
0,54270,4.72394E-06
0,54280,4.7225517E-06
0,54290,4.7211656E-06
0,54300,4.7197823E-06
0,54310,4.7184017E-06
0,54320,4.717023E-06
0,54330,4.715647E-06
0,54340,4.714273E-06
0,54350,4.7129015E-06
0,54360,4.7115327E-06
0,54370,4.7101657E-06
0,54380,4.7088015E-06
0,54390,4.7074395E-06
0,54400,4.70608E-06
0,54410,4.704723E-06
0,54420,4.7033677E-06
0,54430,4.7020153E-06
0,54440,4.7006647E-06
0,54450,4.699317E-06
0,54460,4.6979712E-06
0,54470,4.696628E-06
0,54480,4.695287E-06
0,54490,4.693948E-06
0,54500,4.6926116E-06
0,54510,4.6912774E-06
0,54520,4.6899454E-06
0,54530,4.6886157E-06
0,54540,4.6872883E-06
0,54550,4.685963E-06
0,54560,4.68464E-06
0,54570,4.6833193E-06
0,54580,4.682001E-06
0,54590,4.680685E-06
0,54600,4.6793707E-06
0,54610,4.6780588E-06
0,54620,4.6767495E-06
0,54630,4.675442E-06
0,54640,4.6741366E-06
0,54650,4.6728337E-06
0,54660,4.671533E-06
0,54670,4.6702344E-06
0,54680,4.668938E-06
0,54690,4.6676437E-06
0,54700,4.6663517E-06
0,54710,4.6650616E-06
0,54720,4.663774E-06
0,54730,4.662488E-06
0,54740,4.6612045E-06
0,54750,4.6599234E-06
0,54760,4.658644E-06
0,54770,4.657367E-06
0,54780,4.6560917E-06
0,54790,4.654819E-06
0,54800,4.653548E-06
0,54810,4.6522796E-06
0,54820,4.6510127E-06
0,54830,4.649748E-06
0,54840,4.6484856E-06
0,54850,4.6472255E-06
0,54860,4.6459672E-06
0,54870,4.6447108E-06
0,54880,4.6434566E-06
0,54890,4.6422047E-06
0,54900,4.6409546E-06
0,54910,4.6397067E-06
0,54920,4.6384607E-06
0,54930,4.6372165E-06
0,54940,4.6359746E-06
0,54950,4.6347345E-06
0,54960,4.6334967E-06
0,54970,4.632261E-06
0,54980,4.631027E-06
0,54990,4.629795E-06
0,55000,4.6285654E-06
0,55010,4.6273376E-06
0,55020,4.6261116E-06
0,55030,4.6248874E-06
0,55040,4.6236655E-06
0,55050,4.6224454E-06
0,55060,4.6212276E-06
0,55070,4.6200116E-06
0,55080,4.6187974E-06
0,55090,4.617585E-06
0,55100,4.616375E-06
0,55110,4.6151667E-06
0,55120,4.6139603E-06
0,55130,4.6127557E-06
0,55140,4.6115533E-06
0,55150,4.610353E-06
0,55160,4.609154E-06
0,55170,4.607957E-06
0,55180,4.6067626E-06
0,55190,4.6055693E-06
0,55200,4.6043783E-06
0,55210,4.603189E-06
0,55220,4.602002E-06
0,55230,4.6008163E-06
0,55240,4.5996326E-06
0,55250,4.598451E-06
0,55260,4.597271E-06
0,55270,4.596093E-06
0,55280,4.594917E-06
0,55290,4.5937427E-06
0,55300,4.59257E-06
0,55310,4.5913994E-06
0,55320,4.5902307E-06
0,55330,4.5890633E-06
0,55340,4.5878983E-06
0,55350,4.586735E-06
0,55360,4.5855736E-06
0,55370,4.5844135E-06
0,55380,4.5832558E-06
0,55390,4.5821E-06
0,55400,4.580945E-06
0,55410,4.579793E-06
0,55420,4.578642E-06
0,55430,4.5774927E-06
0,55440,4.5763454E-06
0,55450,4.5752E-06
0,55460,4.574056E-06
0,55470,4.5729143E-06
0,55480,4.5717743E-06
0,55490,4.5706356E-06
0,55500,4.569499E-06
0,55510,4.568364E-06
0,55520,4.567231E-06
0,55530,4.5660995E-06
0,55540,4.5649695E-06
0,55550,4.5638417E-06
0,55560,4.5627153E-06
0,55570,4.5615907E-06
0,55580,4.5604675E-06
0,55590,4.5593465E-06
0,55600,4.558227E-06
0,55610,4.5571087E-06
0,55620,4.5559927E-06
0,55630,4.554878E-06
0,55640,4.5537654E-06
0,55650,4.5526544E-06
0,55660,4.551545E-06
0,55670,4.550437E-06
0,55680,4.549331E-06
0,55690,4.5482266E-06
0,55700,4.547124E-06
0,55710,4.5460224E-06
0,55720,4.5449233E-06
0,55730,4.543825E-06
0,55740,4.542729E-06
0,55750,4.5416346E-06
0,55760,4.5405413E-06
0,55770,4.53945E-06
0,55780,4.5383604E-06
0,55790,4.537272E-06
0,55800,4.5361858E-06
0,55810,4.5351007E-06
0,55820,4.5340175E-06
0,55830,4.5329357E-06
0,55840,4.5318557E-06
0,55850,4.530777E-06
0,55860,4.5297E-06
0,55870,4.5286247E-06
0,55880,4.527551E-06
0,55890,4.5264787E-06
0,55900,4.525408E-06
0,55910,4.5243387E-06
0,55920,4.5232714E-06
0,55930,4.5222055E-06
0,55940,4.521141E-06
0,55950,4.520078E-06
0,55960,4.519017E-06
0,55970,4.5179568E-06
0,55980,4.5168986E-06
0,55990,4.5158417E-06
0,56000,4.5147867E-06
0,56010,4.513733E-06
0,56020,4.512681E-06
0,56030,4.51163E-06
0,56040,4.5105808E-06
0,56050,4.509533E-06
0,56060,4.508487E-06
0,56070,4.5074426E-06
0,56080,4.5063994E-06
0,56090,4.5053575E-06
0,56100,4.5043175E-06
0,56110,4.503279E-06
0,56120,4.5022416E-06
0,56130,4.5012057E-06
0,56140,4.5001716E-06
0,56150,4.499139E-06
0,56160,4.4981075E-06
0,56170,4.4970775E-06
0,56180,4.496049E-06
0,56190,4.495022E-06
0,56200,4.4939966E-06
0,56210,4.4929725E-06
0,56220,4.4919498E-06
0,56230,4.4909284E-06
0,56240,4.489909E-06
0,56250,4.48889E-06
0,56260,4.4878734E-06
0,56270,4.486858E-06
0,56280,4.485844E-06
0,56290,4.484831E-06
0,56300,4.48382E-06
0,56310,4.48281E-06
0,56320,4.4818016E-06
0,56330,4.4807944E-06
0,56340,4.479789E-06
0,56350,4.4787844E-06
0,56360,4.4777817E-06
0,56370,4.4767803E-06
0,56380,4.47578E-06
0,56390,4.4747812E-06
0,56400,4.473784E-06
0,56410,4.4727876E-06
0,56420,4.471793E-06
0,56430,4.4708E-06
0,56440,4.469808E-06
0,56450,4.468817E-06
0,56460,4.467828E-06
0,56470,4.4668404E-06
0,56480,4.4658536E-06
0,56490,4.4648687E-06
0,56500,4.4638846E-06
0,56510,4.4629023E-06
0,56520,4.461921E-06
0,56530,4.460941E-06
0,56540,4.4599624E-06
0,56550,4.458985E-06
0,56560,4.4580092E-06
0,56570,4.4570347E-06
0,56580,4.4560616E-06
0,56590,4.4550898E-06
0,56600,4.454119E-06
0,56610,4.4531494E-06
0,56620,4.4521817E-06
0,56630,4.451215E-06
0,56640,4.450249E-06
0,56650,4.449285E-06
0,56660,4.448322E-06
0,56670,4.4473604E-06
0,56680,4.4464E-06
0,56690,4.445441E-06
0,56700,4.4444832E-06
0,56710,4.4435264E-06
0,56720,4.442571E-06
0,56730,4.441617E-06
0,56740,4.4406643E-06
0,56750,4.439713E-06
0,56760,4.4387625E-06
0,56770,4.4378135E-06
0,56780,4.4368658E-06
0,56790,4.435919E-06
0,56800,4.4349736E-06
0,56810,4.4340295E-06
0,56820,4.433087E-06
0,56830,4.432145E-06
0,56840,4.4312046E-06
0,56850,4.4302656E-06
0,56860,4.4293274E-06
0,56870,4.4283906E-06
0,56880,4.427455E-06
0,56890,4.4265207E-06
0,56900,4.4255876E-06
0,56910,4.424656E-06
0,56920,4.423725E-06
0,56930,4.4227954E-06
0,56940,4.421867E-06
0,56950,4.4209396E-06
0,56960,4.4200137E-06
0,56970,4.419089E-06
0,56980,4.418165E-06
0,56990,4.417243E-06
0,57000,4.4163216E-06
0,57010,4.4154017E-06
0,57020,4.4144826E-06
0,57030,4.4135645E-06
0,57040,4.412648E-06
0,57050,4.411733E-06
0,57060,4.4108183E-06
0,57070,4.409905E-06
0,57080,4.408993E-06
0,57090,4.408082E-06
0,57100,4.4071726E-06
0,57110,4.406264E-06
0,57120,4.4053563E-06
0,57130,4.40445E-06
0,57140,4.403545E-06
0,57150,4.402641E-06
0,57160,4.401738E-06
0,57170,4.400836E-06
0,57180,4.3999357E-06
0,57190,4.399036E-06
0,57200,4.3981377E-06
0,57210,4.39724E-06
0,57220,4.396344E-06
0,57230,4.3954487E-06
0,57240,4.3945547E-06
0,57250,4.393662E-06
0,57260,4.39277E-06
0,57270,4.3918794E-06
0,57280,4.3909895E-06
0,57290,4.390101E-06
0,57300,4.3892137E-06
0,57310,4.388327E-06
0,57320,4.387442E-06
0,57330,4.3865575E-06
0,57340,4.3856744E-06
0,57350,4.384792E-06
0,57360,4.3839113E-06
0,57370,4.3830314E-06
0,57380,4.3821524E-06
0,57390,4.3812747E-06
0,57400,4.380398E-06
0,57410,4.379522E-06
0,57420,4.378647E-06
0,57430,4.3777736E-06
0,57440,4.376901E-06
0,57450,4.3760297E-06
0,57460,4.3751593E-06
0,57470,4.37429E-06
0,57480,4.3734212E-06
0,57490,4.372554E-06
0,57500,4.3716873E-06
0,57510,4.370822E-06
0,57520,4.369958E-06
0,57530,4.3690943E-06
0,57540,4.368232E-06
0,57550,4.367371E-06
0,57560,4.366511E-06
0,57570,4.3656514E-06
0,57580,4.3647933E-06
0,57590,4.363936E-06
0,57600,4.36308E-06
0,57610,4.362225E-06
0,57620,4.3613704E-06
0,57630,4.3605173E-06
0,57640,4.359665E-06
0,57650,4.358814E-06
0,57660,4.3579635E-06
0,57670,4.3571144E-06
0,57680,4.356266E-06
0,57690,4.3554187E-06
0,57700,4.3545724E-06
0,57710,4.353727E-06
0,57720,4.3528826E-06
0,57730,4.3520395E-06
0,57740,4.351197E-06
0,57750,4.3503555E-06
0,57760,4.349515E-06
0,57770,4.3486757E-06
0,57780,4.3478367E-06
0,57790,4.3469995E-06
0,57800,4.3461628E-06
0,57810,4.345327E-06
0,57820,4.344492E-06
0,57830,4.3436585E-06
0,57840,4.3428254E-06
0,57850,4.3419936E-06
0,57860,4.3411624E-06
0,57870,4.3403325E-06
0,57880,4.3395034E-06
0,57890,4.3386754E-06
0,57900,4.3378477E-06
0,57910,4.3370214E-06
0,57920,4.336196E-06
0,57930,4.3353716E-06
0,57940,4.334548E-06
0,57950,4.3337254E-06
0,57960,4.3329037E-06
0,57970,4.332083E-06
0,57980,4.331263E-06
0,57990,4.330444E-06
0,58000,4.329626E-06
0,58010,4.3288087E-06
0,58020,4.3279924E-06
0,58030,4.327177E-06
0,58040,4.3263626E-06
0,58050,4.325549E-06
0,58060,4.3247364E-06
0,58070,4.3239243E-06
0,58080,4.3231134E-06
0,58090,4.3223035E-06
0,58100,4.3214945E-06
0,58110,4.320686E-06
0,58120,4.319879E-06
0,58130,4.319072E-06
0,58140,4.3182663E-06
0,58150,4.317462E-06
0,58160,4.316658E-06
0,58170,4.3158548E-06
0,58180,4.3150526E-06
0,58190,4.3142513E-06
0,58200,4.313451E-06
0,58210,4.312651E-06
0,58220,4.3118525E-06
0,58230,4.3110545E-06
0,58240,4.3102577E-06
0,58250,4.3094615E-06
0,58260,4.308666E-06
0,58270,4.3078717E-06
0,58280,4.307078E-06
0,58290,4.306285E-06
0,58300,4.3054933E-06
0,58310,4.304702E-06
0,58320,4.3039117E-06
0,58330,4.3031223E-06
0,58340,4.3023338E-06
0,58350,4.3015457E-06
0,58360,4.300759E-06
0,58370,4.2999727E-06
0,58380,4.2991874E-06
0,58390,4.298403E-06
0,58400,4.2976194E-06
0,58410,4.2968363E-06
0,58420,4.296054E-06
0,58430,4.2952734E-06
0,58440,4.2944926E-06
0,58450,4.293713E-06
0,58460,4.292934E-06
0,58470,4.292156E-06
0,58480,4.291379E-06
0,58490,4.2906026E-06
0,58500,4.289827E-06
0,58510,4.2890524E-06
0,58520,4.2882784E-06
0,58530,4.287505E-06
0,58540,4.2867327E-06
0,58550,4.285961E-06
0,58560,4.2851902E-06
0,58570,4.28442E-06
0,58580,4.2836505E-06
0,58590,4.282882E-06
0,58600,4.2821143E-06
0,58610,4.2813476E-06
0,58620,4.2805814E-06
0,58630,4.279816E-06
0,58640,4.279051E-06
0,58650,4.278287E-06
0,58660,4.277524E-06
0,58670,4.276762E-06
0,58680,4.2760003E-06
0,58690,4.2752395E-06
0,58700,4.2744796E-06
0,58710,4.27372E-06
0,58720,4.2729616E-06
0,58730,4.2722036E-06
0,58740,4.271447E-06
0,58750,4.27069E-06
0,58760,4.269935E-06
0,58770,4.26918E-06
0,58780,4.268426E-06
0,58790,4.2676725E-06
0,58800,4.26692E-06
0,58810,4.266168E-06
0,58820,4.265417E-06
0,58830,4.2646666E-06
0,58840,4.263917E-06
0,58850,4.263168E-06
0,58860,4.26242E-06
0,58870,4.2616725E-06
0,58880,4.260926E-06
0,58890,4.2601796E-06
0,58900,4.2594343E-06
0,58910,4.25869E-06
0,58920,4.257946E-06
0,58930,4.257203E-06
0,58940,4.2564607E-06
0,58950,4.255719E-06
0,58960,4.2549777E-06
0,58970,4.2542374E-06
0,58980,4.253498E-06
0,58990,4.252759E-06
0,59000,4.252021E-06
0,59010,4.2512834E-06
0,59020,4.2505467E-06
0,59030,4.2498104E-06
0,59040,4.249075E-06
0,59050,4.2483407E-06
0,59060,4.2476067E-06
0,59070,4.2468732E-06
0,59080,4.2461406E-06
0,59090,4.245409E-06
0,59100,4.2446777E-06
0,59110,4.243947E-06
0,59120,4.243217E-06
0,59130,4.242488E-06
0,59140,4.2417596E-06
0,59150,4.2410315E-06
0,59160,4.2403044E-06
0,59170,4.239578E-06
0,59180,4.2388524E-06
0,59190,4.238127E-06
0,59200,4.2374027E-06
0,59210,4.236679E-06
0,59220,4.2359557E-06
0,59230,4.2352335E-06
0,59240,4.234512E-06
0,59250,4.2337906E-06
0,59260,4.23307E-06
0,59270,4.2323504E-06
0,59280,4.231631E-06
0,59290,4.2309125E-06
0,59300,4.230195E-06
0,59310,4.229478E-06
0,59320,4.228761E-06
0,59330,4.2280453E-06
0,59340,4.22733E-06
0,59350,4.226615E-06
0,59360,4.225901E-06
0,59370,4.225188E-06
0,59380,4.224475E-06
0,59390,4.2237634E-06
0,59400,4.2230517E-06
0,59410,4.222341E-06
0,59420,4.221631E-06
0,59430,4.2209217E-06
0,59440,4.2202128E-06
0,59450,4.2195043E-06
0,59460,4.2187967E-06
0,59470,4.21809E-06
0,59480,4.2173833E-06
0,59490,4.2166776E-06
0,59500,4.2159727E-06
0,59510,4.2152683E-06
0,59520,4.2145643E-06
0,59530,4.213861E-06
0,59540,4.2131583E-06
0,59550,4.212456E-06
0,59560,4.211755E-06
0,59570,4.211054E-06
0,59580,4.210354E-06
0,59590,4.2096544E-06
0,59600,4.2089555E-06
0,59610,4.208257E-06
0,59620,4.2075594E-06
0,59630,4.2068623E-06
0,59640,4.2061656E-06
0,59650,4.2054694E-06
0,59660,4.204774E-06
0,59670,4.2040792E-06
0,59680,4.2033853E-06
0,59690,4.202692E-06
0,59700,4.2019988E-06
0,59710,4.201306E-06
0,59720,4.2006145E-06
0,59730,4.1999233E-06
0,59740,4.1992325E-06
0,59750,4.1985427E-06
0,59760,4.1978533E-06
0,59770,4.1971643E-06
0,59780,4.196476E-06
0,59790,4.1957883E-06
0,59800,4.195101E-06
0,59810,4.1944145E-06
0,59820,4.1937283E-06
0,59830,4.193043E-06
0,59840,4.192358E-06
0,59850,4.1916737E-06
0,59860,4.1909902E-06
0,59870,4.190307E-06
0,59880,4.1896246E-06
0,59890,4.1889425E-06
0,59900,4.188261E-06
0,59910,4.18758E-06
0,59920,4.1869E-06
0,59930,4.18622E-06
0,59940,4.185541E-06
0,59950,4.184862E-06
0,59960,4.184184E-06
0,59970,4.1835065E-06
0,59980,4.18283E-06
0,59990,4.182153E-06
0,60000,4.1814774E-06
0,60010,4.180802E-06
0,60020,4.1801272E-06
0,60030,4.179453E-06
0,60040,4.1787794E-06
0,60050,4.178106E-06
0,60060,4.1774333E-06
0,60070,4.1767616E-06
0,60080,4.17609E-06
0,60090,4.175419E-06
0,60100,4.1747485E-06
0,60110,4.1740786E-06
0,60120,4.1734093E-06
0,60130,4.1727403E-06
0,60140,4.172072E-06
0,60150,4.1714043E-06
0,60160,4.170737E-06
0,60170,4.17007E-06
0,60180,4.169404E-06
0,60190,4.1687385E-06
0,60200,4.1680732E-06
0,60210,4.1674084E-06
0,60220,4.1667445E-06
0,60230,4.166081E-06
0,60240,4.165418E-06
0,60250,4.1647554E-06
0,60260,4.1640933E-06
0,60270,4.1634316E-06
0,60280,4.162771E-06
0,60290,4.16211E-06
0,60300,4.1614503E-06
0,60310,4.160791E-06
0,60320,4.160132E-06
0,60330,4.1594735E-06
0,60340,4.1588155E-06
0,60350,4.158158E-06
0,60360,4.1575013E-06
0,60370,4.1568446E-06
0,60380,4.156189E-06
0,60390,4.155533E-06
0,60400,4.1548783E-06
0,60410,4.154224E-06
0,60420,4.15357E-06
0,60430,4.1529165E-06
0,60440,4.1522635E-06
0,60450,4.1516114E-06
0,60460,4.1509593E-06
0,60470,4.150308E-06
0,60480,4.149657E-06
0,60490,4.1490066E-06
0,60500,4.1483563E-06
0,60510,4.147707E-06
0,60520,4.147058E-06
0,60530,4.1464095E-06
0,60540,4.1457615E-06
0,60550,4.145114E-06
0,60560,4.144467E-06
0,60570,4.14382E-06
0,60580,4.143174E-06
0,60590,4.1425283E-06
0,60600,4.141883E-06
0,60610,4.1412386E-06
0,60620,4.1405942E-06
0,60630,4.1399503E-06
0,60640,4.1393073E-06
0,60650,4.1386643E-06
0,60660,4.138022E-06
0,60670,4.13738E-06
0,60680,4.136739E-06
0,60690,4.1360977E-06
0,60700,4.1354574E-06
0,60710,4.1348176E-06
0,60720,4.1341777E-06
0,60730,4.133539E-06
0,60740,4.1329E-06
0,60750,4.132262E-06
0,60760,4.1316243E-06
0,60770,4.130987E-06
0,60780,4.13035E-06
0,60790,4.129714E-06
0,60800,4.129078E-06
0,60810,4.1284425E-06
0,60820,4.1278076E-06
0,60830,4.1271733E-06
0,60840,4.126539E-06
0,60850,4.1259054E-06
0,60860,4.1252724E-06
0,60870,4.1246394E-06
0,60880,4.1240073E-06
0,60890,4.123375E-06
0,60900,4.122744E-06
0,60910,4.122113E-06
0,60920,4.1214826E-06
0,60930,4.1208523E-06
0,60940,4.120223E-06
0,60950,4.1195935E-06
0,60960,4.118965E-06
0,60970,4.1183366E-06
0,60980,4.1177086E-06
0,60990,4.117081E-06
0,61000,4.1164544E-06
0,61010,4.115828E-06
0,61020,4.1152016E-06
0,61030,4.114576E-06
0,61040,4.1139506E-06
0,61050,4.1133258E-06
0,61060,4.1127014E-06
0,61070,4.1120775E-06
0,61080,4.1114536E-06
0,61090,4.1108306E-06
0,61100,4.110208E-06
0,61110,4.1095855E-06
0,61120,4.108964E-06
0,61130,4.108342E-06
0,61140,4.107721E-06
0,61150,4.1071003E-06
0,61160,4.1064804E-06
0,61170,4.1058606E-06
0,61180,4.1052413E-06
0,61190,4.1046223E-06
0,61200,4.1040034E-06
0,61210,4.1033854E-06
0,61220,4.102768E-06
0,61230,4.1021503E-06
0,61240,4.1015337E-06
0,61250,4.100917E-06
0,61260,4.100301E-06
0,61270,4.099685E-06
0,61280,4.09907E-06
0,61290,4.098455E-06
0,61300,4.0978407E-06
0,61310,4.097227E-06
0,61320,4.096613E-06
0,61330,4.096E-06
0,61340,4.095387E-06
0,61350,4.0947743E-06
0,61360,4.0941623E-06
0,61370,4.0935506E-06
0,61380,4.0929394E-06
0,61390,4.0923287E-06
0,61400,4.091718E-06
0,61410,4.091108E-06
0,61420,4.0904984E-06
0,61430,4.089889E-06
0,61440,4.08928E-06
0,61450,4.0886716E-06
0,61460,4.0880636E-06
0,61470,4.0874556E-06
0,61480,4.0868485E-06
0,61490,4.0862415E-06
0,61500,4.085635E-06
0,61510,4.0850286E-06
0,61520,4.084423E-06
0,61530,4.0838177E-06
0,61540,4.0832124E-06
0,61550,4.0826076E-06
0,61560,4.0820037E-06
0,61570,4.0813998E-06
0,61580,4.0807963E-06
0,61590,4.080193E-06
0,61600,4.0795903E-06
0,61610,4.078988E-06
0,61620,4.0783857E-06
0,61630,4.077784E-06
0,61640,4.077183E-06
0,61650,4.076582E-06
0,61660,4.0759815E-06
0,61670,4.075381E-06
0,61680,4.074782E-06
0,61690,4.074182E-06
0,61700,4.073583E-06
0,61710,4.0729847E-06
0,61720,4.072386E-06
0,61730,4.071788E-06
0,61740,4.0711907E-06
0,61750,4.0705936E-06
0,61760,4.0699965E-06
0,61770,4.0694003E-06
0,61780,4.068804E-06
0,61790,4.0682085E-06
0,61800,4.0676127E-06
0,61810,4.067018E-06
0,61820,4.066423E-06
0,61830,4.0658288E-06
0,61840,4.065235E-06
0,61850,4.0646414E-06
0,61860,4.064048E-06
0,61870,4.0634554E-06
0,61880,4.062863E-06
0,61890,4.0622704E-06
0,61900,4.0616787E-06
0,61910,4.061087E-06
0,61920,4.060496E-06
0,61930,4.059905E-06
0,61940,4.059315E-06
0,61950,4.0587247E-06
0,61960,4.058135E-06
0,61970,4.0575455E-06
0,61980,4.0569566E-06
0,61990,4.0563677E-06
0,62000,4.0557798E-06
0,62010,4.0551918E-06
0,62020,4.054604E-06
0,62030,4.0540167E-06
0,62040,4.0534296E-06
0,62050,4.052843E-06
0,62060,4.052257E-06
0,62070,4.0516707E-06
0,62080,4.051085E-06
0,62090,4.0504997E-06
0,62100,4.049915E-06
0,62110,4.04933E-06
0,62120,4.0487457E-06
0,62130,4.048162E-06
0,62140,4.0475784E-06
0,62150,4.046995E-06
0,62160,4.046412E-06
0,62170,4.0458294E-06
0,62180,4.0452474E-06
0,62190,4.0446653E-06
0,62200,4.0440837E-06
0,62210,4.0435025E-06
0,62220,4.0429213E-06
0,62230,4.0423406E-06
0,62240,4.0417603E-06
0,62250,4.0411805E-06
0,62260,4.0406007E-06
0,62270,4.0400214E-06
0,62280,4.0394425E-06
0,62290,4.0388636E-06
0,62300,4.0382856E-06
0,62310,4.037707E-06
0,62320,4.0371297E-06
0,62330,4.036552E-06
0,62340,4.035975E-06
0,62350,4.0353984E-06
0,62360,4.034822E-06
0,62370,4.0342456E-06
0,62380,4.03367E-06
0,62390,4.0330947E-06
0,62400,4.0325194E-06
0,62410,4.0319446E-06
0,62420,4.03137E-06
0,62430,4.0307955E-06
0,62440,4.0302216E-06
0,62450,4.029648E-06
0,62460,4.0290747E-06
0,62470,4.0285017E-06
0,62480,4.027929E-06
0,62490,4.0273567E-06
0,62500,4.0267846E-06
0,62510,4.026213E-06
0,62520,4.0256414E-06
0,62530,4.02507E-06
0,62540,4.0244995E-06
0,62550,4.023929E-06
0,62560,4.0233585E-06
0,62570,4.0227887E-06
0,62580,4.022219E-06
0,62590,4.0216496E-06
0,62600,4.0210807E-06
0,62610,4.020512E-06
0,62620,4.0199434E-06
0,62630,4.0193754E-06
0,62640,4.0188074E-06
0,62650,4.01824E-06
0,62660,4.017673E-06
0,62670,4.0171058E-06
0,62680,4.016539E-06
0,62690,4.015973E-06
0,62700,4.015407E-06
0,62710,4.014841E-06
0,62720,4.014276E-06
0,62730,4.0137106E-06
0,62740,4.013146E-06
0,62750,4.012581E-06
0,62760,4.0120167E-06
0,62770,4.011453E-06
0,62780,4.010889E-06
0,62790,4.0103255E-06
0,62800,4.0097625E-06
0,62810,4.0091995E-06
0,62820,4.008637E-06
0,62830,4.008075E-06
0,62840,4.007513E-06
0,62850,4.0069513E-06
0,62860,4.0063896E-06
0,62870,4.0058285E-06
0,62880,4.005268E-06
0,62890,4.004707E-06
0,62900,4.004147E-06
0,62910,4.003587E-06
0,62920,4.0030272E-06
0,62930,4.002468E-06
0,62940,4.0019086E-06
0,62950,4.0013497E-06
0,62960,4.0007913E-06
0,62970,4.000233E-06
0,62980,3.999675E-06
0,62990,3.999117E-06
0,63000,3.9985594E-06
0,63010,3.9980023E-06
0,63020,3.997445E-06
0,63030,3.9968886E-06
0,63040,3.9963325E-06
0,63050,3.9957763E-06
0,63060,3.99522E-06
0,63070,3.994665E-06
0,63080,3.994109E-06
0,63090,3.9935544E-06
0,63100,3.9929996E-06
0,63110,3.9924453E-06
0,63120,3.991891E-06
0,63130,3.991337E-06
0,63140,3.990783E-06
0,63150,3.9902297E-06
0,63160,3.9896768E-06
0,63170,3.989124E-06
0,63180,3.9885713E-06
0,63190,3.9880188E-06
0,63200,3.9874667E-06
0,63210,3.986915E-06
0,63220,3.9863635E-06
0,63230,3.9858123E-06
0,63240,3.985261E-06
0,63250,3.9847105E-06
0,63260,3.98416E-06
0,63270,3.9836095E-06
0,63280,3.9830597E-06
0,63290,3.98251E-06
0,63300,3.9819606E-06
0,63310,3.9814113E-06
0,63320,3.9808624E-06
0,63330,3.9803135E-06
0,63340,3.979765E-06
0,63350,3.979217E-06
0,63360,3.978669E-06
0,63370,3.978121E-06
0,63380,3.977574E-06
0,63390,3.9770266E-06
0,63400,3.97648E-06
0,63410,3.9759334E-06
0,63420,3.975387E-06
0,63430,3.9748406E-06
0,63440,3.974295E-06
0,63450,3.9737492E-06
0,63460,3.973204E-06
0,63470,3.9726588E-06
0,63480,3.972114E-06
0,63490,3.971569E-06
0,63500,3.971025E-06
0,63510,3.9704805E-06
0,63520,3.9699366E-06
0,63530,3.969393E-06
0,63540,3.96885E-06
0,63550,3.9683064E-06
0,63560,3.9677634E-06
0,63570,3.967221E-06
0,63580,3.9666784E-06
0,63590,3.9661363E-06
0,63600,3.9655943E-06
0,63610,3.9650527E-06
0,63620,3.964511E-06
0,63630,3.96397E-06
0,63640,3.963429E-06
0,63650,3.9628885E-06
0,63660,3.962348E-06
0,63670,3.9618076E-06
0,63680,3.961268E-06
0,63690,3.960728E-06
0,63700,3.960188E-06
0,63710,3.959649E-06
0,63720,3.95911E-06
0,63730,3.958571E-06
0,63740,3.9580327E-06
0,63750,3.9574943E-06
0,63760,3.9569563E-06
0,63770,3.9564184E-06
0,63780,3.955881E-06
0,63790,3.9553433E-06
0,63800,3.9548063E-06
0,63810,3.9542692E-06
0,63820,3.9537326E-06
0,63830,3.953196E-06
0,63840,3.95266E-06
0,63850,3.9521237E-06
0,63860,3.951588E-06
0,63870,3.9510523E-06
0,63880,3.950517E-06
0,63890,3.949982E-06
0,63900,3.949447E-06
0,63910,3.9489128E-06
0,63920,3.948378E-06
0,63930,3.947844E-06
0,63940,3.9473102E-06
0,63950,3.9467764E-06
0,63960,3.946243E-06
0,63970,3.9457095E-06
0,63980,3.9451766E-06
0,63990,3.9446436E-06
0,64000,3.944111E-06
0,64010,3.9435786E-06
0,64020,3.9430465E-06
0,64030,3.942515E-06
0,64040,3.941983E-06
0,64050,3.9414517E-06
0,64060,3.94092E-06
0,64070,3.9403894E-06
0,64080,3.9398583E-06
0,64090,3.939328E-06
0,64100,3.9387974E-06
0,64110,3.938267E-06
0,64120,3.9377373E-06
0,64130,3.9372076E-06
0,64140,3.9366782E-06
0,64150,3.936149E-06
0,64160,3.93562E-06
0,64170,3.935091E-06
0,64180,3.9345623E-06
0,64190,3.934034E-06
0,64200,3.933506E-06
0,64210,3.932978E-06
0,64220,3.93245E-06
0,64230,3.9319225E-06
0,64240,3.931395E-06
0,64250,3.930868E-06
0,64260,3.930341E-06
0,64270,3.9298143E-06
0,64280,3.9292877E-06
0,64290,3.9287615E-06
0,64300,3.9282354E-06
0,64310,3.9277097E-06
0,64320,3.927184E-06
0,64330,3.926659E-06
0,64340,3.9261336E-06
0,64350,3.9256083E-06
0,64360,3.9250835E-06
0,64370,3.9245588E-06
0,64380,3.9240344E-06
0,64390,3.9235106E-06
0,64400,3.9229863E-06
0,64410,3.922463E-06
0,64420,3.921939E-06
0,64430,3.9214156E-06
0,64440,3.9208926E-06
0,64450,3.9203696E-06
0,64460,3.9198467E-06
0,64470,3.919324E-06
0,64480,3.918802E-06
0,64490,3.91828E-06
0,64500,3.917758E-06
0,64510,3.9172364E-06
0,64520,3.916715E-06
0,64530,3.9161932E-06
0,64540,3.915672E-06
0,64550,3.9151514E-06
0,64560,3.9146307E-06
0,64570,3.91411E-06
0,64580,3.91359E-06
0,64590,3.9130696E-06
0,64600,3.91255E-06
0,64610,3.91203E-06
0,64620,3.9115107E-06
0,64630,3.9109914E-06
0,64640,3.910472E-06
0,64650,3.909953E-06
0,64660,3.9094343E-06
0,64670,3.908916E-06
0,64680,3.9083975E-06
0,64690,3.9078795E-06
0,64700,3.9073616E-06
0,64710,3.9068436E-06
0,64720,3.906326E-06
0,64730,3.9058086E-06
0,64740,3.9052916E-06
0,64750,3.9047745E-06
0,64760,3.904258E-06
0,64770,3.9037413E-06
0,64780,3.9032248E-06
0,64790,3.9027086E-06
0,64800,3.9021925E-06
0,64810,3.901677E-06
0,64820,3.901161E-06
0,64830,3.900646E-06
0,64840,3.9001307E-06
0,64850,3.8996154E-06
0,64860,3.8991006E-06
0,64870,3.898586E-06
0,64880,3.8980716E-06
0,64890,3.8975572E-06
0,64900,3.897043E-06
0,64910,3.896529E-06
0,64920,3.896015E-06
0,64930,3.895502E-06
0,64940,3.8949884E-06
0,64950,3.8944754E-06
0,64960,3.893962E-06
0,64970,3.8934495E-06
0,64980,3.892937E-06
0,64990,3.8924245E-06
0,65000,3.891912E-06
0,65010,3.8914E-06
0,65020,3.890888E-06
0,65030,3.8903763E-06
0,65040,3.8898647E-06
0,65050,3.8893536E-06
0,65060,3.8888425E-06
0,65070,3.8883313E-06
0,65080,3.8878206E-06
0,65090,3.88731E-06
0,65100,3.8867997E-06
0,65110,3.8862895E-06
0,65120,3.8857793E-06
0,65130,3.8852695E-06
0,65140,3.8847597E-06
0,65150,3.88425E-06
0,65160,3.8837406E-06
0,65170,3.883232E-06
0,65180,3.8827225E-06
0,65190,3.8822136E-06
0,65200,3.881705E-06
0,65210,3.881197E-06
0,65220,3.8806884E-06
0,65230,3.8801804E-06
0,65240,3.8796725E-06
0,65250,3.8791645E-06
0,65260,3.878657E-06
0,65270,3.8781495E-06
0,65280,3.8776425E-06
0,65290,3.8771354E-06
0,65300,3.8766284E-06
0,65310,3.876122E-06
0,65320,3.875615E-06
0,65330,3.8751086E-06
0,65340,3.8746025E-06
0,65350,3.8740964E-06
0,65360,3.8735907E-06
0,65370,3.873085E-06
0,65380,3.87258E-06
0,65390,3.872074E-06
0,65400,3.871569E-06
0,65410,3.871064E-06
0,65420,3.8705593E-06
0,65430,3.8700546E-06
0,65440,3.8695503E-06
0,65450,3.869046E-06
0,65460,3.8685416E-06
0,65470,3.8680378E-06
0,65480,3.867534E-06
0,65490,3.8670305E-06
0,65500,3.8665266E-06
0,65510,3.8660237E-06
0,65520,3.8655203E-06
0,65530,3.8650173E-06
0,65540,3.864515E-06
0,65550,3.864012E-06
0,65560,3.8635094E-06
0,65570,3.8630074E-06
0,65580,3.8625053E-06
0,65590,3.8620033E-06
0,65600,3.861501E-06
0,65610,3.8609996E-06
0,65620,3.8604985E-06
0,65630,3.859997E-06
0,65640,3.859496E-06
0,65650,3.8589947E-06
0,65660,3.858494E-06
0,65670,3.8579933E-06
0,65680,3.857493E-06
0,65690,3.8569924E-06
0,65700,3.8564926E-06
0,65710,3.8559924E-06
0,65720,3.8554927E-06
0,65730,3.854993E-06
0,65740,3.8544936E-06
0,65750,3.8539943E-06
0,65760,3.853495E-06
0,65770,3.8529956E-06
0,65780,3.852497E-06
0,65790,3.8519984E-06
0,65800,3.8514995E-06
0,65810,3.851001E-06
0,65820,3.850503E-06
0,65830,3.8500048E-06
0,65840,3.849507E-06
0,65850,3.8490093E-06
0,65860,3.848512E-06
0,65870,3.8480143E-06
0,65880,3.847517E-06
0,65890,3.84702E-06
0,65900,3.8465228E-06
0,65910,3.8460257E-06
0,65920,3.845529E-06
0,65930,3.8450326E-06
0,65940,3.8445364E-06
0,65950,3.8440403E-06
0,65960,3.843544E-06
0,65970,3.843048E-06
0,65980,3.8425524E-06
0,65990,3.842057E-06
0,66000,3.8415615E-06
0,66010,3.8410662E-06
0,66020,3.840571E-06
0,66030,3.8400763E-06
0,66040,3.8395815E-06
0,66050,3.8390867E-06
0,66060,3.838592E-06
0,66070,3.8380977E-06
0,66080,3.8376033E-06
0,66090,3.8371095E-06
0,66100,3.8366156E-06
0,66110,3.836122E-06
0,66120,3.8356284E-06
0,66130,3.8351345E-06
0,66140,3.8346416E-06
0,66150,3.834148E-06
0,66160,3.8336552E-06
0,66170,3.8331623E-06
0,66180,3.83267E-06
0,66190,3.8321773E-06
0,66200,3.831685E-06
0,66210,3.8311923E-06
0,66220,3.8307003E-06
0,66230,3.8302082E-06
0,66240,3.8297167E-06
0,66250,3.829225E-06
0,66260,3.8287335E-06
0,66270,3.828242E-06
0,66280,3.827751E-06
0,66290,3.8272597E-06
0,66300,3.8267685E-06
0,66310,3.826278E-06
0,66320,3.825787E-06
0,66330,3.8252965E-06
0,66340,3.8248063E-06
0,66350,3.824316E-06
0,66360,3.8238263E-06
0,66370,3.823336E-06
0,66380,3.8228463E-06
0,66390,3.8223566E-06
0,66400,3.8218673E-06
0,66410,3.821378E-06
0,66420,3.8208887E-06
0,66430,3.8204E-06
0,66440,3.8199105E-06
0,66450,3.819422E-06
0,66460,3.8189332E-06
0,66470,3.818445E-06
0,66480,3.8179564E-06
0,66490,3.817468E-06
0,66500,3.81698E-06
0,66510,3.816492E-06
0,66520,3.816004E-06
0,66530,3.8155167E-06
0,66540,3.8150292E-06
0,66550,3.814542E-06
0,66560,3.8140547E-06
0,66570,3.8135674E-06
0,66580,3.8130806E-06
0,66590,3.8125938E-06
0,66600,3.812107E-06
0,66610,3.8116207E-06
0,66620,3.811134E-06
0,66630,3.810648E-06
0,66640,3.8101618E-06
0,66650,3.8096757E-06
0,66660,3.80919E-06
0,66670,3.8087042E-06
0,66680,3.8082187E-06
0,66690,3.8077333E-06
0,66700,3.8072478E-06
0,66710,3.8067628E-06
0,66720,3.8062778E-06
0,66730,3.8057929E-06
0,66740,3.805308E-06
0,66750,3.8048236E-06
0,66760,3.804339E-06
0,66770,3.8038547E-06
0,66780,3.8033704E-06
0,66790,3.8028863E-06
0,66800,3.8024025E-06
0,66810,3.8019186E-06
0,66820,3.801435E-06
0,66830,3.8009514E-06
0,66840,3.800468E-06
0,66850,3.7999846E-06
0,66860,3.7995014E-06
0,66870,3.7990185E-06
0,66880,3.7985355E-06
0,66890,3.7980528E-06
0,66900,3.7975703E-06
0,66910,3.7970879E-06
0,66920,3.7966054E-06
0,66930,3.796123E-06
0,66940,3.795641E-06
0,66950,3.7951593E-06
0,66960,3.7946772E-06
0,66970,3.7941957E-06
0,66980,3.793714E-06
0,66990,3.7932327E-06
0,67000,3.7927514E-06
0,67010,3.7922703E-06
0,67020,3.7917891E-06
0,67030,3.7913082E-06
0,67040,3.7908273E-06
0,67050,3.7903467E-06
0,67060,3.7898662E-06
0,67070,3.7893858E-06
0,67080,3.7889056E-06
0,67090,3.7884254E-06
0,67100,3.7879454E-06
0,67110,3.7874654E-06
0,67120,3.7869856E-06
0,67130,3.786506E-06
0,67140,3.7860266E-06
0,67150,3.7855473E-06
0,67160,3.785068E-06
0,67170,3.784589E-06
0,67180,3.7841098E-06
0,67190,3.783631E-06
0,67200,3.7831524E-06
0,67210,3.7826737E-06
0,67220,3.782195E-06
0,67230,3.7817167E-06
0,67240,3.7812385E-06
0,67250,3.7807604E-06
0,67260,3.7802824E-06
0,67270,3.7798045E-06
0,67280,3.7793268E-06
0,67290,3.778849E-06
0,67300,3.7783716E-06
0,67310,3.7778943E-06
0,67320,3.777417E-06
0,67330,3.7769398E-06
0,67340,3.776463E-06
0,67350,3.775986E-06
0,67360,3.7755092E-06
0,67370,3.7750326E-06
0,67380,3.774556E-06
0,67390,3.7740797E-06
0,67400,3.7736036E-06
0,67410,3.7731274E-06
0,67420,3.7726513E-06
0,67430,3.7721754E-06
0,67440,3.7716995E-06
0,67450,3.7712239E-06
0,67460,3.7707484E-06
0,67470,3.770273E-06
0,67480,3.7697978E-06
0,67490,3.7693226E-06
0,67500,3.7688476E-06
0,67510,3.7683726E-06
0,67520,3.7678979E-06
0,67530,3.767423E-06
0,67540,3.7669486E-06
0,67550,3.766474E-06
0,67560,3.7659997E-06
0,67570,3.7655254E-06
0,67580,3.7650514E-06
0,67590,3.7645775E-06
0,67600,3.7641034E-06
0,67610,3.7636298E-06
0,67620,3.7631562E-06
0,67630,3.7626826E-06
0,67640,3.7622092E-06
0,67650,3.761736E-06
0,67660,3.7612629E-06
0,67670,3.76079E-06
0,67680,3.760317E-06
0,67690,3.759844E-06
0,67700,3.7593713E-06
0,67710,3.7588989E-06
0,67720,3.7584264E-06
0,67730,3.7579541E-06
0,67740,3.7574819E-06
0,67750,3.7570098E-06
0,67760,3.7565378E-06
0,67770,3.7560658E-06
0,67780,3.7555942E-06
0,67790,3.7551224E-06
0,67800,3.754651E-06
0,67810,3.7541795E-06
0,67820,3.7537081E-06
0,67830,3.753237E-06
0,67840,3.752766E-06
0,67850,3.752295E-06
0,67860,3.7518241E-06
0,67870,3.7513535E-06
0,67880,3.7508828E-06
0,67890,3.7504124E-06
0,67900,3.749942E-06
0,67910,3.7494717E-06
0,67920,3.7490015E-06
0,67930,3.7485315E-06
0,67940,3.7480615E-06
0,67950,3.7475918E-06
0,67960,3.747122E-06
0,67970,3.7466525E-06
0,67980,3.746183E-06
0,67990,3.7457137E-06
0,68000,3.7452444E-06
0,68010,3.7447753E-06
0,68020,3.7443062E-06
0,68030,3.7438372E-06
0,68040,3.7433683E-06
0,68050,3.7428997E-06
0,68060,3.742431E-06
0,68070,3.7419627E-06
0,68080,3.7414943E-06
0,68090,3.741026E-06
0,68100,3.740558E-06
0,68110,3.7400898E-06
0,68120,3.739622E-06
0,68130,3.7391542E-06
0,68140,3.7386865E-06
0,68150,3.7382188E-06
0,68160,3.7377513E-06
0,68170,3.7372838E-06
0,68180,3.7368166E-06
0,68190,3.7363495E-06
0,68200,3.7358825E-06
0,68210,3.7354155E-06
0,68220,3.7349487E-06
0,68230,3.7344819E-06
0,68240,3.7340153E-06
0,68250,3.7335487E-06
0,68260,3.7330824E-06
0,68270,3.732616E-06
0,68280,3.73215E-06
0,68290,3.7316838E-06
0,68300,3.7312177E-06
0,68310,3.730752E-06
0,68320,3.7302862E-06
0,68330,3.7298205E-06
0,68340,3.729355E-06
0,68350,3.7288896E-06
0,68360,3.7284242E-06
0,68370,3.727959E-06
0,68380,3.7274938E-06
0,68390,3.7270288E-06
0,68400,3.7265638E-06
0,68410,3.726099E-06
0,68420,3.7256343E-06
0,68430,3.7251698E-06
0,68440,3.7247053E-06
0,68450,3.724241E-06
0,68460,3.7237767E-06
0,68470,3.7233124E-06
0,68480,3.7228483E-06
0,68490,3.7223845E-06
0,68500,3.7219206E-06
0,68510,3.7214568E-06
0,68520,3.7209932E-06
0,68530,3.7205295E-06
0,68540,3.7200662E-06
0,68550,3.7196028E-06
0,68560,3.7191396E-06
0,68570,3.7186765E-06
0,68580,3.7182133E-06
0,68590,3.7177504E-06
0,68600,3.7172877E-06
0,68610,3.716825E-06
0,68620,3.7163622E-06
0,68630,3.7158998E-06
0,68640,3.7154373E-06
0,68650,3.714975E-06
0,68660,3.7145128E-06
0,68670,3.7140508E-06
0,68680,3.7135887E-06
0,68690,3.7131267E-06
0,68700,3.712665E-06
0,68710,3.7122034E-06
0,68720,3.7117416E-06
0,68730,3.7112802E-06
0,68740,3.7108186E-06
0,68750,3.7103575E-06
0,68760,3.7098962E-06
0,68770,3.709435E-06
0,68780,3.7089742E-06
0,68790,3.7085133E-06
0,68800,3.7080524E-06
0,68810,3.7075918E-06
0,68820,3.707131E-06
0,68830,3.7066707E-06
0,68840,3.7062102E-06
0,68850,3.70575E-06
0,68860,3.7052898E-06
0,68870,3.7048296E-06
0,68880,3.7043696E-06
0,68890,3.7039097E-06
0,68900,3.70345E-06
0,68910,3.7029902E-06
0,68920,3.7025306E-06
0,68930,3.7020711E-06
0,68940,3.7016116E-06
0,68950,3.7011523E-06
0,68960,3.7006932E-06
0,68970,3.700234E-06
0,68980,3.699775E-06
0,68990,3.699316E-06
0,69000,3.6988572E-06
0,69010,3.6983986E-06
0,69020,3.69794E-06
0,69030,3.6974814E-06
0,69040,3.697023E-06
0,69050,3.6965646E-06
0,69060,3.6961064E-06
0,69070,3.6956483E-06
0,69080,3.6951901E-06
0,69090,3.6947322E-06
0,69100,3.6942745E-06
0,69110,3.6938166E-06
0,69120,3.693359E-06
0,69130,3.6929014E-06
0,69140,3.692444E-06
0,69150,3.6919866E-06
0,69160,3.6915294E-06
0,69170,3.6910722E-06
0,69180,3.6906151E-06
0,69190,3.690158E-06
0,69200,3.689701E-06
0,69210,3.6892443E-06
0,69220,3.6887877E-06
0,69230,3.6883312E-06
0,69240,3.6878746E-06
0,69250,3.687418E-06
0,69260,3.6869617E-06
0,69270,3.6865056E-06
0,69280,3.6860495E-06
0,69290,3.6855934E-06
0,69300,3.6851375E-06
0,69310,3.6846816E-06
0,69320,3.684226E-06
0,69330,3.68377E-06
0,69340,3.6833146E-06
0,69350,3.6828592E-06
0,69360,3.6824038E-06
0,69370,3.6819483E-06
0,69380,3.6814931E-06
0,69390,3.6810382E-06
0,69400,3.6805832E-06
0,69410,3.6801282E-06
0,69420,3.6796735E-06
0,69430,3.6792187E-06
0,69440,3.678764E-06
0,69450,3.6783094E-06
0,69460,3.677855E-06
0,69470,3.6774006E-06
0,69480,3.6769463E-06
0,69490,3.676492E-06
0,69500,3.676038E-06
0,69510,3.6755841E-06
0,69520,3.67513E-06
0,69530,3.6746762E-06
0,69540,3.6742226E-06
0,69550,3.673769E-06
0,69560,3.6733154E-06
0,69570,3.672862E-06
0,69580,3.6724086E-06
0,69590,3.6719553E-06
0,69600,3.671502E-06
0,69610,3.6710492E-06
0,69620,3.670596E-06
0,69630,3.670143E-06
0,69640,3.6696904E-06
0,69650,3.6692377E-06
0,69660,3.668785E-06
0,69670,3.6683325E-06
0,69680,3.66788E-06
0,69690,3.6674276E-06
0,69700,3.6669753E-06
0,69710,3.666523E-06
0,69720,3.666071E-06
0,69730,3.665619E-06
0,69740,3.665167E-06
0,69750,3.6647152E-06
0,69760,3.6642637E-06
0,69770,3.6638119E-06
0,69780,3.6633603E-06
0,69790,3.662909E-06
0,69800,3.6624574E-06
0,69810,3.662006E-06
0,69820,3.661555E-06
0,69830,3.6611038E-06
0,69840,3.6606527E-06
0,69850,3.6602019E-06
0,69860,3.659751E-06
0,69870,3.6593003E-06
0,69880,3.6588497E-06
0,69890,3.658399E-06
0,69900,3.6579484E-06
0,69910,3.6574982E-06
0,69920,3.6570477E-06
0,69930,3.6565975E-06
0,69940,3.6561473E-06
0,69950,3.6556974E-06
0,69960,3.6552474E-06
0,69970,3.6547974E-06
0,69980,3.6543477E-06
0,69990,3.653898E-06
0,70000,3.6534482E-06
0,70010,3.6529987E-06
0,70020,3.6525491E-06
0,70030,3.6520998E-06
0,70040,3.6516506E-06
0,70050,3.6512013E-06
0,70060,3.6507522E-06
0,70070,3.6503031E-06
0,70080,3.6498543E-06
0,70090,3.6494055E-06
0,70100,3.6489566E-06
0,70110,3.648508E-06
0,70120,3.6480594E-06
0,70130,3.6476108E-06
0,70140,3.6471624E-06
0,70150,3.646714E-06
0,70160,3.6462657E-06
0,70170,3.6458175E-06
0,70180,3.6453696E-06
0,70190,3.6449214E-06
0,70200,3.6444735E-06
0,70210,3.6440258E-06
0,70220,3.6435779E-06
0,70230,3.6431304E-06
0,70240,3.6426827E-06
0,70250,3.6422352E-06
0,70260,3.6417878E-06
0,70270,3.6413405E-06
0,70280,3.6408933E-06
0,70290,3.640446E-06
0,70300,3.639999E-06
0,70310,3.639552E-06
0,70320,3.6391052E-06
0,70330,3.6386582E-06
0,70340,3.6382116E-06
0,70350,3.6377648E-06
0,70360,3.6373183E-06
0,70370,3.6368717E-06
0,70380,3.6364254E-06
0,70390,3.635979E-06
0,70400,3.6355327E-06
0,70410,3.6350866E-06
0,70420,3.6346405E-06
0,70430,3.6341946E-06
0,70440,3.6337487E-06
0,70450,3.6333029E-06
0,70460,3.6328572E-06
0,70470,3.6324113E-06
0,70480,3.631966E-06
0,70490,3.6315203E-06
0,70500,3.6310748E-06
0,70510,3.6306296E-06
0,70520,3.6301844E-06
0,70530,3.6297392E-06
0,70540,3.629294E-06
0,70550,3.628849E-06
0,70560,3.628404E-06
0,70570,3.6279594E-06
0,70580,3.6275146E-06
0,70590,3.6270699E-06
0,70600,3.6266251E-06
0,70610,3.6261806E-06
0,70620,3.6257363E-06
0,70630,3.6252918E-06
0,70640,3.6248477E-06
0,70650,3.6244035E-06
0,70660,3.6239594E-06
0,70670,3.6235153E-06
0,70680,3.6230713E-06
0,70690,3.6226274E-06
0,70700,3.6221836E-06
0,70710,3.62174E-06
0,70720,3.6212964E-06
0,70730,3.6208528E-06
0,70740,3.6204092E-06
0,70750,3.6199658E-06
0,70760,3.6195227E-06
0,70770,3.6190793E-06
0,70780,3.6186361E-06
0,70790,3.6181932E-06
0,70800,3.61775E-06
0,70810,3.6173071E-06
0,70820,3.6168644E-06
0,70830,3.6164215E-06
0,70840,3.615979E-06
0,70850,3.6155363E-06
0,70860,3.6150939E-06
0,70870,3.6146514E-06
0,70880,3.614209E-06
0,70890,3.6137667E-06
0,70900,3.6133245E-06
0,70910,3.6128824E-06
0,70920,3.6124404E-06
0,70930,3.6119984E-06
0,70940,3.6115566E-06
0,70950,3.6111146E-06
0,70960,3.610673E-06
0,70970,3.6102313E-06
0,70980,3.6097897E-06
0,70990,3.6093481E-06
0,71000,3.6089068E-06
0,71010,3.6084655E-06
0,71020,3.6080241E-06
0,71030,3.607583E-06
0,71040,3.607142E-06
0,71050,3.6067008E-06
0,71060,3.60626E-06
0,71070,3.605819E-06
0,71080,3.6053782E-06
0,71090,3.6049375E-06
0,71100,3.604497E-06
0,71110,3.6040565E-06
0,71120,3.6036158E-06
0,71130,3.6031754E-06
0,71140,3.6027352E-06
0,71150,3.6022948E-06
0,71160,3.6018546E-06
0,71170,3.6014146E-06
0,71180,3.6009747E-06
0,71190,3.6005347E-06
0,71200,3.6000947E-06
0,71210,3.599655E-06
0,71220,3.5992152E-06
0,71230,3.5987755E-06
0,71240,3.598336E-06
0,71250,3.5978965E-06
0,71260,3.5974572E-06
0,71270,3.597018E-06
0,71280,3.5965786E-06
0,71290,3.5961393E-06
0,71300,3.5957003E-06
0,71310,3.5952612E-06
0,71320,3.5948221E-06
0,71330,3.5943833E-06
0,71340,3.5939445E-06
0,71350,3.5935059E-06
0,71360,3.593067E-06
0,71370,3.5926287E-06
0,71380,3.59219E-06
0,71390,3.5917517E-06
0,71400,3.5913133E-06
0,71410,3.590875E-06
0,71420,3.5904368E-06
0,71430,3.5899986E-06
0,71440,3.5895607E-06
0,71450,3.5891226E-06
0,71460,3.5886846E-06
0,71470,3.588247E-06
0,71480,3.587809E-06
0,71490,3.5873716E-06
0,71500,3.5869339E-06
0,71510,3.5864964E-06
0,71520,3.586059E-06
0,71530,3.5856215E-06
0,71540,3.5851842E-06
0,71550,3.584747E-06
0,71560,3.5843098E-06
0,71570,3.5838727E-06
0,71580,3.5834357E-06
0,71590,3.5829987E-06
0,71600,3.582562E-06
0,71610,3.5821251E-06
0,71620,3.5816884E-06
0,71630,3.5812518E-06
0,71640,3.5808152E-06
0,71650,3.5803787E-06
0,71660,3.5799421E-06
0,71670,3.5795058E-06
0,71680,3.5790697E-06
0,71690,3.5786334E-06
0,71700,3.5781973E-06
0,71710,3.5777612E-06
0,71720,3.5773253E-06
0,71730,3.5768894E-06
0,71740,3.5764535E-06
0,71750,3.5760177E-06
0,71760,3.575582E-06
0,71770,3.5751464E-06
0,71780,3.574711E-06
0,71790,3.5742753E-06
0,71800,3.5738399E-06
0,71810,3.5734047E-06
0,71820,3.5729695E-06
0,71830,3.5725343E-06
0,71840,3.572099E-06
0,71850,3.5716641E-06
0,71860,3.5712292E-06
0,71870,3.5707942E-06
0,71880,3.5703595E-06
0,71890,3.5699245E-06
0,71900,3.56949E-06
0,71910,3.5690553E-06
0,71920,3.5686207E-06
0,71930,3.5681862E-06
0,71940,3.567752E-06
0,71950,3.5673177E-06
0,71960,3.5668834E-06
0,71970,3.566449E-06
0,71980,3.566015E-06
0,71990,3.565581E-06
0,72000,3.5651472E-06
0,72010,3.564713E-06
0,72020,3.5642793E-06
0,72030,3.5638457E-06
0,72040,3.5634118E-06
0,72050,3.5629782E-06
0,72060,3.5625449E-06
0,72070,3.5621113E-06
0,72080,3.5616779E-06
0,72090,3.5612445E-06
0,72100,3.5608114E-06
0,72110,3.5603782E-06
0,72120,3.559945E-06
0,72130,3.559512E-06
0,72140,3.559079E-06
0,72150,3.558646E-06
0,72160,3.5582134E-06
0,72170,3.5577805E-06
0,72180,3.5573478E-06
0,72190,3.5569153E-06
0,72200,3.5564826E-06
0,72210,3.5560502E-06
0,72220,3.555618E-06
0,72230,3.5551855E-06
0,72240,3.5547532E-06
0,72250,3.554321E-06
0,72260,3.553889E-06
0,72270,3.5534567E-06
0,72280,3.553025E-06
0,72290,3.552593E-06
0,72300,3.5521612E-06
0,72310,3.5517294E-06
0,72320,3.5512976E-06
0,72330,3.550866E-06
0,72340,3.5504345E-06
0,72350,3.550003E-06
0,72360,3.5495714E-06
0,72370,3.54914E-06
0,72380,3.5487087E-06
0,72390,3.5482776E-06
0,72400,3.5478465E-06
0,72410,3.5474154E-06
0,72420,3.5469843E-06
0,72430,3.5465534E-06
0,72440,3.5461226E-06
0,72450,3.5456917E-06
0,72460,3.5452608E-06
0,72470,3.5448302E-06
0,72480,3.5443998E-06
0,72490,3.5439691E-06
0,72500,3.5435387E-06
0,72510,3.5431083E-06
0,72520,3.5426779E-06
0,72530,3.5422477E-06
0,72540,3.5418175E-06
0,72550,3.5413873E-06
0,72560,3.5409573E-06
0,72570,3.5405274E-06
0,72580,3.5400974E-06
0,72590,3.5396674E-06
0,72600,3.5392377E-06
0,72610,3.538808E-06
0,72620,3.5383785E-06
0,72630,3.5379487E-06
0,72640,3.5375192E-06
0,72650,3.53709E-06
0,72660,3.5366604E-06
0,72670,3.5362311E-06
0,72680,3.5358019E-06
0,72690,3.5353728E-06
0,72700,3.5349435E-06
0,72710,3.5345145E-06
0,72720,3.5340856E-06
0,72730,3.5336566E-06
0,72740,3.5332278E-06
0,72750,3.5327992E-06
0,72760,3.5323703E-06
0,72770,3.5319417E-06
0,72780,3.5315131E-06
0,72790,3.5310848E-06
0,72800,3.5306562E-06
0,72810,3.5302278E-06
0,72820,3.5297996E-06
0,72830,3.5293713E-06
0,72840,3.5289431E-06
0,72850,3.528515E-06
0,72860,3.528087E-06
0,72870,3.5276591E-06
0,72880,3.5272312E-06
0,72890,3.5268033E-06
0,72900,3.5263756E-06
0,72910,3.525948E-06
0,72920,3.5255202E-06
0,72930,3.5250926E-06
0,72940,3.524665E-06
0,72950,3.5242376E-06
0,72960,3.5238104E-06
0,72970,3.523383E-06
0,72980,3.5229557E-06
0,72990,3.5225287E-06
0,73000,3.5221015E-06
0,73010,3.5216744E-06
0,73020,3.5212474E-06
0,73030,3.5208207E-06
0,73040,3.5203936E-06
0,73050,3.5199669E-06
0,73060,3.5195403E-06
0,73070,3.5191135E-06
0,73080,3.518687E-06
0,73090,3.5182604E-06
0,73100,3.517834E-06
0,73110,3.5174078E-06
0,73120,3.5169815E-06
0,73130,3.5165551E-06
0,73140,3.516129E-06
0,73150,3.515703E-06
0,73160,3.5152768E-06
0,73170,3.5148507E-06
0,73180,3.5144249E-06
0,73190,3.513999E-06
0,73200,3.5135731E-06
0,73210,3.5131475E-06
0,73220,3.5127218E-06
0,73230,3.5122962E-06
0,73240,3.5118708E-06
0,73250,3.5114451E-06
0,73260,3.5110197E-06
0,73270,3.5105945E-06
0,73280,3.510169E-06
0,73290,3.509744E-06
0,73300,3.5093187E-06
0,73310,3.5088938E-06
0,73320,3.5084688E-06
0,73330,3.5080438E-06
0,73340,3.5076189E-06
0,73350,3.5071942E-06
0,73360,3.5067694E-06
0,73370,3.5063447E-06
0,73380,3.50592E-06
0,73390,3.5054954E-06
0,73400,3.505071E-06
0,73410,3.5046464E-06
0,73420,3.5042221E-06
0,73430,3.5037979E-06
0,73440,3.5033736E-06
0,73450,3.5029493E-06
0,73460,3.5025253E-06
0,73470,3.5021012E-06
0,73480,3.5016772E-06
0,73490,3.5012533E-06
0,73500,3.5008295E-06
0,73510,3.5004057E-06
0,73520,3.4999819E-06
0,73530,3.4995583E-06
0,73540,3.4991347E-06
0,73550,3.498711E-06
0,73560,3.4982877E-06
0,73570,3.4978643E-06
0,73580,3.497441E-06
0,73590,3.4970176E-06
0,73600,3.4965944E-06
0,73610,3.4961713E-06
0,73620,3.4957482E-06
0,73630,3.495325E-06
0,73640,3.494902E-06
0,73650,3.4944792E-06
0,73660,3.4940563E-06
0,73670,3.4936336E-06
0,73680,3.493211E-06
0,73690,3.4927882E-06
0,73700,3.4923655E-06
0,73710,3.491943E-06
0,73720,3.4915206E-06
0,73730,3.4910981E-06
0,73740,3.490676E-06
0,73750,3.4902537E-06
0,73760,3.4898314E-06
0,73770,3.4894092E-06
0,73780,3.4889872E-06
0,73790,3.488565E-06
0,73800,3.4881432E-06
0,73810,3.4877212E-06
0,73820,3.4872994E-06
0,73830,3.4868776E-06
0,73840,3.4864559E-06
0,73850,3.4860343E-06
0,73860,3.4856128E-06
0,73870,3.4851912E-06
0,73880,3.4847696E-06
0,73890,3.4843483E-06
0,73900,3.483927E-06
0,73910,3.4835057E-06
0,73920,3.4830844E-06
0,73930,3.4826633E-06
0,73940,3.4822422E-06
0,73950,3.481821E-06
0,73960,3.4814002E-06
0,73970,3.4809793E-06
0,73980,3.4805585E-06
0,73990,3.4801376E-06
0,74000,3.479717E-06
0,74010,3.4792963E-06
0,74020,3.4788757E-06
0,74030,3.478455E-06
0,74040,3.4780346E-06
0,74050,3.4776142E-06
0,74060,3.4771938E-06
0,74070,3.4767736E-06
0,74080,3.4763534E-06
0,74090,3.4759332E-06
0,74100,3.475513E-06
0,74110,3.475093E-06
0,74120,3.4746731E-06
0,74130,3.4742532E-06
0,74140,3.4738332E-06
0,74150,3.4734135E-06
0,74160,3.4729937E-06
0,74170,3.472574E-06
0,74180,3.4721545E-06
0,74190,3.471735E-06
0,74200,3.4713155E-06
0,74210,3.470896E-06
0,74220,3.4704767E-06
0,74230,3.4700574E-06
0,74240,3.4696382E-06
0,74250,3.4692189E-06
0,74260,3.4687998E-06
0,74270,3.4683808E-06
0,74280,3.4679617E-06
0,74290,3.4675427E-06
0,74300,3.4671239E-06
0,74310,3.466705E-06
0,74320,3.4662862E-06
0,74330,3.4658676E-06
0,74340,3.465449E-06
0,74350,3.4650304E-06
0,74360,3.4646118E-06
0,74370,3.4641935E-06
0,74380,3.463775E-06
0,74390,3.4633567E-06
0,74400,3.4629384E-06
0,74410,3.4625202E-06
0,74420,3.462102E-06
0,74430,3.461684E-06
0,74440,3.4612658E-06
0,74450,3.460848E-06
0,74460,3.46043E-06
0,74470,3.460012E-06
0,74480,3.4595944E-06
0,74490,3.4591767E-06
0,74500,3.458759E-06
0,74510,3.4583413E-06
0,74520,3.4579239E-06
0,74530,3.4575062E-06
0,74540,3.457089E-06
0,74550,3.4566715E-06
0,74560,3.456254E-06
0,74570,3.4558368E-06
0,74580,3.4554198E-06
0,74590,3.4550026E-06
0,74600,3.4545856E-06
0,74610,3.4541686E-06
0,74620,3.4537516E-06
0,74630,3.4533346E-06
0,74640,3.4529178E-06
0,74650,3.452501E-06
0,74660,3.4520842E-06
0,74670,3.4516677E-06
0,74680,3.4512511E-06
0,74690,3.4508346E-06
0,74700,3.450418E-06
0,74710,3.4500015E-06
0,74720,3.4495852E-06
0,74730,3.4491688E-06
0,74740,3.4487528E-06
0,74750,3.4483364E-06
0,74760,3.4479203E-06
0,74770,3.4475042E-06
0,74780,3.4470884E-06
0,74790,3.4466723E-06
0,74800,3.4462564E-06
0,74810,3.4458405E-06
0,74820,3.445425E-06
0,74830,3.4450093E-06
0,74840,3.4445934E-06
0,74850,3.444178E-06
0,74860,3.4437624E-06
0,74870,3.443347E-06
0,74880,3.4429315E-06
0,74890,3.4425161E-06
0,74900,3.442101E-06
0,74910,3.4416855E-06
0,74920,3.4412703E-06
0,74930,3.4408554E-06
0,74940,3.4404402E-06
0,74950,3.4400252E-06
0,74960,3.4396103E-06
0,74970,3.4391953E-06
0,74980,3.4387806E-06
0,74990,3.4383659E-06
0,75000,3.4379511E-06
0,75010,3.4375364E-06
0,75020,3.437122E-06
0,75030,3.4367074E-06
0,75040,3.436293E-06
0,75050,3.4358784E-06
0,75060,3.4354641E-06
0,75070,3.4350496E-06
0,75080,3.4346356E-06
0,75090,3.4342213E-06
0,75100,3.4338073E-06
0,75110,3.4333932E-06
0,75120,3.4329792E-06
0,75130,3.432565E-06
0,75140,3.4321513E-06
0,75150,3.4317375E-06
0,75160,3.4313236E-06
0,75170,3.4309098E-06
0,75180,3.4304962E-06
0,75190,3.4300826E-06
0,75200,3.429669E-06
0,75210,3.4292557E-06
0,75220,3.428842E-06
0,75230,3.4284287E-06
0,75240,3.4280154E-06
0,75250,3.4276022E-06
0,75260,3.427189E-06
0,75270,3.426776E-06
0,75280,3.4263628E-06
0,75290,3.4259497E-06
0,75300,3.4255368E-06
0,75310,3.4251239E-06
0,75320,3.424711E-06
0,75330,3.4242983E-06
0,75340,3.4238853E-06
0,75350,3.4234727E-06
0,75360,3.4230602E-06
0,75370,3.4226475E-06
0,75380,3.422235E-06
0,75390,3.4218226E-06
0,75400,3.4214102E-06
0,75410,3.420998E-06
0,75420,3.4205855E-06
0,75430,3.4201732E-06
0,75440,3.4197612E-06
0,75450,3.419349E-06
0,75460,3.418937E-06
0,75470,3.418525E-06
0,75480,3.418113E-06
0,75490,3.4177012E-06
0,75500,3.4172895E-06
0,75510,3.4168777E-06
0,75520,3.416466E-06
0,75530,3.4160541E-06
0,75540,3.4156426E-06
0,75550,3.415231E-06
0,75560,3.4148195E-06
0,75570,3.4144082E-06
0,75580,3.4139969E-06
0,75590,3.4135855E-06
0,75600,3.4131742E-06
0,75610,3.4127631E-06
0,75620,3.4123518E-06
0,75630,3.4119407E-06
0,75640,3.4115299E-06
0,75650,3.4111188E-06
0,75660,3.410708E-06
0,75670,3.410297E-06
0,75680,3.4098862E-06
0,75690,3.4094755E-06
0,75700,3.409065E-06
0,75710,3.4086543E-06
0,75720,3.4082436E-06
0,75730,3.407833E-06
0,75740,3.4074226E-06
0,75750,3.4070122E-06
0,75760,3.4066018E-06
0,75770,3.4061916E-06
0,75780,3.4057814E-06
0,75790,3.4053712E-06
0,75800,3.404961E-06
0,75810,3.4045509E-06
0,75820,3.404141E-06
0,75830,3.403731E-06
0,75840,3.403321E-06
0,75850,3.4029113E-06
0,75860,3.4025013E-06
0,75870,3.4020916E-06
0,75880,3.401682E-06
0,75890,3.4012724E-06
0,75900,3.4008629E-06
0,75910,3.4004534E-06
0,75920,3.4000439E-06
0,75930,3.3996344E-06
0,75940,3.399225E-06
0,75950,3.3988158E-06
0,75960,3.3984065E-06
0,75970,3.3979975E-06
0,75980,3.3975882E-06
0,75990,3.3971792E-06
0,76000,3.3967701E-06
0,76010,3.3963613E-06
0,76020,3.3959525E-06
0,76030,3.3955434E-06
0,76040,3.3951349E-06
0,76050,3.394726E-06
0,76060,3.3943174E-06
0,76070,3.3939086E-06
0,76080,3.3935003E-06
0,76090,3.3930917E-06
0,76100,3.3926833E-06
0,76110,3.3922747E-06
0,76120,3.3918666E-06
0,76130,3.3914582E-06
0,76140,3.3910499E-06
0,76150,3.3906417E-06
0,76160,3.3902336E-06
0,76170,3.3898257E-06
0,76180,3.3894175E-06
0,76190,3.3890096E-06
0,76200,3.3886017E-06
0,76210,3.3881938E-06
0,76220,3.3877861E-06
0,76230,3.3873785E-06
0,76240,3.3869708E-06
0,76250,3.386563E-06
0,76260,3.3861556E-06
0,76270,3.385748E-06
0,76280,3.3853405E-06
0,76290,3.3849333E-06
0,76300,3.3845258E-06
0,76310,3.3841186E-06
0,76320,3.3837114E-06
0,76330,3.3833041E-06
0,76340,3.382897E-06
0,76350,3.38249E-06
0,76360,3.382083E-06
0,76370,3.381676E-06
0,76380,3.3812692E-06
0,76390,3.3808622E-06
0,76400,3.3804554E-06
0,76410,3.3800486E-06
0,76420,3.379642E-06
0,76430,3.3792353E-06
0,76440,3.3788288E-06
0,76450,3.3784222E-06
0,76460,3.3780157E-06
0,76470,3.3776093E-06
0,76480,3.377203E-06
0,76490,3.3767967E-06
0,76500,3.3763904E-06
0,76510,3.3759843E-06
0,76520,3.375578E-06
0,76530,3.3751721E-06
0,76540,3.374766E-06
0,76550,3.37436E-06
0,76560,3.373954E-06
0,76570,3.3735482E-06
0,76580,3.3731424E-06
0,76590,3.3727367E-06
0,76600,3.3723309E-06
0,76610,3.3719252E-06
0,76620,3.3715196E-06
0,76630,3.3711142E-06
0,76640,3.3707086E-06
0,76650,3.3703031E-06
0,76660,3.3698977E-06
0,76670,3.3694926E-06
0,76680,3.3690872E-06
0,76690,3.368682E-06
0,76700,3.3682768E-06
0,76710,3.3678718E-06
0,76720,3.3674667E-06
0,76730,3.3670617E-06
0,76740,3.3666568E-06
0,76750,3.3662518E-06
0,76760,3.365847E-06
0,76770,3.3654424E-06
0,76780,3.3650376E-06
0,76790,3.364633E-06
0,76800,3.3642282E-06
0,76810,3.3638237E-06
0,76820,3.3634192E-06
0,76830,3.3630147E-06
0,76840,3.3626102E-06
0,76850,3.362206E-06
0,76860,3.3618016E-06
0,76870,3.3613974E-06
0,76880,3.360993E-06
0,76890,3.360589E-06
0,76900,3.360185E-06
0,76910,3.359781E-06
0,76920,3.359377E-06
0,76930,3.3589731E-06
0,76940,3.358569E-06
0,76950,3.3581653E-06
0,76960,3.3577617E-06
0,76970,3.3573579E-06
0,76980,3.3569543E-06
0,76990,3.3565507E-06
0,77000,3.356147E-06
0,77010,3.3557435E-06
0,77020,3.3553401E-06
0,77030,3.3549368E-06
0,77040,3.3545334E-06
0,77050,3.35413E-06
0,77060,3.353727E-06
0,77070,3.3533238E-06
0,77080,3.3529207E-06
0,77090,3.3525175E-06
0,77100,3.3521146E-06
0,77110,3.3517115E-06
0,77120,3.3513086E-06
0,77130,3.350906E-06
0,77140,3.350503E-06
0,77150,3.3501003E-06
0,77160,3.3496976E-06
0,77170,3.349295E-06
0,77180,3.3488923E-06
0,77190,3.3484898E-06
0,77200,3.3480874E-06
0,77210,3.347685E-06
0,77220,3.3472825E-06
0,77230,3.3468802E-06
0,77240,3.346478E-06
0,77250,3.3460758E-06
0,77260,3.3456736E-06
0,77270,3.3452714E-06
0,77280,3.3448694E-06
0,77290,3.3444674E-06
0,77300,3.3440654E-06
0,77310,3.3436636E-06
0,77320,3.3432618E-06
0,77330,3.3428598E-06
0,77340,3.3424583E-06
0,77350,3.3420565E-06
0,77360,3.341655E-06
0,77370,3.3412532E-06
0,77380,3.3408517E-06
0,77390,3.3404503E-06
0,77400,3.3400488E-06
0,77410,3.3396475E-06
0,77420,3.3392462E-06
0,77430,3.3388449E-06
0,77440,3.3384438E-06
0,77450,3.3380425E-06
0,77460,3.3376414E-06
0,77470,3.3372403E-06
0,77480,3.3368394E-06
0,77490,3.3364383E-06
0,77500,3.3360375E-06
0,77510,3.3356366E-06
0,77520,3.335236E-06
0,77530,3.3348351E-06
0,77540,3.3344345E-06
0,77550,3.3340339E-06
0,77560,3.3336332E-06
0,77570,3.3332328E-06
0,77580,3.3328322E-06
0,77590,3.3324318E-06
0,77600,3.3320314E-06
0,77610,3.3316312E-06
0,77620,3.3312308E-06
0,77630,3.3308306E-06
0,77640,3.3304304E-06
0,77650,3.3300305E-06
0,77660,3.3296303E-06
0,77670,3.3292304E-06
0,77680,3.3288304E-06
0,77690,3.3284305E-06
0,77700,3.3280305E-06
0,77710,3.3276308E-06
0,77720,3.327231E-06
0,77730,3.3268313E-06
0,77740,3.3264319E-06
0,77750,3.3260321E-06
0,77760,3.3256326E-06
0,77770,3.3252331E-06
0,77780,3.3248336E-06
0,77790,3.3244344E-06
0,77800,3.324035E-06
0,77810,3.3236358E-06
0,77820,3.3232366E-06
0,77830,3.3228373E-06
0,77840,3.3224383E-06
0,77850,3.3220392E-06
0,77860,3.3216402E-06
0,77870,3.3212411E-06
0,77880,3.3208423E-06
0,77890,3.3204435E-06
0,77900,3.3200447E-06
0,77910,3.3196459E-06
0,77920,3.319247E-06
0,77930,3.3188485E-06
0,77940,3.31845E-06
0,77950,3.3180513E-06
0,77960,3.317653E-06
0,77970,3.3172544E-06
0,77980,3.316856E-06
0,77990,3.3164577E-06
0,78000,3.3160593E-06
0,78010,3.3156612E-06
0,78020,3.315263E-06
0,78030,3.314865E-06
0,78040,3.3144668E-06
0,78050,3.3140686E-06
0,78060,3.3136707E-06
0,78070,3.3132728E-06
0,78080,3.312875E-06
0,78090,3.312477E-06
0,78100,3.3120793E-06
0,78110,3.3116817E-06
0,78120,3.311284E-06
0,78130,3.3108863E-06
0,78140,3.3104886E-06
0,78150,3.3100912E-06
0,78160,3.3096937E-06
0,78170,3.3092963E-06
0,78180,3.308899E-06
0,78190,3.3085016E-06
0,78200,3.3081044E-06
0,78210,3.3077072E-06
0,78220,3.30731E-06
0,78230,3.306913E-06
0,78240,3.306516E-06
0,78250,3.306119E-06
0,78260,3.305722E-06
0,78270,3.305325E-06
0,78280,3.3049282E-06
0,78290,3.3045314E-06
0,78300,3.3041347E-06
0,78310,3.303738E-06
0,78320,3.3033414E-06
0,78330,3.3029446E-06
0,78340,3.302548E-06
0,78350,3.3021518E-06
0,78360,3.3017552E-06
0,78370,3.301359E-06
0,78380,3.3009626E-06
0,78390,3.3005663E-06
0,78400,3.30017E-06
0,78410,3.2997739E-06
0,78420,3.2993776E-06
0,78430,3.2989815E-06
0,78440,3.2985856E-06
0,78450,3.2981895E-06
0,78460,3.2977937E-06
0,78470,3.2973978E-06
0,78480,3.297002E-06
0,78490,3.296606E-06
0,78500,3.2962105E-06
0,78510,3.2958148E-06
0,78520,3.2954192E-06
0,78530,3.2950236E-06
0,78540,3.294628E-06
0,78550,3.2942326E-06
0,78560,3.2938372E-06
0,78570,3.2934418E-06
0,78580,3.2930466E-06
0,78590,3.2926512E-06
0,78600,3.292256E-06
0,78610,3.2918608E-06
0,78620,3.2914656E-06
0,78630,3.2910707E-06
0,78640,3.2906755E-06
0,78650,3.2902806E-06
0,78660,3.2898856E-06
0,78670,3.289491E-06
0,78680,3.289096E-06
0,78690,3.2887012E-06
0,78700,3.2883065E-06
0,78710,3.287912E-06
0,78720,3.2875173E-06
0,78730,3.2871228E-06
0,78740,3.2867283E-06
0,78750,3.2863338E-06
0,78760,3.2859393E-06
0,78770,3.285545E-06
0,78780,3.2851508E-06
0,78790,3.2847565E-06
0,78800,3.2843623E-06
0,78810,3.283968E-06
0,78820,3.283574E-06
0,78830,3.28318E-06
0,78840,3.2827859E-06
0,78850,3.282392E-06
0,78860,3.281998E-06
0,78870,3.2816042E-06
0,78880,3.2812104E-06
0,78890,3.2808166E-06
0,78900,3.280423E-06
0,78910,3.2800292E-06
0,78920,3.2796356E-06
0,78930,3.2792423E-06
0,78940,3.2788487E-06
0,78950,3.278455E-06
0,78960,3.2780617E-06
0,78970,3.2776684E-06
0,78980,3.2772753E-06
0,78990,3.276882E-06
0,79000,3.2764888E-06
0,79010,3.2760956E-06
0,79020,3.2757025E-06
0,79030,3.2753094E-06
0,79040,3.2749165E-06
0,79050,3.2745234E-06
0,79060,3.2741304E-06
0,79070,3.2737378E-06
0,79080,3.2733449E-06
0,79090,3.2729522E-06
0,79100,3.2725595E-06
0,79110,3.2721669E-06
0,79120,3.2717742E-06
0,79130,3.2713817E-06
0,79140,3.270989E-06
0,79150,3.2705966E-06
0,79160,3.2702044E-06
0,79170,3.269812E-06
0,79180,3.2694197E-06
0,79190,3.2690275E-06
0,79200,3.2686353E-06
0,79210,3.268243E-06
0,79220,3.267851E-06
0,79230,3.2674589E-06
0,79240,3.2670669E-06
0,79250,3.2666749E-06
0,79260,3.266283E-06
0,79270,3.265891E-06
0,79280,3.2654993E-06
0,79290,3.2651076E-06
0,79300,3.264716E-06
0,79310,3.2643243E-06
0,79320,3.2639327E-06
0,79330,3.2635412E-06
0,79340,3.2631497E-06
0,79350,3.2627581E-06
0,79360,3.2623668E-06
0,79370,3.2619755E-06
0,79380,3.2615842E-06
0,79390,3.261193E-06
0,79400,3.2608016E-06
0,79410,3.2604105E-06
0,79420,3.2600194E-06
0,79430,3.2596283E-06
0,79440,3.2592372E-06
0,79450,3.2588464E-06
0,79460,3.2584555E-06
0,79470,3.2580647E-06
0,79480,3.2576738E-06
0,79490,3.257283E-06
0,79500,3.2568923E-06
0,79510,3.2565017E-06
0,79520,3.256111E-06
0,79530,3.2557205E-06
0,79540,3.25533E-06
0,79550,3.2549394E-06
0,79560,3.254549E-06
0,79570,3.2541589E-06
0,79580,3.2537685E-06
0,79590,3.2533783E-06
0,79600,3.2529879E-06
0,79610,3.2525977E-06
0,79620,3.2522078E-06
0,79630,3.2518176E-06
0,79640,3.2514276E-06
0,79650,3.2510377E-06
0,79660,3.2506478E-06
0,79670,3.2502578E-06
0,79680,3.249868E-06
0,79690,3.2494781E-06
0,79700,3.2490884E-06
0,79710,3.248699E-06
0,79720,3.2483092E-06
0,79730,3.2479197E-06
0,79740,3.2475302E-06
0,79750,3.2471407E-06
0,79760,3.2467512E-06
0,79770,3.2463618E-06
0,79780,3.2459725E-06
0,79790,3.2455832E-06
0,79800,3.245194E-06
0,79810,3.244805E-06
0,79820,3.2444157E-06
0,79830,3.2440266E-06
0,79840,3.2436376E-06
0,79850,3.2432486E-06
0,79860,3.2428597E-06
0,79870,3.2424707E-06
0,79880,3.242082E-06
0,79890,3.241693E-06
0,79900,3.2413043E-06
0,79910,3.2409157E-06
0,79920,3.2405271E-06
0,79930,3.2401385E-06
0,79940,3.23975E-06
0,79950,3.2393614E-06
0,79960,3.238973E-06
0,79970,3.2385847E-06
0,79980,3.2381963E-06
0,79990,3.237808E-06
0,80000,3.2374196E-06
0,80010,3.2370315E-06
0,80020,3.2366434E-06
0,80030,3.2362552E-06
0,80040,3.235867E-06
0,80050,3.2354792E-06
0,80060,3.235091E-06
0,80070,3.2347032E-06
0,80080,3.2343155E-06
0,80090,3.2339276E-06
0,80100,3.23354E-06
0,80110,3.233152E-06
0,80120,3.2327644E-06
0,80130,3.232377E-06
0,80140,3.2319892E-06
0,80150,3.2316018E-06
0,80160,3.2312144E-06
0,80170,3.230827E-06
0,80180,3.2304395E-06
0,80190,3.2300522E-06
0,80200,3.2296648E-06
0,80210,3.2292776E-06
0,80220,3.2288904E-06
0,80230,3.2285034E-06
0,80240,3.2281162E-06
0,80250,3.2277292E-06
0,80260,3.2273422E-06
0,80270,3.2269552E-06
0,80280,3.2265684E-06
0,80290,3.2261817E-06
0,80300,3.2257947E-06
0,80310,3.225408E-06
0,80320,3.2250214E-06
0,80330,3.2246346E-06
0,80340,3.224248E-06
0,80350,3.2238615E-06
0,80360,3.223475E-06
0,80370,3.2230885E-06
0,80380,3.2227022E-06
0,80390,3.2223159E-06
0,80400,3.2219295E-06
0,80410,3.2215432E-06
0,80420,3.221157E-06
0,80430,3.2207709E-06
0,80440,3.2203848E-06
0,80450,3.2199987E-06
0,80460,3.2196126E-06
0,80470,3.2192268E-06
0,80480,3.2188407E-06
0,80490,3.2184548E-06
0,80500,3.2180692E-06
0,80510,3.2176833E-06
0,80520,3.2172975E-06
0,80530,3.2169119E-06
0,80540,3.2165262E-06
0,80550,3.2161406E-06
0,80560,3.2157552E-06
0,80570,3.2153696E-06
0,80580,3.2149842E-06
0,80590,3.2145988E-06
0,80600,3.2142134E-06
0,80610,3.2138282E-06
0,80620,3.213443E-06
0,80630,3.2130577E-06
0,80640,3.2126727E-06
0,80650,3.2122875E-06
0,80660,3.2119024E-06
0,80670,3.2115174E-06
0,80680,3.2111325E-06
0,80690,3.2107475E-06
0,80700,3.2103628E-06
0,80710,3.2099779E-06
0,80720,3.2095932E-06
0,80730,3.2092084E-06
0,80740,3.2088237E-06
0,80750,3.208439E-06
0,80760,3.2080545E-06
0,80770,3.20767E-06
0,80780,3.2072855E-06
0,80790,3.206901E-06
0,80800,3.2065168E-06
0,80810,3.2061323E-06
0,80820,3.205748E-06
0,80830,3.2053638E-06
0,80840,3.2049797E-06
0,80850,3.2045955E-06
0,80860,3.2042115E-06
0,80870,3.2038274E-06
0,80880,3.2034434E-06
0,80890,3.2030594E-06
0,80900,3.2026755E-06
0,80910,3.2022917E-06
0,80920,3.201908E-06
0,80930,3.2015241E-06
0,80940,3.2011403E-06
0,80950,3.2007567E-06
0,80960,3.2003732E-06
0,80970,3.1999896E-06
0,80980,3.199606E-06
0,80990,3.1992226E-06
0,81000,3.198839E-06
0,81010,3.1984557E-06
0,81020,3.1980724E-06
0,81030,3.1976892E-06
0,81040,3.197306E-06
0,81050,3.1969228E-06
0,81060,3.1965396E-06
0,81070,3.1961565E-06
0,81080,3.1957734E-06
0,81090,3.1953905E-06
0,81100,3.1950076E-06
0,81110,3.1946247E-06
0,81120,3.1942418E-06
0,81130,3.193859E-06
0,81140,3.1934762E-06
0,81150,3.1930936E-06
0,81160,3.192711E-06
0,81170,3.1923282E-06
0,81180,3.1919456E-06
0,81190,3.191563E-06
0,81200,3.1911807E-06
0,81210,3.1907982E-06
0,81220,3.1904158E-06
0,81230,3.1900336E-06
0,81240,3.1896511E-06
0,81250,3.189269E-06
0,81260,3.188887E-06
0,81270,3.1885047E-06
0,81280,3.1881225E-06
0,81290,3.1877405E-06
0,81300,3.1873585E-06
0,81310,3.1869765E-06
0,81320,3.1865948E-06
0,81330,3.1862128E-06
0,81340,3.185831E-06
0,81350,3.1854493E-06
0,81360,3.1850675E-06
0,81370,3.184686E-06
0,81380,3.1843042E-06
0,81390,3.1839227E-06
0,81400,3.1835411E-06
0,81410,3.1831596E-06
0,81420,3.1827783E-06
0,81430,3.1823968E-06
0,81440,3.1820155E-06
0,81450,3.1816342E-06
0,81460,3.181253E-06
0,81470,3.1808718E-06
0,81480,3.1804907E-06
0,81490,3.1801096E-06
0,81500,3.1797285E-06
0,81510,3.1793475E-06
0,81520,3.1789666E-06
0,81530,3.1785855E-06
0,81540,3.1782047E-06
0,81550,3.177824E-06
0,81560,3.1774432E-06
0,81570,3.1770624E-06
0,81580,3.1766817E-06
0,81590,3.176301E-06
0,81600,3.1759205E-06
0,81610,3.17554E-06
0,81620,3.1751595E-06
0,81630,3.174779E-06
0,81640,3.1743987E-06
0,81650,3.1740183E-06
0,81660,3.173638E-06
0,81670,3.173258E-06
0,81680,3.1728775E-06
0,81690,3.1724974E-06
0,81700,3.1721174E-06
0,81710,3.1717373E-06
0,81720,3.1713573E-06
0,81730,3.1709774E-06
0,81740,3.1705974E-06
0,81750,3.1702175E-06
0,81760,3.1698378E-06
0,81770,3.1694578E-06
0,81780,3.1690781E-06
0,81790,3.1686984E-06
0,81800,3.168319E-06
0,81810,3.1679392E-06
0,81820,3.1675597E-06
0,81830,3.1671802E-06
0,81840,3.1668008E-06
0,81850,3.1664213E-06
0,81860,3.166042E-06
0,81870,3.1656627E-06
0,81880,3.1652835E-06
0,81890,3.1649042E-06
0,81900,3.164525E-06
0,81910,3.164146E-06
0,81920,3.163767E-06
0,81930,3.1633879E-06
0,81940,3.1630088E-06
0,81950,3.1626298E-06
0,81960,3.162251E-06
0,81970,3.1618722E-06
0,81980,3.1614934E-06
0,81990,3.1611146E-06
0,82000,3.1607358E-06
0,82010,3.1603572E-06
0,82020,3.1599786E-06
0,82030,3.1596E-06
0,82040,3.1592215E-06
0,82050,3.1588431E-06
0,82060,3.1584646E-06
0,82070,3.1580862E-06
0,82080,3.1577079E-06
0,82090,3.1573297E-06
0,82100,3.1569514E-06
0,82110,3.1565733E-06
0,82120,3.1561951E-06
0,82130,3.155817E-06
0,82140,3.155439E-06
0,82150,3.155061E-06
0,82160,3.1546829E-06
0,82170,3.154305E-06
0,82180,3.153927E-06
0,82190,3.1535494E-06
0,82200,3.1531715E-06
0,82210,3.1527939E-06
0,82220,3.1524162E-06
0,82230,3.1520385E-06
0,82240,3.151661E-06
0,82250,3.1512834E-06
0,82260,3.150906E-06
0,82270,3.1505285E-06
0,82280,3.150151E-06
0,82290,3.1497736E-06
0,82300,3.1493964E-06
0,82310,3.1490192E-06
0,82320,3.148642E-06
0,82330,3.1482648E-06
0,82340,3.1478876E-06
0,82350,3.1475106E-06
0,82360,3.1471336E-06
0,82370,3.1467566E-06
0,82380,3.1463796E-06
0,82390,3.1460027E-06
0,82400,3.145626E-06
0,82410,3.1452491E-06
0,82420,3.1448724E-06
0,82430,3.1444956E-06
0,82440,3.144119E-06
0,82450,3.1437423E-06
0,82460,3.1433658E-06
0,82470,3.1429893E-06
0,82480,3.1426127E-06
0,82490,3.1422364E-06
0,82500,3.1418601E-06
0,82510,3.1414836E-06
0,82520,3.1411075E-06
0,82530,3.1407312E-06
0,82540,3.140355E-06
0,82550,3.1399788E-06
0,82560,3.1396028E-06
0,82570,3.1392267E-06
0,82580,3.1388506E-06
0,82590,3.1384748E-06
0,82600,3.1380987E-06
0,82610,3.1377228E-06
0,82620,3.137347E-06
0,82630,3.1369714E-06
0,82640,3.1365955E-06
0,82650,3.13622E-06
0,82660,3.1358443E-06
0,82670,3.1354687E-06
0,82680,3.135093E-06
0,82690,3.1347176E-06
0,82700,3.1343423E-06
0,82710,3.1339669E-06
0,82720,3.1335915E-06
0,82730,3.133216E-06
0,82740,3.132841E-06
0,82750,3.1324655E-06
0,82760,3.1320903E-06
0,82770,3.1317152E-06
0,82780,3.1313402E-06
0,82790,3.130965E-06
0,82800,3.1305901E-06
0,82810,3.1302152E-06
0,82820,3.1298403E-06
0,82830,3.1294655E-06
0,82840,3.1290906E-06
0,82850,3.128716E-06
0,82860,3.1283412E-06
0,82870,3.1279665E-06
0,82880,3.1275918E-06
0,82890,3.1272173E-06
0,82900,3.1268428E-06
0,82910,3.1264683E-06
0,82920,3.1260938E-06
0,82930,3.1257193E-06
0,82940,3.125345E-06
0,82950,3.1249708E-06
0,82960,3.1245966E-06
0,82970,3.1242223E-06
0,82980,3.123848E-06
0,82990,3.123474E-06
0,83000,3.1231E-06
0,83010,3.122726E-06
0,83020,3.122352E-06
0,83030,3.121978E-06
0,83040,3.121604E-06
0,83050,3.1212303E-06
0,83060,3.1208565E-06
0,83070,3.1204827E-06
0,83080,3.1201089E-06
0,83090,3.1197353E-06
0,83100,3.1193617E-06
0,83110,3.1189882E-06
0,83120,3.1186146E-06
0,83130,3.118241E-06
0,83140,3.1178677E-06
0,83150,3.1174943E-06
0,83160,3.117121E-06
0,83170,3.1167476E-06
0,83180,3.1163743E-06
0,83190,3.1160012E-06
0,83200,3.115628E-06
0,83210,3.115255E-06
0,83220,3.1148818E-06
0,83230,3.114509E-06
0,83240,3.1141358E-06
0,83250,3.113763E-06
0,83260,3.11339E-06
0,83270,3.113017E-06
0,83280,3.1126444E-06
0,83290,3.1122715E-06
0,83300,3.1118989E-06
0,83310,3.1115262E-06
0,83320,3.1111535E-06
0,83330,3.110781E-06
0,83340,3.1104084E-06
0,83350,3.110036E-06
0,83360,3.1096636E-06
0,83370,3.1092914E-06
0,83380,3.108919E-06
0,83390,3.1085467E-06
0,83400,3.1081743E-06
0,83410,3.107802E-06
0,83420,3.10743E-06
0,83430,3.1070579E-06
0,83440,3.1066859E-06
0,83450,3.106314E-06
0,83460,3.105942E-06
0,83470,3.10557E-06
0,83480,3.105198E-06
0,83490,3.1048262E-06
0,83500,3.1044544E-06
0,83510,3.1040827E-06
0,83520,3.103711E-06
0,83530,3.1033392E-06
0,83540,3.1029676E-06
0,83550,3.102596E-06
0,83560,3.1022246E-06
0,83570,3.101853E-06
0,83580,3.1014818E-06
0,83590,3.1011102E-06
0,83600,3.100739E-06
0,83610,3.1003676E-06
0,83620,3.0999963E-06
0,83630,3.0996252E-06
0,83640,3.099254E-06
0,83650,3.0988829E-06
0,83660,3.0985118E-06
0,83670,3.0981407E-06
0,83680,3.0977699E-06
0,83690,3.097399E-06
0,83700,3.097028E-06
0,83710,3.096657E-06
0,83720,3.0962865E-06
0,83730,3.0959156E-06
0,83740,3.095545E-06
0,83750,3.0951742E-06
0,83760,3.0948036E-06
0,83770,3.0944332E-06
0,83780,3.0940625E-06
0,83790,3.0936922E-06
0,83800,3.0933218E-06
0,83810,3.0929514E-06
0,83820,3.092581E-06
0,83830,3.0922106E-06
0,83840,3.0918404E-06
0,83850,3.0914703E-06
0,83860,3.0911E-06
0,83870,3.09073E-06
0,83880,3.0903598E-06
0,83890,3.0899898E-06
0,83900,3.08962E-06
0,83910,3.08925E-06
0,83920,3.08888E-06
0,83930,3.08851E-06
0,83940,3.0881404E-06
0,83950,3.0877707E-06
0,83960,3.087401E-06
0,83970,3.0870312E-06
0,83980,3.0866615E-06
0,83990,3.086292E-06
0,84000,3.0859226E-06
0,84010,3.0855529E-06
0,84020,3.0851836E-06
0,84030,3.0848141E-06
0,84040,3.0844449E-06
0,84050,3.0840754E-06
0,84060,3.0837061E-06
0,84070,3.083337E-06
0,84080,3.0829679E-06
0,84090,3.0825986E-06
0,84100,3.0822296E-06
0,84110,3.0818605E-06
0,84120,3.0814915E-06
0,84130,3.0811227E-06
0,84140,3.0807537E-06
0,84150,3.0803849E-06
0,84160,3.080016E-06
0,84170,3.0796473E-06
0,84180,3.0792785E-06
0,84190,3.07891E-06
0,84200,3.0785413E-06
0,84210,3.0781728E-06
0,84220,3.0778042E-06
0,84230,3.0774356E-06
0,84240,3.0770673E-06
0,84250,3.0766987E-06
0,84260,3.0763304E-06
0,84270,3.075962E-06
0,84280,3.075594E-06
0,84290,3.0752255E-06
0,84300,3.0748574E-06
0,84310,3.0744893E-06
0,84320,3.0741212E-06
0,84330,3.073753E-06
0,84340,3.0733852E-06
0,84350,3.073017E-06
0,84360,3.0726492E-06
0,84370,3.0722813E-06
0,84380,3.0719136E-06
0,84390,3.0715457E-06
0,84400,3.071178E-06
0,84410,3.0708104E-06
0,84420,3.0704427E-06
0,84430,3.070075E-06
0,84440,3.0697076E-06
0,84450,3.06934E-06
0,84460,3.0689725E-06
0,84470,3.068605E-06
0,84480,3.0682377E-06
0,84490,3.0678705E-06
0,84500,3.0675033E-06
0,84510,3.0671358E-06
0,84520,3.0667686E-06
0,84530,3.0664016E-06
0,84540,3.0660344E-06
0,84550,3.0656674E-06
0,84560,3.0653005E-06
0,84570,3.0649335E-06
0,84580,3.0645665E-06
0,84590,3.0641995E-06
0,84600,3.0638328E-06
0,84610,3.063466E-06
0,84620,3.0630993E-06
0,84630,3.0627325E-06
0,84640,3.0623657E-06
0,84650,3.0619992E-06
0,84660,3.0616327E-06
0,84670,3.0612662E-06
0,84680,3.0608996E-06
0,84690,3.0605331E-06
0,84700,3.0601668E-06
0,84710,3.0598005E-06
0,84720,3.0594342E-06
0,84730,3.059068E-06
0,84740,3.0587016E-06
0,84750,3.0583356E-06
0,84760,3.0579693E-06
0,84770,3.0576032E-06
0,84780,3.057237E-06
0,84790,3.0568713E-06
0,84800,3.0565052E-06
0,84810,3.0561393E-06
0,84820,3.0557735E-06
0,84830,3.0554077E-06
0,84840,3.0550418E-06
0,84850,3.0546762E-06
0,84860,3.0543106E-06
0,84870,3.0539447E-06
0,84880,3.0535793E-06
0,84890,3.0532137E-06
0,84900,3.0528481E-06
0,84910,3.0524827E-06
0,84920,3.0521173E-06
0,84930,3.051752E-06
0,84940,3.0513866E-06
0,84950,3.0510214E-06
0,84960,3.050656E-06
0,84970,3.0502908E-06
0,84980,3.0499257E-06
0,84990,3.0495605E-06
0,85000,3.0491956E-06
0,85010,3.0488306E-06
0,85020,3.0484655E-06
0,85030,3.0481006E-06
0,85040,3.0477358E-06
0,85050,3.047371E-06
0,85060,3.0470062E-06
0,85070,3.0466413E-06
0,85080,3.0462766E-06
0,85090,3.045912E-06
0,85100,3.0455474E-06
0,85110,3.045183E-06
0,85120,3.0448182E-06
0,85130,3.0444537E-06
0,85140,3.0440892E-06
0,85150,3.043725E-06
0,85160,3.0433605E-06
0,85170,3.0429962E-06
0,85180,3.042632E-06
0,85190,3.0422677E-06
0,85200,3.0419037E-06
0,85210,3.0415395E-06
0,85220,3.0411754E-06
0,85230,3.0408114E-06
0,85240,3.0404474E-06
0,85250,3.0400834E-06
0,85260,3.0397196E-06
0,85270,3.0393555E-06
0,85280,3.0389917E-06
0,85290,3.038628E-06
0,85300,3.0382641E-06
0,85310,3.0379006E-06
0,85320,3.037537E-06
0,85330,3.0371732E-06
0,85340,3.0368096E-06
0,85350,3.0364463E-06
0,85360,3.0360827E-06
0,85370,3.0357194E-06
0,85380,3.035356E-06
0,85390,3.0349927E-06
0,85400,3.0346293E-06
0,85410,3.034266E-06
0,85420,3.0339029E-06
0,85430,3.0335398E-06
0,85440,3.0331767E-06
0,85450,3.0328135E-06
0,85460,3.0324504E-06
0,85470,3.0320875E-06
0,85480,3.0317244E-06
0,85490,3.0313615E-06
0,85500,3.0309989E-06
0,85510,3.030636E-06
0,85520,3.030273E-06
0,85530,3.0299104E-06
0,85540,3.0295478E-06
0,85550,3.029185E-06
0,85560,3.0288224E-06
0,85570,3.02846E-06
0,85580,3.0280976E-06
0,85590,3.0277351E-06
0,85600,3.0273727E-06
0,85610,3.0270103E-06
0,85620,3.0266478E-06
0,85630,3.0262856E-06
0,85640,3.0259234E-06
0,85650,3.0255612E-06
0,85660,3.025199E-06
0,85670,3.024837E-06
0,85680,3.0244748E-06
0,85690,3.0241129E-06
0,85700,3.0237509E-06
0,85710,3.023389E-06
0,85720,3.0230271E-06
0,85730,3.0226652E-06
0,85740,3.0223034E-06
0,85750,3.0219417E-06
0,85760,3.02158E-06
0,85770,3.0212182E-06
0,85780,3.0208566E-06
0,85790,3.0204951E-06
0,85800,3.0201336E-06
0,85810,3.019772E-06
0,85820,3.0194105E-06
0,85830,3.0190492E-06
0,85840,3.0186877E-06
0,85850,3.0183264E-06
0,85860,3.0179651E-06
0,85870,3.017604E-06
0,85880,3.0172428E-06
0,85890,3.0168817E-06
0,85900,3.0165206E-06
0,85910,3.0161596E-06
0,85920,3.0157985E-06
0,85930,3.0154374E-06
0,85940,3.0150766E-06
0,85950,3.0147157E-06
0,85960,3.014355E-06
0,85970,3.013994E-06
0,85980,3.0136332E-06
0,85990,3.0132726E-06
0,86000,3.012912E-06
0,86010,3.0125514E-06
0,86020,3.0121907E-06
0,86030,3.0118301E-06
0,86040,3.0114697E-06
0,86050,3.0111094E-06
0,86060,3.0107487E-06
0,86070,3.0103886E-06
0,86080,3.0100282E-06
0,86090,3.0096678E-06
0,86100,3.0093076E-06
0,86110,3.0089475E-06
0,86120,3.0085873E-06
0,86130,3.0082272E-06
0,86140,3.0078672E-06
0,86150,3.007507E-06
0,86160,3.0071471E-06
0,86170,3.0067872E-06
0,86180,3.0064275E-06
0,86190,3.0060676E-06
0,86200,3.0057079E-06
0,86210,3.005348E-06
0,86220,3.0049882E-06
0,86230,3.0046288E-06
0,86240,3.004269E-06
0,86250,3.0039096E-06
0,86260,3.0035499E-06
0,86270,3.0031904E-06
0,86280,3.002831E-06
0,86290,3.0024717E-06
0,86300,3.0021122E-06
0,86310,3.001753E-06
0,86320,3.0013937E-06
0,86330,3.0010344E-06
0,86340,3.0006752E-06
0,86350,3.0003162E-06
0,86360,2.999957E-06
0,86370,2.9995979E-06
0,86380,2.9992389E-06
0,86390,2.99888E-06
0,86400,2.998521E-06
0,86410,2.9981622E-06
0,86420,2.9978032E-06
0,86430,2.9974444E-06
0,86440,2.9970859E-06
0,86450,2.996727E-06
0,86460,2.9963685E-06
0,86470,2.9960097E-06
0,86480,2.9956511E-06
0,86490,2.9952928E-06
0,86500,2.9949342E-06
0,86510,2.9945757E-06
0,86520,2.9942173E-06
0,86530,2.993859E-06
0,86540,2.9935006E-06
0,86550,2.9931423E-06
0,86560,2.9927842E-06
0,86570,2.992426E-06
0,86580,2.9920677E-06
0,86590,2.9917098E-06
0,86600,2.9913517E-06
0,86610,2.9909936E-06
0,86620,2.9906357E-06
0,86630,2.9902778E-06
0,86640,2.98992E-06
0,86650,2.989562E-06
0,86660,2.9892042E-06
0,86670,2.9888465E-06
0,86680,2.9884889E-06
0,86690,2.9881312E-06
0,86700,2.9877735E-06
0,86710,2.9874159E-06
0,86720,2.9870585E-06
0,86730,2.9867008E-06
0,86740,2.9863434E-06
0,86750,2.985986E-06
0,86760,2.9856287E-06
0,86770,2.9852713E-06
0,86780,2.984914E-06
0,86790,2.9845569E-06
0,86800,2.9841997E-06
0,86810,2.9838425E-06
0,86820,2.9834853E-06
0,86830,2.9831283E-06
0,86840,2.9827713E-06
0,86850,2.9824143E-06
0,86860,2.9820574E-06
0,86870,2.9817004E-06
0,86880,2.9813436E-06
0,86890,2.980987E-06
0,86900,2.9806301E-06
0,86910,2.9802734E-06
0,86920,2.9799166E-06
0,86930,2.97956E-06
0,86940,2.9792034E-06
0,86950,2.9788469E-06
0,86960,2.9784903E-06
0,86970,2.9781338E-06
0,86980,2.9777775E-06
0,86990,2.9774212E-06
0,87000,2.9770647E-06
0,87010,2.9767084E-06
0,87020,2.9763523E-06
0,87030,2.975996E-06
0,87040,2.97564E-06
0,87050,2.9752837E-06
0,87060,2.9749276E-06
0,87070,2.9745718E-06
0,87080,2.9742157E-06
0,87090,2.9738596E-06
0,87100,2.9735038E-06
0,87110,2.973148E-06
0,87120,2.9727921E-06
0,87130,2.9724363E-06
0,87140,2.9720807E-06
0,87150,2.971725E-06
0,87160,2.9713692E-06
0,87170,2.9710136E-06
0,87180,2.9706582E-06
0,87190,2.9703026E-06
0,87200,2.9699472E-06
0,87210,2.9695918E-06
0,87220,2.9692364E-06
0,87230,2.968881E-06
0,87240,2.9685257E-06
0,87250,2.9681705E-06
0,87260,2.9678151E-06
0,87270,2.96746E-06
0,87280,2.9671048E-06
0,87290,2.96675E-06
0,87300,2.9663947E-06
0,87310,2.9660398E-06
0,87320,2.9656849E-06
0,87330,2.96533E-06
0,87340,2.964975E-06
0,87350,2.9646203E-06
0,87360,2.9642654E-06
0,87370,2.9639107E-06
0,87380,2.963556E-06
0,87390,2.9632013E-06
0,87400,2.9628468E-06
0,87410,2.962492E-06
0,87420,2.9621376E-06
0,87430,2.9617831E-06
0,87440,2.9614287E-06
0,87450,2.9610742E-06
0,87460,2.96072E-06
0,87470,2.9603657E-06
0,87480,2.9600112E-06
0,87490,2.9596572E-06
0,87500,2.959303E-06
0,87510,2.9589487E-06
0,87520,2.9585947E-06
0,87530,2.9582407E-06
0,87540,2.9578866E-06
0,87550,2.9575326E-06
0,87560,2.9571786E-06
0,87570,2.9568248E-06
0,87580,2.956471E-06
0,87590,2.9561172E-06
0,87600,2.9557634E-06
0,87610,2.9554096E-06
0,87620,2.955056E-06
0,87630,2.9547023E-06
0,87640,2.9543487E-06
0,87650,2.9539951E-06
0,87660,2.9536418E-06
0,87670,2.9532882E-06
0,87680,2.952935E-06
0,87690,2.9525813E-06
0,87700,2.952228E-06
0,87710,2.9518749E-06
0,87720,2.9515215E-06
0,87730,2.9511684E-06
0,87740,2.950815E-06
0,87750,2.950462E-06
0,87760,2.9501089E-06
0,87770,2.949756E-06
0,87780,2.9494029E-06
0,87790,2.94905E-06
0,87800,2.948697E-06
0,87810,2.9483442E-06
0,87820,2.9479913E-06
0,87830,2.9476387E-06
0,87840,2.9472858E-06
0,87850,2.9469331E-06
0,87860,2.9465805E-06
0,87870,2.9462278E-06
0,87880,2.9458754E-06
0,87890,2.9455227E-06
0,87900,2.9451703E-06
0,87910,2.9448179E-06
0,87920,2.9444655E-06
0,87930,2.944113E-06
0,87940,2.9437608E-06
0,87950,2.9434086E-06
0,87960,2.9430562E-06
0,87970,2.9427042E-06
0,87980,2.942352E-06
0,87990,2.9419998E-06
0,88000,2.9416478E-06
0,88010,2.9412959E-06
0,88020,2.940944E-06
0,88030,2.940592E-06
0,88040,2.94024E-06
0,88050,2.9398882E-06
0,88060,2.9395362E-06
0,88070,2.9391845E-06
0,88080,2.938833E-06
0,88090,2.9384812E-06
0,88100,2.9381295E-06
0,88110,2.937778E-06
0,88120,2.9374264E-06
0,88130,2.937075E-06
0,88140,2.9367234E-06
0,88150,2.936372E-06
0,88160,2.9360206E-06
0,88170,2.9356693E-06
0,88180,2.935318E-06
0,88190,2.9349667E-06
0,88200,2.9346154E-06
0,88210,2.9342643E-06
0,88220,2.9339133E-06
0,88230,2.9335622E-06
0,88240,2.9332111E-06
0,88250,2.93286E-06
0,88260,2.932509E-06
0,88270,2.9321582E-06
0,88280,2.9318073E-06
0,88290,2.9314565E-06
0,88300,2.9311057E-06
0,88310,2.9307548E-06
0,88320,2.9304042E-06
0,88330,2.9300536E-06
0,88340,2.929703E-06
0,88350,2.9293524E-06
0,88360,2.9290018E-06
0,88370,2.9286514E-06
0,88380,2.9283008E-06
0,88390,2.9279504E-06
0,88400,2.9276E-06
0,88410,2.9272499E-06
0,88420,2.9268995E-06
0,88430,2.9265493E-06
0,88440,2.926199E-06
0,88450,2.9258488E-06
0,88460,2.9254988E-06
0,88470,2.9251487E-06
0,88480,2.9247988E-06
0,88490,2.9244486E-06
0,88500,2.9240987E-06
0,88510,2.9237488E-06
0,88520,2.923399E-06
0,88530,2.9230491E-06
0,88540,2.9226994E-06
0,88550,2.9223497E-06
0,88560,2.922E-06
0,88570,2.9216503E-06
0,88580,2.9213006E-06
0,88590,2.9209511E-06
0,88600,2.9206017E-06
0,88610,2.9202522E-06
0,88620,2.9199027E-06
0,88630,2.9195533E-06
0,88640,2.9192038E-06
0,88650,2.9188545E-06
0,88660,2.9185053E-06
0,88670,2.918156E-06
0,88680,2.9178068E-06
0,88690,2.9174578E-06
0,88700,2.9171085E-06
0,88710,2.9167595E-06
0,88720,2.9164105E-06
0,88730,2.9160615E-06
0,88740,2.9157127E-06
0,88750,2.9153637E-06
0,88760,2.9150149E-06
0,88770,2.914666E-06
0,88780,2.9143173E-06
0,88790,2.9139685E-06
0,88800,2.91362E-06
0,88810,2.9132711E-06
0,88820,2.9129226E-06
0,88830,2.912574E-06
0,88840,2.9122255E-06
0,88850,2.9118771E-06
0,88860,2.9115286E-06
0,88870,2.9111802E-06
0,88880,2.9108319E-06
0,88890,2.9104835E-06
0,88900,2.9101354E-06
0,88910,2.909787E-06
0,88920,2.909439E-06
0,88930,2.9090909E-06
0,88940,2.9087428E-06
0,88950,2.9083947E-06
0,88960,2.9080466E-06
0,88970,2.9076987E-06
0,88980,2.9073508E-06
0,88990,2.907003E-06
0,89000,2.906655E-06
0,89010,2.9063071E-06
0,89020,2.9059595E-06
0,89030,2.9056116E-06
0,89040,2.905264E-06
0,89050,2.9049163E-06
0,89060,2.9045689E-06
0,89070,2.9042212E-06
0,89080,2.9038738E-06
0,89090,2.9035261E-06
0,89100,2.9031787E-06
0,89110,2.9028315E-06
0,89120,2.902484E-06
0,89130,2.9021367E-06
0,89140,2.9017895E-06
0,89150,2.9014423E-06
0,89160,2.901095E-06
0,89170,2.9007479E-06
0,89180,2.900401E-06
0,89190,2.900054E-06
0,89200,2.8997067E-06
0,89210,2.8993597E-06
0,89220,2.899013E-06
0,89230,2.898666E-06
0,89240,2.898319E-06
0,89250,2.8979723E-06
0,89260,2.8976256E-06
0,89270,2.8972788E-06
0,89280,2.8969323E-06
0,89290,2.8965856E-06
0,89300,2.896239E-06
0,89310,2.8958925E-06
0,89320,2.895546E-06
0,89330,2.8951995E-06
0,89340,2.894853E-06
0,89350,2.8945067E-06
0,89360,2.8941604E-06
0,89370,2.8938139E-06
0,89380,2.8934678E-06
0,89390,2.8931215E-06
0,89400,2.8927752E-06
0,89410,2.8924292E-06
0,89420,2.892083E-06
0,89430,2.891737E-06
0,89440,2.891391E-06
0,89450,2.8910451E-06
0,89460,2.890699E-06
0,89470,2.8903532E-06
0,89480,2.8900074E-06
0,89490,2.8896616E-06
0,89500,2.8893157E-06
0,89510,2.8889701E-06
0,89520,2.8886245E-06
0,89530,2.8882787E-06
0,89540,2.887933E-06
0,89550,2.8875877E-06
0,89560,2.887242E-06
0,89570,2.8868967E-06
0,89580,2.8865513E-06
0,89590,2.8862057E-06
0,89600,2.8858606E-06
0,89610,2.8855152E-06
0,89620,2.8851698E-06
0,89630,2.8848247E-06
0,89640,2.8844795E-06
0,89650,2.8841343E-06
0,89660,2.8837892E-06
0,89670,2.8834443E-06
0,89680,2.8830991E-06
0,89690,2.8827542E-06
0,89700,2.8824093E-06
0,89710,2.8820643E-06
0,89720,2.8817196E-06
0,89730,2.8813747E-06
0,89740,2.88103E-06
0,89750,2.8806853E-06
0,89760,2.8803406E-06
0,89770,2.879996E-06
0,89780,2.8796512E-06
0,89790,2.8793067E-06
0,89800,2.8789623E-06
0,89810,2.8786178E-06
0,89820,2.8782733E-06
0,89830,2.8779289E-06
0,89840,2.8775846E-06
0,89850,2.8772404E-06
0,89860,2.876896E-06
0,89870,2.876552E-06
0,89880,2.8762076E-06
0,89890,2.8758634E-06
0,89900,2.8755194E-06
0,89910,2.8751754E-06
0,89920,2.8748314E-06
0,89930,2.8744873E-06
0,89940,2.8741433E-06
0,89950,2.8737995E-06
0,89960,2.8734555E-06
0,89970,2.8731117E-06
0,89980,2.872768E-06
0,89990,2.8724244E-06
0,90000,2.8720806E-06
0,90010,2.871737E-06
0,90020,2.8713932E-06
0,90030,2.8710497E-06
0,90040,2.8707063E-06
0,90050,2.8703628E-06
0,90060,2.8700192E-06
0,90070,2.8696759E-06
0,90080,2.8693325E-06
0,90090,2.8689892E-06
0,90100,2.8686459E-06
0,90110,2.8683028E-06
0,90120,2.8679594E-06
0,90130,2.8676163E-06
0,90140,2.8672732E-06
0,90150,2.8669301E-06
0,90160,2.8665872E-06
0,90170,2.8662441E-06
0,90180,2.8659013E-06
0,90190,2.8655584E-06
0,90200,2.8652155E-06
0,90210,2.8648726E-06
0,90220,2.8645297E-06
0,90230,2.864187E-06
0,90240,2.8638444E-06
0,90250,2.8635018E-06
0,90260,2.8631591E-06
0,90270,2.8628165E-06
0,90280,2.862474E-06
0,90290,2.8621314E-06
0,90300,2.861789E-06
0,90310,2.8614465E-06
0,90320,2.8611043E-06
0,90330,2.860762E-06
0,90340,2.8604197E-06
0,90350,2.8600773E-06
0,90360,2.859735E-06
0,90370,2.859393E-06
0,90380,2.859051E-06
0,90390,2.8587087E-06
0,90400,2.8583668E-06
0,90410,2.8580248E-06
0,90420,2.8576828E-06
0,90430,2.8573409E-06
0,90440,2.856999E-06
0,90450,2.8566571E-06
0,90460,2.8563154E-06
0,90470,2.8559737E-06
0,90480,2.855632E-06
0,90490,2.8552902E-06
0,90500,2.8549487E-06
0,90510,2.854607E-06
0,90520,2.8542654E-06
0,90530,2.853924E-06
0,90540,2.8535824E-06
0,90550,2.853241E-06
0,90560,2.8528996E-06
0,90570,2.8525583E-06
0,90580,2.852217E-06
0,90590,2.8518757E-06
0,90600,2.8515344E-06
0,90610,2.8511934E-06
0,90620,2.850852E-06
0,90630,2.850511E-06
0,90640,2.85017E-06
0,90650,2.849829E-06
0,90660,2.849488E-06
0,90670,2.849147E-06
0,90680,2.8488062E-06
0,90690,2.8484653E-06
0,90700,2.8481245E-06
0,90710,2.8477837E-06
0,90720,2.847443E-06
0,90730,2.8471022E-06
0,90740,2.8467616E-06
0,90750,2.846421E-06
0,90760,2.8460804E-06
0,90770,2.84574E-06
0,90780,2.8453994E-06
0,90790,2.845059E-06
0,90800,2.8447187E-06
0,90810,2.8443783E-06
0,90820,2.844038E-06
0,90830,2.8436978E-06
0,90840,2.8433574E-06
0,90850,2.8430172E-06
0,90860,2.842677E-06
0,90870,2.842337E-06
0,90880,2.8419968E-06
0,90890,2.8416569E-06
0,90900,2.841317E-06
0,90910,2.8409768E-06
0,90920,2.840637E-06
0,90930,2.8402972E-06
0,90940,2.8399572E-06
0,90950,2.8396175E-06
0,90960,2.8392776E-06
0,90970,2.838938E-06
0,90980,2.8385984E-06
0,90990,2.8382588E-06
0,91000,2.837919E-06
0,91010,2.8375796E-06
0,91020,2.8372401E-06
0,91030,2.8369006E-06
0,91040,2.8365612E-06
0,91050,2.8362217E-06
0,91060,2.8358825E-06
0,91070,2.8355432E-06
0,91080,2.835204E-06
0,91090,2.8348647E-06
0,91100,2.8345255E-06
0,91110,2.8341863E-06
0,91120,2.8338472E-06
0,91130,2.8335082E-06
0,91140,2.8331692E-06
0,91150,2.8328302E-06
0,91160,2.8324912E-06
0,91170,2.8321524E-06
0,91180,2.8318134E-06
0,91190,2.8314746E-06
0,91200,2.8311358E-06
0,91210,2.8307973E-06
0,91220,2.8304585E-06
0,91230,2.83012E-06
0,91240,2.8297811E-06
0,91250,2.8294426E-06
0,91260,2.8291042E-06
0,91270,2.8287657E-06
0,91280,2.8284271E-06
0,91290,2.8280888E-06
0,91300,2.8277504E-06
0,91310,2.8274121E-06
0,91320,2.8270738E-06
0,91330,2.8267355E-06
0,91340,2.8263973E-06
0,91350,2.8260592E-06
0,91360,2.8257211E-06
0,91370,2.825383E-06
0,91380,2.825045E-06
0,91390,2.8247068E-06
0,91400,2.824369E-06
0,91410,2.824031E-06
0,91420,2.8236932E-06
0,91430,2.8233553E-06
0,91440,2.8230174E-06
0,91450,2.8226798E-06
0,91460,2.8223421E-06
0,91470,2.8220043E-06
0,91480,2.8216668E-06
0,91490,2.8213292E-06
0,91500,2.8209915E-06
0,91510,2.8206541E-06
0,91520,2.8203167E-06
0,91530,2.819979E-06
0,91540,2.8196418E-06
0,91550,2.8193044E-06
0,91560,2.818967E-06
0,91570,2.8186298E-06
0,91580,2.8182926E-06
0,91590,2.8179554E-06
0,91600,2.8176182E-06
0,91610,2.817281E-06
0,91620,2.816944E-06
0,91630,2.816607E-06
0,91640,2.8162701E-06
0,91650,2.8159332E-06
0,91660,2.8155962E-06
0,91670,2.8152592E-06
0,91680,2.8149225E-06
0,91690,2.8145857E-06
0,91700,2.814249E-06
0,91710,2.8139123E-06
0,91720,2.8135755E-06
0,91730,2.813239E-06
0,91740,2.8129023E-06
0,91750,2.8125658E-06
0,91760,2.8122292E-06
0,91770,2.811893E-06
0,91780,2.8115564E-06
0,91790,2.81122E-06
0,91800,2.8108836E-06
0,91810,2.8105474E-06
0,91820,2.810211E-06
0,91830,2.809875E-06
0,91840,2.8095387E-06
0,91850,2.8092027E-06
0,91860,2.8088664E-06
0,91870,2.8085303E-06
0,91880,2.8081945E-06
0,91890,2.8078584E-06
0,91900,2.8075224E-06
0,91910,2.8071865E-06
0,91920,2.8068507E-06
0,91930,2.8065149E-06
0,91940,2.806179E-06
0,91950,2.8058435E-06
0,91960,2.8055076E-06
0,91970,2.805172E-06
0,91980,2.8048364E-06
0,91990,2.8045008E-06
0,92000,2.8041652E-06
0,92010,2.8038298E-06
0,92020,2.8034942E-06
0,92030,2.8031588E-06
0,92040,2.8028235E-06
0,92050,2.802488E-06
0,92060,2.802153E-06
0,92070,2.8018176E-06
0,92080,2.8014824E-06
0,92090,2.8011473E-06
0,92100,2.8008121E-06
0,92110,2.800477E-06
0,92120,2.800142E-06
0,92130,2.799807E-06
0,92140,2.799472E-06
0,92150,2.799137E-06
0,92160,2.7988021E-06
0,92170,2.7984672E-06
0,92180,2.7981325E-06
0,92190,2.7977976E-06
0,92200,2.797463E-06
0,92210,2.7971282E-06
0,92220,2.7967935E-06
0,92230,2.796459E-06
0,92240,2.7961244E-06
0,92250,2.79579E-06
0,92260,2.7954554E-06
0,92270,2.795121E-06
0,92280,2.7947865E-06
0,92290,2.7944523E-06
0,92300,2.7941178E-06
0,92310,2.7937836E-06
0,92320,2.7934493E-06
0,92330,2.793115E-06
0,92340,2.7927808E-06
0,92350,2.7924468E-06
0,92360,2.7921126E-06
0,92370,2.7917786E-06
0,92380,2.7914446E-06
0,92390,2.7911105E-06
0,92400,2.7907768E-06
0,92410,2.7904427E-06
0,92420,2.790109E-06
0,92430,2.7897752E-06
0,92440,2.7894414E-06
0,92450,2.7891076E-06
0,92460,2.788774E-06
0,92470,2.7884403E-06
0,92480,2.7881067E-06
0,92490,2.7877732E-06
0,92500,2.7874396E-06
0,92510,2.787106E-06
0,92520,2.7867727E-06
0,92530,2.7864392E-06
0,92540,2.7861058E-06
0,92550,2.7857725E-06
0,92560,2.7854392E-06
0,92570,2.785106E-06
0,92580,2.7847727E-06
0,92590,2.7844396E-06
0,92600,2.7841065E-06
0,92610,2.7837734E-06
0,92620,2.7834403E-06
0,92630,2.7831072E-06
0,92640,2.7827743E-06
0,92650,2.7824415E-06
0,92660,2.7821086E-06
0,92670,2.7817757E-06
0,92680,2.7814428E-06
0,92690,2.7811102E-06
0,92700,2.7807773E-06
0,92710,2.7804447E-06
0,92720,2.780112E-06
0,92730,2.7797794E-06
0,92740,2.7794467E-06
0,92750,2.7791143E-06
0,92760,2.778782E-06
0,92770,2.7784492E-06
0,92780,2.7781168E-06
0,92790,2.7777846E-06
0,92800,2.7774522E-06
0,92810,2.77712E-06
0,92820,2.7767876E-06
0,92830,2.7764554E-06
0,92840,2.7761232E-06
0,92850,2.7757912E-06
0,92860,2.775459E-06
0,92870,2.775127E-06
0,92880,2.774795E-06
0,92890,2.774463E-06
0,92900,2.774131E-06
0,92910,2.7737992E-06
0,92920,2.7734673E-06
0,92930,2.7731355E-06
0,92940,2.7728038E-06
0,92950,2.772472E-06
0,92960,2.7721403E-06
0,92970,2.7718086E-06
0,92980,2.771477E-06
0,92990,2.7711455E-06
0,93000,2.7708138E-06
0,93010,2.7704823E-06
0,93020,2.770151E-06
0,93030,2.7698195E-06
0,93040,2.7694882E-06
0,93050,2.7691567E-06
0,93060,2.7688254E-06
0,93070,2.7684941E-06
0,93080,2.768163E-06
0,93090,2.7678318E-06
0,93100,2.7675007E-06
0,93110,2.7671697E-06
0,93120,2.7668386E-06
0,93130,2.7665076E-06
0,93140,2.7661765E-06
0,93150,2.7658457E-06
0,93160,2.7655146E-06
0,93170,2.7651838E-06
0,93180,2.764853E-06
0,93190,2.7645222E-06
0,93200,2.7641915E-06
0,93210,2.7638607E-06
0,93220,2.7635301E-06
0,93230,2.7631995E-06
0,93240,2.762869E-06
0,93250,2.7625383E-06
0,93260,2.762208E-06
0,93270,2.7618773E-06
0,93280,2.761547E-06
0,93290,2.7612166E-06
0,93300,2.7608862E-06
0,93310,2.7605558E-06
0,93320,2.7602257E-06
0,93330,2.7598953E-06
0,93340,2.7595652E-06
0,93350,2.759235E-06
0,93360,2.7589049E-06
0,93370,2.758575E-06
0,93380,2.7582448E-06
0,93390,2.757915E-06
0,93400,2.757585E-06
0,93410,2.757255E-06
0,93420,2.7569251E-06
0,93430,2.7565952E-06
0,93440,2.7562655E-06
0,93450,2.7559358E-06
0,93460,2.755606E-06
0,93470,2.7552765E-06
0,93480,2.7549468E-06
0,93490,2.754617E-06
0,93500,2.7542876E-06
0,93510,2.7539581E-06
0,93520,2.7536285E-06
0,93530,2.7532992E-06
0,93540,2.7529697E-06
0,93550,2.7526403E-06
0,93560,2.752311E-06
0,93570,2.7519818E-06
0,93580,2.7516526E-06
0,93590,2.7513233E-06
0,93600,2.750994E-06
0,93610,2.750665E-06
0,93620,2.7503359E-06
0,93630,2.7500068E-06
0,93640,2.7496778E-06
0,93650,2.7493488E-06
0,93660,2.74902E-06
0,93670,2.748691E-06
0,93680,2.7483622E-06
0,93690,2.7480335E-06
0,93700,2.7477047E-06
0,93710,2.747376E-06
0,93720,2.7470473E-06
0,93730,2.7467186E-06
0,93740,2.74639E-06
0,93750,2.7460615E-06
0,93760,2.745733E-06
0,93770,2.7454043E-06
0,93780,2.745076E-06
0,93790,2.7447475E-06
0,93800,2.7444191E-06
0,93810,2.7440908E-06
0,93820,2.7437625E-06
0,93830,2.7434344E-06
0,93840,2.743106E-06
0,93850,2.742778E-06
0,93860,2.7424499E-06
0,93870,2.7421218E-06
0,93880,2.7417937E-06
0,93890,2.7414656E-06
0,93900,2.7411377E-06
0,93910,2.7408096E-06
0,93920,2.7404817E-06
0,93930,2.7401538E-06
0,93940,2.739826E-06
0,93950,2.7394983E-06
0,93960,2.7391704E-06
0,93970,2.7388428E-06
0,93980,2.7385151E-06
0,93990,2.7381875E-06
0,94000,2.7378599E-06
0,94010,2.7375324E-06
0,94020,2.7372048E-06
0,94030,2.7368774E-06
0,94040,2.73655E-06
0,94050,2.7362225E-06
0,94060,2.7358954E-06
0,94070,2.735568E-06
0,94080,2.7352407E-06
0,94090,2.7349133E-06
0,94100,2.7345861E-06
0,94110,2.7342592E-06
0,94120,2.733932E-06
0,94130,2.7336048E-06
0,94140,2.7332778E-06
0,94150,2.7329509E-06
0,94160,2.732624E-06
0,94170,2.732297E-06
0,94180,2.73197E-06
0,94190,2.7316432E-06
0,94200,2.7313165E-06
0,94210,2.7309898E-06
0,94220,2.730663E-06
0,94230,2.7303363E-06
0,94240,2.7300096E-06
0,94250,2.729683E-06
0,94260,2.7293563E-06
0,94270,2.7290298E-06
0,94280,2.7287033E-06
0,94290,2.728377E-06
0,94300,2.7280505E-06
0,94310,2.7277242E-06
0,94320,2.7273977E-06
0,94330,2.7270714E-06
0,94340,2.7267452E-06
0,94350,2.726419E-06
0,94360,2.7260928E-06
0,94370,2.7257668E-06
0,94380,2.7254407E-06
0,94390,2.7251147E-06
0,94400,2.7247886E-06
0,94410,2.7244625E-06
0,94420,2.7241367E-06
0,94430,2.7238107E-06
0,94440,2.7234848E-06
0,94450,2.723159E-06
0,94460,2.7228332E-06
0,94470,2.7225076E-06
0,94480,2.7221818E-06
0,94490,2.7218562E-06
0,94500,2.7215306E-06
0,94510,2.721205E-06
0,94520,2.7208794E-06
0,94530,2.7205538E-06
0,94540,2.7202284E-06
0,94550,2.7199028E-06
0,94560,2.7195774E-06
0,94570,2.719252E-06
0,94580,2.718927E-06
0,94590,2.7186015E-06
0,94600,2.7182764E-06
0,94610,2.717951E-06
0,94620,2.7176259E-06
0,94630,2.7173007E-06
0,94640,2.7169758E-06
0,94650,2.7166507E-06
0,94660,2.7163258E-06
0,94670,2.7160006E-06
0,94680,2.7156757E-06
0,94690,2.7153508E-06
0,94700,2.715026E-06
0,94710,2.7147012E-06
0,94720,2.7143765E-06
0,94730,2.7140518E-06
0,94740,2.713727E-06
0,94750,2.7134024E-06
0,94760,2.7130777E-06
0,94770,2.712753E-06
0,94780,2.7124286E-06
0,94790,2.712104E-06
0,94800,2.7117796E-06
0,94810,2.7114552E-06
0,94820,2.7111307E-06
0,94830,2.7108065E-06
0,94840,2.7104822E-06
0,94850,2.7101578E-06
0,94860,2.7098338E-06
0,94870,2.7095095E-06
0,94880,2.7091853E-06
0,94890,2.7088613E-06
0,94900,2.708537E-06
0,94910,2.708213E-06
0,94920,2.707889E-06
0,94930,2.707565E-06
0,94940,2.7072413E-06
0,94950,2.7069173E-06
0,94960,2.7065935E-06
0,94970,2.7062697E-06
0,94980,2.705946E-06
0,94990,2.7056221E-06
0,95000,2.7052986E-06
0,95010,2.7049748E-06
0,95020,2.7046513E-06
0,95030,2.7043277E-06
0,95040,2.7040041E-06
0,95050,2.7036806E-06
0,95060,2.7033573E-06
0,95070,2.7030337E-06
0,95080,2.7027104E-06
0,95090,2.702387E-06
0,95100,2.7020637E-06
0,95110,2.7017404E-06
0,95120,2.7014173E-06
0,95130,2.7010942E-06
0,95140,2.700771E-06
0,95150,2.7004478E-06
0,95160,2.7001247E-06
0,95170,2.6998018E-06
0,95180,2.6994787E-06
0,95190,2.6991559E-06
0,95200,2.698833E-06
0,95210,2.6985101E-06
0,95220,2.6981872E-06
0,95230,2.6978644E-06
0,95240,2.6975417E-06
0,95250,2.6972189E-06
0,95260,2.6968962E-06
0,95270,2.6965736E-06
0,95280,2.696251E-06
0,95290,2.6959285E-06
0,95300,2.6956059E-06
0,95310,2.6952835E-06
0,95320,2.694961E-06
0,95330,2.6946386E-06
0,95340,2.6943162E-06
0,95350,2.6939938E-06
0,95360,2.6936716E-06
0,95370,2.6933494E-06
0,95380,2.693027E-06
0,95390,2.6927048E-06
0,95400,2.6923829E-06
0,95410,2.6920607E-06
0,95420,2.6917387E-06
0,95430,2.6914165E-06
0,95440,2.6910946E-06
0,95450,2.6907726E-06
0,95460,2.6904506E-06
0,95470,2.690129E-06
0,95480,2.689807E-06
0,95490,2.6894852E-06
0,95500,2.6891635E-06
0,95510,2.6888417E-06
0,95520,2.68852E-06
0,95530,2.6881985E-06
0,95540,2.6878768E-06
0,95550,2.6875553E-06
0,95560,2.6872337E-06
0,95570,2.6869122E-06
0,95580,2.6865907E-06
0,95590,2.6862695E-06
0,95600,2.6859482E-06
0,95610,2.6856267E-06
0,95620,2.6853054E-06
0,95630,2.684984E-06
0,95640,2.684663E-06
0,95650,2.6843418E-06
0,95660,2.6840207E-06
0,95670,2.6836994E-06
0,95680,2.6833784E-06
0,95690,2.6830576E-06
0,95700,2.6827365E-06
0,95710,2.6824155E-06
0,95720,2.6820946E-06
0,95730,2.6817738E-06
0,95740,2.681453E-06
0,95750,2.6811322E-06
0,95760,2.6808113E-06
0,95770,2.6804908E-06
0,95780,2.68017E-06
0,95790,2.6798493E-06
0,95800,2.6795287E-06
0,95810,2.6792081E-06
0,95820,2.6788878E-06
0,95830,2.6785672E-06
0,95840,2.6782468E-06
0,95850,2.6779264E-06
0,95860,2.677606E-06
0,95870,2.6772857E-06
0,95880,2.6769653E-06
0,95890,2.6766452E-06
0,95900,2.6763248E-06
0,95910,2.6760047E-06
0,95920,2.6756845E-06
0,95930,2.6753644E-06
0,95940,2.6750445E-06
0,95950,2.6747243E-06
0,95960,2.6744044E-06
0,95970,2.6740845E-06
0,95980,2.6737646E-06
0,95990,2.6734447E-06
0,96000,2.6731248E-06
0,96010,2.672805E-06
0,96020,2.6724852E-06
0,96030,2.6721655E-06
0,96040,2.6718458E-06
0,96050,2.671526E-06
0,96060,2.6712066E-06
0,96070,2.670887E-06
0,96080,2.6705675E-06
0,96090,2.670248E-06
0,96100,2.6699286E-06
0,96110,2.669609E-06
0,96120,2.6692899E-06
0,96130,2.6689704E-06
0,96140,2.6686512E-06
0,96150,2.668332E-06
0,96160,2.6680127E-06
0,96170,2.6676935E-06
0,96180,2.6673742E-06
0,96190,2.6670552E-06
0,96200,2.6667362E-06
0,96210,2.6664172E-06
0,96220,2.6660982E-06
0,96230,2.6657792E-06
0,96240,2.6654602E-06
0,96250,2.6651414E-06
0,96260,2.6648227E-06
0,96270,2.6645037E-06
0,96280,2.6641849E-06
0,96290,2.6638663E-06
0,96300,2.6635475E-06
0,96310,2.663229E-06
0,96320,2.6629102E-06
0,96330,2.6625917E-06
0,96340,2.6622731E-06
0,96350,2.6619548E-06
0,96360,2.6616362E-06
0,96370,2.661318E-06
0,96380,2.6609994E-06
0,96390,2.660681E-06
0,96400,2.6603627E-06
0,96410,2.6600446E-06
0,96420,2.6597263E-06
0,96430,2.6594082E-06
0,96440,2.65909E-06
0,96450,2.6587718E-06
0,96460,2.6584537E-06
0,96470,2.6581358E-06
0,96480,2.6578177E-06
0,96490,2.6574999E-06
0,96500,2.6571818E-06
0,96510,2.656864E-06
0,96520,2.656546E-06
0,96530,2.6562284E-06
0,96540,2.6559105E-06
0,96550,2.6555929E-06
0,96560,2.655275E-06
0,96570,2.6549574E-06
0,96580,2.6546397E-06
0,96590,2.6543223E-06
0,96600,2.6540047E-06
0,96610,2.6536873E-06
0,96620,2.6533696E-06
0,96630,2.6530522E-06
0,96640,2.6527348E-06
0,96650,2.6524176E-06
0,96660,2.6521002E-06
0,96670,2.651783E-06
0,96680,2.6514658E-06
0,96690,2.6511484E-06
0,96700,2.6508314E-06
0,96710,2.6505143E-06
0,96720,2.650197E-06
0,96730,2.6498801E-06
0,96740,2.6495632E-06
0,96750,2.6492462E-06
0,96760,2.6489292E-06
0,96770,2.6486123E-06
0,96780,2.6482953E-06
0,96790,2.6479786E-06
0,96800,2.6476619E-06
0,96810,2.6473451E-06
0,96820,2.6470284E-06
0,96830,2.6467117E-06
0,96840,2.646395E-06
0,96850,2.6460784E-06
0,96860,2.645762E-06
0,96870,2.6454454E-06
0,96880,2.645129E-06
0,96890,2.6448124E-06
0,96900,2.6444961E-06
0,96910,2.6441796E-06
0,96920,2.6438634E-06
0,96930,2.643547E-06
0,96940,2.6432308E-06
0,96950,2.6429145E-06
0,96960,2.6425985E-06
0,96970,2.6422822E-06
0,96980,2.6419661E-06
0,96990,2.64165E-06
0,97000,2.641334E-06
0,97010,2.641018E-06
0,97020,2.6407022E-06
0,97030,2.6403861E-06
0,97040,2.6400703E-06
0,97050,2.6397545E-06
0,97060,2.6394387E-06
0,97070,2.6391228E-06
0,97080,2.6388072E-06
0,97090,2.6384914E-06
0,97100,2.6381758E-06
0,97110,2.6378602E-06
0,97120,2.6375446E-06
0,97130,2.637229E-06
0,97140,2.6369137E-06
0,97150,2.6365983E-06
0,97160,2.6362827E-06
0,97170,2.6359673E-06
0,97180,2.635652E-06
0,97190,2.6353368E-06
0,97200,2.6350215E-06
0,97210,2.6347063E-06
0,97220,2.634391E-06
0,97230,2.6340758E-06
0,97240,2.6337607E-06
0,97250,2.6334458E-06
0,97260,2.6331306E-06
0,97270,2.6328157E-06
0,97280,2.6325006E-06
0,97290,2.6321857E-06
0,97300,2.6318708E-06
0,97310,2.631556E-06
0,97320,2.6312412E-06
0,97330,2.6309265E-06
0,97340,2.6306116E-06
0,97350,2.6302969E-06
0,97360,2.6299822E-06
0,97370,2.6296677E-06
0,97380,2.629353E-06
0,97390,2.6290386E-06
0,97400,2.628724E-06
0,97410,2.6284094E-06
0,97420,2.628095E-06
0,97430,2.6277805E-06
0,97440,2.6274663E-06
0,97450,2.6271518E-06
0,97460,2.6268376E-06
0,97470,2.6265234E-06
0,97480,2.6262092E-06
0,97490,2.625895E-06
0,97500,2.625581E-06
0,97510,2.6252667E-06
0,97520,2.6249527E-06
0,97530,2.6246387E-06
0,97540,2.6243247E-06
0,97550,2.6240107E-06
0,97560,2.623697E-06
0,97570,2.623383E-06
0,97580,2.6230691E-06
0,97590,2.6227553E-06
0,97600,2.6224416E-06
0,97610,2.6221278E-06
0,97620,2.621814E-06
0,97630,2.6215005E-06
0,97640,2.621187E-06
0,97650,2.6208734E-06
0,97660,2.6205598E-06
0,97670,2.6202463E-06
0,97680,2.6199327E-06
0,97690,2.6196194E-06
0,97700,2.6193059E-06
0,97710,2.6189925E-06
0,97720,2.6186792E-06
0,97730,2.618366E-06
0,97740,2.6180528E-06
0,97750,2.6177395E-06
0,97760,2.6174264E-06
0,97770,2.6171133E-06
0,97780,2.6168002E-06
0,97790,2.616487E-06
0,97800,2.616174E-06
0,97810,2.6158611E-06
0,97820,2.6155483E-06
0,97830,2.6152352E-06
0,97840,2.6149223E-06
0,97850,2.6146097E-06
0,97860,2.6142968E-06
0,97870,2.613984E-06
0,97880,2.6136713E-06
0,97890,2.6133587E-06
0,97900,2.613046E-06
0,97910,2.6127334E-06
0,97920,2.6124208E-06
0,97930,2.6121083E-06
0,97940,2.611796E-06
0,97950,2.6114833E-06
0,97960,2.6111709E-06
0,97970,2.6108587E-06
0,97980,2.6105463E-06
0,97990,2.6102339E-06
0,98000,2.6099217E-06
0,98010,2.6096095E-06
0,98020,2.6092973E-06
0,98030,2.6089851E-06
0,98040,2.608673E-06
0,98050,2.608361E-06
0,98060,2.6080488E-06
0,98070,2.6077369E-06
0,98080,2.607425E-06
0,98090,2.607113E-06
0,98100,2.606801E-06
0,98110,2.6064893E-06
0,98120,2.6061773E-06
0,98130,2.6058656E-06
0,98140,2.6055538E-06
0,98150,2.6052421E-06
0,98160,2.6049306E-06
0,98170,2.6046189E-06
0,98180,2.6043074E-06
0,98190,2.6039957E-06
0,98200,2.6036842E-06
0,98210,2.6033726E-06
0,98220,2.6030614E-06
0,98230,2.6027499E-06
0,98240,2.6024386E-06
0,98250,2.602127E-06
0,98260,2.6018158E-06
0,98270,2.6015045E-06
0,98280,2.6011935E-06
0,98290,2.6008822E-06
0,98300,2.600571E-06
0,98310,2.60026E-06
0,98320,2.5999489E-06
0,98330,2.5996378E-06
0,98340,2.5993268E-06
0,98350,2.599016E-06
0,98360,2.598705E-06
0,98370,2.598394E-06
0,98380,2.5980833E-06
0,98390,2.5977724E-06
0,98400,2.5974616E-06
0,98410,2.5971508E-06
0,98420,2.5968402E-06
0,98430,2.5965296E-06
0,98440,2.596219E-06
0,98450,2.5959084E-06
0,98460,2.5955978E-06
0,98470,2.5952872E-06
0,98480,2.5949769E-06
0,98490,2.5946663E-06
0,98500,2.594356E-06
0,98510,2.5940456E-06
0,98520,2.5937352E-06
0,98530,2.593425E-06
0,98540,2.5931147E-06
0,98550,2.5928045E-06
0,98560,2.5924944E-06
0,98570,2.592184E-06
0,98580,2.5918741E-06
0,98590,2.591564E-06
0,98600,2.5912539E-06
0,98610,2.590944E-06
0,98620,2.590634E-06
0,98630,2.5903241E-06
0,98640,2.5900142E-06
0,98650,2.5897043E-06
0,98660,2.5893946E-06
0,98670,2.5890847E-06
0,98680,2.588775E-06
0,98690,2.5884653E-06
0,98700,2.5881557E-06
0,98710,2.587846E-06
0,98720,2.5875365E-06
0,98730,2.5872268E-06
0,98740,2.5869174E-06
0,98750,2.586608E-06
0,98760,2.5862985E-06
0,98770,2.585989E-06
0,98780,2.5856798E-06
0,98790,2.5853703E-06
0,98800,2.585061E-06
0,98810,2.5847519E-06
0,98820,2.5844427E-06
0,98830,2.5841334E-06
0,98840,2.5838244E-06
0,98850,2.5835152E-06
0,98860,2.5832062E-06
0,98870,2.5828972E-06
0,98880,2.5825882E-06
0,98890,2.5822792E-06
0,98900,2.5819702E-06
0,98910,2.5816614E-06
0,98920,2.5813524E-06
0,98930,2.5810436E-06
0,98940,2.5807349E-06
0,98950,2.580426E-06
0,98960,2.5801176E-06
0,98970,2.5798088E-06
0,98980,2.5795002E-06
0,98990,2.5791917E-06
0,99000,2.5788831E-06
0,99010,2.5785746E-06
0,99020,2.578266E-06
0,99030,2.5779577E-06
0,99040,2.5776492E-06
0,99050,2.5773409E-06
0,99060,2.5770325E-06
0,99070,2.5767242E-06
0,99080,2.576416E-06
0,99090,2.5761078E-06
0,99100,2.5757995E-06
0,99110,2.5754914E-06
0,99120,2.5751833E-06
0,99130,2.5748752E-06
0,99140,2.5745671E-06
0,99150,2.5742593E-06
0,99160,2.5739512E-06
0,99170,2.5736433E-06
0,99180,2.5733355E-06
0,99190,2.5730276E-06
0,99200,2.5727197E-06
0,99210,2.572412E-06
0,99220,2.5721042E-06
0,99230,2.5717966E-06
0,99240,2.571489E-06
0,99250,2.5711813E-06
0,99260,2.5708737E-06
0,99270,2.5705663E-06
0,99280,2.5702586E-06
0,99290,2.5699512E-06
0,99300,2.5696438E-06
0,99310,2.5693364E-06
0,99320,2.569029E-06
0,99330,2.5687216E-06
0,99340,2.5684144E-06
0,99350,2.568107E-06
0,99360,2.5677998E-06
0,99370,2.5674926E-06
0,99380,2.5671854E-06
0,99390,2.5668783E-06
0,99400,2.5665713E-06
0,99410,2.5662644E-06
0,99420,2.5659572E-06
0,99430,2.5656502E-06
0,99440,2.5653433E-06
0,99450,2.5650365E-06
0,99460,2.5647296E-06
0,99470,2.5644229E-06
0,99480,2.564116E-06
0,99490,2.5638092E-06
0,99500,2.5635024E-06
0,99510,2.563196E-06
0,99520,2.5628892E-06
0,99530,2.5625827E-06
0,99540,2.562276E-06
0,99550,2.5619695E-06
0,99560,2.561663E-06
0,99570,2.5613565E-06
0,99580,2.5610502E-06
0,99590,2.5607437E-06
0,99600,2.5604375E-06
0,99610,2.5601312E-06
0,99620,2.559825E-06
0,99630,2.5595186E-06
0,99640,2.5592124E-06
0,99650,2.5589063E-06
0,99660,2.5586003E-06
0,99670,2.558294E-06
0,99680,2.557988E-06
0,99690,2.5576821E-06
0,99700,2.557376E-06
0,99710,2.55707E-06
0,99720,2.5567642E-06
0,99730,2.5564584E-06
0,99740,2.5561526E-06
0,99750,2.5558468E-06
0,99760,2.555541E-06
0,99770,2.5552351E-06
0,99780,2.5549296E-06
0,99790,2.554624E-06
0,99800,2.5543184E-06
0,99810,2.5540128E-06
0,99820,2.5537072E-06
0,99830,2.5534016E-06
0,99840,2.5530962E-06
0,99850,2.5527909E-06
0,99860,2.5524855E-06
0,99870,2.5521801E-06
0,99880,2.5518748E-06
0,99890,2.5515694E-06
0,99900,2.5512643E-06
0,99910,2.550959E-06
0,99920,2.5506538E-06
0,99930,2.5503487E-06
0,99940,2.5500435E-06
0,99950,2.5497386E-06
0,99960,2.5494335E-06
0,99970,2.5491286E-06
0,99980,2.5488237E-06
0,99990,2.5485188E-06
0,100000,2.5482138E-06
0,100010,2.547909E-06
0,100020,2.547604E-06
0,100030,2.5472993E-06
0,100040,2.5469947E-06
0,100050,2.54669E-06
0,100060,2.5463853E-06
0,100070,2.5460806E-06
0,100080,2.545776E-06
0,100090,2.5454715E-06
0,100100,2.545167E-06
0,100110,2.5448626E-06
0,100120,2.5445581E-06
0,100130,2.5442537E-06
0,100140,2.5439492E-06
0,100150,2.543645E-06
0,100160,2.5433405E-06
0,100170,2.5430363E-06
0,100180,2.542732E-06
0,100190,2.542428E-06
0,100200,2.5421239E-06
0,100210,2.5418196E-06
0,100220,2.5415156E-06
0,100230,2.5412116E-06
0,100240,2.5409076E-06
0,100250,2.5406036E-06
0,100260,2.5402996E-06
0,100270,2.5399959E-06
0,100280,2.5396919E-06
0,100290,2.539388E-06
0,100300,2.5390843E-06
0,100310,2.5387806E-06
0,100320,2.5384768E-06
0,100330,2.5381732E-06
0,100340,2.5378695E-06
0,100350,2.537566E-06
0,100360,2.5372624E-06
0,100370,2.5369588E-06
0,100380,2.5366553E-06
0,100390,2.536352E-06
0,100400,2.5360484E-06
0,100410,2.5357451E-06
0,100420,2.5354418E-06
0,100430,2.5351385E-06
0,100440,2.5348352E-06
0,100450,2.5345319E-06
0,100460,2.5342288E-06
0,100470,2.5339255E-06
0,100480,2.5336224E-06
0,100490,2.5333193E-06
0,100500,2.5330162E-06
0,100510,2.532713E-06
0,100520,2.5324102E-06
0,100530,2.5321071E-06
0,100540,2.5318043E-06
0,100550,2.5315014E-06
0,100560,2.5311986E-06
0,100570,2.5308957E-06
0,100580,2.530593E-06
0,100590,2.5302902E-06
0,100600,2.5299876E-06
0,100610,2.529685E-06
0,100620,2.5293823E-06
0,100630,2.5290797E-06
0,100640,2.5287773E-06
0,100650,2.5284746E-06
0,100660,2.5281722E-06
0,100670,2.5278698E-06
0,100680,2.5275674E-06
0,100690,2.527265E-06
0,100700,2.5269626E-06
0,100710,2.5266604E-06
0,100720,2.526358E-06
0,100730,2.5260558E-06
0,100740,2.5257536E-06
0,100750,2.5254515E-06
0,100760,2.5251493E-06
0,100770,2.5248473E-06
0,100780,2.5245452E-06
0,100790,2.5242432E-06
0,100800,2.5239412E-06
0,100810,2.5236393E-06
0,100820,2.5233373E-06
0,100830,2.5230356E-06
0,100840,2.5227337E-06
0,100850,2.522432E-06
0,100860,2.5221302E-06
0,100870,2.5218285E-06
0,100880,2.5215268E-06
0,100890,2.521225E-06
0,100900,2.5209235E-06
0,100910,2.5206218E-06
0,100920,2.5203203E-06
0,100930,2.5200188E-06
0,100940,2.5197173E-06
0,100950,2.5194158E-06
0,100960,2.5191146E-06
0,100970,2.5188133E-06
0,100980,2.5185118E-06
0,100990,2.5182105E-06
0,101000,2.5179093E-06
0,101010,2.5176082E-06
0,101020,2.517307E-06
0,101030,2.5170057E-06
0,101040,2.5167046E-06
0,101050,2.5164036E-06
0,101060,2.5161025E-06
0,101070,2.5158015E-06
0,101080,2.5155007E-06
0,101090,2.5151996E-06
0,101100,2.5148988E-06
0,101110,2.514598E-06
0,101120,2.5142972E-06
0,101130,2.5139964E-06
0,101140,2.5136956E-06
0,101150,2.5133947E-06
0,101160,2.5130942E-06
0,101170,2.5127936E-06
0,101180,2.512493E-06
0,101190,2.5121924E-06
0,101200,2.5118918E-06
0,101210,2.5115912E-06
0,101220,2.5112909E-06
0,101230,2.5109905E-06
0,101240,2.5106901E-06
0,101250,2.5103898E-06
0,101260,2.5100894E-06
0,101270,2.509789E-06
0,101280,2.509489E-06
0,101290,2.5091886E-06
0,101300,2.5088884E-06
0,101310,2.5085883E-06
0,101320,2.5082882E-06
0,101330,2.5079883E-06
0,101340,2.5076881E-06
0,101350,2.5073882E-06
0,101360,2.507088E-06
0,101370,2.5067882E-06
0,101380,2.5064883E-06
0,101390,2.5061886E-06
0,101400,2.5058887E-06
0,101410,2.505589E-06
0,101420,2.505289E-06
0,101430,2.5049894E-06
0,101440,2.5046897E-06
0,101450,2.50439E-06
0,101460,2.5040906E-06
0,101470,2.503791E-06
0,101480,2.5034915E-06
0,101490,2.503192E-06
0,101500,2.5028926E-06
0,101510,2.5025931E-06
0,101520,2.5022937E-06
0,101530,2.5019945E-06
0,101540,2.501695E-06
0,101550,2.5013958E-06
0,101560,2.5010966E-06
0,101570,2.5007973E-06
0,101580,2.500498E-06
0,101590,2.5001991E-06
0,101600,2.4999E-06
0,101610,2.499601E-06
0,101620,2.499302E-06
0,101630,2.499003E-06
0,101640,2.498704E-06
0,101650,2.498405E-06
0,101660,2.4981061E-06
0,101670,2.4978074E-06
0,101680,2.4975084E-06
0,101690,2.4972096E-06
0,101700,2.4969108E-06
0,101710,2.4966123E-06
0,101720,2.4963135E-06
0,101730,2.496015E-06
0,101740,2.4957164E-06
0,101750,2.4954177E-06
0,101760,2.4951194E-06
0,101770,2.4948208E-06
0,101780,2.4945223E-06
0,101790,2.494224E-06
0,101800,2.4939254E-06
0,101810,2.493627E-06
0,101820,2.4933288E-06
0,101830,2.4930305E-06
0,101840,2.4927324E-06
0,101850,2.492434E-06
0,101860,2.492136E-06
0,101870,2.491838E-06
0,101880,2.4915398E-06
0,101890,2.4912417E-06
0,101900,2.4909436E-06
0,101910,2.4906456E-06
0,101920,2.4903477E-06
0,101930,2.4900498E-06
0,101940,2.489752E-06
0,101950,2.4894541E-06
0,101960,2.4891563E-06
0,101970,2.4888584E-06
0,101980,2.4885608E-06
0,101990,2.488263E-06
0,102000,2.4879653E-06
0,102010,2.4876676E-06
0,102020,2.48737E-06
0,102030,2.4870726E-06
0,102040,2.486775E-06
0,102050,2.4864776E-06
0,102060,2.4861802E-06
0,102070,2.4858828E-06
0,102080,2.4855854E-06
0,102090,2.485288E-06
0,102100,2.4849905E-06
0,102110,2.4846934E-06
0,102120,2.4843962E-06
0,102130,2.4840988E-06
0,102140,2.4838016E-06
0,102150,2.4835047E-06
0,102160,2.4832075E-06
0,102170,2.4829103E-06
0,102180,2.4826134E-06
0,102190,2.4823164E-06
0,102200,2.4820195E-06
0,102210,2.4817225E-06
0,102220,2.4814256E-06
0,102230,2.4811288E-06
0,102240,2.4808319E-06
0,102250,2.4805352E-06
0,102260,2.4802384E-06
0,102270,2.4799417E-06
0,102280,2.479645E-06
0,102290,2.4793485E-06
0,102300,2.4790518E-06
0,102310,2.4787553E-06
0,102320,2.4784588E-06
0,102330,2.4781623E-06
0,102340,2.4778658E-06
0,102350,2.4775693E-06
0,102360,2.477273E-06
0,102370,2.4769765E-06
0,102380,2.4766803E-06
0,102390,2.476384E-06
0,102400,2.4760877E-06
0,102410,2.4757915E-06
0,102420,2.4754954E-06
0,102430,2.4751992E-06
0,102440,2.474903E-06
0,102450,2.474607E-06
0,102460,2.474311E-06
0,102470,2.474015E-06
0,102480,2.473719E-06
0,102490,2.4734231E-06
0,102500,2.473127E-06
0,102510,2.4728313E-06
0,102520,2.4725355E-06
0,102530,2.4722397E-06
0,102540,2.471944E-06
0,102550,2.4716483E-06
0,102560,2.4713527E-06
0,102570,2.4710569E-06
0,102580,2.4707613E-06
0,102590,2.4704657E-06
0,102600,2.47017E-06
0,102610,2.4698747E-06
0,102620,2.4695792E-06
0,102630,2.4692838E-06
0,102640,2.4689884E-06
0,102650,2.468693E-06
0,102660,2.4683977E-06
0,102670,2.4681024E-06
0,102680,2.4678072E-06
0,102690,2.4675119E-06
0,102700,2.4672167E-06
0,102710,2.4669216E-06
0,102720,2.4666265E-06
0,102730,2.4663314E-06
0,102740,2.4660364E-06
0,102750,2.4657413E-06
0,102760,2.4654464E-06
0,102770,2.4651515E-06
0,102780,2.4648566E-06
0,102790,2.4645617E-06
0,102800,2.4642668E-06
0,102810,2.4639721E-06
0,102820,2.4636772E-06
0,102830,2.4633825E-06
0,102840,2.4630879E-06
0,102850,2.4627932E-06
0,102860,2.4624985E-06
0,102870,2.462204E-06
0,102880,2.4619094E-06
0,102890,2.461615E-06
0,102900,2.4613205E-06
0,102910,2.461026E-06
0,102920,2.4607316E-06
0,102930,2.4604371E-06
0,102940,2.460143E-06
0,102950,2.4598485E-06
0,102960,2.4595543E-06
0,102970,2.45926E-06
0,102980,2.4589658E-06
0,102990,2.4586716E-06
0,103000,2.4583776E-06
0,103010,2.4580834E-06
0,103020,2.4577894E-06
0,103030,2.4574954E-06
0,103040,2.4572014E-06
0,103050,2.4569074E-06
0,103060,2.4566136E-06
0,103070,2.4563196E-06
0,103080,2.4560259E-06
0,103090,2.455732E-06
0,103100,2.455438E-06
0,103110,2.4551446E-06
0,103120,2.4548508E-06
0,103130,2.454557E-06
0,103140,2.4542635E-06
0,103150,2.45397E-06
0,103160,2.4536762E-06
0,103170,2.4533826E-06
0,103180,2.4530893E-06
0,103190,2.4527958E-06
0,103200,2.4525025E-06
0,103210,2.452209E-06
0,103220,2.4519156E-06
0,103230,2.4516223E-06
0,103240,2.451329E-06
0,103250,2.4510357E-06
0,103260,2.4507426E-06
0,103270,2.4504493E-06
0,103280,2.4501562E-06
0,103290,2.4498631E-06
0,103300,2.44957E-06
0,103310,2.449277E-06
0,103320,2.448984E-06
0,103330,2.448691E-06
0,103340,2.4483982E-06
0,103350,2.4481053E-06
0,103360,2.4478122E-06
0,103370,2.4475196E-06
0,103380,2.4472267E-06
0,103390,2.4469339E-06
0,103400,2.4466412E-06
0,103410,2.4463486E-06
0,103420,2.446056E-06
0,103430,2.4457634E-06
0,103440,2.4454707E-06
0,103450,2.445178E-06
0,103460,2.4448857E-06
0,103470,2.444593E-06
0,103480,2.4443007E-06
0,103490,2.4440083E-06
0,103500,2.4437159E-06
0,103510,2.4434235E-06
0,103520,2.4431313E-06
0,103530,2.442839E-06
0,103540,2.4425467E-06
0,103550,2.4422545E-06
0,103560,2.4419624E-06
0,103570,2.4416702E-06
0,103580,2.4413782E-06
0,103590,2.441086E-06
0,103600,2.440794E-06
0,103610,2.4405022E-06
0,103620,2.4402102E-06
0,103630,2.4399183E-06
0,103640,2.4396263E-06
0,103650,2.4393346E-06
0,103660,2.4390426E-06
0,103670,2.438751E-06
0,103680,2.4384592E-06
0,103690,2.4381675E-06
0,103700,2.4378758E-06
0,103710,2.437584E-06
0,103720,2.4372926E-06
0,103730,2.4370008E-06
0,103740,2.4367093E-06
0,103750,2.4364178E-06
0,103760,2.4361264E-06
0,103770,2.435835E-06
0,103780,2.4355436E-06
0,103790,2.4352523E-06
0,103800,2.4349608E-06
0,103810,2.4346696E-06
0,103820,2.4343783E-06
0,103830,2.4340873E-06
0,103840,2.433796E-06
0,103850,2.4335047E-06
0,103860,2.4332137E-06
0,103870,2.4329227E-06
0,103880,2.4326316E-06
0,103890,2.4323406E-06
0,103900,2.4320495E-06
0,103910,2.4317587E-06
0,103920,2.4314677E-06
0,103930,2.4311769E-06
0,103940,2.430886E-06
0,103950,2.4305953E-06
0,103960,2.4303044E-06
0,103970,2.4300136E-06
0,103980,2.429723E-06
0,103990,2.4294322E-06
0,104000,2.4291417E-06
0,104010,2.428851E-06
0,104020,2.4285605E-06
0,104030,2.42827E-06
0,104040,2.4279796E-06
0,104050,2.427689E-06
0,104060,2.4273986E-06
0,104070,2.4271083E-06
0,104080,2.426818E-06
0,104090,2.4265275E-06
0,104100,2.4262374E-06
0,104110,2.425947E-06
0,104120,2.425657E-06
0,104130,2.4253666E-06
0,104140,2.4250764E-06
0,104150,2.4247863E-06
0,104160,2.4244964E-06
0,104170,2.4242063E-06
0,104180,2.4239164E-06
0,104190,2.4236263E-06
0,104200,2.4233364E-06
0,104210,2.4230465E-06
0,104220,2.4227566E-06
0,104230,2.4224669E-06
0,104240,2.422177E-06
0,104250,2.4218873E-06
0,104260,2.4215974E-06
0,104270,2.4213077E-06
0,104280,2.421018E-06
0,104290,2.4207286E-06
0,104300,2.420439E-06
0,104310,2.4201495E-06
0,104320,2.4198598E-06
0,104330,2.4195704E-06
0,104340,2.419281E-06
0,104350,2.4189915E-06
0,104360,2.418702E-06
0,104370,2.4184128E-06
0,104380,2.4181236E-06
0,104390,2.4178341E-06
0,104400,2.417545E-06
0,104410,2.4172557E-06
0,104420,2.4169665E-06
0,104430,2.4166775E-06
0,104440,2.4163883E-06
0,104450,2.4160993E-06
0,104460,2.4158103E-06
0,104470,2.4155213E-06
0,104480,2.4152323E-06
0,104490,2.4149433E-06
0,104500,2.4146543E-06
0,104510,2.4143656E-06
0,104520,2.4140768E-06
0,104530,2.413788E-06
0,104540,2.4134993E-06
0,104550,2.4132105E-06
0,104560,2.4129217E-06
0,104570,2.4126332E-06
0,104580,2.4123444E-06
0,104590,2.412056E-06
0,104600,2.4117674E-06
0,104610,2.4114788E-06
0,104620,2.4111903E-06
0,104630,2.410902E-06
0,104640,2.4106134E-06
0,104650,2.4103251E-06
0,104660,2.4100368E-06
0,104670,2.4097485E-06
0,104680,2.4094602E-06
0,104690,2.4091719E-06
0,104700,2.4088838E-06
0,104710,2.4085955E-06
0,104720,2.4083074E-06
0,104730,2.4080193E-06
0,104740,2.4077312E-06
0,104750,2.4074432E-06
0,104760,2.4071553E-06
0,104770,2.4068672E-06
0,104780,2.4065794E-06
0,104790,2.4062915E-06
0,104800,2.4060037E-06
0,104810,2.4057158E-06
0,104820,2.405428E-06
0,104830,2.40514E-06
0,104840,2.4048525E-06
0,104850,2.4045648E-06
0,104860,2.4042772E-06
0,104870,2.4039896E-06
0,104880,2.403702E-06
0,104890,2.4034143E-06
0,104900,2.403127E-06
0,104910,2.4028393E-06
0,104920,2.402552E-06
0,104930,2.4022645E-06
0,104940,2.401977E-06
0,104950,2.4016897E-06
0,104960,2.4014025E-06
0,104970,2.4011151E-06
0,104980,2.400828E-06
0,104990,2.4005408E-06
0,105000,2.4002536E-06
0,105010,2.3999664E-06
0,105020,2.3996793E-06
0,105030,2.3993923E-06
0,105040,2.3991051E-06
0,105050,2.3988182E-06
0,105060,2.3985313E-06
0,105070,2.3982443E-06
0,105080,2.3979574E-06
0,105090,2.3976706E-06
0,105100,2.3973837E-06
0,105110,2.397097E-06
0,105120,2.3968103E-06
0,105130,2.3965235E-06
0,105140,2.3962368E-06
0,105150,2.39595E-06
0,105160,2.3956634E-06
0,105170,2.395377E-06
0,105180,2.3950904E-06
0,105190,2.3948037E-06
0,105200,2.3945172E-06
0,105210,2.394231E-06
0,105220,2.3939444E-06
0,105230,2.393658E-06
0,105240,2.3933717E-06
0,105250,2.3930854E-06
0,105260,2.3927992E-06
0,105270,2.392513E-06
0,105280,2.3922266E-06
0,105290,2.3919404E-06
0,105300,2.3916543E-06
0,105310,2.3913683E-06
0,105320,2.391082E-06
0,105330,2.390796E-06
0,105340,2.3905102E-06
0,105350,2.3902242E-06
0,105360,2.3899381E-06
0,105370,2.3896523E-06
0,105380,2.3893665E-06
0,105390,2.3890805E-06
0,105400,2.3887947E-06
0,105410,2.388509E-06
0,105420,2.3882233E-06
0,105430,2.3879375E-06
0,105440,2.3876519E-06
0,105450,2.3873663E-06
0,105460,2.3870807E-06
0,105470,2.3867951E-06
0,105480,2.3865095E-06
0,105490,2.386224E-06
0,105500,2.3859386E-06
0,105510,2.3856533E-06
0,105520,2.3853677E-06
0,105530,2.3850823E-06
0,105540,2.3847972E-06
0,105550,2.3845118E-06
0,105560,2.3842265E-06
0,105570,2.3839414E-06
0,105580,2.3836562E-06
0,105590,2.3833709E-06
0,105600,2.383086E-06
0,105610,2.3828009E-06
0,105620,2.3825157E-06
0,105630,2.3822306E-06
0,105640,2.3819457E-06
0,105650,2.3816608E-06
0,105660,2.381376E-06
0,105670,2.381091E-06
0,105680,2.380806E-06
0,105690,2.3805214E-06
0,105700,2.3802365E-06
0,105710,2.3799519E-06
0,105720,2.3796672E-06
0,105730,2.3793825E-06
0,105740,2.3790979E-06
0,105750,2.3788132E-06
0,105760,2.3785285E-06
0,105770,2.378244E-06
0,105780,2.3779596E-06
0,105790,2.3776752E-06
0,105800,2.3773907E-06
0,105810,2.3771063E-06
0,105820,2.3768218E-06
0,105830,2.3765376E-06
0,105840,2.3762532E-06
0,105850,2.375969E-06
0,105860,2.3756847E-06
0,105870,2.3754005E-06
0,105880,2.3751163E-06
0,105890,2.3748323E-06
0,105900,2.374548E-06
0,105910,2.374264E-06
0,105920,2.3739801E-06
0,105930,2.3736961E-06
0,105940,2.3734121E-06
0,105950,2.3731282E-06
0,105960,2.3728442E-06
0,105970,2.3725604E-06
0,105980,2.3722766E-06
0,105990,2.3719929E-06
0,106000,2.3717091E-06
0,106010,2.3714254E-06
0,106020,2.3711416E-06
0,106030,2.370858E-06
0,106040,2.3705743E-06
0,106050,2.3702908E-06
0,106060,2.3700072E-06
0,106070,2.3697237E-06
0,106080,2.3694402E-06
0,106090,2.3691566E-06
0,106100,2.3688733E-06
0,106110,2.36859E-06
0,106120,2.3683065E-06
0,106130,2.3680232E-06
0,106140,2.3677399E-06
0,106150,2.3674568E-06
0,106160,2.3671735E-06
0,106170,2.3668904E-06
0,106180,2.366607E-06
0,106190,2.366324E-06
0,106200,2.366041E-06
0,106210,2.3657578E-06
0,106220,2.365475E-06
0,106230,2.365192E-06
0,106240,2.364909E-06
0,106250,2.364626E-06
0,106260,2.3643431E-06
0,106270,2.3640603E-06
0,106280,2.3637776E-06
0,106290,2.3634948E-06
0,106300,2.363212E-06
0,106310,2.3629293E-06
0,106320,2.3626467E-06
0,106330,2.362364E-06
0,106340,2.3620814E-06
0,106350,2.3617988E-06
0,106360,2.3615164E-06
0,106370,2.3612338E-06
0,106380,2.3609514E-06
0,106390,2.360669E-06
0,106400,2.3603866E-06
0,106410,2.3601042E-06
0,106420,2.3598218E-06
0,106430,2.3595394E-06
0,106440,2.3592572E-06
0,106450,2.358975E-06
0,106460,2.3586929E-06
0,106470,2.3584107E-06
0,106480,2.3581285E-06
0,106490,2.3578464E-06
0,106500,2.3575642E-06
0,106510,2.3572823E-06
0,106520,2.3570003E-06
0,106530,2.3567184E-06
0,106540,2.3564364E-06
0,106550,2.3561545E-06
0,106560,2.3558725E-06
0,106570,2.3555908E-06
0,106580,2.3553089E-06
0,106590,2.3550272E-06
0,106600,2.3547454E-06
0,106610,2.3544637E-06
0,106620,2.3541822E-06
0,106630,2.3539005E-06
0,106640,2.3536188E-06
0,106650,2.3533373E-06
0,106660,2.3530558E-06
0,106670,2.3527743E-06
0,106680,2.3524929E-06
0,106690,2.3522114E-06
0,106700,2.35193E-06
0,106710,2.3516486E-06
0,106720,2.3513674E-06
0,106730,2.351086E-06
0,106740,2.3508048E-06
0,106750,2.3505236E-06
0,106760,2.3502423E-06
0,106770,2.3499613E-06
0,106780,2.3496802E-06
0,106790,2.349399E-06
0,106800,2.349118E-06
0,106810,2.348837E-06
0,106820,2.3485559E-06
0,106830,2.348275E-06
0,106840,2.347994E-06
0,106850,2.3477132E-06
0,106860,2.3474324E-06
0,106870,2.3471516E-06
0,106880,2.3468708E-06
0,106890,2.34659E-06
0,106900,2.3463092E-06
0,106910,2.3460286E-06
0,106920,2.345748E-06
0,106930,2.3454672E-06
0,106940,2.3451867E-06
0,106950,2.3449063E-06
0,106960,2.3446257E-06
0,106970,2.3443451E-06
0,106980,2.3440648E-06
0,106990,2.3437844E-06
0,107000,2.3435039E-06
0,107010,2.3432235E-06
0,107020,2.3429434E-06
0,107030,2.342663E-06
0,107040,2.3423827E-06
0,107050,2.3421026E-06
0,107060,2.3418224E-06
0,107070,2.3415423E-06
0,107080,2.3412622E-06
0,107090,2.340982E-06
0,107100,2.340702E-06
0,107110,2.340422E-06
0,107120,2.340142E-06
0,107130,2.339862E-06
0,107140,2.3395821E-06
0,107150,2.3393022E-06
0,107160,2.3390223E-06
0,107170,2.3387427E-06
0,107180,2.3384628E-06
0,107190,2.338183E-06
0,107200,2.3379034E-06
0,107210,2.3376235E-06
0,107220,2.337344E-06
0,107230,2.3370644E-06
0,107240,2.3367847E-06
0,107250,2.3365053E-06
0,107260,2.3362256E-06
0,107270,2.3359462E-06
0,107280,2.3356667E-06
0,107290,2.3353873E-06
0,107300,2.335108E-06
0,107310,2.3348287E-06
0,107320,2.3345494E-06
0,107330,2.33427E-06
0,107340,2.3339908E-06
0,107350,2.3337116E-06
0,107360,2.3334323E-06
0,107370,2.3331534E-06
0,107380,2.3328741E-06
0,107390,2.3325952E-06
0,107400,2.3323162E-06
0,107410,2.332037E-06
0,107420,2.3317582E-06
0,107430,2.3314792E-06
0,107440,2.3312002E-06
0,107450,2.3309215E-06
0,107460,2.3306425E-06
0,107470,2.3303637E-06
0,107480,2.330085E-06
0,107490,2.3298062E-06
0,107500,2.3295274E-06
0,107510,2.3292487E-06
0,107520,2.3289701E-06
0,107530,2.3286916E-06
0,107540,2.3284128E-06
0,107550,2.3281343E-06
0,107560,2.3278558E-06
0,107570,2.3275775E-06
0,107580,2.327299E-06
0,107590,2.3270206E-06
0,107600,2.326742E-06
0,107610,2.3264638E-06
0,107620,2.3261855E-06
0,107630,2.3259072E-06
0,107640,2.325629E-06
0,107650,2.3253508E-06
0,107660,2.3250725E-06
0,107670,2.3247944E-06
0,107680,2.3245163E-06
0,107690,2.3242383E-06
0,107700,2.3239602E-06
0,107710,2.323682E-06
0,107720,2.3234043E-06
0,107730,2.3231264E-06
0,107740,2.3228483E-06
0,107750,2.3225705E-06
0,107760,2.3222926E-06
0,107770,2.3220148E-06
0,107780,2.3217372E-06
0,107790,2.3214593E-06
0,107800,2.3211817E-06
0,107810,2.3209038E-06
0,107820,2.3206262E-06
0,107830,2.3203486E-06
0,107840,2.3200712E-06
0,107850,2.3197936E-06
0,107860,2.319516E-06
0,107870,2.3192385E-06
0,107880,2.3189612E-06
0,107890,2.3186838E-06
0,107900,2.3184064E-06
0,107910,2.318129E-06
0,107920,2.3178516E-06
0,107930,2.3175744E-06
0,107940,2.3172972E-06
0,107950,2.3170198E-06
0,107960,2.3167427E-06
0,107970,2.3164655E-06
0,107980,2.3161886E-06
0,107990,2.3159114E-06
0,108000,2.3156342E-06
0,108010,2.3153573E-06
0,108020,2.3150803E-06
0,108030,2.3148034E-06
0,108040,2.3145265E-06
0,108050,2.3142495E-06
0,108060,2.3139728E-06
0,108070,2.3136959E-06
0,108080,2.3134191E-06
0,108090,2.3131424E-06
0,108100,2.3128657E-06
0,108110,2.312589E-06
0,108120,2.3123123E-06
0,108130,2.3120358E-06
0,108140,2.311759E-06
0,108150,2.3114826E-06
0,108160,2.3112061E-06
0,108170,2.3109296E-06
0,108180,2.3106531E-06
0,108190,2.3103767E-06
0,108200,2.3101004E-06
0,108210,2.309824E-06
0,108220,2.3095477E-06
0,108230,2.3092714E-06
0,108240,2.3089951E-06
0,108250,2.3087189E-06
0,108260,2.3084426E-06
0,108270,2.3081666E-06
0,108280,2.3078903E-06
0,108290,2.3076143E-06
0,108300,2.3073383E-06
0,108310,2.3070622E-06
0,108320,2.3067862E-06
0,108330,2.3065104E-06
0,108340,2.3062344E-06
0,108350,2.3059586E-06
0,108360,2.3056825E-06
0,108370,2.3054067E-06
0,108380,2.305131E-06
0,108390,2.3048553E-06
0,108400,2.3045795E-06
0,108410,2.3043037E-06
0,108420,2.3040282E-06
0,108430,2.3037526E-06
0,108440,2.303477E-06
0,108450,2.3032014E-06
0,108460,2.3029259E-06
0,108470,2.3026503E-06
0,108480,2.302375E-06
0,108490,2.3020993E-06
0,108500,2.301824E-06
0,108510,2.3015486E-06
0,108520,2.3012733E-06
0,108530,2.3009982E-06
0,108540,2.3007228E-06
0,108550,2.3004475E-06
0,108560,2.3001724E-06
0,108570,2.2998972E-06
0,108580,2.299622E-06
0,108590,2.299347E-06
0,108600,2.2990719E-06
0,108610,2.298797E-06
0,108620,2.2985218E-06
0,108630,2.298247E-06
0,108640,2.297972E-06
0,108650,2.2976972E-06
0,108660,2.2974223E-06
0,108670,2.2971474E-06
0,108680,2.2968725E-06
0,108690,2.2965978E-06
0,108700,2.2963231E-06
0,108710,2.2960483E-06
0,108720,2.2957736E-06
0,108730,2.295499E-06
0,108740,2.2952245E-06
0,108750,2.2949498E-06
0,108760,2.2946754E-06
0,108770,2.2944007E-06
0,108780,2.2941263E-06
0,108790,2.2938518E-06
0,108800,2.2935774E-06
0,108810,2.2933032E-06
0,108820,2.2930287E-06
0,108830,2.2927545E-06
0,108840,2.29248E-06
0,108850,2.2922059E-06
0,108860,2.2919317E-06
0,108870,2.2916574E-06
0,108880,2.2913835E-06
0,108890,2.2911092E-06
0,108900,2.2908353E-06
0,108910,2.290561E-06
0,108920,2.290287E-06
0,108930,2.290013E-06
0,108940,2.289739E-06
0,108950,2.2894653E-06
0,108960,2.2891913E-06
0,108970,2.2889176E-06
0,108980,2.2886436E-06
0,108990,2.2883698E-06
0,109000,2.288096E-06
0,109010,2.2878223E-06
0,109020,2.2875488E-06
0,109030,2.287275E-06
0,109040,2.2870015E-06
0,109050,2.286728E-06
0,109060,2.2864542E-06
0,109070,2.2861807E-06
0,109080,2.2859074E-06
0,109090,2.2856339E-06
0,109100,2.2853603E-06
0,109110,2.285087E-06
0,109120,2.2848137E-06
0,109130,2.2845404E-06
0,109140,2.284267E-06
0,109150,2.2839938E-06
0,109160,2.2837205E-06
0,109170,2.2834474E-06
0,109180,2.2831741E-06
0,109190,2.282901E-06
0,109200,2.282628E-06
0,109210,2.282355E-06
0,109220,2.2820818E-06
0,109230,2.2818087E-06
0,109240,2.281536E-06
0,109250,2.2812628E-06
0,109260,2.28099E-06
0,109270,2.2807171E-06
0,109280,2.2804443E-06
0,109290,2.2801714E-06
0,109300,2.2798988E-06
0,109310,2.279626E-06
0,109320,2.2793533E-06
0,109330,2.2790807E-06
0,109340,2.2788079E-06
0,109350,2.2785355E-06
0,109360,2.2782629E-06
0,109370,2.2779902E-06
0,109380,2.2777178E-06
0,109390,2.2774452E-06
0,109400,2.2771728E-06
0,109410,2.2769004E-06
0,109420,2.276628E-06
0,109430,2.2763556E-06
0,109440,2.2760833E-06
0,109450,2.275811E-06
0,109460,2.275539E-06
0,109470,2.2752665E-06
0,109480,2.2749944E-06
0,109490,2.2747222E-06
0,109500,2.27445E-06
0,109510,2.274178E-06
0,109520,2.273906E-06
0,109530,2.273634E-06
0,109540,2.273362E-06
0,109550,2.27309E-06
0,109560,2.2728182E-06
0,109570,2.2725462E-06
0,109580,2.2722743E-06
0,109590,2.2720026E-06
0,109600,2.2717306E-06
0,109610,2.271459E-06
0,109620,2.2711872E-06
0,109630,2.2709155E-06
0,109640,2.2706438E-06
0,109650,2.2703723E-06
0,109660,2.2701006E-06
0,109670,2.269829E-06
0,109680,2.2695574E-06
0,109690,2.269286E-06
0,109700,2.2690144E-06
0,109710,2.2687432E-06
0,109720,2.2684717E-06
0,109730,2.2682002E-06
0,109740,2.267929E-06
0,109750,2.2676577E-06
0,109760,2.2673864E-06
0,109770,2.2671152E-06
0,109780,2.266844E-06
0,109790,2.2665727E-06
0,109800,2.2663016E-06
0,109810,2.2660304E-06
0,109820,2.2657593E-06
0,109830,2.2654883E-06
0,109840,2.2652173E-06
0,109850,2.2649463E-06
0,109860,2.2646755E-06
0,109870,2.2644044E-06
0,109880,2.2641336E-06
0,109890,2.2638628E-06
0,109900,2.263592E-06
0,109910,2.2633212E-06
0,109920,2.2630504E-06
0,109930,2.2627796E-06
0,109940,2.262509E-06
0,109950,2.2622382E-06
0,109960,2.2619677E-06
0,109970,2.261697E-06
0,109980,2.2614265E-06
0,109990,2.261156E-06
0,110000,2.2608856E-06
0,110010,2.260615E-06
0,110020,2.2603447E-06
0,110030,2.260074E-06
0,110040,2.2598038E-06
0,110050,2.2595334E-06
0,110060,2.2592633E-06
0,110070,2.258993E-06
0,110080,2.2587226E-06
0,110090,2.2584525E-06
0,110100,2.2581823E-06
0,110110,2.2579122E-06
0,110120,2.257642E-06
0,110130,2.257372E-06
0,110140,2.2571019E-06
0,110150,2.256832E-06
0,110160,2.2565619E-06
0,110170,2.256292E-06
0,110180,2.256022E-06
0,110190,2.2557522E-06
0,110200,2.2554823E-06
0,110210,2.2552124E-06
0,110220,2.2549427E-06
0,110230,2.2546728E-06
0,110240,2.2544032E-06
0,110250,2.2541335E-06
0,110260,2.2538638E-06
0,110270,2.2535942E-06
0,110280,2.2533247E-06
0,110290,2.253055E-06
0,110300,2.2527856E-06
0,110310,2.252516E-06
0,110320,2.2522465E-06
0,110330,2.251977E-06
0,110340,2.2517077E-06
0,110350,2.2514384E-06
0,110360,2.251169E-06
0,110370,2.2508998E-06
0,110380,2.2506306E-06
0,110390,2.2503611E-06
0,110400,2.250092E-06
0,110410,2.249823E-06
0,110420,2.2495537E-06
0,110430,2.2492845E-06
0,110440,2.2490156E-06
0,110450,2.2487466E-06
0,110460,2.2484776E-06
0,110470,2.2482086E-06
0,110480,2.2479396E-06
0,110490,2.2476706E-06
0,110500,2.2474017E-06
0,110510,2.247133E-06
0,110520,2.2468641E-06
0,110530,2.2465954E-06
0,110540,2.2463266E-06
0,110550,2.2460579E-06
0,110560,2.2457891E-06
0,110570,2.2455204E-06
0,110580,2.2452518E-06
0,110590,2.2449833E-06
0,110600,2.2447146E-06
0,110610,2.244446E-06
0,110620,2.2441777E-06
0,110630,2.2439092E-06
0,110640,2.2436407E-06
0,110650,2.2433724E-06
0,110660,2.243104E-06
0,110670,2.2428355E-06
0,110680,2.2425672E-06
0,110690,2.242299E-06
0,110700,2.2420309E-06
0,110710,2.2417626E-06
0,110720,2.2414945E-06
0,110730,2.2412262E-06
0,110740,2.240958E-06
0,110750,2.24069E-06
0,110760,2.240422E-06
0,110770,2.240154E-06
0,110780,2.239886E-06
0,110790,2.239618E-06
0,110800,2.2393501E-06
0,110810,2.2390823E-06
0,110820,2.2388144E-06
0,110830,2.2385466E-06
0,110840,2.2382787E-06
0,110850,2.238011E-06
0,110860,2.2377433E-06
0,110870,2.2374757E-06
0,110880,2.2372078E-06
0,110890,2.2369402E-06
0,110900,2.2366726E-06
0,110910,2.2364052E-06
0,110920,2.2361376E-06
0,110930,2.2358702E-06
0,110940,2.2356026E-06
0,110950,2.2353352E-06
0,110960,2.2350678E-06
0,110970,2.2348004E-06
0,110980,2.234533E-06
0,110990,2.2342656E-06
0,111000,2.2339984E-06
0,111010,2.2337313E-06
0,111020,2.2334639E-06
0,111030,2.2331967E-06
0,111040,2.2329295E-06
0,111050,2.2326624E-06
0,111060,2.2323954E-06
0,111070,2.2321283E-06
0,111080,2.2318613E-06
0,111090,2.2315944E-06
0,111100,2.2313275E-06
0,111110,2.2310605E-06
0,111120,2.2307936E-06
0,111130,2.2305267E-06
0,111140,2.2302597E-06
0,111150,2.229993E-06
0,111160,2.2297263E-06
0,111170,2.2294596E-06
0,111180,2.229193E-06
0,111190,2.2289262E-06
0,111200,2.2286595E-06
0,111210,2.228393E-06
0,111220,2.2281263E-06
0,111230,2.2278598E-06
0,111240,2.2275933E-06
0,111250,2.2273268E-06
0,111260,2.2270603E-06
0,111270,2.2267939E-06
0,111280,2.2265276E-06
0,111290,2.2262611E-06
0,111300,2.2259949E-06
0,111310,2.2257286E-06
0,111320,2.2254624E-06
0,111330,2.225196E-06
0,111340,2.2249299E-06
0,111350,2.2246636E-06
0,111360,2.2243976E-06
0,111370,2.2241315E-06
0,111380,2.2238653E-06
0,111390,2.2235993E-06
0,111400,2.2233332E-06
0,111410,2.2230674E-06
0,111420,2.2228014E-06
0,111430,2.2225356E-06
0,111440,2.2222696E-06
0,111450,2.2220038E-06
0,111460,2.221738E-06
0,111470,2.2214722E-06
0,111480,2.2212064E-06
0,111490,2.2209408E-06
0,111500,2.220675E-06
0,111510,2.2204094E-06
0,111520,2.2201436E-06
0,111530,2.219878E-06
0,111540,2.2196125E-06
0,111550,2.2193472E-06
0,111560,2.2190816E-06
0,111570,2.218816E-06
0,111580,2.2185507E-06
0,111590,2.2182853E-06
0,111600,2.21802E-06
0,111610,2.2177546E-06
0,111620,2.2174893E-06
0,111630,2.217224E-06
0,111640,2.2169588E-06
0,111650,2.2166935E-06
0,111660,2.2164284E-06
0,111670,2.2161632E-06
0,111680,2.2158981E-06
0,111690,2.215633E-06
0,111700,2.2153679E-06
0,111710,2.215103E-06
0,111720,2.2148379E-06
0,111730,2.214573E-06
0,111740,2.214308E-06
0,111750,2.2140432E-06
0,111760,2.2137783E-06
0,111770,2.2135134E-06
0,111780,2.2132488E-06
0,111790,2.2129839E-06
0,111800,2.2127192E-06
0,111810,2.2124545E-06
0,111820,2.2121899E-06
0,111830,2.2119252E-06
0,111840,2.2116606E-06
0,111850,2.211396E-06
0,111860,2.2111315E-06
0,111870,2.210867E-06
0,111880,2.2106024E-06
0,111890,2.210338E-06
0,111900,2.2100735E-06
0,111910,2.2098093E-06
0,111920,2.2095448E-06
0,111930,2.2092804E-06
0,111940,2.2090162E-06
0,111950,2.208752E-06
0,111960,2.2084878E-06
0,111970,2.2082236E-06
0,111980,2.2079594E-06
0,111990,2.2076952E-06
0,112000,2.2074312E-06
0,112010,2.207167E-06
0,112020,2.206903E-06
0,112030,2.206639E-06
0,112040,2.206375E-06
0,112050,2.206111E-06
0,112060,2.205847E-06
0,112070,2.2055833E-06
0,112080,2.2053193E-06
0,112090,2.2050556E-06
0,112100,2.2047918E-06
0,112110,2.204528E-06
0,112120,2.2042643E-06
0,112130,2.2040006E-06
0,112140,2.203737E-06
0,112150,2.2034733E-06
0,112160,2.2032098E-06
0,112170,2.2029462E-06
0,112180,2.2026827E-06
0,112190,2.2024192E-06
0,112200,2.2021557E-06
0,112210,2.2018924E-06
0,112220,2.2016288E-06
0,112230,2.2013655E-06
0,112240,2.201102E-06
0,112250,2.2008387E-06
0,112260,2.2005754E-06
0,112270,2.2003123E-06
0,112280,2.200049E-06
0,112290,2.199786E-06
0,112300,2.1995227E-06
0,112310,2.1992596E-06
0,112320,2.1989965E-06
0,112330,2.1987335E-06
0,112340,2.1984704E-06
0,112350,2.1982073E-06
0,112360,2.1979445E-06
0,112370,2.1976814E-06
0,112380,2.1974186E-06
0,112390,2.1971557E-06
0,112400,2.1968929E-06
0,112410,2.19663E-06
0,112420,2.1963672E-06
0,112430,2.1961046E-06
0,112440,2.1958417E-06
0,112450,2.195579E-06
0,112460,2.1953165E-06
0,112470,2.1950539E-06
0,112480,2.1947913E-06
0,112490,2.1945286E-06
0,112500,2.1942662E-06
0,112510,2.1940036E-06
0,112520,2.1937412E-06
0,112530,2.1934788E-06
0,112540,2.1932165E-06
0,112550,2.192954E-06
0,112560,2.1926917E-06
0,112570,2.1924293E-06
0,112580,2.1921671E-06
0,112590,2.1919047E-06
0,112600,2.1916426E-06
0,112610,2.1913804E-06
0,112620,2.1911183E-06
0,112630,2.190856E-06
0,112640,2.1905942E-06
0,112650,2.190332E-06
0,112660,2.19007E-06
0,112670,2.189808E-06
0,112680,2.189546E-06
0,112690,2.189284E-06
0,112700,2.189022E-06
0,112710,2.1887604E-06
0,112720,2.1884985E-06
0,112730,2.1882367E-06
0,112740,2.1879748E-06
0,112750,2.187713E-06
0,112760,2.1874514E-06
0,112770,2.1871897E-06
0,112780,2.1869282E-06
0,112790,2.1866665E-06
0,112800,2.186405E-06
0,112810,2.1861433E-06
0,112820,2.1858818E-06
0,112830,2.1856204E-06
0,112840,2.1853589E-06
0,112850,2.1850974E-06
0,112860,2.1848361E-06
0,112870,2.1845747E-06
0,112880,2.1843134E-06
0,112890,2.1840522E-06
0,112900,2.1837907E-06
0,112910,2.1835294E-06
0,112920,2.1832684E-06
0,112930,2.1830072E-06
0,112940,2.182746E-06
0,112950,2.1824849E-06
0,112960,2.1822239E-06
0,112970,2.1819628E-06
0,112980,2.1817018E-06
0,112990,2.1814408E-06
0,113000,2.1811798E-06
0,113010,2.1809187E-06
0,113020,2.180658E-06
0,113030,2.1803971E-06
0,113040,2.180136E-06
0,113050,2.1798753E-06
0,113060,2.1796147E-06
0,113070,2.179354E-06
0,113080,2.1790931E-06
0,113090,2.1788326E-06
0,113100,2.1785718E-06
0,113110,2.1783112E-06
0,113120,2.1780506E-06
0,113130,2.17779E-06
0,113140,2.1775295E-06
0,113150,2.1772692E-06
0,113160,2.1770086E-06
0,113170,2.1767482E-06
0,113180,2.1764877E-06
0,113190,2.1762273E-06
0,113200,2.175967E-06
0,113210,2.1757069E-06
0,113220,2.1754465E-06
0,113230,2.1751862E-06
0,113240,2.174926E-06
0,113250,2.174666E-06
0,113260,2.1744056E-06
0,113270,2.1741455E-06
0,113280,2.1738854E-06
0,113290,2.1736255E-06
0,113300,2.1733654E-06
0,113310,2.1731055E-06
0,113320,2.1728454E-06
0,113330,2.1725855E-06
0,113340,2.1723256E-06
0,113350,2.1720657E-06
0,113360,2.1718058E-06
0,113370,2.1715462E-06
0,113380,2.1712863E-06
0,113390,2.1710266E-06
0,113400,2.1707667E-06
0,113410,2.170507E-06
0,113420,2.1702474E-06
0,113430,2.169988E-06
0,113440,2.1697283E-06
0,113450,2.1694686E-06
0,113460,2.1692092E-06
0,113470,2.1689498E-06
0,113480,2.1686901E-06
0,113490,2.1684307E-06
0,113500,2.1681715E-06
0,113510,2.167912E-06
0,113520,2.1676526E-06
0,113530,2.1673934E-06
0,113540,2.167134E-06
0,113550,2.1668748E-06
0,113560,2.1666156E-06
0,113570,2.1663564E-06
0,113580,2.1660971E-06
0,113590,2.1658382E-06
0,113600,2.165579E-06
0,113610,2.16532E-06
0,113620,2.165061E-06
0,113630,2.164802E-06
0,113640,2.164543E-06
0,113650,2.164284E-06
0,113660,2.164025E-06
0,113670,2.1637663E-06
0,113680,2.1635074E-06
0,113690,2.1632486E-06
0,113700,2.1629899E-06
0,113710,2.162731E-06
0,113720,2.1624724E-06
0,113730,2.1622136E-06
0,113740,2.1619549E-06
0,113750,2.1616963E-06
0,113760,2.1614378E-06
0,113770,2.161179E-06
0,113780,2.1609205E-06
0,113790,2.160662E-06
0,113800,2.1604037E-06
0,113810,2.1601452E-06
0,113820,2.1598867E-06
0,113830,2.1596284E-06
0,113840,2.15937E-06
0,113850,2.1591118E-06
0,113860,2.1588535E-06
0,113870,2.1585952E-06
0,113880,2.1583369E-06
0,113890,2.1580788E-06
0,113900,2.1578205E-06
0,113910,2.1575624E-06
0,113920,2.1573044E-06
0,113930,2.1570463E-06
0,113940,2.1567882E-06
0,113950,2.1565302E-06
0,113960,2.156272E-06
0,113970,2.1560143E-06
0,113980,2.1557564E-06
0,113990,2.1554984E-06
0,114000,2.1552405E-06
0,114010,2.1549827E-06
0,114020,2.154725E-06
0,114030,2.1544672E-06
0,114040,2.1542094E-06
0,114050,2.1539518E-06
0,114060,2.1536941E-06
0,114070,2.1534365E-06
0,114080,2.153179E-06
0,114090,2.1529213E-06
0,114100,2.1526637E-06
0,114110,2.152406E-06
0,114120,2.1521487E-06
0,114130,2.1518913E-06
0,114140,2.151634E-06
0,114150,2.1513765E-06
0,114160,2.1511191E-06
0,114170,2.1508617E-06
0,114180,2.1506044E-06
0,114190,2.1503472E-06
0,114200,2.1500898E-06
0,114210,2.1498327E-06
0,114220,2.1495755E-06
0,114230,2.1493183E-06
0,114240,2.1490612E-06
0,114250,2.1488042E-06
0,114260,2.148547E-06
0,114270,2.1482902E-06
0,114280,2.148033E-06
0,114290,2.147776E-06
0,114300,2.1475191E-06
0,114310,2.1472622E-06
0,114320,2.1470055E-06
0,114330,2.1467486E-06
0,114340,2.1464916E-06
0,114350,2.146235E-06
0,114360,2.1459782E-06
0,114370,2.1457215E-06
0,114380,2.1454648E-06
0,114390,2.145208E-06
0,114400,2.1449514E-06
0,114410,2.144695E-06
0,114420,2.1444384E-06
0,114430,2.1441817E-06
0,114440,2.1439253E-06
0,114450,2.1436688E-06
0,114460,2.1434123E-06
0,114470,2.143156E-06
0,114480,2.1428996E-06
0,114490,2.1426433E-06
0,114500,2.1423868E-06
0,114510,2.1421306E-06
0,114520,2.1418743E-06
0,114530,2.141618E-06
0,114540,2.1413618E-06
0,114550,2.1411058E-06
0,114560,2.1408496E-06
0,114570,2.1405936E-06
0,114580,2.1403375E-06
0,114590,2.1400815E-06
0,114600,2.1398255E-06
0,114610,2.1395695E-06
0,114620,2.1393134E-06
0,114630,2.1390576E-06
0,114640,2.1388016E-06
0,114650,2.1385458E-06
0,114660,2.13829E-06
0,114670,2.1380342E-06
0,114680,2.1377784E-06
0,114690,2.1375226E-06
0,114700,2.1372668E-06
0,114710,2.1370113E-06
0,114720,2.1367557E-06
0,114730,2.1365E-06
0,114740,2.1362443E-06
0,114750,2.1359888E-06
0,114760,2.1357334E-06
0,114770,2.1354779E-06
0,114780,2.1352223E-06
0,114790,2.134967E-06
0,114800,2.1347116E-06
0,114810,2.134456E-06
0,114820,2.1342007E-06
0,114830,2.1339456E-06
0,114840,2.1336903E-06
0,114850,2.133435E-06
0,114860,2.1331798E-06
0,114870,2.1329245E-06
0,114880,2.1326694E-06
0,114890,2.1324142E-06
0,114900,2.1321591E-06
0,114910,2.1319042E-06
0,114920,2.1316491E-06
0,114930,2.131394E-06
0,114940,2.1311391E-06
0,114950,2.1308842E-06
0,114960,2.1306294E-06
0,114970,2.1303745E-06
0,114980,2.1301196E-06
0,114990,2.1298647E-06
0,115000,2.1296098E-06
0,115010,2.1293552E-06
0,115020,2.1291005E-06
0,115030,2.1288456E-06
0,115040,2.128591E-06
0,115050,2.1283363E-06
0,115060,2.1280819E-06
0,115070,2.1278272E-06
0,115080,2.1275728E-06
0,115090,2.127318E-06
0,115100,2.1270637E-06
0,115110,2.1268092E-06
0,115120,2.1265548E-06
0,115130,2.1263004E-06
0,115140,2.126046E-06
0,115150,2.1257918E-06
0,115160,2.1255373E-06
0,115170,2.1252831E-06
0,115180,2.125029E-06
0,115190,2.1247747E-06
0,115200,2.1245205E-06
0,115210,2.1242663E-06
0,115220,2.124012E-06
0,115230,2.1237581E-06
0,115240,2.123504E-06
0,115250,2.12325E-06
0,115260,2.122996E-06
0,115270,2.122742E-06
0,115280,2.122488E-06
0,115290,2.1222343E-06
0,115300,2.1219803E-06
0,115310,2.1217265E-06
0,115320,2.1214726E-06
0,115330,2.1212188E-06
0,115340,2.120965E-06
0,115350,2.1207113E-06
0,115360,2.1204576E-06
0,115370,2.120204E-06
0,115380,2.1199503E-06
0,115390,2.1196968E-06
0,115400,2.1194433E-06
0,115410,2.1191897E-06
0,115420,2.1189362E-06
0,115430,2.1186827E-06
0,115440,2.1184292E-06
0,115450,2.1181756E-06
0,115460,2.1179223E-06
0,115470,2.117669E-06
0,115480,2.1174158E-06
0,115490,2.1171625E-06
0,115500,2.1169092E-06
0,115510,2.1166559E-06
0,115520,2.1164026E-06
0,115530,2.1161495E-06
0,115540,2.1158962E-06
0,115550,2.1156432E-06
0,115560,2.11539E-06
0,115570,2.115137E-06
0,115580,2.114884E-06
0,115590,2.114631E-06
0,115600,2.114378E-06
0,115610,2.114125E-06
0,115620,2.1138721E-06
0,115630,2.1136193E-06
0,115640,2.1133665E-06
0,115650,2.1131136E-06
0,115660,2.1128608E-06
0,115670,2.1126082E-06
0,115680,2.1123553E-06
0,115690,2.1121027E-06
0,115700,2.11185E-06
0,115710,2.1115973E-06
0,115720,2.1113447E-06
0,115730,2.1110923E-06
0,115740,2.1108397E-06
0,115750,2.110587E-06
0,115760,2.1103347E-06
0,115770,2.1100823E-06
0,115780,2.1098297E-06
0,115790,2.1095773E-06
0,115800,2.109325E-06
0,115810,2.1090727E-06
0,115820,2.1088204E-06
0,115830,2.108568E-06
0,115840,2.1083158E-06
0,115850,2.1080637E-06
0,115860,2.1078115E-06
0,115870,2.1075593E-06
0,115880,2.1073072E-06
0,115890,2.107055E-06
0,115900,2.106803E-06
0,115910,2.106551E-06
0,115920,2.106299E-06
0,115930,2.106047E-06
0,115940,2.1057951E-06
0,115950,2.1055432E-06
0,115960,2.1052913E-06
0,115970,2.1050394E-06
0,115980,2.1047877E-06
0,115990,2.1045357E-06
0,116000,2.104284E-06
0,116010,2.1040323E-06
0,116020,2.1037806E-06
0,116030,2.103529E-06
0,116040,2.1032772E-06
0,116050,2.1030257E-06
0,116060,2.102774E-06
0,116070,2.1025226E-06
0,116080,2.102271E-06
0,116090,2.1020196E-06
0,116100,2.1017681E-06
0,116110,2.1015167E-06
0,116120,2.1012652E-06
0,116130,2.101014E-06
0,116140,2.1007625E-06
0,116150,2.1005112E-06
0,116160,2.10026E-06
0,116170,2.1000087E-06
0,116180,2.0997575E-06
0,116190,2.0995062E-06
0,116200,2.0992552E-06
0,116210,2.099004E-06
0,116220,2.098753E-06
0,116230,2.098502E-06
0,116240,2.0982507E-06
0,116250,2.0979996E-06
0,116260,2.0977488E-06
0,116270,2.0974978E-06
0,116280,2.0972468E-06
0,116290,2.096996E-06
0,116300,2.0967452E-06
0,116310,2.0964944E-06
0,116320,2.0962436E-06
0,116330,2.0959928E-06
0,116340,2.095742E-06
0,116350,2.0954913E-06
0,116360,2.0952407E-06
0,116370,2.09499E-06
0,116380,2.0947393E-06
0,116390,2.0944888E-06
0,116400,2.0942382E-06
0,116410,2.0939876E-06
0,116420,2.093737E-06
0,116430,2.0934867E-06
0,116440,2.0932362E-06
0,116450,2.0929858E-06
0,116460,2.0927355E-06
0,116470,2.0924851E-06
0,116480,2.0922348E-06
0,116490,2.0919845E-06
0,116500,2.0917344E-06
0,116510,2.091484E-06
0,116520,2.091234E-06
0,116530,2.0909836E-06
0,116540,2.0907335E-06
0,116550,2.0904833E-06
0,116560,2.0902332E-06
0,116570,2.0899834E-06
0,116580,2.0897332E-06
0,116590,2.0894834E-06
0,116600,2.0892332E-06
0,116610,2.0889834E-06
0,116620,2.0887335E-06
0,116630,2.0884836E-06
0,116640,2.0882337E-06
0,116650,2.0879838E-06
0,116660,2.0877342E-06
0,116670,2.0874843E-06
0,116680,2.0872346E-06
0,116690,2.086985E-06
0,116700,2.0867353E-06
0,116710,2.0864857E-06
0,116720,2.086236E-06
0,116730,2.0859866E-06
0,116740,2.085737E-06
0,116750,2.0854875E-06
0,116760,2.085238E-06
0,116770,2.0849886E-06
0,116780,2.0847392E-06
0,116790,2.0844898E-06
0,116800,2.0842404E-06
0,116810,2.083991E-06
0,116820,2.0837417E-06
0,116830,2.0834925E-06
0,116840,2.083243E-06
0,116850,2.082994E-06
0,116860,2.0827447E-06
0,116870,2.0824957E-06
0,116880,2.0822465E-06
0,116890,2.0819973E-06
0,116900,2.0817483E-06
0,116910,2.0814994E-06
0,116920,2.0812504E-06
0,116930,2.0810014E-06
0,116940,2.0807524E-06
0,116950,2.0805035E-06
0,116960,2.0802545E-06
0,116970,2.0800057E-06
0,116980,2.079757E-06
0,116990,2.079508E-06
0,117000,2.0792593E-06
0,117010,2.0790105E-06
0,117020,2.0787618E-06
0,117030,2.0785133E-06
0,117040,2.0782645E-06
0,117050,2.078016E-06
0,117060,2.0777672E-06
0,117070,2.0775187E-06
0,117080,2.0772702E-06
0,117090,2.0770217E-06
0,117100,2.0767734E-06
0,117110,2.0765249E-06
0,117120,2.0762764E-06
0,117130,2.076028E-06
0,117140,2.0757798E-06
0,117150,2.0755315E-06
0,117160,2.0752832E-06
0,117170,2.075035E-06
0,117180,2.0747866E-06
0,117190,2.0745383E-06
0,117200,2.0742903E-06
0,117210,2.0740422E-06
0,117220,2.073794E-06
0,117230,2.0735458E-06
0,117240,2.0732978E-06
0,117250,2.0730497E-06
0,117260,2.0728019E-06
0,117270,2.0725538E-06
0,117280,2.072306E-06
0,117290,2.072058E-06
0,117300,2.07181E-06
0,117310,2.0715622E-06
0,117320,2.0713144E-06
0,117330,2.0710668E-06
0,117340,2.070819E-06
0,117350,2.070571E-06
0,117360,2.0703235E-06
0,117370,2.0700759E-06
0,117380,2.0698283E-06
0,117390,2.0695807E-06
0,117400,2.069333E-06
0,117410,2.0690854E-06
0,117420,2.0688378E-06
0,117430,2.0685904E-06
0,117440,2.068343E-06
0,117450,2.0680955E-06
0,117460,2.067848E-06
0,117470,2.0676007E-06
0,117480,2.0673533E-06
0,117490,2.0671062E-06
0,117500,2.0668588E-06
0,117510,2.0666116E-06
0,117520,2.0663642E-06
0,117530,2.066117E-06
0,117540,2.06587E-06
0,117550,2.0656228E-06
0,117560,2.0653756E-06
0,117570,2.0651287E-06
0,117580,2.0648815E-06
0,117590,2.0646346E-06
0,117600,2.0643877E-06
0,117610,2.0641405E-06
0,117620,2.0638936E-06
0,117630,2.063647E-06
0,117640,2.0634E-06
0,117650,2.063153E-06
0,117660,2.0629063E-06
0,117670,2.0626594E-06
0,117680,2.0624127E-06
0,117690,2.062166E-06
0,117700,2.0619193E-06
0,117710,2.0616726E-06
0,117720,2.0614261E-06
0,117730,2.0611794E-06
0,117740,2.060933E-06
0,117750,2.0606863E-06
0,117760,2.0604398E-06
0,117770,2.0601933E-06
0,117780,2.0599468E-06
0,117790,2.0597004E-06
0,117800,2.0594541E-06
0,117810,2.0592076E-06
0,117820,2.0589614E-06
0,117830,2.058715E-06
0,117840,2.0584687E-06
0,117850,2.0582224E-06
0,117860,2.0579762E-06
0,117870,2.05773E-06
0,117880,2.057484E-06
0,117890,2.0572377E-06
0,117900,2.0569917E-06
0,117910,2.0567456E-06
0,117920,2.0564996E-06
0,117930,2.0562536E-06
0,117940,2.0560076E-06
0,117950,2.0557616E-06
0,117960,2.0555156E-06
0,117970,2.0552698E-06
0,117980,2.055024E-06
0,117990,2.054778E-06
0,118000,2.0545322E-06
0,118010,2.0542864E-06
0,118020,2.0540408E-06
0,118030,2.053795E-06
0,118040,2.0535492E-06
0,118050,2.0533037E-06
0,118060,2.053058E-06
0,118070,2.0528123E-06
0,118080,2.0525667E-06
0,118090,2.0523212E-06
0,118100,2.0520758E-06
0,118110,2.0518303E-06
0,118120,2.0515847E-06
0,118130,2.0513394E-06
0,118140,2.051094E-06
0,118150,2.0508487E-06
0,118160,2.0506034E-06
0,118170,2.050358E-06
0,118180,2.0501127E-06
0,118190,2.0498674E-06
0,118200,2.0496223E-06
0,118210,2.049377E-06
0,118220,2.0491318E-06
0,118230,2.0488867E-06
0,118240,2.0486416E-06
0,118250,2.0483965E-06
0,118260,2.0481516E-06
0,118270,2.0479065E-06
0,118280,2.0476616E-06
0,118290,2.0474165E-06
0,118300,2.0471716E-06
0,118310,2.0469267E-06
0,118320,2.0466819E-06
0,118330,2.046437E-06
0,118340,2.046192E-06
0,118350,2.0459474E-06
0,118360,2.0457026E-06
0,118370,2.045458E-06
0,118380,2.0452133E-06
0,118390,2.0449686E-06
0,118400,2.044724E-06
0,118410,2.0444793E-06
0,118420,2.0442349E-06
0,118430,2.0439902E-06
0,118440,2.0437458E-06
0,118450,2.0435011E-06
0,118460,2.0432567E-06
0,118470,2.0430123E-06
0,118480,2.0427678E-06
0,118490,2.0425234E-06
0,118500,2.0422792E-06
0,118510,2.0420348E-06
0,118520,2.0417906E-06
0,118530,2.0415464E-06
0,118540,2.0413022E-06
0,118550,2.041058E-06
0,118560,2.0408138E-06
0,118570,2.0405696E-06
0,118580,2.0403254E-06
0,118590,2.0400814E-06
0,118600,2.0398375E-06
0,118610,2.0395933E-06
0,118620,2.0393493E-06
0,118630,2.0391053E-06
0,118640,2.0388613E-06
0,118650,2.0386176E-06
0,118660,2.0383736E-06
0,118670,2.0381299E-06
0,118680,2.037886E-06
0,118690,2.0376422E-06
0,118700,2.0373984E-06
0,118710,2.0371547E-06
0,118720,2.036911E-06
0,118730,2.0366674E-06
0,118740,2.0364237E-06
0,118750,2.0361801E-06
0,118760,2.0359364E-06
0,118770,2.035693E-06
0,118780,2.0354494E-06
0,118790,2.0352059E-06
0,118800,2.0349626E-06
0,118810,2.034719E-06
0,118820,2.0344755E-06
0,118830,2.0342322E-06
0,118840,2.033989E-06
0,118850,2.0337457E-06
0,118860,2.0335024E-06
0,118870,2.033259E-06
0,118880,2.0330158E-06
0,118890,2.0327725E-06
0,118900,2.0325294E-06
0,118910,2.0322861E-06
0,118920,2.032043E-06
0,118930,2.0318E-06
0,118940,2.031557E-06
0,118950,2.031314E-06
0,118960,2.0310708E-06
0,118970,2.030828E-06
0,118980,2.030585E-06
0,118990,2.030342E-06
0,119000,2.0300993E-06
0,119010,2.0298564E-06
0,119020,2.0296136E-06
0,119030,2.0293708E-06
0,119040,2.029128E-06
0,119050,2.0288853E-06
0,119060,2.0286425E-06
0,119070,2.0283999E-06
0,119080,2.0281573E-06
0,119090,2.0279144E-06
0,119100,2.027672E-06
0,119110,2.0274294E-06
0,119120,2.0271868E-06
0,119130,2.0269442E-06
0,119140,2.0267018E-06
0,119150,2.0264595E-06
0,119160,2.026217E-06
0,119170,2.0259745E-06
0,119180,2.0257323E-06
0,119190,2.02549E-06
0,119200,2.0252476E-06
0,119210,2.0250054E-06
0,119220,2.024763E-06
0,119230,2.0245209E-06
0,119240,2.0242787E-06
0,119250,2.0240366E-06
0,119260,2.0237944E-06
0,119270,2.0235523E-06
0,119280,2.0233101E-06
0,119290,2.0230682E-06
0,119300,2.022826E-06
0,119310,2.022584E-06
0,119320,2.0223422E-06
0,119330,2.0221003E-06
0,119340,2.0218583E-06
0,119350,2.0216164E-06
0,119360,2.0213747E-06
0,119370,2.0211328E-06
0,119380,2.020891E-06
0,119390,2.0206492E-06
0,119400,2.0204075E-06
0,119410,2.0201658E-06
0,119420,2.019924E-06
0,119430,2.0196826E-06
0,119440,2.019441E-06
0,119450,2.0191994E-06
0,119460,2.0189577E-06
0,119470,2.0187163E-06
0,119480,2.0184748E-06
0,119490,2.0182333E-06
0,119500,2.0179918E-06
0,119510,2.0177504E-06
0,119520,2.0175091E-06
0,119530,2.0172677E-06
0,119540,2.0170264E-06
0,119550,2.0167852E-06
0,119560,2.016544E-06
0,119570,2.0163027E-06
0,119580,2.0160614E-06
0,119590,2.0158202E-06
0,119600,2.0155792E-06
0,119610,2.015338E-06
0,119620,2.015097E-06
0,119630,2.014856E-06
0,119640,2.0146147E-06
0,119650,2.0143739E-06
0,119660,2.0141329E-06
0,119670,2.0138918E-06
0,119680,2.0136508E-06
0,119690,2.01341E-06
0,119700,2.0131693E-06
0,119710,2.0129282E-06
0,119720,2.0126874E-06
0,119730,2.0124467E-06
0,119740,2.012206E-06
0,119750,2.0119653E-06
0,119760,2.0117245E-06
0,119770,2.011484E-06
0,119780,2.0112434E-06
0,119790,2.0110028E-06
0,119800,2.010762E-06
0,119810,2.0105217E-06
0,119820,2.0102812E-06
0,119830,2.0100406E-06
0,119840,2.0098003E-06
0,119850,2.0095597E-06
0,119860,2.0093194E-06
0,119870,2.009079E-06
0,119880,2.0088387E-06
0,119890,2.0085984E-06
0,119900,2.008358E-06
0,119910,2.0081177E-06
0,119920,2.0078776E-06
0,119930,2.0076372E-06
0,119940,2.0073971E-06
0,119950,2.007157E-06
0,119960,2.006917E-06
0,119970,2.0066768E-06
0,119980,2.0064367E-06
0,119990,2.0061968E-06
0,120000,2.0059567E-06
0,120010,2.0057169E-06
0,120020,2.0054767E-06
0,120030,2.0052369E-06
0,120040,2.004997E-06
0,120050,2.004757E-06
0,120060,2.0045175E-06
0,120070,2.0042776E-06
0,120080,2.0040377E-06
0,120090,2.003798E-06
0,120100,2.0035584E-06
0,120110,2.0033187E-06
0,120120,2.003079E-06
0,120130,2.0028394E-06
0,120140,2.0025998E-06
0,120150,2.0023601E-06
0,120160,2.0021207E-06
0,120170,2.001881E-06
0,120180,2.0016416E-06
0,120190,2.0014022E-06
0,120200,2.0011628E-06
0,120210,2.0009234E-06
0,120220,2.0006842E-06
0,120230,2.0004447E-06
0,120240,2.0002053E-06
0,120250,1.9999661E-06
0,120260,1.999727E-06
0,120270,1.9994877E-06
0,120280,1.9992485E-06
0,120290,1.9990093E-06
0,120300,1.9987701E-06
0,120310,1.998531E-06
0,120320,1.998292E-06
0,120330,1.998053E-06
0,120340,1.9978138E-06
0,120350,1.9975748E-06
0,120360,1.9973359E-06
0,120370,1.997097E-06
0,120380,1.9968581E-06
0,120390,1.9966192E-06
0,120400,1.9963804E-06
0,120410,1.9961415E-06
0,120420,1.9959027E-06
0,120430,1.995664E-06
0,120440,1.9954252E-06
0,120450,1.9951865E-06
0,120460,1.9949478E-06
0,120470,1.9947092E-06
0,120480,1.9944705E-06
0,120490,1.994232E-06
0,120500,1.9939935E-06
0,120510,1.993755E-06
0,120520,1.9935164E-06
0,120530,1.993278E-06
0,120540,1.9930394E-06
0,120550,1.992801E-06
0,120560,1.9925626E-06
0,120570,1.9923243E-06
0,120580,1.9920858E-06
0,120590,1.9918475E-06
0,120600,1.9916092E-06
0,120610,1.991371E-06
0,120620,1.9911329E-06
0,120630,1.9908946E-06
0,120640,1.9906565E-06
0,120650,1.9904182E-06
0,120660,1.9901802E-06
0,120670,1.9899421E-06
0,120680,1.989704E-06
0,120690,1.989466E-06
0,120700,1.989228E-06
0,120710,1.98899E-06
0,120720,1.988752E-06
0,120730,1.9885142E-06
0,120740,1.9882764E-06
0,120750,1.9880385E-06
0,120760,1.9878007E-06
0,120770,1.9875629E-06
0,120780,1.987325E-06
0,120790,1.9870874E-06
0,120800,1.9868496E-06
0,120810,1.986612E-06
0,120820,1.9863744E-06
0,120830,1.9861368E-06
0,120840,1.9858992E-06
0,120850,1.9856616E-06
0,120860,1.985424E-06
0,120870,1.9851864E-06
0,120880,1.984949E-06
0,120890,1.9847116E-06
0,120900,1.984474E-06
0,120910,1.9842366E-06
0,120920,1.9839993E-06
0,120930,1.9837619E-06
0,120940,1.9835247E-06
0,120950,1.9832873E-06
0,120960,1.9830502E-06
0,120970,1.9828128E-06
0,120980,1.9825757E-06
0,120990,1.9823385E-06
0,121000,1.9821014E-06
0,121010,1.9818642E-06
0,121020,1.9816273E-06
0,121030,1.9813901E-06
0,121040,1.981153E-06
0,121050,1.980916E-06
0,121060,1.9806791E-06
0,121070,1.9804422E-06
0,121080,1.9802053E-06
0,121090,1.9799684E-06
0,121100,1.9797315E-06
0,121110,1.9794948E-06
0,121120,1.9792578E-06
0,121130,1.9790211E-06
0,121140,1.9787844E-06
0,121150,1.9785477E-06
0,121160,1.978311E-06
0,121170,1.9780744E-06
0,121180,1.9778377E-06
0,121190,1.977601E-06
0,121200,1.9773645E-06
0,121210,1.977128E-06
0,121220,1.9768913E-06
0,121230,1.9766549E-06
0,121240,1.9764184E-06
0,121250,1.976182E-06
0,121260,1.9759457E-06
0,121270,1.9757092E-06
0,121280,1.975473E-06
0,121290,1.9752365E-06
0,121300,1.9750003E-06
0,121310,1.974764E-06
0,121320,1.9745278E-06
0,121330,1.9742915E-06
0,121340,1.9740553E-06
0,121350,1.9738193E-06
0,121360,1.973583E-06
0,121370,1.973347E-06
0,121380,1.973111E-06
0,121390,1.9728748E-06
0,121400,1.9726388E-06
0,121410,1.972403E-06
0,121420,1.972167E-06
0,121430,1.971931E-06
0,121440,1.9716952E-06
0,121450,1.9714591E-06
0,121460,1.9712234E-06
0,121470,1.9709876E-06
0,121480,1.9707518E-06
0,121490,1.970516E-06
0,121500,1.9702802E-06
0,121510,1.9700447E-06
0,121520,1.9698089E-06
0,121530,1.9695733E-06
0,121540,1.9693377E-06
0,121550,1.9691022E-06
0,121560,1.9688666E-06
0,121570,1.968631E-06
0,121580,1.9683955E-06
0,121590,1.96816E-06
0,121600,1.9679246E-06
0,121610,1.967689E-06
0,121620,1.9674537E-06
0,121630,1.9672184E-06
0,121640,1.966983E-06
0,121650,1.9667477E-06
0,121660,1.9665124E-06
0,121670,1.9662773E-06
0,121680,1.966042E-06
0,121690,1.9658069E-06
0,121700,1.9655715E-06
0,121710,1.9653364E-06
0,121720,1.9651013E-06
0,121730,1.9648662E-06
0,121740,1.9646313E-06
0,121750,1.9643962E-06
0,121760,1.9641611E-06
0,121770,1.9639263E-06
0,121780,1.9636914E-06
0,121790,1.9634565E-06
0,121800,1.9632216E-06
0,121810,1.9629867E-06
0,121820,1.9627519E-06
0,121830,1.962517E-06
0,121840,1.9622823E-06
0,121850,1.9620475E-06
0,121860,1.9618128E-06
0,121870,1.9615782E-06
0,121880,1.9613435E-06
0,121890,1.9611089E-06
0,121900,1.9608742E-06
0,121910,1.9606396E-06
0,121920,1.9604051E-06
0,121930,1.9601705E-06
0,121940,1.959936E-06
0,121950,1.9597016E-06
0,121960,1.9594672E-06
0,121970,1.9592328E-06
0,121980,1.9589984E-06
0,121990,1.958764E-06
0,122000,1.9585298E-06
0,122010,1.9582953E-06
0,122020,1.9580611E-06
0,122030,1.957827E-06
0,122040,1.9575928E-06
0,122050,1.9573586E-06
0,122060,1.9571244E-06
0,122070,1.9568902E-06
0,122080,1.9566562E-06
0,122090,1.956422E-06
0,122100,1.956188E-06
0,122110,1.955954E-06
0,122120,1.95572E-06
0,122130,1.9554861E-06
0,122140,1.9552522E-06
0,122150,1.9550182E-06
0,122160,1.9547845E-06
0,122170,1.9545505E-06
0,122180,1.9543168E-06
0,122190,1.9540828E-06
0,122200,1.953849E-06
0,122210,1.9536153E-06
0,122220,1.9533818E-06
0,122230,1.953148E-06
0,122240,1.9529143E-06
0,122250,1.9526808E-06
0,122260,1.952447E-06
0,122270,1.9522136E-06
0,122280,1.95198E-06
0,122290,1.9517465E-06
0,122300,1.951513E-06
0,122310,1.9512795E-06
0,122320,1.9510462E-06
0,122330,1.9508127E-06
0,122340,1.9505794E-06
0,122350,1.9503461E-06
0,122360,1.9501126E-06
0,122370,1.9498793E-06
0,122380,1.9496463E-06
0,122390,1.949413E-06
0,122400,1.9491797E-06
0,122410,1.9489466E-06
0,122420,1.9487134E-06
0,122430,1.9484803E-06
0,122440,1.9482472E-06
0,122450,1.9480142E-06
0,122460,1.9477811E-06
0,122470,1.947548E-06
0,122480,1.947315E-06
0,122490,1.9470822E-06
0,122500,1.9468491E-06
0,122510,1.9466163E-06
0,122520,1.9463835E-06
0,122530,1.9461506E-06
0,122540,1.9459178E-06
0,122550,1.945685E-06
0,122560,1.9454521E-06
0,122570,1.9452195E-06
0,122580,1.9449867E-06
0,122590,1.944754E-06
0,122600,1.9445215E-06
0,122610,1.944289E-06
0,122620,1.9440563E-06
0,122630,1.9438237E-06
0,122640,1.943591E-06
0,122650,1.9433587E-06
0,122660,1.943126E-06
0,122670,1.9428937E-06
0,122680,1.9426614E-06
0,122690,1.942429E-06
0,122700,1.9421966E-06
0,122710,1.9419642E-06
0,122720,1.9417319E-06
0,122730,1.9414997E-06
0,122740,1.9412673E-06
0,122750,1.9410352E-06
0,122760,1.940803E-06
0,122770,1.9405707E-06
0,122780,1.9403385E-06
0,122790,1.9401066E-06
0,122800,1.9398744E-06
0,122810,1.9396423E-06
0,122820,1.9394104E-06
0,122830,1.9391782E-06
0,122840,1.9389463E-06
0,122850,1.9387144E-06
0,122860,1.9384825E-06
0,122870,1.9382505E-06
0,122880,1.9380186E-06
0,122890,1.937787E-06
0,122900,1.937555E-06
0,122910,1.9373233E-06
0,122920,1.9370914E-06
0,122930,1.9368597E-06
0,122940,1.936628E-06
0,122950,1.9363963E-06
0,122960,1.9361646E-06
0,122970,1.9359331E-06
0,122980,1.9357014E-06
0,122990,1.93547E-06
0,123000,1.9352383E-06
0,123010,1.9350068E-06
0,123020,1.9347754E-06
0,123030,1.934544E-06
0,123040,1.9343124E-06
0,123050,1.9340812E-06
0,123060,1.9338497E-06
0,123070,1.9336185E-06
0,123080,1.933387E-06
0,123090,1.9331558E-06
0,123100,1.9329245E-06
0,123110,1.9326933E-06
0,123120,1.932462E-06
0,123130,1.9322308E-06
0,123140,1.9319998E-06
0,123150,1.9317686E-06
0,123160,1.9315376E-06
0,123170,1.9313065E-06
0,123180,1.9310755E-06
0,123190,1.9308445E-06
0,123200,1.9306135E-06
0,123210,1.9303825E-06
0,123220,1.9301515E-06
0,123230,1.9299207E-06
0,123240,1.92969E-06
0,123250,1.929459E-06
0,123260,1.9292281E-06
0,123270,1.9289973E-06
0,123280,1.9287666E-06
0,123290,1.9285358E-06
0,123300,1.9283052E-06
0,123310,1.9280744E-06
0,123320,1.9278439E-06
0,123330,1.927613E-06
0,123340,1.9273825E-06
0,123350,1.927152E-06
0,123360,1.9269214E-06
0,123370,1.9266909E-06
0,123380,1.9264605E-06
0,123390,1.92623E-06
0,123400,1.9259996E-06
0,123410,1.925769E-06
0,123420,1.9255388E-06
0,123430,1.9253084E-06
0,123440,1.925078E-06
0,123450,1.9248478E-06
0,123460,1.9246177E-06
0,123470,1.9243873E-06
0,123480,1.9241572E-06
0,123490,1.923927E-06
0,123500,1.9236968E-06
0,123510,1.9234667E-06
0,123520,1.9232366E-06
0,123530,1.9230065E-06
0,123540,1.9227764E-06
0,123550,1.9225465E-06
0,123560,1.9223164E-06
0,123570,1.9220865E-06
0,123580,1.9218564E-06
0,123590,1.9216266E-06
0,123600,1.9213967E-06
0,123610,1.9211668E-06
0,123620,1.9209372E-06
0,123630,1.9207073E-06
0,123640,1.9204774E-06
0,123650,1.9202478E-06
0,123660,1.9200181E-06
0,123670,1.9197882E-06
0,123680,1.9195586E-06
0,123690,1.919329E-06
0,123700,1.9190995E-06
0,123710,1.9188699E-06
0,123720,1.9186402E-06
0,123730,1.9184108E-06
0,123740,1.9181814E-06
0,123750,1.9179517E-06
0,123760,1.9177223E-06
0,123770,1.917493E-06
0,123780,1.9172635E-06
0,123790,1.9170343E-06
0,123800,1.9168049E-06
0,123810,1.9165757E-06
0,123820,1.9163463E-06
0,123830,1.916117E-06
0,123840,1.9158879E-06
0,123850,1.9156587E-06
0,123860,1.9154295E-06
0,123870,1.9152003E-06
0,123880,1.9149713E-06
0,123890,1.9147421E-06
0,123900,1.9145132E-06
0,123910,1.914284E-06
0,123920,1.914055E-06
0,123930,1.913826E-06
0,123940,1.913597E-06
0,123950,1.9133681E-06
0,123960,1.9131394E-06
0,123970,1.9129104E-06
0,123980,1.9126817E-06
0,123990,1.9124527E-06
0,124000,1.912224E-06
0,124010,1.9119952E-06
0,124020,1.9117665E-06
0,124030,1.9115378E-06
0,124040,1.9113093E-06
0,124050,1.9110805E-06
0,124060,1.910852E-06
0,124070,1.9106233E-06
0,124080,1.9103948E-06
0,124090,1.9101662E-06
0,124100,1.9099377E-06
0,124110,1.9097092E-06
0,124120,1.9094807E-06
0,124130,1.9092524E-06
0,124140,1.909024E-06
0,124150,1.9087956E-06
0,124160,1.9085671E-06
0,124170,1.9083388E-06
0,124180,1.9081106E-06
0,124190,1.9078823E-06
0,124200,1.907654E-06
0,124210,1.907426E-06
0,124220,1.9071978E-06
0,124230,1.9069696E-06
0,124240,1.9067414E-06
0,124250,1.9065134E-06
0,124260,1.9062852E-06
0,124270,1.9060573E-06
0,124280,1.9058292E-06
0,124290,1.9056012E-06
0,124300,1.9053732E-06
0,124310,1.9051453E-06
0,124320,1.9049174E-06
0,124330,1.9046895E-06
0,124340,1.9044617E-06
0,124350,1.9042338E-06
0,124360,1.904006E-06
0,124370,1.9037783E-06
0,124380,1.9035505E-06
0,124390,1.9033228E-06
0,124400,1.9030952E-06
0,124410,1.9028674E-06
0,124420,1.9026398E-06
0,124430,1.9024122E-06
0,124440,1.9021846E-06
0,124450,1.901957E-06
0,124460,1.9017295E-06
0,124470,1.9015021E-06
0,124480,1.9012746E-06
0,124490,1.9010471E-06
0,124500,1.9008197E-06
0,124510,1.9005923E-06
0,124520,1.900365E-06
0,124530,1.9001376E-06
0,124540,1.8999103E-06
0,124550,1.899683E-06
0,124560,1.8994557E-06
0,124570,1.8992286E-06
0,124580,1.8990013E-06
0,124590,1.8987741E-06
0,124600,1.898547E-06
0,124610,1.8983199E-06
0,124620,1.8980928E-06
0,124630,1.8978657E-06
0,124640,1.8976386E-06
0,124650,1.8974117E-06
0,124660,1.8971847E-06
0,124670,1.8969578E-06
0,124680,1.8967309E-06
0,124690,1.8965039E-06
0,124700,1.896277E-06
0,124710,1.8960502E-06
0,124720,1.8958234E-06
0,124730,1.8955966E-06
0,124740,1.8953698E-06
0,124750,1.8951431E-06
0,124760,1.8949163E-06
0,124770,1.8946896E-06
0,124780,1.894463E-06
0,124790,1.8942363E-06
0,124800,1.8940098E-06
0,124810,1.8937832E-06
0,124820,1.8935566E-06
0,124830,1.8933301E-06
0,124840,1.8931037E-06
0,124850,1.8928771E-06
0,124860,1.8926507E-06
0,124870,1.8924243E-06
0,124880,1.8921979E-06
0,124890,1.8919716E-06
0,124900,1.8917452E-06
0,124910,1.8915189E-06
0,124920,1.8912926E-06
0,124930,1.8910664E-06
0,124940,1.8908402E-06
0,124950,1.8906139E-06
0,124960,1.8903878E-06
0,124970,1.8901617E-06
0,124980,1.8899356E-06
0,124990,1.8897094E-06
0,125000,1.8894833E-06
0,125010,1.8892573E-06
0,125020,1.8890313E-06
0,125030,1.8888054E-06
0,125040,1.8885794E-06
0,125050,1.8883535E-06
0,125060,1.8881276E-06
0,125070,1.8879017E-06
0,125080,1.8876758E-06
0,125090,1.88745E-06
0,125100,1.8872242E-06
0,125110,1.8869985E-06
0,125120,1.8867727E-06
0,125130,1.886547E-06
0,125140,1.8863213E-06
0,125150,1.8860957E-06
0,125160,1.88587E-06
0,125170,1.8856445E-06
0,125180,1.8854189E-06
0,125190,1.8851933E-06
0,125200,1.8849678E-06
0,125210,1.8847423E-06
0,125220,1.8845168E-06
0,125230,1.8842914E-06
0,125240,1.884066E-06
0,125250,1.8838406E-06
0,125260,1.8836153E-06
0,125270,1.8833899E-06
0,125280,1.8831646E-06
0,125290,1.8829393E-06
0,125300,1.8827141E-06
0,125310,1.8824888E-06
0,125320,1.8822636E-06
0,125330,1.8820384E-06
0,125340,1.8818133E-06
0,125350,1.8815882E-06
0,125360,1.8813631E-06
0,125370,1.881138E-06
0,125380,1.880913E-06
0,125390,1.880688E-06
0,125400,1.8804631E-06
0,125410,1.8802381E-06
0,125420,1.8800131E-06
0,125430,1.8797882E-06
0,125440,1.8795633E-06
0,125450,1.8793385E-06
0,125460,1.8791137E-06
0,125470,1.8788888E-06
0,125480,1.8786641E-06
0,125490,1.8784393E-06
0,125500,1.8782147E-06
0,125510,1.8779899E-06
0,125520,1.8777653E-06
0,125530,1.8775406E-06
0,125540,1.8773161E-06
0,125550,1.8770914E-06
0,125560,1.8768669E-06
0,125570,1.8766424E-06
0,125580,1.8764179E-06
0,125590,1.8761934E-06
0,125600,1.875969E-06
0,125610,1.8757446E-06
0,125620,1.8755202E-06
0,125630,1.8752958E-06
0,125640,1.8750715E-06
0,125650,1.8748472E-06
0,125660,1.8746229E-06
0,125670,1.8743987E-06
0,125680,1.8741744E-06
0,125690,1.8739502E-06
0,125700,1.873726E-06
0,125710,1.8735019E-06
0,125720,1.8732777E-06
0,125730,1.8730536E-06
0,125740,1.8728296E-06
0,125750,1.8726055E-06
0,125760,1.8723815E-06
0,125770,1.8721576E-06
0,125780,1.8719336E-06
0,125790,1.8717096E-06
0,125800,1.8714857E-06
0,125810,1.8712618E-06
0,125820,1.871038E-06
0,125830,1.8708141E-06
0,125840,1.8705904E-06
0,125850,1.8703665E-06
0,125860,1.8701428E-06
0,125870,1.8699191E-06
0,125880,1.8696954E-06
0,125890,1.8694717E-06
0,125900,1.8692481E-06
0,125910,1.8690245E-06
0,125920,1.8688008E-06
0,125930,1.8685773E-06
0,125940,1.8683538E-06
0,125950,1.8681303E-06
0,125960,1.8679068E-06
0,125970,1.8676833E-06
0,125980,1.8674599E-06
0,125990,1.8672365E-06
0,126000,1.8670131E-06
0,126010,1.8667898E-06
0,126020,1.8665664E-06
0,126030,1.8663432E-06
0,126040,1.8661199E-06
0,126050,1.8658967E-06
0,126060,1.8656734E-06
0,126070,1.8654503E-06
0,126080,1.8652271E-06
0,126090,1.865004E-06
0,126100,1.8647809E-06
0,126110,1.8645578E-06
0,126120,1.8643348E-06
0,126130,1.8641117E-06
0,126140,1.8638887E-06
0,126150,1.8636657E-06
0,126160,1.8634428E-06
0,126170,1.8632198E-06
0,126180,1.862997E-06
0,126190,1.8627741E-06
0,126200,1.8625512E-06
0,126210,1.8623284E-06
0,126220,1.8621057E-06
0,126230,1.8618829E-06
0,126240,1.8616602E-06
0,126250,1.8614375E-06
0,126260,1.8612147E-06
0,126270,1.8609921E-06
0,126280,1.8607695E-06
0,126290,1.860547E-06
0,126300,1.8603243E-06
0,126310,1.8601017E-06
0,126320,1.8598793E-06
0,126330,1.8596568E-06
0,126340,1.8594343E-06
0,126350,1.8592118E-06
0,126360,1.8589894E-06
0,126370,1.8587671E-06
0,126380,1.8585447E-06
0,126390,1.8583223E-06
0,126400,1.8581001E-06
0,126410,1.8578778E-06
0,126420,1.8576555E-06
0,126430,1.8574333E-06
0,126440,1.8572111E-06
0,126450,1.8569889E-06
0,126460,1.8567667E-06
0,126470,1.8565446E-06
0,126480,1.8563226E-06
0,126490,1.8561005E-06
0,126500,1.8558784E-06
0,126510,1.8556565E-06
0,126520,1.8554344E-06
0,126530,1.8552125E-06
0,126540,1.8549905E-06
0,126550,1.8547686E-06
0,126560,1.8545468E-06
0,126570,1.8543249E-06
0,126580,1.8541031E-06
0,126590,1.8538813E-06
0,126600,1.8536595E-06
0,126610,1.8534378E-06
0,126620,1.853216E-06
0,126630,1.8529943E-06
0,126640,1.8527727E-06
0,126650,1.852551E-06
0,126660,1.8523294E-06
0,126670,1.8521077E-06
0,126680,1.8518863E-06
0,126690,1.8516647E-06
0,126700,1.8514431E-06
0,126710,1.8512217E-06
0,126720,1.8510002E-06
0,126730,1.8507789E-06
0,126740,1.8505574E-06
0,126750,1.850336E-06
0,126760,1.8501147E-06
0,126770,1.8498934E-06
0,126780,1.849672E-06
0,126790,1.8494508E-06
0,126800,1.8492295E-06
0,126810,1.8490083E-06
0,126820,1.8487871E-06
0,126830,1.848566E-06
0,126840,1.8483448E-06
0,126850,1.8481237E-06
0,126860,1.8479026E-06
0,126870,1.8476816E-06
0,126880,1.8474605E-06
0,126890,1.8472394E-06
0,126900,1.8470186E-06
0,126910,1.8467975E-06
0,126920,1.8465767E-06
0,126930,1.8463558E-06
0,126940,1.8461349E-06
0,126950,1.845914E-06
0,126960,1.8456932E-06
0,126970,1.8454724E-06
0,126980,1.8452516E-06
0,126990,1.8450309E-06
0,127000,1.8448102E-06
0,127010,1.8445894E-06
0,127020,1.8443687E-06
0,127030,1.8441482E-06
0,127040,1.8439275E-06
0,127050,1.843707E-06
0,127060,1.8434864E-06
0,127070,1.8432659E-06
0,127080,1.8430453E-06
0,127090,1.8428249E-06
0,127100,1.8426044E-06
0,127110,1.842384E-06
0,127120,1.8421636E-06
0,127130,1.8419432E-06
0,127140,1.8417229E-06
0,127150,1.8415026E-06
0,127160,1.8412823E-06
0,127170,1.8410619E-06
0,127180,1.8408417E-06
0,127190,1.8406215E-06
0,127200,1.8404013E-06
0,127210,1.8401812E-06
0,127220,1.839961E-06
0,127230,1.8397409E-06
0,127240,1.8395208E-06
0,127250,1.8393008E-06
0,127260,1.8390807E-06
0,127270,1.8388607E-06
0,127280,1.8386407E-06
0,127290,1.8384208E-06
0,127300,1.8382009E-06
0,127310,1.837981E-06
0,127320,1.8377611E-06
0,127330,1.8375413E-06
0,127340,1.8373214E-06
0,127350,1.8371016E-06
0,127360,1.8368819E-06
0,127370,1.8366621E-06
0,127380,1.8364424E-06
0,127390,1.8362227E-06
0,127400,1.8360031E-06
0,127410,1.8357835E-06
0,127420,1.8355638E-06
0,127430,1.8353442E-06
0,127440,1.8351246E-06
0,127450,1.8349051E-06
0,127460,1.8346856E-06
0,127470,1.8344662E-06
0,127480,1.8342466E-06
0,127490,1.8340272E-06
0,127500,1.8338079E-06
0,127510,1.8335885E-06
0,127520,1.8333691E-06
0,127530,1.8331498E-06
0,127540,1.8329305E-06
0,127550,1.8327113E-06
0,127560,1.832492E-06
0,127570,1.8322728E-06
0,127580,1.8320536E-06
0,127590,1.8318344E-06
0,127600,1.8316152E-06
0,127610,1.8313962E-06
0,127620,1.8311771E-06
0,127630,1.830958E-06
0,127640,1.8307389E-06
0,127650,1.83052E-06
0,127660,1.830301E-06
0,127670,1.830082E-06
0,127680,1.8298631E-06
0,127690,1.8296442E-06
0,127700,1.8294253E-06
0,127710,1.8292064E-06
0,127720,1.8289877E-06
0,127730,1.8287689E-06
0,127740,1.8285501E-06
0,127750,1.8283314E-06
0,127760,1.8281127E-06
0,127770,1.8278939E-06
0,127780,1.8276753E-06
0,127790,1.8274566E-06
0,127800,1.827238E-06
0,127810,1.8270194E-06
0,127820,1.8268008E-06
0,127830,1.8265823E-06
0,127840,1.8263638E-06
0,127850,1.8261453E-06
0,127860,1.8259269E-06
0,127870,1.8257084E-06
0,127880,1.82549E-06
0,127890,1.8252716E-06
0,127900,1.8250533E-06
0,127910,1.824835E-06
0,127920,1.8246167E-06
0,127930,1.8243984E-06
0,127940,1.8241801E-06
0,127950,1.823962E-06
0,127960,1.8237437E-06
0,127970,1.8235255E-06
0,127980,1.8233073E-06
0,127990,1.8230893E-06
0,128000,1.8228712E-06
0,128010,1.8226531E-06
0,128020,1.822435E-06
0,128030,1.8222171E-06
0,128040,1.821999E-06
0,128050,1.8217811E-06
0,128060,1.8215632E-06
0,128070,1.8213452E-06
0,128080,1.8211274E-06
0,128090,1.8209096E-06
0,128100,1.8206916E-06
0,128110,1.8204739E-06
0,128120,1.8202561E-06
0,128130,1.8200384E-06
0,128140,1.8198207E-06
0,128150,1.819603E-06
0,128160,1.8193853E-06
0,128170,1.8191676E-06
0,128180,1.81895E-06
0,128190,1.8187324E-06
0,128200,1.8185148E-06
0,128210,1.8182973E-06
0,128220,1.8180798E-06
0,128230,1.8178622E-06
0,128240,1.8176448E-06
0,128250,1.8174273E-06
0,128260,1.81721E-06
0,128270,1.8169925E-06
0,128280,1.8167751E-06
0,128290,1.8165579E-06
0,128300,1.8163405E-06
0,128310,1.8161232E-06
0,128320,1.815906E-06
0,128330,1.8156887E-06
0,128340,1.8154715E-06
0,128350,1.8152543E-06
0,128360,1.8150372E-06
0,128370,1.81482E-06
0,128380,1.8146029E-06
0,128390,1.8143859E-06
0,128400,1.8141689E-06
0,128410,1.8139518E-06
0,128420,1.8137348E-06
0,128430,1.8135179E-06
0,128440,1.8133009E-06
0,128450,1.8130839E-06
0,128460,1.812867E-06
0,128470,1.8126502E-06
0,128480,1.8124333E-06
0,128490,1.8122165E-06
0,128500,1.8119997E-06
0,128510,1.811783E-06
0,128520,1.8115662E-06
0,128530,1.8113495E-06
0,128540,1.8111328E-06
0,128550,1.8109162E-06
0,128560,1.8106996E-06
0,128570,1.8104829E-06
0,128580,1.8102663E-06
0,128590,1.8100498E-06
0,128600,1.8098333E-06
0,128610,1.8096167E-06
0,128620,1.8094003E-06
0,128630,1.8091838E-06
0,128640,1.8089673E-06
0,128650,1.808751E-06
0,128660,1.8085346E-06
0,128670,1.8083182E-06
0,128680,1.808102E-06
0,128690,1.8078856E-06
0,128700,1.8076694E-06
0,128710,1.8074531E-06
0,128720,1.8072369E-06
0,128730,1.8070207E-06
0,128740,1.8068044E-06
0,128750,1.8065883E-06
0,128760,1.8063722E-06
0,128770,1.8061561E-06
0,128780,1.8059401E-06
0,128790,1.8057241E-06
0,128800,1.8055081E-06
0,128810,1.8052921E-06
0,128820,1.8050761E-06
0,128830,1.8048602E-06
0,128840,1.8046442E-06
0,128850,1.8044283E-06
0,128860,1.8042125E-06
0,128870,1.8039966E-06
0,128880,1.8037808E-06
0,128890,1.803565E-06
0,128900,1.8033493E-06
0,128910,1.8031335E-06
0,128920,1.8029178E-06
0,128930,1.8027022E-06
0,128940,1.8024865E-06
0,128950,1.8022708E-06
0,128960,1.8020553E-06
0,128970,1.8018397E-06
0,128980,1.8016242E-06
0,128990,1.8014086E-06
0,129000,1.8011931E-06
0,129010,1.8009777E-06
0,129020,1.8007622E-06
0,129030,1.8005468E-06
0,129040,1.8003313E-06
0,129050,1.800116E-06
0,129060,1.7999007E-06
0,129070,1.7996854E-06
0,129080,1.79947E-06
0,129090,1.7992548E-06
0,129100,1.7990395E-06
0,129110,1.7988243E-06
0,129120,1.7986091E-06
0,129130,1.798394E-06
0,129140,1.7981788E-06
0,129150,1.7979637E-06
0,129160,1.7977486E-06
0,129170,1.7975336E-06
0,129180,1.7973185E-06
0,129190,1.7971036E-06
0,129200,1.7968886E-06
0,129210,1.7966736E-06
0,129220,1.7964587E-06
0,129230,1.7962437E-06
0,129240,1.7960289E-06
0,129250,1.795814E-06
0,129260,1.7955992E-06
0,129270,1.7953844E-06
0,129280,1.7951696E-06
0,129290,1.7949549E-06
0,129300,1.7947401E-06
0,129310,1.7945255E-06
0,129320,1.7943107E-06
0,129330,1.7940961E-06
0,129340,1.7938814E-06
0,129350,1.7936669E-06
0,129360,1.7934523E-06
0,129370,1.7932377E-06
0,129380,1.7930232E-06
0,129390,1.7928087E-06
0,129400,1.7925943E-06
0,129410,1.7923799E-06
0,129420,1.7921654E-06
0,129430,1.791951E-06
0,129440,1.7917366E-06
0,129450,1.7915223E-06
0,129460,1.791308E-06
0,129470,1.7910937E-06
0,129480,1.7908794E-06
0,129490,1.7906652E-06
0,129500,1.7904509E-06
0,129510,1.7902368E-06
0,129520,1.7900227E-06
0,129530,1.7898085E-06
0,129540,1.7895944E-06
0,129550,1.7893802E-06
0,129560,1.7891663E-06
0,129570,1.7889522E-06
0,129580,1.7887381E-06
0,129590,1.7885242E-06
0,129600,1.7883102E-06
0,129610,1.7880963E-06
0,129620,1.7878824E-06
0,129630,1.7876686E-06
0,129640,1.7874547E-06
0,129650,1.7872409E-06
0,129660,1.787027E-06
0,129670,1.7868133E-06
0,129680,1.7865995E-06
0,129690,1.7863857E-06
0,129700,1.7861721E-06
0,129710,1.7859584E-06
0,129720,1.7857448E-06
0,129730,1.7855311E-06
0,129740,1.7853175E-06
0,129750,1.7851039E-06
0,129760,1.7848904E-06
0,129770,1.7846769E-06
0,129780,1.7844634E-06
0,129790,1.7842499E-06
0,129800,1.7840365E-06
0,129810,1.783823E-06
0,129820,1.7836096E-06
0,129830,1.7833962E-06
0,129840,1.7831829E-06
0,129850,1.7829697E-06
0,129860,1.7827563E-06
0,129870,1.782543E-06
0,129880,1.7823298E-06
0,129890,1.7821166E-06
0,129900,1.7819034E-06
0,129910,1.7816902E-06
0,129920,1.7814771E-06
0,129930,1.781264E-06
0,129940,1.7810509E-06
0,129950,1.7808378E-06
0,129960,1.7806248E-06
0,129970,1.7804118E-06
0,129980,1.7801988E-06
0,129990,1.7799858E-06
0,130000,1.7797729E-06
0,130010,1.77956E-06
0,130020,1.779347E-06
0,130030,1.7791342E-06
0,130040,1.7789214E-06
0,130050,1.7787086E-06
0,130060,1.7784957E-06
0,130070,1.778283E-06
0,130080,1.7780703E-06
0,130090,1.7778576E-06
0,130100,1.7776449E-06
0,130110,1.7774323E-06
0,130120,1.7772196E-06
0,130130,1.777007E-06
0,130140,1.7767944E-06
0,130150,1.7765819E-06
0,130160,1.7763693E-06
0,130170,1.7761569E-06
0,130180,1.7759444E-06
0,130190,1.7757319E-06
0,130200,1.7755195E-06
0,130210,1.775307E-06
0,130220,1.7750947E-06
0,130230,1.7748823E-06
0,130240,1.7746701E-06
0,130250,1.7744577E-06
0,130260,1.7742454E-06
0,130270,1.7740332E-06
0,130280,1.7738209E-06
0,130290,1.7736088E-06
0,130300,1.7733967E-06
0,130310,1.7731845E-06
0,130320,1.7729724E-06
0,130330,1.7727602E-06
0,130340,1.7725482E-06
0,130350,1.7723361E-06
0,130360,1.7721242E-06
0,130370,1.7719121E-06
0,130380,1.7717001E-06
0,130390,1.7714882E-06
0,130400,1.7712763E-06
0,130410,1.7710644E-06
0,130420,1.7708525E-06
0,130430,1.7706407E-06
0,130440,1.7704289E-06
0,130450,1.7702171E-06
0,130460,1.7700053E-06
0,130470,1.7697936E-06
0,130480,1.7695818E-06
0,130490,1.7693701E-06
0,130500,1.7691584E-06
0,130510,1.7689468E-06
0,130520,1.7687352E-06
0,130530,1.7685236E-06
0,130540,1.768312E-06
0,130550,1.7681006E-06
0,130560,1.767889E-06
0,130570,1.7676775E-06
0,130580,1.7674661E-06
0,130590,1.7672546E-06
0,130600,1.7670432E-06
0,130610,1.7668318E-06
0,130620,1.7666205E-06
0,130630,1.7664091E-06
0,130640,1.7661978E-06
0,130650,1.7659866E-06
0,130660,1.7657752E-06
0,130670,1.765564E-06
0,130680,1.7653527E-06
0,130690,1.7651416E-06
0,130700,1.7649304E-06
0,130710,1.7647193E-06
0,130720,1.7645082E-06
0,130730,1.7642972E-06
0,130740,1.764086E-06
0,130750,1.763875E-06
0,130760,1.763664E-06
0,130770,1.763453E-06
0,130780,1.763242E-06
0,130790,1.7630312E-06
0,130800,1.7628203E-06
0,130810,1.7626094E-06
0,130820,1.7623985E-06
0,130830,1.7621877E-06
0,130840,1.7619768E-06
0,130850,1.761766E-06
0,130860,1.7615553E-06
0,130870,1.7613446E-06
0,130880,1.7611338E-06
0,130890,1.7609232E-06
0,130900,1.7607125E-06
0,130910,1.760502E-06
0,130920,1.7602913E-06
0,130930,1.7600807E-06
0,130940,1.7598702E-06
0,130950,1.7596597E-06
0,130960,1.7594491E-06
0,130970,1.7592387E-06
0,130980,1.7590282E-06
0,130990,1.7588178E-06
0,131000,1.7586074E-06
0,131010,1.7583969E-06
0,131020,1.7581866E-06
0,131030,1.7579763E-06
0,131040,1.757766E-06
0,131050,1.7575558E-06
0,131060,1.7573454E-06
0,131070,1.7571352E-06
0,131080,1.756925E-06
0,131090,1.7567148E-06
0,131100,1.7565047E-06
0,131110,1.7562945E-06
0,131120,1.7560844E-06
0,131130,1.7558745E-06
0,131140,1.7556644E-06
0,131150,1.7554543E-06
0,131160,1.7552443E-06
0,131170,1.7550343E-06
0,131180,1.7548244E-06
0,131190,1.7546145E-06
0,131200,1.7544046E-06
0,131210,1.7541947E-06
0,131220,1.7539849E-06
0,131230,1.753775E-06
0,131240,1.7535652E-06
0,131250,1.7533554E-06
0,131260,1.7531456E-06
0,131270,1.752936E-06
0,131280,1.7527262E-06
0,131290,1.7525166E-06
0,131300,1.752307E-06
0,131310,1.7520973E-06
0,131320,1.7518877E-06
0,131330,1.7516782E-06
0,131340,1.7514686E-06
0,131350,1.7512591E-06
0,131360,1.7510496E-06
0,131370,1.75084E-06
0,131380,1.7506306E-06
0,131390,1.7504212E-06
0,131400,1.7502118E-06
0,131410,1.7500024E-06
0,131420,1.7497931E-06
0,131430,1.7495837E-06
0,131440,1.7493744E-06
0,131450,1.7491652E-06
0,131460,1.7489559E-06
0,131470,1.7487467E-06
0,131480,1.7485376E-06
0,131490,1.7483284E-06
0,131500,1.7481192E-06
0,131510,1.74791E-06
0,131520,1.7477009E-06
0,131530,1.7474919E-06
0,131540,1.7472828E-06
0,131550,1.7470738E-06
0,131560,1.7468648E-06
0,131570,1.7466558E-06
0,131580,1.7464469E-06
0,131590,1.746238E-06
0,131600,1.746029E-06
0,131610,1.7458202E-06
0,131620,1.7456114E-06
0,131630,1.7454025E-06
0,131640,1.7451937E-06
0,131650,1.744985E-06
0,131660,1.7447762E-06
0,131670,1.7445675E-06
0,131680,1.7443588E-06
0,131690,1.74415E-06
0,131700,1.7439414E-06
0,131710,1.7437328E-06
0,131720,1.7435242E-06
0,131730,1.7433157E-06
0,131740,1.7431071E-06
0,131750,1.7428986E-06
0,131760,1.7426901E-06
0,131770,1.7424816E-06
0,131780,1.7422732E-06
0,131790,1.7420647E-06
0,131800,1.7418563E-06
0,131810,1.7416479E-06
0,131820,1.7414396E-06
0,131830,1.7412312E-06
0,131840,1.741023E-06
0,131850,1.7408147E-06
0,131860,1.7406064E-06
0,131870,1.7403983E-06
0,131880,1.74019E-06
0,131890,1.7399818E-06
0,131900,1.7397737E-06
0,131910,1.7395656E-06
0,131920,1.7393575E-06
0,131930,1.7391494E-06
0,131940,1.7389414E-06
0,131950,1.7387333E-06
0,131960,1.7385253E-06
0,131970,1.7383173E-06
0,131980,1.7381094E-06
0,131990,1.7379015E-06
0,132000,1.7376935E-06
0,132010,1.7374857E-06
0,132020,1.7372778E-06
0,132030,1.73707E-06
0,132040,1.7368621E-06
0,132050,1.7366544E-06
0,132060,1.7364466E-06
0,132070,1.7362389E-06
0,132080,1.7360312E-06
0,132090,1.7358235E-06
0,132100,1.7356159E-06
0,132110,1.7354083E-06
0,132120,1.7352006E-06
0,132130,1.7349931E-06
0,132140,1.7347855E-06
0,132150,1.734578E-06
0,132160,1.7343705E-06
0,132170,1.734163E-06
0,132180,1.7339555E-06
0,132190,1.7337481E-06
0,132200,1.7335408E-06
0,132210,1.7333333E-06
0,132220,1.7331259E-06
0,132230,1.7329187E-06
0,132240,1.7327113E-06
0,132250,1.7325041E-06
0,132260,1.7322968E-06
0,132270,1.7320896E-06
0,132280,1.7318824E-06
0,132290,1.7316752E-06
0,132300,1.731468E-06
0,132310,1.7312609E-06
0,132320,1.7310538E-06
0,132330,1.7308467E-06
0,132340,1.7306396E-06
0,132350,1.7304326E-06
0,132360,1.7302257E-06
0,132370,1.7300187E-06
0,132380,1.7298116E-06
0,132390,1.7296047E-06
0,132400,1.7293978E-06
0,132410,1.7291909E-06
0,132420,1.7289841E-06
0,132430,1.7287773E-06
0,132440,1.7285704E-06
0,132450,1.7283637E-06
0,132460,1.7281569E-06
0,132470,1.7279501E-06
0,132480,1.7277434E-06
0,132490,1.7275368E-06
0,132500,1.7273301E-06
0,132510,1.7271235E-06
0,132520,1.7269168E-06
0,132530,1.7267103E-06
0,132540,1.7265037E-06
0,132550,1.7262971E-06
0,132560,1.7260907E-06
0,132570,1.7258842E-06
0,132580,1.7256777E-06
0,132590,1.7254713E-06
0,132600,1.7252648E-06
0,132610,1.7250585E-06
0,132620,1.724852E-06
0,132630,1.7246457E-06
0,132640,1.7244395E-06
0,132650,1.7242331E-06
0,132660,1.7240269E-06
0,132670,1.7238207E-06
0,132680,1.7236144E-06
0,132690,1.7234082E-06
0,132700,1.723202E-06
0,132710,1.7229959E-06
0,132720,1.7227898E-06
0,132730,1.7225836E-06
0,132740,1.7223776E-06
0,132750,1.7221715E-06
0,132760,1.7219655E-06
0,132770,1.7217595E-06
0,132780,1.7215536E-06
0,132790,1.7213476E-06
0,132800,1.7211418E-06
0,132810,1.7209359E-06
0,132820,1.72073E-06
0,132830,1.7205241E-06
0,132840,1.7203183E-06
0,132850,1.7201124E-06
0,132860,1.7199067E-06
0,132870,1.719701E-06
0,132880,1.7194952E-06
0,132890,1.7192896E-06
0,132900,1.7190839E-06
0,132910,1.7188783E-06
0,132920,1.7186726E-06
0,132930,1.7184669E-06
0,132940,1.7182614E-06
0,132950,1.7180558E-06
0,132960,1.7178503E-06
0,132970,1.7176449E-06
0,132980,1.7174393E-06
0,132990,1.7172339E-06
0,133000,1.7170285E-06
0,133010,1.716823E-06
0,133020,1.7166177E-06
0,133030,1.7164123E-06
0,133040,1.716207E-06
0,133050,1.7160016E-06
0,133060,1.7157964E-06
0,133070,1.7155911E-06
0,133080,1.7153859E-06
0,133090,1.7151807E-06
0,133100,1.7149755E-06
0,133110,1.7147704E-06
0,133120,1.7145652E-06
0,133130,1.7143601E-06
0,133140,1.714155E-06
0,133150,1.7139499E-06
0,133160,1.713745E-06
0,133170,1.7135399E-06
0,133180,1.7133349E-06
0,133190,1.7131299E-06
0,133200,1.712925E-06
0,133210,1.7127201E-06
0,133220,1.7125152E-06
0,133230,1.7123103E-06
0,133240,1.7121055E-06
0,133250,1.7119007E-06
0,133260,1.7116959E-06
0,133270,1.7114911E-06
0,133280,1.7112864E-06
0,133290,1.7110817E-06
0,133300,1.710877E-06
0,133310,1.7106723E-06
0,133320,1.7104677E-06
0,133330,1.7102631E-06
0,133340,1.7100584E-06
0,133350,1.7098539E-06
0,133360,1.7096494E-06
0,133370,1.7094449E-06
0,133380,1.7092403E-06
0,133390,1.7090358E-06
0,133400,1.7088314E-06
0,133410,1.708627E-06
0,133420,1.7084226E-06
0,133430,1.7082182E-06
0,133440,1.7080139E-06
0,133450,1.7078095E-06
0,133460,1.7076052E-06
0,133470,1.7074009E-06
0,133480,1.7071967E-06
0,133490,1.7069924E-06
0,133500,1.7067882E-06
0,133510,1.706584E-06
0,133520,1.7063799E-06
0,133530,1.7061758E-06
0,133540,1.7059717E-06
0,133550,1.7057675E-06
0,133560,1.7055635E-06
0,133570,1.7053595E-06
0,133580,1.7051555E-06
0,133590,1.7049515E-06
0,133600,1.7047475E-06
0,133610,1.7045436E-06
0,133620,1.7043398E-06
0,133630,1.7041358E-06
0,133640,1.703932E-06
0,133650,1.7037281E-06
0,133660,1.7035243E-06
0,133670,1.7033205E-06
0,133680,1.7031167E-06
0,133690,1.702913E-06
0,133700,1.7027093E-06
0,133710,1.7025056E-06
0,133720,1.7023019E-06
0,133730,1.7020983E-06
0,133740,1.7018947E-06
0,133750,1.7016911E-06
0,133760,1.7014875E-06
0,133770,1.701284E-06
0,133780,1.7010805E-06
0,133790,1.700877E-06
0,133800,1.7006735E-06
0,133810,1.70047E-06
0,133820,1.7002666E-06
0,133830,1.7000632E-06
0,133840,1.6998598E-06
0,133850,1.6996564E-06
0,133860,1.6994532E-06
0,133870,1.6992499E-06
0,133880,1.6990466E-06
0,133890,1.6988433E-06
0,133900,1.6986401E-06
0,133910,1.6984369E-06
0,133920,1.6982336E-06
0,133930,1.6980305E-06
0,133940,1.6978274E-06
0,133950,1.6976243E-06
0,133960,1.6974212E-06
0,133970,1.6972182E-06
0,133980,1.6970151E-06
0,133990,1.6968121E-06
0,134000,1.6966092E-06
0,134010,1.6964061E-06
0,134020,1.6962032E-06
0,134030,1.6960003E-06
0,134040,1.6957974E-06
0,134050,1.6955945E-06
0,134060,1.6953917E-06
0,134070,1.6951889E-06
0,134080,1.694986E-06
0,134090,1.6947834E-06
0,134100,1.6945805E-06
0,134110,1.6943778E-06
0,134120,1.6941751E-06
0,134130,1.6939725E-06
0,134140,1.6937698E-06
0,134150,1.6935672E-06
0,134160,1.6933647E-06
0,134170,1.6931621E-06
0,134180,1.6929595E-06
0,134190,1.692757E-06
0,134200,1.6925545E-06
0,134210,1.692352E-06
0,134220,1.6921496E-06
0,134230,1.6919471E-06
0,134240,1.6917447E-06
0,134250,1.6915424E-06
0,134260,1.69134E-06
0,134270,1.6911376E-06
0,134280,1.6909353E-06
0,134290,1.690733E-06
0,134300,1.6905308E-06
0,134310,1.6903285E-06
0,134320,1.6901264E-06
0,134330,1.6899241E-06
0,134340,1.689722E-06
0,134350,1.6895199E-06
0,134360,1.6893177E-06
0,134370,1.6891156E-06
0,134380,1.6889136E-06
0,134390,1.6887116E-06
0,134400,1.6885095E-06
0,134410,1.6883075E-06
0,134420,1.6881056E-06
0,134430,1.6879036E-06
0,134440,1.6877017E-06
0,134450,1.6874998E-06
0,134460,1.687298E-06
0,134470,1.6870961E-06
0,134480,1.6868943E-06
0,134490,1.6866925E-06
0,134500,1.6864907E-06
0,134510,1.6862889E-06
0,134520,1.6860872E-06
0,134530,1.6858855E-06
0,134540,1.6856839E-06
0,134550,1.6854822E-06
0,134560,1.6852805E-06
0,134570,1.6850789E-06
0,134580,1.6848774E-06
0,134590,1.6846758E-06
0,134600,1.6844742E-06
0,134610,1.6842728E-06
0,134620,1.6840712E-06
0,134630,1.6838698E-06
0,134640,1.6836683E-06
0,134650,1.683467E-06
0,134660,1.6832655E-06
0,134670,1.6830642E-06
0,134680,1.6828628E-06
0,134690,1.6826615E-06
0,134700,1.6824603E-06
0,134710,1.6822589E-06
0,134720,1.6820577E-06
0,134730,1.6818565E-06
0,134740,1.6816552E-06
0,134750,1.6814541E-06
0,134760,1.681253E-06
0,134770,1.6810518E-06
0,134780,1.6808507E-06
0,134790,1.6806497E-06
0,134800,1.6804486E-06
0,134810,1.6802476E-06
0,134820,1.6800466E-06
0,134830,1.6798456E-06
0,134840,1.6796447E-06
0,134850,1.6794437E-06
0,134860,1.6792428E-06
0,134870,1.6790419E-06
0,134880,1.678841E-06
0,134890,1.6786403E-06
0,134900,1.6784394E-06
0,134910,1.6782386E-06
0,134920,1.6780378E-06
0,134930,1.6778371E-06
0,134940,1.6776364E-06
0,134950,1.6774356E-06
0,134960,1.677235E-06
0,134970,1.6770343E-06
0,134980,1.6768338E-06
0,134990,1.6766331E-06
0,135000,1.6764326E-06
0,135010,1.676232E-06
0,135020,1.6760315E-06
0,135030,1.6758311E-06
0,135040,1.6756305E-06
0,135050,1.6754301E-06
0,135060,1.6752297E-06
0,135070,1.6750292E-06
0,135080,1.6748289E-06
0,135090,1.6746285E-06
0,135100,1.6744282E-06
0,135110,1.6742279E-06
0,135120,1.6740275E-06
0,135130,1.6738273E-06
0,135140,1.6736271E-06
0,135150,1.6734269E-06
0,135160,1.6732267E-06
0,135170,1.6730265E-06
0,135180,1.6728264E-06
0,135190,1.6726262E-06
0,135200,1.6724262E-06
0,135210,1.6722261E-06
0,135220,1.6720261E-06
0,135230,1.671826E-06
0,135240,1.671626E-06
0,135250,1.671426E-06
0,135260,1.6712261E-06
0,135270,1.6710262E-06
0,135280,1.6708264E-06
0,135290,1.6706264E-06
0,135300,1.6704265E-06
0,135310,1.6702268E-06
0,135320,1.6700269E-06
0,135330,1.6698272E-06
0,135340,1.6696274E-06
0,135350,1.6694277E-06
0,135360,1.6692279E-06
0,135370,1.6690283E-06
0,135380,1.6688286E-06
0,135390,1.6686289E-06
0,135400,1.6684294E-06
0,135410,1.6682297E-06
0,135420,1.6680302E-06
0,135430,1.6678306E-06
0,135440,1.6676311E-06
0,135450,1.6674317E-06
0,135460,1.6672321E-06
0,135470,1.6670327E-06
0,135480,1.6668333E-06
0,135490,1.6666339E-06
0,135500,1.6664345E-06
0,135510,1.6662351E-06
0,135520,1.6660358E-06
0,135530,1.6658365E-06
0,135540,1.6656372E-06
0,135550,1.6654379E-06
0,135560,1.6652388E-06
0,135570,1.6650396E-06
0,135580,1.6648404E-06
0,135590,1.6646412E-06
0,135600,1.664442E-06
0,135610,1.664243E-06
0,135620,1.6640438E-06
0,135630,1.6638447E-06
0,135640,1.6636458E-06
0,135650,1.6634467E-06
0,135660,1.6632478E-06
0,135670,1.6630487E-06
0,135680,1.6628499E-06
0,135690,1.6626509E-06
0,135700,1.662452E-06
0,135710,1.6622531E-06
0,135720,1.6620543E-06
0,135730,1.6618554E-06
0,135740,1.6616566E-06
0,135750,1.6614579E-06
0,135760,1.661259E-06
0,135770,1.6610603E-06
0,135780,1.6608616E-06
0,135790,1.660663E-06
0,135800,1.6604642E-06
0,135810,1.6602656E-06
0,135820,1.660067E-06
0,135830,1.6598684E-06
0,135840,1.6596699E-06
0,135850,1.6594713E-06
0,135860,1.6592728E-06
0,135870,1.6590743E-06
0,135880,1.6588758E-06
0,135890,1.6586774E-06
0,135900,1.6584789E-06
0,135910,1.6582806E-06
0,135920,1.6580822E-06
0,135930,1.6578838E-06
0,135940,1.6576855E-06
0,135950,1.6574872E-06
0,135960,1.657289E-06
0,135970,1.6570907E-06
0,135980,1.6568924E-06
0,135990,1.6566942E-06
0,136000,1.656496E-06
0,136010,1.6562979E-06
0,136020,1.6560997E-06
0,136030,1.6559017E-06
0,136040,1.6557035E-06
0,136050,1.6555055E-06
0,136060,1.6553074E-06
0,136070,1.6551094E-06
0,136080,1.6549113E-06
0,136090,1.6547134E-06
0,136100,1.6545155E-06
0,136110,1.6543175E-06
0,136120,1.6541196E-06
0,136130,1.6539218E-06
0,136140,1.6537239E-06
0,136150,1.653526E-06
0,136160,1.6533282E-06
0,136170,1.6531304E-06
0,136180,1.6529327E-06
0,136190,1.652735E-06
0,136200,1.6525372E-06
0,136210,1.6523396E-06
0,136220,1.6521419E-06
0,136230,1.6519442E-06
0,136240,1.6517466E-06
0,136250,1.651549E-06
0,136260,1.6513515E-06
0,136270,1.651154E-06
0,136280,1.6509564E-06
0,136290,1.6507589E-06
0,136300,1.6505614E-06
0,136310,1.650364E-06
0,136320,1.6501665E-06
0,136330,1.6499691E-06
0,136340,1.6497718E-06
0,136350,1.6495744E-06
0,136360,1.649377E-06
0,136370,1.6491797E-06
0,136380,1.6489824E-06
0,136390,1.6487852E-06
0,136400,1.648588E-06
0,136410,1.6483907E-06
0,136420,1.6481936E-06
0,136430,1.6479963E-06
0,136440,1.6477992E-06
0,136450,1.6476021E-06
0,136460,1.647405E-06
0,136470,1.6472079E-06
0,136480,1.6470109E-06
0,136490,1.6468139E-06
0,136500,1.6466169E-06
0,136510,1.6464198E-06
0,136520,1.6462229E-06
0,136530,1.6460259E-06
0,136540,1.645829E-06
0,136550,1.6456322E-06
0,136560,1.6454353E-06
0,136570,1.6452384E-06
0,136580,1.6450416E-06
0,136590,1.6448448E-06
0,136600,1.644648E-06
0,136610,1.6444513E-06
0,136620,1.6442546E-06
0,136630,1.6440579E-06
0,136640,1.6438612E-06
0,136650,1.6436646E-06
0,136660,1.643468E-06
0,136670,1.6432714E-06
0,136680,1.6430747E-06
0,136690,1.6428783E-06
0,136700,1.6426817E-06
0,136710,1.6424851E-06
0,136720,1.6422887E-06
0,136730,1.6420922E-06
0,136740,1.6418958E-06
0,136750,1.6416993E-06
0,136760,1.641503E-06
0,136770,1.6413065E-06
0,136780,1.6411102E-06
0,136790,1.6409139E-06
0,136800,1.6407176E-06
0,136810,1.6405213E-06
0,136820,1.6403251E-06
0,136830,1.6401289E-06
0,136840,1.6399326E-06
0,136850,1.6397365E-06
0,136860,1.6395403E-06
0,136870,1.6393442E-06
0,136880,1.6391481E-06
0,136890,1.638952E-06
0,136900,1.6387559E-06
0,136910,1.6385599E-06
0,136920,1.6383639E-06
0,136930,1.6381679E-06
0,136940,1.6379719E-06
0,136950,1.637776E-06
0,136960,1.63758E-06
0,136970,1.6373841E-06
0,136980,1.6371882E-06
0,136990,1.6369924E-06
0,137000,1.6367966E-06
0,137010,1.6366007E-06
0,137020,1.6364049E-06
0,137030,1.6362092E-06
0,137040,1.6360135E-06
0,137050,1.6358177E-06
0,137060,1.6356221E-06
0,137070,1.6354264E-06
0,137080,1.6352308E-06
0,137090,1.6350351E-06
0,137100,1.6348396E-06
0,137110,1.6346439E-06
0,137120,1.6344484E-06
0,137130,1.6342528E-06
0,137140,1.6340574E-06
0,137150,1.6338619E-06
0,137160,1.6336664E-06
0,137170,1.633471E-06
0,137180,1.6332756E-06
0,137190,1.6330803E-06
0,137200,1.6328848E-06
0,137210,1.6326895E-06
0,137220,1.6324942E-06
0,137230,1.6322989E-06
0,137240,1.6321036E-06
0,137250,1.6319084E-06
0,137260,1.6317132E-06
0,137270,1.631518E-06
0,137280,1.6313228E-06
0,137290,1.6311277E-06
0,137300,1.6309325E-06
0,137310,1.6307374E-06
0,137320,1.6305423E-06
0,137330,1.6303472E-06
0,137340,1.6301523E-06
0,137350,1.6299572E-06
0,137360,1.6297622E-06
0,137370,1.6295672E-06
0,137380,1.6293724E-06
0,137390,1.6291774E-06
0,137400,1.6289825E-06
0,137410,1.6287877E-06
0,137420,1.6285928E-06
0,137430,1.628398E-06
0,137440,1.6282032E-06
0,137450,1.6280084E-06
0,137460,1.6278136E-06
0,137470,1.6276189E-06
0,137480,1.6274242E-06
0,137490,1.6272295E-06
0,137500,1.6270349E-06
0,137510,1.6268402E-06
0,137520,1.6266456E-06
0,137530,1.626451E-06
0,137540,1.6262564E-06
0,137550,1.6260619E-06
0,137560,1.6258674E-06
0,137570,1.6256729E-06
0,137580,1.6254784E-06
0,137590,1.625284E-06
0,137600,1.6250895E-06
0,137610,1.624895E-06
0,137620,1.6247008E-06
0,137630,1.6245064E-06
0,137640,1.6243121E-06
0,137650,1.6241177E-06
0,137660,1.6239234E-06
0,137670,1.6237292E-06
0,137680,1.6235349E-06
0,137690,1.6233407E-06
0,137700,1.6231464E-06
0,137710,1.6229523E-06
0,137720,1.6227582E-06
0,137730,1.622564E-06
0,137740,1.62237E-06
0,137750,1.6221759E-06
0,137760,1.6219818E-06
0,137770,1.6217878E-06
0,137780,1.6215937E-06
0,137790,1.6213997E-06
0,137800,1.6212058E-06
0,137810,1.6210118E-06
0,137820,1.6208179E-06
0,137830,1.6206241E-06
0,137840,1.6204301E-06
0,137850,1.6202363E-06
0,137860,1.6200424E-06
0,137870,1.6198487E-06
0,137880,1.6196549E-06
0,137890,1.6194612E-06
0,137900,1.6192674E-06
0,137910,1.6190737E-06
0,137920,1.61888E-06
0,137930,1.6186864E-06
0,137940,1.6184927E-06
0,137950,1.618299E-06
0,137960,1.6181054E-06
0,137970,1.617912E-06
0,137980,1.6177183E-06
0,137990,1.6175248E-06
0,138000,1.6173313E-06
0,138010,1.6171379E-06
0,138020,1.6169444E-06
0,138030,1.616751E-06
0,138040,1.6165576E-06
0,138050,1.6163642E-06
0,138060,1.6161708E-06
0,138070,1.6159775E-06
0,138080,1.6157842E-06
0,138090,1.6155909E-06
0,138100,1.6153977E-06
0,138110,1.6152044E-06
0,138120,1.6150111E-06
0,138130,1.614818E-06
0,138140,1.6146248E-06
0,138150,1.6144317E-06
0,138160,1.6142385E-06
0,138170,1.6140453E-06
0,138180,1.6138523E-06
0,138190,1.6136593E-06
0,138200,1.6134662E-06
0,138210,1.6132732E-06
0,138220,1.6130801E-06
0,138230,1.6128872E-06
0,138240,1.6126943E-06
0,138250,1.6125014E-06
0,138260,1.6123084E-06
0,138270,1.6121155E-06
0,138280,1.6119227E-06
0,138290,1.6117299E-06
0,138300,1.6115371E-06
0,138310,1.6113443E-06
0,138320,1.6111516E-06
0,138330,1.6109587E-06
0,138340,1.610766E-06
0,138350,1.6105733E-06
0,138360,1.6103807E-06
0,138370,1.6101881E-06
0,138380,1.6099954E-06
0,138390,1.6098028E-06
0,138400,1.6096102E-06
0,138410,1.6094177E-06
0,138420,1.6092251E-06
0,138430,1.6090327E-06
0,138440,1.6088402E-06
0,138450,1.6086477E-06
0,138460,1.6084552E-06
0,138470,1.6082629E-06
0,138480,1.6080704E-06
0,138490,1.6078781E-06
0,138500,1.6076857E-06
0,138510,1.6074933E-06
0,138520,1.6073011E-06
0,138530,1.6071089E-06
0,138540,1.6069166E-06
0,138550,1.6067244E-06
0,138560,1.6065321E-06
0,138570,1.60634E-06
0,138580,1.6061477E-06
0,138590,1.6059556E-06
0,138600,1.6057635E-06
0,138610,1.6055715E-06
0,138620,1.6053793E-06
0,138630,1.6051873E-06
0,138640,1.6049953E-06
0,138650,1.6048033E-06
0,138660,1.6046113E-06
0,138670,1.6044194E-06
0,138680,1.6042274E-06
0,138690,1.6040354E-06
0,138700,1.6038437E-06
0,138710,1.6036518E-06
0,138720,1.6034599E-06
0,138730,1.6032681E-06
0,138740,1.6030763E-06
0,138750,1.6028845E-06
0,138760,1.6026928E-06
0,138770,1.602501E-06
0,138780,1.6023093E-06
0,138790,1.6021177E-06
0,138800,1.601926E-06
0,138810,1.6017343E-06
0,138820,1.6015427E-06
0,138830,1.6013512E-06
0,138840,1.6011596E-06
0,138850,1.6009681E-06
0,138860,1.6007765E-06
0,138870,1.600585E-06
0,138880,1.6003935E-06
0,138890,1.600202E-06
0,138900,1.6000107E-06
0,138910,1.5998193E-06
0,138920,1.5996279E-06
0,138930,1.5994365E-06
0,138940,1.5992451E-06
0,138950,1.5990538E-06
0,138960,1.5988626E-06
0,138970,1.5986712E-06
0,138980,1.59848E-06
0,138990,1.5982888E-06
0,139000,1.5980976E-06
0,139010,1.5979065E-06
0,139020,1.5977153E-06
0,139030,1.5975241E-06
0,139040,1.597333E-06
0,139050,1.5971419E-06
0,139060,1.5969509E-06
0,139070,1.5967598E-06
0,139080,1.5965688E-06
0,139090,1.5963778E-06
0,139100,1.5961868E-06
0,139110,1.595996E-06
0,139120,1.595805E-06
0,139130,1.5956141E-06
0,139140,1.5954232E-06
0,139150,1.5952323E-06
0,139160,1.5950416E-06
0,139170,1.5948507E-06
0,139180,1.5946599E-06
0,139190,1.5944692E-06
0,139200,1.5942784E-06
0,139210,1.5940877E-06
0,139220,1.593897E-06
0,139230,1.5937063E-06
0,139240,1.5935157E-06
0,139250,1.593325E-06
0,139260,1.5931345E-06
0,139270,1.5929438E-06
0,139280,1.5927533E-06
0,139290,1.5925627E-06
0,139300,1.5923722E-06
0,139310,1.5921818E-06
0,139320,1.5919912E-06
0,139330,1.5918008E-06
0,139340,1.5916104E-06
0,139350,1.59142E-06
0,139360,1.5912296E-06
0,139370,1.5910392E-06
0,139380,1.5908489E-06
0,139390,1.5906586E-06
0,139400,1.5904683E-06
0,139410,1.5902781E-06
0,139420,1.5900878E-06
0,139430,1.5898976E-06
0,139440,1.5897074E-06
0,139450,1.5895173E-06
0,139460,1.5893271E-06
0,139470,1.589137E-06
0,139480,1.5889468E-06
0,139490,1.5887567E-06
0,139500,1.5885668E-06
0,139510,1.5883767E-06
0,139520,1.5881867E-06
0,139530,1.5879966E-06
0,139540,1.5878067E-06
0,139550,1.5876168E-06
0,139560,1.5874268E-06
0,139570,1.587237E-06
0,139580,1.587047E-06
0,139590,1.5868571E-06
0,139600,1.5866674E-06
0,139610,1.5864775E-06
0,139620,1.5862878E-06
0,139630,1.586098E-06
0,139640,1.5859083E-06
0,139650,1.5857186E-06
0,139660,1.5855288E-06
0,139670,1.5853392E-06
0,139680,1.5851496E-06
0,139690,1.5849599E-06
0,139700,1.5847703E-06
0,139710,1.5845807E-06
0,139720,1.5843912E-06
0,139730,1.5842016E-06
0,139740,1.5840121E-06
0,139750,1.5838226E-06
0,139760,1.5836331E-06
0,139770,1.5834437E-06
0,139780,1.5832543E-06
0,139790,1.5830649E-06
0,139800,1.5828755E-06
0,139810,1.5826861E-06
0,139820,1.5824968E-06
0,139830,1.5823075E-06
0,139840,1.5821182E-06
0,139850,1.5819289E-06
0,139860,1.5817396E-06
0,139870,1.5815505E-06
0,139880,1.5813613E-06
0,139890,1.5811721E-06
0,139900,1.5809829E-06
0,139910,1.5807938E-06
0,139920,1.5806047E-06
0,139930,1.5804156E-06
0,139940,1.5802266E-06
0,139950,1.5800375E-06
0,139960,1.5798485E-06
0,139970,1.5796595E-06
0,139980,1.5794706E-06
0,139990,1.5792816E-06
0,140000,1.5790927E-06
0,140010,1.5789037E-06
0,140020,1.5787149E-06
0,140030,1.5785259E-06
0,140040,1.5783371E-06
0,140050,1.5781484E-06
0,140060,1.5779596E-06
0,140070,1.5777708E-06
0,140080,1.577582E-06
0,140090,1.5773933E-06
0,140100,1.5772047E-06
0,140110,1.577016E-06
0,140120,1.5768272E-06
0,140130,1.5766386E-06
0,140140,1.57645E-06
0,140150,1.5762614E-06
0,140160,1.5760729E-06
0,140170,1.5758843E-06
0,140180,1.5756958E-06
0,140190,1.5755073E-06
0,140200,1.5753188E-06
0,140210,1.5751303E-06
0,140220,1.574942E-06
0,140230,1.5747536E-06
0,140240,1.5745652E-06
0,140250,1.5743768E-06
0,140260,1.5741884E-06
0,140270,1.5740002E-06
0,140280,1.5738119E-06
0,140290,1.5736235E-06
0,140300,1.5734354E-06
0,140310,1.5732471E-06
0,140320,1.5730589E-06
0,140330,1.5728707E-06
0,140340,1.5726825E-06
0,140350,1.5724944E-06
0,140360,1.5723064E-06
0,140370,1.5721182E-06
0,140380,1.5719302E-06
0,140390,1.5717421E-06
0,140400,1.5715541E-06
0,140410,1.571366E-06
0,140420,1.5711781E-06
0,140430,1.5709901E-06
0,140440,1.5708022E-06
0,140450,1.5706142E-06
0,140460,1.5704264E-06
0,140470,1.5702385E-06
0,140480,1.5700507E-06
0,140490,1.5698629E-06
0,140500,1.5696751E-06
0,140510,1.5694873E-06
0,140520,1.5692996E-06
0,140530,1.5691118E-06
0,140540,1.5689241E-06
0,140550,1.5687364E-06
0,140560,1.5685488E-06
0,140570,1.5683611E-06
0,140580,1.5681735E-06
0,140590,1.5679859E-06
0,140600,1.5677983E-06
0,140610,1.5676108E-06
0,140620,1.5674232E-06
0,140630,1.5672357E-06
0,140640,1.5670482E-06
0,140650,1.5668608E-06
0,140660,1.5666733E-06
0,140670,1.5664859E-06
0,140680,1.5662985E-06
0,140690,1.5661111E-06
0,140700,1.5659238E-06
0,140710,1.5657365E-06
0,140720,1.5655492E-06
0,140730,1.5653619E-06
0,140740,1.5651746E-06
0,140750,1.5649873E-06
0,140760,1.5648002E-06
0,140770,1.564613E-06
0,140780,1.5644258E-06
0,140790,1.5642387E-06
0,140800,1.5640516E-06
0,140810,1.5638644E-06
0,140820,1.5636773E-06
0,140830,1.5634903E-06
0,140840,1.5633033E-06
0,140850,1.5631163E-06
0,140860,1.5629292E-06
0,140870,1.5627422E-06
0,140880,1.5625553E-06
0,140890,1.5623684E-06
0,140900,1.5621815E-06
0,140910,1.5619946E-06
0,140920,1.5618077E-06
0,140930,1.5616209E-06
0,140940,1.561434E-06
0,140950,1.5612472E-06
0,140960,1.5610606E-06
0,140970,1.5608738E-06
0,140980,1.560687E-06
0,140990,1.5605003E-06
0,141000,1.5603136E-06
0,141010,1.560127E-06
0,141020,1.5599404E-06
0,141030,1.5597537E-06
0,141040,1.5595672E-06
0,141050,1.5593806E-06
0,141060,1.5591941E-06
0,141070,1.5590075E-06
0,141080,1.558821E-06
0,141090,1.5586345E-06
0,141100,1.558448E-06
0,141110,1.5582617E-06
0,141120,1.5580753E-06
0,141130,1.5578888E-06
0,141140,1.5577025E-06
0,141150,1.5575162E-06
0,141160,1.5573298E-06
0,141170,1.5571435E-06
0,141180,1.5569573E-06
0,141190,1.5567709E-06
0,141200,1.5565847E-06
0,141210,1.5563985E-06
0,141220,1.5562124E-06
0,141230,1.5560262E-06
0,141240,1.5558401E-06
0,141250,1.555654E-06
0,141260,1.5554679E-06
0,141270,1.5552818E-06
0,141280,1.5550957E-06
0,141290,1.5549097E-06
0,141300,1.5547237E-06
0,141310,1.5545377E-06
0,141320,1.5543517E-06
0,141330,1.5541657E-06
0,141340,1.5539798E-06
0,141350,1.5537939E-06
0,141360,1.5536081E-06
0,141370,1.5534222E-06
0,141380,1.5532363E-06
0,141390,1.5530505E-06
0,141400,1.5528648E-06
0,141410,1.552679E-06
0,141420,1.5524932E-06
0,141430,1.5523075E-06
0,141440,1.5521218E-06
0,141450,1.5519362E-06
0,141460,1.5517505E-06
0,141470,1.5515649E-06
0,141480,1.5513792E-06
0,141490,1.5511937E-06
0,141500,1.551008E-06
0,141510,1.5508225E-06
0,141520,1.550637E-06
0,141530,1.5504515E-06
0,141540,1.550266E-06
0,141550,1.5500806E-06
0,141560,1.5498952E-06
0,141570,1.5497097E-06
0,141580,1.5495243E-06
0,141590,1.549339E-06
0,141600,1.5491537E-06
0,141610,1.5489683E-06
0,141620,1.5487831E-06
0,141630,1.5485978E-06
0,141640,1.5484125E-06
0,141650,1.5482273E-06
0,141660,1.5480421E-06
0,141670,1.5478569E-06
0,141680,1.5476717E-06
0,141690,1.5474866E-06
0,141700,1.5473014E-06
0,141710,1.5471163E-06
0,141720,1.5469312E-06
0,141730,1.5467461E-06
0,141740,1.5465612E-06
0,141750,1.5463761E-06
0,141760,1.5461911E-06
0,141770,1.5460062E-06
0,141780,1.5458212E-06
0,141790,1.5456363E-06
0,141800,1.5454514E-06
0,141810,1.5452665E-06
0,141820,1.5450817E-06
0,141830,1.5448968E-06
0,141840,1.5447121E-06
0,141850,1.5445272E-06
0,141860,1.5443425E-06
0,141870,1.5441577E-06
0,141880,1.543973E-06
0,141890,1.5437882E-06
0,141900,1.5436036E-06
0,141910,1.543419E-06
0,141920,1.5432344E-06
0,141930,1.5430497E-06
0,141940,1.5428651E-06
0,141950,1.5426805E-06
0,141960,1.542496E-06
0,141970,1.5423115E-06
0,141980,1.5421269E-06
0,141990,1.5419424E-06
0,142000,1.541758E-06
0,142010,1.5415736E-06
0,142020,1.5413891E-06
0,142030,1.5412047E-06
0,142040,1.5410204E-06
0,142050,1.540836E-06
0,142060,1.5406517E-06
0,142070,1.5404675E-06
0,142080,1.5402832E-06
0,142090,1.5400989E-06
0,142100,1.5399146E-06
0,142110,1.5397304E-06
0,142120,1.5395462E-06
0,142130,1.5393621E-06
0,142140,1.5391779E-06
0,142150,1.5389937E-06
0,142160,1.5388097E-06
0,142170,1.5386256E-06
0,142180,1.5384416E-06
0,142190,1.5382575E-06
0,142200,1.5380734E-06
0,142210,1.5378895E-06
0,142220,1.5377054E-06
0,142230,1.5375215E-06
0,142240,1.5373375E-06
0,142250,1.5371537E-06
0,142260,1.5369698E-06
0,142270,1.5367859E-06
0,142280,1.5366021E-06
0,142290,1.5364183E-06
0,142300,1.5362344E-06
0,142310,1.5360507E-06
0,142320,1.5358669E-06
0,142330,1.5356832E-06
0,142340,1.5354995E-06
0,142350,1.5353158E-06
0,142360,1.5351321E-06
0,142370,1.5349485E-06
0,142380,1.5347649E-06
0,142390,1.5345813E-06
0,142400,1.5343977E-06
0,142410,1.5342141E-06
0,142420,1.5340306E-06
0,142430,1.5338471E-06
0,142440,1.5336636E-06
0,142450,1.5334801E-06
0,142460,1.5332967E-06
0,142470,1.5331133E-06
0,142480,1.5329298E-06
0,142490,1.5327464E-06
0,142500,1.5325631E-06
0,142510,1.5323798E-06
0,142520,1.5321964E-06
0,142530,1.5320131E-06
0,142540,1.5318299E-06
0,142550,1.5316466E-06
0,142560,1.5314635E-06
0,142570,1.5312802E-06
0,142580,1.531097E-06
0,142590,1.5309139E-06
0,142600,1.5307307E-06
0,142610,1.5305476E-06
0,142620,1.5303644E-06
0,142630,1.5301814E-06
0,142640,1.5299984E-06
0,142650,1.5298153E-06
0,142660,1.5296323E-06
0,142670,1.5294494E-06
0,142680,1.5292663E-06
0,142690,1.5290834E-06
0,142700,1.5289005E-06
0,142710,1.5287176E-06
0,142720,1.5285348E-06
0,142730,1.5283518E-06
0,142740,1.528169E-06
0,142750,1.5279862E-06
0,142760,1.5278034E-06
0,142770,1.5276207E-06
0,142780,1.5274379E-06
0,142790,1.5272552E-06
0,142800,1.5270725E-06
0,142810,1.5268898E-06
0,142820,1.5267071E-06
0,142830,1.5265246E-06
0,142840,1.5263419E-06
0,142850,1.5261593E-06
0,142860,1.5259767E-06
0,142870,1.5257942E-06
0,142880,1.5256117E-06
0,142890,1.5254292E-06
0,142900,1.5252467E-06
0,142910,1.5250642E-06
0,142920,1.5248818E-06
0,142930,1.5246993E-06
0,142940,1.524517E-06
0,142950,1.5243346E-06
0,142960,1.5241523E-06
0,142970,1.5239699E-06
0,142980,1.5237875E-06
0,142990,1.5236053E-06
0,143000,1.5234231E-06
0,143010,1.5232408E-06
0,143020,1.5230586E-06
0,143030,1.5228763E-06
0,143040,1.5226942E-06
0,143050,1.522512E-06
0,143060,1.5223299E-06
0,143070,1.5221477E-06
0,143080,1.5219657E-06
0,143090,1.5217836E-06
0,143100,1.5216016E-06
0,143110,1.5214196E-06
0,143120,1.5212376E-06
0,143130,1.5210555E-06
0,143140,1.5208736E-06
0,143150,1.5206916E-06
0,143160,1.5205097E-06
0,143170,1.5203278E-06
0,143180,1.5201459E-06
0,143190,1.5199641E-06
0,143200,1.5197822E-06
0,143210,1.5196005E-06
0,143220,1.5194187E-06
0,143230,1.5192369E-06
0,143240,1.5190552E-06
0,143250,1.5188734E-06
0,143260,1.5186918E-06
0,143270,1.5185101E-06
0,143280,1.5183284E-06
0,143290,1.5181467E-06
0,143300,1.5179652E-06
0,143310,1.5177836E-06
0,143320,1.517602E-06
0,143330,1.5174205E-06
0,143340,1.517239E-06
0,143350,1.5170574E-06
0,143360,1.516876E-06
0,143370,1.5166945E-06
0,143380,1.5165131E-06
0,143390,1.5163316E-06
0,143400,1.5161502E-06
0,143410,1.5159688E-06
0,143420,1.5157875E-06
0,143430,1.5156062E-06
0,143440,1.5154249E-06
0,143450,1.5152435E-06
0,143460,1.5150623E-06
0,143470,1.5148811E-06
0,143480,1.5146999E-06
0,143490,1.5145187E-06
0,143500,1.5143374E-06
0,143510,1.5141563E-06
0,143520,1.5139751E-06
0,143530,1.513794E-06
0,143540,1.5136129E-06
0,143550,1.5134319E-06
0,143560,1.5132508E-06
0,143570,1.5130698E-06
0,143580,1.5128888E-06
0,143590,1.5127079E-06
0,143600,1.5125269E-06
0,143610,1.5123459E-06
0,143620,1.512165E-06
0,143630,1.5119841E-06
0,143640,1.5118032E-06
0,143650,1.5116224E-06
0,143660,1.5114415E-06
0,143670,1.5112607E-06
0,143680,1.51108E-06
0,143690,1.5108992E-06
0,143700,1.5107184E-06
0,143710,1.5105377E-06
0,143720,1.510357E-06
0,143730,1.5101763E-06
0,143740,1.5099956E-06
0,143750,1.509815E-06
0,143760,1.5096344E-06
0,143770,1.5094538E-06
0,143780,1.5092733E-06
0,143790,1.5090927E-06
0,143800,1.5089122E-06
0,143810,1.5087317E-06
0,143820,1.5085511E-06
0,143830,1.5083707E-06
0,143840,1.5081903E-06
0,143850,1.5080099E-06
0,143860,1.5078294E-06
0,143870,1.507649E-06
0,143880,1.5074687E-06
0,143890,1.5072884E-06
0,143900,1.5071081E-06
0,143910,1.5069278E-06
0,143920,1.5067475E-06
0,143930,1.5065673E-06
0,143940,1.506387E-06
0,143950,1.5062068E-06
0,143960,1.5060266E-06
0,143970,1.5058464E-06
0,143980,1.5056663E-06
0,143990,1.5054862E-06
0,144000,1.505306E-06
0,144010,1.505126E-06
0,144020,1.504946E-06
0,144030,1.5047659E-06
0,144040,1.504586E-06
0,144050,1.5044059E-06
0,144060,1.5042259E-06
0,144070,1.504046E-06
0,144080,1.5038661E-06
0,144090,1.5036861E-06
0,144100,1.5035063E-06
0,144110,1.5033264E-06
0,144120,1.5031466E-06
0,144130,1.5029668E-06
0,144140,1.502787E-06
0,144150,1.5026072E-06
0,144160,1.5024275E-06
0,144170,1.5022478E-06
0,144180,1.502068E-06
0,144190,1.5018883E-06
0,144200,1.5017087E-06
0,144210,1.501529E-06
0,144220,1.5013494E-06
0,144230,1.5011698E-06
0,144240,1.5009902E-06
0,144250,1.5008106E-06
0,144260,1.5006311E-06
0,144270,1.5004516E-06
0,144280,1.5002721E-06
0,144290,1.5000926E-06
0,144300,1.4999131E-06
0,144310,1.4997337E-06
0,144320,1.4995543E-06
0,144330,1.4993749E-06
0,144340,1.4991955E-06
0,144350,1.4990162E-06
0,144360,1.4988369E-06
0,144370,1.4986575E-06
0,144380,1.4984782E-06
0,144390,1.4982991E-06
0,144400,1.4981198E-06
0,144410,1.4979406E-06
0,144420,1.4977613E-06
0,144430,1.4975822E-06
0,144440,1.497403E-06
0,144450,1.4972239E-06
0,144460,1.4970448E-06
0,144470,1.4968657E-06
0,144480,1.4966867E-06
0,144490,1.4965076E-06
0,144500,1.4963285E-06
0,144510,1.4961496E-06
0,144520,1.4959705E-06
0,144530,1.4957916E-06
0,144540,1.4956127E-06
0,144550,1.4954338E-06
0,144560,1.4952549E-06
0,144570,1.495076E-06
0,144580,1.4948971E-06
0,144590,1.4947183E-06
0,144600,1.4945396E-06
0,144610,1.4943607E-06
0,144620,1.4941819E-06
0,144630,1.4940032E-06
0,144640,1.4938245E-06
0,144650,1.4936458E-06
0,144660,1.493467E-06
0,144670,1.4932884E-06
0,144680,1.4931098E-06
0,144690,1.4929312E-06
0,144700,1.4927526E-06
0,144710,1.492574E-06
0,144720,1.4923954E-06
0,144730,1.4922169E-06
0,144740,1.4920385E-06
0,144750,1.49186E-06
0,144760,1.4916815E-06
0,144770,1.491503E-06
0,144780,1.4913246E-06
0,144790,1.4911461E-06
0,144800,1.4909677E-06
0,144810,1.4907894E-06
0,144820,1.4906111E-06
0,144830,1.4904327E-06
0,144840,1.4902545E-06
0,144850,1.4900762E-06
0,144860,1.489898E-06
0,144870,1.4897197E-06
0,144880,1.4895415E-06
0,144890,1.4893633E-06
0,144900,1.4891851E-06
0,144910,1.489007E-06
0,144920,1.4888288E-06
0,144930,1.4886507E-06
0,144940,1.4884727E-06
0,144950,1.4882946E-06
0,144960,1.4881166E-06
0,144970,1.4879386E-06
0,144980,1.4877605E-06
0,144990,1.4875826E-06
0,145000,1.4874046E-06
0,145010,1.4872267E-06
0,145020,1.4870487E-06
0,145030,1.4868708E-06
0,145040,1.486693E-06
0,145050,1.4865151E-06
0,145060,1.4863373E-06
0,145070,1.4861595E-06
0,145080,1.4859817E-06
0,145090,1.485804E-06
0,145100,1.4856262E-06
0,145110,1.4854485E-06
0,145120,1.4852708E-06
0,145130,1.4850931E-06
0,145140,1.4849154E-06
0,145150,1.4847378E-06
0,145160,1.4845602E-06
0,145170,1.4843826E-06
0,145180,1.484205E-06
0,145190,1.4840275E-06
0,145200,1.4838499E-06
0,145210,1.4836725E-06
0,145220,1.4834949E-06
0,145230,1.4833174E-06
0,145240,1.4831401E-06
0,145250,1.4829626E-06
0,145260,1.4827851E-06
0,145270,1.4826078E-06
0,145280,1.4824304E-06
0,145290,1.4822531E-06
0,145300,1.4820757E-06
0,145310,1.4818985E-06
0,145320,1.4817213E-06
0,145330,1.4815439E-06
0,145340,1.4813667E-06
0,145350,1.4811895E-06
0,145360,1.4810123E-06
0,145370,1.4808352E-06
0,145380,1.4806579E-06
0,145390,1.4804808E-06
0,145400,1.4803038E-06
0,145410,1.4801267E-06
0,145420,1.4799496E-06
0,145430,1.4797725E-06
0,145440,1.4795955E-06
0,145450,1.4794185E-06
0,145460,1.4792415E-06
0,145470,1.4790646E-06
0,145480,1.4788876E-06
0,145490,1.4787107E-06
0,145500,1.4785338E-06
0,145510,1.4783569E-06
0,145520,1.4781801E-06
0,145530,1.4780032E-06
0,145540,1.4778265E-06
0,145550,1.4776497E-06
0,145560,1.4774729E-06
0,145570,1.4772962E-06
0,145580,1.4771194E-06
0,145590,1.4769428E-06
0,145600,1.4767661E-06
0,145610,1.4765894E-06
0,145620,1.4764128E-06
0,145630,1.4762361E-06
0,145640,1.4760595E-06
0,145650,1.475883E-06
0,145660,1.4757064E-06
0,145670,1.4755299E-06
0,145680,1.4753533E-06
0,145690,1.4751769E-06
0,145700,1.4750004E-06
0,145710,1.4748239E-06
0,145720,1.4746475E-06
0,145730,1.4744711E-06
0,145740,1.4742947E-06
0,145750,1.4741183E-06
0,145760,1.473942E-06
0,145770,1.4737657E-06
0,145780,1.4735894E-06
0,145790,1.473413E-06
0,145800,1.4732368E-06
0,145810,1.4730606E-06
0,145820,1.4728844E-06
0,145830,1.4727082E-06
0,145840,1.472532E-06
0,145850,1.4723558E-06
0,145860,1.4721796E-06
0,145870,1.4720035E-06
0,145880,1.4718274E-06
0,145890,1.4716514E-06
0,145900,1.4714753E-06
0,145910,1.4712994E-06
0,145920,1.4711234E-06
0,145930,1.4709474E-06
0,145940,1.4707714E-06
0,145950,1.4705954E-06
0,145960,1.4704195E-06
0,145970,1.4702435E-06
0,145980,1.4700677E-06
0,145990,1.4698918E-06
0,146000,1.469716E-06
0,146010,1.4695402E-06
0,146020,1.4693644E-06
0,146030,1.4691886E-06
0,146040,1.4690129E-06
0,146050,1.4688371E-06
0,146060,1.4686614E-06
0,146070,1.4684857E-06
0,146080,1.4683101E-06
0,146090,1.4681344E-06
0,146100,1.4679588E-06
0,146110,1.4677831E-06
0,146120,1.4676076E-06
0,146130,1.467432E-06
0,146140,1.4672564E-06
0,146150,1.4670809E-06
0,146160,1.4669054E-06
0,146170,1.4667299E-06
0,146180,1.4665545E-06
0,146190,1.466379E-06
0,146200,1.4662036E-06
0,146210,1.4660283E-06
0,146220,1.4658528E-06
0,146230,1.4656774E-06
0,146240,1.4655021E-06
0,146250,1.4653268E-06
0,146260,1.4651515E-06
0,146270,1.4649762E-06
0,146280,1.464801E-06
0,146290,1.4646258E-06
0,146300,1.4644505E-06
0,146310,1.4642753E-06
0,146320,1.4641003E-06
0,146330,1.4639251E-06
0,146340,1.46375E-06
0,146350,1.4635748E-06
0,146360,1.4633997E-06
0,146370,1.4632246E-06
0,146380,1.4630497E-06
0,146390,1.4628746E-06
0,146400,1.4626996E-06
0,146410,1.4625247E-06
0,146420,1.4623497E-06
0,146430,1.4621747E-06
0,146440,1.4619998E-06
0,146450,1.4618249E-06
0,146460,1.4616501E-06
0,146470,1.4614752E-06
0,146480,1.4613004E-06
0,146490,1.4611255E-06
0,146500,1.4609508E-06
0,146510,1.4607759E-06
0,146520,1.4606012E-06
0,146530,1.4604265E-06
0,146540,1.4602518E-06
0,146550,1.4600771E-06
0,146560,1.4599025E-06
0,146570,1.4597277E-06
0,146580,1.4595531E-06
0,146590,1.4593786E-06
0,146600,1.459204E-06
0,146610,1.4590294E-06
0,146620,1.4588549E-06
0,146630,1.4586803E-06
0,146640,1.4585058E-06
0,146650,1.4583313E-06
0,146660,1.4581569E-06
0,146670,1.4579825E-06
0,146680,1.457808E-06
0,146690,1.4576336E-06
0,146700,1.4574593E-06
0,146710,1.457285E-06
0,146720,1.4571106E-06
0,146730,1.4569363E-06
0,146740,1.456762E-06
0,146750,1.4565877E-06
0,146760,1.4564135E-06
0,146770,1.4562393E-06
0,146780,1.4560651E-06
0,146790,1.4558909E-06
0,146800,1.4557168E-06
0,146810,1.4555426E-06
0,146820,1.4553684E-06
0,146830,1.4551944E-06
0,146840,1.4550202E-06
0,146850,1.4548461E-06
0,146860,1.4546722E-06
0,146870,1.4544981E-06
0,146880,1.4543241E-06
0,146890,1.4541502E-06
0,146900,1.4539762E-06
0,146910,1.4538023E-06
0,146920,1.4536283E-06
0,146930,1.4534545E-06
0,146940,1.4532806E-06
0,146950,1.4531067E-06
0,146960,1.4529329E-06
0,146970,1.4527591E-06
0,146980,1.4525853E-06
0,146990,1.4524115E-06
0,147000,1.4522377E-06
0,147010,1.452064E-06
0,147020,1.4518903E-06
0,147030,1.4517167E-06
0,147040,1.451543E-06
0,147050,1.4513694E-06
0,147060,1.4511957E-06
0,147070,1.4510221E-06
0,147080,1.4508486E-06
0,147090,1.450675E-06
0,147100,1.4505014E-06
0,147110,1.4503279E-06
0,147120,1.4501544E-06
0,147130,1.4499809E-06
0,147140,1.4498074E-06
0,147150,1.449634E-06
0,147160,1.4494606E-06
0,147170,1.4492872E-06
0,147180,1.4491138E-06
0,147190,1.4489405E-06
0,147200,1.4487672E-06
0,147210,1.4485938E-06
0,147220,1.4484206E-06
0,147230,1.4482473E-06
0,147240,1.448074E-06
0,147250,1.4479008E-06
0,147260,1.4477275E-06
0,147270,1.4475544E-06
0,147280,1.4473812E-06
0,147290,1.4472081E-06
0,147300,1.447035E-06
0,147310,1.4468618E-06
0,147320,1.4466888E-06
0,147330,1.4465156E-06
0,147340,1.4463426E-06
0,147350,1.4461696E-06
0,147360,1.4459966E-06
0,147370,1.4458236E-06
0,147380,1.4456507E-06
0,147390,1.4454778E-06
0,147400,1.4453049E-06
0,147410,1.4451319E-06
0,147420,1.444959E-06
0,147430,1.4447862E-06
0,147440,1.4446133E-06
0,147450,1.4444405E-06
0,147460,1.4442677E-06
0,147470,1.4440949E-06
0,147480,1.4439222E-06
0,147490,1.4437495E-06
0,147500,1.4435767E-06
0,147510,1.443404E-06
0,147520,1.4432313E-06
0,147530,1.4430587E-06
0,147540,1.4428861E-06
0,147550,1.4427135E-06
0,147560,1.4425409E-06
0,147570,1.4423683E-06
0,147580,1.4421958E-06
0,147590,1.4420233E-06
0,147600,1.4418507E-06
0,147610,1.4416783E-06
0,147620,1.4415058E-06
0,147630,1.4413333E-06
0,147640,1.441161E-06
0,147650,1.4409885E-06
0,147660,1.4408162E-06
0,147670,1.4406438E-06
0,147680,1.4404715E-06
0,147690,1.4402991E-06
0,147700,1.4401268E-06
0,147710,1.4399545E-06
0,147720,1.4397823E-06
0,147730,1.4396101E-06
0,147740,1.4394378E-06
0,147750,1.4392656E-06
0,147760,1.4390935E-06
0,147770,1.4389213E-06
0,147780,1.4387491E-06
0,147790,1.438577E-06
0,147800,1.438405E-06
0,147810,1.4382329E-06
0,147820,1.4380608E-06
0,147830,1.4378888E-06
0,147840,1.4377167E-06
0,147850,1.4375448E-06
0,147860,1.4373728E-06
0,147870,1.4372008E-06
0,147880,1.4370289E-06
0,147890,1.436857E-06
0,147900,1.4366851E-06
0,147910,1.4365132E-06
0,147920,1.4363414E-06
0,147930,1.4361696E-06
0,147940,1.4359978E-06
0,147950,1.435826E-06
0,147960,1.4356542E-06
0,147970,1.4354825E-06
0,147980,1.4353108E-06
0,147990,1.4351391E-06
0,148000,1.4349674E-06
0,148010,1.4347958E-06
0,148020,1.4346241E-06
0,148030,1.4344524E-06
0,148040,1.4342809E-06
0,148050,1.4341093E-06
0,148060,1.4339378E-06
0,148070,1.4337662E-06
0,148080,1.4335947E-06
0,148090,1.4334231E-06
0,148100,1.4332517E-06
0,148110,1.4330802E-06
0,148120,1.4329088E-06
0,148130,1.4327373E-06
0,148140,1.432566E-06
0,148150,1.4323946E-06
0,148160,1.4322233E-06
0,148170,1.4320519E-06
0,148180,1.4318806E-06
0,148190,1.4317093E-06
0,148200,1.4315381E-06
0,148210,1.4313667E-06
0,148220,1.4311955E-06
0,148230,1.4310243E-06
0,148240,1.4308531E-06
0,148250,1.430682E-06
0,148260,1.4305108E-06
0,148270,1.4303397E-06
0,148280,1.4301686E-06
0,148290,1.4299975E-06
0,148300,1.4298264E-06
0,148310,1.4296554E-06
0,148320,1.4294843E-06
0,148330,1.4293133E-06
0,148340,1.4291423E-06
0,148350,1.4289714E-06
0,148360,1.4288005E-06
0,148370,1.4286295E-06
0,148380,1.4284586E-06
0,148390,1.4282878E-06
0,148400,1.4281169E-06
0,148410,1.427946E-06
0,148420,1.4277753E-06
0,148430,1.4276044E-06
0,148440,1.4274336E-06
0,148450,1.4272629E-06
0,148460,1.4270921E-06
0,148470,1.4269214E-06
0,148480,1.4267507E-06
0,148490,1.4265801E-06
0,148500,1.4264093E-06
0,148510,1.4262387E-06
0,148520,1.4260681E-06
0,148530,1.4258975E-06
0,148540,1.425727E-06
0,148550,1.4255563E-06
0,148560,1.4253858E-06
0,148570,1.4252153E-06
0,148580,1.4250448E-06
0,148590,1.4248743E-06
0,148600,1.4247039E-06
0,148610,1.4245335E-06
0,148620,1.4243631E-06
0,148630,1.4241926E-06
0,148640,1.4240222E-06
0,148650,1.4238519E-06
0,148660,1.4236816E-06
0,148670,1.4235113E-06
0,148680,1.423341E-06
0,148690,1.4231707E-06
0,148700,1.4230004E-06
0,148710,1.4228302E-06
0,148720,1.42266E-06
0,148730,1.4224898E-06
0,148740,1.4223197E-06
0,148750,1.4221495E-06
0,148760,1.4219794E-06
0,148770,1.4218093E-06
0,148780,1.4216391E-06
0,148790,1.4214692E-06
0,148800,1.4212991E-06
0,148810,1.421129E-06
0,148820,1.420959E-06
0,148830,1.4207891E-06
0,148840,1.4206191E-06
0,148850,1.4204492E-06
0,148860,1.4202792E-06
0,148870,1.4201094E-06
0,148880,1.4199394E-06
0,148890,1.4197695E-06
0,148900,1.4195997E-06
0,148910,1.4194299E-06
0,148920,1.4192601E-06
0,148930,1.4190903E-06
0,148940,1.4189205E-06
0,148950,1.4187508E-06
0,148960,1.4185811E-06
0,148970,1.4184113E-06
0,148980,1.4182417E-06
0,148990,1.418072E-06
0,149000,1.4179024E-06
0,149010,1.4177327E-06
0,149020,1.4175631E-06
0,149030,1.4173936E-06
0,149040,1.417224E-06
0,149050,1.4170545E-06
0,149060,1.416885E-06
0,149070,1.4167155E-06
0,149080,1.416546E-06
0,149090,1.4163766E-06
0,149100,1.416207E-06
0,149110,1.4160377E-06
0,149120,1.4158683E-06
0,149130,1.4156989E-06
0,149140,1.4155295E-06
0,149150,1.4153602E-06
0,149160,1.4151909E-06
0,149170,1.4150215E-06
0,149180,1.4148522E-06
0,149190,1.4146831E-06
0,149200,1.4145138E-06
0,149210,1.4143446E-06
0,149220,1.4141754E-06
0,149230,1.4140062E-06
0,149240,1.413837E-06
0,149250,1.413668E-06
0,149260,1.4134988E-06
0,149270,1.4133298E-06
0,149280,1.4131607E-06
0,149290,1.4129917E-06
0,149300,1.4128226E-06
0,149310,1.4126535E-06
0,149320,1.4124846E-06
0,149330,1.4123156E-06
0,149340,1.4121466E-06
0,149350,1.4119777E-06
0,149360,1.4118087E-06
0,149370,1.4116399E-06
0,149380,1.411471E-06
0,149390,1.4113022E-06
0,149400,1.4111333E-06
0,149410,1.4109645E-06
0,149420,1.4107958E-06
0,149430,1.410627E-06
0,149440,1.4104583E-06
0,149450,1.4102894E-06
0,149460,1.4101207E-06
0,149470,1.4099521E-06
0,149480,1.4097834E-06
0,149490,1.4096148E-06
0,149500,1.4094461E-06
0,149510,1.4092775E-06
0,149520,1.4091089E-06
0,149530,1.4089404E-06
0,149540,1.4087718E-06
0,149550,1.4086033E-06
0,149560,1.4084347E-06
0,149570,1.4082663E-06
0,149580,1.4080978E-06
0,149590,1.4079294E-06
0,149600,1.4077609E-06
0,149610,1.4075925E-06
0,149620,1.4074242E-06
0,149630,1.4072558E-06
0,149640,1.4070874E-06
0,149650,1.4069191E-06
0,149660,1.4067508E-06
0,149670,1.4065826E-06
0,149680,1.4064143E-06
0,149690,1.406246E-06
0,149700,1.4060778E-06
0,149710,1.4059095E-06
0,149720,1.4057414E-06
0,149730,1.4055732E-06
0,149740,1.4054051E-06
0,149750,1.405237E-06
0,149760,1.4050688E-06
0,149770,1.4049008E-06
0,149780,1.4047326E-06
0,149790,1.4045646E-06
0,149800,1.4043966E-06
0,149810,1.4042286E-06
0,149820,1.4040606E-06
0,149830,1.4038926E-06
0,149840,1.4037247E-06
0,149850,1.4035568E-06
0,149860,1.4033889E-06
0,149870,1.403221E-06
0,149880,1.4030531E-06
0,149890,1.4028852E-06
0,149900,1.4027174E-06
0,149910,1.4025496E-06
0,149920,1.4023818E-06
0,149930,1.4022141E-06
0,149940,1.4020463E-06
0,149950,1.4018786E-06
0,149960,1.401711E-06
0,149970,1.4015433E-06
0,149980,1.4013756E-06
0,149990,1.4012079E-06
0,150000,1.4010403E-06
0,150010,1.4008727E-06
0,150020,1.4007052E-06
0,150030,1.4005376E-06
0,150040,1.40037E-06
0,150050,1.4002024E-06
0,150060,1.400035E-06
0,150070,1.3998675E-06
0,150080,1.3997001E-06
0,150090,1.3995326E-06
0,150100,1.3993651E-06
0,150110,1.3991978E-06
0,150120,1.3990303E-06
0,150130,1.398863E-06
0,150140,1.3986956E-06
0,150150,1.3985284E-06
0,150160,1.3983611E-06
0,150170,1.3981938E-06
0,150180,1.3980265E-06
0,150190,1.3978593E-06
0,150200,1.397692E-06
0,150210,1.3975249E-06
0,150220,1.3973577E-06
0,150230,1.3971905E-06
0,150240,1.3970233E-06
0,150250,1.3968562E-06
0,150260,1.3966891E-06
0,150270,1.3965221E-06
0,150280,1.396355E-06
0,150290,1.3961879E-06
0,150300,1.3960209E-06
0,150310,1.3958539E-06
0,150320,1.3956869E-06
0,150330,1.3955199E-06
0,150340,1.395353E-06
0,150350,1.3951861E-06
0,150360,1.3950192E-06
0,150370,1.3948523E-06
0,150380,1.3946855E-06
0,150390,1.3945186E-06
0,150400,1.3943518E-06
0,150410,1.394185E-06
0,150420,1.3940182E-06
0,150430,1.3938514E-06
0,150440,1.3936847E-06
0,150450,1.393518E-06
0,150460,1.3933512E-06
0,150470,1.3931846E-06
0,150480,1.3930179E-06
0,150490,1.3928512E-06
0,150500,1.3926847E-06
0,150510,1.392518E-06
0,150520,1.3923515E-06
0,150530,1.3921849E-06
0,150540,1.3920184E-06
0,150550,1.3918518E-06
0,150560,1.3916853E-06
0,150570,1.3915188E-06
0,150580,1.3913524E-06
0,150590,1.391186E-06
0,150600,1.3910195E-06
0,150610,1.3908531E-06
0,150620,1.3906867E-06
0,150630,1.3905203E-06
0,150640,1.390354E-06
0,150650,1.3901877E-06
0,150660,1.3900213E-06
0,150670,1.389855E-06
0,150680,1.3896888E-06
0,150690,1.3895226E-06
0,150700,1.3893564E-06
0,150710,1.3891902E-06
0,150720,1.389024E-06
0,150730,1.3888578E-06
0,150740,1.3886917E-06
0,150750,1.3885254E-06
0,150760,1.3883594E-06
0,150770,1.3881933E-06
0,150780,1.3880273E-06
0,150790,1.3878612E-06
0,150800,1.3876952E-06
0,150810,1.3875292E-06
0,150820,1.3873632E-06
0,150830,1.3871972E-06
0,150840,1.3870313E-06
0,150850,1.3868653E-06
0,150860,1.3866994E-06
0,150870,1.3865335E-06
0,150880,1.3863677E-06
0,150890,1.3862018E-06
0,150900,1.3860359E-06
0,150910,1.3858702E-06
0,150920,1.3857044E-06
0,150930,1.3855387E-06
0,150940,1.3853729E-06
0,150950,1.3852072E-06
0,150960,1.3850414E-06
0,150970,1.3848758E-06
0,150980,1.3847101E-06
0,150990,1.3845444E-06
0,151000,1.3843788E-06
0,151010,1.3842132E-06
0,151020,1.3840476E-06
0,151030,1.383882E-06
0,151040,1.3837165E-06
0,151050,1.383551E-06
0,151060,1.3833854E-06
0,151070,1.3832199E-06
0,151080,1.3830545E-06
0,151090,1.382889E-06
0,151100,1.3827236E-06
0,151110,1.3825581E-06
0,151120,1.3823927E-06
0,151130,1.3822274E-06
0,151140,1.382062E-06
0,151150,1.3818967E-06
0,151160,1.3817314E-06
0,151170,1.3815661E-06
0,151180,1.3814008E-06
0,151190,1.3812356E-06
0,151200,1.3810703E-06
0,151210,1.3809051E-06
0,151220,1.38074E-06
0,151230,1.3805748E-06
0,151240,1.3804096E-06
0,151250,1.3802445E-06
0,151260,1.3800793E-06
0,151270,1.3799142E-06
0,151280,1.3797492E-06
0,151290,1.3795841E-06
0,151300,1.379419E-06
0,151310,1.3792541E-06
0,151320,1.3790891E-06
0,151330,1.378924E-06
0,151340,1.3787591E-06
0,151350,1.3785942E-06
0,151360,1.3784293E-06
0,151370,1.3782644E-06
0,151380,1.3780995E-06
0,151390,1.3779346E-06
0,151400,1.3777698E-06
0,151410,1.3776049E-06
0,151420,1.3774402E-06
0,151430,1.3772753E-06
0,151440,1.3771106E-06
0,151450,1.3769459E-06
0,151460,1.3767811E-06
0,151470,1.3766164E-06
0,151480,1.3764518E-06
0,151490,1.3762871E-06
0,151500,1.3761224E-06
0,151510,1.3759578E-06
0,151520,1.3757932E-06
0,151530,1.3756287E-06
0,151540,1.3754641E-06
0,151550,1.3752996E-06
0,151560,1.3751351E-06
0,151570,1.3749706E-06
0,151580,1.3748061E-06
0,151590,1.3746416E-06
0,151600,1.3744772E-06
0,151610,1.3743127E-06
0,151620,1.3741483E-06
0,151630,1.3739839E-06
0,151640,1.3738195E-06
0,151650,1.3736552E-06
0,151660,1.3734908E-06
0,151670,1.3733265E-06
0,151680,1.3731623E-06
0,151690,1.372998E-06
0,151700,1.3728337E-06
0,151710,1.3726695E-06
0,151720,1.3725053E-06
0,151730,1.3723411E-06
0,151740,1.3721769E-06
0,151750,1.3720128E-06
0,151760,1.3718486E-06
0,151770,1.3716846E-06
0,151780,1.3715205E-06
0,151790,1.3713563E-06
0,151800,1.3711923E-06
0,151810,1.3710284E-06
0,151820,1.3708643E-06
0,151830,1.3707003E-06
0,151840,1.3705363E-06
0,151850,1.3703724E-06
0,151860,1.3702085E-06
0,151870,1.3700445E-06
0,151880,1.3698806E-06
0,151890,1.3697168E-06
0,151900,1.3695529E-06
0,151910,1.369389E-06
0,151920,1.3692253E-06
0,151930,1.3690615E-06
0,151940,1.3688976E-06
0,151950,1.3687339E-06
0,151960,1.3685701E-06
0,151970,1.3684064E-06
0,151980,1.3682427E-06
0,151990,1.3680791E-06
0,152000,1.3679154E-06
0,152010,1.3677518E-06
0,152020,1.3675881E-06
0,152030,1.3674245E-06
0,152040,1.367261E-06
0,152050,1.3670974E-06
0,152060,1.3669338E-06
0,152070,1.3667703E-06
0,152080,1.3666069E-06
0,152090,1.3664434E-06
0,152100,1.3662799E-06
0,152110,1.3661164E-06
0,152120,1.365953E-06
0,152130,1.3657896E-06
0,152140,1.3656262E-06
0,152150,1.3654628E-06
0,152160,1.3652995E-06
0,152170,1.3651362E-06
0,152180,1.3649728E-06
0,152190,1.3648096E-06
0,152200,1.3646463E-06
0,152210,1.3644831E-06
0,152220,1.3643198E-06
0,152230,1.3641566E-06
0,152240,1.3639934E-06
0,152250,1.3638303E-06
0,152260,1.363667E-06
0,152270,1.363504E-06
0,152280,1.3633409E-06
0,152290,1.3631777E-06
0,152300,1.3630147E-06
0,152310,1.3628517E-06
0,152320,1.3626885E-06
0,152330,1.3625256E-06
0,152340,1.3623626E-06
0,152350,1.3621996E-06
0,152360,1.3620366E-06
0,152370,1.3618737E-06
0,152380,1.3617108E-06
0,152390,1.3615479E-06
0,152400,1.361385E-06
0,152410,1.3612222E-06
0,152420,1.3610593E-06
0,152430,1.3608965E-06
0,152440,1.3607337E-06
0,152450,1.3605709E-06
0,152460,1.3604081E-06
0,152470,1.3602454E-06
0,152480,1.3600827E-06
0,152490,1.3599199E-06
0,152500,1.3597572E-06
0,152510,1.3595946E-06
0,152520,1.359432E-06
0,152530,1.3592693E-06
0,152540,1.3591067E-06
0,152550,1.3589441E-06
0,152560,1.3587816E-06
0,152570,1.358619E-06
0,152580,1.3584565E-06
0,152590,1.358294E-06
0,152600,1.3581315E-06
0,152610,1.357969E-06
0,152620,1.3578066E-06
0,152630,1.3576441E-06
0,152640,1.3574818E-06
0,152650,1.3573193E-06
0,152660,1.357157E-06
0,152670,1.3569946E-06
0,152680,1.3568323E-06
0,152690,1.3566699E-06
0,152700,1.3565077E-06
0,152710,1.3563454E-06
0,152720,1.3561831E-06
0,152730,1.3560209E-06
0,152740,1.3558587E-06
0,152750,1.3556964E-06
0,152760,1.3555343E-06
0,152770,1.3553721E-06
0,152780,1.35521E-06
0,152790,1.3550479E-06
0,152800,1.3548857E-06
0,152810,1.3547237E-06
0,152820,1.3545616E-06
0,152830,1.3543996E-06
0,152840,1.3542375E-06
0,152850,1.3540755E-06
0,152860,1.3539136E-06
0,152870,1.3537516E-06
0,152880,1.3535896E-06
0,152890,1.3534277E-06
0,152900,1.3532658E-06
0,152910,1.3531039E-06
0,152920,1.352942E-06
0,152930,1.3527803E-06
0,152940,1.3526184E-06
0,152950,1.3524566E-06
0,152960,1.3522948E-06
0,152970,1.352133E-06
0,152980,1.3519713E-06
0,152990,1.3518095E-06
0,153000,1.3516478E-06
0,153010,1.351486E-06
0,153020,1.3513244E-06
0,153030,1.3511627E-06
0,153040,1.3510012E-06
0,153050,1.3508395E-06
0,153060,1.350678E-06
0,153070,1.3505163E-06
0,153080,1.3503548E-06
0,153090,1.3501932E-06
0,153100,1.3500318E-06
0,153110,1.3498702E-06
0,153120,1.3497088E-06
0,153130,1.3495472E-06
0,153140,1.3493858E-06
0,153150,1.3492244E-06
0,153160,1.349063E-06
0,153170,1.3489016E-06
0,153180,1.3487403E-06
0,153190,1.3485788E-06
0,153200,1.3484175E-06
0,153210,1.3482562E-06
0,153220,1.348095E-06
0,153230,1.3479337E-06
0,153240,1.3477725E-06
0,153250,1.3476113E-06
0,153260,1.34745E-06
0,153270,1.3472888E-06
0,153280,1.3471276E-06
0,153290,1.3469664E-06
0,153300,1.3468053E-06
0,153310,1.3466442E-06
0,153320,1.3464831E-06
0,153330,1.346322E-06
0,153340,1.346161E-06
0,153350,1.346E-06
0,153360,1.3458389E-06
0,153370,1.3456779E-06
0,153380,1.3455169E-06
0,153390,1.3453559E-06
0,153400,1.3451951E-06
0,153410,1.3450341E-06
0,153420,1.3448732E-06
0,153430,1.3447124E-06
0,153440,1.3445515E-06
0,153450,1.3443906E-06
0,153460,1.3442298E-06
0,153470,1.344069E-06
0,153480,1.3439083E-06
0,153490,1.3437474E-06
0,153500,1.3435866E-06
0,153510,1.343426E-06
0,153520,1.3432652E-06
0,153530,1.3431046E-06
0,153540,1.3429438E-06
0,153550,1.3427832E-06
0,153560,1.3426226E-06
0,153570,1.3424619E-06
0,153580,1.3423014E-06
0,153590,1.3421408E-06
0,153600,1.3419802E-06
0,153610,1.3418197E-06
0,153620,1.3416592E-06
0,153630,1.3414987E-06
0,153640,1.3413382E-06
0,153650,1.3411777E-06
0,153660,1.3410173E-06
0,153670,1.3408569E-06
0,153680,1.3406965E-06
0,153690,1.3405361E-06
0,153700,1.3403758E-06
0,153710,1.3402154E-06
0,153720,1.3400551E-06
0,153730,1.3398948E-06
0,153740,1.3397345E-06
0,153750,1.3395742E-06
0,153760,1.3394139E-06
0,153770,1.3392537E-06
0,153780,1.3390935E-06
0,153790,1.3389333E-06
0,153800,1.3387731E-06
0,153810,1.338613E-06
0,153820,1.3384529E-06
0,153830,1.3382927E-06
0,153840,1.3381326E-06
0,153850,1.3379725E-06
0,153860,1.3378125E-06
0,153870,1.3376524E-06
0,153880,1.3374924E-06
0,153890,1.3373324E-06
0,153900,1.3371724E-06
0,153910,1.3370125E-06
0,153920,1.3368525E-06
0,153930,1.3366925E-06
0,153940,1.3365327E-06
0,153950,1.3363727E-06
0,153960,1.3362129E-06
0,153970,1.3360531E-06
0,153980,1.3358932E-06
0,153990,1.3357335E-06
0,154000,1.3355736E-06
0,154010,1.3354139E-06
0,154020,1.3352542E-06
0,154030,1.3350943E-06
0,154040,1.3349347E-06
0,154050,1.334775E-06
0,154060,1.3346153E-06
0,154070,1.3344556E-06
0,154080,1.334296E-06
0,154090,1.3341364E-06
0,154100,1.3339768E-06
0,154110,1.3338172E-06
0,154120,1.3336577E-06
0,154130,1.3334981E-06
0,154140,1.3333386E-06
0,154150,1.3331791E-06
0,154160,1.3330196E-06
0,154170,1.3328602E-06
0,154180,1.3327007E-06
0,154190,1.3325413E-06
0,154200,1.3323819E-06
0,154210,1.3322225E-06
0,154220,1.3320631E-06
0,154230,1.3319037E-06
0,154240,1.3317444E-06
0,154250,1.331585E-06
0,154260,1.3314258E-06
0,154270,1.3312665E-06
0,154280,1.3311072E-06
0,154290,1.330948E-06
0,154300,1.3307888E-06
0,154310,1.3306296E-06
0,154320,1.3304704E-06
0,154330,1.3303112E-06
0,154340,1.3301521E-06
0,154350,1.329993E-06
0,154360,1.3298338E-06
0,154370,1.3296748E-06
0,154380,1.3295157E-06
0,154390,1.3293567E-06
0,154400,1.3291976E-06
0,154410,1.3290386E-06
0,154420,1.3288796E-06
0,154430,1.3287207E-06
0,154440,1.3285618E-06
0,154450,1.3284028E-06
0,154460,1.3282439E-06
0,154470,1.328085E-06
0,154480,1.3279262E-06
0,154490,1.3277672E-06
0,154500,1.3276084E-06
0,154510,1.3274496E-06
0,154520,1.3272908E-06
0,154530,1.327132E-06
0,154540,1.3269732E-06
0,154550,1.3268145E-06
0,154560,1.3266558E-06
0,154570,1.3264971E-06
0,154580,1.3263384E-06
0,154590,1.3261797E-06
0,154600,1.3260211E-06
0,154610,1.3258624E-06
0,154620,1.3257038E-06
0,154630,1.3255452E-06
0,154640,1.3253866E-06
0,154650,1.3252281E-06
0,154660,1.3250695E-06
0,154670,1.3249111E-06
0,154680,1.3247526E-06
0,154690,1.3245941E-06
0,154700,1.3244356E-06
0,154710,1.3242772E-06
0,154720,1.3241188E-06
0,154730,1.3239604E-06
0,154740,1.3238019E-06
0,154750,1.3236436E-06
0,154760,1.3234853E-06
0,154770,1.323327E-06
0,154780,1.3231686E-06
0,154790,1.3230103E-06
0,154800,1.3228521E-06
0,154810,1.3226938E-06
0,154820,1.3225356E-06
0,154830,1.3223774E-06
0,154840,1.3222192E-06
0,154850,1.322061E-06
0,154860,1.3219029E-06
0,154870,1.3217448E-06
0,154880,1.3215866E-06
0,154890,1.3214285E-06
0,154900,1.3212705E-06
0,154910,1.3211123E-06
0,154920,1.3209543E-06
0,154930,1.3207963E-06
0,154940,1.3206383E-06
0,154950,1.3204804E-06
0,154960,1.3203223E-06
0,154970,1.3201644E-06
0,154980,1.3200065E-06
0,154990,1.3198486E-06
0,155000,1.3196907E-06
0,155010,1.3195328E-06
0,155020,1.319375E-06
0,155030,1.3192171E-06
0,155040,1.3190593E-06
0,155050,1.3189015E-06
0,155060,1.3187437E-06
0,155070,1.318586E-06
0,155080,1.3184282E-06
0,155090,1.3182705E-06
0,155100,1.3181128E-06
0,155110,1.3179551E-06
0,155120,1.3177975E-06
0,155130,1.3176398E-06
0,155140,1.3174822E-06
0,155150,1.3173245E-06
0,155160,1.317167E-06
0,155170,1.3170094E-06
0,155180,1.3168518E-06
0,155190,1.3166944E-06
0,155200,1.3165368E-06
0,155210,1.3163793E-06
0,155220,1.3162219E-06
0,155230,1.3160644E-06
0,155240,1.315907E-06
0,155250,1.3157495E-06
0,155260,1.3155922E-06
0,155270,1.3154347E-06
0,155280,1.3152774E-06
0,155290,1.31512E-06
0,155300,1.3149627E-06
0,155310,1.3148054E-06
0,155320,1.3146481E-06
0,155330,1.3144909E-06
0,155340,1.3143336E-06
0,155350,1.3141764E-06
0,155360,1.3140192E-06
0,155370,1.313862E-06
0,155380,1.3137047E-06
0,155390,1.3135476E-06
0,155400,1.3133905E-06
0,155410,1.3132334E-06
0,155420,1.3130763E-06
0,155430,1.3129192E-06
0,155440,1.3127622E-06
0,155450,1.312605E-06
0,155460,1.312448E-06
0,155470,1.312291E-06
0,155480,1.312134E-06
0,155490,1.3119771E-06
0,155500,1.3118201E-06
0,155510,1.3116633E-06
0,155520,1.3115063E-06
0,155530,1.3113494E-06
0,155540,1.3111926E-06
0,155550,1.3110357E-06
0,155560,1.3108788E-06
0,155570,1.310722E-06
0,155580,1.3105653E-06
0,155590,1.3104085E-06
0,155600,1.3102517E-06
0,155610,1.310095E-06
0,155620,1.3099382E-06
0,155630,1.3097815E-06
0,155640,1.3096248E-06
0,155650,1.3094682E-06
0,155660,1.3093115E-06
0,155670,1.3091549E-06
0,155680,1.3089983E-06
0,155690,1.3088417E-06
0,155700,1.3086851E-06
0,155710,1.3085286E-06
0,155720,1.308372E-06
0,155730,1.3082155E-06
0,155740,1.308059E-06
0,155750,1.3079025E-06
0,155760,1.3077461E-06
0,155770,1.3075896E-06
0,155780,1.3074332E-06
0,155790,1.3072768E-06
0,155800,1.3071203E-06
0,155810,1.306964E-06
0,155820,1.3068077E-06
0,155830,1.3066514E-06
0,155840,1.306495E-06
0,155850,1.3063387E-06
0,155860,1.3061824E-06
0,155870,1.3060262E-06
0,155880,1.30587E-06
0,155890,1.3057138E-06
0,155900,1.3055576E-06
0,155910,1.3054014E-06
0,155920,1.3052452E-06
0,155930,1.3050891E-06
0,155940,1.3049329E-06
0,155950,1.3047768E-06
0,155960,1.3046207E-06
0,155970,1.3044647E-06
0,155980,1.3043086E-06
0,155990,1.3041525E-06
0,156000,1.3039966E-06
0,156010,1.3038406E-06
0,156020,1.3036846E-06
0,156030,1.3035286E-06
0,156040,1.3033728E-06
0,156050,1.3032168E-06
0,156060,1.3030609E-06
0,156070,1.302905E-06
0,156080,1.3027492E-06
0,156090,1.3025933E-06
0,156100,1.3024375E-06
0,156110,1.3022817E-06
0,156120,1.3021258E-06
0,156130,1.3019701E-06
0,156140,1.3018143E-06
0,156150,1.3016586E-06
0,156160,1.3015028E-06
0,156170,1.3013472E-06
0,156180,1.3011916E-06
0,156190,1.3010358E-06
0,156200,1.3008802E-06
0,156210,1.3007246E-06
0,156220,1.300569E-06
0,156230,1.3004134E-06
0,156240,1.3002578E-06
0,156250,1.3001023E-06
0,156260,1.2999468E-06
0,156270,1.2997913E-06
0,156280,1.2996358E-06
0,156290,1.2994802E-06
0,156300,1.2993248E-06
0,156310,1.2991694E-06
0,156320,1.299014E-06
0,156330,1.2988586E-06
0,156340,1.2987032E-06
0,156350,1.2985479E-06
0,156360,1.2983925E-06
0,156370,1.2982372E-06
0,156380,1.2980819E-06
0,156390,1.2979266E-06
0,156400,1.2977713E-06
0,156410,1.2976161E-06
0,156420,1.2974608E-06
0,156430,1.2973056E-06
0,156440,1.2971504E-06
0,156450,1.2969953E-06
0,156460,1.2968401E-06
0,156470,1.2966849E-06
0,156480,1.2965298E-06
0,156490,1.2963748E-06
0,156500,1.2962197E-06
0,156510,1.2960646E-06
0,156520,1.2959096E-06
0,156530,1.2957545E-06
0,156540,1.2955995E-06
0,156550,1.2954445E-06
0,156560,1.2952895E-06
0,156570,1.2951346E-06
0,156580,1.2949796E-06
0,156590,1.2948248E-06
0,156600,1.2946698E-06
0,156610,1.294515E-06
0,156620,1.2943601E-06
0,156630,1.2942053E-06
0,156640,1.2940504E-06
0,156650,1.2938956E-06
0,156660,1.2937409E-06
0,156670,1.293586E-06
0,156680,1.2934313E-06
0,156690,1.2932766E-06
0,156700,1.2931218E-06
0,156710,1.2929672E-06
0,156720,1.2928125E-06
0,156730,1.2926579E-06
0,156740,1.2925032E-06
0,156750,1.2923485E-06
0,156760,1.292194E-06
0,156770,1.2920394E-06
0,156780,1.2918848E-06
0,156790,1.2917303E-06
0,156800,1.2915758E-06
0,156810,1.2914213E-06
0,156820,1.2912668E-06
0,156830,1.2911123E-06
0,156840,1.2909578E-06
0,156850,1.2908034E-06
0,156860,1.290649E-06
0,156870,1.2904947E-06
0,156880,1.2903403E-06
0,156890,1.2901859E-06
0,156900,1.2900315E-06
0,156910,1.2898772E-06
0,156920,1.2897228E-06
0,156930,1.2895686E-06
0,156940,1.2894143E-06
0,156950,1.2892601E-06
0,156960,1.2891059E-06
0,156970,1.2889516E-06
0,156980,1.2887974E-06
0,156990,1.2886433E-06
0,157000,1.2884891E-06
0,157010,1.2883349E-06
0,157020,1.2881809E-06
0,157030,1.2880267E-06
0,157040,1.2878727E-06
0,157050,1.2877186E-06
0,157060,1.2875645E-06
0,157070,1.2874106E-06
0,157080,1.2872565E-06
0,157090,1.2871025E-06
0,157100,1.2869485E-06
0,157110,1.2867946E-06
0,157120,1.2866407E-06
0,157130,1.2864867E-06
0,157140,1.2863328E-06
0,157150,1.286179E-06
0,157160,1.286025E-06
0,157170,1.2858712E-06
0,157180,1.2857174E-06
0,157190,1.2855636E-06
0,157200,1.2854098E-06
0,157210,1.2852561E-06
0,157220,1.2851023E-06
0,157230,1.2849486E-06
0,157240,1.2847948E-06
0,157250,1.2846411E-06
0,157260,1.2844874E-06
0,157270,1.2843338E-06
0,157280,1.2841801E-06
0,157290,1.2840266E-06
0,157300,1.283873E-06
0,157310,1.2837194E-06
0,157320,1.2835658E-06
0,157330,1.2834122E-06
0,157340,1.2832587E-06
0,157350,1.2831051E-06
0,157360,1.2829516E-06
0,157370,1.2827982E-06
0,157380,1.2826447E-06
0,157390,1.2824913E-06
0,157400,1.2823378E-06
0,157410,1.2821845E-06
0,157420,1.2820311E-06
0,157430,1.2818778E-06
0,157440,1.2817244E-06
0,157450,1.281571E-06
0,157460,1.2814178E-06
0,157470,1.2812644E-06
0,157480,1.2811112E-06
0,157490,1.2809579E-06
0,157500,1.2808047E-06
0,157510,1.2806514E-06
0,157520,1.2804983E-06
0,157530,1.280345E-06
0,157540,1.2801919E-06
0,157550,1.2800388E-06
0,157560,1.2798856E-06
0,157570,1.2797325E-06
0,157580,1.2795795E-06
0,157590,1.2794263E-06
0,157600,1.2792733E-06
0,157610,1.2791203E-06
0,157620,1.2789673E-06
0,157630,1.2788142E-06
0,157640,1.2786612E-06
0,157650,1.2785083E-06
0,157660,1.2783553E-06
0,157670,1.2782024E-06
0,157680,1.2780495E-06
0,157690,1.2778966E-06
0,157700,1.2777438E-06
0,157710,1.2775909E-06
0,157720,1.2774381E-06
0,157730,1.2772853E-06
0,157740,1.2771325E-06
0,157750,1.2769797E-06
0,157760,1.2768269E-06
0,157770,1.2766742E-06
0,157780,1.2765214E-06
0,157790,1.2763687E-06
0,157800,1.276216E-06
0,157810,1.2760634E-06
0,157820,1.2759107E-06
0,157830,1.2757581E-06
0,157840,1.2756054E-06
0,157850,1.2754529E-06
0,157860,1.2753003E-06
0,157870,1.2751477E-06
0,157880,1.2749952E-06
0,157890,1.2748426E-06
0,157900,1.2746901E-06
0,157910,1.2745377E-06
0,157920,1.2743851E-06
0,157930,1.2742328E-06
0,157940,1.2740803E-06
0,157950,1.2739279E-06
0,157960,1.2737755E-06
0,157970,1.2736231E-06
0,157980,1.2734707E-06
0,157990,1.2733184E-06
0,158000,1.273166E-06
0,158010,1.2730137E-06
0,158020,1.2728615E-06
0,158030,1.2727091E-06
0,158040,1.2725569E-06
0,158050,1.2724047E-06
0,158060,1.2722525E-06
0,158070,1.2721003E-06
0,158080,1.2719481E-06
0,158090,1.271796E-06
0,158100,1.2716438E-06
0,158110,1.2714917E-06
0,158120,1.2713396E-06
0,158130,1.2711874E-06
0,158140,1.2710354E-06
0,158150,1.2708833E-06
0,158160,1.2707313E-06
0,158170,1.2705793E-06
0,158180,1.2704273E-06
0,158190,1.2702753E-06
0,158200,1.2701233E-06
0,158210,1.2699714E-06
0,158220,1.2698196E-06
0,158230,1.2696676E-06
0,158240,1.2695157E-06
0,158250,1.2693639E-06
0,158260,1.269212E-06
0,158270,1.2690601E-06
0,158280,1.2689084E-06
0,158290,1.2687566E-06
0,158300,1.2686048E-06
0,158310,1.268453E-06
0,158320,1.2683013E-06
0,158330,1.2681495E-06
0,158340,1.2679978E-06
0,158350,1.2678462E-06
0,158360,1.2676945E-06
0,158370,1.2675429E-06
0,158380,1.2673912E-06
0,158390,1.2672396E-06
0,158400,1.267088E-06
0,158410,1.2669364E-06
0,158420,1.2667848E-06
0,158430,1.2666333E-06
0,158440,1.2664818E-06
0,158450,1.2663303E-06
0,158460,1.2661787E-06
0,158470,1.2660273E-06
0,158480,1.2658759E-06
0,158490,1.2657244E-06
0,158500,1.265573E-06
0,158510,1.2654216E-06
0,158520,1.2652703E-06
0,158530,1.2651188E-06
0,158540,1.2649675E-06
0,158550,1.2648162E-06
0,158560,1.2646649E-06
0,158570,1.2645136E-06
0,158580,1.2643624E-06
0,158590,1.264211E-06
0,158600,1.2640598E-06
0,158610,1.2639086E-06
0,158620,1.2637574E-06
0,158630,1.2636062E-06
0,158640,1.263455E-06
0,158650,1.263304E-06
0,158660,1.2631529E-06
0,158670,1.2630016E-06
0,158680,1.2628506E-06
0,158690,1.2626996E-06
0,158700,1.2625485E-06
0,158710,1.2623974E-06
0,158720,1.2622464E-06
0,158730,1.2620955E-06
0,158740,1.2619445E-06
0,158750,1.2617935E-06
0,158760,1.2616425E-06
0,158770,1.2614917E-06
0,158780,1.2613407E-06
0,158790,1.2611898E-06
0,158800,1.261039E-06
0,158810,1.2608881E-06
0,158820,1.2607372E-06
0,158830,1.2605864E-06
0,158840,1.2604356E-06
0,158850,1.2602849E-06
0,158860,1.260134E-06
0,158870,1.2599833E-06
0,158880,1.2598326E-06
0,158890,1.2596819E-06
0,158900,1.2595311E-06
0,158910,1.2593805E-06
0,158920,1.2592299E-06
0,158930,1.2590792E-06
0,158940,1.2589286E-06
0,158950,1.258778E-06
0,158960,1.2586274E-06
0,158970,1.2584768E-06
0,158980,1.2583263E-06
0,158990,1.2581758E-06
0,159000,1.2580252E-06
0,159010,1.2578747E-06
0,159020,1.2577243E-06
0,159030,1.2575738E-06
0,159040,1.2574234E-06
0,159050,1.257273E-06
0,159060,1.2571226E-06
0,159070,1.2569722E-06
0,159080,1.2568217E-06
0,159090,1.2566715E-06
0,159100,1.256521E-06
0,159110,1.2563708E-06
0,159120,1.2562205E-06
0,159130,1.2560702E-06
0,159140,1.25592E-06
0,159150,1.2557697E-06
0,159160,1.2556195E-06
0,159170,1.2554692E-06
0,159180,1.255319E-06
0,159190,1.2551689E-06
0,159200,1.2550188E-06
0,159210,1.2548686E-06
0,159220,1.2547185E-06
0,159230,1.2545684E-06
0,159240,1.2544183E-06
0,159250,1.2542682E-06
0,159260,1.2541182E-06
0,159270,1.2539682E-06
0,159280,1.2538181E-06
0,159290,1.2536682E-06
0,159300,1.2535182E-06
0,159310,1.2533683E-06
0,159320,1.2532183E-06
0,159330,1.2530684E-06
0,159340,1.2529185E-06
0,159350,1.2527686E-06
0,159360,1.2526187E-06
0,159370,1.2524689E-06
0,159380,1.2523191E-06
0,159390,1.2521692E-06
0,159400,1.2520195E-06
0,159410,1.2518697E-06
0,159420,1.2517199E-06
0,159430,1.2515702E-06
0,159440,1.2514205E-06
0,159450,1.2512708E-06
0,159460,1.251121E-06
0,159470,1.2509714E-06
0,159480,1.2508217E-06
0,159490,1.2506721E-06
0,159500,1.2505225E-06
0,159510,1.2503729E-06
0,159520,1.2502234E-06
0,159530,1.2500738E-06
0,159540,1.2499243E-06
0,159550,1.2497746E-06
0,159560,1.2496251E-06
0,159570,1.2494756E-06
0,159580,1.2493263E-06
0,159590,1.2491768E-06
0,159600,1.2490273E-06
0,159610,1.2488779E-06
0,159620,1.2487285E-06
0,159630,1.2485791E-06
0,159640,1.2484297E-06
0,159650,1.2482805E-06
0,159660,1.2481311E-06
0,159670,1.2479818E-06
0,159680,1.2478324E-06
0,159690,1.2476831E-06
0,159700,1.247534E-06
0,159710,1.2473847E-06
0,159720,1.2472354E-06
0,159730,1.2470863E-06
0,159740,1.2469371E-06
0,159750,1.2467879E-06
0,159760,1.2466387E-06
0,159770,1.2464897E-06
0,159780,1.2463405E-06
0,159790,1.2461915E-06
0,159800,1.2460423E-06
0,159810,1.2458933E-06
0,159820,1.2457442E-06
0,159830,1.2455952E-06
0,159840,1.2454462E-06
0,159850,1.2452972E-06
0,159860,1.2451483E-06
0,159870,1.2449992E-06
0,159880,1.2448503E-06
0,159890,1.2447014E-06
0,159900,1.2445525E-06
0,159910,1.2444036E-06
0,159920,1.2442548E-06
0,159930,1.2441059E-06
0,159940,1.2439571E-06
0,159950,1.2438082E-06
0,159960,1.2436594E-06
0,159970,1.2435107E-06
0,159980,1.2433619E-06
0,159990,1.2432132E-06
0,160000,1.2430645E-06
0,160010,1.2429158E-06
0,160020,1.2427671E-06
0,160030,1.2426184E-06
0,160040,1.2424698E-06
0,160050,1.2423211E-06
0,160060,1.2421725E-06
0,160070,1.2420239E-06
0,160080,1.2418753E-06
0,160090,1.2417267E-06
0,160100,1.2415783E-06
0,160110,1.2414297E-06
0,160120,1.2412812E-06
0,160130,1.2411327E-06
0,160140,1.2409843E-06
0,160150,1.2408358E-06
0,160160,1.2406873E-06
0,160170,1.240539E-06
0,160180,1.2403905E-06
0,160190,1.2402421E-06
0,160200,1.2400938E-06
0,160210,1.2399454E-06
0,160220,1.239797E-06
0,160230,1.2396488E-06
0,160240,1.2395004E-06
0,160250,1.2393522E-06
0,160260,1.2392039E-06
0,160270,1.2390557E-06
0,160280,1.2389074E-06
0,160290,1.2387592E-06
0,160300,1.238611E-06
0,160310,1.2384629E-06
0,160320,1.2383147E-06
0,160330,1.2381665E-06
0,160340,1.2380185E-06
0,160350,1.2378704E-06
0,160360,1.2377222E-06
0,160370,1.2375742E-06
0,160380,1.2374262E-06
0,160390,1.2372781E-06
0,160400,1.2371302E-06
0,160410,1.2369821E-06
0,160420,1.2368341E-06
0,160430,1.2366862E-06
0,160440,1.2365382E-06
0,160450,1.2363903E-06
0,160460,1.2362424E-06
0,160470,1.2360945E-06
0,160480,1.2359467E-06
0,160490,1.2357988E-06
0,160500,1.235651E-06
0,160510,1.2355032E-06
0,160520,1.2353553E-06
0,160530,1.2352076E-06
0,160540,1.2350598E-06
0,160550,1.234912E-06
0,160560,1.2347643E-06
0,160570,1.2346165E-06
0,160580,1.2344689E-06
0,160590,1.2343212E-06
0,160600,1.2341735E-06
0,160610,1.234026E-06
0,160620,1.2338783E-06
0,160630,1.2337307E-06
0,160640,1.2335831E-06
0,160650,1.2334356E-06
0,160660,1.233288E-06
0,160670,1.2331404E-06
0,160680,1.2329929E-06
0,160690,1.2328454E-06
0,160700,1.232698E-06
0,160710,1.2325505E-06
0,160720,1.2324031E-06
0,160730,1.2322556E-06
0,160740,1.2321082E-06
0,160750,1.2319608E-06
0,160760,1.2318134E-06
0,160770,1.231666E-06
0,160780,1.2315187E-06
0,160790,1.2313714E-06
0,160800,1.2312241E-06
0,160810,1.2310768E-06
0,160820,1.2309296E-06
0,160830,1.2307822E-06
0,160840,1.230635E-06
0,160850,1.2304878E-06
0,160860,1.2303406E-06
0,160870,1.2301934E-06
0,160880,1.2300462E-06
0,160890,1.2298991E-06
0,160900,1.229752E-06
0,160910,1.2296049E-06
0,160920,1.2294578E-06
0,160930,1.2293107E-06
0,160940,1.2291637E-06
0,160950,1.2290166E-06
0,160960,1.2288696E-06
0,160970,1.2287226E-06
0,160980,1.2285756E-06
0,160990,1.2284286E-06
0,161000,1.2282817E-06
0,161010,1.2281347E-06
0,161020,1.2279878E-06
0,161030,1.2278409E-06
0,161040,1.227694E-06
0,161050,1.2275472E-06
0,161060,1.2274003E-06
0,161070,1.2272534E-06
0,161080,1.2271066E-06
0,161090,1.2269599E-06
0,161100,1.2268131E-06
0,161110,1.2266663E-06
0,161120,1.2265195E-06
0,161130,1.2263728E-06
0,161140,1.2262261E-06
0,161150,1.2260795E-06
0,161160,1.2259328E-06
0,161170,1.2257861E-06
0,161180,1.2256395E-06
0,161190,1.2254928E-06
0,161200,1.2253462E-06
0,161210,1.2251996E-06
0,161220,1.2250531E-06
0,161230,1.2249066E-06
0,161240,1.22476E-06
0,161250,1.2246135E-06
0,161260,1.2244669E-06
0,161270,1.2243205E-06
0,161280,1.2241741E-06
0,161290,1.2240276E-06
0,161300,1.2238812E-06
0,161310,1.2237348E-06
0,161320,1.2235884E-06
0,161330,1.2234419E-06
0,161340,1.2232956E-06
0,161350,1.2231493E-06
0,161360,1.223003E-06
0,161370,1.2228567E-06
0,161380,1.2227104E-06
0,161390,1.2225642E-06
0,161400,1.2224178E-06
0,161410,1.2222716E-06
0,161420,1.2221254E-06
0,161430,1.2219792E-06
0,161440,1.221833E-06
0,161450,1.2216868E-06
0,161460,1.2215407E-06
0,161470,1.2213945E-06
0,161480,1.2212485E-06
0,161490,1.2211024E-06
0,161500,1.2209563E-06
0,161510,1.2208102E-06
0,161520,1.2206642E-06
0,161530,1.2205181E-06
0,161540,1.2203722E-06
0,161550,1.2202262E-06
0,161560,1.2200802E-06
0,161570,1.2199342E-06
0,161580,1.2197883E-06
0,161590,1.2196424E-06
0,161600,1.2194964E-06
0,161610,1.2193506E-06
0,161620,1.2192047E-06
0,161630,1.2190588E-06
0,161640,1.218913E-06
0,161650,1.2187672E-06
0,161660,1.2186214E-06
0,161670,1.2184756E-06
0,161680,1.2183299E-06
0,161690,1.2181841E-06
0,161700,1.2180384E-06
0,161710,1.2178926E-06
0,161720,1.217747E-06
0,161730,1.2176013E-06
0,161740,1.2174556E-06
0,161750,1.21731E-06
0,161760,1.2171644E-06
0,161770,1.2170187E-06
0,161780,1.2168732E-06
0,161790,1.2167276E-06
0,161800,1.2165821E-06
0,161810,1.2164365E-06
0,161820,1.216291E-06
0,161830,1.2161455E-06
0,161840,1.216E-06
0,161850,1.2158546E-06
0,161860,1.2157091E-06
0,161870,1.2155637E-06
0,161880,1.2154183E-06
0,161890,1.2152728E-06
0,161900,1.2151274E-06
0,161910,1.214982E-06
0,161920,1.2148367E-06
0,161930,1.2146915E-06
0,161940,1.214546E-06
0,161950,1.2144008E-06
0,161960,1.2142556E-06
0,161970,1.2141103E-06
0,161980,1.213965E-06
0,161990,1.2138198E-06
0,162000,1.2136746E-06
0,162010,1.2135295E-06
0,162020,1.2133843E-06
0,162030,1.2132391E-06
0,162040,1.2130939E-06
0,162050,1.2129489E-06
0,162060,1.2128037E-06
0,162070,1.2126586E-06
0,162080,1.2125136E-06
0,162090,1.2123685E-06
0,162100,1.2122235E-06
0,162110,1.2120785E-06
0,162120,1.2119335E-06
0,162130,1.2117885E-06
0,162140,1.2116435E-06
0,162150,1.2114986E-06
0,162160,1.2113536E-06
0,162170,1.2112088E-06
0,162180,1.2110638E-06
0,162190,1.210919E-06
0,162200,1.2107741E-06
0,162210,1.2106293E-06
0,162220,1.2104845E-06
0,162230,1.2103396E-06
0,162240,1.2101948E-06
0,162250,1.2100501E-06
0,162260,1.2099053E-06
0,162270,1.2097605E-06
0,162280,1.2096158E-06
0,162290,1.2094712E-06
0,162300,1.2093265E-06
0,162310,1.2091817E-06
0,162320,1.2090371E-06
0,162330,1.2088925E-06
0,162340,1.2087479E-06
0,162350,1.2086033E-06
0,162360,1.2084587E-06
0,162370,1.2083141E-06
0,162380,1.2081696E-06
0,162390,1.2080251E-06
0,162400,1.2078806E-06
0,162410,1.2077361E-06
0,162420,1.2075916E-06
0,162430,1.2074471E-06
0,162440,1.2073026E-06
0,162450,1.2071582E-06
0,162460,1.2070138E-06
0,162470,1.2068695E-06
0,162480,1.2067251E-06
0,162490,1.2065807E-06
0,162500,1.2064363E-06
0,162510,1.206292E-06
0,162520,1.2061478E-06
0,162530,1.2060034E-06
0,162540,1.2058591E-06
0,162550,1.2057149E-06
0,162560,1.2055707E-06
0,162570,1.2054264E-06
0,162580,1.2052823E-06
0,162590,1.205138E-06
0,162600,1.2049939E-06
0,162610,1.2048497E-06
0,162620,1.2047057E-06
0,162630,1.2045615E-06
0,162640,1.2044173E-06
0,162650,1.2042733E-06
0,162660,1.2041293E-06
0,162670,1.2039852E-06
0,162680,1.2038412E-06
0,162690,1.2036971E-06
0,162700,1.2035531E-06
0,162710,1.2034092E-06
0,162720,1.2032652E-06
0,162730,1.2031213E-06
0,162740,1.2029774E-06
0,162750,1.2028335E-06
0,162760,1.2026895E-06
0,162770,1.2025456E-06
0,162780,1.2024018E-06
0,162790,1.202258E-06
0,162800,1.2021142E-06
0,162810,1.2019703E-06
0,162820,1.2018265E-06
0,162830,1.2016827E-06
0,162840,1.201539E-06
0,162850,1.2013953E-06
0,162860,1.2012515E-06
0,162870,1.2011078E-06
0,162880,1.2009642E-06
0,162890,1.2008205E-06
0,162900,1.2006768E-06
0,162910,1.2005332E-06
0,162920,1.2003895E-06
0,162930,1.200246E-06
0,162940,1.2001024E-06
0,162950,1.1999589E-06
0,162960,1.1998153E-06
0,162970,1.1996717E-06
0,162980,1.1995282E-06
0,162990,1.1993848E-06
0,163000,1.1992413E-06
0,163010,1.1990978E-06
0,163020,1.1989544E-06
0,163030,1.1988109E-06
0,163040,1.1986675E-06
0,163050,1.1985242E-06
0,163060,1.1983808E-06
0,163070,1.1982374E-06
0,163080,1.1980941E-06
0,163090,1.1979507E-06
0,163100,1.1978074E-06
0,163110,1.1976641E-06
0,163120,1.1975209E-06
0,163130,1.1973776E-06
0,163140,1.1972344E-06
0,163150,1.1970911E-06
0,163160,1.1969479E-06
0,163170,1.1968048E-06
0,163180,1.1966615E-06
0,163190,1.1965184E-06
0,163200,1.1963753E-06
0,163210,1.1962321E-06
0,163220,1.196089E-06
0,163230,1.195946E-06
0,163240,1.1958028E-06
0,163250,1.1956598E-06
0,163260,1.1955168E-06
0,163270,1.1953738E-06
0,163280,1.1952308E-06
0,163290,1.1950877E-06
0,163300,1.1949448E-06
0,163310,1.1948019E-06
0,163320,1.1946589E-06
0,163330,1.194516E-06
0,163340,1.1943731E-06
0,163350,1.1942302E-06
0,163360,1.1940874E-06
0,163370,1.1939445E-06
0,163380,1.1938017E-06
0,163390,1.1936589E-06
0,163400,1.1935161E-06
0,163410,1.1933734E-06
0,163420,1.1932306E-06
0,163430,1.1930879E-06
0,163440,1.1929451E-06
0,163450,1.1928024E-06
0,163460,1.1926597E-06
0,163470,1.1925171E-06
0,163480,1.1923744E-06
0,163490,1.1922317E-06
0,163500,1.1920891E-06
0,163510,1.1919465E-06
0,163520,1.1918039E-06
0,163530,1.1916613E-06
0,163540,1.1915188E-06
0,163550,1.1913762E-06
0,163560,1.1912338E-06
0,163570,1.1910912E-06
0,163580,1.1909488E-06
0,163590,1.1908062E-06
0,163600,1.1906637E-06
0,163610,1.1905214E-06
0,163620,1.190379E-06
0,163630,1.1902365E-06
0,163640,1.1900942E-06
0,163650,1.1899518E-06
0,163660,1.1898094E-06
0,163670,1.189667E-06
0,163680,1.1895248E-06
0,163690,1.1893825E-06
0,163700,1.1892402E-06
0,163710,1.1890979E-06
0,163720,1.1889557E-06
0,163730,1.1888135E-06
0,163740,1.1886713E-06
0,163750,1.188529E-06
0,163760,1.1883868E-06
0,163770,1.1882447E-06
0,163780,1.1881025E-06
0,163790,1.1879604E-06
0,163800,1.1878183E-06
0,163810,1.1876762E-06
0,163820,1.187534E-06
0,163830,1.1873921E-06
0,163840,1.18725E-06
0,163850,1.187108E-06
0,163860,1.186966E-06
0,163870,1.186824E-06
0,163880,1.186682E-06
0,163890,1.18654E-06
0,163900,1.1863981E-06
0,163910,1.1862562E-06
0,163920,1.1861142E-06
0,163930,1.1859723E-06
0,163940,1.1858305E-06
0,163950,1.1856886E-06
0,163960,1.1855468E-06
0,163970,1.1854049E-06
0,163980,1.1852632E-06
0,163990,1.1851214E-06
0,164000,1.1849796E-06
0,164010,1.1848379E-06
0,164020,1.1846961E-06
0,164030,1.1845543E-06
0,164040,1.1844127E-06
0,164050,1.184271E-06
0,164060,1.1841292E-06
0,164070,1.1839876E-06
0,164080,1.183846E-06
0,164090,1.1837044E-06
0,164100,1.1835627E-06
0,164110,1.1834212E-06
0,164120,1.1832797E-06
0,164130,1.183138E-06
0,164140,1.1829965E-06
0,164150,1.182855E-06
0,164160,1.1827135E-06
0,164170,1.182572E-06
0,164180,1.1824305E-06
0,164190,1.1822891E-06
0,164200,1.1821477E-06
0,164210,1.1820063E-06
0,164220,1.1818648E-06
0,164230,1.1817234E-06
0,164240,1.1815821E-06
0,164250,1.1814408E-06
0,164260,1.1812994E-06
0,164270,1.181158E-06
0,164280,1.1810168E-06
0,164290,1.1808755E-06
0,164300,1.1807342E-06
0,164310,1.180593E-06
0,164320,1.1804517E-06
0,164330,1.1803105E-06
0,164340,1.1801693E-06
0,164350,1.1800282E-06
0,164360,1.179887E-06
0,164370,1.1797458E-06
0,164380,1.1796047E-06
0,164390,1.1794637E-06
0,164400,1.1793226E-06
0,164410,1.1791815E-06
0,164420,1.1790404E-06
0,164430,1.1788993E-06
0,164440,1.1787583E-06
0,164450,1.1786173E-06
0,164460,1.1784763E-06
0,164470,1.1783353E-06
0,164480,1.1781943E-06
0,164490,1.1780534E-06
0,164500,1.1779125E-06
0,164510,1.1777715E-06
0,164520,1.1776307E-06
0,164530,1.1774898E-06
0,164540,1.177349E-06
0,164550,1.1772081E-06
0,164560,1.1770672E-06
0,164570,1.1769264E-06
0,164580,1.1767856E-06
0,164590,1.1766449E-06
0,164600,1.1765042E-06
0,164610,1.1763634E-06
0,164620,1.1762227E-06
0,164630,1.1760819E-06
0,164640,1.1759413E-06
0,164650,1.1758005E-06
0,164660,1.1756599E-06
0,164670,1.1755193E-06
0,164680,1.1753787E-06
0,164690,1.175238E-06
0,164700,1.1750974E-06
0,164710,1.1749569E-06
0,164720,1.1748162E-06
0,164730,1.1746757E-06
0,164740,1.1745352E-06
0,164750,1.1743947E-06
0,164760,1.1742543E-06
0,164770,1.1741138E-06
0,164780,1.1739733E-06
0,164790,1.1738329E-06
0,164800,1.1736925E-06
0,164810,1.173552E-06
0,164820,1.1734116E-06
0,164830,1.1732712E-06
0,164840,1.173131E-06
0,164850,1.1729906E-06
0,164860,1.1728503E-06
0,164870,1.17271E-06
0,164880,1.1725697E-06
0,164890,1.1724294E-06
0,164900,1.1722891E-06
0,164910,1.1721489E-06
0,164920,1.1720086E-06
0,164930,1.1718685E-06
0,164940,1.1717283E-06
0,164950,1.1715881E-06
0,164960,1.1714479E-06
0,164970,1.1713078E-06
0,164980,1.1711677E-06
0,164990,1.1710276E-06
0,165000,1.1708875E-06
0,165010,1.1707474E-06
0,165020,1.1706073E-06
0,165030,1.1704674E-06
0,165040,1.1703273E-06
0,165050,1.1701873E-06
0,165060,1.1700473E-06
0,165070,1.1699074E-06
0,165080,1.1697674E-06
0,165090,1.1696275E-06
0,165100,1.1694875E-06
0,165110,1.1693477E-06
0,165120,1.1692077E-06
0,165130,1.1690679E-06
0,165140,1.1689281E-06
0,165150,1.1687882E-06
0,165160,1.1686484E-06
0,165170,1.1685086E-06
0,165180,1.1683687E-06
0,165190,1.168229E-06
0,165200,1.1680893E-06
0,165210,1.1679496E-06
0,165220,1.1678098E-06
0,165230,1.1676701E-06
0,165240,1.1675304E-06
0,165250,1.1673908E-06
0,165260,1.1672511E-06
0,165270,1.1671115E-06
0,165280,1.1669719E-06
0,165290,1.1668322E-06
0,165300,1.1666926E-06
0,165310,1.166553E-06
0,165320,1.1664135E-06
0,165330,1.1662739E-06
0,165340,1.1661344E-06
0,165350,1.165995E-06
0,165360,1.1658555E-06
0,165370,1.165716E-06
0,165380,1.1655766E-06
0,165390,1.1654371E-06
0,165400,1.1652977E-06
0,165410,1.1651583E-06
0,165420,1.165019E-06
0,165430,1.1648796E-06
0,165440,1.1647402E-06
0,165450,1.1646008E-06
0,165460,1.1644615E-06
0,165470,1.1643223E-06
0,165480,1.164183E-06
0,165490,1.1640437E-06
0,165500,1.1639045E-06
0,165510,1.1637652E-06
0,165520,1.1636259E-06
0,165530,1.1634868E-06
0,165540,1.1633476E-06
0,165550,1.1632084E-06
0,165560,1.1630692E-06
0,165570,1.1629302E-06
0,165580,1.162791E-06
0,165590,1.1626519E-06
0,165600,1.1625128E-06
0,165610,1.1623738E-06
0,165620,1.1622348E-06
0,165630,1.1620957E-06
0,165640,1.1619567E-06
0,165650,1.1618176E-06
0,165660,1.1616787E-06
0,165670,1.1615397E-06
0,165680,1.1614007E-06
0,165690,1.1612618E-06
0,165700,1.1611229E-06
0,165710,1.160984E-06
0,165720,1.160845E-06
0,165730,1.1607062E-06
0,165740,1.1605673E-06
0,165750,1.1604285E-06
0,165760,1.1602897E-06
0,165770,1.1601509E-06
0,165780,1.1600121E-06
0,165790,1.1598734E-06
0,165800,1.1597346E-06
0,165810,1.1595959E-06
0,165820,1.1594572E-06
0,165830,1.1593185E-06
0,165840,1.1591798E-06
0,165850,1.1590411E-06
0,165860,1.1589024E-06
0,165870,1.1587638E-06
0,165880,1.1586252E-06
0,165890,1.1584866E-06
0,165900,1.1583479E-06
0,165910,1.1582094E-06
0,165920,1.1580709E-06
0,165930,1.1579323E-06
0,165940,1.1577938E-06
0,165950,1.1576553E-06
0,165960,1.1575167E-06
0,165970,1.1573783E-06
0,165980,1.1572399E-06
0,165990,1.1571015E-06
0,166000,1.156963E-06
0,166010,1.1568246E-06
0,166020,1.1566863E-06
0,166030,1.1565478E-06
0,166040,1.1564094E-06
0,166050,1.1562712E-06
0,166060,1.1561328E-06
0,166070,1.1559945E-06
0,166080,1.1558562E-06
0,166090,1.155718E-06
0,166100,1.1555796E-06
0,166110,1.1554415E-06
0,166120,1.1553033E-06
0,166130,1.155165E-06
0,166140,1.1550268E-06
0,166150,1.1548887E-06
0,166160,1.1547505E-06
0,166170,1.1546124E-06
0,166180,1.1544743E-06
0,166190,1.1543361E-06
0,166200,1.154198E-06
0,166210,1.15406E-06
0,166220,1.1539219E-06
0,166230,1.1537838E-06
0,166240,1.1536458E-06
0,166250,1.1535078E-06
0,166260,1.1533698E-06
0,166270,1.1532319E-06
0,166280,1.1530939E-06
0,166290,1.152956E-06
0,166300,1.1528181E-06
0,166310,1.1526802E-06
0,166320,1.1525423E-06
0,166330,1.1524044E-06
0,166340,1.1522665E-06
0,166350,1.1521287E-06
0,166360,1.1519908E-06
0,166370,1.151853E-06
0,166380,1.1517152E-06
0,166390,1.1515774E-06
0,166400,1.1514397E-06
0,166410,1.151302E-06
0,166420,1.1511642E-06
0,166430,1.1510265E-06
0,166440,1.1508888E-06
0,166450,1.1507511E-06
0,166460,1.1506135E-06
0,166470,1.1504758E-06
0,166480,1.1503382E-06
0,166490,1.1502005E-06
0,166500,1.150063E-06
0,166510,1.1499254E-06
0,166520,1.1497879E-06
0,166530,1.1496503E-06
0,166540,1.1495127E-06
0,166550,1.1493753E-06
0,166560,1.1492377E-06
0,166570,1.1491003E-06
0,166580,1.1489628E-06
0,166590,1.1488254E-06
0,166600,1.1486879E-06
0,166610,1.1485505E-06
0,166620,1.148413E-06
0,166630,1.1482757E-06
0,166640,1.1481384E-06
0,166650,1.148001E-06
0,166660,1.1478637E-06
0,166670,1.1477264E-06
0,166680,1.147589E-06
0,166690,1.1474518E-06
0,166700,1.1473145E-06
0,166710,1.1471773E-06
0,166720,1.14704E-06
0,166730,1.1469028E-06
0,166740,1.1467656E-06
0,166750,1.1466284E-06
0,166760,1.1464913E-06
0,166770,1.1463541E-06
0,166780,1.146217E-06
0,166790,1.1460799E-06
0,166800,1.1459427E-06
0,166810,1.1458056E-06
0,166820,1.1456685E-06
0,166830,1.1455315E-06
0,166840,1.1453944E-06
0,166850,1.1452574E-06
0,166860,1.1451205E-06
0,166870,1.1449835E-06
0,166880,1.1448465E-06
0,166890,1.1447096E-06
0,166900,1.1445726E-06
0,166910,1.1444357E-06
0,166920,1.1442987E-06
0,166930,1.1441618E-06
0,166940,1.144025E-06
0,166950,1.1438882E-06
0,166960,1.1437513E-06
0,166970,1.1436144E-06
0,166980,1.1434777E-06
0,166990,1.1433409E-06
0,167000,1.1432041E-06
0,167010,1.1430674E-06
0,167020,1.1429306E-06
0,167030,1.1427938E-06
0,167040,1.1426572E-06
0,167050,1.1425204E-06
0,167060,1.1423838E-06
0,167070,1.1422471E-06
0,167080,1.1421105E-06
0,167090,1.1419738E-06
0,167100,1.1418373E-06
0,167110,1.1417006E-06
0,167120,1.1415641E-06
0,167130,1.1414276E-06
0,167140,1.1412909E-06
0,167150,1.1411545E-06
0,167160,1.141018E-06
0,167170,1.1408814E-06
0,167180,1.140745E-06
0,167190,1.1406084E-06
0,167200,1.140472E-06
0,167210,1.1403356E-06
0,167220,1.1401992E-06
0,167230,1.1400627E-06
0,167240,1.1399264E-06
0,167250,1.13979E-06
0,167260,1.1396537E-06
0,167270,1.1395173E-06
0,167280,1.139381E-06
0,167290,1.1392447E-06
0,167300,1.1391085E-06
0,167310,1.1389722E-06
0,167320,1.138836E-06
0,167330,1.1386996E-06
0,167340,1.1385634E-06
0,167350,1.1384273E-06
0,167360,1.138291E-06
0,167370,1.1381549E-06
0,167380,1.1380188E-06
0,167390,1.1378826E-06
0,167400,1.1377465E-06
0,167410,1.1376104E-06
0,167420,1.1374742E-06
0,167430,1.1373382E-06
0,167440,1.1372022E-06
0,167450,1.1370661E-06
0,167460,1.1369301E-06
0,167470,1.136794E-06
0,167480,1.136658E-06
0,167490,1.1365221E-06
0,167500,1.1363861E-06
0,167510,1.1362501E-06
0,167520,1.1361143E-06
0,167530,1.1359783E-06
0,167540,1.1358425E-06
0,167550,1.1357066E-06
0,167560,1.1355708E-06
0,167570,1.1354349E-06
0,167580,1.135299E-06
0,167590,1.1351632E-06
0,167600,1.1350274E-06
0,167610,1.1348916E-06
0,167620,1.1347558E-06
0,167630,1.1346201E-06
0,167640,1.1344844E-06
0,167650,1.1343487E-06
0,167660,1.134213E-06
0,167670,1.1340773E-06
0,167680,1.1339416E-06
0,167690,1.133806E-06
0,167700,1.1336704E-06
0,167710,1.1335347E-06
0,167720,1.1333991E-06
0,167730,1.1332635E-06
0,167740,1.133128E-06
0,167750,1.1329925E-06
0,167760,1.1328568E-06
0,167770,1.1327213E-06
0,167780,1.1325858E-06
0,167790,1.1324504E-06
0,167800,1.1323149E-06
0,167810,1.1321795E-06
0,167820,1.132044E-06
0,167830,1.1319086E-06
0,167840,1.1317732E-06
0,167850,1.1316378E-06
0,167860,1.1315024E-06
0,167870,1.1313671E-06
0,167880,1.1312317E-06
0,167890,1.1310964E-06
0,167900,1.1309611E-06
0,167910,1.1308257E-06
0,167920,1.1306905E-06
0,167930,1.1305552E-06
0,167940,1.13042E-06
0,167950,1.1302848E-06
0,167960,1.1301495E-06
0,167970,1.1300143E-06
0,167980,1.1298791E-06
0,167990,1.129744E-06
0,168000,1.1296088E-06
0,168010,1.1294737E-06
0,168020,1.1293386E-06
0,168030,1.1292035E-06
0,168040,1.1290684E-06
0,168050,1.1289334E-06
0,168060,1.1287983E-06
0,168070,1.1286633E-06
0,168080,1.1285282E-06
0,168090,1.1283933E-06
0,168100,1.1282582E-06
0,168110,1.1281232E-06
0,168120,1.1279883E-06
0,168130,1.1278534E-06
0,168140,1.1277184E-06
0,168150,1.1275836E-06
0,168160,1.1274486E-06
0,168170,1.1273138E-06
0,168180,1.1271788E-06
0,168190,1.127044E-06
0,168200,1.1269092E-06
0,168210,1.1267745E-06
0,168220,1.1266396E-06
0,168230,1.1265048E-06
0,168240,1.1263701E-06
0,168250,1.1262354E-06
0,168260,1.1261006E-06
0,168270,1.1259659E-06
0,168280,1.1258312E-06
0,168290,1.1256965E-06
0,168300,1.1255619E-06
0,168310,1.1254272E-06
0,168320,1.1252926E-06
0,168330,1.125158E-06
0,168340,1.1250233E-06
0,168350,1.1248887E-06
0,168360,1.1247542E-06
0,168370,1.1246196E-06
0,168380,1.1244852E-06
0,168390,1.1243505E-06
0,168400,1.124216E-06
0,168410,1.1240816E-06
0,168420,1.1239472E-06
0,168430,1.1238127E-06
0,168440,1.1236782E-06
0,168450,1.1235438E-06
0,168460,1.1234094E-06
0,168470,1.1232751E-06
0,168480,1.1231407E-06
0,168490,1.1230063E-06
0,168500,1.1228719E-06
0,168510,1.1227376E-06
0,168520,1.1226033E-06
0,168530,1.122469E-06
0,168540,1.1223348E-06
0,168550,1.1222005E-06
0,168560,1.1220662E-06
0,168570,1.121932E-06
0,168580,1.1217978E-06
0,168590,1.1216636E-06
0,168600,1.1215294E-06
0,168610,1.1213953E-06
0,168620,1.1212611E-06
0,168630,1.121127E-06
0,168640,1.1209928E-06
0,168650,1.1208588E-06
0,168660,1.1207246E-06
0,168670,1.1205906E-06
0,168680,1.1204565E-06
0,168690,1.1203225E-06
0,168700,1.1201885E-06
0,168710,1.1200544E-06
0,168720,1.1199204E-06
0,168730,1.1197865E-06
0,168740,1.1196526E-06
0,168750,1.1195186E-06
0,168760,1.1193846E-06
0,168770,1.1192508E-06
0,168780,1.1191169E-06
0,168790,1.1189829E-06
0,168800,1.1188491E-06
0,168810,1.1187152E-06
0,168820,1.1185814E-06
0,168830,1.1184476E-06
0,168840,1.1183138E-06
0,168850,1.1181801E-06
0,168860,1.1180463E-06
0,168870,1.1179126E-06
0,168880,1.1177788E-06
0,168890,1.1176451E-06
0,168900,1.1175114E-06
0,168910,1.1173777E-06
0,168920,1.117244E-06
0,168930,1.1171104E-06
0,168940,1.1169767E-06
0,168950,1.1168431E-06
0,168960,1.1167095E-06
0,168970,1.1165758E-06
0,168980,1.1164424E-06
0,168990,1.1163088E-06
0,169000,1.1161752E-06
0,169010,1.1160417E-06
0,169020,1.1159082E-06
0,169030,1.1157747E-06
0,169040,1.1156412E-06
0,169050,1.1155078E-06
0,169060,1.1153743E-06
0,169070,1.1152409E-06
0,169080,1.1151075E-06
0,169090,1.1149741E-06
0,169100,1.1148406E-06
0,169110,1.1147073E-06
0,169120,1.1145739E-06
0,169130,1.1144406E-06
0,169140,1.1143073E-06
0,169150,1.114174E-06
0,169160,1.1140407E-06
0,169170,1.1139075E-06
0,169180,1.1137741E-06
0,169190,1.1136409E-06
0,169200,1.1135078E-06
0,169210,1.1133745E-06
0,169220,1.1132413E-06
0,169230,1.1131082E-06
0,169240,1.112975E-06
0,169250,1.1128419E-06
0,169260,1.1127088E-06
0,169270,1.1125757E-06
0,169280,1.1124425E-06
0,169290,1.1123094E-06
0,169300,1.1121764E-06
0,169310,1.1120434E-06
0,169320,1.1119103E-06
0,169330,1.1117772E-06
0,169340,1.1116443E-06
0,169350,1.1115113E-06
0,169360,1.1113783E-06
0,169370,1.1112454E-06
0,169380,1.1111124E-06
0,169390,1.1109795E-06
0,169400,1.1108466E-06
0,169410,1.1107137E-06
0,169420,1.1105809E-06
0,169430,1.110448E-06
0,169440,1.1103151E-06
0,169450,1.1101823E-06
0,169460,1.1100495E-06
0,169470,1.1099168E-06
0,169480,1.109784E-06
0,169490,1.1096512E-06
0,169500,1.1095185E-06
0,169510,1.1093857E-06
0,169520,1.109253E-06
0,169530,1.1091203E-06
0,169540,1.1089876E-06
0,169550,1.1088549E-06
0,169560,1.1087224E-06
0,169570,1.1085897E-06
0,169580,1.108457E-06
0,169590,1.1083245E-06
0,169600,1.1081919E-06
0,169610,1.1080593E-06
0,169620,1.1079268E-06
0,169630,1.1077942E-06
0,169640,1.1076617E-06
0,169650,1.1075292E-06
0,169660,1.1073967E-06
0,169670,1.1072642E-06
0,169680,1.1071318E-06
0,169690,1.1069993E-06
0,169700,1.1068669E-06
0,169710,1.1067344E-06
0,169720,1.1066021E-06
0,169730,1.1064697E-06
0,169740,1.1063373E-06
0,169750,1.106205E-06
0,169760,1.1060727E-06
0,169770,1.1059403E-06
0,169780,1.105808E-06
0,169790,1.1056758E-06
0,169800,1.1055434E-06
0,169810,1.1054112E-06
0,169820,1.105279E-06
0,169830,1.1051468E-06
0,169840,1.1050146E-06
0,169850,1.1048824E-06
0,169860,1.1047501E-06
0,169870,1.104618E-06
0,169880,1.1044858E-06
0,169890,1.1043537E-06
0,169900,1.1042216E-06
0,169910,1.1040895E-06
0,169920,1.1039574E-06
0,169930,1.1038254E-06
0,169940,1.1036933E-06
0,169950,1.1035613E-06
0,169960,1.1034293E-06
0,169970,1.1032973E-06
0,169980,1.1031653E-06
0,169990,1.1030334E-06
0,170000,1.1029014E-06
0,170010,1.1027695E-06
0,170020,1.1026375E-06
0,170030,1.1025056E-06
0,170040,1.1023737E-06
0,170050,1.1022419E-06
0,170060,1.10211E-06
0,170070,1.1019781E-06
0,170080,1.1018464E-06
0,170090,1.1017145E-06
0,170100,1.1015827E-06
0,170110,1.101451E-06
0,170120,1.1013192E-06
0,170130,1.1011874E-06
0,170140,1.1010557E-06
0,170150,1.100924E-06
0,170160,1.1007922E-06
0,170170,1.1006606E-06
0,170180,1.100529E-06
0,170190,1.1003973E-06
0,170200,1.1002656E-06
0,170210,1.100134E-06
0,170220,1.1000024E-06
0,170230,1.0998708E-06
0,170240,1.0997392E-06
0,170250,1.0996076E-06
0,170260,1.0994761E-06
0,170270,1.0993446E-06
0,170280,1.099213E-06
0,170290,1.0990816E-06
0,170300,1.0989501E-06
0,170310,1.0988186E-06
0,170320,1.0986872E-06
0,170330,1.0985558E-06
0,170340,1.0984244E-06
0,170350,1.098293E-06
0,170360,1.0981615E-06
0,170370,1.0980302E-06
0,170380,1.0978988E-06
0,170390,1.0977675E-06
0,170400,1.0976362E-06
0,170410,1.0975049E-06
0,170420,1.0973736E-06
0,170430,1.0972423E-06
0,170440,1.0971111E-06
0,170450,1.0969798E-06
0,170460,1.0968486E-06
0,170470,1.0967174E-06
0,170480,1.0965862E-06
0,170490,1.096455E-06
0,170500,1.0963238E-06
0,170510,1.0961926E-06
0,170520,1.0960615E-06
0,170530,1.0959303E-06
0,170540,1.0957992E-06
0,170550,1.0956682E-06
0,170560,1.0955371E-06
0,170570,1.095406E-06
0,170580,1.095275E-06
0,170590,1.095144E-06
0,170600,1.095013E-06
0,170610,1.094882E-06
0,170620,1.094751E-06
0,170630,1.0946201E-06
0,170640,1.0944891E-06
0,170650,1.0943581E-06
0,170660,1.0942273E-06
0,170670,1.0940963E-06
0,170680,1.0939655E-06
0,170690,1.0938346E-06
0,170700,1.0937038E-06
0,170710,1.0935729E-06
0,170720,1.093442E-06
0,170730,1.0933113E-06
0,170740,1.0931805E-06
0,170750,1.0930497E-06
0,170760,1.092919E-06
0,170770,1.0927882E-06
0,170780,1.0926575E-06
0,170790,1.0925268E-06
0,170800,1.092396E-06
0,170810,1.0922654E-06
0,170820,1.0921347E-06
0,170830,1.092004E-06
0,170840,1.0918734E-06
0,170850,1.0917428E-06
0,170860,1.0916121E-06
0,170870,1.0914816E-06
0,170880,1.091351E-06
0,170890,1.0912205E-06
0,170900,1.09109E-06
0,170910,1.0909595E-06
0,170920,1.090829E-06
0,170930,1.0906984E-06
0,170940,1.0905679E-06
0,170950,1.0904374E-06
0,170960,1.090307E-06
0,170970,1.0901766E-06
0,170980,1.0900462E-06
0,170990,1.0899158E-06
0,171000,1.0897854E-06
0,171010,1.089655E-06
0,171020,1.0895246E-06
0,171030,1.0893943E-06
0,171040,1.0892641E-06
0,171050,1.0891337E-06
0,171060,1.0890034E-06
0,171070,1.0888731E-06
0,171080,1.0887429E-06
0,171090,1.0886126E-06
0,171100,1.0884825E-06
0,171110,1.0883522E-06
0,171120,1.088222E-06
0,171130,1.0880918E-06
0,171140,1.0879617E-06
0,171150,1.0878315E-06
0,171160,1.0877013E-06
0,171170,1.0875713E-06
0,171180,1.0874411E-06
0,171190,1.087311E-06
0,171200,1.087181E-06
0,171210,1.0870509E-06
0,171220,1.0869209E-06
0,171230,1.0867908E-06
0,171240,1.0866609E-06
0,171250,1.0865308E-06
0,171260,1.0864009E-06
0,171270,1.0862709E-06
0,171280,1.086141E-06
0,171290,1.086011E-06
0,171300,1.0858811E-06
0,171310,1.0857513E-06
0,171320,1.0856213E-06
0,171330,1.0854915E-06
0,171340,1.0853615E-06
0,171350,1.0852317E-06
0,171360,1.0851019E-06
0,171370,1.0849722E-06
0,171380,1.0848423E-06
0,171390,1.0847125E-06
0,171400,1.0845828E-06
0,171410,1.0844531E-06
0,171420,1.0843233E-06
0,171430,1.0841936E-06
0,171440,1.0840639E-06
0,171450,1.0839342E-06
0,171460,1.0838045E-06
0,171470,1.0836749E-06
0,171480,1.0835453E-06
0,171490,1.0834157E-06
0,171500,1.0832861E-06
0,171510,1.0831565E-06
0,171520,1.0830269E-06
0,171530,1.0828973E-06
0,171540,1.0827678E-06
0,171550,1.0826382E-06
0,171560,1.0825087E-06
0,171570,1.0823792E-06
0,171580,1.0822497E-06
0,171590,1.0821202E-06
0,171600,1.0819908E-06
0,171610,1.0818613E-06
0,171620,1.081732E-06
0,171630,1.0816025E-06
0,171640,1.0814731E-06
0,171650,1.0813437E-06
0,171660,1.0812144E-06
0,171670,1.0810851E-06
0,171680,1.0809557E-06
0,171690,1.0808265E-06
0,171700,1.0806971E-06
0,171710,1.0805678E-06
0,171720,1.0804386E-06
0,171730,1.0803093E-06
0,171740,1.0801801E-06
0,171750,1.0800509E-06
0,171760,1.0799216E-06
0,171770,1.0797925E-06
0,171780,1.0796633E-06
0,171790,1.0795342E-06
0,171800,1.079405E-06
0,171810,1.0792759E-06
0,171820,1.0791467E-06
0,171830,1.0790177E-06
0,171840,1.0788885E-06
0,171850,1.0787595E-06
0,171860,1.0786305E-06
0,171870,1.0785014E-06
0,171880,1.0783724E-06
0,171890,1.0782434E-06
0,171900,1.0781145E-06
0,171910,1.0779854E-06
0,171920,1.0778565E-06
0,171930,1.0777276E-06
0,171940,1.0775987E-06
0,171950,1.0774697E-06
0,171960,1.0773408E-06
0,171970,1.0772119E-06
0,171980,1.0770831E-06
0,171990,1.0769543E-06
0,172000,1.0768254E-06
0,172010,1.0766965E-06
0,172020,1.0765677E-06
0,172030,1.0764389E-06
0,172040,1.0763102E-06
0,172050,1.0761814E-06
0,172060,1.0760527E-06
0,172070,1.0759239E-06
0,172080,1.0757952E-06
0,172090,1.0756665E-06
0,172100,1.0755379E-06
0,172110,1.0754093E-06
0,172120,1.0752806E-06
0,172130,1.075152E-06
0,172140,1.0750233E-06
0,172150,1.0748947E-06
0,172160,1.0747661E-06
0,172170,1.0746376E-06
0,172180,1.074509E-06
0,172190,1.0743805E-06
0,172200,1.0742519E-06
0,172210,1.0741235E-06
0,172220,1.0739949E-06
0,172230,1.0738664E-06
0,172240,1.073738E-06
0,172250,1.0736095E-06
0,172260,1.0734811E-06
0,172270,1.0733527E-06
0,172280,1.0732243E-06
0,172290,1.0730959E-06
0,172300,1.0729675E-06
0,172310,1.0728392E-06
0,172320,1.0727108E-06
0,172330,1.0725824E-06
0,172340,1.0724542E-06
0,172350,1.0723259E-06
0,172360,1.0721976E-06
0,172370,1.0720694E-06
0,172380,1.0719411E-06
0,172390,1.0718129E-06
0,172400,1.0716847E-06
0,172410,1.0715564E-06
0,172420,1.0714283E-06
0,172430,1.0713001E-06
0,172440,1.0711719E-06
0,172450,1.0710438E-06
0,172460,1.0709157E-06
0,172470,1.0707876E-06
0,172480,1.0706594E-06
0,172490,1.0705313E-06
0,172500,1.0704033E-06
0,172510,1.0702753E-06
0,172520,1.0701472E-06
0,172530,1.0700192E-06
0,172540,1.0698911E-06
0,172550,1.0697632E-06
0,172560,1.0696352E-06
0,172570,1.0695072E-06
0,172580,1.0693793E-06
0,172590,1.0692514E-06
0,172600,1.0691235E-06
0,172610,1.0689956E-06
0,172620,1.0688677E-06
0,172630,1.0687398E-06
0,172640,1.0686119E-06
0,172650,1.0684842E-06
0,172660,1.0683564E-06
0,172670,1.0682285E-06
0,172680,1.0681007E-06
0,172690,1.0679729E-06
0,172700,1.0678452E-06
0,172710,1.0677174E-06
0,172720,1.0675898E-06
0,172730,1.067462E-06
0,172740,1.0673343E-06
0,172750,1.0672067E-06
0,172760,1.067079E-06
0,172770,1.0669513E-06
0,172780,1.0668236E-06
0,172790,1.0666961E-06
0,172800,1.0665684E-06
0,172810,1.0664409E-06
0,172820,1.0663133E-06
0,172830,1.0661857E-06
0,172840,1.0660582E-06
0,172850,1.0659306E-06
0,172860,1.0658031E-06
0,172870,1.0656756E-06
0,172880,1.0655482E-06
0,172890,1.0654206E-06
0,172900,1.0652932E-06
0,172910,1.0651657E-06
0,172920,1.0650383E-06
0,172930,1.064911E-06
0,172940,1.0647835E-06
0,172950,1.0646562E-06
0,172960,1.0645288E-06
0,172970,1.0644014E-06
0,172980,1.0642741E-06
0,172990,1.0641468E-06
0,173000,1.0640196E-06
0,173010,1.0638922E-06
0,173020,1.0637649E-06
0,173030,1.0636377E-06
0,173040,1.0635105E-06
0,173050,1.0633833E-06
0,173060,1.063256E-06
0,173070,1.0631288E-06
0,173080,1.0630016E-06
0,173090,1.0628745E-06
0,173100,1.0627473E-06
0,173110,1.0626202E-06
0,173120,1.0624931E-06
0,173130,1.062366E-06
0,173140,1.0622389E-06
0,173150,1.0621118E-06
0,173160,1.0619848E-06
0,173170,1.0618577E-06
0,173180,1.0617307E-06
0,173190,1.0616037E-06
0,173200,1.0614766E-06
0,173210,1.0613496E-06
0,173220,1.0612227E-06
0,173230,1.0610958E-06
0,173240,1.0609688E-06
0,173250,1.0608419E-06
0,173260,1.060715E-06
0,173270,1.0605881E-06
0,173280,1.0604613E-06
0,173290,1.0603344E-06
0,173300,1.0602075E-06
0,173310,1.0600806E-06
0,173320,1.0599539E-06
0,173330,1.0598271E-06
0,173340,1.0597003E-06
0,173350,1.0595735E-06
0,173360,1.0594467E-06
0,173370,1.05932E-06
0,173380,1.0591933E-06
0,173390,1.0590666E-06
0,173400,1.0589399E-06
0,173410,1.0588133E-06
0,173420,1.0586865E-06
0,173430,1.0585599E-06
0,173440,1.0584332E-06
0,173450,1.0583067E-06
0,173460,1.05818E-06
0,173470,1.0580535E-06
0,173480,1.0579269E-06
0,173490,1.0578003E-06
0,173500,1.0576738E-06
0,173510,1.0575473E-06
0,173520,1.0574207E-06
0,173530,1.0572943E-06
0,173540,1.0571678E-06
0,173550,1.0570413E-06
0,173560,1.0569148E-06
0,173570,1.0567884E-06
0,173580,1.056662E-06
0,173590,1.0565356E-06
0,173600,1.0564091E-06
0,173610,1.0562828E-06
0,173620,1.0561564E-06
0,173630,1.0560301E-06
0,173640,1.0559038E-06
0,173650,1.0557775E-06
0,173660,1.0556512E-06
0,173670,1.0555249E-06
0,173680,1.0553986E-06
0,173690,1.0552724E-06
0,173700,1.0551461E-06
0,173710,1.0550199E-06
0,173720,1.0548937E-06
0,173730,1.0547675E-06
0,173740,1.0546413E-06
0,173750,1.0545151E-06
0,173760,1.054389E-06
0,173770,1.0542628E-06
0,173780,1.0541368E-06
0,173790,1.0540106E-06
0,173800,1.0538845E-06
0,173810,1.0537584E-06
0,173820,1.0536324E-06
0,173830,1.0535064E-06
0,173840,1.0533803E-06
0,173850,1.0532543E-06
0,173860,1.0531284E-06
0,173870,1.0530023E-06
0,173880,1.0528763E-06
0,173890,1.0527505E-06
0,173900,1.0526245E-06
0,173910,1.0524985E-06
0,173920,1.0523727E-06
0,173930,1.0522467E-06
0,173940,1.0521209E-06
0,173950,1.051995E-06
0,173960,1.0518692E-06
0,173970,1.0517433E-06
0,173980,1.0516175E-06
0,173990,1.0514917E-06
0,174000,1.0513659E-06
0,174010,1.0512401E-06
0,174020,1.0511144E-06
0,174030,1.0509887E-06
0,174040,1.0508629E-06
0,174050,1.0507372E-06
0,174060,1.0506114E-06
0,174070,1.0504858E-06
0,174080,1.0503602E-06
0,174090,1.0502345E-06
0,174100,1.0501088E-06
0,174110,1.0499832E-06
0,174120,1.0498576E-06
0,174130,1.0497321E-06
0,174140,1.0496065E-06
0,174150,1.0494809E-06
0,174160,1.0493553E-06
0,174170,1.0492298E-06
0,174180,1.0491043E-06
0,174190,1.0489788E-06
0,174200,1.0488533E-06
0,174210,1.0487279E-06
0,174220,1.0486024E-06
0,174230,1.048477E-06
0,174240,1.0483515E-06
0,174250,1.0482261E-06
0,174260,1.0481007E-06
0,174270,1.0479753E-06
0,174280,1.04785E-06
0,174290,1.0477246E-06
0,174300,1.0475993E-06
0,174310,1.0474739E-06
0,174320,1.0473486E-06
0,174330,1.0472233E-06
0,174340,1.0470981E-06
0,174350,1.0469728E-06
0,174360,1.0468475E-06
0,174370,1.0467223E-06
0,174380,1.046597E-06
0,174390,1.0464719E-06
0,174400,1.0463467E-06
0,174410,1.0462215E-06
0,174420,1.0460964E-06
0,174430,1.0459712E-06
0,174440,1.0458461E-06
0,174450,1.045721E-06
0,174460,1.0455959E-06
0,174470,1.0454709E-06
0,174480,1.0453457E-06
0,174490,1.0452206E-06
0,174500,1.0450957E-06
0,174510,1.0449706E-06
0,174520,1.0448456E-06
0,174530,1.0447206E-06
0,174540,1.0445957E-06
0,174550,1.0444707E-06
0,174560,1.0443457E-06
0,174570,1.0442208E-06
0,174580,1.0440959E-06
0,174590,1.043971E-06
0,174600,1.043846E-06
0,174610,1.0437212E-06
0,174620,1.0435964E-06
0,174630,1.0434716E-06
0,174640,1.0433467E-06
0,174650,1.0432219E-06
0,174660,1.0430971E-06
0,174670,1.0429723E-06
0,174680,1.0428475E-06
0,174690,1.0427228E-06
0,174700,1.042598E-06
0,174710,1.0424733E-06
0,174720,1.0423486E-06
0,174730,1.0422239E-06
0,174740,1.0420993E-06
0,174750,1.0419745E-06
0,174760,1.0418499E-06
0,174770,1.0417252E-06
0,174780,1.0416006E-06
0,174790,1.041476E-06
0,174800,1.0413514E-06
0,174810,1.0412269E-06
0,174820,1.0411023E-06
0,174830,1.0409777E-06
0,174840,1.0408532E-06
0,174850,1.0407288E-06
0,174860,1.0406043E-06
0,174870,1.0404798E-06
0,174880,1.0403553E-06
0,174890,1.0402308E-06
0,174900,1.0401064E-06
0,174910,1.039982E-06
0,174920,1.0398576E-06
0,174930,1.0397332E-06
0,174940,1.0396087E-06
0,174950,1.0394845E-06
0,174960,1.0393601E-06
0,174970,1.0392357E-06
0,174980,1.0391113E-06
0,174990,1.0389871E-06
0,175000,1.0388628E-06
0,175010,1.0387386E-06
0,175020,1.0386143E-06
0,175030,1.03849E-06
0,175040,1.0383658E-06
0,175050,1.0382415E-06
0,175060,1.0381174E-06
0,175070,1.0379931E-06
0,175080,1.037869E-06
0,175090,1.0377448E-06
0,175100,1.0376207E-06
0,175110,1.0374965E-06
0,175120,1.0373725E-06
0,175130,1.0372484E-06
0,175140,1.0371243E-06
0,175150,1.0370002E-06
0,175160,1.0368761E-06
0,175170,1.0367521E-06
0,175180,1.0366281E-06
0,175190,1.036504E-06
0,175200,1.0363801E-06
0,175210,1.0362561E-06
0,175220,1.0361322E-06
0,175230,1.0360081E-06
0,175240,1.0358842E-06
0,175250,1.0357603E-06
0,175260,1.0356364E-06
0,175270,1.0355125E-06
0,175280,1.0353887E-06
0,175290,1.0352647E-06
0,175300,1.0351409E-06
0,175310,1.0350171E-06
0,175320,1.0348933E-06
0,175330,1.0347695E-06
0,175340,1.0346457E-06
0,175350,1.0345219E-06
0,175360,1.0343982E-06
0,175370,1.0342744E-06
0,175380,1.0341507E-06
0,175390,1.034027E-06
0,175400,1.0339032E-06
0,175410,1.0337797E-06
0,175420,1.033656E-06
0,175430,1.0335323E-06
0,175440,1.0334086E-06
0,175450,1.033285E-06
0,175460,1.0331614E-06
0,175470,1.0330378E-06
0,175480,1.0329143E-06
0,175490,1.0327907E-06
0,175500,1.0326671E-06
0,175510,1.0325435E-06
0,175520,1.0324201E-06
0,175530,1.0322965E-06
0,175540,1.032173E-06
0,175550,1.0320496E-06
0,175560,1.0319261E-06
0,175570,1.0318026E-06
0,175580,1.0316793E-06
0,175590,1.0315558E-06
0,175600,1.0314324E-06
0,175610,1.031309E-06
0,175620,1.0311857E-06
0,175630,1.0310623E-06
0,175640,1.030939E-06
0,175650,1.0308156E-06
0,175660,1.0306923E-06
0,175670,1.030569E-06
0,175680,1.0304457E-06
0,175690,1.0303224E-06
0,175700,1.0301992E-06
0,175710,1.030076E-06
0,175720,1.0299527E-06
0,175730,1.0298295E-06
0,175740,1.0297064E-06
0,175750,1.0295831E-06
0,175760,1.02946E-06
0,175770,1.0293368E-06
0,175780,1.0292136E-06
0,175790,1.0290905E-06
0,175800,1.0289674E-06
0,175810,1.0288444E-06
0,175820,1.0287213E-06
0,175830,1.0285983E-06
0,175840,1.0284751E-06
0,175850,1.0283521E-06
0,175860,1.0282291E-06
0,175870,1.0281061E-06
0,175880,1.0279831E-06
0,175890,1.0278601E-06
0,175900,1.0277372E-06
0,175910,1.0276142E-06
0,175920,1.0274913E-06
0,175930,1.0273684E-06
0,175940,1.0272455E-06
0,175950,1.0271226E-06
0,175960,1.0269997E-06
0,175970,1.0268768E-06
0,175980,1.026754E-06
0,175990,1.0266311E-06
0,176000,1.0265084E-06
0,176010,1.0263856E-06
0,176020,1.0262628E-06
0,176030,1.02614E-06
0,176040,1.0260172E-06
0,176050,1.0258946E-06
0,176060,1.0257718E-06
0,176070,1.0256491E-06
0,176080,1.0255264E-06
0,176090,1.0254037E-06
0,176100,1.025281E-06
0,176110,1.0251584E-06
0,176120,1.0250358E-06
0,176130,1.0249131E-06
0,176140,1.0247905E-06
0,176150,1.0246679E-06
0,176160,1.0245453E-06
0,176170,1.0244228E-06
0,176180,1.0243002E-06
0,176190,1.0241777E-06
0,176200,1.0240552E-06
0,176210,1.0239327E-06
0,176220,1.0238102E-06
0,176230,1.0236877E-06
0,176240,1.0235652E-06
0,176250,1.0234428E-06
0,176260,1.0233204E-06
0,176270,1.0231979E-06
0,176280,1.0230756E-06
0,176290,1.0229531E-06
0,176300,1.0228308E-06
0,176310,1.0227084E-06
0,176320,1.022586E-06
0,176330,1.0224637E-06
0,176340,1.0223414E-06
0,176350,1.0222192E-06
0,176360,1.0220969E-06
0,176370,1.0219745E-06
0,176380,1.0218523E-06
0,176390,1.0217301E-06
0,176400,1.0216079E-06
0,176410,1.0214857E-06
0,176420,1.0213635E-06
0,176430,1.0212412E-06
0,176440,1.021119E-06
0,176450,1.0209969E-06
0,176460,1.0208748E-06
0,176470,1.0207526E-06
0,176480,1.0206305E-06
0,176490,1.0205084E-06
0,176500,1.0203863E-06
0,176510,1.0202643E-06
0,176520,1.0201422E-06
0,176530,1.0200202E-06
0,176540,1.0198981E-06
0,176550,1.0197762E-06
0,176560,1.0196542E-06
0,176570,1.0195322E-06
0,176580,1.0194102E-06
0,176590,1.0192883E-06
0,176600,1.0191663E-06
0,176610,1.0190445E-06
0,176620,1.0189225E-06
0,176630,1.0188006E-06
0,176640,1.0186787E-06
0,176650,1.0185569E-06
0,176660,1.018435E-06
0,176670,1.0183132E-06
0,176680,1.0181914E-06
0,176690,1.0180696E-06
0,176700,1.0179479E-06
0,176710,1.017826E-06
0,176720,1.0177042E-06
0,176730,1.0175825E-06
0,176740,1.0174608E-06
0,176750,1.0173391E-06
0,176760,1.0172174E-06
0,176770,1.0170957E-06
0,176780,1.016974E-06
0,176790,1.0168524E-06
0,176800,1.0167307E-06
0,176810,1.0166091E-06
0,176820,1.0164874E-06
0,176830,1.0163659E-06
0,176840,1.0162443E-06
0,176850,1.0161227E-06
0,176860,1.0160012E-06
0,176870,1.0158795E-06
0,176880,1.015758E-06
0,176890,1.0156366E-06
0,176900,1.0155151E-06
0,176910,1.0153935E-06
0,176920,1.0152721E-06
0,176930,1.0151507E-06
0,176940,1.0150292E-06
0,176950,1.0149078E-06
0,176960,1.0147863E-06
0,176970,1.014665E-06
0,176980,1.0145436E-06
0,176990,1.0144222E-06
0,177000,1.0143009E-06
0,177010,1.0141796E-06
0,177020,1.0140582E-06
0,177030,1.0139369E-06
0,177040,1.0138156E-06
0,177050,1.0136944E-06
0,177060,1.0135731E-06
0,177070,1.0134518E-06
0,177080,1.0133306E-06
0,177090,1.0132094E-06
0,177100,1.0130881E-06
0,177110,1.0129669E-06
0,177120,1.0128458E-06
0,177130,1.0127246E-06
0,177140,1.0126034E-06
0,177150,1.0124824E-06
0,177160,1.0123612E-06
0,177170,1.0122401E-06
0,177180,1.012119E-06
0,177190,1.0119979E-06
0,177200,1.0118769E-06
0,177210,1.0117558E-06
0,177220,1.0116347E-06
0,177230,1.0115137E-06
0,177240,1.0113928E-06
0,177250,1.0112717E-06
0,177260,1.0111507E-06
0,177270,1.0110298E-06
0,177280,1.0109088E-06
0,177290,1.010788E-06
0,177300,1.010667E-06
0,177310,1.0105462E-06
0,177320,1.0104252E-06
0,177330,1.0103043E-06
0,177340,1.0101835E-06
0,177350,1.0100626E-06
0,177360,1.0099418E-06
0,177370,1.009821E-06
0,177380,1.0097002E-06
0,177390,1.0095794E-06
0,177400,1.0094586E-06
0,177410,1.0093379E-06
0,177420,1.0092172E-06
0,177430,1.0090964E-06
0,177440,1.0089757E-06
0,177450,1.008855E-06
0,177460,1.0087343E-06
0,177470,1.0086136E-06
0,177480,1.008493E-06
0,177490,1.0083724E-06
0,177500,1.0082516E-06
0,177510,1.0081311E-06
0,177520,1.0080105E-06
0,177530,1.0078899E-06
0,177540,1.0077692E-06
0,177550,1.0076487E-06
0,177560,1.0075282E-06
0,177570,1.0074077E-06
0,177580,1.0072871E-06
0,177590,1.0071667E-06
0,177600,1.0070462E-06
0,177610,1.0069257E-06
0,177620,1.0068053E-06
0,177630,1.0066848E-06
0,177640,1.0065644E-06
0,177650,1.006444E-06
0,177660,1.0063236E-06
0,177670,1.0062032E-06
0,177680,1.0060828E-06
0,177690,1.0059624E-06
0,177700,1.0058421E-06
0,177710,1.0057217E-06
0,177720,1.0056015E-06
0,177730,1.0054812E-06
0,177740,1.0053609E-06
0,177750,1.0052406E-06
0,177760,1.0051203E-06
0,177770,1.0050001E-06
0,177780,1.0048799E-06
0,177790,1.0047597E-06
0,177800,1.0046394E-06
0,177810,1.0045193E-06
0,177820,1.0043991E-06
0,177830,1.0042789E-06
0,177840,1.0041588E-06
0,177850,1.0040387E-06
0,177860,1.0039186E-06
0,177870,1.0037985E-06
0,177880,1.0036784E-06
0,177890,1.0035584E-06
0,177900,1.0034383E-06
0,177910,1.0033183E-06
0,177920,1.0031982E-06
0,177930,1.0030782E-06
0,177940,1.0029582E-06
0,177950,1.0028382E-06
0,177960,1.0027182E-06
0,177970,1.0025983E-06
0,177980,1.0024784E-06
0,177990,1.0023584E-06
0,178000,1.0022385E-06
0,178010,1.0021187E-06
0,178020,1.0019987E-06
0,178030,1.0018789E-06
0,178040,1.0017591E-06
0,178050,1.0016392E-06
0,178060,1.0015194E-06
0,178070,1.0013996E-06
0,178080,1.0012798E-06
0,178090,1.00116E-06
0,178100,1.0010402E-06
0,178110,1.0009205E-06
0,178120,1.0008007E-06
0,178130,1.000681E-06
0,178140,1.0005613E-06
0,178150,1.0004416E-06
0,178160,1.000322E-06
0,178170,1.0002022E-06
0,178180,1.0000826E-06
0,178190,9.999629E-07
0,178200,9.998433E-07
0,178210,9.997237E-07
0,178220,9.996041E-07
0,178230,9.994845E-07
0,178240,9.993649E-07
0,178250,9.992455E-07
0,178260,9.991259E-07
0,178270,9.990064E-07
0,178280,9.988869E-07
0,178290,9.987674E-07
0,178300,9.986479E-07
0,178310,9.985284E-07
0,178320,9.98409E-07
0,178330,9.982896E-07
0,178340,9.981701E-07
0,178350,9.980507E-07
0,178360,9.979314E-07
0,178370,9.97812E-07
0,178380,9.976926E-07
0,178390,9.975732E-07
0,178400,9.974539E-07
0,178410,9.973345E-07
0,178420,9.972152E-07
0,178430,9.97096E-07
0,178440,9.969766E-07
0,178450,9.968574E-07
0,178460,9.967381E-07
0,178470,9.96619E-07
0,178480,9.964997E-07
0,178490,9.963804E-07
0,178500,9.962613E-07
0,178510,9.961421E-07
0,178520,9.960229E-07
0,178530,9.959037E-07
0,178540,9.957846E-07
0,178550,9.956656E-07
0,178560,9.955464E-07
0,178570,9.954273E-07
0,178580,9.953083E-07
0,178590,9.951891E-07
0,178600,9.950701E-07
0,178610,9.94951E-07
0,178620,9.94832E-07
0,178630,9.94713E-07
0,178640,9.945941E-07
0,178650,9.94475E-07
0,178660,9.943561E-07
0,178670,9.942371E-07
0,178680,9.941182E-07
0,178690,9.939993E-07
0,178700,9.938803E-07
0,178710,9.937614E-07
0,178720,9.936426E-07
0,178730,9.935237E-07
0,178740,9.934049E-07
0,178750,9.93286E-07
0,178760,9.931672E-07
0,178770,9.930484E-07
0,178780,9.929296E-07
0,178790,9.928108E-07
0,178800,9.926921E-07
0,178810,9.925733E-07
0,178820,9.924546E-07
0,178830,9.923358E-07
0,178840,9.922171E-07
0,178850,9.920984E-07
0,178860,9.919797E-07
0,178870,9.91861E-07
0,178880,9.917425E-07
0,178890,9.916238E-07
0,178900,9.915052E-07
0,178910,9.913865E-07
0,178920,9.912679E-07
0,178930,9.911494E-07
0,178940,9.910308E-07
0,178950,9.909122E-07
0,178960,9.907936E-07
0,178970,9.906752E-07
0,178980,9.905566E-07
0,178990,9.904381E-07
0,179000,9.903197E-07
0,179010,9.902012E-07
0,179020,9.900828E-07
0,179030,9.899643E-07
0,179040,9.898458E-07
0,179050,9.897275E-07
0,179060,9.89609E-07
0,179070,9.894907E-07
0,179080,9.893723E-07
0,179090,9.89254E-07
0,179100,9.891356E-07
0,179110,9.890173E-07
0,179120,9.888989E-07
0,179130,9.887807E-07
0,179140,9.886624E-07
0,179150,9.885441E-07
0,179160,9.884259E-07
0,179170,9.883076E-07
0,179180,9.881894E-07
0,179190,9.880712E-07
0,179200,9.87953E-07
0,179210,9.878347E-07
0,179220,9.877166E-07
0,179230,9.875985E-07
0,179240,9.874802E-07
0,179250,9.873621E-07
0,179260,9.87244E-07
0,179270,9.87126E-07
0,179280,9.870079E-07
0,179290,9.868897E-07
0,179300,9.867717E-07
0,179310,9.866536E-07
0,179320,9.865356E-07
0,179330,9.864176E-07
0,179340,9.862996E-07
0,179350,9.861816E-07
0,179360,9.860637E-07
0,179370,9.859457E-07
0,179380,9.858278E-07
0,179390,9.857098E-07
0,179400,9.855919E-07
0,179410,9.85474E-07
0,179420,9.853561E-07
0,179430,9.852382E-07
0,179440,9.851203E-07
0,179450,9.850025E-07
0,179460,9.848847E-07
0,179470,9.847669E-07
0,179480,9.846491E-07
0,179490,9.845313E-07
0,179500,9.844135E-07
0,179510,9.842958E-07
0,179520,9.84178E-07
0,179530,9.840602E-07
0,179540,9.839425E-07
0,179550,9.838249E-07
0,179560,9.837071E-07
0,179570,9.835894E-07
0,179580,9.834718E-07
0,179590,9.833541E-07
0,179600,9.832365E-07
0,179610,9.831189E-07
0,179620,9.830012E-07
0,179630,9.828836E-07
0,179640,9.827661E-07
0,179650,9.826485E-07
0,179660,9.82531E-07
0,179670,9.824134E-07
0,179680,9.822959E-07
0,179690,9.821783E-07
0,179700,9.820609E-07
0,179710,9.819435E-07
0,179720,9.818259E-07
0,179730,9.817085E-07
0,179740,9.81591E-07
0,179750,9.814736E-07
0,179760,9.813562E-07
0,179770,9.812388E-07
0,179780,9.811214E-07
0,179790,9.810041E-07
0,179800,9.808867E-07
0,179810,9.807693E-07
0,179820,9.80652E-07
0,179830,9.805348E-07
0,179840,9.804174E-07
0,179850,9.803001E-07
0,179860,9.801829E-07
0,179870,9.800656E-07
0,179880,9.799484E-07
0,179890,9.798312E-07
0,179900,9.79714E-07
0,179910,9.795967E-07
0,179920,9.794795E-07
0,179930,9.793623E-07
0,179940,9.792452E-07
0,179950,9.79128E-07
0,179960,9.790109E-07
0,179970,9.788938E-07
0,179980,9.787767E-07
0,179990,9.786596E-07
0,180000,9.785425E-07
0,180010,9.784254E-07
0,180020,9.783084E-07
0,180030,9.781913E-07
0,180040,9.780744E-07
0,180050,9.779574E-07
0,180060,9.778404E-07
0,180070,9.777234E-07
0,180080,9.776064E-07
0,180090,9.774894E-07
0,180100,9.773726E-07
0,180110,9.772556E-07
0,180120,9.771387E-07
0,180130,9.770218E-07
0,180140,9.76905E-07
0,180150,9.767881E-07
0,180160,9.766712E-07
0,180170,9.765544E-07
0,180180,9.764376E-07
0,180190,9.763207E-07
0,180200,9.76204E-07
0,180210,9.760872E-07
0,180220,9.759705E-07
0,180230,9.758537E-07
0,180240,9.75737E-07
0,180250,9.756202E-07
0,180260,9.755034E-07
0,180270,9.753868E-07
0,180280,9.752702E-07
0,180290,9.751534E-07
0,180300,9.750368E-07
0,180310,9.749201E-07
0,180320,9.748035E-07
0,180330,9.746869E-07
0,180340,9.745703E-07
0,180350,9.744537E-07
0,180360,9.743371E-07
0,180370,9.742206E-07
0,180380,9.741041E-07
0,180390,9.739875E-07
0,180400,9.73871E-07
0,180410,9.737545E-07
0,180420,9.73638E-07
0,180430,9.735215E-07
0,180440,9.73405E-07
0,180450,9.732886E-07
0,180460,9.731722E-07
0,180470,9.730558E-07
0,180480,9.729393E-07
0,180490,9.728229E-07
0,180500,9.727066E-07
0,180510,9.725902E-07
0,180520,9.724739E-07
0,180530,9.723575E-07
0,180540,9.722412E-07
0,180550,9.721249E-07
0,180560,9.720086E-07
0,180570,9.718923E-07
0,180580,9.717761E-07
0,180590,9.716598E-07
0,180600,9.715436E-07
0,180610,9.714273E-07
0,180620,9.713111E-07
0,180630,9.711949E-07
0,180640,9.710787E-07
0,180650,9.709626E-07
0,180660,9.708465E-07
0,180670,9.707303E-07
0,180680,9.706142E-07
0,180690,9.70498E-07
0,180700,9.70382E-07
0,180710,9.702659E-07
0,180720,9.701498E-07
0,180730,9.700337E-07
0,180740,9.699177E-07
0,180750,9.698017E-07
0,180760,9.696856E-07
0,180770,9.695697E-07
0,180780,9.694537E-07
0,180790,9.693377E-07
0,180800,9.692218E-07
0,180810,9.691058E-07
0,180820,9.689899E-07
0,180830,9.688739E-07
0,180840,9.687581E-07
0,180850,9.686421E-07
0,180860,9.685263E-07
0,180870,9.684104E-07
0,180880,9.682946E-07
0,180890,9.681787E-07
0,180900,9.680629E-07
0,180910,9.679471E-07
0,180920,9.678313E-07
0,180930,9.677156E-07
0,180940,9.675997E-07
0,180950,9.67484E-07
0,180960,9.673682E-07
0,180970,9.672525E-07
0,180980,9.671369E-07
0,180990,9.670212E-07
0,181000,9.669054E-07
0,181010,9.667898E-07
0,181020,9.666742E-07
0,181030,9.665584E-07
0,181040,9.664428E-07
0,181050,9.663272E-07
0,181060,9.662116E-07
0,181070,9.660961E-07
0,181080,9.659805E-07
0,181090,9.65865E-07
0,181100,9.657493E-07
0,181110,9.656338E-07
0,181120,9.655183E-07
0,181130,9.654028E-07
0,181140,9.652873E-07
0,181150,9.651719E-07
0,181160,9.650564E-07
0,181170,9.649409E-07
0,181180,9.648255E-07
0,181190,9.647101E-07
0,181200,9.645947E-07
0,181210,9.644793E-07
0,181220,9.64364E-07
0,181230,9.642486E-07
0,181240,9.641332E-07
0,181250,9.640179E-07
0,181260,9.639025E-07
0,181270,9.637872E-07
0,181280,9.636719E-07
0,181290,9.635567E-07
0,181300,9.634414E-07
0,181310,9.633261E-07
0,181320,9.632109E-07
0,181330,9.630957E-07
0,181340,9.629805E-07
0,181350,9.628652E-07
0,181360,9.6275E-07
0,181370,9.626349E-07
0,181380,9.625197E-07
0,181390,9.624046E-07
0,181400,9.622895E-07
0,181410,9.621743E-07
0,181420,9.620593E-07
0,181430,9.619441E-07
0,181440,9.618291E-07
0,181450,9.61714E-07
0,181460,9.61599E-07
0,181470,9.614839E-07
0,181480,9.613689E-07
0,181490,9.612539E-07
0,181500,9.611389E-07
0,181510,9.610239E-07
0,181520,9.60909E-07
0,181530,9.607941E-07
0,181540,9.606791E-07
0,181550,9.605642E-07
0,181560,9.604493E-07
0,181570,9.603343E-07
0,181580,9.602195E-07
0,181590,9.601046E-07
0,181600,9.599897E-07
0,181610,9.598749E-07
0,181620,9.597601E-07
0,181630,9.596453E-07
0,181640,9.595304E-07
0,181650,9.594156E-07
0,181660,9.593009E-07
0,181670,9.591861E-07
0,181680,9.590714E-07
0,181690,9.589567E-07
0,181700,9.58842E-07
0,181710,9.587272E-07
0,181720,9.586125E-07
0,181730,9.584978E-07
0,181740,9.583832E-07
0,181750,9.582685E-07
0,181760,9.581539E-07
0,181770,9.580393E-07
0,181780,9.579247E-07
0,181790,9.578101E-07
0,181800,9.576955E-07
0,181810,9.575809E-07
0,181820,9.574663E-07
0,181830,9.573519E-07
0,181840,9.572374E-07
0,181850,9.571228E-07
0,181860,9.570083E-07
0,181870,9.568938E-07
0,181880,9.567793E-07
0,181890,9.566648E-07
0,181900,9.565505E-07
0,181910,9.56436E-07
0,181920,9.563216E-07
0,181930,9.562071E-07
0,181940,9.560928E-07
0,181950,9.559784E-07
0,181960,9.55864E-07
0,181970,9.557497E-07
0,181980,9.556354E-07
0,181990,9.55521E-07
0,182000,9.554068E-07
0,182010,9.552924E-07
0,182020,9.551782E-07
0,182030,9.550639E-07
0,182040,9.549497E-07
0,182050,9.548354E-07
0,182060,9.547213E-07
0,182070,9.54607E-07
0,182080,9.544927E-07
0,182090,9.543786E-07
0,182100,9.542645E-07
0,182110,9.541503E-07
0,182120,9.540362E-07
0,182130,9.53922E-07
0,182140,9.538079E-07
0,182150,9.536938E-07
0,182160,9.5357973E-07
0,182170,9.5346564E-07
0,182180,9.5335156E-07
0,182190,9.5323753E-07
0,182200,9.531235E-07
0,182210,9.530095E-07
0,182220,9.5289545E-07
0,182230,9.527815E-07
0,182240,9.526675E-07
0,182250,9.5255353E-07
0,182260,9.5243956E-07
0,182270,9.5232565E-07
0,182280,9.522117E-07
0,182290,9.520978E-07
0,182300,9.519839E-07
0,182310,9.5187E-07
0,182320,9.5175614E-07
0,182330,9.516423E-07
0,182340,9.515284E-07
0,182350,9.514146E-07
0,182360,9.513008E-07
0,182370,9.51187E-07
0,182380,9.510732E-07
0,182390,9.509594E-07
0,182400,9.508457E-07
0,182410,9.5073193E-07
0,182420,9.506182E-07
0,182430,9.5050444E-07
0,182440,9.5039076E-07
0,182450,9.5027707E-07
0,182460,9.501634E-07
0,182470,9.500497E-07
0,182480,9.4993607E-07
0,182490,9.4982244E-07
0,182500,9.497088E-07
0,182510,9.495952E-07
0,182520,9.494816E-07
0,182530,9.4936803E-07
0,182540,9.4925446E-07
0,182550,9.491409E-07
0,182560,9.490273E-07
0,182570,9.489138E-07
0,182580,9.488003E-07
0,182590,9.4868676E-07
0,182600,9.485733E-07
0,182610,9.4845984E-07
0,182620,9.483463E-07
0,182630,9.482329E-07
0,182640,9.4811946E-07
0,182650,9.4800606E-07
0,182660,9.4789266E-07
0,182670,9.4777926E-07
0,182680,9.4766585E-07
0,182690,9.475525E-07
0,182700,9.4743916E-07
0,182710,9.473258E-07
0,182720,9.4721247E-07
0,182730,9.470992E-07
0,182740,9.4698584E-07
0,182750,9.4687255E-07
0,182760,9.467593E-07
0,182770,9.46646E-07
0,182780,9.465328E-07
0,182790,9.4641956E-07
0,182800,9.4630633E-07
0,182810,9.4619315E-07
0,182820,9.460799E-07
0,182830,9.4596675E-07
0,182840,9.458536E-07
0,182850,9.4574045E-07
0,182860,9.4562733E-07
0,182870,9.455142E-07
0,182880,9.454011E-07
0,182890,9.45288E-07
0,182900,9.451749E-07
0,182910,9.4506186E-07
0,182920,9.449488E-07
0,182930,9.4483573E-07
0,182940,9.4472273E-07
0,182950,9.4460967E-07
0,182960,9.444967E-07
0,182970,9.443837E-07
0,182980,9.442707E-07
0,182990,9.4415776E-07
0,183000,9.440448E-07
0,183010,9.4393187E-07
0,183020,9.43819E-07
0,183030,9.437061E-07
0,183040,9.4359314E-07
0,183050,9.434803E-07
0,183060,9.433674E-07
0,183070,9.432546E-07
0,183080,9.4314174E-07
0,183090,9.430289E-07
0,183100,9.429161E-07
0,183110,9.428033E-07
0,183120,9.426905E-07
0,183130,9.4257774E-07
0,183140,9.4246496E-07
0,183150,9.4235224E-07
0,183160,9.4223947E-07
0,183170,9.4212675E-07
0,183180,9.420141E-07
0,183190,9.4190136E-07
0,183200,9.417887E-07
0,183210,9.4167603E-07
0,183220,9.4156337E-07
0,183230,9.4145076E-07
0,183240,9.413381E-07
0,183250,9.412255E-07
0,183260,9.411129E-07
0,183270,9.4100034E-07
0,183280,9.4088773E-07
0,183290,9.407752E-07
0,183300,9.4066263E-07
0,183310,9.4055014E-07
0,183320,9.404376E-07
0,183330,9.403251E-07
0,183340,9.402126E-07
0,183350,9.4010016E-07
0,183360,9.399877E-07
0,183370,9.3987524E-07
0,183380,9.397628E-07
0,183390,9.3965036E-07
0,183400,9.39538E-07
0,183410,9.3942555E-07
0,183420,9.3931317E-07
0,183430,9.3920085E-07
0,183440,9.3908847E-07
0,183450,9.3897614E-07
0,183460,9.388638E-07
0,183470,9.387515E-07
0,183480,9.386392E-07
0,183490,9.385269E-07
0,183500,9.3841464E-07
0,183510,9.383024E-07
0,183520,9.381901E-07
0,183530,9.380779E-07
0,183540,9.3796564E-07
0,183550,9.3785343E-07
0,183560,9.377413E-07
0,183570,9.3762907E-07
0,183580,9.375169E-07
0,183590,9.3740476E-07
0,183600,9.372926E-07
0,183610,9.3718046E-07
0,183620,9.3706836E-07
0,183630,9.3695627E-07
0,183640,9.368442E-07
0,183650,9.3673214E-07
0,183660,9.3662004E-07
0,183670,9.36508E-07
0,183680,9.3639596E-07
0,183690,9.36284E-07
0,183700,9.3617194E-07
0,183710,9.3605996E-07
0,183720,9.35948E-07
0,183730,9.35836E-07
0,183740,9.357241E-07
0,183750,9.3561215E-07
0,183760,9.3550017E-07
0,183770,9.353883E-07
0,183780,9.352764E-07
0,183790,9.351645E-07
0,183800,9.3505264E-07
0,183810,9.349408E-07
0,183820,9.348289E-07
0,183830,9.347171E-07
0,183840,9.346053E-07
0,183850,9.3449347E-07
0,183860,9.3438166E-07
0,183870,9.342699E-07
0,183880,9.3415815E-07
0,183890,9.340464E-07
0,183900,9.3393464E-07
0,183910,9.3382295E-07
0,183920,9.337112E-07
0,183930,9.335995E-07
0,183940,9.334878E-07
0,183950,9.3337616E-07
0,183960,9.332645E-07
0,183970,9.331529E-07
0,183980,9.3304124E-07
0,183990,9.329296E-07
0,184000,9.32818E-07
0,184010,9.327064E-07
0,184020,9.3259484E-07
0,184030,9.3248326E-07
0,184040,9.3237173E-07
0,184050,9.3226015E-07
0,184060,9.321486E-07
0,184070,9.3203715E-07
0,184080,9.319256E-07
0,184090,9.3181416E-07
0,184100,9.317027E-07
0,184110,9.315912E-07
0,184120,9.314798E-07
0,184130,9.3136833E-07
0,184140,9.312569E-07
0,184150,9.311455E-07
0,184160,9.3103415E-07
0,184170,9.3092274E-07
0,184180,9.308114E-07
0,184190,9.307E-07
0,184200,9.305887E-07
0,184210,9.3047737E-07
0,184220,9.3036607E-07
0,184230,9.3025477E-07
0,184240,9.3014347E-07
0,184250,9.3003223E-07
0,184260,9.2992093E-07
0,184270,9.298097E-07
0,184280,9.296985E-07
0,184290,9.2958726E-07
0,184300,9.294761E-07
0,184310,9.293649E-07
0,184320,9.292537E-07
0,184330,9.291425E-07
0,184340,9.290314E-07
0,184350,9.2892026E-07
0,184360,9.2880913E-07
0,184370,9.28698E-07
0,184380,9.2858687E-07
0,184390,9.284758E-07
0,184400,9.283647E-07
0,184410,9.2825366E-07
0,184420,9.2814264E-07
0,184430,9.280316E-07
0,184440,9.279206E-07
0,184450,9.278096E-07
0,184460,9.276986E-07
0,184470,9.275876E-07
0,184480,9.2747666E-07
0,184490,9.273657E-07
0,184500,9.2725475E-07
0,184510,9.2714384E-07
0,184520,9.270329E-07
0,184530,9.26922E-07
0,184540,9.2681114E-07
0,184550,9.2670024E-07
0,184560,9.265894E-07
0,184570,9.2647855E-07
0,184580,9.263677E-07
0,184590,9.262569E-07
0,184600,9.261461E-07
0,184610,9.260353E-07
0,184620,9.259245E-07
0,184630,9.2581377E-07
0,184640,9.25703E-07
0,184650,9.2559225E-07
0,184660,9.254815E-07
0,184670,9.2537084E-07
0,184680,9.252601E-07
0,184690,9.2514944E-07
0,184700,9.2503876E-07
0,184710,9.249281E-07
0,184720,9.2481747E-07
0,184730,9.247068E-07
0,184740,9.245962E-07
0,184750,9.2448556E-07
0,184760,9.24375E-07
0,184770,9.242644E-07
0,184780,9.241538E-07
0,184790,9.2404326E-07
0,184800,9.2393276E-07
0,184810,9.238222E-07
0,184820,9.237117E-07
0,184830,9.236012E-07
0,184840,9.234907E-07
0,184850,9.2338024E-07
0,184860,9.232698E-07
0,184870,9.2315935E-07
0,184880,9.230489E-07
0,184890,9.2293845E-07
0,184900,9.2282806E-07
0,184910,9.227177E-07
0,184920,9.226073E-07
0,184930,9.224969E-07
0,184940,9.2238656E-07
0,184950,9.2227623E-07
0,184960,9.221659E-07
0,184970,9.2205556E-07
0,184980,9.2194523E-07
0,184990,9.2183495E-07
0,185000,9.217247E-07
0,185010,9.216144E-07
0,185020,9.215042E-07
0,185030,9.213939E-07
0,185040,9.212837E-07
0,185050,9.2117347E-07
0,185060,9.210633E-07
0,185070,9.209531E-07
0,185080,9.208429E-07
0,185090,9.2073276E-07
0,185100,9.2062265E-07
0,185110,9.205125E-07
0,185120,9.204024E-07
0,185130,9.202923E-07
0,185140,9.201822E-07
0,185150,9.200721E-07
0,185160,9.19962E-07
0,185170,9.1985197E-07
0,185180,9.197419E-07
0,185190,9.1963193E-07
0,185200,9.195219E-07
0,185210,9.194119E-07
0,185220,9.193019E-07
0,185230,9.1919196E-07
0,185240,9.1908197E-07
0,185250,9.1897203E-07
0,185260,9.188621E-07
0,185270,9.1875216E-07
0,185280,9.186423E-07
0,185290,9.1853235E-07
0,185300,9.184225E-07
0,185310,9.183126E-07
0,185320,9.182028E-07
0,185330,9.180929E-07
0,185340,9.179831E-07
0,185350,9.1787325E-07
0,185360,9.177635E-07
0,185370,9.1765367E-07
0,185380,9.175439E-07
0,185390,9.1743414E-07
0,185400,9.1732437E-07
0,185410,9.1721466E-07
0,185420,9.171049E-07
0,185430,9.169952E-07
0,185440,9.1688554E-07
0,185450,9.1677583E-07
0,185460,9.166662E-07
0,185470,9.165565E-07
0,185480,9.164468E-07
0,185490,9.163372E-07
0,185500,9.162276E-07
0,185510,9.16118E-07
0,185520,9.160084E-07
0,185530,9.158988E-07
0,185540,9.1578926E-07
0,185550,9.156797E-07
0,185560,9.155701E-07
0,185570,9.1546065E-07
0,185580,9.153511E-07
0,185590,9.152416E-07
0,185600,9.1513215E-07
0,185610,9.1502267E-07
0,185620,9.149132E-07
0,185630,9.148037E-07
0,185640,9.146943E-07
0,185650,9.1458486E-07
0,185660,9.1447544E-07
0,185670,9.1436607E-07
0,185680,9.142567E-07
0,185690,9.1414734E-07
0,185700,9.1403797E-07
0,185710,9.139286E-07
0,185720,9.138193E-07
0,185730,9.1371E-07
0,185740,9.136007E-07
0,185750,9.1349136E-07
0,185760,9.133821E-07
0,185770,9.132728E-07
0,185780,9.1316355E-07
0,185790,9.1305435E-07
0,185800,9.129451E-07
0,185810,9.128359E-07
0,185820,9.127267E-07
0,185830,9.126175E-07
0,185840,9.125083E-07
0,185850,9.123992E-07
0,185860,9.1229003E-07
0,185870,9.121809E-07
0,185880,9.1207176E-07
0,185890,9.119626E-07
0,185900,9.1185353E-07
0,185910,9.1174445E-07
0,185920,9.1163537E-07
0,185930,9.1152634E-07
0,185940,9.1141726E-07
0,185950,9.1130823E-07
0,185960,9.1119927E-07
0,185970,9.1109024E-07
0,185980,9.109812E-07
0,185990,9.1087225E-07
0,186000,9.107633E-07
0,186010,9.1065436E-07
0,186020,9.105454E-07
0,186030,9.104365E-07
0,186040,9.1032757E-07
0,186050,9.1021866E-07
0,186060,9.1010975E-07
0,186070,9.100009E-07
0,186080,9.0989204E-07
0,186090,9.097832E-07
0,186100,9.096743E-07
0,186110,9.0956553E-07
0,186120,9.0945673E-07
0,186130,9.0934793E-07
0,186140,9.0923913E-07
0,186150,9.091304E-07
0,186160,9.090216E-07
0,186170,9.0891285E-07
0,186180,9.088041E-07
0,186190,9.086954E-07
0,186200,9.085867E-07
0,186210,9.08478E-07
0,186220,9.083693E-07
0,186230,9.082607E-07
0,186240,9.08152E-07
0,186250,9.080434E-07
0,186260,9.0793475E-07
0,186270,9.078261E-07
0,186280,9.0771755E-07
0,186290,9.076089E-07
0,186300,9.0750035E-07
0,186310,9.073918E-07
0,186320,9.0728327E-07
0,186330,9.071747E-07
0,186340,9.070662E-07
0,186350,9.0695767E-07
0,186360,9.068492E-07
0,186370,9.067407E-07
0,186380,9.0663224E-07
0,186390,9.065238E-07
0,186400,9.064153E-07
0,186410,9.063069E-07
0,186420,9.0619847E-07
0,186430,9.0609007E-07
0,186440,9.0598166E-07
0,186450,9.058733E-07
0,186460,9.057649E-07
0,186470,9.056566E-07
0,186480,9.0554823E-07
0,186490,9.054399E-07
0,186500,9.053316E-07
0,186510,9.0522326E-07
0,186520,9.05115E-07
0,186530,9.050067E-07
0,186540,9.0489846E-07
0,186550,9.0479017E-07
0,186560,9.0468194E-07
0,186570,9.045737E-07
0,186580,9.0446554E-07
0,186590,9.043573E-07
0,186600,9.0424913E-07
0,186610,9.0414096E-07
0,186620,9.040328E-07
0,186630,9.039247E-07
0,186640,9.038165E-07
0,186650,9.037084E-07
0,186660,9.0360027E-07
0,186670,9.034922E-07
0,186680,9.033841E-07
0,186690,9.0327603E-07
0,186700,9.03168E-07
0,186710,9.030599E-07
0,186720,9.029519E-07
0,186730,9.028439E-07
0,186740,9.027359E-07
0,186750,9.026279E-07
0,186760,9.025199E-07
0,186770,9.0241195E-07
0,186780,9.02304E-07
0,186790,9.0219606E-07
0,186800,9.020881E-07
0,186810,9.0198023E-07
0,186820,9.018723E-07
0,186830,9.017644E-07
0,186840,9.016565E-07
0,186850,9.015487E-07
0,186860,9.0144084E-07
0,186870,9.01333E-07
0,186880,9.012252E-07
0,186890,9.0111735E-07
0,186900,9.0100957E-07
0,186910,9.0090174E-07
0,186920,9.0079396E-07
0,186930,9.0068625E-07
0,186940,9.0057847E-07
0,186950,9.0047075E-07
0,186960,9.0036303E-07
0,186970,9.002553E-07
0,186980,9.001476E-07
0,186990,9.0003994E-07
0,187000,8.999323E-07
0,187010,8.998246E-07
0,187020,8.9971695E-07
0,187030,8.9960935E-07
0,187040,8.995017E-07
0,187050,8.993941E-07
0,187060,8.9928653E-07
0,187070,8.9917893E-07
0,187080,8.990714E-07
0,187090,8.9896383E-07
0,187100,8.988563E-07
0,187110,8.9874874E-07
0,187120,8.9864125E-07
0,187130,8.985337E-07
0,187140,8.984262E-07
0,187150,8.983188E-07
0,187160,8.982113E-07
0,187170,8.9810385E-07
0,187180,8.979964E-07
0,187190,8.97889E-07
0,187200,8.9778155E-07
0,187210,8.9767417E-07
0,187220,8.975668E-07
0,187230,8.974594E-07
0,187240,8.9735204E-07
0,187250,8.972447E-07
0,187260,8.9713734E-07
0,187270,8.9703E-07
0,187280,8.969227E-07
0,187290,8.9681544E-07
0,187300,8.967081E-07
0,187310,8.9660085E-07
0,187320,8.964936E-07
0,187330,8.963864E-07
0,187340,8.962791E-07
0,187350,8.961719E-07
0,187360,8.960647E-07
0,187370,8.959575E-07
0,187380,8.9585035E-07
0,187390,8.9574314E-07
0,187400,8.95636E-07
0,187410,8.9552884E-07
0,187420,8.9542175E-07
0,187430,8.953146E-07
0,187440,8.952075E-07
0,187450,8.951004E-07
0,187460,8.949933E-07
0,187470,8.948863E-07
0,187480,8.947792E-07
0,187490,8.9467216E-07
0,187500,8.945652E-07
0,187510,8.9445814E-07
0,187520,8.943511E-07
0,187530,8.942441E-07
0,187540,8.9413714E-07
0,187550,8.940302E-07
0,187560,8.9392324E-07
0,187570,8.938163E-07
0,187580,8.937094E-07
0,187590,8.936025E-07
0,187600,8.9349555E-07
0,187610,8.933887E-07
0,187620,8.932818E-07
0,187630,8.9317496E-07
0,187640,8.930681E-07
0,187650,8.929613E-07
0,187660,8.928544E-07
0,187670,8.927476E-07
0,187680,8.9264086E-07
0,187690,8.9253405E-07
0,187700,8.924273E-07
0,187710,8.923205E-07
0,187720,8.922138E-07
0,187730,8.9210704E-07
0,187740,8.920003E-07
0,187750,8.918936E-07
0,187760,8.917869E-07
0,187770,8.916802E-07
0,187780,8.9157356E-07
0,187790,8.914669E-07
0,187800,8.9136023E-07
0,187810,8.9125365E-07
0,187820,8.91147E-07
0,187830,8.910404E-07
0,187840,8.909338E-07
0,187850,8.908272E-07
0,187860,8.907206E-07
0,187870,8.906141E-07
0,187880,8.905076E-07
0,187890,8.9040105E-07
0,187900,8.9029453E-07
0,187910,8.90188E-07
0,187920,8.9008154E-07
0,187930,8.89975E-07
0,187940,8.8986855E-07
0,187950,8.8976213E-07
0,187960,8.8965567E-07
0,187970,8.8954926E-07
0,187980,8.8944284E-07
0,187990,8.8933643E-07
0,188000,8.8923E-07
0,188010,8.8912367E-07
0,188020,8.890173E-07
0,188030,8.8891096E-07
0,188040,8.888046E-07
0,188050,8.886983E-07
0,188060,8.8859196E-07
0,188070,8.8848566E-07
0,188080,8.8837936E-07
0,188090,8.882731E-07
0,188100,8.881668E-07
0,188110,8.880606E-07
0,188120,8.8795434E-07
0,188130,8.878481E-07
0,188140,8.877419E-07
0,188150,8.8763574E-07
0,188160,8.8752955E-07
0,188170,8.8742337E-07
0,188180,8.873172E-07
0,188190,8.8721106E-07
0,188200,8.8710493E-07
0,188210,8.869988E-07
0,188220,8.868927E-07
0,188230,8.867866E-07
0,188240,8.866805E-07
0,188250,8.865744E-07
0,188260,8.8646834E-07
0,188270,8.8636233E-07
0,188280,8.862563E-07
0,188290,8.8615025E-07
0,188300,8.8604423E-07
0,188310,8.859383E-07
0,188320,8.8583226E-07
0,188330,8.857263E-07
0,188340,8.8562035E-07
0,188350,8.855144E-07
0,188360,8.854085E-07
0,188370,8.8530254E-07
0,188380,8.8519664E-07
0,188390,8.8509074E-07
0,188400,8.8498484E-07
0,188410,8.84879E-07
0,188420,8.8477316E-07
0,188430,8.846673E-07
0,188440,8.845615E-07
0,188450,8.8445563E-07
0,188460,8.8434984E-07
0,188470,8.8424406E-07
0,188480,8.841383E-07
0,188490,8.840325E-07
0,188500,8.8392676E-07
0,188510,8.8382103E-07
0,188520,8.837153E-07
0,188530,8.836096E-07
0,188540,8.8350384E-07
0,188550,8.833982E-07
0,188560,8.832925E-07
0,188570,8.8318683E-07
0,188580,8.8308116E-07
0,188590,8.8297554E-07
0,188600,8.8286987E-07
0,188610,8.8276425E-07
0,188620,8.826587E-07
0,188630,8.825531E-07
0,188640,8.824475E-07
0,188650,8.8234196E-07
0,188660,8.822364E-07
0,188670,8.8213085E-07
0,188680,8.820253E-07
0,188690,8.819198E-07
0,188700,8.818143E-07
0,188710,8.817088E-07
0,188720,8.8160334E-07
0,188730,8.8149784E-07
0,188740,8.813924E-07
0,188750,8.8128695E-07
0,188760,8.8118156E-07
0,188770,8.810761E-07
0,188780,8.8097073E-07
0,188790,8.8086534E-07
0,188800,8.8075996E-07
0,188810,8.806546E-07
0,188820,8.8054924E-07
0,188830,8.804439E-07
0,188840,8.803386E-07
0,188850,8.802333E-07
0,188860,8.8012797E-07
0,188870,8.800227E-07
0,188880,8.799174E-07
0,188890,8.7981215E-07
0,188900,8.797069E-07
0,188910,8.7960166E-07
0,188920,8.7949644E-07
0,188930,8.793912E-07
0,188940,8.79286E-07
0,188950,8.7918085E-07
0,188960,8.790757E-07
0,188970,8.789705E-07
0,188980,8.7886536E-07
0,188990,8.787602E-07
0,189000,8.786551E-07
0,189010,8.7855E-07
0,189020,8.784449E-07
0,189030,8.783398E-07
0,189040,8.782347E-07
0,189050,8.7812964E-07
0,189060,8.780246E-07
0,189070,8.7791955E-07
0,189080,8.7781456E-07
0,189090,8.777095E-07
0,189100,8.776045E-07
0,189110,8.7749953E-07
0,189120,8.773946E-07
0,189130,8.772896E-07
0,189140,8.771847E-07
0,189150,8.7707974E-07
0,189160,8.769748E-07
0,189170,8.768699E-07
0,189180,8.76765E-07
0,189190,8.766601E-07
0,189200,8.7655525E-07
0,189210,8.764504E-07
0,189220,8.7634555E-07
0,189230,8.762407E-07
0,189240,8.7613586E-07
0,189250,8.7603104E-07
0,189260,8.759263E-07
0,189270,8.7582146E-07
0,189280,8.757167E-07
0,189290,8.7561193E-07
0,189300,8.7550717E-07
0,189310,8.7540246E-07
0,189320,8.7529776E-07
0,189330,8.7519305E-07
0,189340,8.7508835E-07
0,189350,8.7498364E-07
0,189360,8.74879E-07
0,189370,8.747743E-07
0,189380,8.7466964E-07
0,189390,8.7456505E-07
0,189400,8.744604E-07
0,189410,8.743558E-07
0,189420,8.742512E-07
0,189430,8.741466E-07
0,189440,8.7404203E-07
0,189450,8.739375E-07
0,189460,8.738329E-07
0,189470,8.7372837E-07
0,189480,8.736239E-07
0,189490,8.7351935E-07
0,189500,8.734149E-07
0,189510,8.733104E-07
0,189520,8.732059E-07
0,189530,8.7310144E-07
0,189540,8.72997E-07
0,189550,8.7289254E-07
0,189560,8.727881E-07
0,189570,8.7268376E-07
0,189580,8.7257934E-07
0,189590,8.7247497E-07
0,189600,8.7237055E-07
0,189610,8.7226624E-07
0,189620,8.721619E-07
0,189630,8.720575E-07
0,189640,8.719532E-07
0,189650,8.718489E-07
0,189660,8.717446E-07
0,189670,8.7164034E-07
0,189680,8.7153603E-07
0,189690,8.714318E-07
0,189700,8.7132753E-07
0,189710,8.712233E-07
0,189720,8.711191E-07
0,189730,8.710149E-07
0,189740,8.709107E-07
0,189750,8.708065E-07
0,189760,8.707023E-07
0,189770,8.7059817E-07
0,189780,8.70494E-07
0,189790,8.7038984E-07
0,189800,8.7028576E-07
0,189810,8.701816E-07
0,189820,8.7007754E-07
0,189830,8.6997346E-07
0,189840,8.698694E-07
0,189850,8.697653E-07
0,189860,8.696613E-07
0,189870,8.6955725E-07
0,189880,8.6945323E-07
0,189890,8.693492E-07
0,189900,8.692452E-07
0,189910,8.691412E-07
0,189920,8.6903725E-07
0,189930,8.689333E-07
0,189940,8.688293E-07
0,189950,8.687254E-07
0,189960,8.6862144E-07
0,189970,8.6851753E-07
0,189980,8.684137E-07
0,189990,8.6830977E-07
0,190000,8.682059E-07
0,190010,8.68102E-07
0,190020,8.679982E-07
0,190030,8.6789436E-07
0,190040,8.677905E-07
0,190050,8.676867E-07
0,190060,8.675829E-07
0,190070,8.674791E-07
0,190080,8.673753E-07
0,190090,8.672716E-07
0,190100,8.6716784E-07
0,190110,8.670641E-07
0,190120,8.6696036E-07
0,190130,8.668567E-07
0,190140,8.6675294E-07
0,190150,8.6664926E-07
0,190160,8.665456E-07
0,190170,8.6644195E-07
0,190180,8.6633827E-07
0,190190,8.6623464E-07
0,190200,8.66131E-07
0,190210,8.660274E-07
0,190220,8.659238E-07
0,190230,8.658202E-07
0,190240,8.6571663E-07
0,190250,8.6561306E-07
0,190260,8.655095E-07
0,190270,8.65406E-07
0,190280,8.6530247E-07
0,190290,8.6519896E-07
0,190300,8.6509544E-07
0,190310,8.6499193E-07
0,190320,8.648885E-07
0,190330,8.64785E-07
0,190340,8.6468157E-07
0,190350,8.645781E-07
0,190360,8.6447466E-07
0,190370,8.6437126E-07
0,190380,8.6426786E-07
0,190390,8.6416446E-07
0,190400,8.640611E-07
0,190410,8.639577E-07
0,190420,8.638544E-07
0,190430,8.6375104E-07
0,190440,8.636477E-07
0,190450,8.635444E-07
0,190460,8.634411E-07
0,190470,8.633378E-07
0,190480,8.632345E-07
0,190490,8.631312E-07
0,190500,8.63028E-07
0,190510,8.6292476E-07
0,190520,8.6282154E-07
0,190530,8.627183E-07
0,190540,8.626151E-07
0,190550,8.625119E-07
0,190560,8.6240874E-07
0,190570,8.6230557E-07
0,190580,8.622024E-07
0,190590,8.620992E-07
0,190600,8.619961E-07
0,190610,8.61893E-07
0,190620,8.617899E-07
0,190630,8.6168683E-07
0,190640,8.615837E-07
0,190650,8.6148066E-07
0,190660,8.613776E-07
0,190670,8.6127454E-07
0,190680,8.611715E-07
0,190690,8.610685E-07
0,190700,8.609655E-07
0,190710,8.608625E-07
0,190720,8.607595E-07
0,190730,8.6065654E-07
0,190740,8.605536E-07
0,190750,8.6045065E-07
0,190760,8.603477E-07
0,190770,8.6024477E-07
0,190780,8.601419E-07
0,190790,8.60039E-07
0,190800,8.599361E-07
0,190810,8.598332E-07
0,190820,8.5973033E-07
0,190830,8.596275E-07
0,190840,8.595247E-07
0,190850,8.5942185E-07
0,190860,8.59319E-07
0,190870,8.5921624E-07
0,190880,8.5911347E-07
0,190890,8.590107E-07
0,190900,8.589079E-07
0,190910,8.5880515E-07
0,190920,8.5870244E-07
0,190930,8.585997E-07
0,190940,8.58497E-07
0,190950,8.583943E-07
0,190960,8.5829157E-07
0,190970,8.581889E-07
0,190980,8.5808625E-07
0,190990,8.579836E-07
0,191000,8.57881E-07
0,191010,8.5777833E-07
0,191020,8.5767573E-07
0,191030,8.575731E-07
0,191040,8.574705E-07
0,191050,8.57368E-07
0,191060,8.572654E-07
0,191070,8.5716283E-07
0,191080,8.570603E-07
0,191090,8.5695774E-07
0,191100,8.5685525E-07
0,191110,8.5675276E-07
0,191120,8.566503E-07
0,191130,8.565478E-07
0,191140,8.564453E-07
0,191150,8.5634287E-07
0,191160,8.5624043E-07
0,191170,8.56138E-07
0,191180,8.5603557E-07
0,191190,8.5593314E-07
0,191200,8.5583076E-07
0,191210,8.557284E-07
0,191220,8.55626E-07
0,191230,8.5552364E-07
0,191240,8.554213E-07
0,191250,8.55319E-07
0,191260,8.552167E-07
0,191270,8.5511437E-07
0,191280,8.5501205E-07
0,191290,8.549098E-07
0,191300,8.548075E-07
0,191310,8.5470526E-07
0,191320,8.54603E-07
0,191330,8.5450074E-07
0,191340,8.5439854E-07
0,191350,8.5429633E-07
0,191360,8.541941E-07
0,191370,8.540919E-07
0,191380,8.539898E-07
0,191390,8.538876E-07
0,191400,8.537855E-07
0,191410,8.5368333E-07
0,191420,8.535812E-07
0,191430,8.534791E-07
0,191440,8.53377E-07
0,191450,8.532749E-07
0,191460,8.531728E-07
0,191470,8.5307073E-07
0,191480,8.529687E-07
0,191490,8.5286666E-07
0,191500,8.5276463E-07
0,191510,8.5266265E-07
0,191520,8.525606E-07
0,191530,8.5245864E-07
0,191540,8.5235666E-07
0,191550,8.522547E-07
0,191560,8.521527E-07
0,191570,8.520508E-07
0,191580,8.5194887E-07
0,191590,8.5184695E-07
0,191600,8.51745E-07
0,191610,8.5164316E-07
0,191620,8.5154124E-07
0,191630,8.514394E-07
0,191640,8.513375E-07
0,191650,8.512357E-07
0,191660,8.5113385E-07
0,191670,8.5103204E-07
0,191680,8.5093023E-07
0,191690,8.508284E-07
0,191700,8.507267E-07
0,191710,8.506249E-07
0,191720,8.505231E-07
0,191730,8.504214E-07
0,191740,8.503197E-07
0,191750,8.5021793E-07
0,191760,8.5011624E-07
0,191770,8.5001454E-07
0,191780,8.4991285E-07
0,191790,8.4981116E-07
0,191800,8.497095E-07
0,191810,8.4960783E-07
0,191820,8.495062E-07
0,191830,8.494046E-07
0,191840,8.49303E-07
0,191850,8.492014E-07
0,191860,8.4909976E-07
0,191870,8.489982E-07
0,191880,8.4889666E-07
0,191890,8.487951E-07
0,191900,8.4869356E-07
0,191910,8.4859204E-07
0,191920,8.484905E-07
0,191930,8.48389E-07
0,191940,8.482875E-07
0,191950,8.4818606E-07
0,191960,8.480846E-07
0,191970,8.4798313E-07
0,191980,8.4788167E-07
0,191990,8.4778026E-07
0,192000,8.4767885E-07
0,192010,8.4757744E-07
0,192020,8.4747603E-07
0,192030,8.473746E-07
0,192040,8.4727327E-07
0,192050,8.471719E-07
0,192060,8.4707057E-07
0,192070,8.469692E-07
0,192080,8.468679E-07
0,192090,8.467666E-07
0,192100,8.4666533E-07
0,192110,8.4656403E-07
0,192120,8.4646274E-07
0,192130,8.463615E-07
0,192140,8.4626026E-07
0,192150,8.46159E-07
0,192160,8.460578E-07
0,192170,8.4595655E-07
0,192180,8.4585537E-07
0,192190,8.457542E-07
0,192200,8.45653E-07
0,192210,8.455518E-07
0,192220,8.454507E-07
0,192230,8.453496E-07
0,192240,8.452484E-07
0,192250,8.451473E-07
0,192260,8.450462E-07
0,192270,8.4494513E-07
0,192280,8.44844E-07
0,192290,8.4474294E-07
0,192300,8.4464193E-07
0,192310,8.4454086E-07
0,192320,8.4443985E-07
0,192330,8.4433884E-07
0,192340,8.4423783E-07
0,192350,8.441368E-07
0,192360,8.440358E-07
0,192370,8.4393486E-07
0,192380,8.438339E-07
0,192390,8.4373295E-07
0,192400,8.43632E-07
0,192410,8.435311E-07
0,192420,8.434302E-07
0,192430,8.433293E-07
0,192440,8.432284E-07
0,192450,8.431275E-07
0,192460,8.4302667E-07
0,192470,8.4292583E-07
0,192480,8.42825E-07
0,192490,8.4272415E-07
0,192500,8.4262336E-07
0,192510,8.425225E-07
0,192520,8.4242174E-07
0,192530,8.4232096E-07
0,192540,8.4222023E-07
0,192550,8.4211945E-07
0,192560,8.420187E-07
0,192570,8.41918E-07
0,192580,8.4181727E-07
0,192590,8.4171654E-07
0,192600,8.416159E-07
0,192610,8.415152E-07
0,192620,8.4141453E-07
0,192630,8.4131386E-07
0,192640,8.412132E-07
0,192650,8.411126E-07
0,192660,8.4101197E-07
0,192670,8.4091135E-07
0,192680,8.4081074E-07
0,192690,8.407102E-07
0,192700,8.4060963E-07
0,192710,8.40509E-07
0,192720,8.404085E-07
0,192730,8.4030796E-07
0,192740,8.402074E-07
0,192750,8.401069E-07
0,192760,8.400064E-07
0,192770,8.399059E-07
0,192780,8.3980547E-07
0,192790,8.3970497E-07
0,192800,8.396045E-07
0,192810,8.395041E-07
0,192820,8.3940364E-07
0,192830,8.3930325E-07
0,192840,8.3920287E-07
0,192850,8.391025E-07
0,192860,8.390021E-07
0,192870,8.389017E-07
0,192880,8.388013E-07
0,192890,8.38701E-07
0,192900,8.3860067E-07
0,192910,8.3850034E-07
0,192920,8.3840007E-07
0,192930,8.3829974E-07
0,192940,8.3819947E-07
0,192950,8.380992E-07
0,192960,8.379989E-07
0,192970,8.378987E-07
0,192980,8.3779844E-07
0,192990,8.376982E-07
0,193000,8.37598E-07
0,193010,8.374978E-07
0,193020,8.3739764E-07
0,193030,8.372974E-07
0,193040,8.3719726E-07
0,193050,8.370971E-07
0,193060,8.36997E-07
0,193070,8.3689685E-07
0,193080,8.3679674E-07
0,193090,8.3669664E-07
0,193100,8.3659654E-07
0,193110,8.3649644E-07
0,193120,8.363964E-07
0,193130,8.3629635E-07
0,193140,8.361963E-07
0,193150,8.3609626E-07
0,193160,8.359962E-07
0,193170,8.3589623E-07
0,193180,8.3579624E-07
0,193190,8.3569626E-07
0,193200,8.3559627E-07
0,193210,8.3549634E-07
0,193220,8.3539635E-07
0,193230,8.352964E-07
0,193240,8.351965E-07
0,193250,8.350966E-07
0,193260,8.349967E-07
0,193270,8.348968E-07
0,193280,8.3479694E-07
0,193290,8.3469706E-07
0,193300,8.345972E-07
0,193310,8.3449737E-07
0,193320,8.3439755E-07
0,193330,8.3429774E-07
0,193340,8.341979E-07
0,193350,8.340981E-07
0,193360,8.3399834E-07
0,193370,8.338986E-07
0,193380,8.337988E-07
0,193390,8.3369906E-07
0,193400,8.3359936E-07
0,193410,8.334996E-07
0,193420,8.333999E-07
0,193430,8.333002E-07
0,193440,8.332005E-07
0,193450,8.3310084E-07
0,193460,8.330012E-07
0,193470,8.3290155E-07
0,193480,8.328019E-07
0,193490,8.3270226E-07
0,193500,8.3260267E-07
0,193510,8.32503E-07
0,193520,8.3240343E-07
0,193530,8.323039E-07
0,193540,8.322043E-07
0,193550,8.321048E-07
0,193560,8.320052E-07
0,193570,8.3190565E-07
0,193580,8.318062E-07
0,193590,8.3170664E-07
0,193600,8.3160717E-07
0,193610,8.315077E-07
0,193620,8.314082E-07
0,193630,8.3130874E-07
0,193640,8.312093E-07
0,193650,8.3110984E-07
0,193660,8.310104E-07
0,193670,8.30911E-07
0,193680,8.3081164E-07
0,193690,8.307122E-07
0,193700,8.3061286E-07
0,193710,8.305135E-07
0,193720,8.3041414E-07
0,193730,8.303148E-07
0,193740,8.3021547E-07
0,193750,8.3011616E-07
0,193760,8.3001686E-07
0,193770,8.2991755E-07
0,193780,8.2981825E-07
0,193790,8.29719E-07
0,193800,8.2961975E-07
0,193810,8.295205E-07
0,193820,8.2942125E-07
0,193830,8.2932206E-07
0,193840,8.292228E-07
0,193850,8.291236E-07
0,193860,8.2902443E-07
0,193870,8.289253E-07
0,193880,8.288261E-07
0,193890,8.2872697E-07
0,193900,8.2862783E-07
0,193910,8.285287E-07
0,193920,8.2842956E-07
0,193930,8.283305E-07
0,193940,8.282314E-07
0,193950,8.2813233E-07
0,193960,8.2803325E-07
0,193970,8.279342E-07
0,193980,8.2783515E-07
0,193990,8.277361E-07
0,194000,8.2763705E-07
0,194010,8.275381E-07
0,194020,8.2743907E-07
0,194030,8.273401E-07
0,194040,8.2724114E-07
0,194050,8.271422E-07
0,194060,8.270432E-07
0,194070,8.2694424E-07
0,194080,8.2684534E-07
0,194090,8.2674643E-07
0,194100,8.266475E-07
0,194110,8.265486E-07
0,194120,8.2644976E-07
0,194130,8.263509E-07
0,194140,8.2625206E-07
0,194150,8.261532E-07
0,194160,8.2605436E-07
0,194170,8.2595557E-07
0,194180,8.258567E-07
0,194190,8.257579E-07
0,194200,8.2565913E-07
0,194210,8.255604E-07
0,194220,8.254616E-07
0,194230,8.2536286E-07
0,194240,8.252641E-07
0,194250,8.251654E-07
0,194260,8.250667E-07
0,194270,8.2496797E-07
0,194280,8.248693E-07
0,194290,8.247706E-07
0,194300,8.24672E-07
0,194310,8.245733E-07
0,194320,8.244747E-07
0,194330,8.2437606E-07
0,194340,8.2427744E-07
0,194350,8.241788E-07
0,194360,8.240802E-07
0,194370,8.239816E-07
0,194380,8.2388306E-07
0,194390,8.237845E-07
0,194400,8.23686E-07
0,194410,8.235874E-07
0,194420,8.234889E-07
0,194430,8.233904E-07
0,194440,8.232919E-07
0,194450,8.231934E-07
0,194460,8.230949E-07
0,194470,8.2299647E-07
0,194480,8.22898E-07
0,194490,8.2279956E-07
0,194500,8.227011E-07
0,194510,8.226027E-07
0,194520,8.225043E-07
0,194530,8.224059E-07
0,194540,8.223075E-07
0,194550,8.2220913E-07
0,194560,8.221108E-07
0,194570,8.2201245E-07
0,194580,8.219141E-07
0,194590,8.218158E-07
0,194600,8.217175E-07
0,194610,8.2161915E-07
0,194620,8.2152087E-07
0,194630,8.214226E-07
0,194640,8.2132436E-07
0,194650,8.212261E-07
0,194660,8.2112786E-07
0,194670,8.2102963E-07
0,194680,8.209314E-07
0,194690,8.208332E-07
0,194700,8.20735E-07
0,194710,8.206368E-07
0,194720,8.205386E-07
0,194730,8.204405E-07
0,194740,8.2034234E-07
0,194750,8.202442E-07
0,194760,8.2014606E-07
0,194770,8.2004794E-07
0,194780,8.1994983E-07
0,194790,8.198518E-07
0,194800,8.1975367E-07
0,194810,8.196556E-07
0,194820,8.1955756E-07
0,194830,8.1945956E-07
0,194840,8.193615E-07
0,194850,8.192635E-07
0,194860,8.1916545E-07
0,194870,8.1906745E-07
0,194880,8.189695E-07
0,194890,8.188715E-07
0,194900,8.187736E-07
0,194910,8.1867563E-07
0,194920,8.185777E-07
0,194930,8.1847975E-07
0,194940,8.1838186E-07
0,194950,8.182839E-07
0,194960,8.1818604E-07
0,194970,8.1808815E-07
0,194980,8.179903E-07
0,194990,8.1789244E-07
0,195000,8.177946E-07
0,195010,8.176968E-07
0,195020,8.1759896E-07
0,195030,8.1750113E-07
0,195040,8.1740336E-07
0,195050,8.173056E-07
0,195060,8.172078E-07
0,195070,8.1711005E-07
0,195080,8.170123E-07
0,195090,8.1691456E-07
0,195100,8.168168E-07
0,195110,8.167191E-07
0,195120,8.166214E-07
0,195130,8.165237E-07
0,195140,8.1642605E-07
0,195150,8.1632834E-07
0,195160,8.162307E-07
0,195170,8.161331E-07
0,195180,8.160354E-07
0,195190,8.159378E-07
0,195200,8.158402E-07
0,195210,8.157426E-07
0,195220,8.15645E-07
0,195230,8.155474E-07
0,195240,8.154499E-07
0,195250,8.1535234E-07
0,195260,8.152548E-07
0,195270,8.1515725E-07
0,195280,8.1505976E-07
0,195290,8.149622E-07
0,195300,8.1486473E-07
0,195310,8.1476725E-07
0,195320,8.146698E-07
0,195330,8.1457233E-07
0,195340,8.144749E-07
0,195350,8.143775E-07
0,195360,8.1428004E-07
0,195370,8.141826E-07
0,195380,8.1408524E-07
0,195390,8.1398787E-07
0,195400,8.138905E-07
0,195410,8.137931E-07
0,195420,8.1369575E-07
0,195430,8.1359843E-07
0,195440,8.1350106E-07
0,195450,8.1340374E-07
0,195460,8.133065E-07
0,195470,8.1320917E-07
0,195480,8.1311185E-07
0,195490,8.130146E-07
0,195500,8.1291734E-07
0,195510,8.128201E-07
0,195520,8.127229E-07
0,195530,8.126256E-07
0,195540,8.125284E-07
0,195550,8.124312E-07
0,195560,8.1233406E-07
0,195570,8.1223686E-07
0,195580,8.121397E-07
0,195590,8.120425E-07
0,195600,8.1194537E-07
0,195610,8.118483E-07
0,195620,8.1175114E-07
0,195630,8.1165405E-07
0,195640,8.1155696E-07
0,195650,8.1145987E-07
0,195660,8.113628E-07
0,195670,8.112657E-07
0,195680,8.1116866E-07
0,195690,8.1107163E-07
0,195700,8.109746E-07
0,195710,8.1087757E-07
0,195720,8.107806E-07
0,195730,8.106836E-07
0,195740,8.105866E-07
0,195750,8.1048967E-07
0,195760,8.103927E-07
0,195770,8.102957E-07
0,195780,8.101988E-07
0,195790,8.101019E-07
0,195800,8.1000496E-07
0,195810,8.0990804E-07
0,195820,8.098112E-07
0,195830,8.097143E-07
0,195840,8.0961746E-07
0,195850,8.095206E-07
0,195860,8.0942374E-07
0,195870,8.0932693E-07
0,195880,8.092301E-07
0,195890,8.0913327E-07
0,195900,8.090365E-07
0,195910,8.089397E-07
0,195920,8.0884297E-07
0,195930,8.0874617E-07
0,195940,8.086494E-07
0,195950,8.0855267E-07
0,195960,8.08456E-07
0,195970,8.0835923E-07
0,195980,8.0826254E-07
0,195990,8.0816585E-07
0,196000,8.0806916E-07
0,196010,8.079725E-07
0,196020,8.0787584E-07
0,196030,8.077792E-07
0,196040,8.0768257E-07
0,196050,8.0758593E-07
0,196060,8.0748936E-07
0,196070,8.073927E-07
0,196080,8.0729615E-07
0,196090,8.0719957E-07
0,196100,8.0710305E-07
0,196110,8.070065E-07
0,196120,8.0690995E-07
0,196130,8.068134E-07
0,196140,8.067169E-07
0,196150,8.066204E-07
0,196160,8.065239E-07
0,196170,8.064274E-07
0,196180,8.0633095E-07
0,196190,8.062345E-07
0,196200,8.06138E-07
0,196210,8.060416E-07
0,196220,8.0594515E-07
0,196230,8.0584874E-07
0,196240,8.0575234E-07
0,196250,8.0565593E-07
0,196260,8.055596E-07
0,196270,8.0546323E-07
0,196280,8.053668E-07
0,196290,8.0527053E-07
0,196300,8.051742E-07
0,196310,8.0507783E-07
0,196320,8.0498154E-07
0,196330,8.0488525E-07
0,196340,8.0478895E-07
0,196350,8.0469266E-07
0,196360,8.045964E-07
0,196370,8.045002E-07
0,196380,8.044039E-07
0,196390,8.043077E-07
0,196400,8.042115E-07
0,196410,8.0411525E-07
0,196420,8.0401907E-07
0,196430,8.039229E-07
0,196440,8.038267E-07
0,196450,8.037306E-07
0,196460,8.036344E-07
0,196470,8.035383E-07
0,196480,8.0344216E-07
0,196490,8.0334604E-07
0,196500,8.032499E-07
0,196510,8.0315385E-07
0,196520,8.0305773E-07
0,196530,8.0296167E-07
0,196540,8.0286566E-07
0,196550,8.027696E-07
0,196560,8.026735E-07
0,196570,8.025775E-07
0,196580,8.024815E-07
0,196590,8.023855E-07
0,196600,8.0228955E-07
0,196610,8.0219354E-07
0,196620,8.020976E-07
0,196630,8.0200164E-07
0,196640,8.019057E-07
0,196650,8.018098E-07
0,196660,8.0171384E-07
0,196670,8.0161794E-07
0,196680,8.0152205E-07
0,196690,8.0142615E-07
0,196700,8.0133026E-07
0,196710,8.012344E-07
0,196720,8.011386E-07
0,196730,8.0104275E-07
0,196740,8.009469E-07
0,196750,8.0085107E-07
0,196760,8.007553E-07
0,196770,8.006595E-07
0,196780,8.005637E-07
0,196790,8.0046794E-07
0,196800,8.0037216E-07
0,196810,8.0027644E-07
0,196820,8.001807E-07
0,196830,8.00085E-07
0,196840,7.9998927E-07
0,196850,7.9989354E-07
0,196860,7.997979E-07
0,196870,7.997022E-07
0,196880,7.9960654E-07
0,196890,7.995109E-07
0,196900,7.994152E-07
0,196910,7.993196E-07
0,196920,7.99224E-07
0,196930,7.991284E-07
0,196940,7.9903276E-07
0,196950,7.9893715E-07
0,196960,7.988416E-07
0,196970,7.9874604E-07
0,196980,7.986505E-07
0,196990,7.9855494E-07
0,197000,7.9845944E-07
0,197010,7.983639E-07
0,197020,7.982684E-07
0,197030,7.981729E-07
0,197040,7.980774E-07
0,197050,7.9798195E-07
0,197060,7.9788646E-07
0,197070,7.97791E-07
0,197080,7.976956E-07
0,197090,7.9760014E-07
0,197100,7.9750475E-07
0,197110,7.9740937E-07
0,197120,7.9731393E-07
0,197130,7.9721855E-07
0,197140,7.971232E-07
0,197150,7.9702784E-07
0,197160,7.969325E-07
0,197170,7.968372E-07
0,197180,7.9674186E-07
0,197190,7.9664653E-07
0,197200,7.965512E-07
0,197210,7.9645594E-07
0,197220,7.9636067E-07
0,197230,7.962654E-07
0,197240,7.961701E-07
0,197250,7.9607486E-07
0,197260,7.9597964E-07
0,197270,7.9588443E-07
0,197280,7.957892E-07
0,197290,7.95694E-07
0,197300,7.9559885E-07
0,197310,7.9550364E-07
0,197320,7.954085E-07
0,197330,7.953133E-07
0,197340,7.9521817E-07
0,197350,7.9512307E-07
0,197360,7.95028E-07
0,197370,7.949328E-07
0,197380,7.948377E-07
0,197390,7.947427E-07
0,197400,7.946476E-07
0,197410,7.9455253E-07
0,197420,7.944575E-07
0,197430,7.9436245E-07
0,197440,7.942674E-07
0,197450,7.9417237E-07
0,197460,7.940774E-07
0,197470,7.939824E-07
0,197480,7.938874E-07
0,197490,7.937924E-07
0,197500,7.936975E-07
0,197510,7.936025E-07
0,197520,7.935076E-07
0,197530,7.9341265E-07
0,197540,7.933177E-07
0,197550,7.9322285E-07
0,197560,7.931279E-07
0,197570,7.9303305E-07
0,197580,7.929382E-07
0,197590,7.9284337E-07
0,197600,7.927485E-07
0,197610,7.926537E-07
0,197620,7.9255886E-07
0,197630,7.9246405E-07
0,197640,7.9236924E-07
0,197650,7.922744E-07
0,197660,7.9217966E-07
0,197670,7.920849E-07
0,197680,7.9199015E-07
0,197690,7.918954E-07
0,197700,7.9180063E-07
0,197710,7.9170593E-07
0,197720,7.916112E-07
0,197730,7.915165E-07
0,197740,7.914218E-07
0,197750,7.913272E-07
0,197760,7.912325E-07
0,197770,7.9113784E-07
0,197780,7.910432E-07
0,197790,7.9094855E-07
0,197800,7.9085396E-07
0,197810,7.907593E-07
0,197820,7.906647E-07
0,197830,7.9057014E-07
0,197840,7.904756E-07
0,197850,7.90381E-07
0,197860,7.902865E-07
0,197870,7.901919E-07
0,197880,7.900974E-07
0,197890,7.900029E-07
0,197900,7.8990837E-07
0,197910,7.898139E-07
0,197920,7.897194E-07
0,197930,7.8962495E-07
0,197940,7.895305E-07
0,197950,7.89436E-07
0,197960,7.893416E-07
0,197970,7.8924717E-07
0,197980,7.8915275E-07
0,197990,7.8905833E-07
0,198000,7.889639E-07
0,198010,7.8886956E-07
0,198020,7.887752E-07
0,198030,7.8868084E-07
0,198040,7.885865E-07
0,198050,7.884921E-07
0,198060,7.883978E-07
0,198070,7.883035E-07
0,198080,7.882092E-07
0,198090,7.881149E-07
0,198100,7.880206E-07
0,198110,7.8792635E-07
0,198120,7.878321E-07
0,198130,7.8773786E-07
0,198140,7.876436E-07
0,198150,7.8754937E-07
0,198160,7.874552E-07
0,198170,7.87361E-07
0,198180,7.872668E-07
0,198190,7.871726E-07
0,198200,7.870784E-07
0,198210,7.869843E-07
0,198220,7.868901E-07
0,198230,7.8679597E-07
0,198240,7.867019E-07
0,198250,7.8660776E-07
0,198260,7.865137E-07
0,198270,7.8641955E-07
0,198280,7.863255E-07
0,198290,7.862314E-07
0,198300,7.861374E-07
0,198310,7.860433E-07
0,198320,7.859493E-07
0,198330,7.8585526E-07
0,198340,7.8576124E-07
0,198350,7.856673E-07
0,198360,7.8557326E-07
0,198370,7.854793E-07
0,198380,7.8538534E-07
0,198390,7.852914E-07
0,198400,7.851974E-07
0,198410,7.851035E-07
0,198420,7.850096E-07
0,198430,7.8491564E-07
0,198440,7.848218E-07
0,198450,7.847279E-07
0,198460,7.84634E-07
0,198470,7.8454013E-07
0,198480,7.844463E-07
0,198490,7.8435244E-07
0,198500,7.8425865E-07
0,198510,7.841648E-07
0,198520,7.84071E-07
0,198530,7.839772E-07
0,198540,7.838834E-07
0,198550,7.8378963E-07
0,198560,7.836959E-07
0,198570,7.836021E-07
0,198580,7.8350837E-07
0,198590,7.8341463E-07
0,198600,7.8332096E-07
0,198610,7.832272E-07
0,198620,7.8313354E-07
0,198630,7.8303987E-07
0,198640,7.829462E-07
0,198650,7.828525E-07
0,198660,7.8275883E-07
0,198670,7.826652E-07
0,198680,7.825716E-07
0,198690,7.8247797E-07
0,198700,7.8238435E-07
0,198710,7.822908E-07
0,198720,7.8219716E-07
0,198730,7.821036E-07
0,198740,7.8201003E-07
0,198750,7.8191647E-07
0,198760,7.8182296E-07
0,198770,7.8172945E-07
0,198780,7.816359E-07
0,198790,7.815424E-07
0,198800,7.8144893E-07
0,198810,7.813554E-07
0,198820,7.81262E-07
0,198830,7.811685E-07
0,198840,7.810751E-07
0,198850,7.809816E-07
0,198860,7.808882E-07
0,198870,7.807948E-07
0,198880,7.807014E-07
0,198890,7.80608E-07
0,198900,7.805146E-07
0,198910,7.804212E-07
0,198920,7.8032787E-07
0,198930,7.8023453E-07
0,198940,7.8014114E-07
0,198950,7.8004786E-07
0,198960,7.799545E-07
0,198970,7.7986124E-07
0,198980,7.797679E-07
0,198990,7.796746E-07
0,199000,7.7958134E-07
0,199010,7.794881E-07
0,199020,7.7939484E-07
0,199030,7.793016E-07
0,199040,7.792084E-07
0,199050,7.7911517E-07
0,199060,7.79022E-07
0,199070,7.789288E-07
0,199080,7.788356E-07
0,199090,7.7874245E-07
0,199100,7.786493E-07
0,199110,7.785561E-07
0,199120,7.78463E-07
0,199130,7.7836984E-07
0,199140,7.782767E-07
0,199150,7.781836E-07
0,199160,7.7809057E-07
0,199170,7.7799746E-07
0,199180,7.779044E-07
0,199190,7.7781135E-07
0,199200,7.777183E-07
0,199210,7.7762525E-07
0,199220,7.7753225E-07
0,199230,7.774392E-07
0,199240,7.773462E-07
0,199250,7.772532E-07
0,199260,7.771602E-07
0,199270,7.7706727E-07
0,199280,7.7697433E-07
0,199290,7.7688134E-07
0,199300,7.767884E-07
0,199310,7.766955E-07
0,199320,7.766026E-07
0,199330,7.765097E-07
0,199340,7.7641675E-07
0,199350,7.7632393E-07
0,199360,7.7623105E-07
0,199370,7.7613817E-07
0,199380,7.7604534E-07
0,199390,7.759525E-07
0,199400,7.758597E-07
0,199410,7.7576686E-07
0,199420,7.7567404E-07
0,199430,7.7558127E-07
0,199440,7.7548845E-07
0,199450,7.753957E-07
0,199460,7.7530296E-07
0,199470,7.752102E-07
0,199480,7.751174E-07
0,199490,7.750247E-07
0,199500,7.74932E-07
0,199510,7.748393E-07
0,199520,7.7474664E-07
0,199530,7.746539E-07
0,199540,7.745613E-07
0,199550,7.744686E-07
0,199560,7.7437596E-07
0,199570,7.742833E-07
0,199580,7.741907E-07
0,199590,7.7409805E-07
0,199600,7.7400546E-07
0,199610,7.7391286E-07
0,199620,7.738203E-07
0,199630,7.737277E-07
0,199640,7.736352E-07
0,199650,7.7354264E-07
0,199660,7.734501E-07
0,199670,7.7335756E-07
0,199680,7.73265E-07
0,199690,7.7317253E-07
0,199700,7.7308005E-07
0,199710,7.7298756E-07
0,199720,7.728951E-07
0,199730,7.7280265E-07
0,199740,7.7271017E-07
0,199750,7.7261774E-07
0,199760,7.725253E-07
0,199770,7.724329E-07
0,199780,7.723405E-07
0,199790,7.722481E-07
0,199800,7.721557E-07
0,199810,7.7206334E-07
0,199820,7.71971E-07
0,199830,7.7187866E-07
0,199840,7.717863E-07
0,199850,7.71694E-07
0,199860,7.7160166E-07
0,199870,7.7150935E-07
0,199880,7.7141704E-07
0,199890,7.713248E-07
0,199900,7.712325E-07
0,199910,7.7114026E-07
0,199920,7.71048E-07
0,199930,7.7095575E-07
0,199940,7.7086355E-07
0,199950,7.707713E-07
0,199960,7.706791E-07
0,199970,7.705869E-07
0,199980,7.704947E-07
0,199990,7.7040255E-07
0,200000,7.703104E-07
0,200010,7.7021826E-07
0,200020,7.701261E-07
0,200030,7.70034E-07
0,200040,7.6994183E-07
0,200050,7.6984975E-07
0,200060,7.6975766E-07
0,200070,7.696656E-07
0,200080,7.695735E-07
0,200090,7.694814E-07
0,200100,7.693894E-07
0,200110,7.6929734E-07
0,200120,7.692053E-07
0,200130,7.691133E-07
0,200140,7.6902126E-07
0,200150,7.689293E-07
0,200160,7.688373E-07
0,200170,7.6874534E-07
0,200180,7.6865336E-07
0,200190,7.685614E-07
0,200200,7.684695E-07
0,200210,7.6837756E-07
0,200220,7.682856E-07
0,200230,7.6819373E-07
0,200240,7.681018E-07
0,200250,7.680099E-07
0,200260,7.6791804E-07
0,200270,7.678262E-07
0,200280,7.677343E-07
0,200290,7.6764246E-07
0,200300,7.6755066E-07
0,200310,7.6745886E-07
0,200320,7.67367E-07
0,200330,7.672752E-07
0,200340,7.6718345E-07
0,200350,7.6709165E-07
0,200360,7.669999E-07
0,200370,7.6690816E-07
0,200380,7.668164E-07
0,200390,7.6672467E-07
0,200400,7.666329E-07
0,200410,7.6654123E-07
0,200420,7.6644955E-07
0,200430,7.6635786E-07
0,200440,7.6626617E-07
0,200450,7.661745E-07
0,200460,7.6608285E-07
0,200470,7.659912E-07
0,200480,7.658996E-07
0,200490,7.6580795E-07
0,200500,7.657163E-07
0,200510,7.6562475E-07
0,200520,7.655331E-07
0,200530,7.6544154E-07
0,200540,7.6534997E-07
0,200550,7.6525845E-07
0,200560,7.651669E-07
0,200570,7.6507536E-07
0,200580,7.6498384E-07
0,200590,7.648923E-07
0,200600,7.648008E-07
0,200610,7.647093E-07
0,200620,7.646178E-07
0,200630,7.6452636E-07
0,200640,7.644349E-07
0,200650,7.6434344E-07
0,200660,7.6425204E-07
0,200670,7.641606E-07
0,200680,7.6406917E-07
0,200690,7.6397777E-07
0,200700,7.6388636E-07
0,200710,7.63795E-07
0,200720,7.637036E-07
0,200730,7.6361226E-07
0,200740,7.635209E-07
0,200750,7.6342957E-07
0,200760,7.633382E-07
0,200770,7.6324693E-07
0,200780,7.6315564E-07
0,200790,7.6306435E-07
0,200800,7.6297306E-07
0,200810,7.6288177E-07
0,200820,7.6279053E-07
0,200830,7.6269924E-07
0,200840,7.62608E-07
0,200850,7.625168E-07
0,200860,7.624256E-07
0,200870,7.6233437E-07
0,200880,7.622432E-07
0,200890,7.6215196E-07
0,200900,7.620608E-07
0,200910,7.6196966E-07
0,200920,7.618785E-07
0,200930,7.6178736E-07
0,200940,7.6169624E-07
0,200950,7.616051E-07
0,200960,7.61514E-07
0,200970,7.614229E-07
0,200980,7.613318E-07
0,200990,7.612407E-07
0,201000,7.6114964E-07
0,201010,7.6105863E-07
0,201020,7.6096757E-07
0,201030,7.608765E-07
0,201040,7.607855E-07
0,201050,7.606945E-07
0,201060,7.606035E-07
0,201070,7.605125E-07
0,201080,7.604215E-07
0,201090,7.603306E-07
0,201100,7.602396E-07
0,201110,7.601487E-07
0,201120,7.6005773E-07
0,201130,7.599668E-07
0,201140,7.598759E-07
0,201150,7.59785E-07
0,201160,7.596941E-07
0,201170,7.596032E-07
0,201180,7.595123E-07
0,201190,7.594215E-07
0,201200,7.5933065E-07
0,201210,7.592398E-07
0,201220,7.59149E-07
0,201230,7.5905814E-07
0,201240,7.5896736E-07
0,201250,7.588765E-07
0,201260,7.5878575E-07
0,201270,7.5869497E-07
0,201280,7.5860424E-07
0,201290,7.5851347E-07
0,201300,7.5842274E-07
0,201310,7.58332E-07
0,201320,7.582413E-07
0,201330,7.581506E-07
0,201340,7.580599E-07
0,201350,7.579692E-07
0,201360,7.578785E-07
0,201370,7.5778786E-07
0,201380,7.576972E-07
0,201390,7.576066E-07
0,201400,7.575159E-07
0,201410,7.574253E-07
0,201420,7.573347E-07
0,201430,7.572441E-07
0,201440,7.5715354E-07
0,201450,7.5706294E-07
0,201460,7.569724E-07
0,201470,7.5688183E-07
0,201480,7.567913E-07
0,201490,7.5670073E-07
0,201500,7.5661023E-07
0,201510,7.5651974E-07
0,201520,7.564292E-07
0,201530,7.5633875E-07
0,201540,7.5624826E-07
0,201550,7.5615776E-07
0,201560,7.560673E-07
0,201570,7.559769E-07
0,201580,7.5588645E-07
0,201590,7.55796E-07
0,201600,7.5570557E-07
0,201610,7.556152E-07
0,201620,7.555248E-07
0,201630,7.554344E-07
0,201640,7.5534405E-07
0,201650,7.5525367E-07
0,201660,7.5516334E-07
0,201670,7.55073E-07
0,201680,7.549827E-07
0,201690,7.5489237E-07
0,201700,7.5480204E-07
0,201710,7.547118E-07
0,201720,7.5462145E-07
0,201730,7.545312E-07
0,201740,7.544409E-07
0,201750,7.5435065E-07
0,201760,7.5426044E-07
0,201770,7.5417023E-07
0,201780,7.5407996E-07
0,201790,7.5398975E-07
0,201800,7.538996E-07
0,201810,7.538094E-07
0,201820,7.5371923E-07
0,201830,7.53629E-07
0,201840,7.5353887E-07
0,201850,7.534487E-07
0,201860,7.533586E-07
0,201870,7.5326847E-07
0,201880,7.5317837E-07
0,201890,7.530883E-07
0,201900,7.529982E-07
0,201910,7.529081E-07
0,201920,7.5281804E-07
0,201930,7.52728E-07
0,201940,7.526379E-07
0,201950,7.525479E-07
0,201960,7.524579E-07
0,201970,7.5236784E-07
0,201980,7.5227786E-07
0,201990,7.521879E-07
0,202000,7.520979E-07
0,202010,7.520079E-07
0,202020,7.519179E-07
0,202030,7.51828E-07
0,202040,7.5173807E-07
0,202050,7.5164814E-07
0,202060,7.515582E-07
0,202070,7.514683E-07
0,202080,7.513784E-07
0,202090,7.512885E-07
0,202100,7.511986E-07
0,202110,7.5110876E-07
0,202120,7.510189E-07
0,202130,7.509291E-07
0,202140,7.5083926E-07
0,202150,7.507494E-07
0,202160,7.506596E-07
0,202170,7.505698E-07
0,202180,7.5048E-07
0,202190,7.5039026E-07
0,202200,7.5030044E-07
0,202210,7.502107E-07
0,202220,7.50121E-07
0,202230,7.5003123E-07
0,202240,7.4994153E-07
0,202250,7.498518E-07
0,202260,7.497621E-07
0,202270,7.496724E-07
0,202280,7.4958274E-07
0,202290,7.4949304E-07
0,202300,7.494034E-07
0,202310,7.4931376E-07
0,202320,7.492241E-07
0,202330,7.491345E-07
0,202340,7.4904483E-07
0,202350,7.4895524E-07
0,202360,7.4886566E-07
0,202370,7.487761E-07
0,202380,7.486865E-07
0,202390,7.485969E-07
0,202400,7.485074E-07
0,202410,7.4841785E-07
0,202420,7.483283E-07
0,202430,7.482388E-07
0,202440,7.4814926E-07
0,202450,7.480598E-07
0,202460,7.4797026E-07
0,202470,7.478808E-07
0,202480,7.477913E-07
0,202490,7.4770185E-07
0,202500,7.4761243E-07
0,202510,7.4752296E-07
0,202520,7.4743355E-07
0,202530,7.4734413E-07
0,202540,7.472548E-07
0,202550,7.4716536E-07
0,202560,7.4707594E-07
0,202570,7.469866E-07
0,202580,7.4689723E-07
0,202590,7.4680787E-07
0,202600,7.4671857E-07
0,202610,7.466292E-07
0,202620,7.465399E-07
0,202630,7.464506E-07
0,202640,7.463613E-07
0,202650,7.46272E-07
0,202660,7.4618276E-07
0,202670,7.4609346E-07
0,202680,7.460042E-07
0,202690,7.45915E-07
0,202700,7.4582573E-07
0,202710,7.4573654E-07
0,202720,7.456473E-07
0,202730,7.455581E-07
0,202740,7.454689E-07
0,202750,7.4537974E-07
0,202760,7.4529055E-07
0,202770,7.452014E-07
0,202780,7.451123E-07
0,202790,7.4502316E-07
0,202800,7.44934E-07
0,202810,7.448449E-07
0,202820,7.4475577E-07
0,202830,7.446667E-07
0,202840,7.445776E-07
0,202850,7.4448855E-07
0,202860,7.443995E-07
0,202870,7.443104E-07
0,202880,7.442214E-07
0,202890,7.4413236E-07
0,202900,7.4404335E-07
0,202910,7.4395433E-07
0,202920,7.438653E-07
0,202930,7.4377635E-07
0,202940,7.4368734E-07
0,202950,7.435984E-07
0,202960,7.435094E-07
0,202970,7.434205E-07
0,202980,7.4333155E-07
0,202990,7.4324265E-07
0,203000,7.4315375E-07
0,203010,7.4306485E-07
0,203020,7.4297594E-07
0,203030,7.4288704E-07
0,203040,7.427982E-07
0,203050,7.4270935E-07
0,203060,7.426205E-07
0,203070,7.4253165E-07
0,203080,7.424428E-07
0,203090,7.42354E-07
0,203100,7.422652E-07
0,203110,7.421764E-07
0,203120,7.420876E-07
0,203130,7.419988E-07
0,203140,7.4191007E-07
0,203150,7.4182134E-07
0,203160,7.4173255E-07
0,203170,7.416438E-07
0,203180,7.4155514E-07
0,203190,7.414664E-07
0,203200,7.4137773E-07
0,203210,7.41289E-07
0,203220,7.412003E-07
0,203230,7.4111165E-07
0,203240,7.4102303E-07
0,203250,7.4093435E-07
0,203260,7.4084573E-07
0,203270,7.407571E-07
0,203280,7.406685E-07
0,203290,7.405799E-07
0,203300,7.4049126E-07
0,203310,7.404027E-07
0,203320,7.4031414E-07
0,203330,7.402256E-07
0,203340,7.40137E-07
0,203350,7.4004845E-07
0,203360,7.3995994E-07
0,203370,7.3987144E-07
0,203380,7.3978293E-07
0,203390,7.396944E-07
0,203400,7.396059E-07
0,203410,7.395175E-07
0,203420,7.3942897E-07
0,203430,7.393405E-07
0,203440,7.392521E-07
0,203450,7.391636E-07
0,203460,7.3907523E-07
0,203470,7.389868E-07
0,203480,7.388984E-07
0,203490,7.3881E-07
0,203500,7.387216E-07
0,203510,7.386333E-07
0,203520,7.385449E-07
0,203530,7.3845655E-07
0,203540,7.383682E-07
0,203550,7.382799E-07
0,203560,7.3819155E-07
0,203570,7.3810327E-07
0,203580,7.3801493E-07
0,203590,7.3792665E-07
0,203600,7.378384E-07
0,203610,7.377501E-07
0,203620,7.376619E-07
0,203630,7.375736E-07
0,203640,7.374854E-07
0,203650,7.3739716E-07
0,203660,7.3730894E-07
0,203670,7.372207E-07
0,203680,7.3713255E-07
0,203690,7.370444E-07
0,203700,7.3695617E-07
0,203710,7.3686806E-07
0,203720,7.367799E-07
0,203730,7.3669173E-07
0,203740,7.366036E-07
0,203750,7.365155E-07
0,203760,7.364274E-07
0,203770,7.363393E-07
0,203780,7.362512E-07
0,203790,7.3616314E-07
0,203800,7.3607504E-07
0,203810,7.35987E-07
0,203820,7.3589894E-07
0,203830,7.3581094E-07
0,203840,7.357229E-07
0,203850,7.356349E-07
0,203860,7.355469E-07
0,203870,7.354589E-07
0,203880,7.353709E-07
0,203890,7.352829E-07
0,203900,7.35195E-07
0,203910,7.3510705E-07
0,203920,7.350191E-07
0,203930,7.349312E-07
0,203940,7.3484324E-07
0,203950,7.3475536E-07
0,203960,7.346674E-07
0,203970,7.3457954E-07
0,203980,7.3449166E-07
0,203990,7.344038E-07
0,204000,7.3431596E-07
0,204010,7.342281E-07
0,204020,7.3414026E-07
0,204030,7.3405243E-07
0,204040,7.339646E-07
0,204050,7.3387685E-07
0,204060,7.33789E-07
0,204070,7.3370126E-07
0,204080,7.336135E-07
0,204090,7.335257E-07
0,204100,7.3343796E-07
0,204110,7.3335025E-07
0,204120,7.332625E-07
0,204130,7.331748E-07
0,204140,7.3308706E-07
0,204150,7.329994E-07
0,204160,7.329117E-07
0,204170,7.32824E-07
0,204180,7.3273634E-07
0,204190,7.326487E-07
0,204200,7.3256103E-07
0,204210,7.3247344E-07
0,204220,7.323858E-07
0,204230,7.322982E-07
0,204240,7.322106E-07
0,204250,7.32123E-07
0,204260,7.320354E-07
0,204270,7.319478E-07
0,204280,7.3186027E-07
0,204290,7.3177273E-07
0,204300,7.316852E-07
0,204310,7.3159765E-07
0,204320,7.315101E-07
0,204330,7.3142263E-07
0,204340,7.313351E-07
0,204350,7.312476E-07
0,204360,7.311601E-07
0,204370,7.310727E-07
0,204380,7.309852E-07
0,204390,7.308978E-07
0,204400,7.3081037E-07
0,204410,7.307229E-07
0,204420,7.306355E-07
0,204430,7.305481E-07
0,204440,7.304607E-07
0,204450,7.303733E-07
0,204460,7.3028593E-07
0,204470,7.3019856E-07
0,204480,7.3011125E-07
0,204490,7.300239E-07
0,204500,7.299366E-07
0,204510,7.2984926E-07
0,204520,7.2976195E-07
0,204530,7.2967464E-07
0,204540,7.295873E-07
0,204550,7.295001E-07
0,204560,7.2941276E-07
0,204570,7.293255E-07
0,204580,7.292383E-07
0,204590,7.2915105E-07
0,204600,7.290638E-07
0,204610,7.289766E-07
0,204620,7.288894E-07
0,204630,7.288022E-07
0,204640,7.28715E-07
0,204650,7.286278E-07
0,204660,7.2854067E-07
0,204670,7.2845353E-07
0,204680,7.283664E-07
0,204690,7.2827925E-07
0,204700,7.281921E-07
0,204710,7.28105E-07
0,204720,7.280179E-07
0,204730,7.279308E-07
0,204740,7.278437E-07
0,204750,7.277567E-07
0,204760,7.276696E-07
0,204770,7.275826E-07
0,204780,7.274955E-07
0,204790,7.2740846E-07
0,204800,7.273215E-07
0,204810,7.2723446E-07
0,204820,7.2714744E-07
0,204830,7.2706047E-07
0,204840,7.269735E-07
0,204850,7.268865E-07
0,204860,7.2679956E-07
0,204870,7.2671264E-07
0,204880,7.266257E-07
0,204890,7.2653876E-07
0,204900,7.2645184E-07
0,204910,7.2636493E-07
0,204920,7.262781E-07
0,204930,7.2619116E-07
0,204940,7.261043E-07
0,204950,7.2601745E-07
0,204960,7.259306E-07
0,204970,7.2584373E-07
0,204980,7.2575693E-07
0,204990,7.256701E-07
0,205000,7.255833E-07
0,205010,7.254965E-07
0,205020,7.254097E-07
0,205030,7.2532293E-07
0,205040,7.2523613E-07
0,205050,7.251494E-07
0,205060,7.2506265E-07
0,205070,7.249759E-07
0,205080,7.2488916E-07
0,205090,7.248025E-07
0,205100,7.2471573E-07
0,205110,7.2462905E-07
0,205120,7.2454236E-07
0,205130,7.244557E-07
0,205140,7.2436904E-07
0,205150,7.2428236E-07
0,205160,7.2419573E-07
0,205170,7.241091E-07
0,205180,7.2402247E-07
0,205190,7.2393584E-07
0,205200,7.2384927E-07
0,205210,7.2376264E-07
0,205220,7.2367607E-07
0,205230,7.235895E-07
0,205240,7.235029E-07
0,205250,7.234164E-07
0,205260,7.2332983E-07
0,205270,7.232433E-07
0,205280,7.231568E-07
0,205290,7.230703E-07
0,205300,7.2298377E-07
0,205310,7.228973E-07
0,205320,7.228108E-07
0,205330,7.2272434E-07
0,205340,7.226379E-07
0,205350,7.225514E-07
0,205360,7.22465E-07
0,205370,7.2237856E-07
0,205380,7.2229216E-07
0,205390,7.2220575E-07
0,205400,7.2211935E-07
0,205410,7.2203295E-07
0,205420,7.219466E-07
0,205430,7.218602E-07
0,205440,7.2177386E-07
0,205450,7.216875E-07
0,205460,7.216012E-07
0,205470,7.215149E-07
0,205480,7.2142853E-07
0,205490,7.2134225E-07
0,205500,7.2125596E-07
0,205510,7.2116967E-07
0,205520,7.210834E-07
0,205530,7.2099715E-07
0,205540,7.209109E-07
0,205550,7.2082463E-07
0,205560,7.207384E-07
0,205570,7.206522E-07
0,205580,7.20566E-07
0,205590,7.204798E-07
0,205600,7.203936E-07
0,205610,7.203074E-07
0,205620,7.2022124E-07
0,205630,7.201351E-07
0,205640,7.2004894E-07
0,205650,7.199628E-07
0,205660,7.198767E-07
0,205670,7.197906E-07
0,205680,7.197045E-07
0,205690,7.1961836E-07
0,205700,7.195323E-07
0,205710,7.194462E-07
0,205720,7.193601E-07
0,205730,7.1927406E-07
0,205740,7.1918805E-07
0,205750,7.19102E-07
0,205760,7.19016E-07
0,205770,7.1893E-07
0,205780,7.18844E-07
0,205790,7.18758E-07
0,205800,7.1867197E-07
0,205810,7.18586E-07
0,205820,7.185E-07
0,205830,7.1841407E-07
0,205840,7.183281E-07
0,205850,7.1824223E-07
0,205860,7.181563E-07
0,205870,7.180704E-07
0,205880,7.1798445E-07
0,205890,7.1789856E-07
0,205900,7.178127E-07
0,205910,7.1772683E-07
0,205920,7.1764094E-07
0,205930,7.175551E-07
0,205940,7.174693E-07
0,205950,7.1738344E-07
0,205960,7.172976E-07
0,205970,7.1721183E-07
0,205980,7.17126E-07
0,205990,7.170402E-07
0,206000,7.1695445E-07
0,206010,7.1686867E-07
0,206020,7.1678295E-07
0,206030,7.166972E-07
0,206040,7.1661145E-07
0,206050,7.1652573E-07
0,206060,7.1644E-07
0,206070,7.163543E-07
0,206080,7.162686E-07
0,206090,7.161829E-07
0,206100,7.1609725E-07
0,206110,7.160116E-07
0,206120,7.159259E-07
0,206130,7.1584026E-07
0,206140,7.1575465E-07
0,206150,7.15669E-07
0,206160,7.155834E-07
0,206170,7.154978E-07
0,206180,7.154122E-07
0,206190,7.153266E-07
0,206200,7.152411E-07
0,206210,7.1515547E-07
0,206220,7.150699E-07
0,206230,7.1498437E-07
0,206240,7.148989E-07
0,206250,7.148133E-07
0,206260,7.1472783E-07
0,206270,7.1464234E-07
0,206280,7.1455685E-07
0,206290,7.1447135E-07
0,206300,7.1438586E-07
0,206310,7.143004E-07
0,206320,7.14215E-07
0,206330,7.141295E-07
0,206340,7.140441E-07
0,206350,7.139587E-07
0,206360,7.1387325E-07
0,206370,7.1378787E-07
0,206380,7.137025E-07
0,206390,7.136171E-07
0,206400,7.1353173E-07
0,206410,7.1344635E-07
0,206420,7.1336103E-07
0,206430,7.132757E-07
0,206440,7.1319033E-07
0,206450,7.13105E-07
0,206460,7.1301974E-07
0,206470,7.129344E-07
0,206480,7.1284916E-07
0,206490,7.127639E-07
0,206500,7.126786E-07
0,206510,7.1259336E-07
0,206520,7.125081E-07
0,206530,7.124229E-07
0,206540,7.123376E-07
0,206550,7.122524E-07
0,206560,7.121672E-07
0,206570,7.12082E-07
0,206580,7.1199685E-07
0,206590,7.1191164E-07
0,206600,7.118265E-07
0,206610,7.1174134E-07
0,206620,7.116562E-07
0,206630,7.115711E-07
0,206640,7.1148594E-07
0,206650,7.1140084E-07
0,206660,7.1131575E-07
0,206670,7.1123065E-07
0,206680,7.1114556E-07
0,206690,7.1106047E-07
0,206700,7.109754E-07
0,206710,7.1089033E-07
0,206720,7.108053E-07
0,206730,7.1072026E-07
0,206740,7.106353E-07
0,206750,7.1055024E-07
0,206760,7.1046526E-07
0,206770,7.103803E-07
0,206780,7.102953E-07
0,206790,7.102103E-07
0,206800,7.1012533E-07
0,206810,7.100404E-07
0,206820,7.0995543E-07
0,206830,7.098705E-07
0,206840,7.097856E-07
0,206850,7.097007E-07
0,206860,7.096158E-07
0,206870,7.095309E-07
0,206880,7.09446E-07
0,206890,7.0936113E-07
0,206900,7.0927626E-07
0,206910,7.0919145E-07
0,206920,7.091066E-07
0,206930,7.090218E-07
0,206940,7.0893697E-07
0,206950,7.0885216E-07
0,206960,7.0876735E-07
0,206970,7.0868253E-07
0,206980,7.085978E-07
0,206990,7.08513E-07
0,207000,7.084283E-07
0,207010,7.083435E-07
0,207020,7.0825877E-07
0,207030,7.08174E-07
0,207040,7.080893E-07
0,207050,7.080046E-07
0,207060,7.079199E-07
0,207070,7.078352E-07
0,207080,7.0775053E-07
0,207090,7.076659E-07
0,207100,7.0758125E-07
0,207110,7.0749655E-07
0,207120,7.0741197E-07
0,207130,7.0732733E-07
0,207140,7.072427E-07
0,207150,7.071581E-07
0,207160,7.070735E-07
0,207170,7.069889E-07
0,207180,7.0690436E-07
0,207190,7.068198E-07
0,207200,7.067352E-07
0,207210,7.0665067E-07
0,207220,7.0656614E-07
0,207230,7.064816E-07
0,207240,7.063971E-07
0,207250,7.0631256E-07
0,207260,7.062281E-07
0,207270,7.061436E-07
0,207280,7.0605915E-07
0,207290,7.059747E-07
0,207300,7.058902E-07
0,207310,7.0580575E-07
0,207320,7.0572133E-07
0,207330,7.056369E-07
0,207340,7.055525E-07
0,207350,7.054681E-07
0,207360,7.053837E-07
0,207370,7.052993E-07
0,207380,7.052149E-07
0,207390,7.0513056E-07
0,207400,7.050462E-07
0,207410,7.049619E-07
0,207420,7.0487755E-07
0,207430,7.0479325E-07
0,207440,7.047089E-07
0,207450,7.046246E-07
0,207460,7.045403E-07
0,207470,7.0445606E-07
0,207480,7.0437176E-07
0,207490,7.042875E-07
0,207500,7.042033E-07
0,207510,7.04119E-07
0,207520,7.040348E-07
0,207530,7.0395055E-07
0,207540,7.0386636E-07
0,207550,7.037821E-07
0,207560,7.0369794E-07
0,207570,7.0361375E-07
0,207580,7.0352957E-07
0,207590,7.0344544E-07
0,207600,7.0336125E-07
0,207610,7.032771E-07
0,207620,7.03193E-07
0,207630,7.0310887E-07
0,207640,7.0302474E-07
0,207650,7.0294067E-07
0,207660,7.028566E-07
0,207670,7.0277247E-07
0,207680,7.026884E-07
0,207690,7.026044E-07
0,207700,7.025203E-07
0,207710,7.0243624E-07
0,207720,7.023522E-07
0,207730,7.022682E-07
0,207740,7.021842E-07
0,207750,7.021002E-07
0,207760,7.020162E-07
0,207770,7.019322E-07
0,207780,7.0184825E-07
0,207790,7.017643E-07
0,207800,7.0168034E-07
0,207810,7.0159643E-07
0,207820,7.015125E-07
0,207830,7.014286E-07
0,207840,7.013446E-07
0,207850,7.012607E-07
0,207860,7.011769E-07
0,207870,7.01093E-07
0,207880,7.010091E-07
0,207890,7.009252E-07
0,207900,7.008414E-07
0,207910,7.0075754E-07
0,207920,7.006737E-07
0,207930,7.005899E-07
0,207940,7.0050606E-07
0,207950,7.004223E-07
0,207960,7.003385E-07
0,207970,7.002547E-07
0,207980,7.00171E-07
0,207990,7.000872E-07
0,208000,7.0000345E-07
0,208010,6.999197E-07
0,208020,6.99836E-07
0,208030,6.9975226E-07
0,208040,6.9966853E-07
0,208050,6.9958486E-07
0,208060,6.9950113E-07
0,208070,6.9941746E-07
0,208080,6.993338E-07
0,208090,6.9925017E-07
0,208100,6.991665E-07
0,208110,6.990829E-07
0,208120,6.989992E-07
0,208130,6.989156E-07
0,208140,6.9883197E-07
0,208150,6.987484E-07
0,208160,6.986648E-07
0,208170,6.9858123E-07
0,208180,6.984977E-07
0,208190,6.984141E-07
0,208200,6.9833055E-07
0,208210,6.98247E-07
0,208220,6.981635E-07
0,208230,6.9807993E-07
0,208240,6.979964E-07
0,208250,6.979129E-07
0,208260,6.978294E-07
0,208270,6.97746E-07
0,208280,6.976625E-07
0,208290,6.97579E-07
0,208300,6.974956E-07
0,208310,6.9741213E-07
0,208320,6.9732874E-07
0,208330,6.972453E-07
0,208340,6.971619E-07
0,208350,6.9707846E-07
0,208360,6.969951E-07
0,208370,6.9691174E-07
0,208380,6.9682835E-07
0,208390,6.9674496E-07
0,208400,6.9666163E-07
0,208410,6.965783E-07
0,208420,6.9649496E-07
0,208430,6.9641163E-07
0,208440,6.9632836E-07
0,208450,6.96245E-07
0,208460,6.9616175E-07
0,208470,6.960785E-07
0,208480,6.959952E-07
0,208490,6.959119E-07
0,208500,6.958287E-07
0,208510,6.957454E-07
0,208520,6.956622E-07
0,208530,6.95579E-07
0,208540,6.9549577E-07
0,208550,6.9541255E-07
0,208560,6.953294E-07
0,208570,6.9524623E-07
0,208580,6.95163E-07
0,208590,6.9507985E-07
0,208600,6.9499674E-07
0,208610,6.949136E-07
0,208620,6.948304E-07
0,208630,6.947473E-07
0,208640,6.946642E-07
0,208650,6.945811E-07
0,208660,6.94498E-07
0,208670,6.9441495E-07
0,208680,6.9433185E-07
0,208690,6.942488E-07
0,208700,6.9416575E-07
0,208710,6.940827E-07
0,208720,6.939997E-07
0,208730,6.9391666E-07
0,208740,6.9383367E-07
0,208750,6.937506E-07
0,208760,6.9366763E-07
0,208770,6.935847E-07
0,208780,6.935017E-07
0,208790,6.934187E-07
0,208800,6.933358E-07
0,208810,6.9325284E-07
0,208820,6.931699E-07
0,208830,6.93087E-07
0,208840,6.930041E-07
0,208850,6.9292116E-07
0,208860,6.928383E-07
0,208870,6.927554E-07
0,208880,6.9267253E-07
0,208890,6.9258965E-07
0,208900,6.9250683E-07
0,208910,6.9242395E-07
0,208920,6.9234113E-07
0,208930,6.922583E-07
0,208940,6.921755E-07
0,208950,6.9209267E-07
0,208960,6.920099E-07
0,208970,6.919271E-07
0,208980,6.918443E-07
0,208990,6.9176156E-07
0,209000,6.916788E-07
0,209010,6.915961E-07
0,209020,6.915133E-07
0,209030,6.914306E-07
0,209040,6.913479E-07
0,209050,6.912652E-07
0,209060,6.911825E-07
0,209070,6.9109984E-07
0,209080,6.9101714E-07
0,209090,6.909345E-07
0,209100,6.9085183E-07
0,209110,6.907692E-07
0,209120,6.9068653E-07
0,209130,6.9060394E-07
0,209140,6.905213E-07
0,209150,6.904387E-07
0,209160,6.903561E-07
0,209170,6.902735E-07
0,209180,6.901909E-07
0,209190,6.901084E-07
0,209200,6.900258E-07
0,209210,6.8994325E-07
0,209220,6.898607E-07
0,209230,6.897782E-07
0,209240,6.896957E-07
0,209250,6.8961316E-07
0,209260,6.895307E-07
0,209270,6.894482E-07
0,209280,6.893657E-07
0,209290,6.8928324E-07
0,209300,6.892008E-07
0,209310,6.8911834E-07
0,209320,6.890359E-07
0,209330,6.889535E-07
0,209340,6.8887107E-07
0,209350,6.8878865E-07
0,209360,6.887062E-07
0,209370,6.8862386E-07
0,209380,6.885415E-07
0,209390,6.884591E-07
0,209400,6.8837676E-07
0,209410,6.882944E-07
0,209420,6.882121E-07
0,209430,6.881297E-07
0,209440,6.880474E-07
0,209450,6.879651E-07
0,209460,6.878828E-07
0,209470,6.8780054E-07
0,209480,6.877182E-07
0,209490,6.87636E-07
0,209500,6.875537E-07
0,209510,6.8747147E-07
0,209520,6.873892E-07
0,209530,6.8730697E-07
0,209540,6.8722477E-07
0,209550,6.871426E-07
0,209560,6.870603E-07
0,209570,6.869782E-07
0,209580,6.86896E-07
0,209590,6.868138E-07
0,209600,6.8673165E-07
0,209610,6.866495E-07
0,209620,6.865673E-07
0,209630,6.8648524E-07
0,209640,6.864031E-07
0,209650,6.8632096E-07
0,209660,6.862389E-07
0,209670,6.861568E-07
0,209680,6.860747E-07
0,209690,6.8599263E-07
0,209700,6.8591055E-07
0,209710,6.858285E-07
0,209720,6.8574644E-07
0,209730,6.856644E-07
0,209740,6.855824E-07
0,209750,6.8550037E-07
0,209760,6.854184E-07
0,209770,6.853364E-07
0,209780,6.852544E-07
0,209790,6.8517244E-07
0,209800,6.8509047E-07
0,209810,6.850085E-07
0,209820,6.8492653E-07
0,209830,6.848446E-07
0,209840,6.847627E-07
0,209850,6.846808E-07
0,209860,6.845989E-07
0,209870,6.84517E-07
0,209880,6.8443507E-07
0,209890,6.843532E-07
0,209900,6.8427136E-07
0,209910,6.841895E-07
0,209920,6.8410765E-07
0,209930,6.840258E-07
0,209940,6.8394394E-07
0,209950,6.8386214E-07
0,209960,6.8378034E-07
0,209970,6.8369854E-07
0,209980,6.8361675E-07
0,209990,6.8353495E-07
0,210000,6.834532E-07
0,210010,6.833714E-07
0,210020,6.8328967E-07
0,210030,6.8320793E-07
0,210040,6.831262E-07
0,210050,6.830445E-07
0,210060,6.8296276E-07
0,210070,6.828811E-07
0,210080,6.827994E-07
0,210090,6.827177E-07
0,210100,6.82636E-07
0,210110,6.8255434E-07
0,210120,6.824727E-07
0,210130,6.823911E-07
0,210140,6.8230946E-07
0,210150,6.8222784E-07
0,210160,6.821462E-07
0,210170,6.820646E-07
0,210180,6.81983E-07
0,210190,6.8190144E-07
0,210200,6.8181987E-07
0,210210,6.817383E-07
0,210220,6.8165673E-07
0,210230,6.8157516E-07
0,210240,6.8149365E-07
0,210250,6.8141213E-07
0,210260,6.813306E-07
0,210270,6.812491E-07
0,210280,6.811676E-07
0,210290,6.8108614E-07
0,210300,6.810046E-07
0,210310,6.8092316E-07
0,210320,6.808417E-07
0,210330,6.8076025E-07
0,210340,6.8067885E-07
0,210350,6.805974E-07
0,210360,6.80516E-07
0,210370,6.804346E-07
0,210380,6.803532E-07
0,210390,6.802718E-07
0,210400,6.801904E-07
0,210410,6.8010905E-07
0,210420,6.8002765E-07
0,210430,6.799463E-07
0,210440,6.7986497E-07
0,210450,6.797836E-07
0,210460,6.7970234E-07
0,210470,6.79621E-07
0,210480,6.795397E-07
0,210490,6.794584E-07
0,210500,6.7937714E-07
0,210510,6.7929585E-07
0,210520,6.792146E-07
0,210530,6.7913334E-07
0,210540,6.790521E-07
0,210550,6.789709E-07
0,210560,6.7888965E-07
0,210570,6.788084E-07
0,210580,6.7872725E-07
0,210590,6.78646E-07
0,210600,6.7856485E-07
0,210610,6.784837E-07
0,210620,6.784025E-07
0,210630,6.783213E-07
0,210640,6.782402E-07
0,210650,6.781591E-07
0,210660,6.780779E-07
0,210670,6.779968E-07
0,210680,6.779157E-07
0,210690,6.7783463E-07
0,210700,6.777535E-07
0,210710,6.7767246E-07
0,210720,6.775914E-07
0,210730,6.7751034E-07
0,210740,6.774293E-07
0,210750,6.773482E-07
0,210760,6.772672E-07
0,210770,6.7718616E-07
0,210780,6.7710516E-07
0,210790,6.7702416E-07
0,210800,6.7694316E-07
0,210810,6.768622E-07
0,210820,6.767812E-07
0,210830,6.7670027E-07
0,210840,6.766193E-07
0,210850,6.765384E-07
0,210860,6.7645743E-07
0,210870,6.7637654E-07
0,210880,6.762956E-07
0,210890,6.762147E-07
0,210900,6.761338E-07
0,210910,6.7605293E-07
0,210920,6.7597205E-07
0,210930,6.7589116E-07
0,210940,6.758103E-07
0,210950,6.757295E-07
0,210960,6.7564866E-07
0,210970,6.7556783E-07
0,210980,6.75487E-07
0,210990,6.7540617E-07
0,211000,6.753254E-07
0,211010,6.752446E-07
0,211020,6.7516385E-07
0,211030,6.750831E-07
0,211040,6.750023E-07
0,211050,6.749215E-07
0,211060,6.748408E-07
0,211070,6.747601E-07
0,211080,6.7467937E-07
0,211090,6.7459865E-07
0,211100,6.7451793E-07
0,211110,6.744373E-07
0,211120,6.7435656E-07
0,211130,6.742759E-07
0,211140,6.7419523E-07
0,211150,6.741146E-07
0,211160,6.7403397E-07
0,211170,6.739533E-07
0,211180,6.738727E-07
0,211190,6.737921E-07
0,211200,6.737115E-07
0,211210,6.736309E-07
0,211220,6.735503E-07
0,211230,6.7346974E-07
0,211240,6.7338914E-07
0,211250,6.733086E-07
0,211260,6.7322804E-07
0,211270,6.731475E-07
0,211280,6.73067E-07
0,211290,6.7298646E-07
0,211300,6.7290597E-07
0,211310,6.728255E-07
0,211320,6.72745E-07
0,211330,6.726645E-07
0,211340,6.72584E-07
0,211350,6.725036E-07
0,211360,6.724231E-07
0,211370,6.7234265E-07
0,211380,6.722622E-07
0,211390,6.7218184E-07
0,211400,6.721014E-07
0,211410,6.72021E-07
0,211420,6.719406E-07
0,211430,6.718602E-07
0,211440,6.7177984E-07
0,211450,6.7169947E-07
0,211460,6.7161915E-07
0,211470,6.7153877E-07
0,211480,6.7145845E-07
0,211490,6.7137813E-07
0,211500,6.712978E-07
0,211510,6.712175E-07
0,211520,6.7113723E-07
0,211530,6.710569E-07
0,211540,6.7097665E-07
0,211550,6.708964E-07
0,211560,6.708161E-07
0,211570,6.7073586E-07
0,211580,6.7065565E-07
0,211590,6.705754E-07
0,211600,6.704952E-07
0,211610,6.70415E-07
0,211620,6.7033477E-07
0,211630,6.7025456E-07
0,211640,6.701744E-07
0,211650,6.700942E-07
0,211660,6.7001406E-07
0,211670,6.699339E-07
0,211680,6.6985376E-07
0,211690,6.697736E-07
0,211700,6.696935E-07
0,211710,6.6961337E-07
0,211720,6.695333E-07
0,211730,6.694532E-07
0,211740,6.693731E-07
0,211750,6.6929306E-07
0,211760,6.6921297E-07
0,211770,6.6913293E-07
0,211780,6.690529E-07
0,211790,6.689728E-07
0,211800,6.688928E-07
0,211810,6.688128E-07
0,211820,6.6873275E-07
0,211830,6.686528E-07
0,211840,6.685728E-07
0,211850,6.684928E-07
0,211860,6.6841284E-07
0,211870,6.6833286E-07
0,211880,6.6825294E-07
0,211890,6.6817296E-07
0,211900,6.6809304E-07
0,211910,6.680131E-07
0,211920,6.679332E-07
0,211930,6.678533E-07
0,211940,6.677734E-07
0,211950,6.6769354E-07
0,211960,6.676137E-07
0,211970,6.675338E-07
0,211980,6.6745395E-07
0,211990,6.673741E-07
0,212000,6.672943E-07
0,212010,6.672144E-07
0,212020,6.671346E-07
0,212030,6.670548E-07
0,212040,6.66975E-07
0,212050,6.6689523E-07
0,212060,6.668154E-07
0,212070,6.667357E-07
0,212080,6.666559E-07
0,212090,6.6657617E-07
0,212100,6.664964E-07
0,212110,6.6641667E-07
0,212120,6.66337E-07
0,212130,6.662572E-07
0,212140,6.661775E-07
0,212150,6.6609783E-07
0,212160,6.6601814E-07
0,212170,6.659385E-07
0,212180,6.658588E-07
0,212190,6.6577917E-07
0,212200,6.6569953E-07
0,212210,6.656199E-07
0,212220,6.6554026E-07
0,212230,6.654606E-07
0,212240,6.6538104E-07
0,212250,6.6530146E-07
0,212260,6.652218E-07
0,212270,6.6514224E-07
0,212280,6.650627E-07
0,212290,6.6498313E-07
0,212300,6.649036E-07
0,212310,6.6482403E-07
0,212320,6.647445E-07
0,212330,6.64665E-07
0,212340,6.6458546E-07
0,212350,6.64506E-07
0,212360,6.6442647E-07
0,212370,6.64347E-07
0,212380,6.6426753E-07
0,212390,6.6418806E-07
0,212400,6.641086E-07
0,212410,6.6402913E-07
0,212420,6.639497E-07
0,212430,6.638703E-07
0,212440,6.637909E-07
0,212450,6.637115E-07
0,212460,6.636321E-07
0,212470,6.6355267E-07
0,212480,6.634733E-07
0,212490,6.633939E-07
0,212500,6.6331455E-07
0,212510,6.632352E-07
0,212520,6.6315584E-07
0,212530,6.6307655E-07
0,212540,6.629972E-07
0,212550,6.629179E-07
0,212560,6.628386E-07
0,212570,6.627593E-07
0,212580,6.6268E-07
0,212590,6.6260077E-07
0,212600,6.625215E-07
0,212610,6.6244223E-07
0,212620,6.62363E-07
0,212630,6.6228375E-07
0,212640,6.622045E-07
0,212650,6.621253E-07
0,212660,6.620461E-07
0,212670,6.619669E-07
0,212680,6.618877E-07
0,212690,6.6180854E-07
0,212700,6.6172936E-07
0,212710,6.616502E-07
0,212720,6.6157105E-07
0,212730,6.6149187E-07
0,212740,6.6141274E-07
0,212750,6.613336E-07
0,212760,6.6125455E-07
0,212770,6.611754E-07
0,212780,6.610963E-07
0,212790,6.610172E-07
0,212800,6.6093816E-07
0,212810,6.608591E-07
0,212820,6.6078E-07
0,212830,6.60701E-07
0,212840,6.6062194E-07
0,212850,6.605429E-07
0,212860,6.604639E-07
0,212870,6.603849E-07
0,212880,6.603059E-07
0,212890,6.602269E-07
0,212900,6.601479E-07
0,212910,6.6006896E-07
0,212920,6.5998995E-07
0,212930,6.5991105E-07
0,212940,6.598321E-07
0,212950,6.5975314E-07
0,212960,6.5967424E-07
0,212970,6.595953E-07
0,212980,6.595164E-07
0,212990,6.594375E-07
0,213000,6.593586E-07
0,213010,6.5927975E-07
0,213020,6.5920085E-07
0,213030,6.59122E-07
0,213040,6.5904317E-07
0,213050,6.589643E-07
0,213060,6.588855E-07
0,213070,6.5880664E-07
0,213080,6.5872786E-07
0,213090,6.5864907E-07
0,213100,6.585703E-07
0,213110,6.584915E-07
0,213120,6.584127E-07
0,213130,6.5833393E-07
0,213140,6.582552E-07
0,213150,6.581764E-07
0,213160,6.580977E-07
0,213170,6.5801896E-07
0,213180,6.5794023E-07
0,213190,6.5786156E-07
0,213200,6.5778283E-07
0,213210,6.5770416E-07
0,213220,6.576255E-07
0,213230,6.575468E-07
0,213240,6.5746815E-07
0,213250,6.573895E-07
0,213260,6.5731086E-07
0,213270,6.5723225E-07
0,213280,6.571536E-07
0,213290,6.5707496E-07
0,213300,6.569964E-07
0,213310,6.569178E-07
0,213320,6.568392E-07
0,213330,6.567606E-07
0,213340,6.5668206E-07
0,213350,6.566035E-07
0,213360,6.5652495E-07
0,213370,6.564464E-07
0,213380,6.563679E-07
0,213390,6.562894E-07
0,213400,6.5621083E-07
0,213410,6.5613233E-07
0,213420,6.560538E-07
0,213430,6.559754E-07
0,213440,6.558969E-07
0,213450,6.5581844E-07
0,213460,6.5574E-07
0,213470,6.5566155E-07
0,213480,6.555831E-07
0,213490,6.5550466E-07
0,213500,6.554263E-07
0,213510,6.5534783E-07
0,213520,6.5526945E-07
0,213530,6.5519106E-07
0,213540,6.551127E-07
0,213550,6.5503434E-07
0,213560,6.5495595E-07
0,213570,6.548776E-07
0,213580,6.5479924E-07
0,213590,6.547209E-07
0,213600,6.5464263E-07
0,213610,6.545643E-07
0,213620,6.54486E-07
0,213630,6.544077E-07
0,213640,6.543294E-07
0,213650,6.5425115E-07
0,213660,6.541729E-07
0,213670,6.540946E-07
0,213680,6.5401633E-07
0,213690,6.539381E-07
0,213700,6.538599E-07
0,213710,6.537817E-07
0,213720,6.5370347E-07
0,213730,6.5362525E-07
0,213740,6.535471E-07
0,213750,6.534689E-07
0,213760,6.533907E-07
0,213770,6.5331255E-07
0,213780,6.532344E-07
0,213790,6.5315623E-07
0,213800,6.5307813E-07
0,213810,6.53E-07
0,213820,6.5292187E-07
0,213830,6.5284377E-07
0,213840,6.5276566E-07
0,213850,6.5268756E-07
0,213860,6.526095E-07
0,213870,6.525314E-07
0,213880,6.5245337E-07
0,213890,6.523753E-07
0,213900,6.522973E-07
0,213910,6.522192E-07
0,213920,6.521412E-07
0,213930,6.520632E-07
0,213940,6.519852E-07
0,213950,6.519072E-07
0,213960,6.518292E-07
0,213970,6.5175124E-07
0,213980,6.5167325E-07
0,213990,6.515953E-07
0,214000,6.515173E-07
0,214010,6.514394E-07
0,214020,6.5136146E-07
0,214030,6.512836E-07
0,214040,6.5120565E-07
0,214050,6.511277E-07
0,214060,6.5104985E-07
0,214070,6.5097197E-07
0,214080,6.508941E-07
0,214090,6.508162E-07
0,214100,6.507384E-07
0,214110,6.506605E-07
0,214120,6.505827E-07
0,214130,6.505049E-07
0,214140,6.5042707E-07
0,214150,6.5034925E-07
0,214160,6.5027143E-07
0,214170,6.5019367E-07
0,214180,6.5011585E-07
0,214190,6.500381E-07
0,214200,6.499603E-07
0,214210,6.4988257E-07
0,214220,6.498048E-07
0,214230,6.497271E-07
0,214240,6.496494E-07
0,214250,6.4957163E-07
0,214260,6.494939E-07
0,214270,6.494162E-07
0,214280,6.493386E-07
0,214290,6.4926087E-07
0,214300,6.491832E-07
0,214310,6.491056E-07
0,214320,6.490279E-07
0,214330,6.489503E-07
0,214340,6.4887263E-07
0,214350,6.48795E-07
0,214360,6.487174E-07
0,214370,6.486398E-07
0,214380,6.485622E-07
0,214390,6.484846E-07
0,214400,6.48407E-07
0,214410,6.4832943E-07
0,214420,6.482519E-07
0,214430,6.4817436E-07
0,214440,6.4809683E-07
0,214450,6.480193E-07
0,214460,6.4794176E-07
0,214470,6.478642E-07
0,214480,6.4778675E-07
0,214490,6.4770927E-07
0,214500,6.4763174E-07
0,214510,6.4755426E-07
0,214520,6.4747684E-07
0,214530,6.4739936E-07
0,214540,6.4732194E-07
0,214550,6.4724446E-07
0,214560,6.4716704E-07
0,214570,6.470896E-07
0,214580,6.470122E-07
0,214590,6.4693484E-07
0,214600,6.468574E-07
0,214610,6.4678005E-07
0,214620,6.467027E-07
0,214630,6.466253E-07
0,214640,6.4654796E-07
0,214650,6.464706E-07
0,214660,6.463933E-07
0,214670,6.463159E-07
0,214680,6.462386E-07
0,214690,6.461613E-07
0,214700,6.46084E-07
0,214710,6.4600675E-07
0,214720,6.4592945E-07
0,214730,6.458522E-07
0,214740,6.457749E-07
0,214750,6.4569764E-07
0,214760,6.4562045E-07
0,214770,6.455432E-07
0,214780,6.4546595E-07
0,214790,6.4538875E-07
0,214800,6.4531156E-07
0,214810,6.4523437E-07
0,214820,6.451572E-07
0,214830,6.4508E-07
0,214840,6.450028E-07
0,214850,6.4492565E-07
0,214860,6.448485E-07
0,214870,6.447714E-07
0,214880,6.4469424E-07
0,214890,6.446171E-07
0,214900,6.4453997E-07
0,214910,6.444629E-07
0,214920,6.4438575E-07
0,214930,6.4430867E-07
0,214940,6.442316E-07
0,214950,6.4415457E-07
0,214960,6.440775E-07
0,214970,6.440004E-07
0,214980,6.439234E-07
0,214990,6.4384636E-07
0,215000,6.4376934E-07
0,215010,6.436923E-07
0,215020,6.4361535E-07
0,215030,6.435383E-07
0,215040,6.4346136E-07
0,215050,6.433844E-07
0,215060,6.433074E-07
0,215070,6.4323046E-07
0,215080,6.431535E-07
0,215090,6.4307653E-07
0,215100,6.429996E-07
0,215110,6.429227E-07
0,215120,6.428458E-07
0,215130,6.427689E-07
0,215140,6.42692E-07
0,215150,6.4261513E-07
0,215160,6.425382E-07
0,215170,6.424614E-07
0,215180,6.423845E-07
0,215190,6.4230767E-07
0,215200,6.422308E-07
0,215210,6.42154E-07
0,215220,6.4207717E-07
0,215230,6.420004E-07
0,215240,6.419236E-07
0,215250,6.418468E-07
0,215260,6.4177E-07
0,215270,6.4169325E-07
0,215280,6.4161645E-07
0,215290,6.415397E-07
0,215300,6.41463E-07
0,215310,6.4138624E-07
0,215320,6.413095E-07
0,215330,6.4123276E-07
0,215340,6.411561E-07
0,215350,6.4107934E-07
0,215360,6.4100266E-07
0,215370,6.40926E-07
0,215380,6.408493E-07
0,215390,6.4077267E-07
0,215400,6.40696E-07
0,215410,6.4061936E-07
0,215420,6.4054274E-07
0,215430,6.404661E-07
0,215440,6.403895E-07
0,215450,6.4031286E-07
0,215460,6.4023624E-07
0,215470,6.4015967E-07
0,215480,6.400831E-07
0,215490,6.4000653E-07
0,215500,6.3992997E-07
0,215510,6.398534E-07
0,215520,6.397769E-07
0,215530,6.397003E-07
0,215540,6.396238E-07
0,215550,6.395473E-07
0,215560,6.394708E-07
0,215570,6.393943E-07
0,215580,6.3931776E-07
0,215590,6.392413E-07
0,215600,6.3916485E-07
0,215610,6.390884E-07
0,215620,6.3901194E-07
0,215630,6.389355E-07
0,215640,6.3885904E-07
0,215650,6.3878264E-07
0,215660,6.387062E-07
0,215670,6.386298E-07
0,215680,6.385534E-07
0,215690,6.38477E-07
0,215700,6.3840065E-07
0,215710,6.3832425E-07
0,215720,6.382479E-07
0,215730,6.381715E-07
0,215740,6.380952E-07
0,215750,6.3801883E-07
0,215760,6.3794255E-07
0,215770,6.378662E-07
0,215780,6.377899E-07
0,215790,6.3771364E-07
0,215800,6.376373E-07
0,215810,6.375611E-07
0,215820,6.374848E-07
0,215830,6.374085E-07
0,215840,6.373323E-07
0,215850,6.37256E-07
0,215860,6.3717977E-07
0,215870,6.3710354E-07
0,215880,6.3702737E-07
0,215890,6.3695114E-07
0,215900,6.368749E-07
0,215910,6.3679875E-07
0,215920,6.367226E-07
0,215930,6.366464E-07
0,215940,6.3657023E-07
0,215950,6.364941E-07
0,215960,6.3641795E-07
0,215970,6.3634184E-07
0,215980,6.3626567E-07
0,215990,6.3618955E-07
0,216000,6.361135E-07
0,216010,6.360374E-07
0,216020,6.3596127E-07
0,216030,6.358852E-07
0,216040,6.3580916E-07
0,216050,6.357331E-07
0,216060,6.3565705E-07
0,216070,6.35581E-07
0,216080,6.3550493E-07
0,216090,6.3542893E-07
0,216100,6.3535293E-07
0,216110,6.352769E-07
0,216120,6.3520093E-07
0,216130,6.3512493E-07
0,216140,6.3504893E-07
0,216150,6.34973E-07
0,216160,6.34897E-07
0,216170,6.3482105E-07
0,216180,6.347451E-07
0,216190,6.3466916E-07
0,216200,6.345933E-07
0,216210,6.3451733E-07
0,216220,6.3444145E-07
0,216230,6.3436556E-07
0,216240,6.342897E-07
0,216250,6.342138E-07
0,216260,6.341379E-07
0,216270,6.34062E-07
0,216280,6.339862E-07
0,216290,6.3391036E-07
0,216300,6.3383453E-07
0,216310,6.337587E-07
0,216320,6.336829E-07
0,216330,6.3360704E-07
0,216340,6.335313E-07
0,216350,6.334555E-07
0,216360,6.333797E-07
0,216370,6.3330396E-07
0,216380,6.332282E-07
0,216390,6.331524E-07
0,216400,6.330767E-07
0,216410,6.330009E-07
0,216420,6.329252E-07
0,216430,6.328495E-07
0,216440,6.327738E-07
0,216450,6.326981E-07
0,216460,6.326224E-07
0,216470,6.3254674E-07
0,216480,6.324711E-07
0,216490,6.3239537E-07
0,216500,6.3231977E-07
0,216510,6.322441E-07
0,216520,6.3216845E-07
0,216530,6.3209285E-07
0,216540,6.3201725E-07
0,216550,6.3194165E-07
0,216560,6.3186604E-07
0,216570,6.3179044E-07
0,216580,6.3171484E-07
0,216590,6.316393E-07
0,216600,6.315637E-07
0,216610,6.3148815E-07
0,216620,6.314126E-07
0,216630,6.313371E-07
0,216640,6.3126157E-07
0,216650,6.31186E-07
0,216660,6.3111054E-07
0,216670,6.3103505E-07
0,216680,6.3095956E-07
0,216690,6.308841E-07
0,216700,6.308086E-07
0,216710,6.3073315E-07
0,216720,6.3065767E-07
0,216730,6.3058224E-07
0,216740,6.305068E-07
0,216750,6.304314E-07
0,216760,6.3035594E-07
0,216770,6.3028057E-07
0,216780,6.3020514E-07
0,216790,6.3012976E-07
0,216800,6.300544E-07
0,216810,6.29979E-07
0,216820,6.2990364E-07
0,216830,6.2982826E-07
0,216840,6.2975295E-07
0,216850,6.2967763E-07
0,216860,6.2960225E-07
0,216870,6.2952694E-07
0,216880,6.294517E-07
0,216890,6.2937636E-07
0,216900,6.2930104E-07
0,216910,6.292258E-07
0,216920,6.291505E-07
0,216930,6.2907526E-07
0,216940,6.29E-07
0,216950,6.2892474E-07
0,216960,6.288495E-07
0,216970,6.287743E-07
0,216980,6.2869907E-07
0,216990,6.2862387E-07
0,217000,6.2854866E-07
0,217010,6.2847346E-07
0,217020,6.2839825E-07
0,217030,6.283231E-07
0,217040,6.282479E-07
0,217050,6.2817276E-07
0,217060,6.280976E-07
0,217070,6.2802246E-07
0,217080,6.279474E-07
0,217090,6.278722E-07
0,217100,6.2779714E-07
0,217110,6.2772205E-07
0,217120,6.2764695E-07
0,217130,6.2757186E-07
0,217140,6.274968E-07
0,217150,6.274217E-07
0,217160,6.2734665E-07
0,217170,6.272716E-07
0,217180,6.271966E-07
0,217190,6.2712155E-07
0,217200,6.270465E-07
0,217210,6.269715E-07
0,217220,6.268965E-07
0,217230,6.268215E-07
0,217240,6.267465E-07
0,217250,6.266715E-07
0,217260,6.2659655E-07
0,217270,6.265216E-07
0,217280,6.2644665E-07
0,217290,6.2637173E-07
0,217300,6.262968E-07
0,217310,6.262219E-07
0,217320,6.2614697E-07
0,217330,6.2607205E-07
0,217340,6.2599713E-07
0,217350,6.2592227E-07
0,217360,6.258474E-07
0,217370,6.2577254E-07
0,217380,6.256977E-07
0,217390,6.256228E-07
0,217400,6.2554795E-07
0,217410,6.2547315E-07
0,217420,6.253983E-07
0,217430,6.253235E-07
0,217440,6.252487E-07
0,217450,6.2517387E-07
0,217460,6.250991E-07
0,217470,6.250243E-07
0,217480,6.2494956E-07
0,217490,6.248748E-07
0,217500,6.248E-07
0,217510,6.247253E-07
0,217520,6.2465057E-07
0,217530,6.245758E-07
0,217540,6.245011E-07
0,217550,6.2442643E-07
0,217560,6.243517E-07
0,217570,6.24277E-07
0,217580,6.2420236E-07
0,217590,6.2412767E-07
0,217600,6.2405303E-07
0,217610,6.2397834E-07
0,217620,6.239037E-07
0,217630,6.2382907E-07
0,217640,6.2375443E-07
0,217650,6.236798E-07
0,217660,6.236052E-07
0,217670,6.235306E-07
0,217680,6.23456E-07
0,217690,6.233814E-07
0,217700,6.2330685E-07
0,217710,6.2323227E-07
0,217720,6.2315775E-07
0,217730,6.2308317E-07
0,217740,6.2300865E-07
0,217750,6.229341E-07
0,217760,6.228596E-07
0,217770,6.227851E-07
0,217780,6.227106E-07
0,217790,6.226361E-07
0,217800,6.2256163E-07
0,217810,6.224871E-07
0,217820,6.2241264E-07
0,217830,6.2233823E-07
0,217840,6.2226377E-07
0,217850,6.221893E-07
0,217860,6.221149E-07
0,217870,6.220405E-07
0,217880,6.219661E-07
0,217890,6.218917E-07
0,217900,6.2181726E-07
0,217910,6.2174286E-07
0,217920,6.216685E-07
0,217930,6.215941E-07
0,217940,6.2151975E-07
0,217950,6.214454E-07
0,217960,6.2137104E-07
0,217970,6.2129675E-07
0,217980,6.212224E-07
0,217990,6.211481E-07
0,218000,6.210738E-07
0,218010,6.2099946E-07
0,218020,6.209252E-07
0,218030,6.208509E-07
0,218040,6.2077663E-07
0,218050,6.207024E-07
0,218060,6.2062816E-07
0,218070,6.2055386E-07
0,218080,6.204796E-07
0,218090,6.2040544E-07
0,218100,6.203312E-07
0,218110,6.2025697E-07
0,218120,6.201828E-07
0,218130,6.201086E-07
0,218140,6.200344E-07
0,218150,6.1996025E-07
0,218160,6.1988607E-07
0,218170,6.1981194E-07
0,218180,6.1973776E-07
0,218190,6.1966364E-07
0,218200,6.195895E-07
0,218210,6.195154E-07
0,218220,6.1944127E-07
0,218230,6.193672E-07
0,218240,6.192931E-07
0,218250,6.19219E-07
0,218260,6.1914494E-07
0,218270,6.190709E-07
0,218280,6.189968E-07
0,218290,6.1892274E-07
0,218300,6.1884873E-07
0,218310,6.1877466E-07
0,218320,6.1870065E-07
0,218330,6.1862664E-07
0,218340,6.1855263E-07
0,218350,6.184786E-07
0,218360,6.1840467E-07
0,218370,6.1833066E-07
0,218380,6.182567E-07
0,218390,6.1818275E-07
0,218400,6.181088E-07
0,218410,6.1803485E-07
0,218420,6.179609E-07
0,218430,6.17887E-07
0,218440,6.1781304E-07
0,218450,6.1773915E-07
0,218460,6.1766525E-07
0,218470,6.1759135E-07
0,218480,6.175175E-07
0,218490,6.174436E-07
0,218500,6.173698E-07
0,218510,6.172959E-07
0,218520,6.1722204E-07
0,218530,6.171482E-07
0,218540,6.1707436E-07
0,218550,6.170006E-07
0,218560,6.1692674E-07
0,218570,6.1685296E-07
0,218580,6.167792E-07
0,218590,6.167054E-07
0,218600,6.166316E-07
0,218610,6.165578E-07
0,218620,6.164841E-07
0,218630,6.164103E-07
0,218640,6.163366E-07
0,218650,6.1626287E-07
0,218660,6.1618914E-07
0,218670,6.161154E-07
0,218680,6.1604175E-07
0,218690,6.15968E-07
0,218700,6.1589435E-07
0,218710,6.158207E-07
0,218720,6.15747E-07
0,218730,6.1567334E-07
0,218740,6.155997E-07
0,218750,6.15526E-07
0,218760,6.154524E-07
0,218770,6.153788E-07
0,218780,6.1530517E-07
0,218790,6.1523156E-07
0,218800,6.1515794E-07
0,218810,6.1508433E-07
0,218820,6.150108E-07
0,218830,6.149372E-07
0,218840,6.1486367E-07
0,218850,6.147901E-07
0,218860,6.1471655E-07
0,218870,6.14643E-07
0,218880,6.1456944E-07
0,218890,6.1449595E-07
0,218900,6.1442245E-07
0,218910,6.1434895E-07
0,218920,6.1427545E-07
0,218930,6.1420195E-07
0,218940,6.141285E-07
0,218950,6.14055E-07
0,218960,6.1398157E-07
0,218970,6.139081E-07
0,218980,6.138347E-07
0,218990,6.1376124E-07
0,219000,6.136878E-07
0,219010,6.136144E-07
0,219020,6.13541E-07
0,219030,6.134676E-07
0,219040,6.133942E-07
0,219050,6.133208E-07
0,219060,6.1324744E-07
0,219070,6.131741E-07
0,219080,6.131007E-07
0,219090,6.130274E-07
0,219100,6.1295407E-07
0,219110,6.1288074E-07
0,219120,6.128074E-07
0,219130,6.1273414E-07
0,219140,6.126608E-07
0,219150,6.1258754E-07
0,219160,6.125142E-07
0,219170,6.1244094E-07
0,219180,6.1236767E-07
0,219190,6.1229446E-07
0,219200,6.122212E-07
0,219210,6.1214797E-07
0,219220,6.120747E-07
0,219230,6.120015E-07
0,219240,6.119283E-07
0,219250,6.118551E-07
0,219260,6.117819E-07
0,219270,6.117087E-07
0,219280,6.116355E-07
0,219290,6.1156237E-07
0,219300,6.114892E-07
0,219310,6.1141606E-07
0,219320,6.113429E-07
0,219330,6.112698E-07
0,219340,6.1119664E-07
0,219350,6.1112354E-07
0,219360,6.1105044E-07
0,219370,6.1097734E-07
0,219380,6.1090424E-07
0,219390,6.1083114E-07
0,219400,6.107581E-07
0,219410,6.10685E-07
0,219420,6.1061195E-07
0,219430,6.105389E-07
0,219440,6.1046586E-07
0,219450,6.103929E-07
0,219460,6.1031983E-07
0,219470,6.1024684E-07
0,219480,6.101738E-07
0,219490,6.101008E-07
0,219500,6.100278E-07
0,219510,6.0995484E-07
0,219520,6.098819E-07
0,219530,6.098089E-07
0,219540,6.09736E-07
0,219550,6.0966306E-07
0,219560,6.0959013E-07
0,219570,6.095172E-07
0,219580,6.0944427E-07
0,219590,6.0937134E-07
0,219600,6.0929847E-07
0,219610,6.092256E-07
0,219620,6.0915266E-07
0,219630,6.0907985E-07
0,219640,6.09007E-07
0,219650,6.089341E-07
0,219660,6.088612E-07
0,219670,6.087884E-07
0,219680,6.087156E-07
0,219690,6.086428E-07
0,219700,6.0856996E-07
0,219710,6.0849715E-07
0,219720,6.084244E-07
0,219730,6.0835157E-07
0,219740,6.082788E-07
0,219750,6.0820605E-07
0,219760,6.081333E-07
0,219770,6.0806053E-07
0,219780,6.079878E-07
0,219790,6.0791507E-07
0,219800,6.078423E-07
0,219810,6.077696E-07
0,219820,6.076969E-07
0,219830,6.076242E-07
0,219840,6.075515E-07
0,219850,6.0747885E-07
0,219860,6.0740615E-07
0,219870,6.073335E-07
0,219880,6.0726086E-07
0,219890,6.071882E-07
0,219900,6.0711557E-07
0,219910,6.070429E-07
0,219920,6.0697033E-07
0,219930,6.068977E-07
0,219940,6.068251E-07
0,219950,6.067525E-07
0,219960,6.066799E-07
0,219970,6.0660733E-07
0,219980,6.065348E-07
0,219990,6.064622E-07
0,220000,6.063897E-07
0,220010,6.0631714E-07
0,220020,6.062446E-07
0,220030,6.061721E-07
0,220040,6.0609955E-07
0,220050,6.060271E-07
0,220060,6.0595454E-07
0,220070,6.0588206E-07
0,220080,6.058096E-07
0,220090,6.057371E-07
0,220100,6.0566464E-07
0,220110,6.055922E-07
0,220120,6.0551974E-07
0,220130,6.054473E-07
0,220140,6.053749E-07
0,220150,6.053025E-07
0,220160,6.0523007E-07
0,220170,6.0515765E-07
0,220180,6.050853E-07
0,220190,6.050129E-07
0,220200,6.049405E-07
0,220210,6.0486815E-07
0,220220,6.047958E-07
0,220230,6.047234E-07
0,220240,6.0465106E-07
0,220250,6.0457876E-07
0,220260,6.045064E-07
0,220270,6.044341E-07
0,220280,6.043618E-07
0,220290,6.042895E-07
0,220300,6.0421723E-07
0,220310,6.0414493E-07
0,220320,6.040727E-07
0,220330,6.040004E-07
0,220340,6.0392813E-07
0,220350,6.038559E-07
0,220360,6.0378363E-07
0,220370,6.0371144E-07
0,220380,6.036392E-07
0,220390,6.03567E-07
0,220400,6.034948E-07
0,220410,6.034226E-07
0,220420,6.0335043E-07
0,220430,6.0327824E-07
0,220440,6.0320605E-07
0,220450,6.031339E-07
0,220460,6.030617E-07
0,220470,6.029896E-07
0,220480,6.0291745E-07
0,220490,6.028453E-07
0,220500,6.0277324E-07
0,220510,6.027011E-07
0,220520,6.0262903E-07
0,220530,6.0255695E-07
0,220540,6.024848E-07
0,220550,6.024128E-07
0,220560,6.023407E-07
0,220570,6.0226864E-07
0,220580,6.021966E-07
0,220590,6.0212454E-07
0,220600,6.020525E-07
0,220610,6.019805E-07
0,220620,6.019085E-07
0,220630,6.0183646E-07
0,220640,6.017645E-07
0,220650,6.016925E-07
0,220660,6.016205E-07
0,220670,6.0154855E-07
0,220680,6.014766E-07
0,220690,6.014046E-07
0,220700,6.013327E-07
0,220710,6.0126075E-07
0,220720,6.0118884E-07
0,220730,6.011169E-07
0,220740,6.01045E-07
0,220750,6.0097307E-07
0,220760,6.009012E-07
0,220770,6.008293E-07
0,220780,6.0075746E-07
0,220790,6.0068555E-07
0,220800,6.006137E-07
0,220810,6.0054185E-07
0,220820,6.0047E-07
0,220830,6.003982E-07
0,220840,6.0032636E-07
0,220850,6.0025457E-07
0,220860,6.001827E-07
0,220870,6.001109E-07
0,220880,6.0003913E-07
0,220890,5.999674E-07
0,220900,5.998956E-07
0,220910,5.998238E-07
0,220920,5.9975207E-07
0,220930,5.9968033E-07
0,220940,5.996086E-07
0,220950,5.9953686E-07
0,220960,5.994651E-07
0,220970,5.9939345E-07
0,220980,5.993217E-07
0,220990,5.9925003E-07
0,221000,5.9917835E-07
0,221010,5.9910667E-07
0,221020,5.99035E-07
0,221030,5.989633E-07
0,221040,5.988917E-07
0,221050,5.9882E-07
0,221060,5.987484E-07
0,221070,5.9867676E-07
0,221080,5.9860514E-07
0,221090,5.985335E-07
0,221100,5.9846195E-07
0,221110,5.9839033E-07
0,221120,5.9831876E-07
0,221130,5.982472E-07
0,221140,5.9817563E-07
0,221150,5.9810407E-07
0,221160,5.980325E-07
0,221170,5.97961E-07
0,221180,5.978894E-07
0,221190,5.978179E-07
0,221200,5.977464E-07
0,221210,5.976749E-07
0,221220,5.976034E-07
0,221230,5.975319E-07
0,221240,5.974604E-07
0,221250,5.973889E-07
0,221260,5.9731747E-07
0,221270,5.97246E-07
0,221280,5.9717456E-07
0,221290,5.971031E-07
0,221300,5.970317E-07
0,221310,5.9696026E-07
0,221320,5.9688887E-07
0,221330,5.968175E-07
0,221340,5.967461E-07
0,221350,5.966747E-07
0,221360,5.966033E-07
0,221370,5.9653195E-07
0,221380,5.9646055E-07
0,221390,5.963892E-07
0,221400,5.963179E-07
0,221410,5.9624654E-07
0,221420,5.961752E-07
0,221430,5.961039E-07
0,221440,5.960326E-07
0,221450,5.959613E-07
0,221460,5.9588996E-07
0,221470,5.958187E-07
0,221480,5.957474E-07
0,221490,5.9567617E-07
0,221500,5.956049E-07
0,221510,5.9553366E-07
0,221520,5.954624E-07
0,221530,5.9539116E-07
0,221540,5.9531993E-07
0,221550,5.952487E-07
0,221560,5.9517754E-07
0,221570,5.951063E-07
0,221580,5.9503515E-07
0,221590,5.949639E-07
0,221600,5.9489275E-07
0,221610,5.948216E-07
0,221620,5.947504E-07
0,221630,5.946793E-07
0,221640,5.9460814E-07
0,221650,5.94537E-07
0,221660,5.944659E-07
0,221670,5.943948E-07
0,221680,5.943237E-07
0,221690,5.942526E-07
0,221700,5.941815E-07
0,221710,5.941104E-07
0,221720,5.940393E-07
0,221730,5.9396825E-07
0,221740,5.938972E-07
0,221750,5.9382614E-07
0,221760,5.9375515E-07
0,221770,5.936841E-07
0,221780,5.936131E-07
0,221790,5.9354204E-07
0,221800,5.9347104E-07
0,221810,5.9340005E-07
0,221820,5.933291E-07
0,221830,5.932581E-07
0,221840,5.931871E-07
0,221850,5.9311617E-07
0,221860,5.9304523E-07
0,221870,5.929743E-07
0,221880,5.9290335E-07
0,221890,5.928324E-07
0,221900,5.9276147E-07
0,221910,5.926906E-07
0,221920,5.926197E-07
0,221930,5.9254876E-07
0,221940,5.924779E-07
0,221950,5.92407E-07
0,221960,5.9233616E-07
0,221970,5.922653E-07
0,221980,5.9219445E-07
0,221990,5.9212357E-07
0,222000,5.9205274E-07
0,222010,5.919819E-07
0,222020,5.919111E-07
0,222030,5.918403E-07
0,222040,5.917695E-07
0,222050,5.916987E-07
0,222060,5.9162795E-07
0,222070,5.915571E-07
0,222080,5.914864E-07
0,222090,5.9141564E-07
0,222100,5.913449E-07
0,222110,5.9127416E-07
0,222120,5.912034E-07
0,222130,5.911327E-07
0,222140,5.9106196E-07
0,222150,5.9099125E-07
0,222160,5.9092054E-07
0,222170,5.908499E-07
0,222180,5.9077917E-07
0,222190,5.907085E-07
0,222200,5.9063785E-07
0,222210,5.905672E-07
0,222220,5.9049654E-07
0,222230,5.904259E-07
0,222240,5.903553E-07
0,222250,5.902846E-07
0,222260,5.9021403E-07
0,222270,5.9014343E-07
0,222280,5.9007283E-07
0,222290,5.9000223E-07
0,222300,5.8993163E-07
0,222310,5.898611E-07
0,222320,5.897905E-07
0,222330,5.8971995E-07
0,222340,5.896494E-07
0,222350,5.8957886E-07
0,222360,5.895083E-07
0,222370,5.8943783E-07
0,222380,5.893673E-07
0,222390,5.892968E-07
0,222400,5.892263E-07
0,222410,5.8915583E-07
0,222420,5.8908535E-07
0,222430,5.8901486E-07
0,222440,5.8894443E-07
0,222450,5.8887395E-07
0,222460,5.888035E-07
0,222470,5.887331E-07
0,222480,5.8866266E-07
0,222490,5.8859223E-07
0,222500,5.885218E-07
0,222510,5.884514E-07
0,222520,5.88381E-07
0,222530,5.883106E-07
0,222540,5.8824025E-07
0,222550,5.881699E-07
0,222560,5.880995E-07
0,222570,5.8802914E-07
0,222580,5.879588E-07
0,222590,5.8788845E-07
0,222600,5.8781814E-07
0,222610,5.877478E-07
0,222620,5.876775E-07
0,222630,5.876072E-07
0,222640,5.8753693E-07
0,222650,5.874666E-07
0,222660,5.8739636E-07
0,222670,5.873261E-07
0,222680,5.8725584E-07
0,222690,5.871856E-07
0,222700,5.871153E-07
0,222710,5.8704507E-07
0,222720,5.8697486E-07
0,222730,5.8690466E-07
0,222740,5.8683446E-07
0,222750,5.8676426E-07
0,222760,5.8669406E-07
0,222770,5.8662386E-07
0,222780,5.8655365E-07
0,222790,5.864835E-07
0,222800,5.8641336E-07
0,222810,5.863432E-07
0,222820,5.862731E-07
0,222830,5.8620293E-07
0,222840,5.861328E-07
0,222850,5.860627E-07
0,222860,5.8599255E-07
0,222870,5.8592246E-07
0,222880,5.858524E-07
0,222890,5.857823E-07
0,222900,5.857122E-07
0,222910,5.8564217E-07
0,222920,5.855721E-07
0,222930,5.8550205E-07
0,222940,5.85432E-07
0,222950,5.8536193E-07
0,222960,5.8529196E-07
0,222970,5.852219E-07
0,222980,5.851519E-07
0,222990,5.850819E-07
0,223000,5.850119E-07
0,223010,5.849419E-07
0,223020,5.8487194E-07
0,223030,5.8480197E-07
0,223040,5.8473205E-07
0,223050,5.846621E-07
0,223060,5.8459216E-07
0,223070,5.845222E-07
0,223080,5.8445227E-07
0,223090,5.8438235E-07
0,223100,5.8431243E-07
0,223110,5.8424257E-07
0,223120,5.8417265E-07
0,223130,5.841028E-07
0,223140,5.840329E-07
0,223150,5.83963E-07
0,223160,5.8389315E-07
0,223170,5.8382335E-07
0,223180,5.837535E-07
0,223190,5.8368363E-07
0,223200,5.836138E-07
0,223210,5.83544E-07
0,223220,5.834742E-07
0,223230,5.834044E-07
0,223240,5.833346E-07
0,223250,5.832648E-07
0,223260,5.8319506E-07
0,223270,5.8312526E-07
0,223280,5.830555E-07
0,223290,5.8298576E-07
0,223300,5.82916E-07
0,223310,5.828463E-07
0,223320,5.827766E-07
0,223330,5.8270683E-07
0,223340,5.8263714E-07
0,223350,5.8256745E-07
0,223360,5.8249776E-07
0,223370,5.824281E-07
0,223380,5.823584E-07
0,223390,5.8228875E-07
0,223400,5.8221906E-07
0,223410,5.821494E-07
0,223420,5.820798E-07
0,223430,5.8201016E-07
0,223440,5.819405E-07
0,223450,5.818709E-07
0,223460,5.818013E-07
0,223470,5.817317E-07
0,223480,5.816621E-07
0,223490,5.8159253E-07
0,223500,5.8152295E-07
0,223510,5.814534E-07
0,223520,5.813838E-07
0,223530,5.813143E-07
0,223540,5.8124476E-07
0,223550,5.811752E-07
0,223560,5.8110567E-07
0,223570,5.8103615E-07
0,223580,5.809666E-07
0,223590,5.8089717E-07
0,223600,5.8082765E-07
0,223610,5.807582E-07
0,223620,5.806887E-07
0,223630,5.8061926E-07
0,223640,5.805498E-07
0,223650,5.8048033E-07
0,223660,5.8041087E-07
0,223670,5.8034146E-07
0,223680,5.80272E-07
0,223690,5.802026E-07
0,223700,5.801332E-07
0,223710,5.800638E-07
0,223720,5.7999443E-07
0,223730,5.7992503E-07
0,223740,5.798556E-07
0,223750,5.797863E-07
0,223760,5.797169E-07
0,223770,5.796476E-07
0,223780,5.795782E-07
0,223790,5.795089E-07
0,223800,5.794396E-07
0,223810,5.7937024E-07
0,223820,5.7930094E-07
0,223830,5.7923165E-07
0,223840,5.7916236E-07
0,223850,5.7909307E-07
0,223860,5.790238E-07
0,223870,5.7895454E-07
0,223880,5.7888525E-07
0,223890,5.78816E-07
0,223900,5.787468E-07
0,223910,5.7867754E-07
0,223920,5.786083E-07
0,223930,5.785391E-07
0,223940,5.784699E-07
0,223950,5.7840066E-07
0,223960,5.783315E-07
0,223970,5.782623E-07
0,223980,5.781931E-07
0,223990,5.7812395E-07
0,224000,5.780548E-07
0,224010,5.7798565E-07
0,224020,5.779165E-07
0,224030,5.7784735E-07
0,224040,5.777782E-07
0,224050,5.777091E-07
0,224060,5.7764004E-07
0,224070,5.775709E-07
0,224080,5.775018E-07
0,224090,5.7743273E-07
0,224100,5.7736366E-07
0,224110,5.772946E-07
0,224120,5.7722553E-07
0,224130,5.7715647E-07
0,224140,5.770874E-07
0,224150,5.770184E-07
0,224160,5.769494E-07
0,224170,5.768803E-07
0,224180,5.768113E-07
0,224190,5.767423E-07
0,224200,5.7667336E-07
0,224210,5.7660435E-07
0,224220,5.765354E-07
0,224230,5.764664E-07
0,224240,5.7639744E-07
0,224250,5.763285E-07
0,224260,5.7625954E-07
0,224270,5.761906E-07
0,224280,5.761217E-07
0,224290,5.7605274E-07
0,224300,5.7598385E-07
0,224310,5.7591495E-07
0,224320,5.7584606E-07
0,224330,5.7577716E-07
0,224340,5.7570827E-07
0,224350,5.7563943E-07
0,224360,5.7557054E-07
0,224370,5.755017E-07
0,224380,5.7543286E-07
0,224390,5.75364E-07
0,224400,5.752952E-07
0,224410,5.7522635E-07
0,224420,5.751575E-07
0,224430,5.7508873E-07
0,224440,5.7501995E-07
0,224450,5.749512E-07
0,224460,5.748824E-07
0,224470,5.748136E-07
0,224480,5.7474483E-07
0,224490,5.746761E-07
0,224500,5.746073E-07
0,224510,5.745386E-07
0,224520,5.744699E-07
0,224530,5.7440116E-07
0,224540,5.7433243E-07
0,224550,5.742637E-07
0,224560,5.7419504E-07
0,224570,5.741263E-07
0,224580,5.7405765E-07
0,224590,5.73989E-07
0,224600,5.739203E-07
0,224610,5.7385165E-07
0,224620,5.73783E-07
0,224630,5.737144E-07
0,224640,5.736457E-07
0,224650,5.735771E-07
0,224660,5.735085E-07
0,224670,5.734399E-07
0,224680,5.7337127E-07
0,224690,5.733027E-07
0,224700,5.732341E-07
0,224710,5.7316555E-07
0,224720,5.7309694E-07
0,224730,5.730284E-07
0,224740,5.7295983E-07
0,224750,5.7289134E-07
0,224760,5.728228E-07
0,224770,5.7275423E-07
0,224780,5.7268574E-07
0,224790,5.7261724E-07
0,224800,5.7254874E-07
0,224810,5.7248025E-07
0,224820,5.7241175E-07
0,224830,5.7234325E-07
0,224840,5.722748E-07
0,224850,5.722063E-07
0,224860,5.721379E-07
0,224870,5.7206944E-07
0,224880,5.72001E-07
0,224890,5.7193256E-07
0,224900,5.718642E-07
0,224910,5.7179574E-07
0,224920,5.7172736E-07
0,224930,5.71659E-07
0,224940,5.715906E-07
0,224950,5.715222E-07
0,224960,5.714538E-07
0,224970,5.7138544E-07
0,224980,5.713171E-07
0,224990,5.7124873E-07
0,225000,5.711804E-07
0,225010,5.711121E-07
0,225020,5.7104376E-07
0,225030,5.709755E-07
0,225040,5.7090716E-07
0,225050,5.7083884E-07
0,225060,5.7077057E-07
0,225070,5.707023E-07
0,225080,5.7063403E-07
0,225090,5.7056576E-07
0,225100,5.704975E-07
0,225110,5.704293E-07
0,225120,5.70361E-07
0,225130,5.702928E-07
0,225140,5.702246E-07
0,225150,5.701563E-07
0,225160,5.7008816E-07
0,225170,5.7001995E-07
0,225180,5.6995174E-07
0,225190,5.698836E-07
0,225200,5.6981537E-07
0,225210,5.697472E-07
0,225220,5.6967906E-07
0,225230,5.696109E-07
0,225240,5.6954275E-07
0,225250,5.6947465E-07
0,225260,5.694065E-07
0,225270,5.693384E-07
0,225280,5.692703E-07
0,225290,5.692022E-07
0,225300,5.691341E-07
0,225310,5.69066E-07
0,225320,5.6899796E-07
0,225330,5.6892986E-07
0,225340,5.688618E-07
0,225350,5.687938E-07
0,225360,5.6872574E-07
0,225370,5.686577E-07
0,225380,5.6858966E-07
0,225390,5.685216E-07
0,225400,5.6845363E-07
0,225410,5.683856E-07
0,225420,5.683176E-07
0,225430,5.682496E-07
0,225440,5.6818163E-07
0,225450,5.681137E-07
0,225460,5.680457E-07
0,225470,5.679778E-07
0,225480,5.679098E-07
0,225490,5.678419E-07
0,225500,5.6777395E-07
0,225510,5.67706E-07
0,225520,5.676381E-07
0,225530,5.675702E-07
0,225540,5.675023E-07
0,225550,5.674344E-07
0,225560,5.6736656E-07
0,225570,5.672987E-07
0,225580,5.672308E-07
0,225590,5.6716294E-07
0,225600,5.670951E-07
0,225610,5.6702726E-07
0,225620,5.6695944E-07
0,225630,5.6689163E-07
0,225640,5.668238E-07
0,225650,5.66756E-07
0,225660,5.666882E-07
0,225670,5.666204E-07
0,225680,5.665526E-07
0,225690,5.664848E-07
0,225700,5.6641704E-07
0,225710,5.663493E-07
0,225720,5.662815E-07
0,225730,5.662138E-07
0,225740,5.6614607E-07
0,225750,5.6607837E-07
0,225760,5.660106E-07
0,225770,5.659429E-07
0,225780,5.658752E-07
0,225790,5.658075E-07
0,225800,5.657398E-07
0,225810,5.6567217E-07
0,225820,5.6560447E-07
0,225830,5.655368E-07
0,225840,5.654692E-07
0,225850,5.6540154E-07
0,225860,5.653339E-07
0,225870,5.6526625E-07
0,225880,5.651986E-07
0,225890,5.65131E-07
0,225900,5.6506343E-07
0,225910,5.649958E-07
0,225920,5.649282E-07
0,225930,5.6486067E-07
0,225940,5.647931E-07
0,225950,5.647255E-07
0,225960,5.6465797E-07
0,225970,5.645904E-07
0,225980,5.6452285E-07
0,225990,5.644553E-07
0,226000,5.643878E-07
0,226010,5.6432026E-07
0,226020,5.642528E-07
0,226030,5.6418526E-07
0,226040,5.641178E-07
0,226050,5.640503E-07
0,226060,5.6398284E-07
0,226070,5.6391536E-07
0,226080,5.638479E-07
0,226090,5.637804E-07
0,226100,5.63713E-07
0,226110,5.636456E-07
0,226120,5.635781E-07
0,226130,5.635107E-07
0,226140,5.634433E-07
0,226150,5.633759E-07
0,226160,5.633085E-07
0,226170,5.632411E-07
0,226180,5.631737E-07
0,226190,5.6310637E-07
0,226200,5.63039E-07
0,226210,5.6297165E-07
0,226220,5.629043E-07
0,226230,5.6283693E-07
0,226240,5.627696E-07
0,226250,5.627023E-07
0,226260,5.6263497E-07
0,226270,5.6256766E-07
0,226280,5.6250036E-07
0,226290,5.624331E-07
0,226300,5.623658E-07
0,226310,5.622985E-07
0,226320,5.6223126E-07
0,226330,5.62164E-07
0,226340,5.620968E-07
0,226350,5.620295E-07
0,226360,5.619623E-07
0,226370,5.6189504E-07
0,226380,5.6182785E-07
0,226390,5.617606E-07
0,226400,5.616934E-07
0,226410,5.616262E-07
0,226420,5.6155903E-07
0,226430,5.6149185E-07
0,226440,5.614247E-07
0,226450,5.613575E-07
0,226460,5.612904E-07
0,226470,5.612232E-07
0,226480,5.6115607E-07
0,226490,5.6108894E-07
0,226500,5.6102186E-07
0,226510,5.6095473E-07
0,226520,5.608876E-07
0,226530,5.608205E-07
0,226540,5.6075345E-07
0,226550,5.606864E-07
0,226560,5.606193E-07
0,226570,5.605522E-07
0,226580,5.6048515E-07
0,226590,5.6041813E-07
0,226600,5.6035105E-07
0,226610,5.6028404E-07
0,226620,5.60217E-07
0,226630,5.6015E-07
0,226640,5.60083E-07
0,226650,5.6001596E-07
0,226660,5.59949E-07
0,226670,5.59882E-07
0,226680,5.59815E-07
0,226690,5.5974806E-07
0,226700,5.596811E-07
0,226710,5.5961414E-07
0,226720,5.595472E-07
0,226730,5.5948027E-07
0,226740,5.594133E-07
0,226750,5.593464E-07
0,226760,5.592795E-07
0,226770,5.592126E-07
0,226780,5.591457E-07
0,226790,5.590788E-07
0,226800,5.590119E-07
0,226810,5.5894503E-07
0,226820,5.588782E-07
0,226830,5.5881134E-07
0,226840,5.587445E-07
0,226850,5.5867764E-07
0,226860,5.586108E-07
0,226870,5.5854395E-07
0,226880,5.5847715E-07
0,226890,5.584103E-07
0,226900,5.583435E-07
0,226910,5.582767E-07
0,226920,5.5820993E-07
0,226930,5.581432E-07
0,226940,5.580764E-07
0,226950,5.580096E-07
0,226960,5.579429E-07
0,226970,5.5787615E-07
0,226980,5.578094E-07
0,226990,5.577427E-07
0,227000,5.5767595E-07
0,227010,5.5760927E-07
0,227020,5.5754253E-07
0,227030,5.5747586E-07
0,227040,5.574091E-07
0,227050,5.5734245E-07
0,227060,5.5727577E-07
0,227070,5.5720915E-07
0,227080,5.5714247E-07
0,227090,5.570758E-07
0,227100,5.570092E-07
0,227110,5.5694255E-07
0,227120,5.5687593E-07
0,227130,5.568093E-07
0,227140,5.567427E-07
0,227150,5.5667607E-07
0,227160,5.566095E-07
0,227170,5.565429E-07
0,227180,5.564763E-07
0,227190,5.5640976E-07
0,227200,5.563432E-07
0,227210,5.5627663E-07
0,227220,5.5621007E-07
0,227230,5.5614356E-07
0,227240,5.56077E-07
0,227250,5.560105E-07
0,227260,5.55944E-07
0,227270,5.558775E-07
0,227280,5.5581097E-07
0,227290,5.5574446E-07
0,227300,5.55678E-07
0,227310,5.556115E-07
0,227320,5.5554506E-07
0,227330,5.554786E-07
0,227340,5.5541216E-07
0,227350,5.553457E-07
0,227360,5.5527926E-07
0,227370,5.5521286E-07
0,227380,5.551464E-07
0,227390,5.5508E-07
0,227400,5.550136E-07
0,227410,5.5494723E-07
0,227420,5.5488084E-07
0,227430,5.5481445E-07
0,227440,5.547481E-07
0,227450,5.546817E-07
0,227460,5.546154E-07
0,227470,5.5454905E-07
0,227480,5.5448265E-07
0,227490,5.544164E-07
0,227500,5.5435004E-07
0,227510,5.542837E-07
0,227520,5.542174E-07
0,227530,5.541511E-07
0,227540,5.540848E-07
0,227550,5.540185E-07
0,227560,5.5395225E-07
0,227570,5.5388597E-07
0,227580,5.5381975E-07
0,227590,5.5375347E-07
0,227600,5.5368724E-07
0,227610,5.5362096E-07
0,227620,5.5355474E-07
0,227630,5.534885E-07
0,227640,5.534223E-07
0,227650,5.5335613E-07
0,227660,5.532899E-07
0,227670,5.5322374E-07
0,227680,5.531576E-07
0,227690,5.5309135E-07
0,227700,5.530252E-07
0,227710,5.529591E-07
0,227720,5.528929E-07
0,227730,5.5282675E-07
0,227740,5.5276064E-07
0,227750,5.5269453E-07
0,227760,5.5262836E-07
0,227770,5.5256226E-07
0,227780,5.5249615E-07
0,227790,5.524301E-07
0,227800,5.52364E-07
0,227810,5.5229793E-07
0,227820,5.522318E-07
0,227830,5.521658E-07
0,227840,5.520997E-07
0,227850,5.5203367E-07
0,227860,5.519676E-07
0,227870,5.519016E-07
0,227880,5.5183557E-07
0,227890,5.517696E-07
0,227900,5.517036E-07
0,227910,5.516376E-07
0,227920,5.515716E-07
0,227930,5.515056E-07
0,227940,5.514396E-07
0,227950,5.5137366E-07
0,227960,5.5130766E-07
0,227970,5.512417E-07
0,227980,5.511758E-07
0,227990,5.5110985E-07
0,228000,5.510439E-07
0,228010,5.5097803E-07
0,228020,5.509121E-07
0,228030,5.508462E-07
0,228040,5.5078027E-07
0,228050,5.507144E-07
0,228060,5.506485E-07
0,228070,5.505826E-07
0,228080,5.505168E-07
0,228090,5.504509E-07
0,228100,5.503851E-07
0,228110,5.503192E-07
0,228120,5.502534E-07
0,228130,5.5018756E-07
0,228140,5.5012174E-07
0,228150,5.50056E-07
0,228160,5.4999015E-07
0,228170,5.499244E-07
0,228180,5.4985856E-07
0,228190,5.497928E-07
0,228200,5.49727E-07
0,228210,5.4966125E-07
0,228220,5.495955E-07
0,228230,5.495298E-07
0,228240,5.49464E-07
0,228250,5.493983E-07
0,228260,5.493326E-07
0,228270,5.492668E-07
0,228280,5.4920116E-07
0,228290,5.4913545E-07
0,228300,5.4906974E-07
0,228310,5.490041E-07
0,228320,5.489384E-07
0,228330,5.488727E-07
0,228340,5.4880707E-07
0,228350,5.487414E-07
0,228360,5.4867576E-07
0,228370,5.486101E-07
0,228380,5.485445E-07
0,228390,5.4847885E-07
0,228400,5.4841325E-07
0,228410,5.4834766E-07
0,228420,5.4828206E-07
0,228430,5.4821646E-07
0,228440,5.4815087E-07
0,228450,5.480853E-07
0,228460,5.480197E-07
0,228470,5.479542E-07
0,228480,5.4788865E-07
0,228490,5.478231E-07
0,228500,5.4775757E-07
0,228510,5.47692E-07
0,228520,5.476265E-07
0,228530,5.47561E-07
0,228540,5.4749546E-07
0,228550,5.4743E-07
0,228560,5.473645E-07
0,228570,5.47299E-07
0,228580,5.472335E-07
0,228590,5.471681E-07
0,228600,5.471026E-07
0,228610,5.470372E-07
0,228620,5.4697176E-07
0,228630,5.4690634E-07
0,228640,5.468409E-07
0,228650,5.467755E-07
0,228660,5.4671006E-07
0,228670,5.466446E-07
0,228680,5.4657926E-07
0,228690,5.465139E-07
0,228700,5.464485E-07
0,228710,5.4638315E-07
0,228720,5.463178E-07
0,228730,5.462524E-07
0,228740,5.4618704E-07
0,228750,5.461217E-07
0,228760,5.460564E-07
0,228770,5.4599104E-07
0,228780,5.4592573E-07
0,228790,5.458604E-07
0,228800,5.4579516E-07
0,228810,5.4572985E-07
0,228820,5.4566453E-07
0,228830,5.455993E-07
0,228840,5.45534E-07
0,228850,5.4546877E-07
0,228860,5.454035E-07
0,228870,5.4533825E-07
0,228880,5.45273E-07
0,228890,5.452078E-07
0,228900,5.4514254E-07
0,228910,5.4507734E-07
0,228920,5.4501214E-07
0,228930,5.4494694E-07
0,228940,5.4488174E-07
0,228950,5.4481654E-07
0,228960,5.447514E-07
0,228970,5.446862E-07
0,228980,5.4462106E-07
0,228990,5.445559E-07
0,229000,5.444908E-07
0,229010,5.4442563E-07
0,229020,5.443605E-07
0,229030,5.442954E-07
0,229040,5.4423026E-07
0,229050,5.441652E-07
0,229060,5.441001E-07
0,229070,5.44035E-07
0,229080,5.439699E-07
0,229090,5.4390483E-07
0,229100,5.4383975E-07
0,229110,5.437747E-07
0,229120,5.4370963E-07
0,229130,5.436446E-07
0,229140,5.435796E-07
0,229150,5.4351455E-07
0,229160,5.434495E-07
0,229170,5.433845E-07
0,229180,5.433195E-07
0,229190,5.432545E-07
0,229200,5.431895E-07
0,229210,5.4312454E-07
0,229220,5.4305957E-07
0,229230,5.429946E-07
0,229240,5.429296E-07
0,229250,5.428647E-07
0,229260,5.4279974E-07
0,229270,5.427348E-07
0,229280,5.426699E-07
0,229290,5.42605E-07
0,229300,5.425401E-07
0,229310,5.4247516E-07
0,229320,5.4241025E-07
0,229330,5.423454E-07
0,229340,5.422805E-07
0,229350,5.422156E-07
0,229360,5.4215076E-07
0,229370,5.420859E-07
0,229380,5.4202104E-07
0,229390,5.4195624E-07
0,229400,5.418914E-07
0,229410,5.418266E-07
0,229420,5.417617E-07
0,229430,5.416969E-07
0,229440,5.416321E-07
0,229450,5.415673E-07
0,229460,5.415026E-07
0,229470,5.4143777E-07
0,229480,5.4137297E-07
0,229490,5.413082E-07
0,229500,5.412435E-07
0,229510,5.4117874E-07
0,229520,5.41114E-07
0,229530,5.4104925E-07
0,229540,5.4098456E-07
0,229550,5.409198E-07
0,229560,5.408551E-07
0,229570,5.407904E-07
0,229580,5.407257E-07
0,229590,5.40661E-07
0,229600,5.405963E-07
0,229610,5.405317E-07
0,229620,5.40467E-07
0,229630,5.4040237E-07
0,229640,5.4033774E-07
0,229650,5.4027305E-07
0,229660,5.402084E-07
0,229670,5.401438E-07
0,229680,5.400792E-07
0,229690,5.400146E-07
0,229700,5.3995E-07
0,229710,5.398854E-07
0,229720,5.398208E-07
0,229730,5.3975623E-07
0,229740,5.3969165E-07
0,229750,5.396271E-07
0,229760,5.3956256E-07
0,229770,5.39498E-07
0,229780,5.394335E-07
0,229790,5.3936895E-07
0,229800,5.393044E-07
0,229810,5.3923986E-07
0,229820,5.391754E-07
0,229830,5.391109E-07
0,229840,5.3904637E-07
0,229850,5.389819E-07
0,229860,5.3891745E-07
0,229870,5.3885293E-07
0,229880,5.3878847E-07
0,229890,5.38724E-07
0,229900,5.386596E-07
0,229910,5.3859515E-07
0,229920,5.3853074E-07
0,229930,5.384663E-07
0,229940,5.384019E-07
0,229950,5.383375E-07
0,229960,5.3827307E-07
0,229970,5.3820867E-07
0,229980,5.381443E-07
0,229990,5.380799E-07
0,230000,5.3801557E-07
0,230010,5.3795117E-07
0,230020,5.378868E-07
0,230030,5.378225E-07
0,230040,5.377581E-07
0,230050,5.3769384E-07
0,230060,5.376295E-07
0,230070,5.375652E-07
0,230080,5.3750085E-07
0,230090,5.3743656E-07
0,230100,5.373723E-07
0,230110,5.37308E-07
0,230120,5.372437E-07
0,230130,5.3717946E-07
0,230140,5.3711517E-07
0,230150,5.3705094E-07
0,230160,5.369867E-07
0,230170,5.3692247E-07
0,230180,5.3685824E-07
0,230190,5.36794E-07
0,230200,5.367298E-07
0,230210,5.3666554E-07
0,230220,5.3660136E-07
0,230230,5.365372E-07
0,230240,5.36473E-07
0,230250,5.3640883E-07
0,230260,5.3634466E-07
0,230270,5.362805E-07
0,230280,5.362163E-07
0,230290,5.361522E-07
0,230300,5.3608807E-07
0,230310,5.360239E-07
0,230320,5.3595977E-07
0,230330,5.3589565E-07
0,230340,5.3583153E-07
0,230350,5.3576747E-07
0,230360,5.3570335E-07
0,230370,5.356393E-07
0,230380,5.355752E-07
0,230390,5.355111E-07
0,230400,5.3544704E-07
0,230410,5.3538304E-07
0,230420,5.35319E-07
0,230430,5.352549E-07
0,230440,5.351909E-07
0,230450,5.351269E-07
0,230460,5.3506284E-07
0,230470,5.3499883E-07
0,230480,5.349348E-07
0,230490,5.348709E-07
0,230500,5.348069E-07
0,230510,5.3474287E-07
0,230520,5.346789E-07
0,230530,5.3461497E-07
0,230540,5.34551E-07
0,230550,5.3448707E-07
0,230560,5.344231E-07
0,230570,5.343592E-07
0,230580,5.342953E-07
0,230590,5.3423133E-07
0,230600,5.3416744E-07
0,230610,5.3410355E-07
0,230620,5.3403966E-07
0,230630,5.3397576E-07
0,230640,5.339119E-07
0,230650,5.33848E-07
0,230660,5.3378415E-07
0,230670,5.337203E-07
0,230680,5.336564E-07
0,230690,5.335926E-07
0,230700,5.3352875E-07
0,230710,5.334649E-07
0,230720,5.3340113E-07
0,230730,5.333373E-07
0,230740,5.332735E-07
0,230750,5.3320974E-07
0,230760,5.331459E-07
0,230770,5.3308213E-07
0,230780,5.3301835E-07
0,230790,5.3295463E-07
0,230800,5.3289085E-07
0,230810,5.3282713E-07
0,230820,5.3276335E-07
0,230830,5.3269963E-07
0,230840,5.326359E-07
0,230850,5.325722E-07
0,230860,5.3250847E-07
0,230870,5.324448E-07
0,230880,5.323811E-07
0,230890,5.323174E-07
0,230900,5.322537E-07
0,230910,5.3219003E-07
0,230920,5.3212636E-07
0,230930,5.320627E-07
0,230940,5.319991E-07
0,230950,5.319354E-07
0,230960,5.3187176E-07
0,230970,5.3180815E-07
0,230980,5.3174455E-07
0,230990,5.3168094E-07
0,231000,5.3161733E-07
0,231010,5.315537E-07
0,231020,5.314901E-07
0,231030,5.3142656E-07
0,231040,5.31363E-07
0,231050,5.312994E-07
0,231060,5.3123586E-07
0,231070,5.311723E-07
0,231080,5.3110875E-07
0,231090,5.3104526E-07
0,231100,5.309817E-07
0,231110,5.309182E-07
0,231120,5.3085466E-07
0,231130,5.3079117E-07
0,231140,5.307277E-07
0,231150,5.306642E-07
0,231160,5.306007E-07
0,231170,5.3053725E-07
0,231180,5.3047376E-07
0,231190,5.304103E-07
0,231200,5.303468E-07
0,231210,5.302834E-07
0,231220,5.3021995E-07
0,231230,5.301565E-07
0,231240,5.3009313E-07
0,231250,5.300297E-07
0,231260,5.299663E-07
0,231270,5.299029E-07
0,231280,5.298395E-07
0,231290,5.297761E-07
0,231300,5.2971274E-07
0,231310,5.2964936E-07
0,231320,5.2958603E-07
0,231330,5.2952265E-07
0,231340,5.294593E-07
0,231350,5.2939595E-07
0,231360,5.293326E-07
0,231370,5.292693E-07
0,231380,5.2920603E-07
0,231390,5.291427E-07
0,231400,5.290794E-07
0,231410,5.290161E-07
0,231420,5.289528E-07
0,231430,5.2888953E-07
0,231440,5.2882626E-07
0,231450,5.28763E-07
0,231460,5.2869973E-07
0,231470,5.286365E-07
0,231480,5.2857325E-07
0,231490,5.2851004E-07
0,231500,5.2844683E-07
0,231510,5.2838357E-07
0,231520,5.2832036E-07
0,231530,5.282572E-07
0,231540,5.28194E-07
0,231550,5.281308E-07
0,231560,5.2806763E-07
0,231570,5.280044E-07
0,231580,5.2794127E-07
0,231590,5.278781E-07
0,231600,5.2781496E-07
0,231610,5.277518E-07
0,231620,5.276887E-07
0,231630,5.2762556E-07
0,231640,5.2756246E-07
0,231650,5.2749937E-07
0,231660,5.274362E-07
0,231670,5.273731E-07
0,231680,5.273101E-07
0,231690,5.27247E-07
0,231700,5.271839E-07
0,231710,5.2712085E-07
0,231720,5.2705775E-07
0,231730,5.269947E-07
0,231740,5.269317E-07
0,231750,5.2686863E-07
0,231760,5.268056E-07
0,231770,5.267426E-07
0,231780,5.2667957E-07
0,231790,5.266166E-07
0,231800,5.265536E-07
0,231810,5.2649057E-07
0,231820,5.264276E-07
0,231830,5.2636466E-07
0,231840,5.263017E-07
0,231850,5.262387E-07
0,231860,5.2617577E-07
0,231870,5.261128E-07
0,231880,5.2604986E-07
0,231890,5.2598693E-07
0,231900,5.25924E-07
0,231910,5.258611E-07
0,231920,5.257982E-07
0,231930,5.257353E-07
0,231940,5.256724E-07
0,231950,5.256095E-07
0,231960,5.255466E-07
0,231970,5.2548376E-07
0,231980,5.254209E-07
0,231990,5.25358E-07
0,232000,5.252952E-07
0,232010,5.2523234E-07
0,232020,5.251695E-07
0,232030,5.251067E-07
0,232040,5.250439E-07
0,232050,5.249811E-07
0,232060,5.249183E-07
0,232070,5.2485547E-07
0,232080,5.247927E-07
0,232090,5.247299E-07
0,232100,5.2466714E-07
0,232110,5.246044E-07
0,232120,5.2454163E-07
0,232130,5.244789E-07
0,232140,5.244161E-07
0,232150,5.2435337E-07
0,232160,5.2429067E-07
0,232170,5.242279E-07
0,232180,5.241652E-07
0,232190,5.241025E-07
0,232200,5.240398E-07
0,232210,5.239771E-07
0,232220,5.239144E-07
0,232230,5.238518E-07
0,232240,5.237891E-07
0,232250,5.2372644E-07
0,232260,5.236638E-07
0,232270,5.2360116E-07
0,232280,5.235385E-07
0,232290,5.234759E-07
0,232300,5.2341323E-07
0,232310,5.2335065E-07
0,232320,5.2328807E-07
0,232330,5.232254E-07
0,232340,5.2316284E-07
0,232350,5.2310025E-07
0,232360,5.2303767E-07
0,232370,5.2297514E-07
0,232380,5.2291256E-07
0,232390,5.2285E-07
0,232400,5.2278745E-07
0,232410,5.227249E-07
0,232420,5.226624E-07
0,232430,5.2259986E-07
0,232440,5.2253733E-07
0,232450,5.224748E-07
0,232460,5.2241234E-07
0,232470,5.223498E-07
0,232480,5.2228734E-07
0,232490,5.2222487E-07
0,232500,5.221624E-07
0,232510,5.220999E-07
0,232520,5.2203745E-07
0,232530,5.21975E-07
0,232540,5.2191257E-07
0,232550,5.2185015E-07
0,232560,5.217877E-07
0,232570,5.2172527E-07
0,232580,5.2166286E-07
0,232590,5.2160044E-07
0,232600,5.215381E-07
0,232610,5.2147567E-07
0,232620,5.214133E-07
0,232630,5.213509E-07
0,232640,5.2128854E-07
0,232650,5.212262E-07
0,232660,5.211638E-07
0,232670,5.2110147E-07
0,232680,5.2103917E-07
0,232690,5.209768E-07
0,232700,5.209145E-07
0,232710,5.2085215E-07
0,232720,5.2078985E-07
0,232730,5.2072755E-07
0,232740,5.2066525E-07
0,232750,5.20603E-07
0,232760,5.205407E-07
0,232770,5.2047847E-07
0,232780,5.2041617E-07
0,232790,5.203539E-07
0,232800,5.202917E-07
0,232810,5.2022943E-07
0,232820,5.201672E-07
0,232830,5.2010495E-07
0,232840,5.2004276E-07
0,232850,5.199805E-07
0,232860,5.1991833E-07
0,232870,5.1985614E-07
0,232880,5.1979396E-07
0,232890,5.1973177E-07
0,232900,5.196696E-07
0,232910,5.196074E-07
0,232920,5.1954527E-07
0,232930,5.1948314E-07
0,232940,5.1942095E-07
0,232950,5.193588E-07
0,232960,5.192967E-07
0,232970,5.1923456E-07
0,232980,5.191725E-07
0,232990,5.1911036E-07
0,233000,5.190482E-07
0,233010,5.1898616E-07
0,233020,5.189241E-07
0,233030,5.18862E-07
0,233040,5.1879994E-07
0,233050,5.1873786E-07
0,233060,5.186758E-07
0,233070,5.186138E-07
0,233080,5.185517E-07
0,233090,5.184897E-07
0,233100,5.1842767E-07
0,233110,5.1836565E-07
0,233120,5.1830364E-07
0,233130,5.182416E-07
0,233140,5.181796E-07
0,233150,5.1811764E-07
0,233160,5.180557E-07
0,233170,5.1799367E-07
0,233180,5.179317E-07
0,233190,5.1786975E-07
0,233200,5.178078E-07
0,233210,5.177459E-07
0,233220,5.1768393E-07
0,233230,5.1762197E-07
0,233240,5.1756007E-07
0,233250,5.1749817E-07
0,233260,5.1743626E-07
0,233270,5.1737436E-07
0,233280,5.1731246E-07
0,233290,5.1725056E-07
0,233300,5.171887E-07
0,233310,5.171268E-07
0,233320,5.1706496E-07
0,233330,5.170031E-07
0,233340,5.1694127E-07
0,233350,5.168794E-07
0,233360,5.168176E-07
0,233370,5.1675573E-07
0,233380,5.1669394E-07
0,233390,5.1663216E-07
0,233400,5.165703E-07
0,233410,5.165085E-07
0,233420,5.1644673E-07
0,233430,5.1638494E-07
0,233440,5.163232E-07
0,233450,5.162614E-07
0,233460,5.1619963E-07
0,233470,5.161379E-07
0,233480,5.1607617E-07
0,233490,5.1601444E-07
0,233500,5.159527E-07
0,233510,5.15891E-07
0,233520,5.1582924E-07
0,233530,5.1576757E-07
0,233540,5.1570584E-07
0,233550,5.1564416E-07
0,233560,5.155825E-07
0,233570,5.155208E-07
0,233580,5.1545913E-07
0,233590,5.1539746E-07
0,233600,5.153358E-07
0,233610,5.1527417E-07
0,233620,5.152125E-07
0,233630,5.151509E-07
0,233640,5.1508925E-07
0,233650,5.1502764E-07
0,233660,5.14966E-07
0,233670,5.149044E-07
0,233680,5.1484284E-07
0,233690,5.147812E-07
0,233700,5.1471966E-07
0,233710,5.146581E-07
0,233720,5.145965E-07
0,233730,5.145349E-07
0,233740,5.144734E-07
0,233750,5.1441185E-07
0,233760,5.143503E-07
0,233770,5.142888E-07
0,233780,5.142273E-07
0,233790,5.141657E-07
0,233800,5.141042E-07
0,233810,5.140427E-07
0,233820,5.139812E-07
0,233830,5.1391976E-07
0,233840,5.1385825E-07
0,233850,5.137968E-07
0,233860,5.1373536E-07
0,233870,5.1367385E-07
0,233880,5.136124E-07
0,233890,5.1355096E-07
0,233900,5.1348957E-07
0,233910,5.134281E-07
0,233920,5.133667E-07
0,233930,5.133053E-07
0,233940,5.132439E-07
0,233950,5.131825E-07
0,233960,5.131211E-07
0,233970,5.130597E-07
0,233980,5.129983E-07
0,233990,5.1293694E-07
0,234000,5.128756E-07
0,234010,5.1281427E-07
0,234020,5.127529E-07
0,234030,5.1269154E-07
0,234040,5.126302E-07
0,234050,5.125689E-07
0,234060,5.125076E-07
0,234070,5.1244626E-07
0,234080,5.12385E-07
0,234090,5.1232365E-07
0,234100,5.122624E-07
0,234110,5.122011E-07
0,234120,5.121398E-07
0,234130,5.1207854E-07
0,234140,5.120173E-07
0,234150,5.1195605E-07
0,234160,5.118948E-07
0,234170,5.1183355E-07
0,234180,5.117723E-07
0,234190,5.117111E-07
0,234200,5.116499E-07
0,234210,5.115887E-07
0,234220,5.115275E-07
0,234230,5.114663E-07
0,234240,5.114051E-07
0,234250,5.1134396E-07
0,234260,5.112828E-07
0,234270,5.1122163E-07
0,234280,5.1116047E-07
0,234290,5.110993E-07
0,234300,5.1103814E-07
0,234310,5.1097703E-07
0,234320,5.1091587E-07
0,234330,5.1085476E-07
0,234340,5.1079365E-07
0,234350,5.1073255E-07
0,234360,5.1067144E-07
0,234370,5.106104E-07
0,234380,5.105493E-07
0,234390,5.1048823E-07
0,234400,5.104271E-07
0,234410,5.103661E-07
0,234420,5.1030503E-07
0,234430,5.10244E-07
0,234440,5.1018293E-07
0,234450,5.101219E-07
0,234460,5.100609E-07
0,234470,5.0999984E-07
0,234480,5.0993884E-07
0,234490,5.0987785E-07
0,234500,5.0981686E-07
0,234510,5.0975586E-07
0,234520,5.0969487E-07
0,234530,5.0963394E-07
0,234540,5.0957294E-07
0,234550,5.09512E-07
0,234560,5.09451E-07
0,234570,5.093901E-07
0,234580,5.0932914E-07
0,234590,5.092682E-07
0,234600,5.0920727E-07
0,234610,5.091464E-07
0,234620,5.0908545E-07
0,234630,5.090246E-07
0,234640,5.089637E-07
0,234650,5.089028E-07
0,234660,5.0884194E-07
0,234670,5.0878106E-07
0,234680,5.087202E-07
0,234690,5.086593E-07
0,234700,5.085985E-07
0,234710,5.0853765E-07
0,234720,5.084768E-07
0,234730,5.0841595E-07
0,234740,5.0835513E-07
0,234750,5.082943E-07
0,234760,5.0823354E-07
0,234770,5.081727E-07
0,234780,5.0811195E-07
0,234790,5.0805113E-07
0,234800,5.0799036E-07
0,234810,5.079296E-07
0,234820,5.0786883E-07
0,234830,5.0780807E-07
0,234840,5.0774736E-07
0,234850,5.076866E-07
0,234860,5.076259E-07
0,234870,5.075651E-07
0,234880,5.075044E-07
0,234890,5.074437E-07
0,234900,5.07383E-07
0,234910,5.073223E-07
0,234920,5.0726163E-07
0,234930,5.072009E-07
0,234940,5.0714027E-07
0,234950,5.0707956E-07
0,234960,5.070189E-07
0,234970,5.0695826E-07
0,234980,5.068976E-07
0,234990,5.0683695E-07
0,235000,5.0677636E-07
0,235010,5.067157E-07
0,235020,5.066551E-07
0,235030,5.065945E-07
0,235040,5.0653387E-07
0,235050,5.0647327E-07
0,235060,5.0641273E-07
0,235070,5.0635214E-07
0,235080,5.0629154E-07
0,235090,5.06231E-07
0,235100,5.061704E-07
0,235110,5.0610987E-07
0,235120,5.0604933E-07
0,235130,5.059888E-07
0,235140,5.0592826E-07
0,235150,5.058677E-07
0,235160,5.0580724E-07
0,235170,5.057467E-07
0,235180,5.056862E-07
0,235190,5.0562574E-07
0,235200,5.0556525E-07
0,235210,5.055048E-07
0,235220,5.054443E-07
0,235230,5.053838E-07
0,235240,5.053233E-07
0,235250,5.052629E-07
0,235260,5.052025E-07
0,235270,5.05142E-07
0,235280,5.050816E-07
0,235290,5.0502115E-07
0,235300,5.049608E-07
0,235310,5.0490036E-07
0,235320,5.0483993E-07
0,235330,5.0477956E-07
0,235340,5.047192E-07
0,235350,5.046588E-07
0,235360,5.045984E-07
0,235370,5.0453804E-07
0,235380,5.044777E-07
0,235390,5.0441736E-07
0,235400,5.04357E-07
0,235410,5.042967E-07
0,235420,5.0423637E-07
0,235430,5.04176E-07
0,235440,5.041157E-07
0,235450,5.040554E-07
0,235460,5.039951E-07
0,235470,5.039348E-07
0,235480,5.038745E-07
0,235490,5.0381425E-07
0,235500,5.03754E-07
0,235510,5.0369374E-07
0,235520,5.036335E-07
0,235530,5.0357323E-07
0,235540,5.03513E-07
0,235550,5.034527E-07
0,235560,5.033925E-07
0,235570,5.033323E-07
0,235580,5.032721E-07
0,235590,5.032119E-07
0,235600,5.031517E-07
0,235610,5.030915E-07
0,235620,5.030313E-07
0,235630,5.0297115E-07
0,235640,5.0291095E-07
0,235650,5.028508E-07
0,235660,5.027906E-07
0,235670,5.027305E-07
0,235680,5.0267033E-07
0,235690,5.026102E-07
0,235700,5.025501E-07
0,235710,5.0248997E-07
0,235720,5.024298E-07
0,235730,5.0236974E-07
0,235740,5.0230966E-07
0,235750,5.022496E-07
0,235760,5.021895E-07
0,235770,5.021294E-07
0,235780,5.020693E-07
0,235790,5.0200924E-07
0,235800,5.019492E-07
0,235810,5.018892E-07
0,235820,5.018291E-07
0,235830,5.017691E-07
0,235840,5.0170905E-07
0,235850,5.01649E-07
0,235860,5.0158906E-07
0,235870,5.0152903E-07
0,235880,5.0146906E-07
0,235890,5.0140903E-07
0,235900,5.0134906E-07
0,235910,5.012891E-07
0,235920,5.012291E-07
0,235930,5.0116915E-07
0,235940,5.011092E-07
0,235950,5.0104927E-07
0,235960,5.009893E-07
0,235970,5.009294E-07
0,235980,5.008695E-07
0,235990,5.0080956E-07
0,236000,5.0074965E-07
0,236010,5.0068974E-07
0,236020,5.006298E-07
0,236030,5.0056997E-07
0,236040,5.0051005E-07
0,236050,5.004502E-07
0,236060,5.0039034E-07
0,236070,5.003305E-07
0,236080,5.0027063E-07
0,236090,5.002108E-07
0,236100,5.001509E-07
0,236110,5.0009106E-07
0,236120,5.0003126E-07
0,236130,4.9997146E-07
0,236140,4.999116E-07
0,236150,4.998518E-07
0,236160,4.99792E-07
0,236170,4.9973227E-07
0,236180,4.9967247E-07
0,236190,4.9961267E-07
0,236200,4.995529E-07
0,236210,4.994932E-07
0,236220,4.994334E-07
0,236230,4.9937364E-07
0,236240,4.993139E-07
0,236250,4.992542E-07
0,236260,4.9919447E-07
0,236270,4.991347E-07
0,236280,4.9907504E-07
0,236290,4.9901536E-07
0,236300,4.989556E-07
0,236310,4.9889593E-07
0,236320,4.9883624E-07
0,236330,4.987766E-07
0,236340,4.9871693E-07
0,236350,4.9865724E-07
0,236360,4.985976E-07
0,236370,4.98538E-07
0,236380,4.984783E-07
0,236390,4.984187E-07
0,236400,4.9835904E-07
0,236410,4.9829947E-07
0,236420,4.9823984E-07
0,236430,4.981802E-07
0,236440,4.9812064E-07
0,236450,4.9806107E-07
0,236460,4.9800144E-07
0,236470,4.9794187E-07
0,236480,4.978823E-07
0,236490,4.978228E-07
0,236500,4.977632E-07
0,236510,4.9770364E-07
0,236520,4.976441E-07
0,236530,4.975846E-07
0,236540,4.9752504E-07
0,236550,4.974655E-07
0,236560,4.9740606E-07
0,236570,4.9734655E-07
0,236580,4.9728703E-07
0,236590,4.972275E-07
0,236600,4.9716806E-07
0,236610,4.971086E-07
0,236620,4.9704914E-07
0,236630,4.969897E-07
0,236640,4.969302E-07
0,236650,4.9687077E-07
0,236660,4.968113E-07
0,236670,4.967519E-07
0,236680,4.9669245E-07
0,236690,4.9663305E-07
0,236700,4.9657365E-07
0,236710,4.9651425E-07
0,236720,4.9645485E-07
0,236730,4.9639544E-07
0,236740,4.9633604E-07
0,236750,4.962767E-07
0,236760,4.962173E-07
0,236770,4.9615795E-07
0,236780,4.960986E-07
0,236790,4.9603926E-07
0,236800,4.959799E-07
0,236810,4.959206E-07
0,236820,4.9586123E-07
0,236830,4.9580194E-07
0,236840,4.957426E-07
0,236850,4.956833E-07
0,236860,4.95624E-07
0,236870,4.9556473E-07
0,236880,4.9550545E-07
0,236890,4.9544616E-07
0,236900,4.9538687E-07
0,236910,4.9532764E-07
0,236920,4.9526835E-07
0,236930,4.952091E-07
0,236940,4.951499E-07
0,236950,4.9509066E-07
0,236960,4.9503143E-07
0,236970,4.949722E-07
0,236980,4.9491297E-07
0,236990,4.948538E-07
0,237000,4.947946E-07
0,237010,4.947354E-07
0,237020,4.946762E-07
0,237030,4.9461704E-07
0,237040,4.9455787E-07
0,237050,4.944987E-07
0,237060,4.944396E-07
0,237070,4.943804E-07
0,237080,4.943213E-07
0,237090,4.942621E-07
0,237100,4.94203E-07
0,237110,4.941439E-07
0,237120,4.9408476E-07
0,237130,4.9402564E-07
0,237140,4.939666E-07
0,237150,4.9390746E-07
0,237160,4.938484E-07
0,237170,4.937893E-07
0,237180,4.937302E-07
0,237190,4.9367117E-07
0,237200,4.936121E-07
0,237210,4.9355305E-07
0,237220,4.9349404E-07
0,237230,4.93435E-07
0,237240,4.93376E-07
0,237250,4.933169E-07
0,237260,4.932579E-07
0,237270,4.931989E-07
0,237280,4.931399E-07
0,237290,4.930809E-07
0,237300,4.930219E-07
0,237310,4.9296295E-07
0,237320,4.9290395E-07
0,237330,4.92845E-07
0,237340,4.9278606E-07
0,237350,4.927271E-07
0,237360,4.9266816E-07
0,237370,4.926092E-07
0,237380,4.9255027E-07
0,237390,4.924914E-07
0,237400,4.9243243E-07
0,237410,4.9237354E-07
0,237420,4.9231465E-07
0,237430,4.9225577E-07
0,237440,4.921969E-07
0,237450,4.92138E-07
0,237460,4.920791E-07
0,237470,4.9202026E-07
0,237480,4.919614E-07
0,237490,4.9190254E-07
0,237500,4.918437E-07
0,237510,4.917848E-07
0,237520,4.91726E-07
0,237530,4.916672E-07
0,237540,4.916084E-07
0,237550,4.9154954E-07
0,237560,4.9149077E-07
0,237570,4.9143193E-07
0,237580,4.9137316E-07
0,237590,4.913144E-07
0,237600,4.912556E-07
0,237610,4.9119683E-07
0,237620,4.911381E-07
0,237630,4.9107933E-07
0,237640,4.9102056E-07
0,237650,4.9096184E-07
0,237660,4.909031E-07
0,237670,4.908444E-07
0,237680,4.907857E-07
0,237690,4.9072696E-07
0,237700,4.9066824E-07
0,237710,4.906095E-07
0,237720,4.9055086E-07
0,237730,4.904922E-07
0,237740,4.904335E-07
0,237750,4.903748E-07
0,237760,4.9031615E-07
0,237770,4.902575E-07
0,237780,4.901989E-07
0,237790,4.901402E-07
0,237800,4.9008156E-07
0,237810,4.9002296E-07
0,237820,4.8996435E-07
0,237830,4.8990574E-07
0,237840,4.8984714E-07
0,237850,4.8978853E-07
0,237860,4.897299E-07
0,237870,4.896713E-07
0,237880,4.896128E-07
0,237890,4.8955417E-07
0,237900,4.894956E-07
0,237910,4.8943707E-07
0,237920,4.893785E-07
0,237930,4.8932E-07
0,237940,4.892614E-07
0,237950,4.8920293E-07
0,237960,4.891444E-07
0,237970,4.890859E-07
0,237980,4.8902734E-07
0,237990,4.8896885E-07
0,238000,4.8891036E-07
0,238010,4.8885187E-07
0,238020,4.887934E-07
0,238030,4.8873494E-07
0,238040,4.8867645E-07
0,238050,4.88618E-07
0,238060,4.885595E-07
0,238070,4.885011E-07
0,238080,4.8844265E-07
0,238090,4.883842E-07
0,238100,4.883258E-07
0,238110,4.882674E-07
0,238120,4.8820897E-07
0,238130,4.881506E-07
0,238140,4.8809216E-07
0,238150,4.880338E-07
0,238160,4.879754E-07
0,238170,4.87917E-07
0,238180,4.8785864E-07
0,238190,4.878003E-07
0,238200,4.8774194E-07
0,238210,4.876836E-07
0,238220,4.8762524E-07
0,238230,4.875669E-07
0,238240,4.875086E-07
0,238250,4.874503E-07
0,238260,4.8739196E-07
0,238270,4.8733364E-07
0,238280,4.872754E-07
0,238290,4.8721705E-07
0,238300,4.871588E-07
0,238310,4.871005E-07
0,238320,4.8704226E-07
0,238330,4.86984E-07
0,238340,4.869257E-07
0,238350,4.8686746E-07
0,238360,4.868092E-07
0,238370,4.86751E-07
0,238380,4.866927E-07
0,238390,4.866345E-07
0,238400,4.865763E-07
0,238410,4.865181E-07
0,238420,4.864599E-07
0,238430,4.864017E-07
0,238440,4.8634354E-07
0,238450,4.8628533E-07
0,238460,4.862272E-07
0,238470,4.8616903E-07
0,238480,4.861108E-07
0,238490,4.8605267E-07
0,238500,4.859946E-07
0,238510,4.859364E-07
0,238520,4.858783E-07
0,238530,4.858202E-07
0,238540,4.8576203E-07
0,238550,4.8570394E-07
0,238560,4.8564584E-07
0,238570,4.8558775E-07
0,238580,4.8552965E-07
0,238590,4.8547156E-07
0,238600,4.8541347E-07
0,238610,4.8535543E-07
0,238620,4.8529733E-07
0,238630,4.852393E-07
0,238640,4.8518126E-07
0,238650,4.851232E-07
0,238660,4.850652E-07
0,238670,4.8500715E-07
0,238680,4.849491E-07
0,238690,4.848911E-07
0,238700,4.848331E-07
0,238710,4.847751E-07
0,238720,4.847171E-07
0,238730,4.846591E-07
0,238740,4.846011E-07
0,238750,4.845432E-07
0,238760,4.844852E-07
0,238770,4.8442723E-07
0,238780,4.843693E-07
0,238790,4.8431133E-07
0,238800,4.842534E-07
0,238810,4.841955E-07
0,238820,4.8413756E-07
0,238830,4.8407964E-07
0,238840,4.840217E-07
0,238850,4.8396384E-07
0,238860,4.839059E-07
0,238870,4.8384805E-07
0,238880,4.837902E-07
0,238890,4.8373226E-07
0,238900,4.836744E-07
0,238910,4.8361653E-07
0,238920,4.835587E-07
0,238930,4.8350086E-07
0,238940,4.83443E-07
0,238950,4.833852E-07
0,238960,4.8332737E-07
0,238970,4.8326956E-07
0,238980,4.8321175E-07
0,238990,4.8315394E-07
0,239000,4.8309613E-07
0,239010,4.830383E-07
0,239020,4.8298057E-07
0,239030,4.8292276E-07
0,239040,4.82865E-07
0,239050,4.8280725E-07
0,239060,4.827495E-07
0,239070,4.8269175E-07
0,239080,4.82634E-07
0,239090,4.8257624E-07
0,239100,4.825185E-07
0,239110,4.824608E-07
0,239120,4.824031E-07
0,239130,4.8234534E-07
0,239140,4.8228765E-07
0,239150,4.8222995E-07
0,239160,4.8217225E-07
0,239170,4.821146E-07
0,239180,4.820569E-07
0,239190,4.819993E-07
0,239200,4.819416E-07
0,239210,4.8188394E-07
0,239220,4.818263E-07
0,239230,4.8176867E-07
0,239240,4.81711E-07
0,239250,4.816534E-07
0,239260,4.8159575E-07
0,239270,4.8153817E-07
0,239280,4.814806E-07
0,239290,4.8142294E-07
0,239300,4.8136536E-07
0,239310,4.813078E-07
0,239320,4.812502E-07
0,239330,4.811926E-07
0,239340,4.811351E-07
0,239350,4.810775E-07
0,239360,4.8102E-07
0,239370,4.809624E-07
0,239380,4.809049E-07
0,239390,4.8084735E-07
0,239400,4.807898E-07
0,239410,4.807323E-07
0,239420,4.806748E-07
0,239430,4.806173E-07
0,239440,4.805598E-07
0,239450,4.805023E-07
0,239460,4.8044484E-07
0,239470,4.8038737E-07
0,239480,4.803299E-07
0,239490,4.8027243E-07
0,239500,4.8021496E-07
0,239510,4.8015755E-07
0,239520,4.801001E-07
0,239530,4.800427E-07
0,239540,4.799852E-07
0,239550,4.799278E-07
0,239560,4.798704E-07
0,239570,4.7981297E-07
0,239580,4.797556E-07
0,239590,4.796982E-07
0,239600,4.796408E-07
0,239610,4.7958343E-07
0,239620,4.795261E-07
0,239630,4.794687E-07
0,239640,4.794113E-07
0,239650,4.79354E-07
0,239660,4.7929666E-07
0,239670,4.792393E-07
0,239680,4.7918195E-07
0,239690,4.7912465E-07
0,239700,4.7906735E-07
0,239710,4.7901E-07
0,239720,4.789527E-07
0,239730,4.788954E-07
0,239740,4.7883816E-07
0,239750,4.7878086E-07
0,239760,4.7872356E-07
0,239770,4.786663E-07
0,239780,4.78609E-07
0,239790,4.785518E-07
0,239800,4.7849454E-07
0,239810,4.784373E-07
0,239820,4.7838006E-07
0,239830,4.783228E-07
0,239840,4.7826563E-07
0,239850,4.782084E-07
0,239860,4.781512E-07
0,239870,4.78094E-07
0,239880,4.780368E-07
0,239890,4.779796E-07
0,239900,4.779224E-07
0,239910,4.778653E-07
0,239920,4.778081E-07
0,239930,4.777509E-07
0,239940,4.776938E-07
0,239950,4.7763666E-07
0,239960,4.775795E-07
0,239970,4.7752235E-07
0,239980,4.774652E-07
0,239990,4.7740815E-07
0,240000,4.77351E-07
0,240010,4.772939E-07
0,240020,4.772368E-07
0,240030,4.771797E-07
0,240040,4.771226E-07
0,240050,4.7706556E-07
0,240060,4.770085E-07
0,240070,4.769514E-07
0,240080,4.7689434E-07
0,240090,4.7683733E-07
0,240100,4.767803E-07
0,240110,4.7672324E-07
0,240120,4.766662E-07
0,240130,4.766092E-07
0,240140,4.7655217E-07
0,240150,4.7649516E-07
0,240160,4.7643817E-07
0,240170,4.7638116E-07
0,240180,4.7632417E-07
0,240190,4.762672E-07
0,240200,4.7621023E-07
0,240210,4.7615325E-07
0,240220,4.760963E-07
0,240230,4.7603933E-07
0,240240,4.7598238E-07
0,240250,4.7592545E-07
0,240260,4.7586852E-07
0,240270,4.758116E-07
0,240280,4.7575466E-07
0,240290,4.7569776E-07
0,240300,4.7564083E-07
0,240310,4.7558393E-07
0,240320,4.7552706E-07
0,240330,4.7547016E-07
0,240340,4.754133E-07
0,240350,4.7535642E-07
0,240360,4.7529954E-07
0,240370,4.752427E-07
0,240380,4.7518583E-07
0,240390,4.7512899E-07
0,240400,4.7507214E-07
0,240410,4.7501533E-07
0,240420,4.7495848E-07
0,240430,4.7490167E-07
0,240440,4.7484485E-07
0,240450,4.7478807E-07
0,240460,4.7473125E-07
0,240470,4.7467447E-07
0,240480,4.7461768E-07
0,240490,4.7456092E-07
0,240500,4.7450413E-07
0,240510,4.7444738E-07
0,240520,4.7439062E-07
0,240530,4.7433386E-07
0,240540,4.7427713E-07
0,240550,4.7422037E-07
0,240560,4.7416364E-07
0,240570,4.7410694E-07
0,240580,4.740502E-07
0,240590,4.739935E-07
0,240600,4.739368E-07
0,240610,4.738801E-07
0,240620,4.738234E-07
0,240630,4.7376673E-07
0,240640,4.7371006E-07
0,240650,4.736534E-07
0,240660,4.735967E-07
0,240670,4.7354007E-07
0,240680,4.7348342E-07
0,240690,4.7342678E-07
0,240700,4.7337014E-07
0,240710,4.7331352E-07
0,240720,4.732569E-07
0,240730,4.732003E-07
0,240740,4.7314367E-07
0,240750,4.7308706E-07
0,240760,4.7303047E-07
0,240770,4.7297388E-07
0,240780,4.729173E-07
0,240790,4.7286073E-07
0,240800,4.7280417E-07
0,240810,4.7274762E-07
0,240820,4.7269106E-07
0,240830,4.726345E-07
0,240840,4.7257797E-07
0,240850,4.7252144E-07
0,240860,4.724649E-07
0,240870,4.7240837E-07
0,240880,4.7235187E-07
0,240890,4.7229537E-07
0,240900,4.7223887E-07
0,240910,4.7218236E-07
0,240920,4.721259E-07
0,240930,4.720694E-07
0,240940,4.7201294E-07
0,240950,4.7195647E-07
0,240960,4.719E-07
0,240970,4.7184355E-07
0,240980,4.717871E-07
0,240990,4.7173066E-07
0,241000,4.7167424E-07
0,241010,4.716178E-07
0,241020,4.7156138E-07
0,241030,4.71505E-07
0,241040,4.7144857E-07
0,241050,4.7139218E-07
0,241060,4.713358E-07
0,241070,4.712794E-07
0,241080,4.7122302E-07
0,241090,4.7116666E-07
0,241100,4.7111027E-07
0,241110,4.7105394E-07
0,241120,4.7099758E-07
0,241130,4.7094122E-07
0,241140,4.7088488E-07
0,241150,4.7082855E-07
0,241160,4.7077222E-07
0,241170,4.7071592E-07
0,241180,4.7065961E-07
0,241190,4.706033E-07
0,241200,4.70547E-07
0,241210,4.704907E-07
0,241220,4.7043443E-07
0,241230,4.7037815E-07
0,241240,4.7032188E-07
0,241250,4.7026563E-07
0,241260,4.7020936E-07
0,241270,4.701531E-07
0,241280,4.7009686E-07
0,241290,4.7004062E-07
0,241300,4.699844E-07
0,241310,4.6992818E-07
0,241320,4.6987196E-07
0,241330,4.6981575E-07
0,241340,4.6975956E-07
0,241350,4.6970334E-07
0,241360,4.6964715E-07
0,241370,4.69591E-07
0,241380,4.695348E-07
0,241390,4.6947864E-07
0,241400,4.6942247E-07
0,241410,4.693663E-07
0,241420,4.6931015E-07
0,241430,4.6925402E-07
0,241440,4.691979E-07
0,241450,4.6914175E-07
0,241460,4.6908562E-07
0,241470,4.6902952E-07
0,241480,4.689734E-07
0,241490,4.689173E-07
0,241500,4.688612E-07
0,241510,4.6880513E-07
0,241520,4.6874905E-07
0,241530,4.6869297E-07
0,241540,4.686369E-07
0,241550,4.6858082E-07
0,241560,4.6852477E-07
0,241570,4.6846873E-07
0,241580,4.6841268E-07
0,241590,4.6835666E-07
0,241600,4.683006E-07
0,241610,4.682446E-07
0,241620,4.6818857E-07
0,241630,4.6813258E-07
0,241640,4.6807656E-07
0,241650,4.6802057E-07
0,241660,4.6796458E-07
0,241670,4.6790862E-07
0,241680,4.6785263E-07
0,241690,4.6779667E-07
0,241700,4.677407E-07
0,241710,4.6768474E-07
0,241720,4.676288E-07
0,241730,4.6757285E-07
0,241740,4.675169E-07
0,241750,4.67461E-07
0,241760,4.6740507E-07
0,241770,4.6734917E-07
0,241780,4.6729326E-07
0,241790,4.6723736E-07
0,241800,4.6718145E-07
0,241810,4.6712557E-07
0,241820,4.670697E-07
0,241830,4.6701382E-07
0,241840,4.6695794E-07
0,241850,4.669021E-07
0,241860,4.6684622E-07
0,241870,4.6679037E-07
0,241880,4.6673455E-07
0,241890,4.666787E-07
0,241900,4.6662288E-07
0,241910,4.6656706E-07
0,241920,4.6651124E-07
0,241930,4.6645542E-07
0,241940,4.6639963E-07
0,241950,4.6634383E-07
0,241960,4.6628804E-07
0,241970,4.6623228E-07
0,241980,4.661765E-07
0,241990,4.6612072E-07
0,242000,4.6606496E-07
0,242010,4.660092E-07
0,242020,4.6595346E-07
0,242030,4.6589773E-07
0,242040,4.65842E-07
0,242050,4.6578626E-07
0,242060,4.6573052E-07
0,242070,4.6567482E-07
0,242080,4.656191E-07
0,242090,4.655634E-07
0,242100,4.6550772E-07
0,242110,4.6545202E-07
0,242120,4.6539634E-07
0,242130,4.6534066E-07
0,242140,4.65285E-07
0,242150,4.6522933E-07
0,242160,4.6517368E-07
0,242170,4.6511803E-07
0,242180,4.650624E-07
0,242190,4.6500676E-07
0,242200,4.6495114E-07
0,242210,4.6489552E-07
0,242220,4.648399E-07
0,242230,4.647843E-07
0,242240,4.6472869E-07
0,242250,4.646731E-07
0,242260,4.646175E-07
0,242270,4.6456194E-07
0,242280,4.6450634E-07
0,242290,4.6445078E-07
0,242300,4.643952E-07
0,242310,4.6433968E-07
0,242320,4.642841E-07
0,242330,4.6422858E-07
0,242340,4.6417304E-07
0,242350,4.641175E-07
0,242360,4.64062E-07
0,242370,4.640065E-07
0,242380,4.6395098E-07
0,242390,4.6389547E-07
0,242400,4.6383997E-07
0,242410,4.637845E-07
0,242420,4.63729E-07
0,242430,4.6367353E-07
0,242440,4.6361805E-07
0,242450,4.635626E-07
0,242460,4.6350715E-07
0,242470,4.634517E-07
0,242480,4.6339625E-07
0,242490,4.6334083E-07
0,242500,4.632854E-07
0,242510,4.6322998E-07
0,242520,4.6317456E-07
0,242530,4.6311914E-07
0,242540,4.6306374E-07
0,242550,4.6300835E-07
0,242560,4.6295295E-07
0,242570,4.628976E-07
0,242580,4.628422E-07
0,242590,4.6278683E-07
0,242600,4.6273146E-07
0,242610,4.6267613E-07
0,242620,4.6262076E-07
0,242630,4.6256542E-07
0,242640,4.625101E-07
0,242650,4.6245475E-07
0,242660,4.6239944E-07
0,242670,4.6234413E-07
0,242680,4.6228882E-07
0,242690,4.6223352E-07
0,242700,4.621782E-07
0,242710,4.6212293E-07
0,242720,4.6206765E-07
0,242730,4.6201237E-07
0,242740,4.619571E-07
0,242750,4.6190183E-07
0,242760,4.6184658E-07
0,242770,4.6179133E-07
0,242780,4.6173608E-07
0,242790,4.6168086E-07
0,242800,4.616256E-07
0,242810,4.6157038E-07
0,242820,4.6151519E-07
0,242830,4.6145996E-07
0,242840,4.6140477E-07
0,242850,4.6134957E-07
0,242860,4.6129438E-07
0,242870,4.6123918E-07
0,242880,4.6118402E-07
0,242890,4.6112885E-07
0,242900,4.6107368E-07
0,242910,4.6101852E-07
0,242920,4.6096338E-07
0,242930,4.609082E-07
0,242940,4.6085307E-07
0,242950,4.6079796E-07
0,242960,4.6074283E-07
0,242970,4.6068772E-07
0,242980,4.606326E-07
0,242990,4.605775E-07
0,243000,4.605224E-07
0,243010,4.604673E-07
0,243020,4.6041222E-07
0,243030,4.6035714E-07
0,243040,4.6030206E-07
0,243050,4.60247E-07
0,243060,4.6019196E-07
0,243070,4.601369E-07
0,243080,4.6008185E-07
0,243090,4.6002683E-07
0,243100,4.5997177E-07
0,243110,4.5991675E-07
0,243120,4.5986172E-07
0,243130,4.5980673E-07
0,243140,4.597517E-07
0,243150,4.596967E-07
0,243160,4.596417E-07
0,243170,4.5958674E-07
0,243180,4.5953175E-07
0,243190,4.5947678E-07
0,243200,4.594218E-07
0,243210,4.5936687E-07
0,243220,4.593119E-07
0,243230,4.5925697E-07
0,243240,4.5920203E-07
0,243250,4.591471E-07
0,243260,4.5909215E-07
0,243270,4.5903724E-07
0,243280,4.5898233E-07
0,243290,4.5892742E-07
0,243300,4.588725E-07
0,243310,4.5881762E-07
0,243320,4.5876274E-07
0,243330,4.5870786E-07
0,243340,4.5865298E-07
0,243350,4.5859812E-07
0,243360,4.5854324E-07
0,243370,4.584884E-07
0,243380,4.5843356E-07
0,243390,4.583787E-07
0,243400,4.5832388E-07
0,243410,4.5826906E-07
0,243420,4.5821423E-07
0,243430,4.581594E-07
0,243440,4.581046E-07
0,243450,4.5804978E-07
0,243460,4.5799501E-07
0,243470,4.5794022E-07
0,243480,4.5788542E-07
0,243490,4.5783065E-07
0,243500,4.5777588E-07
0,243510,4.5772111E-07
0,243520,4.5766637E-07
0,243530,4.576116E-07
0,243540,4.5755687E-07
0,243550,4.5750213E-07
0,243560,4.574474E-07
0,243570,4.5739267E-07
0,243580,4.5733796E-07
0,243590,4.5728325E-07
0,243600,4.5722854E-07
0,243610,4.5717385E-07
0,243620,4.5711917E-07
0,243630,4.570645E-07
0,243640,4.570098E-07
0,243650,4.5695512E-07
0,243660,4.5690047E-07
0,243670,4.568458E-07
0,243680,4.5679116E-07
0,243690,4.567365E-07
0,243700,4.5668187E-07
0,243710,4.5662725E-07
0,243720,4.5657262E-07
0,243730,4.56518E-07
0,243740,4.5646337E-07
0,243750,4.5640877E-07
0,243760,4.5635417E-07
0,243770,4.5629957E-07
0,243780,4.56245E-07
0,243790,4.561904E-07
0,243800,4.5613584E-07
0,243810,4.5608127E-07
0,243820,4.5602673E-07
0,243830,4.5597216E-07
0,243840,4.5591761E-07
0,243850,4.5586307E-07
0,243860,4.5580853E-07
0,243870,4.5575402E-07
0,243880,4.5569948E-07
0,243890,4.5564497E-07
0,243900,4.5559048E-07
0,243910,4.5553597E-07
0,243920,4.5548148E-07
0,243930,4.5542697E-07
0,243940,4.5537251E-07
0,243950,4.5531803E-07
0,243960,4.5526355E-07
0,243970,4.552091E-07
0,243980,4.5515463E-07
0,243990,4.5510018E-07
0,244000,4.5504575E-07
0,244010,4.5499132E-07
0,244020,4.549369E-07
0,244030,4.5488247E-07
0,244040,4.5482804E-07
0,244050,4.5477364E-07
0,244060,4.547192E-07
0,244070,4.5466484E-07
0,244080,4.5461044E-07
0,244090,4.5455604E-07
0,244100,4.5450167E-07
0,244110,4.544473E-07
0,244120,4.5439293E-07
0,244130,4.543386E-07
0,244140,4.5428422E-07
0,244150,4.5422988E-07
0,244160,4.5417553E-07
0,244170,4.5412122E-07
0,244180,4.5406688E-07
0,244190,4.5401256E-07
0,244200,4.5395825E-07
0,244210,4.5390397E-07
0,244220,4.5384965E-07
0,244230,4.5379537E-07
0,244240,4.5374108E-07
0,244250,4.536868E-07
0,244260,4.536325E-07
0,244270,4.5357825E-07
0,244280,4.53524E-07
0,244290,4.5346974E-07
0,244300,4.5341548E-07
0,244310,4.5336125E-07
0,244320,4.5330702E-07
0,244330,4.532528E-07
0,244340,4.5319857E-07
0,244350,4.5314434E-07
0,244360,4.5309014E-07
0,244370,4.5303594E-07
0,244380,4.5298174E-07
0,244390,4.5292754E-07
0,244400,4.5287337E-07
0,244410,4.528192E-07
0,244420,4.5276502E-07
0,244430,4.5271085E-07
0,244440,4.526567E-07
0,244450,4.5260256E-07
0,244460,4.5254842E-07
0,244470,4.5249428E-07
0,244480,4.5244013E-07
0,244490,4.5238602E-07
0,244500,4.523319E-07
0,244510,4.522778E-07
0,244520,4.5222367E-07
0,244530,4.521696E-07
0,244540,4.521155E-07
0,244550,4.520614E-07
0,244560,4.5200733E-07
0,244570,4.5195324E-07
0,244580,4.5189918E-07
0,244590,4.5184512E-07
0,244600,4.5179107E-07
0,244610,4.51737E-07
0,244620,4.5168298E-07
0,244630,4.5162895E-07
0,244640,4.5157492E-07
0,244650,4.515209E-07
0,244660,4.514669E-07
0,244670,4.514129E-07
0,244680,4.513589E-07
0,244690,4.5130489E-07
0,244700,4.5125088E-07
0,244710,4.511969E-07
0,244720,4.5114294E-07
0,244730,4.5108897E-07
0,244740,4.51035E-07
0,244750,4.5098105E-07
0,244760,4.509271E-07
0,244770,4.5087316E-07
0,244780,4.5081921E-07
0,244790,4.5076527E-07
0,244800,4.5071135E-07
0,244810,4.5065744E-07
0,244820,4.5060352E-07
0,244830,4.5054963E-07
0,244840,4.5049572E-07
0,244850,4.5044183E-07
0,244860,4.5038794E-07
0,244870,4.5033406E-07
0,244880,4.502802E-07
0,244890,4.5022634E-07
0,244900,4.5017248E-07
0,244910,4.5011862E-07
0,244920,4.5006476E-07
0,244930,4.5001093E-07
0,244940,4.499571E-07
0,244950,4.4990327E-07
0,244960,4.4984944E-07
0,244970,4.4979564E-07
0,244980,4.4974183E-07
0,244990,4.4968803E-07
0,245000,4.4963423E-07
0,245010,4.4958043E-07
0,245020,4.4952665E-07
0,245030,4.4947288E-07
0,245040,4.494191E-07
0,245050,4.4936536E-07
0,245060,4.4931159E-07
0,245070,4.4925784E-07
0,245080,4.492041E-07
0,245090,4.4915035E-07
0,245100,4.4909663E-07
0,245110,4.4904291E-07
0,245120,4.489892E-07
0,245130,4.4893548E-07
0,245140,4.4888176E-07
0,245150,4.4882808E-07
0,245160,4.487744E-07
0,245170,4.487207E-07
0,245180,4.48667E-07
0,245190,4.4861335E-07
0,245200,4.4855966E-07
0,245210,4.48506E-07
0,245220,4.4845237E-07
0,245230,4.483987E-07
0,245240,4.4834508E-07
0,245250,4.4829144E-07
0,245260,4.482378E-07
0,245270,4.4818418E-07
0,245280,4.4813058E-07
0,245290,4.4807695E-07
0,245300,4.4802334E-07
0,245310,4.4796977E-07
0,245320,4.4791616E-07
0,245330,4.478626E-07
0,245340,4.4780901E-07
0,245350,4.4775544E-07
0,245360,4.4770186E-07
0,245370,4.4764832E-07
0,245380,4.4759477E-07
0,245390,4.4754123E-07
0,245400,4.4748768E-07
0,245410,4.4743416E-07
0,245420,4.4738061E-07
0,245430,4.473271E-07
0,245440,4.4727358E-07
0,245450,4.472201E-07
0,245460,4.4716657E-07
0,245470,4.4711308E-07
0,245480,4.470596E-07
0,245490,4.4700613E-07
0,245500,4.4695264E-07
0,245510,4.4689918E-07
0,245520,4.4684572E-07
0,245530,4.4679226E-07
0,245540,4.4673882E-07
0,245550,4.4668536E-07
0,245560,4.4663193E-07
0,245570,4.465785E-07
0,245580,4.465251E-07
0,245590,4.4647166E-07
0,245600,4.4641826E-07
0,245610,4.4636485E-07
0,245620,4.4631145E-07
0,245630,4.4625807E-07
0,245640,4.4620467E-07
0,245650,4.461513E-07
0,245660,4.460979E-07
0,245670,4.4604457E-07
0,245680,4.459912E-07
0,245690,4.4593784E-07
0,245700,4.458845E-07
0,245710,4.4583115E-07
0,245720,4.4577783E-07
0,245730,4.457245E-07
0,245740,4.4567116E-07
0,245750,4.4561787E-07
0,245760,4.4556455E-07
0,245770,4.4551126E-07
0,245780,4.4545794E-07
0,245790,4.4540465E-07
0,245800,4.453514E-07
0,245810,4.452981E-07
0,245820,4.4524484E-07
0,245830,4.4519157E-07
0,245840,4.451383E-07
0,245850,4.4508505E-07
0,245860,4.4503182E-07
0,245870,4.4497858E-07
0,245880,4.4492535E-07
0,245890,4.4487211E-07
0,245900,4.448189E-07
0,245910,4.447657E-07
0,245920,4.447125E-07
0,245930,4.446593E-07
0,245940,4.446061E-07
0,245950,4.445529E-07
0,245960,4.4449973E-07
0,245970,4.4444656E-07
0,245980,4.4439338E-07
0,245990,4.4434023E-07
0,246000,4.4428705E-07
0,246010,4.442339E-07
0,246020,4.4418076E-07
0,246030,4.4412764E-07
0,246040,4.4407452E-07
0,246050,4.4402137E-07
0,246060,4.4396825E-07
0,246070,4.4391516E-07
0,246080,4.4386204E-07
0,246090,4.4380894E-07
0,246100,4.4375585E-07
0,246110,4.4370276E-07
0,246120,4.436497E-07
0,246130,4.435966E-07
0,246140,4.4354354E-07
0,246150,4.4349048E-07
0,246160,4.4343744E-07
0,246170,4.4338438E-07
0,246180,4.4333134E-07
0,246190,4.432783E-07
0,246200,4.4322528E-07
0,246210,4.4317227E-07
0,246220,4.4311923E-07
0,246230,4.4306623E-07
0,246240,4.4301322E-07
0,246250,4.4296024E-07
0,246260,4.4290724E-07
0,246270,4.4285426E-07
0,246280,4.4280128E-07
0,246290,4.427483E-07
0,246300,4.4269535E-07
0,246310,4.4264237E-07
0,246320,4.4258942E-07
0,246330,4.4253648E-07
0,246340,4.4248355E-07
0,246350,4.424306E-07
0,246360,4.4237768E-07
0,246370,4.4232476E-07
0,246380,4.4227184E-07
0,246390,4.4221895E-07
0,246400,4.4216605E-07
0,246410,4.4211313E-07
0,246420,4.4206027E-07
0,246430,4.4200738E-07
0,246440,4.419545E-07
0,246450,4.4190162E-07
0,246460,4.4184875E-07
0,246470,4.4179592E-07
0,246480,4.4174305E-07
0,246490,4.4169022E-07
0,246500,4.4163738E-07
0,246510,4.4158455E-07
0,246520,4.415317E-07
0,246530,4.414789E-07
0,246540,4.4142607E-07
0,246550,4.4137326E-07
0,246560,4.4132048E-07
0,246570,4.4126767E-07
0,246580,4.412149E-07
0,246590,4.4116211E-07
0,246600,4.4110934E-07
0,246610,4.4105656E-07
0,246620,4.410038E-07
0,246630,4.4095106E-07
0,246640,4.408983E-07
0,246650,4.4084555E-07
0,246660,4.407928E-07
0,246670,4.4074008E-07
0,246680,4.4068736E-07
0,246690,4.4063464E-07
0,246700,4.405819E-07
0,246710,4.4052922E-07
0,246720,4.4047653E-07
0,246730,4.4042383E-07
0,246740,4.4037114E-07
0,246750,4.4031844E-07
0,246760,4.4026578E-07
0,246770,4.402131E-07
0,246780,4.4016045E-07
0,246790,4.401078E-07
0,246800,4.4005515E-07
0,246810,4.400025E-07
0,246820,4.3994987E-07
0,246830,4.3989724E-07
0,246840,4.3984463E-07
0,246850,4.39792E-07
0,246860,4.3973938E-07
0,246870,4.3968677E-07
0,246880,4.396342E-07
0,246890,4.3958158E-07
0,246900,4.39529E-07
0,246910,4.3947642E-07
0,246920,4.3942384E-07
0,246930,4.393713E-07
0,246940,4.393187E-07
0,246950,4.3926616E-07
0,246960,4.392136E-07
0,246970,4.3916108E-07
0,246980,4.3910853E-07
0,246990,4.39056E-07
0,247000,4.390035E-07
0,247010,4.3895096E-07
0,247020,4.3889847E-07
0,247030,4.3884594E-07
0,247040,4.3879345E-07
0,247050,4.3874095E-07
0,247060,4.386885E-07
0,247070,4.38636E-07
0,247080,4.3858353E-07
0,247090,4.3853106E-07
0,247100,4.384786E-07
0,247110,4.3842613E-07
0,247120,4.383737E-07
0,247130,4.3832125E-07
0,247140,4.382688E-07
0,247150,4.3821638E-07
0,247160,4.3816397E-07
0,247170,4.3811156E-07
0,247180,4.3805915E-07
0,247190,4.3800674E-07
0,247200,4.3795433E-07
0,247210,4.3790195E-07
0,247220,4.3784956E-07
0,247230,4.3779718E-07
0,247240,4.377448E-07
0,247250,4.3769245E-07
0,247260,4.3764007E-07
0,247270,4.3758772E-07
0,247280,4.3753536E-07
0,247290,4.3748304E-07
0,247300,4.3743069E-07
0,247310,4.3737836E-07
0,247320,4.3732604E-07
0,247330,4.3727374E-07
0,247340,4.3722142E-07
0,247350,4.3716912E-07
0,247360,4.3711682E-07
0,247370,4.3706453E-07
0,247380,4.3701223E-07
0,247390,4.3695997E-07
0,247400,4.369077E-07
0,247410,4.3685543E-07
0,247420,4.3680316E-07
0,247430,4.367509E-07
0,247440,4.3669866E-07
0,247450,4.3664642E-07
0,247460,4.3659418E-07
0,247470,4.3654197E-07
0,247480,4.3648973E-07
0,247490,4.3643752E-07
0,247500,4.363853E-07
0,247510,4.363331E-07
0,247520,4.362809E-07
0,247530,4.362287E-07
0,247540,4.3617652E-07
0,247550,4.3612434E-07
0,247560,4.3607218E-07
0,247570,4.3602E-07
0,247580,4.3596785E-07
0,247590,4.359157E-07
0,247600,4.3586354E-07
0,247610,4.3581142E-07
0,247620,4.3575926E-07
0,247630,4.3570714E-07
0,247640,4.35655E-07
0,247650,4.356029E-07
0,247660,4.355508E-07
0,247670,4.354987E-07
0,247680,4.354466E-07
0,247690,4.353945E-07
0,247700,4.353424E-07
0,247710,4.3529033E-07
0,247720,4.3523826E-07
0,247730,4.351862E-07
0,247740,4.3513413E-07
0,247750,4.350821E-07
0,247760,4.3503002E-07
0,247770,4.3497798E-07
0,247780,4.3492597E-07
0,247790,4.3487393E-07
0,247800,4.348219E-07
0,247810,4.3476987E-07
0,247820,4.3471786E-07
0,247830,4.3466588E-07
0,247840,4.3461387E-07
0,247850,4.3456188E-07
0,247860,4.345099E-07
0,247870,4.3445792E-07
0,247880,4.3440593E-07
0,247890,4.3435398E-07
0,247900,4.3430202E-07
0,247910,4.3425007E-07
0,247920,4.341981E-07
0,247930,4.3414616E-07
0,247940,4.3409423E-07
0,247950,4.340423E-07
0,247960,4.3399038E-07
0,247970,4.3393845E-07
0,247980,4.3388656E-07
0,247990,4.3383463E-07
0,248000,4.3378273E-07
0,248010,4.3373086E-07
0,248020,4.3367896E-07
0,248030,4.336271E-07
0,248040,4.335752E-07
0,248050,4.3352335E-07
0,248060,4.3347148E-07
0,248070,4.3341961E-07
0,248080,4.3336777E-07
0,248090,4.3331593E-07
0,248100,4.332641E-07
0,248110,4.3321228E-07
0,248120,4.3316044E-07
0,248130,4.3310862E-07
0,248140,4.330568E-07
0,248150,4.33005E-07
0,248160,4.3295321E-07
0,248170,4.329014E-07
0,248180,4.3284962E-07
0,248190,4.3279783E-07
0,248200,4.3274608E-07
0,248210,4.326943E-07
0,248220,4.3264254E-07
0,248230,4.3259078E-07
0,248240,4.3253903E-07
0,248250,4.324873E-07
0,248260,4.3243554E-07
0,248270,4.323838E-07
0,248280,4.323321E-07
0,248290,4.3228036E-07
0,248300,4.3222866E-07
0,248310,4.3217696E-07
0,248320,4.3212526E-07
0,248330,4.3207356E-07
0,248340,4.3202186E-07
0,248350,4.319702E-07
0,248360,4.3191852E-07
0,248370,4.3186685E-07
0,248380,4.3181518E-07
0,248390,4.317635E-07
0,248400,4.3171187E-07
0,248410,4.3166023E-07
0,248420,4.3160858E-07
0,248430,4.3155694E-07
0,248440,4.3150533E-07
0,248450,4.314537E-07
0,248460,4.314021E-07
0,248470,4.313505E-07
0,248480,4.3129887E-07
0,248490,4.312473E-07
0,248500,4.311957E-07
0,248510,4.3114412E-07
0,248520,4.3109253E-07
0,248530,4.3104097E-07
0,248540,4.3098942E-07
0,248550,4.3093786E-07
0,248560,4.308863E-07
0,248570,4.3083475E-07
0,248580,4.3078322E-07
0,248590,4.3073166E-07
0,248600,4.3068016E-07
0,248610,4.3062863E-07
0,248620,4.305771E-07
0,248630,4.305256E-07
0,248640,4.304741E-07
0,248650,4.304226E-07
0,248660,4.303711E-07
0,248670,4.3031963E-07
0,248680,4.3026816E-07
0,248690,4.302167E-07
0,248700,4.3016522E-07
0,248710,4.3011374E-07
0,248720,4.300623E-07
0,248730,4.3001086E-07
0,248740,4.299594E-07
0,248750,4.2990797E-07
0,248760,4.2985653E-07
0,248770,4.298051E-07
0,248780,4.297537E-07
0,248790,4.2970228E-07
0,248800,4.296509E-07
0,248810,4.2959948E-07
0,248820,4.295481E-07
0,248830,4.294967E-07
0,248840,4.2944532E-07
0,248850,4.2939396E-07
0,248860,4.2934258E-07
0,248870,4.2929122E-07
0,248880,4.2923986E-07
0,248890,4.2918853E-07
0,248900,4.2913717E-07
0,248910,4.2908584E-07
0,248920,4.2903451E-07
0,248930,4.2898318E-07
0,248940,4.2893186E-07
0,248950,4.2888055E-07
0,248960,4.2882925E-07
0,248970,4.2877795E-07
0,248980,4.2872665E-07
0,248990,4.2867538E-07
0,249000,4.2862408E-07
0,249010,4.285728E-07
0,249020,4.2852153E-07
0,249030,4.284703E-07
0,249040,4.28419E-07
0,249050,4.2836777E-07
0,249060,4.2831653E-07
0,249070,4.2826528E-07
0,249080,4.2821407E-07
0,249090,4.2816282E-07
0,249100,4.281116E-07
0,249110,4.280604E-07
0,249120,4.2800917E-07
0,249130,4.2795799E-07
0,249140,4.279068E-07
0,249150,4.278556E-07
0,249160,4.2780442E-07
0,249170,4.2775324E-07
0,249180,4.2770208E-07
0,249190,4.276509E-07
0,249200,4.2759973E-07
0,249210,4.275486E-07
0,249220,4.2749744E-07
0,249230,4.274463E-07
0,249240,4.2739518E-07
0,249250,4.2734405E-07
0,249260,4.2729292E-07
0,249270,4.272418E-07
0,249280,4.2719068E-07
0,249290,4.2713958E-07
0,249300,4.2708848E-07
0,249310,4.270374E-07
0,249320,4.269863E-07
0,249330,4.2693523E-07
0,249340,4.2688416E-07
0,249350,4.2683308E-07
0,249360,4.2678204E-07
0,249370,4.2673096E-07
0,249380,4.2667992E-07
0,249390,4.2662887E-07
0,249400,4.2657786E-07
0,249410,4.265268E-07
0,249420,4.264758E-07
0,249430,4.2642478E-07
0,249440,4.2637376E-07
0,249450,4.2632274E-07
0,249460,4.2627175E-07
0,249470,4.2622077E-07
0,249480,4.2616978E-07
0,249490,4.261188E-07
0,249500,4.260678E-07
0,249510,4.2601684E-07
0,249520,4.2596588E-07
0,249530,4.2591492E-07
0,249540,4.2586396E-07
0,249550,4.2581303E-07
0,249560,4.257621E-07
0,249570,4.2571114E-07
0,249580,4.2566023E-07
0,249590,4.256093E-07
0,249600,4.255584E-07
0,249610,4.2550747E-07
0,249620,4.2545656E-07
0,249630,4.254057E-07
0,249640,4.2535478E-07
0,249650,4.253039E-07
0,249660,4.2525303E-07
0,249670,4.2520216E-07
0,249680,4.2515128E-07
0,249690,4.2510044E-07
0,249700,4.2504956E-07
0,249710,4.2499872E-07
0,249720,4.2494787E-07
0,249730,4.2489705E-07
0,249740,4.248462E-07
0,249750,4.247954E-07
0,249760,4.2474457E-07
0,249770,4.2469375E-07
0,249780,4.2464296E-07
0,249790,4.2459217E-07
0,249800,4.2454135E-07
0,249810,4.244906E-07
0,249820,4.244398E-07
0,249830,4.2438901E-07
0,249840,4.2433825E-07
0,249850,4.242875E-07
0,249860,4.2423673E-07
0,249870,4.24186E-07
0,249880,4.2413524E-07
0,249890,4.240845E-07
0,249900,4.2403377E-07
0,249910,4.2398304E-07
0,249920,4.2393233E-07
0,249930,4.238816E-07
0,249940,4.238309E-07
0,249950,4.237802E-07
0,249960,4.237295E-07
0,249970,4.236788E-07
0,249980,4.2362814E-07
0,249990,4.2357746E-07
0,250000,4.2352679E-07
0,250010,4.234761E-07
0,250020,4.2342546E-07
0,250030,4.233748E-07
0,250040,4.2332414E-07
0,250050,4.2327352E-07
0,250060,4.2322287E-07
0,250070,4.2317225E-07
0,250080,4.2312163E-07
0,250090,4.2307101E-07
0,250100,4.230204E-07
0,250110,4.2296978E-07
0,250120,4.229192E-07
0,250130,4.228686E-07
0,250140,4.22818E-07
0,250150,4.2276744E-07
0,250160,4.2271685E-07
0,250170,4.226663E-07
0,250180,4.2261573E-07
0,250190,4.2256517E-07
0,250200,4.225146E-07
0,250210,4.2246407E-07
0,250220,4.2241354E-07
0,250230,4.22363E-07
0,250240,4.2231247E-07
0,250250,4.2226196E-07
0,250260,4.2221143E-07
0,250270,4.2216092E-07
0,250280,4.2211042E-07
0,250290,4.2205994E-07
0,250300,4.2200944E-07
0,250310,4.2195896E-07
0,250320,4.2190848E-07
0,250330,4.21858E-07
0,250340,4.2180753E-07
0,250350,4.2175708E-07
0,250360,4.2170663E-07
0,250370,4.2165618E-07
0,250380,4.2160573E-07
0,250390,4.2155528E-07
0,250400,4.2150486E-07
0,250410,4.2145444E-07
0,250420,4.2140402E-07
0,250430,4.213536E-07
0,250440,4.213032E-07
0,250450,4.2125282E-07
0,250460,4.2120243E-07
0,250470,4.2115204E-07
0,250480,4.2110165E-07
0,250490,4.2105128E-07
0,250500,4.210009E-07
0,250510,4.2095053E-07
0,250520,4.209002E-07
0,250530,4.2084983E-07
0,250540,4.207995E-07
0,250550,4.2074913E-07
0,250560,4.206988E-07
0,250570,4.206485E-07
0,250580,4.2059816E-07
0,250590,4.2054785E-07
0,250600,4.2049754E-07
0,250610,4.2044724E-07
0,250620,4.2039693E-07
0,250630,4.2034665E-07
0,250640,4.2029637E-07
0,250650,4.2024607E-07
0,250660,4.2019582E-07
0,250670,4.2014554E-07
0,250680,4.200953E-07
0,250690,4.20045E-07
0,250700,4.1999476E-07
0,250710,4.1994454E-07
0,250720,4.198943E-07
0,250730,4.1984407E-07
0,250740,4.1979385E-07
0,250750,4.1974363E-07
0,250760,4.196934E-07
0,250770,4.196432E-07
0,250780,4.19593E-07
0,250790,4.195428E-07
0,250800,4.194926E-07
0,250810,4.1944242E-07
0,250820,4.1939225E-07
0,250830,4.193421E-07
0,250840,4.1929192E-07
0,250850,4.1924176E-07
0,250860,4.191916E-07
0,250870,4.1914146E-07
0,250880,4.1909132E-07
0,250890,4.1904119E-07
0,250900,4.1899105E-07
0,250910,4.189409E-07
0,250920,4.188908E-07
0,250930,4.188407E-07
0,250940,4.187906E-07
0,250950,4.1874048E-07
0,250960,4.186904E-07
0,250970,4.1864033E-07
0,250980,4.1859025E-07
0,250990,4.1854017E-07
0,251000,4.184901E-07
0,251010,4.1844004E-07
0,251020,4.1838996E-07
0,251030,4.183399E-07
0,251040,4.182899E-07
0,251050,4.1823984E-07
0,251060,4.181898E-07
0,251070,4.1813976E-07
0,251080,4.1808974E-07
0,251090,4.1803975E-07
0,251100,4.1798972E-07
0,251110,4.1793973E-07
0,251120,4.1788974E-07
0,251130,4.1783974E-07
0,251140,4.1778975E-07
0,251150,4.1773976E-07
0,251160,4.176898E-07
0,251170,4.1763982E-07
0,251180,4.1758986E-07
0,251190,4.1753992E-07
0,251200,4.1748996E-07
0,251210,4.1744002E-07
0,251220,4.1739008E-07
0,251230,4.1734015E-07
0,251240,4.172902E-07
0,251250,4.172403E-07
0,251260,4.171904E-07
0,251270,4.1714048E-07
0,251280,4.1709058E-07
0,251290,4.170407E-07
0,251300,4.169908E-07
0,251310,4.169409E-07
0,251320,4.1689103E-07
0,251330,4.1684117E-07
0,251340,4.167913E-07
0,251350,4.1674144E-07
0,251360,4.166916E-07
0,251370,4.1664174E-07
0,251380,4.165919E-07
0,251390,4.1654206E-07
0,251400,4.164922E-07
0,251410,4.164424E-07
0,251420,4.163926E-07
0,251430,4.1634277E-07
0,251440,4.1629298E-07
0,251450,4.1624315E-07
0,251460,4.1619336E-07
0,251470,4.161436E-07
0,251480,4.160938E-07
0,251490,4.1604403E-07
0,251500,4.1599426E-07
0,251510,4.159445E-07
0,251520,4.1589473E-07
0,251530,4.1584497E-07
0,251540,4.1579523E-07
0,251550,4.157455E-07
0,251560,4.1569575E-07
0,251570,4.15646E-07
0,251580,4.155963E-07
0,251590,4.155466E-07
0,251600,4.1549688E-07
0,251610,4.1544718E-07
0,251620,4.1539747E-07
0,251630,4.1534778E-07
0,251640,4.1529808E-07
0,251650,4.152484E-07
0,251660,4.1519874E-07
0,251670,4.1514906E-07
0,251680,4.150994E-07
0,251690,4.1504973E-07
0,251700,4.150001E-07
0,251710,4.1495045E-07
0,251720,4.149008E-07
0,251730,4.1485117E-07
0,251740,4.1480155E-07
0,251750,4.1475192E-07
0,251760,4.147023E-07
0,251770,4.146527E-07
0,251780,4.1460308E-07
0,251790,4.1455348E-07
0,251800,4.145039E-07
0,251810,4.1445432E-07
0,251820,4.1440472E-07
0,251830,4.1435516E-07
0,251840,4.143056E-07
0,251850,4.1425602E-07
0,251860,4.1420648E-07
0,251870,4.1415691E-07
0,251880,4.1410738E-07
0,251890,4.1405784E-07
0,251900,4.140083E-07
0,251910,4.139588E-07
0,251920,4.1390925E-07
0,251930,4.1385974E-07
0,251940,4.1381023E-07
0,251950,4.1376072E-07
0,251960,4.1371123E-07
0,251970,4.1366172E-07
0,251980,4.1361224E-07
0,251990,4.1356276E-07
0,252000,4.135133E-07
0,252010,4.1346382E-07
0,252020,4.1341437E-07
0,252030,4.1336492E-07
0,252040,4.1331546E-07
0,252050,4.13266E-07
0,252060,4.1321658E-07
0,252070,4.1316716E-07
0,252080,4.1311773E-07
0,252090,4.130683E-07
0,252100,4.1301888E-07
0,252110,4.1296948E-07
0,252120,4.129201E-07
0,252130,4.128707E-07
0,252140,4.128213E-07
0,252150,4.127719E-07
0,252160,4.1272253E-07
0,252170,4.1267316E-07
0,252180,4.126238E-07
0,252190,4.1257442E-07
0,252200,4.1252505E-07
0,252210,4.124757E-07
0,252220,4.1242637E-07
0,252230,4.1237703E-07
0,252240,4.123277E-07
0,252250,4.1227838E-07
0,252260,4.1222904E-07
0,252270,4.1217973E-07
0,252280,4.1213042E-07
0,252290,4.1208114E-07
0,252300,4.1203182E-07
0,252310,4.1198254E-07
0,252320,4.1193326E-07
0,252330,4.1188397E-07
0,252340,4.1183472E-07
0,252350,4.1178544E-07
0,252360,4.1173618E-07
0,252370,4.1168693E-07
0,252380,4.1163767E-07
0,252390,4.1158842E-07
0,252400,4.115392E-07
0,252410,4.1148996E-07
0,252420,4.1144074E-07
0,252430,4.113915E-07
0,252440,4.113423E-07
0,252450,4.112931E-07
0,252460,4.112439E-07
0,252470,4.111947E-07
0,252480,4.111455E-07
0,252490,4.1109632E-07
0,252500,4.1104715E-07
0,252510,4.1099796E-07
0,252520,4.1094881E-07
0,252530,4.1089964E-07
0,252540,4.1085048E-07
0,252550,4.1080133E-07
0,252560,4.107522E-07
0,252570,4.1070305E-07
0,252580,4.106539E-07
0,252590,4.106048E-07
0,252600,4.1055569E-07
0,252610,4.1050657E-07
0,252620,4.1045746E-07
0,252630,4.1040835E-07
0,252640,4.1035926E-07
0,252650,4.1031018E-07
0,252660,4.102611E-07
0,252670,4.10212E-07
0,252680,4.1016293E-07
0,252690,4.1011387E-07
0,252700,4.100648E-07
0,252710,4.1001576E-07
0,252720,4.099667E-07
0,252730,4.0991765E-07
0,252740,4.0986862E-07
0,252750,4.098196E-07
0,252760,4.0977056E-07
0,252770,4.0972154E-07
0,252780,4.096725E-07
0,252790,4.096235E-07
0,252800,4.095745E-07
0,252810,4.095255E-07
0,252820,4.094765E-07
0,252830,4.0942754E-07
0,252840,4.0937857E-07
0,252850,4.0932957E-07
0,252860,4.0928063E-07
0,252870,4.0923166E-07
0,252880,4.091827E-07
0,252890,4.0913375E-07
0,252900,4.090848E-07
0,252910,4.0903586E-07
0,252920,4.0898695E-07
0,252930,4.08938E-07
0,252940,4.088891E-07
0,252950,4.0884018E-07
0,252960,4.0879127E-07
0,252970,4.0874235E-07
0,252980,4.0869347E-07
0,252990,4.0864458E-07
0,253000,4.085957E-07
0,253010,4.085468E-07
0,253020,4.0849793E-07
0,253030,4.0844907E-07
0,253040,4.084002E-07
0,253050,4.0835135E-07
0,253060,4.083025E-07
0,253070,4.0825367E-07
0,253080,4.082048E-07
0,253090,4.0815598E-07
0,253100,4.0810716E-07
0,253110,4.0805833E-07
0,253120,4.0800953E-07
0,253130,4.0796073E-07
0,253140,4.079119E-07
0,253150,4.078631E-07
0,253160,4.0781433E-07
0,253170,4.0776553E-07
0,253180,4.0771675E-07
0,253190,4.0766798E-07
0,253200,4.076192E-07
0,253210,4.0757044E-07
0,253220,4.075217E-07
0,253230,4.0747292E-07
0,253240,4.0742418E-07
0,253250,4.0737547E-07
0,253260,4.0732672E-07
0,253270,4.0727798E-07
0,253280,4.0722927E-07
0,253290,4.0718055E-07
0,253300,4.0713184E-07
0,253310,4.0708315E-07
0,253320,4.0703443E-07
0,253330,4.0698575E-07
0,253340,4.0693706E-07
0,253350,4.0688838E-07
0,253360,4.0683972E-07
0,253370,4.0679103E-07
0,253380,4.0674237E-07
0,253390,4.0669372E-07
0,253400,4.0664506E-07
0,253410,4.0659643E-07
0,253420,4.0654777E-07
0,253430,4.0649914E-07
0,253440,4.064505E-07
0,253450,4.0640188E-07
0,253460,4.0635328E-07
0,253470,4.0630465E-07
0,253480,4.0625605E-07
0,253490,4.0620745E-07
0,253500,4.0615888E-07
0,253510,4.0611027E-07
0,253520,4.060617E-07
0,253530,4.0601313E-07
0,253540,4.0596456E-07
0,253550,4.0591598E-07
0,253560,4.058674E-07
0,253570,4.0581887E-07
0,253580,4.0577032E-07
0,253590,4.0572178E-07
0,253600,4.0567323E-07
0,253610,4.0562472E-07
0,253620,4.055762E-07
0,253630,4.0552766E-07
0,253640,4.0547917E-07
0,253650,4.0543065E-07
0,253660,4.0538214E-07
0,253670,4.0533365E-07
0,253680,4.0528516E-07
0,253690,4.0523668E-07
0,253700,4.0518822E-07
0,253710,4.0513973E-07
0,253720,4.0509127E-07
0,253730,4.050428E-07
0,253740,4.0499435E-07
0,253750,4.049459E-07
0,253760,4.0489746E-07
0,253770,4.0484903E-07
0,253780,4.048006E-07
0,253790,4.0475217E-07
0,253800,4.0470374E-07
0,253810,4.0465534E-07
0,253820,4.0460694E-07
0,253830,4.0455853E-07
0,253840,4.0451013E-07
0,253850,4.0446173E-07
0,253860,4.0441336E-07
0,253870,4.0436498E-07
0,253880,4.043166E-07
0,253890,4.0426823E-07
0,253900,4.0421986E-07
0,253910,4.0417152E-07
0,253920,4.0412317E-07
0,253930,4.0407483E-07
0,253940,4.0402648E-07
0,253950,4.0397813E-07
0,253960,4.0392982E-07
0,253970,4.038815E-07
0,253980,4.0383318E-07
0,253990,4.0378487E-07
0,254000,4.0373658E-07
0,254010,4.0368826E-07
0,254020,4.0363997E-07
0,254030,4.0359168E-07
0,254040,4.035434E-07
0,254050,4.0349514E-07
0,254060,4.0344688E-07
0,254070,4.033986E-07
0,254080,4.0335033E-07
0,254090,4.033021E-07
0,254100,4.0325384E-07
0,254110,4.032056E-07
0,254120,4.0315737E-07
0,254130,4.0310914E-07
0,254140,4.030609E-07
0,254150,4.030127E-07
0,254160,4.0296447E-07
0,254170,4.0291627E-07
0,254180,4.0286807E-07
0,254190,4.028199E-07
0,254200,4.027717E-07
0,254210,4.0272351E-07
0,254220,4.0267534E-07
0,254230,4.0262717E-07
0,254240,4.02579E-07
0,254250,4.0253084E-07
0,254260,4.024827E-07
0,254270,4.0243455E-07
0,254280,4.023864E-07
0,254290,4.0233826E-07
0,254300,4.0229014E-07
0,254310,4.02242E-07
0,254320,4.0219388E-07
0,254330,4.0214576E-07
0,254340,4.0209767E-07
0,254350,4.0204955E-07
0,254360,4.0200146E-07
0,254370,4.0195337E-07
0,254380,4.0190528E-07
0,254390,4.0185722E-07
0,254400,4.0180913E-07
0,254410,4.0176107E-07
0,254420,4.01713E-07
0,254430,4.0166495E-07
0,254440,4.016169E-07
0,254450,4.0156885E-07
0,254460,4.0152082E-07
0,254470,4.014728E-07
0,254480,4.0142476E-07
0,254490,4.0137672E-07
0,254500,4.0132872E-07
0,254510,4.0128072E-07
0,254520,4.012327E-07
0,254530,4.011847E-07
0,254540,4.011367E-07
0,254550,4.0108873E-07
0,254560,4.0104075E-07
0,254570,4.0099277E-07
0,254580,4.009448E-07
0,254590,4.0089682E-07
0,254600,4.0084888E-07
0,254610,4.0080093E-07
0,254620,4.0075298E-07
0,254630,4.0070503E-07
0,254640,4.006571E-07
0,254650,4.0060917E-07
0,254660,4.0056125E-07
0,254670,4.0051333E-07
0,254680,4.004654E-07
0,254690,4.004175E-07
0,254700,4.003696E-07
0,254710,4.003217E-07
0,254720,4.0027382E-07
0,254730,4.0022593E-07
0,254740,4.0017807E-07
0,254750,4.0013018E-07
0,254760,4.000823E-07
0,254770,4.0003445E-07
0,254780,3.999866E-07
0,254790,3.9993876E-07
0,254800,3.998909E-07
0,254810,3.9984306E-07
0,254820,3.9979523E-07
0,254830,3.9974742E-07
0,254840,3.996996E-07
0,254850,3.9965178E-07
0,254860,3.9960395E-07
0,254870,3.9955617E-07
0,254880,3.9950837E-07
0,254890,3.9946056E-07
0,254900,3.9941278E-07
0,254910,3.99365E-07
0,254920,3.9931723E-07
0,254930,3.9926945E-07
0,254940,3.9922168E-07
0,254950,3.9917393E-07
0,254960,3.9912618E-07
0,254970,3.9907843E-07
0,254980,3.9903068E-07
0,254990,3.9898296E-07
0,255000,3.989352E-07
0,255010,3.988875E-07
0,255020,3.9883977E-07
0,255030,3.9879208E-07
0,255040,3.9874436E-07
0,255050,3.9869667E-07
0,255060,3.9864898E-07
0,255070,3.986013E-07
0,255080,3.985536E-07
0,255090,3.985059E-07
0,255100,3.9845824E-07
0,255110,3.9841058E-07
0,255120,3.9836291E-07
0,255130,3.9831525E-07
0,255140,3.9826762E-07
0,255150,3.9821998E-07
0,255160,3.9817232E-07
0,255170,3.9812468E-07
0,255180,3.9807708E-07
0,255190,3.9802944E-07
0,255200,3.9798184E-07
0,255210,3.9793423E-07
0,255220,3.9788662E-07
0,255230,3.9783902E-07
0,255240,3.9779144E-07
0,255250,3.9774383E-07
0,255260,3.9769625E-07
0,255270,3.9764868E-07
0,255280,3.9760113E-07
0,255290,3.9755355E-07
0,255300,3.97506E-07
0,255310,3.9745845E-07
0,255320,3.974109E-07
0,255330,3.9736335E-07
0,255340,3.973158E-07
0,255350,3.9726828E-07
0,255360,3.9722076E-07
0,255370,3.9717324E-07
0,255380,3.9712572E-07
0,255390,3.9707822E-07
0,255400,3.970307E-07
0,255410,3.969832E-07
0,255420,3.9693572E-07
0,255430,3.9688825E-07
0,255440,3.9684076E-07
0,255450,3.967933E-07
0,255460,3.9674583E-07
0,255470,3.9669837E-07
0,255480,3.966509E-07
0,255490,3.9660347E-07
0,255500,3.96556E-07
0,255510,3.9650857E-07
0,255520,3.9646113E-07
0,255530,3.9641372E-07
0,255540,3.963663E-07
0,255550,3.9631888E-07
0,255560,3.9627147E-07
0,255570,3.9622407E-07
0,255580,3.9617666E-07
0,255590,3.9612925E-07
0,255600,3.9608187E-07
0,255610,3.960345E-07
0,255620,3.9598712E-07
0,255630,3.9593974E-07
0,255640,3.9589239E-07
0,255650,3.95845E-07
0,255660,3.9579766E-07
0,255670,3.957503E-07
0,255680,3.9570298E-07
0,255690,3.9565563E-07
0,255700,3.956083E-07
0,255710,3.95561E-07
0,255720,3.9551367E-07
0,255730,3.9546634E-07
0,255740,3.9541902E-07
0,255750,3.9537173E-07
0,255760,3.9532443E-07
0,255770,3.9527714E-07
0,255780,3.9522985E-07
0,255790,3.9518258E-07
0,255800,3.951353E-07
0,255810,3.9508802E-07
0,255820,3.9504076E-07
0,255830,3.9499352E-07
0,255840,3.9494626E-07
0,255850,3.9489902E-07
0,255860,3.9485178E-07
0,255870,3.9480454E-07
0,255880,3.947573E-07
0,255890,3.9471007E-07
0,255900,3.9466286E-07
0,255910,3.9461565E-07
0,255920,3.9456845E-07
0,255930,3.9452124E-07
0,255940,3.9447406E-07
0,255950,3.9442685E-07
0,255960,3.9437967E-07
0,255970,3.943325E-07
0,255980,3.942853E-07
0,255990,3.9423816E-07
0,256000,3.9419098E-07
0,256010,3.9414383E-07
0,256020,3.9409667E-07
0,256030,3.9404952E-07
0,256040,3.940024E-07
0,256050,3.9395525E-07
0,256060,3.9390812E-07
0,256070,3.93861E-07
0,256080,3.938139E-07
0,256090,3.9376678E-07
0,256100,3.937197E-07
0,256110,3.9367256E-07
0,256120,3.9362547E-07
0,256130,3.935784E-07
0,256140,3.935313E-07
0,256150,3.9348424E-07
0,256160,3.9343715E-07
0,256170,3.9339008E-07
0,256180,3.9334304E-07
0,256190,3.9329598E-07
0,256200,3.9324894E-07
0,256210,3.9320187E-07
0,256220,3.9315483E-07
0,256230,3.9310783E-07
0,256240,3.930608E-07
0,256250,3.9301378E-07
0,256260,3.9296674E-07
0,256270,3.9291973E-07
0,256280,3.9287275E-07
0,256290,3.9282574E-07
0,256300,3.9277876E-07
0,256310,3.9273175E-07
0,256320,3.9268477E-07
0,256330,3.926378E-07
0,256340,3.9259083E-07
0,256350,3.9254385E-07
0,256360,3.924969E-07
0,256370,3.9244995E-07
0,256380,3.92403E-07
0,256390,3.9235607E-07
0,256400,3.9230912E-07
0,256410,3.922622E-07
0,256420,3.9221527E-07
0,256430,3.9216835E-07
0,256440,3.9212142E-07
0,256450,3.9207453E-07
0,256460,3.9202763E-07
0,256470,3.9198073E-07
0,256480,3.9193384E-07
0,256490,3.9188694E-07
0,256500,3.9184008E-07
0,256510,3.9179318E-07
0,256520,3.917463E-07
0,256530,3.9169944E-07
0,256540,3.916526E-07
0,256550,3.9160574E-07
0,256560,3.915589E-07
0,256570,3.9151206E-07
0,256580,3.9146522E-07
0,256590,3.9141838E-07
0,256600,3.9137157E-07
0,256610,3.9132476E-07
0,256620,3.9127792E-07
0,256630,3.9123114E-07
0,256640,3.9118433E-07
0,256650,3.9113752E-07
0,256660,3.9109074E-07
0,256670,3.9104395E-07
0,256680,3.9099717E-07
0,256690,3.909504E-07
0,256700,3.9090364E-07
0,256710,3.9085685E-07
0,256720,3.908101E-07
0,256730,3.9076335E-07
0,256740,3.9071662E-07
0,256750,3.9066987E-07
0,256760,3.9062314E-07
0,256770,3.9057642E-07
0,256780,3.905297E-07
0,256790,3.9048297E-07
0,256800,3.9043624E-07
0,256810,3.9038954E-07
0,256820,3.9034285E-07
0,256830,3.9029615E-07
0,256840,3.9024945E-07
0,256850,3.9020276E-07
0,256860,3.901561E-07
0,256870,3.9010942E-07
0,256880,3.9006275E-07
0,256890,3.9001608E-07
0,256900,3.8996941E-07
0,256910,3.8992277E-07
0,256920,3.8987613E-07
0,256930,3.898295E-07
0,256940,3.8978285E-07
0,256950,3.8973621E-07
0,256960,3.896896E-07
0,256970,3.89643E-07
0,256980,3.8959638E-07
0,256990,3.8954977E-07
0,257000,3.8950316E-07
0,257010,3.8945657E-07
0,257020,3.8941E-07
0,257030,3.893634E-07
0,257040,3.8931682E-07
0,257050,3.8927024E-07
0,257060,3.892237E-07
0,257070,3.891771E-07
0,257080,3.8913055E-07
0,257090,3.89084E-07
0,257100,3.8903747E-07
0,257110,3.889909E-07
0,257120,3.889444E-07
0,257130,3.8889786E-07
0,257140,3.8885133E-07
0,257150,3.888048E-07
0,257160,3.887583E-07
0,257170,3.887118E-07
0,257180,3.8866528E-07
0,257190,3.8861882E-07
0,257200,3.8857232E-07
0,257210,3.8852582E-07
0,257220,3.8847935E-07
0,257230,3.8843288E-07
0,257240,3.883864E-07
0,257250,3.8833994E-07
0,257260,3.882935E-07
0,257270,3.8824703E-07
0,257280,3.882006E-07
0,257290,3.8815415E-07
0,257300,3.881077E-07
0,257310,3.880613E-07
0,257320,3.8801488E-07
0,257330,3.8796844E-07
0,257340,3.8792203E-07
0,257350,3.8787564E-07
0,257360,3.8782923E-07
0,257370,3.8778285E-07
0,257380,3.8773643E-07
0,257390,3.8769005E-07
0,257400,3.876437E-07
0,257410,3.875973E-07
0,257420,3.8755095E-07
0,257430,3.8750457E-07
0,257440,3.8745821E-07
0,257450,3.874119E-07
0,257460,3.8736553E-07
0,257470,3.8731918E-07
0,257480,3.8727285E-07
0,257490,3.8722652E-07
0,257500,3.871802E-07
0,257510,3.871339E-07
0,257520,3.8708757E-07
0,257530,3.8704127E-07
0,257540,3.8699497E-07
0,257550,3.8694867E-07
0,257560,3.8690237E-07
0,257570,3.868561E-07
0,257580,3.8680983E-07
0,257590,3.8676353E-07
0,257600,3.867173E-07
0,257610,3.8667102E-07
0,257620,3.8662475E-07
0,257630,3.865785E-07
0,257640,3.8653226E-07
0,257650,3.8648602E-07
0,257660,3.8643978E-07
0,257670,3.8639357E-07
0,257680,3.8634732E-07
0,257690,3.863011E-07
0,257700,3.862549E-07
0,257710,3.8620868E-07
0,257720,3.861625E-07
0,257730,3.8611628E-07
0,257740,3.860701E-07
0,257750,3.860239E-07
0,257760,3.8597776E-07
0,257770,3.8593157E-07
0,257780,3.8588541E-07
0,257790,3.8583923E-07
0,257800,3.8579307E-07
0,257810,3.8574692E-07
0,257820,3.857008E-07
0,257830,3.8565463E-07
0,257840,3.856085E-07
0,257850,3.8556237E-07
0,257860,3.8551624E-07
0,257870,3.8547014E-07
0,257880,3.8542402E-07
0,257890,3.8537792E-07
0,257900,3.8533182E-07
0,257910,3.8528572E-07
0,257920,3.8523962E-07
0,257930,3.8519354E-07
0,257940,3.8514744E-07
0,257950,3.8510137E-07
0,257960,3.850553E-07
0,257970,3.8500926E-07
0,257980,3.849632E-07
0,257990,3.8491714E-07
0,258000,3.848711E-07
0,258010,3.8482506E-07
0,258020,3.84779E-07
0,258030,3.84733E-07
0,258040,3.8468696E-07
0,258050,3.8464094E-07
0,258060,3.8459493E-07
0,258070,3.845489E-07
0,258080,3.8450293E-07
0,258090,3.844569E-07
0,258100,3.8441092E-07
0,258110,3.8436494E-07
0,258120,3.8431895E-07
0,258130,3.84273E-07
0,258140,3.84227E-07
0,258150,3.8418105E-07
0,258160,3.841351E-07
0,258170,3.8408913E-07
0,258180,3.840432E-07
0,258190,3.8399725E-07
0,258200,3.8395132E-07
0,258210,3.839054E-07
0,258220,3.8385946E-07
0,258230,3.8381353E-07
0,258240,3.8376763E-07
0,258250,3.837217E-07
0,258260,3.836758E-07
0,258270,3.836299E-07
0,258280,3.8358402E-07
0,258290,3.8353812E-07
0,258300,3.8349225E-07
0,258310,3.8344638E-07
0,258320,3.834005E-07
0,258330,3.8335463E-07
0,258340,3.8330876E-07
0,258350,3.8326291E-07
0,258360,3.8321707E-07
0,258370,3.8317123E-07
0,258380,3.8312538E-07
0,258390,3.8307957E-07
0,258400,3.8303372E-07
0,258410,3.829879E-07
0,258420,3.829421E-07
0,258430,3.8289627E-07
0,258440,3.8285046E-07
0,258450,3.8280467E-07
0,258460,3.8275888E-07
0,258470,3.827131E-07
0,258480,3.826673E-07
0,258490,3.8262152E-07
0,258500,3.8257576E-07
0,258510,3.8252998E-07
0,258520,3.8248422E-07
0,258530,3.824385E-07
0,258540,3.8239273E-07
0,258550,3.8234697E-07
0,258560,3.8230124E-07
0,258570,3.822555E-07
0,258580,3.8220978E-07
0,258590,3.8216405E-07
0,258600,3.8211834E-07
0,258610,3.820726E-07
0,258620,3.820269E-07
0,258630,3.819812E-07
0,258640,3.819355E-07
0,258650,3.8188983E-07
0,258660,3.8184413E-07
0,258670,3.8179846E-07
0,258680,3.8175278E-07
0,258690,3.817071E-07
0,258700,3.8166147E-07
0,258710,3.816158E-07
0,258720,3.8157015E-07
0,258730,3.815245E-07
0,258740,3.8147886E-07
0,258750,3.8143324E-07
0,258760,3.813876E-07
0,258770,3.8134198E-07
0,258780,3.8129636E-07
0,258790,3.8125074E-07
0,258800,3.8120513E-07
0,258810,3.8115954E-07
0,258820,3.8111392E-07
0,258830,3.8106833E-07
0,258840,3.8102274E-07
0,258850,3.8097718E-07
0,258860,3.809316E-07
0,258870,3.8088604E-07
0,258880,3.8084045E-07
0,258890,3.807949E-07
0,258900,3.8074936E-07
0,258910,3.807038E-07
0,258920,3.8065826E-07
0,258930,3.806127E-07
0,258940,3.8056717E-07
0,258950,3.8052167E-07
0,258960,3.8047614E-07
0,258970,3.8043063E-07
0,258980,3.803851E-07
0,258990,3.803396E-07
0,259000,3.802941E-07
0,259010,3.8024862E-07
0,259020,3.8020312E-07
0,259030,3.8015764E-07
0,259040,3.8011217E-07
0,259050,3.800667E-07
0,259060,3.8002122E-07
0,259070,3.7997577E-07
0,259080,3.799303E-07
0,259090,3.7988485E-07
0,259100,3.798394E-07
0,259110,3.79794E-07
0,259120,3.7974854E-07
0,259130,3.7970312E-07
0,259140,3.7965768E-07
0,259150,3.7961226E-07
0,259160,3.7956687E-07
0,259170,3.7952145E-07
0,259180,3.7947606E-07
0,259190,3.7943065E-07
0,259200,3.7938526E-07
0,259210,3.7933987E-07
0,259220,3.792945E-07
0,259230,3.7924912E-07
0,259240,3.7920375E-07
0,259250,3.791584E-07
0,259260,3.7911303E-07
0,259270,3.7906767E-07
0,259280,3.7902234E-07
0,259290,3.7897698E-07
0,259300,3.7893165E-07
0,259310,3.788863E-07
0,259320,3.78841E-07
0,259330,3.7879568E-07
0,259340,3.7875037E-07
0,259350,3.7870507E-07
0,259360,3.7865976E-07
0,259370,3.7861446E-07
0,259380,3.7856915E-07
0,259390,3.7852388E-07
0,259400,3.784786E-07
0,259410,3.7843333E-07
0,259420,3.7838805E-07
0,259430,3.7834278E-07
0,259440,3.7829753E-07
0,259450,3.7825225E-07
0,259460,3.78207E-07
0,259470,3.7816176E-07
0,259480,3.7811654E-07
0,259490,3.780713E-07
0,259500,3.7802607E-07
0,259510,3.7798085E-07
0,259520,3.7793563E-07
0,259530,3.7789042E-07
0,259540,3.778452E-07
0,259550,3.778E-07
0,259560,3.7775482E-07
0,259570,3.7770963E-07
0,259580,3.7766443E-07
0,259590,3.7761924E-07
0,259600,3.7757408E-07
0,259610,3.7752892E-07
0,259620,3.7748376E-07
0,259630,3.774386E-07
0,259640,3.7739343E-07
0,259650,3.773483E-07
0,259660,3.7730317E-07
0,259670,3.77258E-07
0,259680,3.772129E-07
0,259690,3.7716777E-07
0,259700,3.7712263E-07
0,259710,3.7707753E-07
0,259720,3.7703242E-07
0,259730,3.7698732E-07
0,259740,3.769422E-07
0,259750,3.7689713E-07
0,259760,3.7685203E-07
0,259770,3.7680695E-07
0,259780,3.7676188E-07
0,259790,3.767168E-07
0,259800,3.7667175E-07
0,259810,3.7662667E-07
0,259820,3.7658162E-07
0,259830,3.7653658E-07
0,259840,3.7649153E-07
0,259850,3.7644648E-07
0,259860,3.7640146E-07
0,259870,3.7635644E-07
0,259880,3.7631142E-07
0,259890,3.762664E-07
0,259900,3.7622138E-07
0,259910,3.7617636E-07
0,259920,3.7613137E-07
0,259930,3.7608638E-07
0,259940,3.7604138E-07
0,259950,3.759964E-07
0,259960,3.7595143E-07
0,259970,3.7590644E-07
0,259980,3.7586148E-07
0,259990,3.758165E-07
0,260000,3.7577155E-07
0,260010,3.757266E-07
0,260020,3.7568165E-07
0,260030,3.7563672E-07
0,260040,3.7559178E-07
0,260050,3.7554685E-07
0,260060,3.755019E-07
0,260070,3.75457E-07
0,260080,3.7541207E-07
0,260090,3.7536716E-07
0,260100,3.7532226E-07
0,260110,3.7527735E-07
0,260120,3.7523247E-07
0,260130,3.751876E-07
0,260140,3.751427E-07
0,260150,3.750978E-07
0,260160,3.7505296E-07
0,260170,3.7500809E-07
0,260180,3.7496324E-07
0,260190,3.7491836E-07
0,260200,3.748735E-07
0,260210,3.7482866E-07
0,260220,3.7478384E-07
0,260230,3.74739E-07
0,260240,3.7469417E-07
0,260250,3.7464935E-07
0,260260,3.7460453E-07
0,260270,3.745597E-07
0,260280,3.745149E-07
0,260290,3.744701E-07
0,260300,3.744253E-07
0,260310,3.743805E-07
0,260320,3.743357E-07
0,260330,3.7429095E-07
0,260340,3.7424616E-07
0,260350,3.742014E-07
0,260360,3.7415663E-07
0,260370,3.7411186E-07
0,260380,3.7406713E-07
0,260390,3.7402236E-07
0,260400,3.7397763E-07
0,260410,3.739329E-07
0,260420,3.7388816E-07
0,260430,3.7384342E-07
0,260440,3.737987E-07
0,260450,3.7375398E-07
0,260460,3.7370927E-07
0,260470,3.7366456E-07
0,260480,3.7361988E-07
0,260490,3.7357518E-07
0,260500,3.735305E-07
0,260510,3.734858E-07
0,260520,3.734411E-07
0,260530,3.7339643E-07
0,260540,3.7335178E-07
0,260550,3.733071E-07
0,260560,3.7326245E-07
0,260570,3.732178E-07
0,260580,3.7317315E-07
0,260590,3.731285E-07
0,260600,3.7308388E-07
0,260610,3.7303926E-07
0,260620,3.729946E-07
0,260630,3.7295E-07
0,260640,3.729054E-07
0,260650,3.7286077E-07
0,260660,3.7281617E-07
0,260670,3.7277158E-07
0,260680,3.72727E-07
0,260690,3.726824E-07
0,260700,3.726378E-07
0,260710,3.7259323E-07
0,260720,3.7254864E-07
0,260730,3.7250408E-07
0,260740,3.724595E-07
0,260750,3.7241497E-07
0,260760,3.723704E-07
0,260770,3.7232587E-07
0,260780,3.7228133E-07
0,260790,3.722368E-07
0,260800,3.7219226E-07
0,260810,3.7214772E-07
0,260820,3.7210322E-07
0,260830,3.720587E-07
0,260840,3.720142E-07
0,260850,3.719697E-07
0,260860,3.7192518E-07
0,260870,3.718807E-07
0,260880,3.7183622E-07
0,260890,3.7179174E-07
0,260900,3.7174726E-07
0,260910,3.7170278E-07
0,260920,3.7165833E-07
0,260930,3.7161385E-07
0,260940,3.715694E-07
0,260950,3.7152495E-07
0,260960,3.714805E-07
0,260970,3.7143607E-07
0,260980,3.7139162E-07
0,260990,3.713472E-07
0,261000,3.7130278E-07
0,261010,3.7125835E-07
0,261020,3.7121396E-07
0,261030,3.7116953E-07
0,261040,3.7112514E-07
0,261050,3.7108074E-07
0,261060,3.7103635E-07
0,261070,3.7099196E-07
0,261080,3.709476E-07
0,261090,3.709032E-07
0,261100,3.7085883E-07
0,261110,3.7081446E-07
0,261120,3.7077012E-07
0,261130,3.7072576E-07
0,261140,3.7068142E-07
0,261150,3.7063705E-07
0,261160,3.7059272E-07
0,261170,3.7054838E-07
0,261180,3.7050407E-07
0,261190,3.7045973E-07
0,261200,3.7041542E-07
0,261210,3.703711E-07
0,261220,3.703268E-07
0,261230,3.702825E-07
0,261240,3.702382E-07
0,261250,3.701939E-07
0,261260,3.7014962E-07
0,261270,3.7010534E-07
0,261280,3.700611E-07
0,261290,3.700168E-07
0,261300,3.6997255E-07
0,261310,3.6992827E-07
0,261320,3.6988402E-07
0,261330,3.6983977E-07
0,261340,3.6979554E-07
0,261350,3.697513E-07
0,261360,3.6970707E-07
0,261370,3.6966284E-07
0,261380,3.6961862E-07
0,261390,3.695744E-07
0,261400,3.695302E-07
0,261410,3.6948597E-07
0,261420,3.6944178E-07
0,261430,3.6939758E-07
0,261440,3.693534E-07
0,261450,3.6930922E-07
0,261460,3.6926502E-07
0,261470,3.6922086E-07
0,261480,3.691767E-07
0,261490,3.6913252E-07
0,261500,3.6908835E-07
0,261510,3.6904422E-07
0,261520,3.6900005E-07
0,261530,3.689559E-07
0,261540,3.6891177E-07
0,261550,3.6886766E-07
0,261560,3.6882352E-07
0,261570,3.687794E-07
0,261580,3.6873527E-07
0,261590,3.6869116E-07
0,261600,3.6864708E-07
0,261610,3.6860297E-07
0,261620,3.6855886E-07
0,261630,3.6851478E-07
0,261640,3.684707E-07
0,261650,3.684266E-07
0,261660,3.6838253E-07
0,261670,3.6833848E-07
0,261680,3.6829442E-07
0,261690,3.6825034E-07
0,261700,3.682063E-07
0,261710,3.6816226E-07
0,261720,3.681182E-07
0,261730,3.6807418E-07
0,261740,3.6803013E-07
0,261750,3.679861E-07
0,261760,3.6794208E-07
0,261770,3.6789808E-07
0,261780,3.6785406E-07
0,261790,3.6781006E-07
0,261800,3.6776606E-07
0,261810,3.6772207E-07
0,261820,3.6767807E-07
0,261830,3.676341E-07
0,261840,3.675901E-07
0,261850,3.6754614E-07
0,261860,3.6750217E-07
0,261870,3.674582E-07
0,261880,3.6741423E-07
0,261890,3.673703E-07
0,261900,3.6732635E-07
0,261910,3.672824E-07
0,261920,3.6723847E-07
0,261930,3.6719453E-07
0,261940,3.671506E-07
0,261950,3.6710668E-07
0,261960,3.6706277E-07
0,261970,3.6701886E-07
0,261980,3.6697494E-07
0,261990,3.6693106E-07
0,262000,3.6688715E-07
0,262010,3.6684327E-07
0,262020,3.6679938E-07
0,262030,3.667555E-07
0,262040,3.6671162E-07
0,262050,3.6666776E-07
0,262060,3.6662388E-07
0,262070,3.6658003E-07
0,262080,3.6653617E-07
0,262090,3.6649234E-07
0,262100,3.664485E-07
0,262110,3.6640466E-07
0,262120,3.663608E-07
0,262130,3.6631698E-07
0,262140,3.6627316E-07
0,262150,3.6622936E-07
0,262160,3.6618553E-07
0,262170,3.6614173E-07
0,262180,3.6609794E-07
0,262190,3.6605414E-07
0,262200,3.6601034E-07
0,262210,3.6596657E-07
0,262220,3.6592277E-07
0,262230,3.65879E-07
0,262240,3.6583523E-07
0,262250,3.6579146E-07
0,262260,3.6574772E-07
0,262270,3.6570395E-07
0,262280,3.656602E-07
0,262290,3.6561647E-07
0,262300,3.6557273E-07
0,262310,3.65529E-07
0,262320,3.6548528E-07
0,262330,3.6544154E-07
0,262340,3.6539782E-07
0,262350,3.653541E-07
0,262360,3.6531043E-07
0,262370,3.6526671E-07
0,262380,3.65223E-07
0,262390,3.6517932E-07
0,262400,3.6513563E-07
0,262410,3.6509195E-07
0,262420,3.650483E-07
0,262430,3.650046E-07
0,262440,3.6496095E-07
0,262450,3.649173E-07
0,262460,3.6487364E-07
0,262470,3.6483E-07
0,262480,3.6478633E-07
0,262490,3.647427E-07
0,262500,3.6469908E-07
0,262510,3.6465545E-07
0,262520,3.6461182E-07
0,262530,3.645682E-07
0,262540,3.645246E-07
0,262550,3.6448097E-07
0,262560,3.6443737E-07
0,262570,3.6439377E-07
0,262580,3.643502E-07
0,262590,3.643066E-07
0,262600,3.6426303E-07
0,262610,3.6421943E-07
0,262620,3.6417586E-07
0,262630,3.6413232E-07
0,262640,3.6408875E-07
0,262650,3.640452E-07
0,262660,3.6400164E-07
0,262670,3.639581E-07
0,262680,3.6391455E-07
0,262690,3.63871E-07
0,262700,3.638275E-07
0,262710,3.6378398E-07
0,262720,3.6374044E-07
0,262730,3.6369693E-07
0,262740,3.6365344E-07
0,262750,3.6360993E-07
0,262760,3.6356641E-07
0,262770,3.6352293E-07
0,262780,3.6347944E-07
0,262790,3.6343596E-07
0,262800,3.633925E-07
0,262810,3.6334902E-07
0,262820,3.6330556E-07
0,262830,3.6326207E-07
0,262840,3.6321862E-07
0,262850,3.631752E-07
0,262860,3.6313173E-07
0,262870,3.630883E-07
0,262880,3.6304485E-07
0,262890,3.6300142E-07
0,262900,3.62958E-07
0,262910,3.629146E-07
0,262920,3.6287116E-07
0,262930,3.6282776E-07
0,262940,3.6278436E-07
0,262950,3.6274096E-07
0,262960,3.6269756E-07
0,262970,3.6265416E-07
0,262980,3.626108E-07
0,262990,3.6256742E-07
0,263000,3.6252405E-07
0,263010,3.6248068E-07
0,263020,3.624373E-07
0,263030,3.6239393E-07
0,263040,3.623506E-07
0,263050,3.6230725E-07
0,263060,3.622639E-07
0,263070,3.6222056E-07
0,263080,3.6217725E-07
0,263090,3.621339E-07
0,263100,3.620906E-07
0,263110,3.6204727E-07
0,263120,3.6200396E-07
0,263130,3.6196064E-07
0,263140,3.6191736E-07
0,263150,3.6187407E-07
0,263160,3.6183076E-07
0,263170,3.6178747E-07
0,263180,3.617442E-07
0,263190,3.6170093E-07
0,263200,3.6165767E-07
0,263210,3.6161438E-07
0,263220,3.6157113E-07
0,263230,3.6152787E-07
0,263240,3.6148464E-07
0,263250,3.6144138E-07
0,263260,3.6139815E-07
0,263270,3.6135492E-07
0,263280,3.613117E-07
0,263290,3.6126846E-07
0,263300,3.6122526E-07
0,263310,3.6118203E-07
0,263320,3.6113883E-07
0,263330,3.6109563E-07
0,263340,3.6105243E-07
0,263350,3.6100923E-07
0,263360,3.6096606E-07
0,263370,3.6092285E-07
0,263380,3.6087968E-07
0,263390,3.608365E-07
0,263400,3.6079336E-07
0,263410,3.607502E-07
0,263420,3.6070705E-07
0,263430,3.6066388E-07
0,263440,3.6062073E-07
0,263450,3.605776E-07
0,263460,3.6053447E-07
0,263470,3.6049133E-07
0,263480,3.604482E-07
0,263490,3.604051E-07
0,263500,3.6036198E-07
0,263510,3.6031886E-07
0,263520,3.6027575E-07
0,263530,3.6023266E-07
0,263540,3.6018957E-07
0,263550,3.601465E-07
0,263560,3.601034E-07
0,263570,3.600603E-07
0,263580,3.6001725E-07
0,263590,3.5997417E-07
0,263600,3.599311E-07
0,263610,3.5988805E-07
0,263620,3.59845E-07
0,263630,3.5980196E-07
0,263640,3.597589E-07
0,263650,3.5971587E-07
0,263660,3.5967284E-07
0,263670,3.596298E-07
0,263680,3.595868E-07
0,263690,3.5954378E-07
0,263700,3.5950077E-07
0,263710,3.5945777E-07
0,263720,3.5941477E-07
0,263730,3.5937177E-07
0,263740,3.5932877E-07
0,263750,3.592858E-07
0,263760,3.592428E-07
0,263770,3.5919982E-07
0,263780,3.5915684E-07
0,263790,3.591139E-07
0,263800,3.5907092E-07
0,263810,3.5902798E-07
0,263820,3.5898503E-07
0,263830,3.589421E-07
0,263840,3.5889914E-07
0,263850,3.588562E-07
0,263860,3.5881328E-07
0,263870,3.5877036E-07
0,263880,3.5872745E-07
0,263890,3.5868453E-07
0,263900,3.586416E-07
0,263910,3.585987E-07
0,263920,3.585558E-07
0,263930,3.5851292E-07
0,263940,3.5847003E-07
0,263950,3.5842714E-07
0,263960,3.5838426E-07
0,263970,3.583414E-07
0,263980,3.5829854E-07
0,263990,3.5825568E-07
0,264000,3.5821282E-07
0,264010,3.5816996E-07
0,264020,3.581271E-07
0,264030,3.5808426E-07
0,264040,3.5804143E-07
0,264050,3.579986E-07
0,264060,3.5795577E-07
0,264070,3.5791294E-07
0,264080,3.5787014E-07
0,264090,3.5782733E-07
0,264100,3.577845E-07
0,264110,3.5774173E-07
0,264120,3.5769892E-07
0,264130,3.5765612E-07
0,264140,3.5761335E-07
0,264150,3.5757057E-07
0,264160,3.575278E-07
0,264170,3.5748502E-07
0,264180,3.5744225E-07
0,264190,3.573995E-07
0,264200,3.5735673E-07
0,264210,3.5731398E-07
0,264220,3.5727123E-07
0,264230,3.572285E-07
0,264240,3.5718577E-07
0,264250,3.5714302E-07
0,264260,3.571003E-07
0,264270,3.570576E-07
0,264280,3.5701487E-07
0,264290,3.5697218E-07
0,264300,3.5692946E-07
0,264310,3.5688677E-07
0,264320,3.5684408E-07
0,264330,3.568014E-07
0,264340,3.567587E-07
0,264350,3.5671601E-07
0,264360,3.5667335E-07
0,264370,3.566307E-07
0,264380,3.56588E-07
0,264390,3.5654537E-07
0,264400,3.565027E-07
0,264410,3.5646005E-07
0,264420,3.5641742E-07
0,264430,3.5637478E-07
0,264440,3.5633215E-07
0,264450,3.5628952E-07
0,264460,3.562469E-07
0,264470,3.5620428E-07
0,264480,3.5616168E-07
0,264490,3.5611905E-07
0,264500,3.5607647E-07
0,264510,3.5603387E-07
0,264520,3.5599126E-07
0,264530,3.5594869E-07
0,264540,3.559061E-07
0,264550,3.5586353E-07
0,264560,3.5582096E-07
0,264570,3.5577838E-07
0,264580,3.5573584E-07
0,264590,3.5569326E-07
0,264600,3.556507E-07
0,264610,3.5560817E-07
0,264620,3.5556562E-07
0,264630,3.555231E-07
0,264640,3.5548055E-07
0,264650,3.5543803E-07
0,264660,3.553955E-07
0,264670,3.55353E-07
0,264680,3.553105E-07
0,264690,3.5526799E-07
0,264700,3.552255E-07
0,264710,3.55183E-07
0,264720,3.5514051E-07
0,264730,3.5509802E-07
0,264740,3.5505553E-07
0,264750,3.5501307E-07
0,264760,3.5497058E-07
0,264770,3.5492812E-07
0,264780,3.5488569E-07
0,264790,3.5484322E-07
0,264800,3.5480076E-07
0,264810,3.5475833E-07
0,264820,3.547159E-07
0,264830,3.5467346E-07
0,264840,3.5463103E-07
0,264850,3.545886E-07
0,264860,3.545462E-07
0,264870,3.5450375E-07
0,264880,3.5446135E-07
0,264890,3.5441894E-07
0,264900,3.5437657E-07
0,264910,3.5433416E-07
0,264920,3.5429179E-07
0,264930,3.5424938E-07
0,264940,3.54207E-07
0,264950,3.5416463E-07
0,264960,3.5412228E-07
0,264970,3.540799E-07
0,264980,3.5403755E-07
0,264990,3.539952E-07
0,265000,3.5395286E-07
0,265010,3.539105E-07
0,265020,3.5386816E-07
0,265030,3.5382584E-07
0,265040,3.5378352E-07
0,265050,3.5374117E-07
0,265060,3.5369888E-07
0,265070,3.5365656E-07
0,265080,3.5361424E-07
0,265090,3.5357195E-07
0,265100,3.5352966E-07
0,265110,3.5348737E-07
0,265120,3.5344507E-07
0,265130,3.5340278E-07
0,265140,3.5336052E-07
0,265150,3.5331823E-07
0,265160,3.5327596E-07
0,265170,3.532337E-07
0,265180,3.5319147E-07
0,265190,3.531492E-07
0,265200,3.5310694E-07
0,265210,3.530647E-07
0,265220,3.5302247E-07
0,265230,3.5298024E-07
0,265240,3.5293803E-07
0,265250,3.528958E-07
0,265260,3.528536E-07
0,265270,3.5281138E-07
0,265280,3.5276918E-07
0,265290,3.5272697E-07
0,265300,3.5268476E-07
0,265310,3.526426E-07
0,265320,3.5260038E-07
0,265330,3.525582E-07
0,265340,3.5251603E-07
0,265350,3.5247388E-07
0,265360,3.524317E-07
0,265370,3.5238955E-07
0,265380,3.5234737E-07
0,265390,3.5230522E-07
0,265400,3.5226307E-07
0,265410,3.5222095E-07
0,265420,3.521788E-07
0,265430,3.5213668E-07
0,265440,3.5209456E-07
0,265450,3.5205244E-07
0,265460,3.5201032E-07
0,265470,3.519682E-07
0,265480,3.519261E-07
0,265490,3.51884E-07
0,265500,3.518419E-07
0,265510,3.5179983E-07
0,265520,3.5175773E-07
0,265530,3.5171564E-07
0,265540,3.5167358E-07
0,265550,3.516315E-07
0,265560,3.5158945E-07
0,265570,3.5154738E-07
0,265580,3.5150532E-07
0,265590,3.5146329E-07
0,265600,3.5142122E-07
0,265610,3.5137919E-07
0,265620,3.5133715E-07
0,265630,3.512951E-07
0,265640,3.512531E-07
0,265650,3.5121107E-07
0,265660,3.5116906E-07
0,265670,3.5112706E-07
0,265680,3.5108505E-07
0,265690,3.5104304E-07
0,265700,3.5100106E-07
0,265710,3.5095906E-07
0,265720,3.5091708E-07
0,265730,3.508751E-07
0,265740,3.5083312E-07
0,265750,3.5079117E-07
0,265760,3.507492E-07
0,265770,3.5070724E-07
0,265780,3.506653E-07
0,265790,3.5062334E-07
0,265800,3.505814E-07
0,265810,3.5053944E-07
0,265820,3.5049752E-07
0,265830,3.504556E-07
0,265840,3.5041367E-07
0,265850,3.5037175E-07
0,265860,3.5032983E-07
0,265870,3.502879E-07
0,265880,3.50246E-07
0,265890,3.5020412E-07
0,265900,3.5016222E-07
0,265910,3.5012033E-07
0,265920,3.5007844E-07
0,265930,3.5003657E-07
0,265940,3.4999468E-07
0,265950,3.499528E-07
0,265960,3.4991095E-07
0,265970,3.498691E-07
0,265980,3.4982725E-07
0,265990,3.4978538E-07
0,266000,3.4974354E-07
0,266010,3.497017E-07
0,266020,3.4965987E-07
0,266030,3.4961803E-07
0,266040,3.4957623E-07
0,266050,3.4953442E-07
0,266060,3.4949258E-07
0,266070,3.4945077E-07
0,266080,3.4940896E-07
0,266090,3.4936718E-07
0,266100,3.4932538E-07
0,266110,3.492836E-07
0,266120,3.4924182E-07
0,266130,3.4920004E-07
0,266140,3.4915826E-07
0,266150,3.4911648E-07
0,266160,3.4907472E-07
0,266170,3.4903297E-07
0,266180,3.4899122E-07
0,266190,3.4894947E-07
0,266200,3.4890772E-07
0,266210,3.4886597E-07
0,266220,3.4882424E-07
0,266230,3.4878252E-07
0,266240,3.487408E-07
0,266250,3.4869907E-07
0,266260,3.4865735E-07
0,266270,3.4861566E-07
0,266280,3.4857393E-07
0,266290,3.4853224E-07
0,266300,3.4849054E-07
0,266310,3.4844885E-07
0,266320,3.4840718E-07
0,266330,3.483655E-07
0,266340,3.4832382E-07
0,266350,3.4828216E-07
0,266360,3.482405E-07
0,266370,3.4819882E-07
0,266380,3.481572E-07
0,266390,3.4811552E-07
0,266400,3.4807388E-07
0,266410,3.4803224E-07
0,266420,3.479906E-07
0,266430,3.4794897E-07
0,266440,3.4790736E-07
0,266450,3.4786572E-07
0,266460,3.478241E-07
0,266470,3.477825E-07
0,266480,3.477409E-07
0,266490,3.476993E-07
0,266500,3.476577E-07
0,266510,3.4761612E-07
0,266520,3.4757454E-07
0,266530,3.4753296E-07
0,266540,3.4749138E-07
0,266550,3.474498E-07
0,266560,3.4740825E-07
0,266570,3.473667E-07
0,266580,3.4732514E-07
0,266590,3.472836E-07
0,266600,3.4724204E-07
0,266610,3.4720048E-07
0,266620,3.4715896E-07
0,266630,3.4711744E-07
0,266640,3.470759E-07
0,266650,3.470344E-07
0,266660,3.4699286E-07
0,266670,3.4695137E-07
0,266680,3.4690984E-07
0,266690,3.4686835E-07
0,266700,3.4682685E-07
0,266710,3.4678538E-07
0,266720,3.467439E-07
0,266730,3.467024E-07
0,266740,3.4666093E-07
0,266750,3.4661946E-07
0,266760,3.46578E-07
0,266770,3.4653652E-07
0,266780,3.4649509E-07
0,266790,3.4645362E-07
0,266800,3.4641218E-07
0,266810,3.4637074E-07
0,266820,3.463293E-07
0,266830,3.4628786E-07
0,266840,3.4624645E-07
0,266850,3.4620504E-07
0,266860,3.461636E-07
0,266870,3.461222E-07
0,266880,3.4608078E-07
0,266890,3.460394E-07
0,266900,3.45998E-07
0,266910,3.459566E-07
0,266920,3.4591523E-07
0,266930,3.4587384E-07
0,266940,3.4583246E-07
0,266950,3.4579108E-07
0,266960,3.4574973E-07
0,266970,3.4570837E-07
0,266980,3.4566702E-07
0,266990,3.4562566E-07
0,267000,3.455843E-07
0,267010,3.4554296E-07
0,267020,3.4550163E-07
0,267030,3.454603E-07
0,267040,3.4541898E-07
0,267050,3.4537766E-07
0,267060,3.4533633E-07
0,267070,3.4529504E-07
0,267080,3.452537E-07
0,267090,3.452124E-07
0,267100,3.4517112E-07
0,267110,3.4512982E-07
0,267120,3.4508852E-07
0,267130,3.4504725E-07
0,267140,3.45006E-07
0,267150,3.4496472E-07
0,267160,3.4492345E-07
0,267170,3.4488218E-07
0,267180,3.448409E-07
0,267190,3.4479967E-07
0,267200,3.447584E-07
0,267210,3.4471717E-07
0,267220,3.4467593E-07
0,267230,3.446347E-07
0,267240,3.4459347E-07
0,267250,3.4455226E-07
0,267260,3.4451102E-07
0,267270,3.444698E-07
0,267280,3.444286E-07
0,267290,3.4438742E-07
0,267300,3.443462E-07
0,267310,3.4430502E-07
0,267320,3.4426384E-07
0,267330,3.4422266E-07
0,267340,3.4418147E-07
0,267350,3.441403E-07
0,267360,3.4409913E-07
0,267370,3.4405795E-07
0,267380,3.440168E-07
0,267390,3.4397564E-07
0,267400,3.439345E-07
0,267410,3.4389336E-07
0,267420,3.438522E-07
0,267430,3.4381108E-07
0,267440,3.4376995E-07
0,267450,3.4372883E-07
0,267460,3.436877E-07
0,267470,3.4364658E-07
0,267480,3.4360548E-07
0,267490,3.4356438E-07
0,267500,3.4352328E-07
0,267510,3.4348218E-07
0,267520,3.434411E-07
0,267530,3.4340002E-07
0,267540,3.4335892E-07
0,267550,3.4331785E-07
0,267560,3.4327678E-07
0,267570,3.432357E-07
0,267580,3.4319464E-07
0,267590,3.431536E-07
0,267600,3.4311253E-07
0,267610,3.430715E-07
0,267620,3.4303045E-07
0,267630,3.429894E-07
0,267640,3.429484E-07
0,267650,3.4290736E-07
0,267660,3.4286634E-07
0,267670,3.4282533E-07
0,267680,3.4278432E-07
0,267690,3.427433E-07
0,267700,3.427023E-07
0,267710,3.426613E-07
0,267720,3.4262033E-07
0,267730,3.4257934E-07
0,267740,3.4253836E-07
0,267750,3.4249737E-07
0,267760,3.424564E-07
0,267770,3.4241543E-07
0,267780,3.4237448E-07
0,267790,3.4233352E-07
0,267800,3.4229257E-07
0,267810,3.422516E-07
0,267820,3.4221065E-07
0,267830,3.4216973E-07
0,267840,3.421288E-07
0,267850,3.4208787E-07
0,267860,3.4204695E-07
0,267870,3.4200602E-07
0,267880,3.4196512E-07
0,267890,3.419242E-07
0,267900,3.418833E-07
0,267910,3.418424E-07
0,267920,3.418015E-07
0,267930,3.4176063E-07
0,267940,3.4171973E-07
0,267950,3.4167886E-07
0,267960,3.4163799E-07
0,267970,3.4159712E-07
0,267980,3.4155624E-07
0,267990,3.4151537E-07
0,268000,3.4147453E-07
0,268010,3.414337E-07
0,268020,3.4139285E-07
0,268030,3.41352E-07
0,268040,3.4131116E-07
0,268050,3.4127032E-07
0,268060,3.412295E-07
0,268070,3.411887E-07
0,268080,3.4114788E-07
0,268090,3.4110707E-07
0,268100,3.4106625E-07
0,268110,3.4102544E-07
0,268120,3.4098466E-07
0,268130,3.4094387E-07
0,268140,3.4090309E-07
0,268150,3.408623E-07
0,268160,3.4082152E-07
0,268170,3.4078076E-07
0,268180,3.4073997E-07
0,268190,3.4069922E-07
0,268200,3.4065846E-07
0,268210,3.406177E-07
0,268220,3.4057695E-07
0,268230,3.4053622E-07
0,268240,3.404955E-07
0,268250,3.4045473E-07
0,268260,3.4041403E-07
0,268270,3.403733E-07
0,268280,3.4033258E-07
0,268290,3.4029188E-07
0,268300,3.4025115E-07
0,268310,3.4021045E-07
0,268320,3.4016975E-07
0,268330,3.4012905E-07
0,268340,3.4008838E-07
0,268350,3.4004768E-07
0,268360,3.40007E-07
0,268370,3.3996633E-07
0,268380,3.3992566E-07
0,268390,3.39885E-07
0,268400,3.3984435E-07
0,268410,3.3980368E-07
0,268420,3.3976303E-07
0,268430,3.397224E-07
0,268440,3.3968175E-07
0,268450,3.396411E-07
0,268460,3.396005E-07
0,268470,3.3955985E-07
0,268480,3.3951923E-07
0,268490,3.3947862E-07
0,268500,3.39438E-07
0,268510,3.393974E-07
0,268520,3.393568E-07
0,268530,3.3931622E-07
0,268540,3.392756E-07
0,268550,3.3923502E-07
0,268560,3.3919443E-07
0,268570,3.3915387E-07
0,268580,3.3911329E-07
0,268590,3.3907273E-07
0,268600,3.3903217E-07
0,268610,3.389916E-07
0,268620,3.3895105E-07
0,268630,3.389105E-07
0,268640,3.3886997E-07
0,268650,3.388294E-07
0,268660,3.3878888E-07
0,268670,3.3874835E-07
0,268680,3.3870785E-07
0,268690,3.3866732E-07
0,268700,3.386268E-07
0,268710,3.385863E-07
0,268720,3.385458E-07
0,268730,3.385053E-07
0,268740,3.384648E-07
0,268750,3.3842431E-07
0,268760,3.383838E-07
0,268770,3.3834334E-07
0,268780,3.3830287E-07
0,268790,3.382624E-07
0,268800,3.3822192E-07
0,268810,3.3818148E-07
0,268820,3.38141E-07
0,268830,3.3810056E-07
0,268840,3.3806012E-07
0,268850,3.3801967E-07
0,268860,3.3797923E-07
0,268870,3.3793881E-07
0,268880,3.3789837E-07
0,268890,3.3785795E-07
0,268900,3.3781754E-07
0,268910,3.3777712E-07
0,268920,3.377367E-07
0,268930,3.3769632E-07
0,268940,3.376559E-07
0,268950,3.3761552E-07
0,268960,3.3757513E-07
0,268970,3.3753474E-07
0,268980,3.3749438E-07
0,268990,3.37454E-07
0,269000,3.3741364E-07
0,269010,3.3737325E-07
0,269020,3.373329E-07
0,269030,3.3729256E-07
0,269040,3.372522E-07
0,269050,3.3721184E-07
0,269060,3.371715E-07
0,269070,3.3713118E-07
0,269080,3.3709085E-07
0,269090,3.3705052E-07
0,269100,3.370102E-07
0,269110,3.369699E-07
0,269120,3.369296E-07
0,269130,3.3688926E-07
0,269140,3.3684896E-07
0,269150,3.3680868E-07
0,269160,3.3676838E-07
0,269170,3.367281E-07
0,269180,3.366878E-07
0,269190,3.3664753E-07
0,269200,3.3660726E-07
0,269210,3.3656698E-07
0,269220,3.3652674E-07
0,269230,3.3648647E-07
0,269240,3.3644622E-07
0,269250,3.3640598E-07
0,269260,3.3636573E-07
0,269270,3.3632548E-07
0,269280,3.3628527E-07
0,269290,3.3624502E-07
0,269300,3.362048E-07
0,269310,3.361646E-07
0,269320,3.3612437E-07
0,269330,3.3608416E-07
0,269340,3.3604394E-07
0,269350,3.3600375E-07
0,269360,3.3596356E-07
0,269370,3.3592337E-07
0,269380,3.358832E-07
0,269390,3.35843E-07
0,269400,3.358028E-07
0,269410,3.3576265E-07
0,269420,3.357225E-07
0,269430,3.3568233E-07
0,269440,3.3564217E-07
0,269450,3.35602E-07
0,269460,3.3556188E-07
0,269470,3.3552172E-07
0,269480,3.354816E-07
0,269490,3.3544146E-07
0,269500,3.3540132E-07
0,269510,3.353612E-07
0,269520,3.353211E-07
0,269530,3.3528096E-07
0,269540,3.3524086E-07
0,269550,3.3520075E-07
0,269560,3.3516065E-07
0,269570,3.3512055E-07
0,269580,3.3508047E-07
0,269590,3.350404E-07
0,269600,3.350003E-07
0,269610,3.3496022E-07
0,269620,3.3492014E-07
0,269630,3.348801E-07
0,269640,3.3484002E-07
0,269650,3.3479998E-07
0,269660,3.3475993E-07
0,269670,3.3471989E-07
0,269680,3.3467984E-07
0,269690,3.346398E-07
0,269700,3.3459978E-07
0,269710,3.3455973E-07
0,269720,3.345197E-07
0,269730,3.344797E-07
0,269740,3.3443968E-07
0,269750,3.343997E-07
0,269760,3.3435967E-07
0,269770,3.3431968E-07
0,269780,3.342797E-07
0,269790,3.342397E-07
0,269800,3.341997E-07
0,269810,3.3415972E-07
0,269820,3.3411976E-07
0,269830,3.3407977E-07
0,269840,3.340398E-07
0,269850,3.3399985E-07
0,269860,3.339599E-07
0,269870,3.3391996E-07
0,269880,3.3388E-07
0,269890,3.3384006E-07
0,269900,3.3380013E-07
0,269910,3.337602E-07
0,269920,3.3372027E-07
0,269930,3.3368033E-07
0,269940,3.3364043E-07
0,269950,3.3360052E-07
0,269960,3.335606E-07
0,269970,3.335207E-07
0,269980,3.334808E-07
0,269990,3.334409E-07
0,270000,3.3340103E-07
0,270010,3.3336113E-07
0,270020,3.3332125E-07
0,270030,3.3328138E-07
0,270040,3.332415E-07
0,270050,3.3320165E-07
0,270060,3.3316178E-07
0,270070,3.3312193E-07
0,270080,3.3308208E-07
0,270090,3.3304224E-07
0,270100,3.330024E-07
0,270110,3.3296254E-07
0,270120,3.3292272E-07
0,270130,3.328829E-07
0,270140,3.328431E-07
0,270150,3.3280327E-07
0,270160,3.3276345E-07
0,270170,3.3272363E-07
0,270180,3.3268384E-07
0,270190,3.3264405E-07
0,270200,3.3260423E-07
0,270210,3.3256444E-07
0,270220,3.3252468E-07
0,270230,3.324849E-07
0,270240,3.3244513E-07
0,270250,3.3240534E-07
0,270260,3.3236557E-07
0,270270,3.323258E-07
0,270280,3.3228608E-07
0,270290,3.3224632E-07
0,270300,3.3220655E-07
0,270310,3.3216682E-07
0,270320,3.321271E-07
0,270330,3.3208735E-07
0,270340,3.3204762E-07
0,270350,3.3200791E-07
0,270360,3.3196818E-07
0,270370,3.3192848E-07
0,270380,3.3188877E-07
0,270390,3.3184907E-07
0,270400,3.3180936E-07
0,270410,3.3176968E-07
0,270420,3.3172998E-07
0,270430,3.316903E-07
0,270440,3.3165063E-07
0,270450,3.3161095E-07
0,270460,3.3157127E-07
0,270470,3.3153162E-07
0,270480,3.3149195E-07
0,270490,3.314523E-07
0,270500,3.3141265E-07
0,270510,3.31373E-07
0,270520,3.3133335E-07
0,270530,3.3129373E-07
0,270540,3.3125409E-07
0,270550,3.3121447E-07
0,270560,3.3117485E-07
0,270570,3.3113523E-07
0,270580,3.310956E-07
0,270590,3.31056E-07
0,270600,3.310164E-07
0,270610,3.309768E-07
0,270620,3.309372E-07
0,270630,3.3089762E-07
0,270640,3.3085803E-07
0,270650,3.3081844E-07
0,270660,3.3077887E-07
0,270670,3.307393E-07
0,270680,3.3069975E-07
0,270690,3.3066019E-07
0,270700,3.3062062E-07
0,270710,3.3058106E-07
0,270720,3.3054152E-07
0,270730,3.30502E-07
0,270740,3.3046243E-07
0,270750,3.3042292E-07
0,270760,3.303834E-07
0,270770,3.3034385E-07
0,270780,3.3030435E-07
0,270790,3.3026484E-07
0,270800,3.302253E-07
0,270810,3.301858E-07
0,270820,3.3014632E-07
0,270830,3.3010681E-07
0,270840,3.3006734E-07
0,270850,3.3002783E-07
0,270860,3.2998835E-07
0,270870,3.2994888E-07
0,270880,3.2990943E-07
0,270890,3.2986995E-07
0,270900,3.298305E-07
0,270910,3.2979102E-07
0,270920,3.2975157E-07
0,270930,3.2971212E-07
0,270940,3.2967267E-07
0,270950,3.2963325E-07
0,270960,3.295938E-07
0,270970,3.2955438E-07
0,270980,3.2951496E-07
0,270990,3.2947554E-07
0,271000,3.2943612E-07
0,271010,3.2939673E-07
0,271020,3.293573E-07
0,271030,3.293179E-07
0,271040,3.2927852E-07
0,271050,3.2923913E-07
0,271060,3.2919974E-07
0,271070,3.2916037E-07
0,271080,3.2912098E-07
0,271090,3.2908162E-07
0,271100,3.2904225E-07
0,271110,3.290029E-07
0,271120,3.2896352E-07
0,271130,3.2892416E-07
0,271140,3.2888482E-07
0,271150,3.288455E-07
0,271160,3.2880612E-07
0,271170,3.287668E-07
0,271180,3.2872748E-07
0,271190,3.2868815E-07
0,271200,3.2864884E-07
0,271210,3.286095E-07
0,271220,3.285702E-07
0,271230,3.285309E-07
0,271240,3.2849158E-07
0,271250,3.284523E-07
0,271260,3.28413E-07
0,271270,3.2837372E-07
0,271280,3.2833444E-07
0,271290,3.2829516E-07
0,271300,3.2825588E-07
0,271310,3.282166E-07
0,271320,3.2817735E-07
0,271330,3.281381E-07
0,271340,3.2809882E-07
0,271350,3.280596E-07
0,271360,3.2802035E-07
0,271370,3.279811E-07
0,271380,3.2794188E-07
0,271390,3.2790263E-07
0,271400,3.278634E-07
0,271410,3.2782418E-07
0,271420,3.2778496E-07
0,271430,3.2774577E-07
0,271440,3.2770654E-07
0,271450,3.2766735E-07
0,271460,3.2762816E-07
0,271470,3.2758896E-07
0,271480,3.2754977E-07
0,271490,3.2751058E-07
0,271500,3.274714E-07
0,271510,3.2743222E-07
0,271520,3.2739305E-07
0,271530,3.273539E-07
0,271540,3.2731472E-07
0,271550,3.272756E-07
0,271560,3.2723642E-07
0,271570,3.2719728E-07
0,271580,3.2715812E-07
0,271590,3.2711898E-07
0,271600,3.2707987E-07
0,271610,3.2704074E-07
0,271620,3.270016E-07
0,271630,3.269625E-07
0,271640,3.2692338E-07
0,271650,3.2688428E-07
0,271660,3.2684517E-07
0,271670,3.2680606E-07
0,271680,3.2676698E-07
0,271690,3.2672787E-07
0,271700,3.266888E-07
0,271710,3.266497E-07
0,271720,3.2661063E-07
0,271730,3.2657155E-07
0,271740,3.265325E-07
0,271750,3.2649342E-07
0,271760,3.2645437E-07
0,271770,3.2641532E-07
0,271780,3.2637627E-07
0,271790,3.2633724E-07
0,271800,3.262982E-07
0,271810,3.2625917E-07
0,271820,3.2622012E-07
0,271830,3.261811E-07
0,271840,3.2614207E-07
0,271850,3.2610308E-07
0,271860,3.2606405E-07
0,271870,3.2602506E-07
0,271880,3.2598604E-07
0,271890,3.2594704E-07
0,271900,3.2590805E-07
0,271910,3.2586908E-07
0,271920,3.258301E-07
0,271930,3.2579112E-07
0,271940,3.2575213E-07
0,271950,3.2571316E-07
0,271960,3.256742E-07
0,271970,3.2563523E-07
0,271980,3.255963E-07
0,271990,3.2555732E-07
0,272000,3.2551839E-07
0,272010,3.2547945E-07
0,272020,3.254405E-07
0,272030,3.2540157E-07
0,272040,3.2536266E-07
0,272050,3.2532373E-07
0,272060,3.2528482E-07
0,272070,3.252459E-07
0,272080,3.25207E-07
0,272090,3.251681E-07
0,272100,3.2512918E-07
0,272110,3.250903E-07
0,272120,3.250514E-07
0,272130,3.250125E-07
0,272140,3.2497363E-07
0,272150,3.2493477E-07
0,272160,3.248959E-07
0,272170,3.24857E-07
0,272180,3.2481816E-07
0,272190,3.247793E-07
0,272200,3.2474045E-07
0,272210,3.247016E-07
0,272220,3.2466275E-07
0,272230,3.2462393E-07
0,272240,3.2458507E-07
0,272250,3.2454625E-07
0,272260,3.2450743E-07
0,272270,3.244686E-07
0,272280,3.244298E-07
0,272290,3.2439098E-07
0,272300,3.243522E-07
0,272310,3.243134E-07
0,272320,3.2427457E-07
0,272330,3.242358E-07
0,272340,3.24197E-07
0,272350,3.241582E-07
0,272360,3.2411944E-07
0,272370,3.2408067E-07
0,272380,3.240419E-07
0,272390,3.2400314E-07
0,272400,3.2396437E-07
0,272410,3.239256E-07
0,272420,3.2388687E-07
0,272430,3.2384813E-07
0,272440,3.238094E-07
0,272450,3.2377065E-07
0,272460,3.237319E-07
0,272470,3.2369317E-07
0,272480,3.2365446E-07
0,272490,3.2361575E-07
0,272500,3.23577E-07
0,272510,3.2353833E-07
0,272520,3.2349962E-07
0,272530,3.234609E-07
0,272540,3.2342223E-07
0,272550,3.2338352E-07
0,272560,3.2334484E-07
0,272570,3.2330615E-07
0,272580,3.2326747E-07
0,272590,3.2322882E-07
0,272600,3.2319014E-07
0,272610,3.2315148E-07
0,272620,3.2311283E-07
0,272630,3.2307418E-07
0,272640,3.2303552E-07
0,272650,3.2299687E-07
0,272660,3.2295824E-07
0,272670,3.229196E-07
0,272680,3.2288096E-07
0,272690,3.2284234E-07
0,272700,3.2280371E-07
0,272710,3.2276512E-07
0,272720,3.227265E-07
0,272730,3.226879E-07
0,272740,3.226493E-07
0,272750,3.226107E-07
0,272760,3.225721E-07
0,272770,3.225335E-07
0,272780,3.224949E-07
0,272790,3.2245634E-07
0,272800,3.2241778E-07
0,272810,3.223792E-07
0,272820,3.2234064E-07
0,272830,3.2230207E-07
0,272840,3.222635E-07
0,272850,3.2222496E-07
0,272860,3.2218642E-07
0,272870,3.2214788E-07
0,272880,3.2210934E-07
0,272890,3.220708E-07
0,272900,3.2203226E-07
0,272910,3.2199375E-07
0,272920,3.2195524E-07
0,272930,3.2191673E-07
0,272940,3.2187822E-07
0,272950,3.218397E-07
0,272960,3.218012E-07
0,272970,3.217627E-07
0,272980,3.217242E-07
0,272990,3.2168572E-07
0,273000,3.2164724E-07
0,273010,3.2160875E-07
0,273020,3.215703E-07
0,273030,3.2153181E-07
0,273040,3.2149336E-07
0,273050,3.214549E-07
0,273060,3.2141645E-07
0,273070,3.21378E-07
0,273080,3.2133954E-07
0,273090,3.2130112E-07
0,273100,3.2126266E-07
0,273110,3.2122423E-07
0,273120,3.211858E-07
0,273130,3.2114738E-07
0,273140,3.2110896E-07
0,273150,3.2107056E-07
0,273160,3.2103213E-07
0,273170,3.2099373E-07
0,273180,3.2095534E-07
0,273190,3.2091694E-07
0,273200,3.2087854E-07
0,273210,3.2084017E-07
0,273220,3.2080177E-07
0,273230,3.207634E-07
0,273240,3.2072504E-07
0,273250,3.2068667E-07
0,273260,3.206483E-07
0,273270,3.2060996E-07
0,273280,3.205716E-07
0,273290,3.2053325E-07
0,273300,3.204949E-07
0,273310,3.2045656E-07
0,273320,3.2041822E-07
0,273330,3.2037988E-07
0,273340,3.2034157E-07
0,273350,3.2030323E-07
0,273360,3.2026492E-07
0,273370,3.202266E-07
0,273380,3.201883E-07
0,273390,3.2015E-07
0,273400,3.201117E-07
0,273410,3.200734E-07
0,273420,3.2003513E-07
0,273430,3.1999684E-07
0,273440,3.1995856E-07
0,273450,3.1992028E-07
0,273460,3.19882E-07
0,273470,3.1984374E-07
0,273480,3.1980548E-07
0,273490,3.1976722E-07
0,273500,3.1972897E-07
0,273510,3.196907E-07
0,273520,3.196525E-07
0,273530,3.1961423E-07
0,273540,3.19576E-07
0,273550,3.1953778E-07
0,273560,3.1949955E-07
0,273570,3.1946132E-07
0,273580,3.194231E-07
0,273590,3.193849E-07
0,273600,3.193467E-07
0,273610,3.1930847E-07
0,273620,3.1927027E-07
0,273630,3.192321E-07
0,273640,3.191939E-07
0,273650,3.191557E-07
0,273660,3.1911753E-07
0,273670,3.1907936E-07
0,273680,3.190412E-07
0,273690,3.1900302E-07
0,273700,3.1896485E-07
0,273710,3.189267E-07
0,273720,3.1888854E-07
0,273730,3.188504E-07
0,273740,3.1881225E-07
0,273750,3.187741E-07
0,273760,3.18736E-07
0,273770,3.1869786E-07
0,273780,3.1865974E-07
0,273790,3.186216E-07
0,273800,3.185835E-07
0,273810,3.1854537E-07
0,273820,3.185073E-07
0,273830,3.1846918E-07
0,273840,3.1843106E-07
0,273850,3.1839298E-07
0,273860,3.183549E-07
0,273870,3.183168E-07
0,273880,3.1827872E-07
0,273890,3.1824067E-07
0,273900,3.1820258E-07
0,273910,3.1816452E-07
0,273920,3.1812647E-07
0,273930,3.180884E-07
0,273940,3.1805035E-07
0,273950,3.180123E-07
0,273960,3.1797427E-07
0,273970,3.179362E-07
0,273980,3.1789818E-07
0,273990,3.1786016E-07
0,274000,3.1782213E-07
0,274010,3.177841E-07
0,274020,3.177461E-07
0,274030,3.1770807E-07
0,274040,3.1767007E-07
0,274050,3.1763207E-07
0,274060,3.1759407E-07
0,274070,3.1755607E-07
0,274080,3.175181E-07
0,274090,3.174801E-07
0,274100,3.1744213E-07
0,274110,3.1740416E-07
0,274120,3.173662E-07
0,274130,3.1732822E-07
0,274140,3.1729024E-07
0,274150,3.172523E-07
0,274160,3.1721436E-07
0,274170,3.171764E-07
0,274180,3.1713844E-07
0,274190,3.1710053E-07
0,274200,3.170626E-07
0,274210,3.1702464E-07
0,274220,3.1698673E-07
0,274230,3.169488E-07
0,274240,3.169109E-07
0,274250,3.1687298E-07
0,274260,3.1683507E-07
0,274270,3.1679718E-07
0,274280,3.1675927E-07
0,274290,3.1672138E-07
0,274300,3.166835E-07
0,274310,3.166456E-07
0,274320,3.1660772E-07
0,274330,3.1656984E-07
0,274340,3.1653198E-07
0,274350,3.1649412E-07
0,274360,3.1645627E-07
0,274370,3.164184E-07
0,274380,3.1638055E-07
0,274390,3.163427E-07
0,274400,3.1630486E-07
0,274410,3.16267E-07
0,274420,3.1622918E-07
0,274430,3.1619135E-07
0,274440,3.1615352E-07
0,274450,3.161157E-07
0,274460,3.160779E-07
0,274470,3.160401E-07
0,274480,3.1600226E-07
0,274490,3.1596446E-07
0,274500,3.1592666E-07
0,274510,3.1588888E-07
0,274520,3.1585108E-07
0,274530,3.158133E-07
0,274540,3.157755E-07
0,274550,3.1573774E-07
0,274560,3.1569996E-07
0,274570,3.156622E-07
0,274580,3.1562445E-07
0,274590,3.1558668E-07
0,274600,3.1554893E-07
0,274610,3.155112E-07
0,274620,3.1547344E-07
0,274630,3.154357E-07
0,274640,3.1539795E-07
0,274650,3.1536024E-07
0,274660,3.153225E-07
0,274670,3.1528478E-07
0,274680,3.1524706E-07
0,274690,3.1520935E-07
0,274700,3.1517166E-07
0,274710,3.1513395E-07
0,274720,3.1509626E-07
0,274730,3.1505854E-07
0,274740,3.1502086E-07
0,274750,3.1498317E-07
0,274760,3.149455E-07
0,274770,3.1490782E-07
0,274780,3.1487014E-07
0,274790,3.1483248E-07
0,274800,3.1479482E-07
0,274810,3.1475716E-07
0,274820,3.147195E-07
0,274830,3.1468187E-07
0,274840,3.146442E-07
0,274850,3.1460658E-07
0,274860,3.1456892E-07
0,274870,3.145313E-07
0,274880,3.144937E-07
0,274890,3.1445606E-07
0,274900,3.1441843E-07
0,274910,3.1438083E-07
0,274920,3.1434323E-07
0,274930,3.1430562E-07
0,274940,3.1426802E-07
0,274950,3.1423042E-07
0,274960,3.1419282E-07
0,274970,3.1415524E-07
0,274980,3.1411767E-07
0,274990,3.1408007E-07
0,275000,3.140425E-07
0,275010,3.1400495E-07
0,275020,3.1396738E-07
0,275030,3.139298E-07
0,275040,3.1389226E-07
0,275050,3.138547E-07
0,275060,3.1381717E-07
0,275070,3.1377962E-07
0,275080,3.1374208E-07
0,275090,3.1370456E-07
0,275100,3.1366702E-07
0,275110,3.136295E-07
0,275120,3.1359198E-07
0,275130,3.1355447E-07
0,275140,3.1351695E-07
0,275150,3.1347946E-07
0,275160,3.1344194E-07
0,275170,3.1340446E-07
0,275180,3.1336697E-07
0,275190,3.1332948E-07
0,275200,3.13292E-07
0,275210,3.132545E-07
0,275220,3.1321704E-07
0,275230,3.1317958E-07
0,275240,3.131421E-07
0,275250,3.1310464E-07
0,275260,3.1306718E-07
0,275270,3.1302974E-07
0,275280,3.1299228E-07
0,275290,3.1295485E-07
0,275300,3.1291742E-07
0,275310,3.1287996E-07
0,275320,3.1284256E-07
0,275330,3.1280513E-07
0,275340,3.127677E-07
0,275350,3.127303E-07
0,275360,3.1269286E-07
0,275370,3.1265546E-07
0,275380,3.1261806E-07
0,275390,3.1258065E-07
0,275400,3.1254328E-07
0,275410,3.1250588E-07
0,275420,3.124685E-07
0,275430,3.1243113E-07
0,275440,3.1239375E-07
0,275450,3.1235638E-07
0,275460,3.12319E-07
0,275470,3.1228166E-07
0,275480,3.1224428E-07
0,275490,3.1220694E-07
0,275500,3.121696E-07
0,275510,3.1213224E-07
0,275520,3.120949E-07
0,275530,3.1205755E-07
0,275540,3.1202023E-07
0,275550,3.1198292E-07
0,275560,3.119456E-07
0,275570,3.1190828E-07
0,275580,3.1187096E-07
0,275590,3.1183365E-07
0,275600,3.1179636E-07
0,275610,3.1175904E-07
0,275620,3.1172175E-07
0,275630,3.1168446E-07
0,275640,3.1164717E-07
0,275650,3.1160988E-07
0,275660,3.1157262E-07
0,275670,3.1153533E-07
0,275680,3.1149807E-07
0,275690,3.114608E-07
0,275700,3.1142355E-07
0,275710,3.113863E-07
0,275720,3.1134905E-07
0,275730,3.113118E-07
0,275740,3.1127456E-07
0,275750,3.1123733E-07
0,275760,3.112001E-07
0,275770,3.1116286E-07
0,275780,3.1112563E-07
0,275790,3.110884E-07
0,275800,3.110512E-07
0,275810,3.11014E-07
0,275820,3.109768E-07
0,275830,3.1093958E-07
0,275840,3.1090238E-07
0,275850,3.1086518E-07
0,275860,3.10828E-07
0,275870,3.1079082E-07
0,275880,3.1075365E-07
0,275890,3.1071647E-07
0,275900,3.106793E-07
0,275910,3.1064212E-07
0,275920,3.1060497E-07
0,275930,3.105678E-07
0,275940,3.1053065E-07
0,275950,3.104935E-07
0,275960,3.1045636E-07
0,275970,3.104192E-07
0,275980,3.103821E-07
0,275990,3.1034494E-07
0,276000,3.1030783E-07
0,276010,3.102707E-07
0,276020,3.102336E-07
0,276030,3.1019647E-07
0,276040,3.1015938E-07
0,276050,3.1012226E-07
0,276060,3.1008517E-07
0,276070,3.1004808E-07
0,276080,3.10011E-07
0,276090,3.099739E-07
0,276100,3.099368E-07
0,276110,3.0989975E-07
0,276120,3.0986266E-07
0,276130,3.098256E-07
0,276140,3.0978853E-07
0,276150,3.0975147E-07
0,276160,3.097144E-07
0,276170,3.0967738E-07
0,276180,3.096403E-07
0,276190,3.0960328E-07
0,276200,3.0956625E-07
0,276210,3.095292E-07
0,276220,3.0949218E-07
0,276230,3.0945515E-07
0,276240,3.0941814E-07
0,276250,3.0938114E-07
0,276260,3.093441E-07
0,276270,3.093071E-07
0,276280,3.092701E-07
0,276290,3.0923312E-07
0,276300,3.091961E-07
0,276310,3.0915913E-07
0,276320,3.0912213E-07
0,276330,3.0908515E-07
0,276340,3.0904818E-07
0,276350,3.0901123E-07
0,276360,3.0897425E-07
0,276370,3.0893727E-07
0,276380,3.0890033E-07
0,276390,3.0886338E-07
0,276400,3.0882643E-07
0,276410,3.0878948E-07
0,276420,3.0875253E-07
0,276430,3.087156E-07
0,276440,3.0867866E-07
0,276450,3.0864175E-07
0,276460,3.0860483E-07
0,276470,3.085679E-07
0,276480,3.0853099E-07
0,276490,3.084941E-07
0,276500,3.0845717E-07
0,276510,3.0842028E-07
0,276520,3.083834E-07
0,276530,3.083465E-07
0,276540,3.083096E-07
0,276550,3.0827272E-07
0,276560,3.0823585E-07
0,276570,3.0819896E-07
0,276580,3.081621E-07
0,276590,3.0812524E-07
0,276600,3.0808837E-07
0,276610,3.080515E-07
0,276620,3.0801468E-07
0,276630,3.079778E-07
0,276640,3.0794098E-07
0,276650,3.0790414E-07
0,276660,3.078673E-07
0,276670,3.0783048E-07
0,276680,3.0779364E-07
0,276690,3.0775684E-07
0,276700,3.0772003E-07
0,276710,3.076832E-07
0,276720,3.076464E-07
0,276730,3.0760958E-07
0,276740,3.075728E-07
0,276750,3.07536E-07
0,276760,3.0749922E-07
0,276770,3.0746241E-07
0,276780,3.0742564E-07
0,276790,3.0738886E-07
0,276800,3.073521E-07
0,276810,3.0731533E-07
0,276820,3.0727855E-07
0,276830,3.072418E-07
0,276840,3.0720506E-07
0,276850,3.071683E-07
0,276860,3.0713156E-07
0,276870,3.070948E-07
0,276880,3.070581E-07
0,276890,3.0702134E-07
0,276900,3.0698462E-07
0,276910,3.069479E-07
0,276920,3.0691118E-07
0,276930,3.0687445E-07
0,276940,3.0683773E-07
0,276950,3.0680104E-07
0,276960,3.0676435E-07
0,276970,3.0672763E-07
0,276980,3.0669094E-07
0,276990,3.0665424E-07
0,277000,3.0661758E-07
0,277010,3.065809E-07
0,277020,3.0654422E-07
0,277030,3.0650756E-07
0,277040,3.0647087E-07
0,277050,3.064342E-07
0,277060,3.0639757E-07
0,277070,3.063609E-07
0,277080,3.0632427E-07
0,277090,3.062876E-07
0,277100,3.0625097E-07
0,277110,3.0621433E-07
0,277120,3.061777E-07
0,277130,3.0614106E-07
0,277140,3.0610445E-07
0,277150,3.0606782E-07
0,277160,3.060312E-07
0,277170,3.059946E-07
0,277180,3.05958E-07
0,277190,3.059214E-07
0,277200,3.058848E-07
0,277210,3.058482E-07
0,277220,3.0581162E-07
0,277230,3.0577505E-07
0,277240,3.0573847E-07
0,277250,3.057019E-07
0,277260,3.056653E-07
0,277270,3.0562876E-07
0,277280,3.0559218E-07
0,277290,3.0555563E-07
0,277300,3.0551908E-07
0,277310,3.0548253E-07
0,277320,3.0544598E-07
0,277330,3.0540943E-07
0,277340,3.053729E-07
0,277350,3.0533639E-07
0,277360,3.0529984E-07
0,277370,3.052633E-07
0,277380,3.0522682E-07
0,277390,3.051903E-07
0,277400,3.0515378E-07
0,277410,3.0511728E-07
0,277420,3.050808E-07
0,277430,3.050443E-07
0,277440,3.050078E-07
0,277450,3.049713E-07
0,277460,3.0493482E-07
0,277470,3.0489835E-07
0,277480,3.0486186E-07
0,277490,3.048254E-07
0,277500,3.0478893E-07
0,277510,3.0475246E-07
0,277520,3.0471602E-07
0,277530,3.0467956E-07
0,277540,3.0464312E-07
0,277550,3.0460666E-07
0,277560,3.0457022E-07
0,277570,3.0453378E-07
0,277580,3.0449738E-07
0,277590,3.0446094E-07
0,277600,3.044245E-07
0,277610,3.043881E-07
0,277620,3.043517E-07
0,277630,3.0431528E-07
0,277640,3.0427887E-07
0,277650,3.0424246E-07
0,277660,3.0420608E-07
0,277670,3.0416967E-07
0,277680,3.041333E-07
0,277690,3.0409691E-07
0,277700,3.0406053E-07
0,277710,3.0402416E-07
0,277720,3.0398778E-07
0,277730,3.0395142E-07
0,277740,3.0391507E-07
0,277750,3.038787E-07
0,277760,3.0384234E-07
0,277770,3.0380602E-07
0,277780,3.0376967E-07
0,277790,3.0373332E-07
0,277800,3.03697E-07
0,277810,3.0366064E-07
0,277820,3.0362432E-07
0,277830,3.03588E-07
0,277840,3.035517E-07
0,277850,3.0351538E-07
0,277860,3.0347906E-07
0,277870,3.0344276E-07
0,277880,3.0340647E-07
0,277890,3.0337017E-07
0,277900,3.0333388E-07
0,277910,3.0329758E-07
0,277920,3.0326132E-07
0,277930,3.0322502E-07
0,277940,3.0318876E-07
0,277950,3.031525E-07
0,277960,3.0311622E-07
0,277970,3.0307996E-07
0,277980,3.030437E-07
0,277990,3.0300745E-07
0,278000,3.029712E-07
0,278010,3.0293495E-07
0,278020,3.028987E-07
0,278030,3.0286247E-07
0,278040,3.0282624E-07
0,278050,3.0279003E-07
0,278060,3.027538E-07
0,278070,3.0271758E-07
0,278080,3.0268137E-07
0,278090,3.0264516E-07
0,278100,3.0260895E-07
0,278110,3.0257274E-07
0,278120,3.0253656E-07
0,278130,3.0250035E-07
0,278140,3.0246417E-07
0,278150,3.02428E-07
0,278160,3.023918E-07
0,278170,3.0235563E-07
0,278180,3.0231948E-07
0,278190,3.022833E-07
0,278200,3.0224714E-07
0,278210,3.02211E-07
0,278220,3.0217484E-07
0,278230,3.021387E-07
0,278240,3.0210253E-07
0,278250,3.020664E-07
0,278260,3.0203026E-07
0,278270,3.0199413E-07
0,278280,3.01958E-07
0,278290,3.019219E-07
0,278300,3.0188576E-07
0,278310,3.0184964E-07
0,278320,3.0181354E-07
0,278330,3.0177745E-07
0,278340,3.0174132E-07
0,278350,3.0170523E-07
0,278360,3.0166913E-07
0,278370,3.0163307E-07
0,278380,3.0159697E-07
0,278390,3.015609E-07
0,278400,3.015248E-07
0,278410,3.0148874E-07
0,278420,3.0145267E-07
0,278430,3.014166E-07
0,278440,3.0138057E-07
0,278450,3.013445E-07
0,278460,3.0130846E-07
0,278470,3.0127242E-07
0,278480,3.0123638E-07
0,278490,3.0120034E-07
0,278500,3.011643E-07
0,278510,3.0112827E-07
0,278520,3.0109226E-07
0,278530,3.0105625E-07
0,278540,3.010202E-07
0,278550,3.009842E-07
0,278560,3.009482E-07
0,278570,3.009122E-07
0,278580,3.008762E-07
0,278590,3.008402E-07
0,278600,3.0080423E-07
0,278610,3.0076822E-07
0,278620,3.0073227E-07
0,278630,3.0069629E-07
0,278640,3.006603E-07
0,278650,3.0062435E-07
0,278660,3.0058837E-07
0,278670,3.0055241E-07
0,278680,3.0051646E-07
0,278690,3.004805E-07
0,278700,3.0044455E-07
0,278710,3.0040863E-07
0,278720,3.0037268E-07
0,278730,3.0033675E-07
0,278740,3.0030083E-07
0,278750,3.002649E-07
0,278760,3.0022898E-07
0,278770,3.0019308E-07
0,278780,3.0015715E-07
0,278790,3.0012126E-07
0,278800,3.0008533E-07
0,278810,3.0004944E-07
0,278820,3.0001354E-07
0,278830,2.9997767E-07
0,278840,2.9994177E-07
0,278850,2.999059E-07
0,278860,2.9987E-07
0,278870,2.9983414E-07
0,278880,2.9979827E-07
0,278890,2.997624E-07
0,278900,2.9972654E-07
0,278910,2.996907E-07
0,278920,2.9965483E-07
0,278930,2.99619E-07
0,278940,2.9958315E-07
0,278950,2.995473E-07
0,278960,2.9951147E-07
0,278970,2.9947566E-07
0,278980,2.9943982E-07
0,278990,2.99404E-07
0,279000,2.993682E-07
0,279010,2.9933238E-07
0,279020,2.9929657E-07
0,279030,2.9926076E-07
0,279040,2.9922495E-07
0,279050,2.9918917E-07
0,279060,2.9915338E-07
0,279070,2.9911757E-07
0,279080,2.990818E-07
0,279090,2.9904604E-07
0,279100,2.9901025E-07
0,279110,2.9897447E-07
0,279120,2.9893872E-07
0,279130,2.9890296E-07
0,279140,2.988672E-07
0,279150,2.9883145E-07
0,279160,2.987957E-07
0,279170,2.9875994E-07
0,279180,2.9872422E-07
0,279190,2.9868846E-07
0,279200,2.9865274E-07
0,279210,2.98617E-07
0,279220,2.9858128E-07
0,279230,2.9854556E-07
0,279240,2.9850986E-07
0,279250,2.9847413E-07
0,279260,2.9843844E-07
0,279270,2.9840274E-07
0,279280,2.9836704E-07
0,279290,2.9833134E-07
0,279300,2.9829567E-07
0,279310,2.9825998E-07
0,279320,2.982243E-07
0,279330,2.981886E-07
0,279340,2.9815294E-07
0,279350,2.9811727E-07
0,279360,2.9808163E-07
