"IndividualId","Time [min]","Organism|PeripheralVenousBlood|Compound1|Plasma (Peripheral Venous Blood) [µmol/l]"
0,0,0
0,10,28.081444
0,20,49.25022
0,30,57.327026
0,40,59.47012
0,50,58.871597
0,60,57.048428
0,70,54.73485
0,80,52.283165
0,90,49.856792
0,100,47.526543
0,110,45.318462
0,120,43.237644
0,130,41.279945
0,140,39.437675
0,150,37.702213
0,160,36.065163
0,170,34.51881
0,180,33.05624
0,190,31.67129
0,200,30.35848
0,210,29.11292
0,220,27.930225
0,230,26.806435
0,240,25.73795
0,250,24.721487
0,260,23.754032
0,270,22.832802
0,280,21.955225
0,290,21.118906
0,300,20.32162
0,310,19.561287
0,320,18.835958
0,330,18.14381
0,340,17.483126
0,350,16.852295
0,360,16.249802
0,370,15.674213
0,380,15.124185
0,390,14.59844
0,400,14.0957775
0,410,13.615062
0,420,13.155217
0,430,12.715226
0,440,12.294127
0,450,11.891007
0,460,11.505002
0,470,11.135294
0,480,10.781105
0,490,10.4417
0,500,10.116381
0,510,9.804482
0,520,9.505377
0,530,9.218467
0,540,8.943184
0,550,8.678989
0,560,8.425372
0,570,8.181845
0,580,7.9479456
0,590,7.7232347
0,600,7.5072937
0,610,7.2997265
0,620,7.100154
0,630,6.9082174
0,640,6.7235746
0,650,6.5459
0,660,6.3748846
0,670,6.210233
0,680,6.051666
0,690,5.898915
0,700,5.7517266
0,710,5.609859
0,720,5.473081
0,730,5.341174
0,740,5.213928
0,750,5.091144
0,760,4.9726324
0,770,4.858212
0,780,4.74771
0,790,4.6409626
0,800,4.5378127
0,810,4.4381113
0,820,4.341716
0,830,4.24849
0,840,4.158304
0,850,4.071035
0,860,3.9865646
0,870,3.9047804
0,880,3.8255744
0,890,3.7488446
0,900,3.6744928
0,910,3.6024256
0,920,3.5325537
0,930,3.4647918
0,940,3.3990583
0,950,3.3352757
0,960,3.2733693
0,970,3.2132683
0,980,3.1549044
0,990,3.098213
0,1000,3.0431316
0,1010,2.989601
0,1020,2.9375644
0,1030,2.8869672
0,1040,2.8377576
0,1050,2.7898858
0,1060,2.743304
0,1070,2.6979666
0,1080,2.6538296
0,1090,2.6108515
0,1100,2.5689921
0,1110,2.528213
0,1120,2.488477
0,1130,2.4497492
0,1140,2.4119954
0,1150,2.3751833
0,1160,2.3392818
0,1170,2.3042605
0,1180,2.2700913
0,1190,2.2367465
0,1200,2.2041996
0,1210,2.1724248
0,1220,2.1413982
0,1230,2.1110964
0,1240,2.0814965
0,1250,2.0525768
0,1260,2.0243168
0,1270,1.9966964
0,1280,1.9696962
0,1290,1.9432977
0,1300,1.917483
0,1310,1.892235
0,1320,1.8675371
0,1330,1.8433734
0,1340,1.8197286
0,1350,1.7965877
0,1360,1.7739366
0,1370,1.7517616
0,1380,1.7300493
0,1390,1.7087868
0,1400,1.6879619
0,1410,1.6675628
0,1420,1.6475779
0,1430,1.627996
0,1440,1.6088064
0,1450,29.671453
0,1460,50.821777
0,1470,58.880512
0,1480,61.005844
0,1490,60.389973
0,1500,58.549778
0,1510,56.219555
0,1520,53.75145
0,1530,51.308964
0,1540,48.962917
0,1550,46.73935
0,1560,44.643326
0,1570,42.67071
0,1580,40.813797
0,1590,39.063957
0,1600,37.41279
0,1610,35.852577
0,1620,34.376396
0,1630,32.978077
0,1640,31.652138
0,1650,30.393679
0,1660,29.198313
0,1670,28.06207
0,1680,26.981354
0,1690,25.95287
0,1700,24.9736
0,1710,24.04076
0,1720,23.151768
0,1730,22.304232
0,1740,21.495914
0,1750,20.724737
0,1760,19.988743
0,1770,19.286108
0,1780,18.61511
0,1790,17.974136
0,1800,17.361664
0,1810,16.776262
0,1820,16.216578
0,1830,15.681333
0,1840,15.169324
0,1850,14.67941
0,1860,14.210514
0,1870,13.761616
0,1880,13.331749
0,1890,12.919999
0,1900,12.525499
0,1910,12.1474285
0,1920,11.7850065
0,1930,11.437494
0,1940,11.104192
0,1950,10.784432
0,1960,10.477585
0,1970,10.183049
0,1980,9.900256
0,1990,9.628665
0,2000,9.36776
0,2010,9.117053
0,2020,8.8760805
0,2030,8.644401
0,2040,8.421593
0,2050,8.207258
0,2060,8.001017
0,2070,7.802508
0,2080,7.611388
0,2090,7.4273295
0,2100,7.25002
0,2110,7.079165
0,2120,6.9144797
0,2130,6.7556977
0,2140,6.6025624
0,2150,6.454829
0,2160,6.3122673
0,2170,6.174655
0,2180,6.041782
0,2190,5.9134483
0,2200,5.7894616
0,2210,5.6696405
0,2220,5.5538106
0,2230,5.4418063
0,2240,5.3334703
0,2250,5.228651
0,2260,5.127205
0,2270,5.0289955
0,2280,4.933891
0,2290,4.841767
0,2300,4.7525043
0,2310,4.6659894
0,2320,4.5821137
0,2330,4.5007734
0,2340,4.42187
0,2350,4.345309
0,2360,4.2709994
0,2370,4.1988554
0,2380,4.1287947
0,2390,4.060738
0,2400,3.9946108
0,2410,3.93034
0,2420,3.867858
0,2430,3.807098
0,2440,3.7479973
0,2450,3.6904957
0,2460,3.6345356
0,2470,3.580062
0,2480,3.5270214
0,2490,3.475364
0,2500,3.425041
0,2510,3.376006
0,2520,3.3282144
0,2530,3.281624
0,2540,3.2361937
0,2550,3.1918843
0,2560,3.1486585
0,2570,3.1064801
0,2580,3.065315
0,2590,3.0251298
0,2600,2.9858925
0,2610,2.947573
0,2620,2.9101417
0,2630,2.873571
0,2640,2.8378332
0,2650,2.8029022
0,2660,2.7687535
0,2670,2.7353632
0,2680,2.702708
0,2690,2.6707652
0,2700,2.6395137
0,2710,2.6089334
0,2720,2.5790043
0,2730,2.5497072
0,2740,2.5210238
0,2750,2.4929366
0,2760,2.4654286
0,2770,2.4384832
0,2780,2.412085
0,2790,2.3862185
0,2800,2.3608692
0,2810,2.3360226
0,2820,2.3116655
0,2830,2.2877843
0,2840,2.2643666
0,2850,2.2413998
0,2860,2.218872
0,2870,2.196772
0,2880,2.1750886
0,2890,30.235003
0,2900,51.383152
0,2910,59.439453
0,2920,61.562386
0,2930,60.944138
0,2940,59.101585
0,2950,56.769028
0,2960,54.298607
0,2970,51.85383
0,2980,49.505516
0,2990,47.279697
0,3000,45.181442
0,3010,43.20662
0,3020,41.347515
0,3030,39.5955
0,3040,37.94218
0,3050,36.37984
0,3060,34.901543
0,3070,33.50113
0,3080,32.17311
0,3090,30.912594
0,3100,29.715183
0,3110,28.576918
0,3120,27.494192
0,3130,26.463718
0,3140,25.482475
0,3150,24.547676
0,3160,23.656744
0,3170,22.807281
0,3180,21.997055
0,3190,21.223984
0,3200,20.48611
0,3210,19.781612
0,3220,19.108767
0,3230,18.46596
0,3240,17.851667
0,3250,17.264462
0,3260,16.702986
0,3270,16.165964
0,3280,15.652193
0,3290,15.16053
0,3300,14.6898985
0,3310,14.239278
0,3320,13.807702
0,3330,13.394257
0,3340,12.998074
0,3350,12.618332
0,3360,12.2542515
0,3370,11.905093
0,3380,11.570154
0,3390,11.248772
0,3400,10.940307
0,3410,10.644167
0,3420,10.359779
0,3430,10.086605
0,3440,9.824131
0,3450,9.571865
0,3460,9.3293495
0,3470,9.096133
0,3480,8.871806
0,3490,8.655959
0,3500,8.448219
0,3510,8.24822
0,3520,8.05562
0,3530,7.870093
0,3540,7.691324
0,3550,7.5190206
0,3560,7.3528967
0,3570,7.192687
0,3580,7.0381284
0,3590,6.888981
0,3600,6.7450175
0,3610,6.6060095
0,3620,6.4717455
0,3630,6.3420324
0,3640,6.216683
0,3650,6.095502
0,3660,5.978324
0,3670,5.8649855
0,3680,5.7553263
0,3690,5.6491942
0,3700,5.5464454
0,3710,5.4469414
0,3720,5.3505545
0,3730,5.2571554
0,3740,5.166624
0,3750,5.078848
0,3760,4.993719
0,3770,4.9111323
0,3780,4.8309875
0,3790,4.7531924
0,3800,4.677656
0,3810,4.6042924
0,3820,4.5330195
0,3830,4.463758
0,3840,4.396433
0,3850,4.330972
0,3860,4.2673097
0,3870,4.205378
0,3880,4.1451144
0,3890,4.0864563
0,3900,4.0293455
0,3910,3.973726
0,3920,3.9195573
0,3930,3.86678
0,3940,3.8153439
0,3950,3.7652001
0,3960,3.716301
0,3970,3.6686027
0,3980,3.6220753
0,3990,3.5766723
0,4000,3.532356
0,4010,3.4890904
0,4020,3.4468415
0,4030,3.4055772
0,4040,3.3652666
0,4050,3.32588
0,4060,3.2873886
0,4070,3.249762
0,4080,3.2129755
0,4090,3.177003
0,4100,3.1418197
0,4110,3.1074016
0,4120,3.0737255
0,4130,3.0407681
0,4140,3.0085075
0,4150,2.9769251
0,4160,2.946003
0,4170,2.9157193
0,4180,2.886055
0,4190,2.856991
0,4200,2.8285086
0,4210,2.8005955
0,4220,2.773239
0,4230,2.746419
0,4240,2.7201202
0,4250,2.6943274
0,4260,2.6690254
0,4270,2.6442044
0,4280,2.619854
0,4290,2.5959587
0,4300,2.5725062
0,4310,2.549485
0,4320,2.5268831
0,4330,30.585936
0,4340,51.733116
0,4350,59.788517
0,4360,61.910553
0,4370,61.291397
0,4380,59.44795
0,4390,57.11451
0,4400,54.64317
0,4410,52.197544
0,4420,49.848373
0,4430,47.621685
0,4440,45.522568
0,4450,43.546883
0,4460,41.686928
0,4470,39.934063
0,4480,38.279896
0,4490,36.716713
0,4500,35.23758
0,4510,33.83633
0,4520,32.507484
0,4530,31.246143
0,4540,30.047913
0,4550,28.90883
0,4560,27.825293
0,4570,26.79401
0,4580,25.811964
0,4590,24.876366
0,4600,23.984636
0,4610,23.13438
0,4620,22.323366
0,4630,21.54951
0,4640,20.810858
0,4650,20.105581
0,4660,19.431963
0,4670,18.788385
0,4680,18.173328
0,4690,17.58536
0,4700,17.023127
0,4710,16.485352
0,4720,15.970828
0,4730,15.478418
0,4740,15.007043
0,4750,14.555681
0,4760,14.123367
0,4770,13.709187
0,4780,13.312272
0,4790,12.931801
0,4800,12.566994
0,4810,12.217112
0,4820,11.881452
0,4830,11.559353
0,4840,11.25018
0,4850,10.953337
0,4860,10.668252
0,4870,10.394384
0,4880,10.131219
0,4890,9.878266
0,4900,9.635062
0,4910,9.401165
0,4920,9.176154
0,4930,8.959626
0,4940,8.7512
0,4950,8.550519
0,4960,8.357243
0,4970,8.171024
0,4980,7.9915686
0,4990,7.818591
0,5000,7.6517944
0,5010,7.4909096
0,5020,7.335693
0,5030,7.1859035
0,5040,7.041297
0,5050,6.901658
0,5060,6.7667737
0,5070,6.636445
0,5080,6.5104785
0,5090,6.3886876
0,5100,6.2708955
0,5110,6.156944
0,5120,6.046669
0,5130,5.9399185
0,5140,5.83655
0,5150,5.7364283
0,5160,5.6394215
0,5170,5.545406
0,5180,5.4542613
0,5190,5.3658757
0,5200,5.28014
0,5210,5.1969514
0,5220,5.1162105
0,5230,5.0378222
0,5240,4.9616957
0,5250,4.887752
0,5260,4.815905
0,5270,4.746074
0,5280,4.678182
0,5290,4.612153
0,5300,4.5479145
0,5310,4.4854164
0,5320,4.4245853
0,5330,4.3653584
0,5340,4.3076763
0,5350,4.251489
0,5360,4.196743
0,5370,4.143387
0,5380,4.0913734
0,5390,4.0406566
0,5400,3.9911902
0,5410,3.942934
0,5420,3.895848
0,5430,3.8498933
0,5440,3.805031
0,5450,3.761226
0,5460,3.718443
0,5470,3.6766484
0,5480,3.6358118
0,5490,3.5959022
0,5500,3.5568888
0,5510,3.5187428
0,5520,3.4814372
0,5530,3.444948
0,5540,3.409248
0,5550,3.3743136
0,5560,3.340121
0,5570,3.306649
0,5580,3.273876
0,5590,3.2417815
0,5600,3.2103455
0,5610,3.1795495
0,5620,3.1493745
0,5630,3.1198034
0,5640,3.0908191
0,5650,3.0624053
0,5660,3.0345461
0,5670,3.0072262
0,5680,2.9804304
0,5690,2.9541447
0,5700,2.9283566
0,5710,2.903052
0,5720,2.8782182
0,5730,2.853842
0,5740,2.8299112
0,5750,2.8064137
0,5760,2.7833424
0,5770,30.841894
0,5780,51.98866
0,5790,60.04357
0,5800,62.16509
0,5810,61.545345
0,5820,59.70145
0,5830,57.3676
0,5840,54.895885
0,5850,52.449818
0,5860,50.10022
0,5870,47.873085
0,5880,45.77352
0,5890,43.797386
0,5900,41.93698
0,5910,40.18367
0,5920,38.52906
0,5930,36.965435
0,5940,35.48586
0,5950,34.084175
0,5960,32.75489
0,5970,31.493114
0,5980,30.29445
0,5990,29.154938
0,6000,28.07097
0,6010,27.03926
0,6020,26.056787
0,6030,25.120764
0,6040,24.228611
0,6050,23.377935
0,6060,22.566502
0,6070,21.792227
0,6080,21.053158
0,6090,20.347467
0,6100,19.673435
0,6110,19.029448
0,6120,18.41398
0,6130,17.825603
0,6140,17.262962
0,6150,16.724781
0,6160,16.209854
0,6170,15.71704
0,6180,15.245262
0,6190,14.793501
0,6200,14.360789
0,6210,13.946212
0,6220,13.548901
0,6230,13.168033
0,6240,12.80283
0,6250,12.452549
0,6260,12.116501
0,6270,11.794005
0,6280,11.484449
0,6290,11.187216
0,6300,10.901748
0,6310,10.627498
0,6320,10.363952
0,6330,10.110621
0,6340,9.86704
0,6350,9.632769
0,6360,9.407382
0,6370,9.190488
0,6380,8.981699
0,6390,8.78066
0,6400,8.587016
0,6410,8.400445
0,6420,8.220641
0,6430,8.047305
0,6440,7.880143
0,6450,7.7188997
0,6460,7.563328
0,6470,7.4131684
0,6480,7.268194
0,6490,7.12819
0,6500,6.9929466
0,6510,6.862256
0,6520,6.73593
0,6530,6.613783
0,6540,6.4956427
0,6550,6.3813443
0,6560,6.2707243
0,6570,6.16363
0,6580,6.059923
0,6590,5.9594636
0,6600,5.862119
0,6610,5.767765
0,6620,5.6762834
0,6630,5.5875607
0,6640,5.501489
0,6650,5.417964
0,6660,5.3368874
0,6670,5.258165
0,6680,5.181706
0,6690,5.107427
0,6700,5.0352445
0,6710,4.965078
0,6720,4.89685
0,6730,4.8304877
0,6740,4.7659316
0,6750,4.703113
0,6760,4.6419644
0,6770,4.5824237
0,6780,4.5244293
0,6790,4.4679284
0,6800,4.412882
0,6810,4.359227
0,6820,4.306915
0,6830,4.255896
0,6840,4.206124
0,6850,4.157566
0,6860,4.1101794
0,6870,4.063922
0,6880,4.018755
0,6890,3.9746425
0,6900,3.93155
0,6910,3.889449
0,6920,3.8483045
0,6930,3.8080864
0,6940,3.7687652
0,6950,3.7303126
0,6960,3.692703
0,6970,3.6559105
0,6980,3.6199093
0,6990,3.5846753
0,7000,3.550185
0,7010,3.516416
0,7020,3.4833498
0,7030,3.4509637
0,7040,3.4192374
0,7050,3.3881512
0,7060,3.3576863
0,7070,3.327827
0,7080,3.2985566
0,7090,3.269857
0,7100,3.241712
0,7110,3.2141063
0,7120,3.1870248
0,7130,3.1604557
0,7140,3.1343837
0,7150,3.1087954
0,7160,3.083678
0,7170,3.0590189
0,7180,3.034807
0,7190,3.0110304
0,7200,2.9876783
0,7210,31.046165
0,7220,52.19244
0,7230,60.247105
0,7240,62.36839
0,7250,61.748386
0,7260,59.904198
0,7270,57.570038
0,7280,55.098007
0,7290,52.65166
0,7300,50.30178
0,7310,48.074394
0,7320,45.974594
0,7330,43.998203
0,7340,42.137535
0,7350,40.383965
0,7360,38.72909
0,7370,37.165203
0,7380,35.68537
0,7390,34.283424
0,7400,32.953884
0,7410,31.691847
0,7420,30.492928
0,7430,29.353159
0,7440,28.268936
0,7450,27.236973
0,7460,26.254246
0,7470,25.31797
0,7480,24.425568
0,7490,23.57464
0,7500,22.762957
0,7510,21.988432
0,7520,21.249115
0,7530,20.543177
0,7540,19.868898
0,7550,19.224665
0,7560,18.608953
0,7570,18.02033
0,7580,17.457447
0,7590,16.919024
0,7600,16.403856
0,7610,15.910804
0,7620,15.438788
0,7630,14.98679
0,7640,14.553841
0,7650,14.139028
0,7660,13.741483
0,7670,13.360386
0,7680,12.994956
0,7690,12.644455
0,7700,12.30818
0,7710,11.985466
0,7720,11.675681
0,7730,11.378226
0,7740,11.092531
0,7750,10.818054
0,7760,10.554281
0,7770,10.300723
0,7780,10.056915
0,7790,9.822415
0,7800,9.596805
0,7810,9.379683
0,7820,9.17067
0,7830,8.969404
0,7840,8.775543
0,7850,8.588757
0,7860,8.408735
0,7870,8.23518
0,7880,8.06781
0,7890,7.9063587
0,7900,7.750567
0,7910,7.6001954
0,7920,7.4550076
0,7930,7.314787
0,7940,7.179319
0,7950,7.0484047
0,7960,6.9218526
0,7970,6.799479
0,7980,6.681112
0,7990,6.566582
0,8000,6.4557357
0,8010,6.3484163
0,8020,6.2444806
0,8030,6.143794
0,8040,6.04623
0,8050,5.951651
0,8060,5.859945
0,8070,5.771001
0,8080,5.684716
0,8090,5.6009727
0,8100,5.5196795
0,8110,5.4407444
0,8120,5.3640785
0,8130,5.2895894
0,8140,5.2171984
0,8150,5.1468244
0,8160,5.078391
0,8170,5.01183
0,8180,4.9470687
0,8190,4.88404
0,8200,4.822679
0,8210,4.762931
0,8220,4.704734
0,8230,4.6480327
0,8240,4.5927744
0,8250,4.5389094
0,8260,4.486389
0,8270,4.4351673
0,8280,4.385199
0,8290,4.3364425
0,8300,4.288856
0,8310,4.2424016
0,8320,4.1970415
0,8330,4.15274
0,8340,4.109463
0,8350,4.0671763
0,8360,4.0258474
0,8370,3.9854448
0,8380,3.9459405
0,8390,3.9073107
0,8400,3.8695245
0,8410,3.8325548
0,8420,3.796368
0,8430,3.7609425
0,8440,3.7262578
0,8450,3.6922956
0,8460,3.6590333
0,8470,3.6264522
0,8480,3.5945354
0,8490,3.563262
0,8500,3.5326147
0,8510,3.5025737
0,8520,3.4731221
0,8530,3.444242
0,8540,3.4159207
0,8550,3.3881414
0,8560,3.3608863
0,8570,3.3341422
0,8580,3.3078992
0,8590,3.282139
0,8600,3.2568467
0,8610,3.2320182
0,8620,3.2076359
0,8630,3.1836867
0,8640,3.1601624
0,8650,31.218317
0,8660,52.36458
0,8670,60.41905
0,8680,62.54017
0,8690,61.920074
0,8700,60.07567
0,8710,57.741383
0,8720,55.2692
0,8730,52.822655
0,8740,50.472576
0,8750,48.245
0,8760,46.145
0,8770,44.168434
0,8780,42.3076
0,8790,40.553856
0,8800,38.89882
0,8810,37.334763
0,8820,35.85476
0,8830,34.45265
0,8840,33.122936
0,8850,31.860735
0,8860,30.66165
0,8870,29.521713
0,8880,28.437326
0,8890,27.405195
0,8900,26.422304
0,8910,25.485865
0,8920,24.593296
0,8930,23.742205
0,8940,22.930359
0,8950,22.15567
0,8960,21.416191
0,8970,20.71009
0,8980,20.03565
0,8990,19.391254
0,9000,18.775383
0,9010,18.1866
0,9020,17.623556
0,9030,17.084972
0,9040,16.569645
0,9050,16.076433
0,9060,15.604259
0,9070,15.152101
0,9080,14.718994
0,9090,14.304024
0,9100,13.9063225
0,9110,13.525067
0,9120,13.159481
0,9130,12.808823
0,9140,12.472391
0,9150,12.149507
0,9160,11.839539
0,9170,11.541898
0,9180,11.256035
0,9190,10.981379
0,9200,10.717439
0,9210,10.463721
0,9220,10.219756
0,9230,9.985107
0,9240,9.759345
0,9250,9.542075
0,9260,9.332913
0,9270,9.131498
0,9280,8.937489
0,9290,8.750553
0,9300,8.570386
0,9310,8.396684
0,9320,8.22917
0,9330,8.0675745
0,9340,7.91164
0,9350,7.7611265
0,9360,7.6157966
0,9370,7.4754333
0,9380,7.3398232
0,9390,7.2087665
0,9400,7.082072
0,9410,6.9595556
0,9420,6.8410463
0,9430,6.726375
0,9440,6.6153855
0,9450,6.5079255
0,9460,6.403848
0,9470,6.3030195
0,9480,6.205312
0,9490,6.110595
0,9500,6.0187464
0,9510,5.929659
0,9520,5.843229
0,9530,5.759349
0,9540,5.6779137
0,9550,5.5988355
0,9560,5.5220265
0,9570,5.4473996
0,9580,5.3748684
0,9590,5.304355
0,9600,5.2357845
0,9610,5.1690836
0,9620,5.104185
0,9630,5.0410213
0,9640,4.979526
0,9650,4.91964
0,9660,4.861308
0,9670,4.8044724
0,9680,4.7490797
0,9690,4.6950793
0,9700,4.642424
0,9710,4.591067
0,9720,4.540964
0,9730,4.4920726
0,9740,4.444351
0,9750,4.3977623
0,9760,4.352267
0,9770,4.3078303
0,9780,4.264418
0,9790,4.2219973
0,9800,4.1805353
0,9810,4.140001
0,9820,4.100364
0,9830,4.061596
0,9840,4.0236764
0,9850,3.9865746
0,9860,3.9502647
0,9870,3.9147215
0,9880,3.8799207
0,9890,3.845839
0,9900,3.8124647
0,9910,3.7797704
0,9920,3.747736
0,9930,3.7163413
0,9940,3.6855671
0,9950,3.6553955
0,9960,3.6258156
0,9970,3.596807
0,9980,3.5683534
0,9990,3.5404396
0,10000,3.5130506
0,10010,3.486172
0,10020,3.4597924
0,10030,3.433897
0,10040,3.4084737
0,10050,3.3835096
0,10060,3.358993
0,10070,3.3349123
0,10080,3.3112574
0,10090,31.369205
0,10100,52.5154
0,10110,60.569756
0,10120,62.690754
0,10130,62.070583
0,10140,60.226105
0,10150,57.891632
0,10160,55.419304
0,10170,52.972626
0,10180,50.62242
0,10190,48.39472
0,10200,46.2946
0,10210,44.317905
0,10220,42.45694
0,10230,40.703075
0,10240,39.047913
0,10250,37.483734
0,10260,36.003613
0,10270,34.601376
0,10280,33.271545
0,10290,32.009224
0,10300,30.810015
0,10310,29.669958
0,10320,28.585451
0,10330,27.5532
0,10340,26.570189
0,10350,25.633627
0,10360,24.74094
0,10370,23.889729
0,10380,23.077763
0,10390,22.302958
0,10400,21.563358
0,10410,20.85714
0,10420,20.18258
0,10430,19.538067
0,10440,18.922077
0,10450,18.333178
0,10460,17.770016
0,10470,17.231316
0,10480,16.71587
0,10490,16.22254
0,10500,15.750247
0,10510,15.297969
0,10520,14.864735
0,10530,14.44964
0,10540,14.051804
0,10550,13.670424
0,10560,13.304704
0,10570,12.953921
0,10580,12.617368
0,10590,12.294378
0,10600,11.984322
0,10610,11.686595
0,10620,11.400632
0,10630,11.125885
0,10640,10.861847
0,10650,10.60802
0,10660,10.363948
0,10670,10.129181
0,10680,9.903307
0,10690,9.685921
0,10700,9.4766445
0,10710,9.275118
0,10720,9.080995
0,10730,8.89395
0,10740,8.71367
0,10750,8.53986
0,10760,8.372231
0,10770,8.210517
0,10780,8.05447
0,10790,7.903836
0,10800,7.758383
0,10810,7.617898
0,10820,7.4821744
0,10830,7.3509984
0,10840,7.2241874
0,10850,7.101561
0,10860,6.982944
0,10870,6.8681684
0,10880,6.757076
0,10890,6.649514
0,10900,6.5453434
0,10910,6.4444222
0,10920,6.346617
0,10930,6.2518053
0,10940,6.159868
0,10950,6.07069
0,10960,5.984162
0,10970,5.900182
0,10980,5.8186507
0,10990,5.7394733
0,11000,5.6625605
0,11010,5.5878253
0,11020,5.515186
0,11030,5.444563
0,11040,5.375884
0,11050,5.3090763
0,11060,5.24407
0,11070,5.1807976
0,11080,5.119195
0,11090,5.0592012
0,11100,5.000772
0,11110,4.9438424
0,11120,4.8883576
0,11130,4.8342648
0,11140,4.7815113
0,11150,4.730053
0,11160,4.6798625
0,11170,4.6308837
0,11180,4.583074
0,11190,4.5363917
0,11200,4.4907966
0,11210,4.446255
0,11220,4.4027452
0,11230,4.3602242
0,11240,4.318659
0,11250,4.2780185
0,11260,4.238272
0,11270,4.199394
0,11280,4.161362
0,11290,4.124146
0,11300,4.087721
0,11310,4.052063
0,11320,4.0171494
0,11330,3.9829586
0,11340,3.9494698
0,11350,3.9166622
0,11360,3.8845155
0,11370,3.8530107
0,11380,3.8221288
0,11390,3.7918532
0,11400,3.7621682
0,11410,3.7330558
0,11420,3.7044997
0,11430,3.676484
0,11440,3.6489933
0,11450,3.6220155
0,11460,3.5955374
0,11470,3.5695443
0,11480,3.544023
0,11490,3.5189607
0,11500,3.494345
0,11510,3.4701657
0,11520,3.4464126
0,11530,3.4230733
0,11540,3.4001377
0,11550,3.3775954
0,11560,3.3554368
0,11570,3.3336527
0,11580,3.3122346
0,11590,3.291173
0,11600,3.2704592
0,11610,3.2500854
0,11620,3.2300432
0,11630,3.210325
0,11640,3.1909237
0,11650,3.1718314
0,11660,3.153041
0,11670,3.1345456
0,11680,3.1163385
0,11690,3.0984137
0,11700,3.0807648
0,11710,3.0633852
0,11720,3.046269
0,11730,3.0294101
0,11740,3.012803
0,11750,2.996443
0,11760,2.9803245
0,11770,2.964442
0,11780,2.9487903
0,11790,2.9333646
0,11800,2.91816
0,11810,2.9031725
0,11820,2.8883972
0,11830,2.8738296
0,11840,2.8594658
0,11850,2.8453014
0,11860,2.8313322
0,11870,2.8175547
0,11880,2.8039649
0,11890,2.7905588
0,11900,2.777333
0,11910,2.764284
0,11920,2.7514079
0,11930,2.7387018
0,11940,2.7261624
0,11950,2.7137864
0,11960,2.7015705
0,11970,2.6895115
0,11980,2.6776068
0,11990,2.6658533
0,12000,2.6542482
0,12010,2.6427886
0,12020,2.6314716
0,12030,2.620295
0,12040,2.6092558
0,12050,2.5983517
0,12060,2.58758
0,12070,2.5769386
0,12080,2.5664248
0,12090,2.5560365
0,12100,2.5457711
0,12110,2.535627
0,12120,2.5256014
0,12130,2.5156925
0,12140,2.5058982
0,12150,2.4962165
0,12160,2.4866455
0,12170,2.477183
0,12180,2.4678273
0,12190,2.4585767
0,12200,2.449429
0,12210,2.4403827
0,12220,2.431436
0,12230,2.4225872
0,12240,2.4138346
0,12250,2.4051766
0,12260,2.3966115
0,12270,2.3881378
0,12280,2.379754
0,12290,2.3714588
0,12300,2.3632505
0,12310,2.3551276
0,12320,2.3470886
0,12330,2.3391325
0,12340,2.3312576
0,12350,2.3234627
0,12360,2.3157465
0,12370,2.3081079
0,12380,2.3005452
0,12390,2.2930577
0,12400,2.2856438
0,12410,2.2783027
0,12420,2.2710328
0,12430,2.2638333
0,12440,2.256703
0,12450,2.2496407
0,12460,2.2426455
0,12470,2.2357163
0,12480,2.2288523
0,12490,2.2220519
0,12500,2.2153146
0,12510,2.2086394
0,12520,2.2020252
0,12530,2.1954713
0,12540,2.1889765
0,12550,2.18254
0,12560,2.176161
0,12570,2.1698387
0,12580,2.163572
0,12590,2.1573603
0,12600,2.1512027
0,12610,2.1450982
0,12620,2.1390464
0,12630,2.1330466
0,12640,2.1270976
0,12650,2.1211987
0,12660,2.1153495
0,12670,2.109549
0,12680,2.103797
0,12690,2.098092
0,12700,2.092434
0,12710,2.0868218
0,12720,2.0812554
0,12730,2.0757337
0,12740,2.070256
0,12750,2.064822
0,12760,2.059431
0,12770,2.0540824
0,12780,2.0487754
0,12790,2.0435097
0,12800,2.0382848
0,12810,2.0331
0,12820,2.0279543
0,12830,2.0228481
0,12840,2.01778
0,12850,2.0127504
0,12860,2.007758
0,12870,2.0028024
0,12880,1.9978834
0,12890,1.9930005
0,12900,1.9881531
0,12910,1.9833407
0,12920,1.9785631
0,12930,1.9738196
0,12940,1.9691098
0,12950,1.9644333
0,12960,1.9597898
0,12970,1.9551786
0,12980,1.9505996
0,12990,1.9460521
0,13000,1.941536
0,13010,1.9370506
0,13020,1.9325957
0,13030,1.928171
0,13040,1.9237761
0,13050,1.9194105
0,13060,1.915074
0,13070,1.910766
0,13080,1.9064865
0,13090,1.9022349
0,13100,1.898011
0,13110,1.8938143
0,13120,1.8896447
0,13130,1.8855017
0,13140,1.8813852
0,13150,1.8772947
0,13160,1.87323
0,13170,1.8691907
0,13180,1.8651766
0,13190,1.8611873
0,13200,1.8572227
0,13210,1.8532823
0,13220,1.8493661
0,13230,1.8454736
0,13240,1.8416046
0,13250,1.8377589
0,13260,1.8339362
0,13270,1.8301362
0,13280,1.8263587
0,13290,1.8226035
0,13300,1.8188702
0,13310,1.8151587
0,13320,1.8114688
0,13330,1.8078002
0,13340,1.8041526
0,13350,1.8005259
0,13360,1.79692
0,13370,1.7933342
0,13380,1.7897688
0,13390,1.7862234
0,13400,1.7826978
0,13410,1.7791919
0,13420,1.7757052
0,13430,1.7722378
0,13440,1.7687894
0,13450,1.7653598
0,13460,1.7619488
0,13470,1.7585562
0,13480,1.7551819
0,13490,1.7518257
0,13500,1.7484875
0,13510,1.7451669
0,13520,1.7418638
0,13530,1.7385782
0,13540,1.7353097
0,13550,1.7320584
0,13560,1.7288239
0,13570,1.7256062
0,13580,1.7224051
0,13590,1.7192203
0,13600,1.7160518
0,13610,1.7128994
0,13620,1.709763
0,13630,1.7066425
0,13640,1.7035376
0,13650,1.7004483
0,13660,1.6973742
0,13670,1.6943156
0,13680,1.691272
0,13690,1.6882434
0,13700,1.6852297
0,13710,1.6822307
0,13720,1.6792462
0,13730,1.6762763
0,13740,1.6733207
0,13750,1.6703793
0,13760,1.667452
0,13770,1.6645386
0,13780,1.6616392
0,13790,1.6587534
0,13800,1.6558813
0,13810,1.6530228
0,13820,1.6501775
0,13830,1.6473457
0,13840,1.6445268
0,13850,1.6417212
0,13860,1.6389285
0,13870,1.6361486
0,13880,1.6333815
0,13890,1.630627
0,13900,1.6278851
0,13910,1.6251557
0,13920,1.6224385
0,13930,1.6197337
0,13940,1.6170409
0,13950,1.6143602
0,13960,1.6116916
0,13970,1.6090347
0,13980,1.6063896
0,13990,1.6037563
0,14000,1.6011345
0,14010,1.5985242
0,14020,1.5959255
0,14030,1.5933379
0,14040,1.5907617
0,14050,1.5881966
0,14060,1.5856426
0,14070,1.5830996
0,14080,1.5805675
0,14090,1.5780462
0,14100,1.5755358
0,14110,1.573036
0,14120,1.5705467
0,14130,1.568068
0,14140,1.5655999
0,14150,1.5631421
0,14160,1.5606945
0,14170,1.5582571
0,14180,1.55583
0,14190,1.5534129
0,14200,1.5510058
0,14210,1.5486087
0,14220,1.5462215
0,14230,1.543844
0,14240,1.5414764
0,14250,1.5391183
0,14260,1.5367699
0,14270,1.534431
0,14280,1.5321015
0,14290,1.5297816
0,14300,1.5274708
0,14310,1.5251695
0,14320,1.5228773
0,14330,1.5205944
0,14340,1.5183204
0,14350,1.5160556
0,14360,1.5137997
0,14370,1.5115527
0,14380,1.5093147
0,14390,1.5070853
0,14400,1.5048648
0,14410,1.5026529
0,14420,1.5004497
0,14430,1.498255
0,14440,1.496069
0,14450,1.4938912
0,14460,1.491722
0,14470,1.4895611
0,14480,1.4874085
0,14490,1.4852642
0,14500,1.4831281
0,14510,1.4810001
0,14520,1.4788803
0,14530,1.4767685
0,14540,1.4746647
0,14550,1.4725688
0,14560,1.4704808
0,14570,1.4684007
0,14580,1.4663284
0,14590,1.4642639
0,14600,1.4622071
0,14610,1.4601579
0,14620,1.4581163
0,14630,1.4560823
0,14640,1.4540559
0,14650,1.452037
0,14660,1.4500254
0,14670,1.4480213
0,14680,1.4460245
0,14690,1.444035
0,14700,1.4420528
0,14710,1.4400778
0,14720,1.43811
0,14730,1.4361494
0,14740,1.4341958
0,14750,1.4322492
0,14760,1.4303097
0,14770,1.4283772
0,14780,1.4264516
0,14790,1.4245328
0,14800,1.4226209
0,14810,1.4207158
0,14820,1.4188175
0,14830,1.4169259
0,14840,1.4150411
0,14850,1.4131628
0,14860,1.4112912
0,14870,1.4094263
0,14880,1.4075679
0,14890,1.4057158
0,14900,1.4038703
0,14910,1.4020313
0,14920,1.4001987
0,14930,1.3983724
0,14940,1.3965524
0,14950,1.3947388
0,14960,1.3929315
0,14970,1.3911302
0,14980,1.3893353
0,14990,1.3875464
0,15000,1.3857638
0,15010,1.3839872
0,15020,1.3822166
0,15030,1.380452
0,15040,1.3786936
0,15050,1.376941
0,15060,1.3751943
0,15070,1.3734535
0,15080,1.3717186
0,15090,1.3699895
0,15100,1.3682663
0,15110,1.3665488
0,15120,1.364837
0,15130,1.363131
0,15140,1.3614306
0,15150,1.3597358
0,15160,1.3580468
0,15170,1.3563633
0,15180,1.3546853
0,15190,1.3530128
0,15200,1.3513459
0,15210,1.3496845
0,15220,1.3480284
0,15230,1.3463777
0,15240,1.3447325
0,15250,1.3430927
0,15260,1.3414581
0,15270,1.3398288
0,15280,1.3382049
0,15290,1.3365862
0,15300,1.3349727
0,15310,1.3333644
0,15320,1.3317612
0,15330,1.3301632
0,15340,1.3285702
0,15350,1.3269825
0,15360,1.3253998
0,15370,1.323822
0,15380,1.3222493
0,15390,1.3206816
0,15400,1.3191189
0,15410,1.3175609
0,15420,1.316008
0,15430,1.3144599
0,15440,1.3129168
0,15450,1.3113785
0,15460,1.3098449
0,15470,1.3083161
0,15480,1.3067921
0,15490,1.3052728
0,15500,1.3037583
0,15510,1.3022484
0,15520,1.3007432
0,15530,1.2992426
0,15540,1.2977467
0,15550,1.2962554
0,15560,1.2947686
0,15570,1.2932863
0,15580,1.2918086
0,15590,1.2903354
0,15600,1.2888668
0,15610,1.2874025
0,15620,1.2859427
0,15630,1.2844872
0,15640,1.2830362
0,15650,1.2815896
0,15660,1.2801473
0,15670,1.2787094
0,15680,1.2772758
0,15690,1.2758465
0,15700,1.2744213
0,15710,1.2730005
0,15720,1.2715839
0,15730,1.2701715
0,15740,1.2687633
0,15750,1.2673593
0,15760,1.2659593
0,15770,1.2645636
0,15780,1.2631718
0,15790,1.2617842
0,15800,1.2604007
0,15810,1.2590212
0,15820,1.2576457
0,15830,1.2562742
0,15840,1.2549068
0,15850,1.2535433
0,15860,1.2521837
0,15870,1.250828
0,15880,1.2494763
0,15890,1.2481285
0,15900,1.2467846
0,15910,1.2454444
0,15920,1.2441081
0,15930,1.2427757
0,15940,1.241447
0,15950,1.2401221
0,15960,1.238801
0,15970,1.2374836
0,15980,1.23617
0,15990,1.2348601
0,16000,1.2335538
0,16010,1.2322513
0,16020,1.2309524
0,16030,1.229657
0,16040,1.2283654
0,16050,1.2270774
0,16060,1.2257929
0,16070,1.224512
0,16080,1.2232347
0,16090,1.2219609
0,16100,1.2206906
0,16110,1.2194239
0,16120,1.2181606
0,16130,1.2169008
0,16140,1.2156444
0,16150,1.2143915
0,16160,1.213142
0,16170,1.211896
0,16180,1.2106532
0,16190,1.2094139
0,16200,1.2081779
0,16210,1.2069453
0,16220,1.205716
0,16230,1.2044901
0,16240,1.2032675
0,16250,1.2020481
0,16260,1.2008319
0,16270,1.199619
0,16280,1.1984094
0,16290,1.197203
0,16300,1.1959997
0,16310,1.1947998
0,16320,1.1936029
0,16330,1.1924093
0,16340,1.1912187
0,16350,1.1900313
0,16360,1.1888471
0,16370,1.1876659
0,16380,1.1864878
0,16390,1.1853129
0,16400,1.1841409
0,16410,1.1829721
0,16420,1.1818062
0,16430,1.1806433
0,16440,1.1794835
0,16450,1.1783267
0,16460,1.1771728
0,16470,1.1760219
0,16480,1.1748741
0,16490,1.1737291
0,16500,1.1725869
0,16510,1.1714478
0,16520,1.1703116
0,16530,1.1691781
0,16540,1.1680477
0,16550,1.1669201
0,16560,1.1657952
0,16570,1.1646733
0,16580,1.1635542
0,16590,1.1624378
0,16600,1.1613243
0,16610,1.1602136
0,16620,1.1591055
0,16630,1.1580003
0,16640,1.1568979
0,16650,1.1557981
0,16660,1.1547011
0,16670,1.1536068
0,16680,1.1525152
0,16690,1.1514263
0,16700,1.15034
0,16710,1.1492565
0,16720,1.1481755
0,16730,1.1470971
0,16740,1.1460215
0,16750,1.1449484
0,16760,1.143878
0,16770,1.1428101
0,16780,1.1417447
0,16790,1.140682
0,16800,1.1396219
0,16810,1.1385642
0,16820,1.1375091
0,16830,1.1364565
0,16840,1.1354065
0,16850,1.1343589
0,16860,1.1333138
0,16870,1.1322712
0,16880,1.1312311
0,16890,1.1301935
0,16900,1.1291581
0,16910,1.1281254
0,16920,1.127095
0,16930,1.126067
0,16940,1.1250415
0,16950,1.1240183
0,16960,1.1229975
0,16970,1.1219791
0,16980,1.1209631
0,16990,1.1199493
0,17000,1.118938
0,17010,1.117929
0,17020,1.1169223
0,17030,1.1159178
0,17040,1.1149157
0,17050,1.1139159
0,17060,1.1129184
0,17070,1.1119231
0,17080,1.11093
0,17090,1.1099392
0,17100,1.1089507
0,17110,1.1079644
0,17120,1.1069803
0,17130,1.1059985
0,17140,1.1050189
0,17150,1.1040413
0,17160,1.1030661
0,17170,1.1020929
0,17180,1.1011219
0,17190,1.1001532
0,17200,1.0991865
0,17210,1.098222
0,17220,1.0972595
0,17230,1.0962993
0,17240,1.0953411
0,17250,1.094385
0,17260,1.093431
0,17270,1.0924791
0,17280,1.0915293
0,17290,1.0905815
0,17300,1.0896358
0,17310,1.0886921
0,17320,1.0877504
0,17330,1.0868108
0,17340,1.0858732
0,17350,1.0849377
0,17360,1.0840042
0,17370,1.0830725
0,17380,1.082143
0,17390,1.0812153
0,17400,1.0802896
0,17410,1.079366
0,17420,1.0784442
0,17430,1.0775244
0,17440,1.0766065
0,17450,1.0756906
0,17460,1.0747765
0,17470,1.0738645
0,17480,1.0729543
0,17490,1.0720459
0,17500,1.0711395
0,17510,1.070235
0,17520,1.0693322
0,17530,1.0684315
0,17540,1.0675325
0,17550,1.0666354
0,17560,1.0657401
0,17570,1.0648466
0,17580,1.0639551
0,17590,1.0630652
0,17600,1.0621772
0,17610,1.061291
0,17620,1.0604067
0,17630,1.059524
0,17640,1.0586432
0,17650,1.057764
0,17660,1.0568868
0,17670,1.0560112
0,17680,1.0551375
0,17690,1.0542654
0,17700,1.053395
0,17710,1.0525265
0,17720,1.0516596
0,17730,1.0507945
0,17740,1.049931
0,17750,1.0490693
0,17760,1.0482092
0,17770,1.0473508
0,17780,1.0464941
0,17790,1.045639
0,17800,1.0447857
0,17810,1.043934
0,17820,1.0430839
0,17830,1.0422355
0,17840,1.0413888
0,17850,1.0405437
0,17860,1.0397002
0,17870,1.0388582
0,17880,1.0380179
0,17890,1.0371792
0,17900,1.0363421
0,17910,1.0355066
0,17920,1.0346727
0,17930,1.0338404
0,17940,1.0330096
0,17950,1.0321804
0,17960,1.0313528
0,17970,1.0305266
0,17980,1.0297022
0,17990,1.0288792
0,18000,1.0280577
0,18010,1.0272378
0,18020,1.0264193
0,18030,1.0256025
0,18040,1.0247871
0,18050,1.0239731
0,18060,1.0231607
0,18070,1.0223498
0,18080,1.0215404
0,18090,1.0207325
0,18100,1.0199261
0,18110,1.019121
0,18120,1.0183175
0,18130,1.0175154
0,18140,1.0167148
0,18150,1.0159156
0,18160,1.0151179
0,18170,1.0143216
0,18180,1.0135267
0,18190,1.0127332
0,18200,1.0119411
0,18210,1.0111505
0,18220,1.0103612
0,18230,1.0095735
0,18240,1.0087869
0,18250,1.0080019
0,18260,1.0072182
0,18270,1.006436
0,18280,1.005655
0,18290,1.0048754
0,18300,1.0040972
0,18310,1.0033205
0,18320,1.0025449
0,18330,1.0017707
0,18340,1.000998
0,18350,1.0002265
0,18360,0.99945635
0,18370,0.99868757
0,18380,0.99792004
0,18390,0.9971538
0,18400,0.996389
0,18410,0.9956254
0,18420,0.9948631
0,18430,0.9941021
0,18440,0.99334246
0,18450,0.99258405
0,18460,0.9918269
0,18470,0.99107105
0,18480,0.99031645
0,18490,0.9895631
0,18500,0.988811
0,18510,0.98806024
0,18520,0.98731065
0,18530,0.9865623
0,18540,0.9858153
0,18550,0.9850694
0,18560,0.9843248
0,18570,0.9835814
0,18580,0.9828392
0,18590,0.9820983
0,18600,0.9813585
0,18610,0.98062
0,18620,0.97988266
0,18630,0.97914654
0,18640,0.9784116
0,18650,0.9776778
0,18660,0.9769453
0,18670,0.9762139
0,18680,0.97548366
0,18690,0.97475463
0,18700,0.97402674
0,18710,0.97330004
0,18720,0.9725745
0,18730,0.97185004
0,18740,0.9711268
0,18750,0.9704047
0,18760,0.9696837
0,18770,0.9689639
0,18780,0.9682452
0,18790,0.9675276
0,18800,0.9668112
0,18810,0.9660958
0,18820,0.9653816
0,18830,0.9646685
0,18840,0.96395653
0,18850,0.96324563
0,18860,0.9625358
0,18870,0.9618271
0,18880,0.9611195
0,18890,0.960413
0,18900,0.95970756
0,18910,0.95900315
0,18920,0.9582999
0,18930,0.9575977
0,18940,0.9568965
0,18950,0.9561964
0,18960,0.9554974
0,18970,0.9547994
0,18980,0.95410246
0,18990,0.9534066
0,19000,0.95271176
0,19010,0.95201796
0,19020,0.95132524
0,19030,0.95063347
0,19040,0.94994277
0,19050,0.94925314
0,19060,0.94856447
0,19070,0.9478768
0,19080,0.9471902
0,19090,0.9465046
0,19100,0.94582
0,19110,0.9451364
0,19120,0.9444538
0,19130,0.9437722
0,19140,0.9430916
0,19150,0.94241196
0,19160,0.9417333
0,19170,0.94105566
0,19180,0.94037896
0,19190,0.9397033
0,19200,0.93902856
0,19210,0.9383548
0,19220,0.937682
0,19230,0.9370101
0,19240,0.93633926
0,19250,0.9356693
0,19260,0.9350003
0,19270,0.9343323
0,19280,0.9336652
0,19290,0.9329991
0,19300,0.9323338
0,19310,0.9316696
0,19320,0.9310062
0,19330,0.9303438
0,19340,0.9296823
0,19350,0.9290217
0,19360,0.9283621
0,19370,0.9277033
0,19380,0.9270455
0,19390,0.92638856
0,19400,0.92573255
0,19410,0.92507744
0,19420,0.9244233
0,19430,0.92376995
0,19440,0.9231175
0,19450,0.922466
0,19460,0.92181534
0,19470,0.9211656
0,19480,0.92051667
0,19490,0.91986865
0,19500,0.9192215
0,19510,0.9185753
0,19520,0.9179299
0,19530,0.9172854
0,19540,0.9166417
0,19550,0.9159989
0,19560,0.91535693
0,19570,0.9147158
0,19580,0.9140756
0,19590,0.91343623
0,19600,0.9127977
0,19610,0.91216
0,19620,0.9115231
0,19630,0.91088706
0,19640,0.91025186
0,19650,0.9096175
0,19660,0.908984
0,19670,0.90835124
0,19680,0.9077194
0,19690,0.90708834
0,19700,0.9064581
0,19710,0.90582865
0,19720,0.9052
0,19730,0.9045722
0,19740,0.9039452
0,19750,0.903319
0,19760,0.9026936
0,19770,0.90206903
0,19780,0.9014452
0,19790,0.9008222
0,19800,0.90019995
0,19810,0.8995786
0,19820,0.8989579
0,19830,0.898338
0,19840,0.89771897
0,19850,0.8971007
0,19860,0.8964831
0,19870,0.8958664
0,19880,0.8952504
0,19890,0.8946352
0,19900,0.89402074
0,19910,0.89340705
0,19920,0.89279413
0,19930,0.892182
0,19940,0.89157057
0,19950,0.8909599
0,19960,0.89035
0,19970,0.8897408
0,19980,0.88913244
0,19990,0.8885248
0,20000,0.8879179
0,20010,0.88731164
0,20020,0.88670623
0,20030,0.8861015
0,20040,0.8854975
0,20050,0.88489425
0,20060,0.88429177
0,20070,0.88368994
0,20080,0.8830889
0,20090,0.88248855
0,20100,0.88188887
0,20110,0.88128996
0,20120,0.88069177
0,20130,0.8800943
0,20140,0.87949747
0,20150,0.8789014
0,20160,0.87830603
0,20170,0.87771136
0,20180,0.8771174
0,20190,0.87652415
0,20200,0.87593156
0,20210,0.8753397
0,20220,0.8747485
0,20230,0.874158
0,20240,0.87356824
0,20250,0.8729791
0,20260,0.8723907
0,20270,0.8718029
0,20280,0.8712158
0,20290,0.87062943
0,20300,0.8700437
0,20310,0.8694587
0,20320,0.8688743
0,20330,0.8682906
0,20340,0.86770755
0,20350,0.8671252
0,20360,0.8665435
0,20370,0.86596245
0,20380,0.865382
0,20390,0.8648023
0,20400,0.86422324
0,20410,0.86364484
0,20420,0.86306703
0,20430,0.86248994
0,20440,0.86191344
0,20450,0.86133766
0,20460,0.8607625
0,20470,0.8601879
0,20480,0.859614
0,20490,0.85904074
0,20500,0.8584681
0,20510,0.85789615
0,20520,0.8573248
0,20530,0.85675406
0,20540,0.85618395
0,20550,0.8556145
0,20560,0.8550457
0,20570,0.85447747
0,20580,0.85390985
0,20590,0.8533429
0,20600,0.8527765
0,20610,0.85221076
0,20620,0.85164565
0,20630,0.85108113
0,20640,0.8505172
0,20650,0.84995395
0,20660,0.8493912
0,20670,0.84882915
0,20680,0.8482677
0,20690,0.8477068
0,20700,0.8471465
0,20710,0.8465869
0,20720,0.8460278
0,20730,0.8454693
0,20740,0.84491146
0,20750,0.84435415
0,20760,0.84379745
0,20770,0.84324133
0,20780,0.8426858
0,20790,0.84213084
0,20800,0.8415765
0,20810,0.84102273
0,20820,0.84046954
0,20830,0.83991694
0,20840,0.8393649
0,20850,0.8388134
0,20860,0.83826256
0,20870,0.8377122
0,20880,0.8371625
0,20890,0.83661336
0,20900,0.83606476
0,20910,0.8355167
0,20920,0.8349692
0,20930,0.83442235
0,20940,0.833876
0,20950,0.8333302
0,20960,0.832785
0,20970,0.83224034
0,20980,0.8316962
0,20990,0.8311527
0,21000,0.8306097
0,21010,0.8300672
0,21020,0.82952535
0,21030,0.82898396
0,21040,0.82844317
0,21050,0.8279029
0,21060,0.8273632
0,21070,0.82682407
0,21080,0.8262854
0,21090,0.8257473
0,21100,0.8252098
0,21110,0.82467276
0,21120,0.8241363
0,21130,0.82360035
0,21140,0.8230649
0,21150,0.8225301
0,21160,0.82199574
0,21170,0.8214619
0,21180,0.82092863
0,21190,0.8203959
0,21200,0.8198636
0,21210,0.81933194
0,21220,0.81880075
0,21230,0.81827
0,21240,0.8177399
0,21250,0.81721026
0,21260,0.81668115
0,21270,0.8161526
0,21280,0.8156245
0,21290,0.8150969
0,21300,0.81456983
0,21310,0.8140433
0,21320,0.8135172
0,21330,0.8129917
0,21340,0.8124667
0,21350,0.81194216
0,21360,0.8114181
0,21370,0.8108946
0,21380,0.8103716
0,21390,0.8098491
0,21400,0.80932707
0,21410,0.8088055
0,21420,0.8082845
0,21430,0.807764
0,21440,0.807244
0,21450,0.8067244
0,21460,0.8062054
0,21470,0.80568683
0,21480,0.80516875
0,21490,0.8046512
0,21500,0.8041341
0,21510,0.8036175
0,21520,0.80310136
0,21530,0.8025857
0,21540,0.80207056
0,21550,0.8015559
0,21560,0.80104166
0,21570,0.800528
0,21580,0.80001473
0,21590,0.79950196
0,21600,0.79898965
0,21610,0.7984778
0,21620,0.79796654
0,21630,0.79745567
0,21640,0.7969452
0,21650,0.7964353
0,21660,0.79592586
0,21670,0.79541683
0,21680,0.79490834
0,21690,0.7944003
0,21700,0.7938927
0,21710,0.7933855
0,21720,0.79287887
0,21730,0.79237264
0,21740,0.7918669
0,21750,0.7913616
0,21760,0.7908568
0,21770,0.7903524
0,21780,0.78984845
0,21790,0.78934497
0,21800,0.78884196
0,21810,0.7883394
0,21820,0.78783727
0,21830,0.78733563
0,21840,0.7868344
0,21850,0.7863337
0,21860,0.78583336
0,21870,0.78533345
0,21880,0.784834
0,21890,0.7843351
0,21900,0.78383654
0,21910,0.7833384
0,21920,0.7828408
0,21930,0.78234357
0,21940,0.78184676
0,21950,0.78135043
0,21960,0.7808545
0,21970,0.7803591
0,21980,0.7798641
0,21990,0.7793695
0,22000,0.7788753
0,22010,0.7783816
0,22020,0.7778883
0,22030,0.7773954
0,22040,0.776903
0,22050,0.776411
0,22060,0.77591944
0,22070,0.77542824
0,22080,0.7749375
0,22090,0.77444726
0,22100,0.7739574
0,22110,0.7734679
0,22120,0.7729789
0,22130,0.77249026
0,22140,0.7720021
0,22150,0.7715143
0,22160,0.77102697
0,22170,0.77054006
0,22180,0.7700535
0,22190,0.76956743
0,22200,0.7690818
0,22210,0.7685965
0,22220,0.76811165
0,22230,0.7676272
0,22240,0.76714313
0,22250,0.76665956
0,22260,0.76617634
0,22270,0.76569355
0,22280,0.76521116
0,22290,0.76472914
0,22300,0.7642476
0,22310,0.7637664
0,22320,0.76328564
0,22330,0.7628053
0,22340,0.76232535
0,22350,0.76184577
0,22360,0.7613666
0,22370,0.76088786
0,22380,0.76040953
0,22390,0.75993156
0,22400,0.759454
0,22410,0.7589768
0,22420,0.7585001
0,22430,0.75802374
0,22440,0.75754774
0,22450,0.75707215
0,22460,0.756597
0,22470,0.75612223
0,22480,0.75564784
0,22490,0.7551738
0,22500,0.7547002
0,22510,0.754227
0,22520,0.75375414
0,22530,0.7532817
0,22540,0.75280964
0,22550,0.75233793
0,22560,0.7518667
0,22570,0.75139576
0,22580,0.75092524
0,22590,0.75045514
0,22600,0.7499854
0,22610,0.749516
0,22620,0.74904704
0,22630,0.7485784
0,22640,0.7481102
0,22650,0.74764234
0,22660,0.74717486
0,22670,0.7467078
0,22680,0.7462411
0,22690,0.74577475
0,22700,0.7453088
0,22710,0.7448432
0,22720,0.744378
0,22730,0.7439132
0,22740,0.7434487
0,22750,0.7429846
0,22760,0.74252087
0,22770,0.74205756
0,22780,0.74159455
0,22790,0.74113196
0,22800,0.7406697
0,22810,0.74020785
0,22820,0.73974633
0,22830,0.7392852
0,22840,0.7388244
0,22850,0.73836404
0,22860,0.73790395
0,22870,0.7374443
0,22880,0.73698497
0,22890,0.736526
0,22900,0.7360674
0,22910,0.73560923
0,22920,0.73515135
0,22930,0.7346938
0,22940,0.7342367
0,22950,0.7337799
0,22960,0.73332345
0,22970,0.7328674
0,22980,0.7324117
0,22990,0.7319563
0,23000,0.73150134
0,23010,0.7310467
0,23020,0.73059237
0,23030,0.7301384
0,23040,0.7296848
0,23050,0.7292316
0,23060,0.7287787
0,23070,0.7283262
0,23080,0.72787404
0,23090,0.7274222
0,23100,0.72697073
0,23110,0.7265196
0,23120,0.7260688
0,23130,0.72561836
0,23140,0.7251683
0,23150,0.7247185
0,23160,0.7242691
0,23170,0.7238201
0,23180,0.7233714
0,23190,0.722923
0,23200,0.722475
0,23210,0.7220273
0,23220,0.72157997
0,23230,0.721133
0,23240,0.7206863
0,23250,0.72024
0,23260,0.71979403
0,23270,0.71934843
0,23280,0.7189031
0,23290,0.7184582
0,23300,0.7180135
0,23310,0.71756923
0,23320,0.7171253
0,23330,0.7166817
0,23340,0.71623844
0,23350,0.7157955
0,23360,0.7153529
0,23370,0.7149106
0,23380,0.7144687
0,23390,0.7140271
0,23400,0.71358585
0,23410,0.7131449
0,23420,0.7127043
0,23430,0.712264
0,23440,0.71182406
0,23450,0.7113845
0,23460,0.7109452
0,23470,0.7105062
0,23480,0.7100676
0,23490,0.7096293
0,23500,0.7091913
0,23510,0.70875365
0,23520,0.7083163
0,23530,0.7078793
0,23540,0.70744264
0,23550,0.70700634
0,23560,0.70657027
0,23570,0.70613456
0,23580,0.7056992
0,23590,0.70526415
0,23600,0.7048294
0,23610,0.704395
0,23620,0.7039609
0,23630,0.70352715
0,23640,0.7030937
0,23650,0.70266056
0,23660,0.7022278
0,23670,0.7017952
0,23680,0.7013631
0,23690,0.7009312
0,23700,0.70049965
0,23710,0.7000684
0,23720,0.69963753
0,23730,0.69920695
0,23740,0.69877666
0,23750,0.6983467
0,23760,0.69791704
0,23770,0.6974877
0,23780,0.6970587
0,23790,0.69662994
0,23800,0.69620156
0,23810,0.6957735
0,23820,0.6953457
0,23830,0.6949182
0,23840,0.6944911
0,23850,0.69406426
0,23860,0.6936377
0,23870,0.6932115
0,23880,0.69278556
0,23890,0.6923599
0,23900,0.69193465
0,23910,0.69150966
0,23920,0.691085
0,23930,0.6906606
0,23940,0.6902365
0,23950,0.6898127
0,23960,0.6893893
0,23970,0.6889661
0,23980,0.68854326
0,23990,0.6881207
0,24000,0.6876984
0,24010,0.6872765
0,24020,0.68685484
0,24030,0.6864335
0,24040,0.68601245
0,24050,0.6855917
0,24060,0.6851713
0,24070,0.68475115
0,24080,0.6843313
0,24090,0.68391174
0,24100,0.68349254
0,24110,0.6830736
0,24120,0.6826549
0,24130,0.6822366
0,24140,0.68181854
0,24150,0.6814008
0,24160,0.6809833
0,24170,0.6805662
0,24180,0.6801493
0,24190,0.67973274
0,24200,0.67931646
0,24210,0.6789005
0,24220,0.6784848
0,24230,0.6780694
0,24240,0.6776543
0,24250,0.6772395
0,24260,0.676825
0,24270,0.67641073
0,24280,0.67599684
0,24290,0.6755832
0,24300,0.6751698
0,24310,0.67475677
0,24320,0.674344
0,24330,0.67393154
0,24340,0.6735194
0,24350,0.67310745
0,24360,0.6726958
0,24370,0.6722845
0,24380,0.67187345
0,24390,0.6714627
0,24400,0.6710523
0,24410,0.6706421
0,24420,0.6702322
0,24430,0.6698226
0,24440,0.66941327
0,24450,0.66900426
0,24460,0.6685955
0,24470,0.668187
0,24480,0.66777885
0,24490,0.667371
0,24500,0.66696334
0,24510,0.66655606
0,24520,0.66614896
0,24530,0.6657422
0,24540,0.6653357
0,24550,0.66492957
0,24560,0.6645236
0,24570,0.664118
0,24580,0.6637126
0,24590,0.66330755
0,24600,0.6629028
0,24610,0.66249824
0,24620,0.662094
0,24630,0.66169006
0,24640,0.66128635
0,24650,0.66088295
0,24660,0.66047984
0,24670,0.660077
0,24680,0.6596744
0,24690,0.6592721
0,24700,0.6588701
0,24710,0.6584683
0,24720,0.65806687
0,24730,0.65766567
0,24740,0.65726477
0,24750,0.6568641
0,24760,0.65646374
0,24770,0.6560637
0,24780,0.65566385
0,24790,0.65526426
0,24800,0.654865
0,24810,0.654466
0,24820,0.6540673
0,24830,0.6536688
0,24840,0.6532706
0,24850,0.6528727
0,24860,0.65247506
0,24870,0.6520777
0,24880,0.6516806
0,24890,0.65128374
0,24900,0.6508872
0,24910,0.6504909
0,24920,0.65009487
0,24930,0.6496991
0,24940,0.6493036
0,24950,0.6489084
0,24960,0.64851344
0,24970,0.64811873
0,24980,0.64772433
0,24990,0.64733016
0,25000,0.6469363
0,25010,0.64654267
0,25020,0.64614934
0,25030,0.64575624
0,25040,0.6453634
0,25050,0.64497083
0,25060,0.6445785
0,25070,0.6441865
0,25080,0.6437948
0,25090,0.64340323
0,25100,0.643012
0,25110,0.64262104
0,25120,0.64223033
0,25130,0.64183986
0,25140,0.6414497
0,25150,0.64105976
0,25160,0.64067006
0,25170,0.64028066
0,25180,0.63989156
0,25190,0.63950264
0,25200,0.639114
0,25210,0.6387257
0,25220,0.63833755
0,25230,0.6379497
0,25240,0.63756216
0,25250,0.63717484
0,25260,0.6367878
0,25270,0.63640094
0,25280,0.6360144
0,25290,0.6356281
0,25300,0.6352421
0,25310,0.6348563
0,25320,0.63447076
0,25330,0.63408554
0,25340,0.6337005
0,25350,0.63331574
0,25360,0.6329313
0,25370,0.632547
0,25380,0.63216305
0,25390,0.6317793
0,25400,0.6313958
0,25410,0.6310126
0,25420,0.63062966
0,25430,0.63024694
0,25440,0.6298645
0,25450,0.62948227
0,25460,0.6291003
0,25470,0.6287186
0,25480,0.6283372
0,25490,0.627956
0,25500,0.62757504
0,25510,0.62719434
0,25520,0.62681395
0,25530,0.62643373
0,25540,0.6260538
0,25550,0.6256741
0,25560,0.6252947
0,25570,0.6249155
0,25580,0.6245366
0,25590,0.6241579
0,25600,0.6237794
0,25610,0.6234013
0,25620,0.62302333
0,25630,0.6226456
0,25640,0.6222682
0,25650,0.62189096
0,25660,0.621514
0,25670,0.6211373
0,25680,0.6207609
0,25690,0.6203847
0,25700,0.6200087
0,25710,0.619633
0,25720,0.61925757
0,25730,0.61888236
0,25740,0.6185074
0,25750,0.61813265
0,25760,0.61775815
0,25770,0.6173839
0,25780,0.61700994
0,25790,0.61663616
0,25800,0.6162627
0,25810,0.61588943
0,25820,0.6155164
0,25830,0.61514366
0,25840,0.6147711
0,25850,0.61439884
0,25860,0.6140268
0,25870,0.613655
0,25880,0.6132834
0,25890,0.6129121
0,25900,0.612541
0,25910,0.61217016
0,25920,0.6117996
0,25930,0.6114293
0,25940,0.6110591
0,25950,0.6106893
0,25960,0.6103196
0,25970,0.60995024
0,25980,0.6095811
0,25990,0.6092122
0,26000,0.6088435
0,26010,0.6084751
0,26020,0.6081069
0,26030,0.607739
0,26040,0.6073712
0,26050,0.60700375
0,26060,0.6066365
0,26070,0.60626954
0,26080,0.60590273
0,26090,0.6055362
0,26100,0.60516995
0,26110,0.6048039
0,26120,0.60443807
0,26130,0.6040725
0,26140,0.60370713
0,26150,0.60334206
0,26160,0.60297716
0,26170,0.60261256
0,26180,0.60224813
0,26190,0.601884
0,26200,0.60152006
0,26210,0.60115635
0,26220,0.6007929
0,26230,0.60042965
0,26240,0.60006666
0,26250,0.5997039
0,26260,0.5993414
0,26270,0.5989791
0,26280,0.598617
0,26290,0.5982552
0,26300,0.5978936
0,26310,0.5975323
0,26320,0.5971711
0,26330,0.5968102
0,26340,0.59644955
0,26350,0.5960891
0,26360,0.59572893
0,26370,0.595369
0,26380,0.5950092
0,26390,0.59464973
0,26400,0.59429044
0,26410,0.5939314
0,26420,0.59357256
0,26430,0.593214
0,26440,0.59285563
0,26450,0.59249747
0,26460,0.5921396
0,26470,0.5917819
0,26480,0.59142447
0,26490,0.59106725
0,26500,0.5907103
0,26510,0.5903535
0,26520,0.589997
0,26530,0.5896407
0,26540,0.5892846
0,26550,0.58892876
0,26560,0.58857316
0,26570,0.58821774
0,26580,0.58786255
0,26590,0.58750767
0,26600,0.5871529
0,26610,0.5867984
0,26620,0.5864442
0,26630,0.58609015
0,26640,0.58573633
0,26650,0.58538276
0,26660,0.58502936
0,26670,0.58467627
0,26680,0.58432335
0,26690,0.58397067
0,26700,0.5836182
0,26710,0.58326596
0,26720,0.58291394
0,26730,0.58256215
0,26740,0.5822106
0,26750,0.58185923
0,26760,0.5815081
0,26770,0.5811572
0,26780,0.58080655
0,26790,0.5804561
0,26800,0.5801059
0,26810,0.57975584
0,26820,0.5794061
0,26830,0.5790565
0,26840,0.57870716
0,26850,0.57835805
0,26860,0.5780092
0,26870,0.5776605
0,26880,0.57731205
0,26890,0.5769638
0,26900,0.57661575
0,26910,0.57626796
0,26920,0.5759204
0,26930,0.575573
0,26940,0.5752259
0,26950,0.574879
0,26960,0.5745323
0,26970,0.5741858
0,26980,0.57383955
0,26990,0.57349354
0,27000,0.5731477
0,27010,0.57280207
0,27020,0.5724567
0,27030,0.57211155
0,27040,0.57176656
0,27050,0.57142186
0,27060,0.57107735
0,27070,0.570733
0,27080,0.570389
0,27090,0.5700451
0,27100,0.56970143
0,27110,0.569358
0,27120,0.5690148
0,27130,0.5686718
0,27140,0.56832904
0,27150,0.5679864
0,27160,0.5676441
0,27170,0.567302
0,27180,0.56696004
0,27190,0.5666183
0,27200,0.56627685
0,27210,0.56593555
0,27220,0.5655945
0,27230,0.5652537
0,27240,0.56491303
0,27250,0.56457263
0,27260,0.5642324
0,27270,0.5638924
0,27280,0.5635527
0,27290,0.5632131
0,27300,0.5628737
0,27310,0.5625346
0,27320,0.56219566
0,27330,0.561857
0,27340,0.56151843
0,27350,0.5611802
0,27360,0.5608421
0,27370,0.56050426
0,27380,0.5601666
0,27390,0.5598291
0,27400,0.55949193
0,27410,0.55915487
0,27420,0.5588181
0,27430,0.5584815
0,27440,0.5581451
0,27450,0.55780894
0,27460,0.55747294
0,27470,0.5571372
0,27480,0.5568017
0,27490,0.55646634
0,27500,0.5561312
0,27510,0.55579627
0,27520,0.5554616
0,27530,0.5551271
0,27540,0.5547928
0,27550,0.55445874
0,27560,0.55412483
0,27570,0.55379117
0,27580,0.55345774
0,27590,0.5531245
0,27600,0.5527915
0,27610,0.55245864
0,27620,0.552126
0,27630,0.5517936
0,27640,0.5514614
0,27650,0.5511294
0,27660,0.5507976
0,27670,0.550466
0,27680,0.5501346
0,27690,0.54980344
0,27700,0.5494725
0,27710,0.5491417
0,27720,0.5488112
0,27730,0.5484808
0,27740,0.54815066
0,27750,0.54782075
0,27760,0.547491
0,27770,0.5471615
0,27780,0.54683214
0,27790,0.54650307
0,27800,0.54617417
0,27810,0.54584545
0,27820,0.54551697
0,27830,0.54518867
0,27840,0.54486054
0,27850,0.54453266
0,27860,0.54420495
0,27870,0.5438775
0,27880,0.5435502
0,27890,0.54322314
0,27900,0.5428963
0,27910,0.5425696
0,27920,0.5422431
0,27930,0.54191685
0,27940,0.5415908
0,27950,0.54126495
0,27960,0.5409393
0,27970,0.54061383
0,27980,0.54028857
0,27990,0.53996354
0,28000,0.5396387
0,28010,0.53931403
0,28020,0.5389896
0,28030,0.53866535
0,28040,0.5383413
0,28050,0.53801745
0,28060,0.5376938
0,28070,0.5373704
0,28080,0.53704715
0,28090,0.5367241
0,28100,0.5364013
0,28110,0.53607863
0,28120,0.5357562
0,28130,0.53543395
0,28140,0.5351119
0,28150,0.53479004
0,28160,0.5344684
0,28170,0.53414696
0,28180,0.5338257
0,28190,0.53350466
0,28200,0.5331838
0,28210,0.5328632
0,28220,0.5325427
0,28230,0.53222245
0,28240,0.53190243
0,28250,0.53158253
0,28260,0.5312629
0,28270,0.53094345
0,28280,0.53062415
0,28290,0.5303051
0,28300,0.52998626
0,28310,0.52966756
0,28320,0.5293491
0,28330,0.5290308
0,28340,0.52871275
0,28350,0.5283948
0,28360,0.5280771
0,28370,0.5277597
0,28380,0.52744234
0,28390,0.52712524
0,28400,0.5268083
0,28410,0.52649164
0,28420,0.52617514
0,28430,0.5258588
0,28440,0.5255427
0,28450,0.5252267
0,28460,0.524911
0,28470,0.52459544
0,28480,0.52428013
0,28490,0.52396494
0,28500,0.52365
0,28510,0.5233352
0,28520,0.5230207
0,28530,0.5227063
0,28540,0.5223921
0,28550,0.5220781
0,28560,0.52176434
0,28570,0.5214507
0,28580,0.5211373
0,28590,0.5208241
0,28600,0.5205111
0,28610,0.5201982
0,28620,0.5198856
0,28630,0.51957315
0,28640,0.5192609
0,28650,0.51894885
0,28660,0.518637
0,28670,0.51832527
0,28680,0.51801383
0,28690,0.5177025
0,28700,0.5173914
0,28710,0.5170805
0,28720,0.51676977
0,28730,0.5164592
0,28740,0.5161489
0,28750,0.51583874
0,28760,0.5155288
0,28770,0.51521903
0,28780,0.51490945
0,28790,0.5146001
0,28800,0.51429087
0,28810,0.5139819
0,28820,0.51367307
0,28830,0.51336443
0,28840,0.513056
0,28850,0.51274776
0,28860,0.51243967
0,28870,0.5121318
0,28880,0.51182413
0,28890,0.51151663
0,28900,0.51120937
0,28910,0.5109022
0,28920,0.5105953
0,28930,0.51028854
0,28940,0.509982
0,28950,0.5096756
0,28960,0.5093695
0,28970,0.5090635
0,28980,0.5087577
0,28990,0.50845206
0,29000,0.50814664
0,29010,0.5078414
0,29020,0.50753635
0,29030,0.50723153
0,29040,0.50692683
0,29050,0.5066223
0,29060,0.50631803
0,29070,0.50601393
0,29080,0.50571
0,29090,0.50540626
0,29100,0.5051027
0,29110,0.5047993
0,29120,0.50449616
0,29130,0.5041931
0,29140,0.50389034
0,29150,0.5035877
0,29160,0.5032852
0,29170,0.502983
0,29180,0.5026809
0,29190,0.50237906
0,29200,0.50207734
0,29210,0.5017758
0,29220,0.5014745
0,29230,0.5011733
0,29240,0.5008724
0,29250,0.50057155
0,29260,0.50027096
0,29270,0.49997056
0,29280,0.49967033
0,29290,0.49937028
0,29300,0.49907044
0,29310,0.49877074
0,29320,0.49847126
0,29330,0.49817193
0,29340,0.4978728
0,29350,0.49757385
0,29360,0.49727508
0,29370,0.4969765
0,29380,0.4966781
0,29390,0.49637988
0,29400,0.49608186
0,29410,0.49578398
0,29420,0.49548632
0,29430,0.49518883
0,29440,0.49489152
0,29450,0.4945944
0,29460,0.49429744
0,29470,0.4940007
0,29480,0.4937041
0,29490,0.49340773
0,29500,0.4931115
0,29510,0.49281546
0,29520,0.4925196
0,29530,0.49222392
0,29540,0.49192843
0,29550,0.4916331
0,29560,0.49133795
0,29570,0.491043
0,29580,0.49074823
0,29590,0.49045363
0,29600,0.4901592
0,29610,0.48986498
0,29620,0.48957092
0,29630,0.48927703
0,29640,0.48898333
0,29650,0.4886898
0,29660,0.48839647
0,29670,0.4881033
0,29680,0.48781034
0,29690,0.48751754
0,29700,0.4872249
0,29710,0.48693246
0,29720,0.4866402
0,29730,0.4863481
0,29740,0.48605618
0,29750,0.48576444
0,29760,0.4854729
0,29770,0.4851815
0,29780,0.48489028
0,29790,0.48459926
0,29800,0.48430842
0,29810,0.48401776
0,29820,0.48372725
0,29830,0.48343694
0,29840,0.4831468
0,29850,0.48285684
0,29860,0.48256704
0,29870,0.48227742
0,29880,0.481988
0,29890,0.48169875
0,29900,0.48140967
0,29910,0.48112077
0,29920,0.480832
0,29930,0.48054346
0,29940,0.4802551
0,29950,0.47996688
0,29960,0.47967887
0,29970,0.479391
0,29980,0.47910333
0,29990,0.47881582
0,30000,0.4785285
0,30010,0.47824135
0,30020,0.47795436
0,30030,0.47766757
0,30040,0.47738093
0,30050,0.47709447
0,30060,0.4768082
0,30070,0.4765221
0,30080,0.47623616
0,30090,0.4759504
0,30100,0.47566482
0,30110,0.4753794
0,30120,0.47509417
0,30130,0.4748091
0,30140,0.47452423
0,30150,0.4742395
0,30160,0.47395495
0,30170,0.47367057
0,30180,0.47338638
0,30190,0.47310236
0,30200,0.4728185
0,30210,0.47253484
0,30220,0.47225133
0,30230,0.471968
0,30240,0.4716848
0,30250,0.4714018
0,30260,0.47111902
0,30270,0.47083637
0,30280,0.47055387
0,30290,0.4702716
0,30300,0.46998945
0,30310,0.4697075
0,30320,0.46942568
0,30330,0.46914408
0,30340,0.46886262
0,30350,0.46858135
0,30360,0.46830022
0,30370,0.4680193
0,30380,0.46773854
0,30390,0.46745795
0,30400,0.4671775
0,30410,0.46689725
0,30420,0.46661717
0,30430,0.46633726
0,30440,0.4660575
0,30450,0.46577793
0,30460,0.46549854
0,30470,0.46521932
0,30480,0.46494025
0,30490,0.46466133
0,30500,0.46438262
0,30510,0.46410406
0,30520,0.46382567
0,30530,0.46354744
0,30540,0.46326938
0,30550,0.4629915
0,30560,0.4627138
0,30570,0.46243626
0,30580,0.4621589
0,30590,0.46188167
0,30600,0.46160462
0,30610,0.46132776
0,30620,0.46105105
0,30630,0.4607745
0,30640,0.46049815
0,30650,0.46022195
0,30660,0.45994592
0,30670,0.45967004
0,30680,0.45939434
0,30690,0.4591188
0,30700,0.45884344
0,30710,0.45856825
0,30720,0.4582932
0,30730,0.45801833
0,30740,0.45774364
0,30750,0.4574691
0,30760,0.45719475
0,30770,0.45692056
0,30780,0.4566465
0,30790,0.45637265
0,30800,0.45609894
0,30810,0.45582542
0,30820,0.45555204
0,30830,0.45527884
0,30840,0.4550058
0,30850,0.45473292
0,30860,0.45446023
0,30870,0.4541877
0,30880,0.4539153
0,30890,0.45364308
0,30900,0.45337105
0,30910,0.45309916
0,30920,0.45282745
0,30930,0.4525559
0,30940,0.4522845
0,30950,0.45201328
0,30960,0.4517422
0,30970,0.45147133
0,30980,0.45120057
0,30990,0.45093003
0,31000,0.4506596
0,31010,0.4503894
0,31020,0.4501193
0,31030,0.44984937
0,31040,0.44957963
0,31050,0.44931003
0,31060,0.44904062
0,31070,0.44877136
0,31080,0.44850227
0,31090,0.44823334
0,31100,0.44796455
0,31110,0.44769594
0,31120,0.4474275
0,31130,0.4471592
0,31140,0.4468911
0,31150,0.44662315
0,31160,0.44635534
0,31170,0.4460877
0,31180,0.4458202
0,31190,0.44555292
0,31200,0.44528577
0,31210,0.44501877
0,31220,0.44475195
0,31230,0.44448528
0,31240,0.44421878
0,31250,0.44395244
0,31260,0.44368625
0,31270,0.44342023
0,31280,0.44315436
0,31290,0.44288868
0,31300,0.44262314
0,31310,0.44235775
0,31320,0.44209254
0,31330,0.44182748
0,31340,0.4415626
0,31350,0.44129786
0,31360,0.44103327
0,31370,0.44076887
0,31380,0.4405046
0,31390,0.4402405
0,31400,0.43997657
0,31410,0.4397128
0,31420,0.4394492
0,31430,0.4391857
0,31440,0.4389224
0,31450,0.43865928
0,31460,0.4383963
0,31470,0.43813348
0,31480,0.4378708
0,31490,0.4376083
0,31500,0.43734595
0,31510,0.43708378
0,31520,0.43682176
0,31530,0.4365599
0,31540,0.43629816
0,31550,0.43603662
0,31560,0.43577522
0,31570,0.43551397
0,31580,0.4352529
0,31590,0.434992
0,31600,0.43473122
0,31610,0.4344706
0,31620,0.43421015
0,31630,0.43394986
0,31640,0.43368974
0,31650,0.43342975
0,31660,0.43316993
0,31670,0.43291026
0,31680,0.43265077
0,31690,0.4323914
0,31700,0.4321322
0,31710,0.43187317
0,31720,0.4316143
0,31730,0.43135557
0,31740,0.431097
0,31750,0.43083858
0,31760,0.43058035
0,31770,0.43032223
0,31780,0.4300643
0,31790,0.4298065
0,31800,0.4295489
0,31810,0.4292914
0,31820,0.42903408
0,31830,0.42877692
0,31840,0.4285199
0,31850,0.42826304
0,31860,0.42800635
0,31870,0.4277498
0,31880,0.42749342
0,31890,0.42723718
0,31900,0.4269811
0,31910,0.42672518
0,31920,0.4264694
0,31930,0.42621377
0,31940,0.4259583
0,31950,0.42570302
0,31960,0.42544785
0,31970,0.42519286
0,31980,0.42493802
0,31990,0.4246833
0,32000,0.4244288
0,32010,0.4241744
0,32020,0.42392015
0,32030,0.4236661
0,32040,0.42341214
0,32050,0.42315838
0,32060,0.42290476
0,32070,0.4226513
0,32080,0.422398
0,32090,0.42214483
0,32100,0.4218918
0,32110,0.42163897
0,32120,0.42138627
0,32130,0.42113373
0,32140,0.42088133
0,32150,0.42062908
0,32160,0.420377
0,32170,0.42012504
0,32180,0.41987324
0,32190,0.41962162
0,32200,0.41937014
0,32210,0.4191188
0,32220,0.41886762
0,32230,0.4186166
0,32240,0.41836572
0,32250,0.418115
0,32260,0.4178644
0,32270,0.41761398
0,32280,0.4173637
0,32290,0.41711357
0,32300,0.41686362
0,32310,0.4166138
0,32320,0.41636413
0,32330,0.4161146
0,32340,0.41586524
0,32350,0.415616
0,32360,0.41536695
0,32370,0.41511804
0,32380,0.41486925
0,32390,0.41462064
0,32400,0.41437218
0,32410,0.41412386
0,32420,0.41387567
0,32430,0.41362765
0,32440,0.4133798
0,32450,0.41313207
0,32460,0.4128845
0,32470,0.41263708
0,32480,0.4123898
0,32490,0.4121427
0,32500,0.41189572
0,32510,0.4116489
0,32520,0.41140223
0,32530,0.41115567
0,32540,0.4109093
0,32550,0.41066307
0,32560,0.410417
0,32570,0.41017106
0,32580,0.40992528
0,32590,0.40967962
0,32600,0.40943414
0,32610,0.4091888
0,32620,0.40894362
0,32630,0.40869856
0,32640,0.40845367
0,32650,0.4082089
0,32660,0.40796432
0,32670,0.40771985
0,32680,0.40747556
0,32690,0.4072314
0,32700,0.40698737
0,32710,0.4067435
0,32720,0.4064998
0,32730,0.40625623
0,32740,0.4060128
0,32750,0.4057695
0,32760,0.40552637
0,32770,0.4052834
0,32780,0.40504056
0,32790,0.40479785
0,32800,0.40455532
0,32810,0.4043129
0,32820,0.40407065
0,32830,0.40382853
0,32840,0.4035866
0,32850,0.40334475
0,32860,0.40310308
0,32870,0.40286157
0,32880,0.4026202
0,32890,0.40237895
0,32900,0.40213788
0,32910,0.40189692
0,32920,0.40165612
0,32930,0.40141547
0,32940,0.40117496
0,32950,0.40093458
0,32960,0.40069437
0,32970,0.40045428
0,32980,0.40021437
0,32990,0.39997458
0,33000,0.39973494
0,33010,0.39949545
0,33020,0.39925608
0,33030,0.3990169
0,33040,0.3987778
0,33050,0.3985389
0,33060,0.3983001
0,33070,0.39806148
0,33080,0.397823
0,33090,0.39758465
0,33100,0.39734644
0,33110,0.39710838
0,33120,0.39687046
0,33130,0.3966327
0,33140,0.39639506
0,33150,0.3961576
0,33160,0.39592025
0,33170,0.39568305
0,33180,0.395446
0,33190,0.39520907
0,33200,0.3949723
0,33210,0.39473566
0,33220,0.39449918
0,33230,0.39426285
0,33240,0.39402664
0,33250,0.39379057
0,33260,0.39355466
0,33270,0.3933189
0,33280,0.39308324
0,33290,0.39284778
0,33300,0.39261243
0,33310,0.3923772
0,33320,0.39214215
0,33330,0.39190722
0,33340,0.39167243
0,33350,0.3914378
0,33360,0.39120328
0,33370,0.39096892
0,33380,0.3907347
0,33390,0.39050063
0,33400,0.3902667
0,33410,0.39003292
0,33420,0.38979924
0,33430,0.38956574
0,33440,0.38933235
0,33450,0.38909912
0,33460,0.38886604
0,33470,0.38863307
0,33480,0.38840026
0,33490,0.3881676
0,33500,0.38793507
0,33510,0.38770267
0,33520,0.38747042
0,33530,0.38723832
0,33540,0.38700634
0,33550,0.3867745
0,33560,0.3865428
0,33570,0.38631126
0,33580,0.38607985
0,33590,0.38584855
0,33600,0.38561743
0,33610,0.38538644
0,33620,0.3851556
0,33630,0.38492486
0,33640,0.38469428
0,33650,0.38446385
0,33660,0.38423353
0,33670,0.38400337
0,33680,0.38377333
0,33690,0.38354346
0,33700,0.38331372
0,33710,0.3830841
0,33720,0.3828546
0,33730,0.38262528
0,33740,0.3823961
0,33750,0.38216704
0,33760,0.3819381
0,33770,0.38170934
0,33780,0.3814807
0,33790,0.38125217
0,33800,0.3810238
0,33810,0.38079557
0,33820,0.38056746
0,33830,0.3803395
0,33840,0.3801117
0,33850,0.379884
0,33860,0.37965646
0,33870,0.37942904
0,33880,0.37920177
0,33890,0.37897465
0,33900,0.37874764
0,33910,0.3785208
0,33920,0.37829405
0,33930,0.37806746
0,33940,0.377841
0,33950,0.37761468
0,33960,0.3773885
0,33970,0.37716246
0,33980,0.37693655
0,33990,0.37671077
0,34000,0.37648514
0,34010,0.37625962
0,34020,0.37603426
0,34030,0.37580904
0,34040,0.37558395
0,34050,0.375359
0,34060,0.37513417
0,34070,0.37490946
0,34080,0.37468493
0,34090,0.3744605
0,34100,0.37423623
0,34110,0.37401205
0,34120,0.37378806
0,34130,0.37356418
0,34140,0.37334043
0,34150,0.37311682
0,34160,0.37289333
0,34170,0.37267
0,34180,0.37244678
0,34190,0.3722237
0,34200,0.37200078
0,34210,0.37177798
0,34220,0.3715553
0,34230,0.37133276
0,34240,0.37111035
0,34250,0.37088808
0,34260,0.37066597
0,34270,0.37044394
0,34280,0.3702221
0,34290,0.37000036
0,34300,0.36977875
0,34310,0.3695573
0,34320,0.36933595
0,34330,0.36911473
0,34340,0.36889368
0,34350,0.36867273
0,34360,0.36845192
0,34370,0.36823127
0,34380,0.36801073
0,34390,0.3677903
0,34400,0.36757004
0,34410,0.3673499
0,34420,0.3671299
0,34430,0.36691
0,34440,0.36669028
0,34450,0.36647066
0,34460,0.3662512
0,34470,0.36603183
0,34480,0.36581263
0,34490,0.36559355
0,34500,0.3653746
0,34510,0.36515576
0,34520,0.36493707
0,34530,0.36471853
0,34540,0.3645001
0,34550,0.3642818
0,34560,0.36406365
0,34570,0.36384562
0,34580,0.3636277
0,34590,0.36340994
0,34600,0.3631923
0,34610,0.3629748
0,34620,0.3627574
0,34630,0.36254016
0,34640,0.36232305
0,34650,0.36210606
0,34660,0.3618892
0,34670,0.3616725
0,34680,0.3614559
0,34690,0.36123943
0,34700,0.3610231
0,34710,0.36080688
0,34720,0.36059082
0,34730,0.36037487
0,34740,0.36015907
0,34750,0.35994336
0,34760,0.35972783
0,34770,0.3595124
0,34780,0.3592971
0,34790,0.35908192
0,34800,0.3588669
0,34810,0.358652
0,34820,0.3584372
0,34830,0.35822257
0,34840,0.35800803
0,34850,0.35779366
0,34860,0.35757938
0,34870,0.35736525
0,34880,0.35715124
0,34890,0.35693738
0,34900,0.35672364
0,34910,0.35651
0,34920,0.3562965
0,34930,0.35608315
0,34940,0.35586992
0,34950,0.3556568
0,34960,0.35544384
0,34970,0.355231
0,34980,0.35501826
0,34990,0.35480568
0,35000,0.3545932
0,35010,0.35438085
0,35020,0.35416865
0,35030,0.35395658
0,35040,0.3537446
0,35050,0.3535328
0,35060,0.35332108
0,35070,0.3531095
0,35080,0.35289806
0,35090,0.35268673
0,35100,0.35247555
0,35110,0.3522645
0,35120,0.35205355
0,35130,0.35184273
0,35140,0.35163203
0,35150,0.35142148
0,35160,0.35121104
0,35170,0.35100076
0,35180,0.35079056
0,35190,0.3505805
0,35200,0.3503706
0,35210,0.35016078
0,35220,0.34995112
0,35230,0.34974155
0,35240,0.34953213
0,35250,0.34932286
0,35260,0.34911367
0,35270,0.34890464
0,35280,0.3486957
0,35290,0.3484869
0,35300,0.34827825
0,35310,0.3480697
0,35320,0.3478613
0,35330,0.347653
0,35340,0.34744483
0,35350,0.34723678
0,35360,0.34702885
0,35370,0.34682107
0,35380,0.3466134
0,35390,0.34640586
0,35400,0.34619844
0,35410,0.34599113
0,35420,0.34578398
0,35430,0.34557694
0,35440,0.34537002
0,35450,0.34516323
0,35460,0.34495655
0,35470,0.34475
0,35480,0.34454358
0,35490,0.34433728
0,35500,0.3441311
0,35510,0.34392506
0,35520,0.34371912
0,35530,0.3435133
0,35540,0.34330764
0,35550,0.34310207
0,35560,0.34289664
0,35570,0.34269133
0,35580,0.34248614
0,35590,0.3422811
0,35600,0.34207615
0,35610,0.34187132
0,35620,0.34166664
0,35630,0.34146208
0,35640,0.34125763
0,35650,0.3410533
0,35660,0.3408491
0,35670,0.34064502
0,35680,0.34044105
0,35690,0.34023723
0,35700,0.3400335
0,35710,0.33982992
0,35720,0.33962646
0,35730,0.33942312
0,35740,0.3392199
0,35750,0.3390168
0,35760,0.3388138
0,35770,0.33861095
0,35780,0.33840823
0,35790,0.3382056
0,35800,0.33800313
0,35810,0.33780074
0,35820,0.3375985
0,35830,0.33739638
0,35840,0.33719435
0,35850,0.33699247
0,35860,0.3367907
0,35870,0.33658907
0,35880,0.33638757
0,35890,0.33618617
0,35900,0.3359849
0,35910,0.33578372
0,35920,0.3355827
0,35930,0.33538178
0,35940,0.33518097
0,35950,0.3349803
0,35960,0.33477974
0,35970,0.33457932
0,35980,0.33437902
0,35990,0.3341788
0,36000,0.33397874
0,36010,0.3337788
0,36020,0.33357897
0,36030,0.33337924
0,36040,0.33317965
0,36050,0.3329802
0,36060,0.33278084
0,36070,0.3325816
0,36080,0.3323825
0,36090,0.3321835
0,36100,0.3319846
0,36110,0.33178586
0,36120,0.33158723
0,36130,0.3313887
0,36140,0.33119032
0,36150,0.33099204
0,36160,0.3307939
0,36170,0.33059585
0,36180,0.33039793
0,36190,0.33020014
0,36200,0.33000246
0,36210,0.3298049
0,36220,0.32960743
0,36230,0.3294101
0,36240,0.3292129
0,36250,0.32901582
0,36260,0.32881886
0,36270,0.32862198
0,36280,0.32842526
0,36290,0.32822865
0,36300,0.32803214
0,36310,0.32783577
0,36320,0.32763952
0,36330,0.32744336
0,36340,0.32724735
0,36350,0.32705143
0,36360,0.32685563
0,36370,0.32665998
0,36380,0.3264644
0,36390,0.32626897
0,36400,0.32607365
0,36410,0.32587844
0,36420,0.32568336
0,36430,0.3254884
0,36440,0.32529354
0,36450,0.3250988
0,36460,0.3249042
0,36470,0.32470968
0,36480,0.3245153
0,36490,0.32432103
0,36500,0.3241269
0,36510,0.32393286
0,36520,0.32373893
0,36530,0.32354513
0,36540,0.32335144
0,36550,0.32315788
0,36560,0.32296443
0,36570,0.3227711
0,36580,0.32257786
0,36590,0.32238477
0,36600,0.32219177
0,36610,0.32199892
0,36620,0.32180616
0,36630,0.32161352
0,36640,0.321421
0,36650,0.3212286
0,36660,0.32103628
0,36670,0.3208441
0,36680,0.32065204
0,36690,0.3204601
0,36700,0.32026827
0,36710,0.32007656
0,36720,0.31988496
0,36730,0.31969348
0,36740,0.3195021
0,36750,0.31931084
0,36760,0.3191197
0,36770,0.31892866
0,36780,0.31873775
0,36790,0.31854695
0,36800,0.31835628
0,36810,0.31816572
0,36820,0.31797525
0,36830,0.3177849
0,36840,0.31759468
0,36850,0.31740457
0,36860,0.31721458
0,36870,0.3170247
0,36880,0.31683493
0,36890,0.31664526
0,36900,0.31645572
0,36910,0.3162663
0,36920,0.316077
0,36930,0.3158878
0,36940,0.3156987
0,36950,0.31550974
0,36960,0.31532088
0,36970,0.31513214
0,36980,0.3149435
0,36990,0.314755
0,37000,0.31456658
0,37010,0.3143783
0,37020,0.31419012
0,37030,0.31400204
0,37040,0.31381407
0,37050,0.31362626
0,37060,0.3134385
0,37070,0.3132509
0,37080,0.3130634
0,37090,0.31287602
0,37100,0.31268874
0,37110,0.31250158
0,37120,0.3123145
0,37130,0.3121276
0,37140,0.31194076
0,37150,0.31175405
0,37160,0.31156743
0,37170,0.31138095
0,37180,0.31119457
0,37190,0.3110083
0,37200,0.31082213
0,37210,0.3106361
0,37220,0.31045017
0,37230,0.31026435
0,37240,0.31007862
0,37250,0.30989304
0,37260,0.30970755
0,37270,0.30952218
0,37280,0.3093369
0,37290,0.30915177
0,37300,0.30896673
0,37310,0.30878177
0,37320,0.30859697
0,37330,0.30841225
0,37340,0.30822766
0,37350,0.30804318
0,37360,0.3078588
0,37370,0.30767453
0,37380,0.30749038
0,37390,0.30730635
0,37400,0.3071224
0,37410,0.3069386
0,37420,0.3067549
0,37430,0.30657127
0,37440,0.30638778
0,37450,0.3062044
0,37460,0.30602112
0,37470,0.30583796
0,37480,0.3056549
0,37490,0.305472
0,37500,0.30528915
0,37510,0.30510643
0,37520,0.3049238
0,37530,0.30474132
0,37540,0.3045589
0,37550,0.30437663
0,37560,0.30419445
0,37570,0.3040124
0,37580,0.30383044
0,37590,0.3036486
0,37600,0.30346686
0,37610,0.30328524
0,37620,0.30310372
0,37630,0.3029223
0,37640,0.302741
0,37650,0.30255982
0,37660,0.30237874
0,37670,0.30219775
0,37680,0.30201688
0,37690,0.30183613
0,37700,0.30165547
0,37710,0.30147496
0,37720,0.3012945
0,37730,0.3011142
0,37740,0.300934
0,37750,0.30075386
0,37760,0.3005739
0,37770,0.30039397
0,37780,0.3002142
0,37790,0.30003452
0,37800,0.29985496
0,37810,0.2996755
0,37820,0.29949614
0,37830,0.2993169
0,37840,0.29913777
0,37850,0.29895875
0,37860,0.29877982
0,37870,0.298601
0,37880,0.2984223
0,37890,0.2982437
0,37900,0.29806522
0,37910,0.29788682
0,37920,0.29770854
0,37930,0.29753038
0,37940,0.2973523
0,37950,0.29717436
0,37960,0.2969965
0,37970,0.29681876
0,37980,0.29664114
0,37990,0.2964636
0,38000,0.2962862
0,38010,0.29610887
0,38020,0.29593167
0,38030,0.29575455
0,38040,0.29557756
0,38050,0.29540068
0,38060,0.2952239
0,38070,0.2950472
0,38080,0.29487064
0,38090,0.29469416
0,38100,0.29451782
0,38110,0.29434156
0,38120,0.2941654
0,38130,0.29398936
0,38140,0.29381344
0,38150,0.2936376
0,38160,0.29346186
0,38170,0.29328623
0,38180,0.29311073
0,38190,0.2929353
0,38200,0.29276
0,38210,0.2925848
0,38220,0.29240972
0,38230,0.29223475
0,38240,0.29205984
0,38250,0.29188508
0,38260,0.2917104
0,38270,0.29153582
0,38280,0.29136136
0,38290,0.29118702
0,38300,0.29101276
0,38310,0.2908386
0,38320,0.29066455
0,38330,0.29049063
0,38340,0.2903168
0,38350,0.29014304
0,38360,0.2899694
0,38370,0.2897959
0,38380,0.2896225
0,38390,0.28944916
0,38400,0.28927594
0,38410,0.28910285
0,38420,0.28892985
0,38430,0.28875694
0,38440,0.28858414
0,38450,0.28841144
0,38460,0.28823885
0,38470,0.2880664
0,38480,0.28789398
0,38490,0.28772172
0,38500,0.28754956
0,38510,0.28737748
0,38520,0.28720552
0,38530,0.28703365
0,38540,0.28686187
0,38550,0.2866902
0,38560,0.28651866
0,38570,0.2863472
0,38580,0.28617588
0,38590,0.2860046
0,38600,0.28583348
0,38610,0.28566244
0,38620,0.2854915
0,38630,0.28532067
0,38640,0.28514993
0,38650,0.28497928
0,38660,0.28480875
0,38670,0.28463835
0,38680,0.28446802
0,38690,0.2842978
0,38700,0.28412768
0,38710,0.28395766
0,38720,0.28378776
0,38730,0.28361794
0,38740,0.28344822
0,38750,0.2832786
0,38760,0.2831091
0,38770,0.2829397
0,38780,0.2827704
0,38790,0.2826012
0,38800,0.2824321
0,38810,0.2822631
0,38820,0.2820942
0,38830,0.2819254
0,38840,0.2817567
0,38850,0.2815881
0,38860,0.28141963
0,38870,0.28125122
0,38880,0.28108293
0,38890,0.28091475
0,38900,0.28074667
0,38910,0.28057867
0,38920,0.2804108
0,38930,0.280243
0,38940,0.2800753
0,38950,0.27990773
0,38960,0.27974024
0,38970,0.27957287
0,38980,0.2794056
0,38990,0.2792384
0,39000,0.27907133
0,39010,0.27890435
0,39020,0.27873746
0,39030,0.27857068
0,39040,0.278404
0,39050,0.2782374
0,39060,0.27807093
0,39070,0.27790454
0,39080,0.27773827
0,39090,0.2775721
0,39100,0.277406
0,39110,0.27724004
0,39120,0.27707416
0,39130,0.27690837
0,39140,0.27674267
0,39150,0.2765771
0,39160,0.27641162
0,39170,0.27624622
0,39180,0.27608094
0,39190,0.27591574
0,39200,0.27575067
0,39210,0.27558568
0,39220,0.27542078
0,39230,0.275256
0,39240,0.27509132
0,39250,0.27492672
0,39260,0.2747622
0,39270,0.27459782
0,39280,0.27443352
0,39290,0.27426934
0,39300,0.27410522
0,39310,0.27394125
0,39320,0.27377734
0,39330,0.27361354
0,39340,0.27344984
0,39350,0.27328622
0,39360,0.2731227
0,39370,0.2729593
0,39380,0.27279598
0,39390,0.27263278
0,39400,0.27246964
0,39410,0.27230662
0,39420,0.27214372
0,39430,0.27198088
0,39440,0.27181816
0,39450,0.27165553
0,39460,0.27149302
0,39470,0.27133057
0,39480,0.27116823
0,39490,0.271006
0,39500,0.27084386
0,39510,0.27068183
0,39520,0.27051988
0,39530,0.27035803
0,39540,0.27019626
0,39550,0.2700346
0,39560,0.26987305
0,39570,0.2697116
0,39580,0.26955023
0,39590,0.26938897
0,39600,0.2692278
0,39610,0.26906672
0,39620,0.26890576
0,39630,0.2687449
0,39640,0.2685841
0,39650,0.2684234
0,39660,0.2682628
0,39670,0.26810232
0,39680,0.26794192
0,39690,0.26778162
0,39700,0.26762143
0,39710,0.2674613
0,39720,0.2673013
0,39730,0.26714137
0,39740,0.26698157
0,39750,0.26682183
0,39760,0.2666622
0,39770,0.26650268
0,39780,0.26634324
0,39790,0.26618388
0,39800,0.26602465
0,39810,0.2658655
0,39820,0.26570645
0,39830,0.26554748
0,39840,0.2653886
0,39850,0.26522985
0,39860,0.26507118
0,39870,0.2649126
0,39880,0.26475412
0,39890,0.26459572
0,39900,0.26443744
0,39910,0.26427925
0,39920,0.26412115
0,39930,0.26396313
0,39940,0.2638052
0,39950,0.2636474
0,39960,0.26348966
0,39970,0.26333204
0,39980,0.2631745
0,39990,0.2630171
0,40000,0.26285973
0,40010,0.26270247
0,40020,0.26254532
0,40030,0.26238826
0,40040,0.2622313
0,40050,0.2620744
0,40060,0.26191765
0,40070,0.26176095
0,40080,0.26160437
0,40090,0.26144788
0,40100,0.26129147
0,40110,0.26113516
0,40120,0.26097894
0,40130,0.2608228
0,40140,0.2606668
0,40150,0.26051086
0,40160,0.26035503
0,40170,0.26019928
0,40180,0.26004362
0,40190,0.25988805
0,40200,0.25973257
0,40210,0.2595772
0,40220,0.25942194
0,40230,0.25926673
0,40240,0.25911164
0,40250,0.25895664
0,40260,0.25880173
0,40270,0.25864694
0,40280,0.2584922
0,40290,0.2583376
0,40300,0.25818303
0,40310,0.2580286
0,40320,0.25787425
0,40330,0.25772
0,40340,0.25756583
0,40350,0.25741175
0,40360,0.25725776
0,40370,0.2571039
0,40380,0.25695008
0,40390,0.2567964
0,40400,0.25664276
0,40410,0.25648925
0,40420,0.25633582
0,40430,0.2561825
0,40440,0.25602925
0,40450,0.2558761
0,40460,0.25572303
0,40470,0.25557005
0,40480,0.2554172
0,40490,0.2552644
0,40500,0.25511172
0,40510,0.2549591
0,40520,0.2548066
0,40530,0.2546542
0,40540,0.25450185
0,40550,0.25434962
0,40560,0.25419748
0,40570,0.25404543
0,40580,0.25389346
0,40590,0.2537416
0,40600,0.25358984
0,40610,0.25343814
0,40620,0.25328654
0,40630,0.25313506
0,40640,0.25298363
0,40650,0.2528323
0,40660,0.25268108
0,40670,0.25252992
0,40680,0.25237888
0,40690,0.25222793
0,40700,0.25207704
0,40710,0.25192627
0,40720,0.2517756
0,40730,0.25162497
0,40740,0.25147447
0,40750,0.25132406
0,40760,0.25117373
0,40770,0.2510235
0,40780,0.25087336
0,40790,0.2507233
0,40800,0.25057334
0,40810,0.25042346
0,40820,0.25027367
0,40830,0.25012398
0,40840,0.24997436
0,40850,0.24982484
0,40860,0.24967542
0,40870,0.24952608
0,40880,0.24937683
0,40890,0.24922767
0,40900,0.2490786
0,40910,0.24892962
0,40920,0.24878074
0,40930,0.24863194
0,40940,0.24848323
0,40950,0.2483346
0,40960,0.24818607
0,40970,0.24803762
0,40980,0.24788927
0,40990,0.247741
0,41000,0.24759282
0,41010,0.24744473
0,41020,0.24729674
0,41030,0.24714883
0,41040,0.247001
0,41050,0.24685328
0,41060,0.24670564
0,41070,0.24655809
0,41080,0.24641061
0,41090,0.24626324
0,41100,0.24611595
0,41110,0.24596874
0,41120,0.24582162
0,41130,0.24567461
0,41140,0.24552767
0,41150,0.24538082
0,41160,0.24523406
0,41170,0.24508739
0,41180,0.2449408
0,41190,0.24479431
0,41200,0.2446479
0,41210,0.24450158
0,41220,0.24435535
0,41230,0.2442092
0,41240,0.24406315
0,41250,0.24391718
0,41260,0.2437713
0,41270,0.2436255
0,41280,0.2434798
0,41290,0.24333417
0,41300,0.24318865
0,41310,0.2430432
0,41320,0.24289784
0,41330,0.24275258
0,41340,0.24260738
0,41350,0.24246229
0,41360,0.24231729
0,41370,0.24217236
0,41380,0.24202754
0,41390,0.24188279
0,41400,0.24173813
0,41410,0.24159355
0,41420,0.24144906
0,41430,0.24130467
0,41440,0.24116035
0,41450,0.24101612
0,41460,0.24087198
0,41470,0.24072793
0,41480,0.24058396
0,41490,0.24044009
0,41500,0.24029629
0,41510,0.24015257
0,41520,0.24000895
0,41530,0.23986542
0,41540,0.23972197
0,41550,0.2395786
0,41560,0.23943533
0,41570,0.23929213
0,41580,0.23914903
0,41590,0.23900601
0,41600,0.23886307
0,41610,0.23872022
0,41620,0.23857746
0,41630,0.23843479
0,41640,0.23829219
0,41650,0.23814969
0,41660,0.23800726
0,41670,0.23786493
0,41680,0.23772268
0,41690,0.23758052
0,41700,0.23743844
0,41710,0.23729645
0,41720,0.23715454
0,41730,0.23701271
0,41740,0.23687097
0,41750,0.23672932
0,41760,0.23658776
0,41770,0.23644628
0,41780,0.23630488
0,41790,0.23616356
0,41800,0.23602234
0,41810,0.2358812
0,41820,0.23574013
0,41830,0.23559916
0,41840,0.23545827
0,41850,0.23531747
0,41860,0.23517674
0,41870,0.2350361
0,41880,0.23489556
0,41890,0.23475508
0,41900,0.2346147
0,41910,0.2344744
0,41920,0.23433419
0,41930,0.23419406
0,41940,0.23405401
0,41950,0.23391405
0,41960,0.23377417
0,41970,0.23363438
0,41980,0.23349467
0,41990,0.23335505
0,42000,0.2332155
0,42010,0.23307604
0,42020,0.23293667
0,42030,0.23279737
0,42040,0.23265816
0,42050,0.23251905
0,42060,0.23238
0,42070,0.23224103
0,42080,0.23210217
0,42090,0.23196338
0,42100,0.23182467
0,42110,0.23168604
0,42120,0.2315475
0,42130,0.23140904
0,42140,0.23127067
0,42150,0.23113237
0,42160,0.23099416
0,42170,0.23085605
0,42180,0.230718
0,42190,0.23058003
0,42200,0.23044217
0,42210,0.23030436
0,42220,0.23016666
0,42230,0.23002902
0,42240,0.22989148
0,42250,0.22975402
0,42260,0.22961663
0,42270,0.22947933
0,42280,0.22934212
0,42290,0.22920498
0,42300,0.22906792
0,42310,0.22893097
0,42320,0.22879407
0,42330,0.22865726
0,42340,0.22852054
0,42350,0.2283839
0,42360,0.22824734
0,42370,0.22811086
0,42380,0.22797446
0,42390,0.22783816
0,42400,0.22770192
0,42410,0.22756577
0,42420,0.2274297
0,42430,0.22729371
0,42440,0.2271578
0,42450,0.22702199
0,42460,0.22688624
0,42470,0.22675058
0,42480,0.226615
0,42490,0.2264795
0,42500,0.2263441
0,42510,0.22620875
0,42520,0.2260735
0,42530,0.22593832
0,42540,0.22580323
0,42550,0.22566822
0,42560,0.22553329
0,42570,0.22539844
0,42580,0.22526367
0,42590,0.225129
0,42600,0.22499438
0,42610,0.22485985
0,42620,0.22472541
0,42630,0.22459105
0,42640,0.22445676
0,42650,0.22432256
0,42660,0.22418843
0,42670,0.2240544
0,42680,0.22392043
0,42690,0.22378655
0,42700,0.22365275
0,42710,0.22351903
0,42720,0.2233854
0,42730,0.22325183
0,42740,0.22311835
0,42750,0.22298495
0,42760,0.22285163
0,42770,0.22271839
0,42780,0.22258523
0,42790,0.22245215
0,42800,0.22231916
0,42810,0.22218624
0,42820,0.2220534
0,42830,0.22192064
0,42840,0.22178796
0,42850,0.22165535
0,42860,0.22152282
0,42870,0.22139038
0,42880,0.22125803
0,42890,0.22112574
0,42900,0.22099353
0,42910,0.22086142
0,42920,0.22072937
0,42930,0.2205974
0,42940,0.22046551
0,42950,0.22033371
0,42960,0.22020198
0,42970,0.22007033
0,42980,0.21993876
0,42990,0.21980727
0,43000,0.21967585
0,43010,0.21954452
0,43020,0.21941327
0,43030,0.21928209
0,43040,0.21915099
0,43050,0.21901998
0,43060,0.21888903
0,43070,0.21875817
0,43080,0.2186274
0,43090,0.21849668
0,43100,0.21836606
0,43110,0.21823551
0,43120,0.21810503
0,43130,0.21797465
0,43140,0.21784434
0,43150,0.2177141
0,43160,0.21758394
0,43170,0.21745387
0,43180,0.21732387
0,43190,0.21719395
0,43200,0.2170641
0,43210,0.21693432
0,43220,0.21680464
0,43230,0.21667503
0,43240,0.21654549
0,43250,0.21641605
0,43260,0.21628666
0,43270,0.21615736
0,43280,0.21602814
0,43290,0.21589899
0,43300,0.21576993
0,43310,0.21564095
0,43320,0.21551202
0,43330,0.21538319
0,43340,0.21525444
0,43350,0.21512575
0,43360,0.21499716
0,43370,0.21486862
0,43380,0.21474017
0,43390,0.2146118
0,43400,0.21448351
0,43410,0.21435529
0,43420,0.21422715
0,43430,0.21409908
0,43440,0.2139711
0,43450,0.21384318
0,43460,0.21371536
0,43470,0.2135876
0,43480,0.21345991
0,43490,0.21333231
0,43500,0.21320479
0,43510,0.21307734
0,43520,0.21294996
0,43530,0.21282266
0,43540,0.21269543
0,43550,0.2125683
0,43560,0.21244122
0,43570,0.21231423
0,43580,0.21218732
0,43590,0.21206048
0,43600,0.21193372
0,43610,0.21180703
0,43620,0.21168041
0,43630,0.21155387
0,43640,0.21142742
0,43650,0.21130103
0,43660,0.21117473
0,43670,0.2110485
0,43680,0.21092233
0,43690,0.21079625
0,43700,0.21067025
0,43710,0.21054432
0,43720,0.21041846
0,43730,0.21029268
0,43740,0.21016699
0,43750,0.21004136
0,43760,0.2099158
0,43770,0.20979033
0,43780,0.20966493
0,43790,0.2095396
0,43800,0.20941435
0,43810,0.20928918
0,43820,0.20916407
0,43830,0.20903905
0,43840,0.2089141
0,43850,0.20878921
0,43860,0.20866442
0,43870,0.2085397
0,43880,0.20841505
0,43890,0.20829046
0,43900,0.20816596
0,43910,0.20804153
0,43920,0.20791718
0,43930,0.20779291
0,43940,0.2076687
0,43950,0.20754458
0,43960,0.20742051
0,43970,0.20729654
0,43980,0.20717263
0,43990,0.2070488
0,44000,0.20692505
0,44010,0.20680137
0,44020,0.20667775
0,44030,0.20655422
0,44040,0.20643076
0,44050,0.20630738
0,44060,0.20618406
0,44070,0.20606083
0,44080,0.20593767
0,44090,0.20581457
0,44100,0.20569156
0,44110,0.20556861
0,44120,0.20544575
0,44130,0.20532295
0,44140,0.20520023
0,44150,0.20507759
0,44160,0.20495501
0,44170,0.20483251
0,44180,0.20471008
0,44190,0.20458773
0,44200,0.20446545
0,44210,0.20434324
0,44220,0.20422111
0,44230,0.20409904
0,44240,0.20397706
0,44250,0.20385516
0,44260,0.20373331
0,44270,0.20361154
0,44280,0.20348985
0,44290,0.20336823
0,44300,0.20324668
0,44310,0.20312521
0,44320,0.20300381
0,44330,0.20288247
0,44340,0.20276122
0,44350,0.20264003
0,44360,0.20251893
0,44370,0.20239788
0,44380,0.20227692
0,44390,0.20215602
0,44400,0.2020352
0,44410,0.20191446
0,44420,0.20179377
0,44430,0.20167318
0,44440,0.20155264
0,44450,0.20143218
0,44460,0.2013118
0,44470,0.20119148
0,44480,0.20107125
0,44490,0.20095107
0,44500,0.20083098
0,44510,0.20071095
0,44520,0.200591
0,44530,0.20047112
0,44540,0.20035131
0,44550,0.20023157
0,44560,0.20011191
0,44570,0.19999231
0,44580,0.19987279
0,44590,0.19975334
0,44600,0.19963396
0,44610,0.19951466
0,44620,0.19939542
0,44630,0.19927625
0,44640,0.19915716
0,44650,0.19903813
0,44660,0.19891919
0,44670,0.19880031
0,44680,0.1986815
0,44690,0.19856277
0,44700,0.1984441
0,44710,0.19832551
0,44720,0.19820699
0,44730,0.19808854
0,44740,0.19797015
0,44750,0.19785185
0,44760,0.19773361
0,44770,0.19761544
0,44780,0.19749735
0,44790,0.19737932
0,44800,0.19726136
0,44810,0.19714348
0,44820,0.19702567
0,44830,0.19690792
0,44840,0.19679026
0,44850,0.19667266
0,44860,0.19655512
0,44870,0.19643767
0,44880,0.19632028
0,44890,0.19620296
0,44900,0.1960857
0,44910,0.19596852
0,44920,0.19585143
0,44930,0.19573438
0,44940,0.19561742
0,44950,0.19550052
0,44960,0.1953837
0,44970,0.19526693
0,44980,0.19515026
0,44990,0.19503364
0,45000,0.19491708
0,45010,0.19480062
0,45020,0.1946842
0,45030,0.19456786
0,45040,0.1944516
0,45050,0.1943354
0,45060,0.19421928
0,45070,0.19410321
0,45080,0.19398722
0,45090,0.1938713
0,45100,0.19375546
0,45110,0.19363968
0,45120,0.19352397
0,45130,0.19340833
0,45140,0.19329275
0,45150,0.19317725
0,45160,0.19306181
0,45170,0.19294645
0,45180,0.19283116
0,45190,0.19271594
0,45200,0.19260079
0,45210,0.19248569
0,45220,0.19237067
0,45230,0.19225572
0,45240,0.19214085
0,45250,0.19202603
0,45260,0.1919113
0,45270,0.19179662
0,45280,0.19168201
0,45290,0.19156748
0,45300,0.19145301
0,45310,0.19133861
0,45320,0.19122428
0,45330,0.19111003
0,45340,0.19099583
0,45350,0.1908817
0,45360,0.19076765
0,45370,0.19065367
0,45380,0.19053975
0,45390,0.19042589
0,45400,0.19031212
0,45410,0.19019839
0,45420,0.19008476
0,45430,0.18997118
0,45440,0.18985766
0,45450,0.18974422
0,45460,0.18963085
0,45470,0.18951754
0,45480,0.18940431
0,45490,0.18929113
0,45500,0.18917803
0,45510,0.18906501
0,45520,0.18895204
0,45530,0.18883914
0,45540,0.18872632
0,45550,0.18861355
0,45560,0.18850085
0,45570,0.18838823
0,45580,0.18827567
0,45590,0.18816318
0,45600,0.18805075
0,45610,0.18793839
0,45620,0.18782611
0,45630,0.18771389
0,45640,0.18760173
0,45650,0.18748964
0,45660,0.18737762
0,45670,0.18726566
0,45680,0.18715379
0,45690,0.18704197
0,45700,0.18693021
0,45710,0.18681853
0,45720,0.18670692
0,45730,0.18659537
0,45740,0.18648387
0,45750,0.18637246
0,45760,0.18626112
0,45770,0.18614984
0,45780,0.18603861
0,45790,0.18592747
0,45800,0.18581638
0,45810,0.18570536
0,45820,0.18559441
0,45830,0.18548353
0,45840,0.18537271
0,45850,0.18526196
0,45860,0.18515128
0,45870,0.18504067
0,45880,0.18493012
0,45890,0.18481962
0,45900,0.1847092
0,45910,0.18459886
0,45920,0.18448858
0,45930,0.18437836
0,45940,0.1842682
0,45950,0.18415812
0,45960,0.18404809
0,45970,0.18393813
0,45980,0.18382825
0,45990,0.18371843
0,46000,0.18360867
0,46010,0.18349898
0,46020,0.18338935
0,46030,0.18327978
0,46040,0.18317029
0,46050,0.18306087
0,46060,0.18295151
0,46070,0.18284221
0,46080,0.18273297
0,46090,0.1826238
0,46100,0.18251471
0,46110,0.18240568
0,46120,0.18229671
0,46130,0.1821878
0,46140,0.18207896
0,46150,0.1819702
0,46160,0.18186148
0,46170,0.18175283
0,46180,0.18164426
0,46190,0.18153575
0,46200,0.1814273
0,46210,0.18131891
0,46220,0.18121059
0,46230,0.18110235
0,46240,0.18099415
0,46250,0.18088603
0,46260,0.18077798
0,46270,0.18066998
0,46280,0.18056205
0,46290,0.1804542
0,46300,0.18034638
0,46310,0.18023866
0,46320,0.18013099
0,46330,0.18002339
0,46340,0.17991585
0,46350,0.17980836
0,46360,0.17970096
0,46370,0.17959361
0,46380,0.17948632
0,46390,0.1793791
0,46400,0.17927195
0,46410,0.17916487
0,46420,0.17905784
0,46430,0.17895088
0,46440,0.17884398
0,46450,0.17873715
0,46460,0.17863038
0,46470,0.17852367
0,46480,0.17841704
0,46490,0.17831045
0,46500,0.17820394
0,46510,0.1780975
0,46520,0.1779911
0,46530,0.17788479
0,46540,0.17777854
0,46550,0.17767234
0,46560,0.17756622
0,46570,0.17746015
0,46580,0.17735414
0,46590,0.17724821
0,46600,0.17714234
0,46610,0.17703652
0,46620,0.17693077
0,46630,0.17682509
0,46640,0.17671946
0,46650,0.17661391
0,46660,0.17650841
0,46670,0.17640299
0,46680,0.1762976
0,46690,0.17619231
0,46700,0.17608707
0,46710,0.1759819
0,46720,0.17587677
0,46730,0.17577171
0,46740,0.17566673
0,46750,0.1755618
0,46760,0.17545694
0,46770,0.17535214
0,46780,0.1752474
0,46790,0.17514274
0,46800,0.17503811
0,46810,0.17493357
0,46820,0.17482908
0,46830,0.17472465
0,46840,0.1746203
0,46850,0.17451599
0,46860,0.17441176
0,46870,0.17430758
0,46880,0.17420347
0,46890,0.17409943
0,46900,0.17399545
0,46910,0.17389151
0,46920,0.17378765
0,46930,0.17368387
0,46940,0.17358012
0,46950,0.17347644
0,46960,0.17337283
0,46970,0.17326929
0,46980,0.1731658
0,46990,0.17306237
0,47000,0.17295901
0,47010,0.1728557
0,47020,0.17275247
0,47030,0.1726493
0,47040,0.17254618
0,47050,0.17244312
0,47060,0.17234012
0,47070,0.1722372
0,47080,0.17213432
0,47090,0.17203152
0,47100,0.17192878
0,47110,0.1718261
0,47120,0.17172347
0,47130,0.1716209
0,47140,0.17151842
0,47150,0.17141597
0,47160,0.1713136
0,47170,0.17121129
0,47180,0.17110904
0,47190,0.17100684
0,47200,0.17090471
0,47210,0.17080264
0,47220,0.17070064
0,47230,0.17059869
0,47240,0.1704968
0,47250,0.17039497
0,47260,0.17029321
0,47270,0.17019151
0,47280,0.17008987
0,47290,0.16998829
0,47300,0.16988677
0,47310,0.1697853
0,47320,0.16968392
0,47330,0.16958258
0,47340,0.1694813
0,47350,0.16938008
0,47360,0.16927893
0,47370,0.16917785
0,47380,0.1690768
0,47390,0.16897583
0,47400,0.16887492
0,47410,0.16877407
0,47420,0.16867328
0,47430,0.16857255
0,47440,0.16847187
0,47450,0.16837128
0,47460,0.16827072
0,47470,0.16817023
0,47480,0.16806981
0,47490,0.16796944
0,47500,0.16786912
0,47510,0.16776888
0,47520,0.1676687
0,47530,0.16756856
0,47540,0.1674685
0,47550,0.16736849
0,47560,0.16726854
0,47570,0.16716866
0,47580,0.16706882
0,47590,0.16696906
0,47600,0.16686936
0,47610,0.1667697
0,47620,0.16667011
0,47630,0.16657059
0,47640,0.16647112
0,47650,0.1663717
0,47660,0.16627236
0,47670,0.16617307
0,47680,0.16607384
0,47690,0.16597468
0,47700,0.16587555
0,47710,0.1657765
0,47720,0.16567752
0,47730,0.16557859
0,47740,0.1654797
0,47750,0.1653809
0,47760,0.16528215
0,47770,0.16518344
0,47780,0.16508481
0,47790,0.16498624
0,47800,0.16488771
0,47810,0.16478926
0,47820,0.16469085
0,47830,0.16459252
0,47840,0.16449423
0,47850,0.164396
0,47860,0.16429785
0,47870,0.16419974
0,47880,0.16410169
0,47890,0.1640037
0,47900,0.16390577
0,47910,0.16380791
0,47920,0.1637101
0,47930,0.16361234
0,47940,0.16351464
0,47950,0.16341701
0,47960,0.16331944
0,47970,0.16322193
0,47980,0.16312446
0,47990,0.16302706
0,48000,0.16292971
0,48010,0.16283244
0,48020,0.16273521
0,48030,0.16263804
0,48040,0.16254093
0,48050,0.16244388
0,48060,0.16234688
0,48070,0.16224995
0,48080,0.16215308
0,48090,0.16205625
0,48100,0.1619595
0,48110,0.16186279
0,48120,0.16176616
0,48130,0.16166957
0,48140,0.16157304
0,48150,0.16147657
0,48160,0.16138016
0,48170,0.16128379
0,48180,0.1611875
0,48190,0.16109127
0,48200,0.16099508
0,48210,0.16089895
0,48220,0.16080289
0,48230,0.16070688
0,48240,0.16061093
0,48250,0.16051504
0,48260,0.16041921
0,48270,0.16032343
0,48280,0.1602277
0,48290,0.16013204
0,48300,0.16003643
0,48310,0.15994088
0,48320,0.1598454
0,48330,0.15974997
0,48340,0.15965459
0,48350,0.15955926
0,48360,0.159464
0,48370,0.1593688
0,48380,0.15927365
0,48390,0.15917856
0,48400,0.15908353
0,48410,0.15898855
0,48420,0.15889363
0,48430,0.15879877
0,48440,0.15870397
0,48450,0.15860921
0,48460,0.15851451
0,48470,0.15841989
0,48480,0.15832531
0,48490,0.15823078
0,48500,0.15813632
0,48510,0.15804191
0,48520,0.15794756
0,48530,0.15785326
0,48540,0.15775903
0,48550,0.15766485
0,48560,0.15757072
0,48570,0.15747665
0,48580,0.15738264
0,48590,0.15728869
0,48600,0.15719478
0,48610,0.15710095
0,48620,0.15700716
0,48630,0.15691341
0,48640,0.15681975
0,48650,0.15672612
0,48660,0.15663256
0,48670,0.15653905
0,48680,0.15644561
0,48690,0.15635222
0,48700,0.15625888
0,48710,0.1561656
0,48720,0.15607236
0,48730,0.1559792
0,48740,0.15588608
0,48750,0.15579303
0,48760,0.15570003
0,48770,0.15560707
0,48780,0.15551418
0,48790,0.15542135
0,48800,0.15532857
0,48810,0.15523584
0,48820,0.15514317
0,48830,0.15505056
0,48840,0.15495801
0,48850,0.1548655
0,48860,0.15477306
0,48870,0.15468067
0,48880,0.15458834
0,48890,0.15449606
0,48900,0.15440384
0,48910,0.15431166
0,48920,0.15421955
0,48930,0.1541275
0,48940,0.1540355
0,48950,0.15394354
0,48960,0.15385164
0,48970,0.1537598
0,48980,0.15366803
0,48990,0.1535763
0,49000,0.15348463
0,49010,0.153393
0,49020,0.15330145
0,49030,0.15320994
0,49040,0.15311849
0,49050,0.15302709
0,49060,0.15293574
0,49070,0.15284446
0,49080,0.15275322
0,49090,0.15266204
0,49100,0.15257092
0,49110,0.15247984
0,49120,0.15238884
0,49130,0.15229787
0,49140,0.15220697
0,49150,0.15211612
0,49160,0.15202533
0,49170,0.15193458
0,49180,0.15184389
0,49190,0.15175326
0,49200,0.15166268
0,49210,0.15157215
0,49220,0.15148169
0,49230,0.15139127
0,49240,0.1513009
0,49250,0.1512106
0,49260,0.15112035
0,49270,0.15103015
0,49280,0.15094
0,49290,0.15084991
0,49300,0.15075988
0,49310,0.15066989
0,49320,0.15057996
0,49330,0.15049009
0,49340,0.15040027
0,49350,0.1503105
0,49360,0.15022078
0,49370,0.15013112
0,49380,0.15004152
0,49390,0.14995196
0,49400,0.14986247
0,49410,0.14977303
0,49420,0.14968364
0,49430,0.14959429
0,49440,0.14950502
0,49450,0.14941579
0,49460,0.14932661
0,49470,0.14923748
0,49480,0.14914842
0,49490,0.1490594
0,49500,0.14897044
0,49510,0.14888152
0,49520,0.14879267
0,49530,0.14870387
0,49540,0.14861512
0,49550,0.14852642
0,49560,0.14843778
0,49570,0.1483492
0,49580,0.14826065
0,49590,0.14817217
0,49600,0.14808373
0,49610,0.14799537
0,49620,0.14790703
0,49630,0.14781876
0,49640,0.14773054
0,49650,0.14764239
0,49660,0.14755426
0,49670,0.14746621
0,49680,0.1473782
0,49690,0.14729024
0,49700,0.14720234
0,49710,0.1471145
0,49720,0.1470267
0,49730,0.14693896
0,49740,0.14685127
0,49750,0.14676364
0,49760,0.14667605
0,49770,0.14658852
0,49780,0.14650103
0,49790,0.14641361
0,49800,0.14632623
0,49810,0.14623891
0,49820,0.14615163
0,49830,0.14606442
0,49840,0.14597724
0,49850,0.14589013
0,49860,0.14580308
0,49870,0.14571607
0,49880,0.14562911
0,49890,0.1455422
0,49900,0.14545535
0,49910,0.14536855
0,49920,0.1452818
0,49930,0.14519511
0,49940,0.14510846
0,49950,0.14502187
0,49960,0.14493532
0,49970,0.14484884
0,49980,0.1447624
0,49990,0.14467601
0,50000,0.14458969
0,50010,0.1445034
0,50020,0.14441718
0,50030,0.144331
0,50040,0.14424486
0,50050,0.1441588
0,50060,0.14407277
0,50070,0.1439868
0,50080,0.14390089
0,50090,0.14381501
0,50100,0.1437292
0,50110,0.14364344
0,50120,0.14355773
0,50130,0.14347206
0,50140,0.14338645
0,50150,0.14330089
0,50160,0.14321537
0,50170,0.14312993
0,50180,0.14304452
0,50190,0.14295916
0,50200,0.14287387
0,50210,0.1427886
0,50220,0.14270341
0,50230,0.14261825
0,50240,0.14253315
0,50250,0.14244811
0,50260,0.14236312
0,50270,0.14227816
0,50280,0.14219327
0,50290,0.14210843
0,50300,0.14202364
0,50310,0.1419389
0,50320,0.14185421
0,50330,0.14176957
0,50340,0.14168498
0,50350,0.14160044
0,50360,0.14151596
0,50370,0.14143151
0,50380,0.14134713
0,50390,0.14126278
0,50400,0.1411785
0,50410,0.14109427
0,50420,0.14101009
0,50430,0.14092596
0,50440,0.14084187
0,50450,0.14075784
0,50460,0.14067386
0,50470,0.14058992
0,50480,0.14050604
0,50490,0.14042221
0,50500,0.14033844
0,50510,0.14025469
0,50520,0.14017102
0,50530,0.14008738
0,50540,0.1400038
0,50550,0.13992028
0,50560,0.1398368
0,50570,0.13975337
0,50580,0.13966998
0,50590,0.13958666
0,50600,0.13950337
0,50610,0.13942015
0,50620,0.13933697
0,50630,0.13925384
0,50640,0.13917075
0,50650,0.13908772
0,50660,0.13900475
0,50670,0.13892181
0,50680,0.13883893
0,50690,0.1387561
0,50700,0.13867332
0,50710,0.13859059
0,50720,0.1385079
0,50730,0.13842528
0,50740,0.1383427
0,50750,0.13826016
0,50760,0.13817768
0,50770,0.13809524
0,50780,0.13801286
0,50790,0.13793051
0,50800,0.13784823
0,50810,0.13776599
0,50820,0.13768381
0,50830,0.13760167
0,50840,0.13751958
0,50850,0.13743754
0,50860,0.13735555
0,50870,0.13727361
0,50880,0.13719171
0,50890,0.13710988
0,50900,0.13702808
0,50910,0.13694634
0,50920,0.13686463
0,50930,0.13678299
0,50940,0.13670139
0,50950,0.13661985
0,50960,0.13653834
0,50970,0.13645689
0,50980,0.13637549
0,50990,0.13629414
0,51000,0.13621283
0,51010,0.13613157
0,51020,0.13605037
0,51030,0.1359692
0,51040,0.1358881
0,51050,0.13580704
0,51060,0.13572603
0,51070,0.13564506
0,51080,0.13556415
0,51090,0.13548328
0,51100,0.13540247
0,51110,0.13532169
0,51120,0.13524097
0,51130,0.1351603
0,51140,0.13507968
0,51150,0.1349991
0,51160,0.13491857
0,51170,0.13483809
0,51180,0.13475767
0,51190,0.13467728
0,51200,0.13459694
0,51210,0.13451666
0,51220,0.13443641
0,51230,0.13435623
0,51240,0.13427609
0,51250,0.134196
0,51260,0.13411595
0,51270,0.13403594
0,51280,0.133956
0,51290,0.1338761
0,51300,0.13379624
0,51310,0.13371643
0,51320,0.13363668
0,51330,0.13355696
0,51340,0.1334773
0,51350,0.13339768
0,51360,0.13331813
0,51370,0.1332386
0,51380,0.13315913
0,51390,0.13307971
0,51400,0.13300033
0,51410,0.132921
0,51420,0.13284172
0,51430,0.13276249
0,51440,0.1326833
0,51450,0.13260417
0,51460,0.13252507
0,51470,0.13244602
0,51480,0.13236703
0,51490,0.13228808
0,51500,0.13220918
0,51510,0.13213032
0,51520,0.13205151
0,51530,0.13197276
0,51540,0.13189405
0,51550,0.13181539
0,51560,0.13173677
0,51570,0.1316582
0,51580,0.13157967
0,51590,0.1315012
0,51600,0.13142276
0,51610,0.13134438
0,51620,0.13126604
0,51630,0.13118775
0,51640,0.13110952
0,51650,0.13103132
0,51660,0.13095318
0,51670,0.13087508
0,51680,0.13079701
0,51690,0.13071902
0,51700,0.13064106
0,51710,0.13056314
0,51720,0.13048527
0,51730,0.13040745
0,51740,0.13032968
0,51750,0.13025196
0,51760,0.13017428
0,51770,0.13009664
0,51780,0.13001905
0,51790,0.12994151
0,51800,0.12986402
0,51810,0.12978657
0,51820,0.12970917
0,51830,0.12963182
0,51840,0.12955451
0,51850,0.12947725
0,51860,0.12940003
0,51870,0.12932286
0,51880,0.12924574
0,51890,0.12916866
0,51900,0.12909164
0,51910,0.12901464
0,51920,0.1289377
0,51930,0.12886082
0,51940,0.12878397
0,51950,0.12870717
0,51960,0.12863041
0,51970,0.12855372
0,51980,0.12847705
0,51990,0.12840043
0,52000,0.12832387
0,52010,0.12824735
0,52020,0.12817086
0,52030,0.12809443
0,52040,0.12801805
0,52050,0.12794171
0,52060,0.12786542
0,52070,0.12778917
0,52080,0.12771297
0,52090,0.1276368
0,52100,0.12756069
0,52110,0.12748463
0,52120,0.12740861
0,52130,0.12733263
0,52140,0.1272567
0,52150,0.12718083
0,52160,0.12710498
0,52170,0.1270292
0,52180,0.12695345
0,52190,0.12687774
0,52200,0.12680209
0,52210,0.12672648
0,52220,0.12665091
0,52230,0.1265754
0,52240,0.12649992
0,52250,0.12642449
0,52260,0.1263491
0,52270,0.12627377
0,52280,0.12619847
0,52290,0.12612322
0,52300,0.12604801
0,52310,0.12597287
0,52320,0.12589775
0,52330,0.12582268
0,52340,0.12574765
0,52350,0.12567268
0,52360,0.12559775
0,52370,0.12552285
0,52380,0.12544802
0,52390,0.12537321
0,52400,0.12529847
0,52410,0.12522376
0,52420,0.12514909
0,52430,0.12507448
0,52440,0.124999896
0,52450,0.12492537
0,52460,0.124850884
0,52470,0.124776445
0,52480,0.124702044
0,52490,0.124627694
0,52500,0.12455339
0,52510,0.12447913
0,52520,0.124404915
0,52530,0.12433074
0,52540,0.12425661
0,52550,0.12418253
0,52560,0.124108486
0,52570,0.124034494
0,52580,0.12396054
0,52590,0.12388664
0,52600,0.12381277
0,52610,0.12373896
0,52620,0.123665184
0,52630,0.12359145
0,52640,0.123517774
0,52650,0.12344413
0,52660,0.123370536
0,52670,0.12329698
0,52680,0.123223476
0,52690,0.123150006
0,52700,0.12307659
0,52710,0.123003215
0,52720,0.12292988
0,52730,0.122856595
0,52740,0.12278335
0,52750,0.12271015
0,52760,0.122636996
0,52770,0.12256388
0,52780,0.122490816
0,52790,0.12241779
0,52800,0.12234481
0,52810,0.12227187
0,52820,0.12219898
0,52830,0.12212613
0,52840,0.122053325
0,52850,0.12198056
0,52860,0.121907845
0,52870,0.121835165
0,52880,0.12176254
0,52890,0.12168995
0,52900,0.12161741
0,52910,0.121544905
0,52920,0.12147245
0,52930,0.121400036
0,52940,0.12132766
0,52950,0.12125534
0,52960,0.12118305
0,52970,0.12111081
0,52980,0.121038616
0,52990,0.120966464
0,53000,0.12089435
0,53010,0.12082229
0,53020,0.12075026
0,53030,0.12067828
0,53040,0.12060635
0,53050,0.12053445
0,53060,0.120462604
0,53070,0.120390795
0,53080,0.12031903
0,53090,0.120247304
0,53100,0.12017563
0,53110,0.12010399
0,53120,0.1200324
0,53130,0.11996085
0,53140,0.11988934
0,53150,0.119817875
0,53160,0.119746454
0,53170,0.11967508
0,53180,0.119603746
0,53190,0.11953245
0,53200,0.1194612
0,53210,0.119389996
0,53220,0.11931883
0,53230,0.119247705
0,53240,0.119176626
0,53250,0.11910559
0,53260,0.119034596
0,53270,0.118963644
0,53280,0.11889274
0,53290,0.118821874
0,53300,0.11875105
0,53310,0.11868027
0,53320,0.118609525
0,53330,0.118538834
0,53340,0.11846818
0,53350,0.11839756
0,53360,0.118327
0,53370,0.11825647
0,53380,0.11818598
0,53390,0.118115544
0,53400,0.118045144
0,53410,0.11797479
0,53420,0.11790447
0,53430,0.117834195
0,53440,0.11776397
0,53450,0.117693774
0,53460,0.11762363
0,53470,0.117553525
0,53480,0.11748346
0,53490,0.11741344
0,53500,0.11734346
0,53510,0.117273524
0,53520,0.11720363
0,53530,0.117133774
0,53540,0.11706396
0,53550,0.116994195
0,53560,0.116924465
0,53570,0.11685478
0,53580,0.11678514
0,53590,0.116715536
0,53600,0.11664598
0,53610,0.116576456
0,53620,0.11650698
0,53630,0.11643755
0,53640,0.11636815
0,53650,0.1162988
0,53660,0.11622949
0,53670,0.11616022
0,53680,0.116091
0,53690,0.11602181
0,53700,0.11595266
0,53710,0.11588356
0,53720,0.1158145
0,53730,0.11574548
0,53740,0.1156765
0,53750,0.11560757
0,53760,0.11553867
0,53770,0.11546981
0,53780,0.115401
0,53790,0.11533223
0,53800,0.1152635
0,53810,0.11519481
0,53820,0.11512616
0,53830,0.11505756
0,53840,0.11498899
0,53850,0.11492047
0,53860,0.11485198
0,53870,0.11478354
0,53880,0.11471514
0,53890,0.11464678
0,53900,0.114578456
0,53910,0.11451018
0,53920,0.11444194
0,53930,0.11437374
0,53940,0.11430559
0,53950,0.11423747
0,53960,0.114169404
0,53970,0.114101365
0,53980,0.11403338
0,53990,0.11396542
0,54000,0.11389751
0,54010,0.11382964
0,54020,0.11376181
0,54030,0.11369403
0,54040,0.11362628
0,54050,0.11355857
0,54060,0.1134909
0,54070,0.11342328
0,54080,0.11335569
0,54090,0.11328815
0,54100,0.11322064
0,54110,0.11315318
0,54120,0.113085754
0,54130,0.11301837
0,54140,0.11295103
0,54150,0.112883724
0,54160,0.11281647
0,54170,0.11274924
0,54180,0.11268206
0,54190,0.11261492
0,54200,0.11254782
0,54210,0.11248076
0,54220,0.11241374
0,54230,0.11234676
0,54240,0.11227982
0,54250,0.11221292
0,54260,0.11214606
0,54270,0.11207924
0,54280,0.11201246
0,54290,0.111945726
0,54300,0.11187902
0,54310,0.11181236
0,54320,0.111745745
0,54330,0.11167917
0,54340,0.111612625
0,54350,0.11154613
0,54360,0.11147967
0,54370,0.11141325
0,54380,0.11134687
0,54390,0.11128052
0,54400,0.11121423
0,54410,0.11114796
0,54420,0.11108174
0,54430,0.111015566
0,54440,0.11094942
0,54450,0.11088332
0,54460,0.11081726
0,54470,0.110751234
0,54480,0.11068525
0,54490,0.110619314
0,54500,0.110553406
0,54510,0.11048754
0,54520,0.11042172
0,54530,0.110355936
0,54540,0.110290185
0,54550,0.11022448
0,54560,0.110158816
0,54570,0.110093184
0,54580,0.1100276
0,54590,0.109962046
0,54600,0.10989654
0,54610,0.10983107
0,54620,0.10976564
0,54630,0.10970025
0,54640,0.10963489
0,54650,0.10956958
0,54660,0.109504305
0,54670,0.109439075
0,54680,0.109373875
0,54690,0.10930872
0,54700,0.1092436
0,54710,0.10917852
0,54720,0.109113485
0,54730,0.109048486
0,54740,0.108983524
0,54750,0.1089186
0,54760,0.10885371
0,54770,0.10878887
0,54780,0.108724065
0,54790,0.1086593
0,54800,0.10859457
0,54810,0.10852988
0,54820,0.10846523
0,54830,0.10840062
0,54840,0.10833605
0,54850,0.10827151
0,54860,0.10820702
0,54870,0.108142555
0,54880,0.10807814
0,54890,0.10801376
0,54900,0.10794942
0,54910,0.107885115
0,54920,0.10782085
0,54930,0.10775663
0,54940,0.10769244
0,54950,0.10762829
0,54960,0.10756418
0,54970,0.10750011
0,54980,0.107436076
0,54990,0.10737208
0,55000,0.10730813
0,55010,0.10724421
0,55020,0.107180335
0,55030,0.10711649
0,55040,0.107052684
0,55050,0.10698892
0,55060,0.1069252
0,55070,0.10686151
0,55080,0.10679786
0,55090,0.106734246
0,55100,0.10667067
0,55110,0.10660714
0,55120,0.10654364
0,55130,0.10648018
0,55140,0.10641676
0,55150,0.10635338
0,55160,0.106290035
0,55170,0.10622673
0,55180,0.10616346
0,55190,0.106100224
0,55200,0.10603703
0,55210,0.10597388
0,55220,0.105910756
0,55230,0.10584768
0,55240,0.10578464
0,55250,0.10572163
0,55260,0.105658665
0,55270,0.10559574
0,55280,0.10553285
0,55290,0.105469994
0,55300,0.10540718
0,55310,0.1053444
0,55320,0.10528166
0,55330,0.10521896
0,55340,0.105156295
0,55350,0.105093665
0,55360,0.10503108
0,55370,0.104968525
0,55380,0.10490601
0,55390,0.104843535
0,55400,0.10478109
0,55410,0.10471869
0,55420,0.10465633
0,55430,0.104594
0,55440,0.10453171
0,55450,0.104469456
0,55460,0.10440724
0,55470,0.10434507
0,55480,0.10428292
0,55490,0.10422082
0,55500,0.10415875
0,55510,0.104096726
0,55520,0.10403474
0,55530,0.10397278
0,55540,0.10391086
0,55550,0.10384898
0,55560,0.10378714
0,55570,0.10372534
0,55580,0.103663564
0,55590,0.103601836
0,55600,0.10354014
0,55610,0.10347848
0,55620,0.10341686
0,55630,0.10335527
0,55640,0.10329373
0,55650,0.10323222
0,55660,0.103170745
0,55670,0.10310931
0,55680,0.10304791
0,55690,0.102986544
0,55700,0.10292522
0,55710,0.10286393
0,55720,0.10280268
0,55730,0.102741465
0,55740,0.10268029
0,55750,0.10261914
0,55760,0.10255804
0,55770,0.10249697
0,55780,0.10243594
0,55790,0.10237494
0,55800,0.10231398
0,55810,0.10225306
0,55820,0.10219217
0,55830,0.10213132
0,55840,0.10207051
0,55850,0.102009736
0,55860,0.10194899
0,55870,0.10188829
0,55880,0.10182762
0,55890,0.101766996
0,55900,0.1017064
0,55910,0.10164584
0,55920,0.10158532
0,55930,0.10152484
0,55940,0.10146438
0,55950,0.101403974
0,55960,0.101343594
0,55970,0.10128325
0,55980,0.10122295
0,55990,0.10116268
0,56000,0.10110245
0,56010,0.101042256
0,56020,0.10098209
0,56030,0.10092197
0,56040,0.100861885
0,56050,0.10080183
0,56060,0.10074182
0,56070,0.100681834
0,56080,0.100621894
0,56090,0.100561984
0,56100,0.10050211
0,56110,0.100442275
0,56120,0.10038248
0,56130,0.100322716
0,56140,0.100262985
0,56150,0.10020329
0,56160,0.100143634
0,56170,0.100084014
0,56180,0.10002443
0,56190,0.09996488
0,56200,0.09990537
0,56210,0.09984589
0,56220,0.099786445
0,56230,0.09972704
0,56240,0.09966767
0,56250,0.09960833
0,56260,0.09954903
0,56270,0.09948977
0,56280,0.099430546
0,56290,0.09937135
0,56300,0.09931219
0,56310,0.099253066
0,56320,0.09919398
0,56330,0.09913493
0,56340,0.09907591
0,56350,0.099016935
0,56360,0.09895799
0,56370,0.09889908
0,56380,0.09884021
0,56390,0.09878137
0,56400,0.09872256
0,56410,0.09866379
0,56420,0.09860506
0,56430,0.09854636
0,56440,0.0984877
0,56450,0.09842907
0,56460,0.09837048
0,56470,0.09831192
0,56480,0.0982534
0,56490,0.09819491
0,56500,0.09813646
0,56510,0.09807804
0,56520,0.09801966
0,56530,0.097961314
0,56540,0.097903006
0,56550,0.09784473
0,56560,0.097786486
0,56570,0.097728275
0,56580,0.09767011
0,56590,0.097611964
0,56600,0.097553864
0,56610,0.097495794
0,56620,0.09743776
0,56630,0.09737977
0,56640,0.0973218
0,56650,0.09726387
0,56660,0.09720598
0,56670,0.09714812
0,56680,0.0970903
0,56690,0.09703251
0,56700,0.09697475
0,56710,0.09691703
0,56720,0.09685934
0,56730,0.0968017
0,56740,0.096744075
0,56750,0.0966865
0,56760,0.09662895
0,56770,0.09657144
0,56780,0.09651396
0,56790,0.09645651
0,56800,0.096399106
0,56810,0.09634173
0,56820,0.09628439
0,56830,0.09622708
0,56840,0.09616981
0,56850,0.09611257
0,56860,0.096055366
0,56870,0.0959982
0,56880,0.09594107
0,56890,0.095883965
0,56900,0.0958269
0,56910,0.09576987
0,56920,0.09571287
0,56930,0.0956559
0,56940,0.09559897
0,56950,0.09554208
0,56960,0.09548522
0,56970,0.09542839
0,56980,0.0953716
0,56990,0.09531484
0,57000,0.09525812
0,57010,0.095201425
0,57020,0.09514477
0,57030,0.09508815
0,57040,0.09503156
0,57050,0.094975
0,57060,0.09491848
0,57070,0.09486199
0,57080,0.09480554
0,57090,0.09474912
0,57100,0.09469274
0,57110,0.09463638
0,57120,0.09458006
0,57130,0.09452378
0,57140,0.09446753
0,57150,0.09441131
0,57160,0.09435513
0,57170,0.09429898
0,57180,0.09424286
0,57190,0.09418678
0,57200,0.09413073
0,57210,0.09407472
0,57220,0.09401874
0,57230,0.09396279
0,57240,0.09390688
0,57250,0.093851
0,57260,0.09379515
0,57270,0.09373934
0,57280,0.093683556
0,57290,0.09362781
0,57300,0.093572095
0,57310,0.09351642
0,57320,0.09346077
0,57330,0.09340516
0,57340,0.093349576
0,57350,0.09329403
0,57360,0.09323852
0,57370,0.09318304
0,57380,0.09312759
0,57390,0.093072176
0,57400,0.093016796
0,57410,0.09296145
0,57420,0.09290614
0,57430,0.09285086
0,57440,0.09279561
0,57450,0.092740394
0,57460,0.092685215
0,57470,0.092630066
0,57480,0.092574954
0,57490,0.09251987
0,57500,0.09246482
0,57510,0.092409804
0,57520,0.09235483
0,57530,0.09229987
0,57540,0.09224496
0,57550,0.09219007
0,57560,0.09213522
0,57570,0.09208041
0,57580,0.09202562
0,57590,0.09197087
0,57600,0.091916144
0,57610,0.091861464
0,57620,0.09180681
0,57630,0.09175219
0,57640,0.091697596
0,57650,0.09164304
0,57660,0.09158852
0,57670,0.091534026
0,57680,0.09147957
0,57690,0.09142514
0,57700,0.091370754
0,57710,0.091316395
0,57720,0.091262065
0,57730,0.09120777
0,57740,0.09115351
0,57750,0.091099285
0,57760,0.09104508
0,57770,0.09099092
0,57780,0.09093679
0,57790,0.09088269
0,57800,0.09082862
0,57810,0.09077459
0,57820,0.09072059
0,57830,0.090666614
0,57840,0.09061268
0,57850,0.090558775
0,57860,0.0905049
0,57870,0.09045106
0,57880,0.09039725
0,57890,0.090343475
0,57900,0.090289734
0,57910,0.09023602
0,57920,0.09018234
0,57930,0.0901287
0,57940,0.09007508
0,57950,0.0900215
0,57960,0.089967944
0,57970,0.089914426
0,57980,0.08986094
0,57990,0.08980749
0,58000,0.08975407
0,58010,0.08970068
0,58020,0.089647315
0,58030,0.08959399
0,58040,0.0895407
0,58050,0.08948743
0,58060,0.08943421
0,58070,0.08938101
0,58080,0.08932784
0,58090,0.089274704
0,58100,0.089221604
0,58110,0.08916853
0,58120,0.08911549
0,58130,0.08906248
0,58140,0.08900951
0,58150,0.088956565
0,58160,0.08890365
0,58170,0.088850774
0,58180,0.08879793
0,58190,0.08874511
0,58200,0.08869232
0,58210,0.08863957
0,58220,0.088586845
0,58230,0.088534154
0,58240,0.0884815
0,58250,0.08842887
0,58260,0.088376276
0,58270,0.08832371
0,58280,0.08827118
0,58290,0.08821868
0,58300,0.08816621
0,58310,0.08811377
0,58320,0.08806136
0,58330,0.08800899
0,58340,0.087956645
0,58350,0.087904334
0,58360,0.08785205
0,58370,0.0877998
0,58380,0.08774758
0,58390,0.0876954
0,58400,0.08764324
0,58410,0.08759112
0,58420,0.087539025
0,58430,0.08748696
0,58440,0.08743493
0,58450,0.087382935
0,58460,0.08733097
0,58470,0.08727903
0,58480,0.08722712
0,58490,0.08717525
0,58500,0.0871234
0,58510,0.08707159
0,58520,0.08701981
0,58530,0.08696806
0,58540,0.086916335
0,58550,0.08686465
0,58560,0.086812995
0,58570,0.08676136
0,58580,0.08670977
0,58590,0.0866582
0,58600,0.086606674
0,58610,0.08655517
0,58620,0.0865037
0,58630,0.08645225
0,58640,0.086400844
0,58650,0.086349465
0,58660,0.086298116
0,58670,0.0862468
0,58680,0.08619551
0,58690,0.08614425
0,58700,0.08609303
0,58710,0.08604184
0,58720,0.085990675
0,58730,0.08593954
0,58740,0.08588844
0,58750,0.085837364
0,58760,0.08578632
0,58770,0.08573531
0,58780,0.08568433
0,58790,0.08563338
0,58800,0.085582465
0,58810,0.08553157
0,58820,0.08548071
0,58830,0.085429884
0,58840,0.085379094
0,58850,0.085328326
0,58860,0.08527759
0,58870,0.08522688
0,58880,0.08517621
0,58890,0.08512556
0,58900,0.08507495
0,58910,0.085024364
0,58920,0.084973805
0,58930,0.08492328
0,58940,0.08487279
0,58950,0.08482233
0,58960,0.084771894
0,58970,0.08472149
0,58980,0.08467112
0,58990,0.08462078
0,59000,0.08457047
0,59010,0.08452018
0,59020,0.08446993
0,59030,0.08441971
0,59040,0.08436952
0,59050,0.08431936
0,59060,0.084269226
0,59070,0.08421913
0,59080,0.08416905
0,59090,0.084119014
0,59100,0.084069
0,59110,0.08401902
0,59120,0.08396907
0,59130,0.083919145
0,59140,0.083869256
0,59150,0.0838194
0,59160,0.08376957
0,59170,0.08371976
0,59180,0.08366999
0,59190,0.08362025
0,59200,0.08357054
0,59210,0.08352085
0,59220,0.0834712
0,59230,0.08342158
0,59240,0.08337199
0,59250,0.08332242
0,59260,0.08327289
0,59270,0.08322339
0,59280,0.08317391
0,59290,0.083124466
0,59300,0.083075054
0,59310,0.083025664
0,59320,0.08297631
0,59330,0.08292699
0,59340,0.08287769
0,59350,0.082828425
0,59360,0.082779184
0,59370,0.08272998
0,59380,0.0826808
0,59390,0.08263165
0,59400,0.08258253
0,59410,0.08253344
0,59420,0.08248438
0,59430,0.08243535
0,59440,0.08238635
0,59450,0.08233738
0,59460,0.08228844
0,59470,0.08223952
0,59480,0.08219063
0,59490,0.08214178
0,59500,0.082092956
0,59510,0.08204416
0,59520,0.08199539
0,59530,0.081946656
0,59540,0.081897944
0,59550,0.08184927
0,59560,0.08180062
0,59570,0.081751995
0,59580,0.0817034
0,59590,0.08165484
0,59600,0.081606306
0,59610,0.0815578
0,59620,0.08150933
0,59630,0.08146088
0,59640,0.081412464
0,59650,0.08136407
0,59660,0.08131572
0,59670,0.08126739
0,59680,0.081219085
0,59690,0.08117081
0,59700,0.08112257
0,59710,0.08107436
0,59720,0.08102617
0,59730,0.08097801
0,59740,0.08092988
0,59750,0.08088178
0,59760,0.08083372
0,59770,0.08078568
0,59780,0.080737665
0,59790,0.080689676
0,59800,0.080641724
0,59810,0.080593795
0,59820,0.0805459
0,59830,0.08049803
0,59840,0.08045019
0,59850,0.08040238
0,59860,0.08035459
0,59870,0.08030684
0,59880,0.080259115
0,59890,0.08021142
0,59900,0.080163755
0,59910,0.080116116
0,59920,0.0800685
0,59930,0.08002092
0,59940,0.07997336
0,59950,0.07992584
0,59960,0.079878345
0,59970,0.07983088
0,59980,0.07978343
0,59990,0.079736024
0,60000,0.07968864
0,60010,0.07964128
0,60020,0.07959396
0,60030,0.07954666
0,60040,0.07949939
0,60050,0.07945215
0,60060,0.079404935
0,60070,0.07935775
0,60080,0.079310596
0,60090,0.07926347
0,60100,0.07921637
0,60110,0.079169296
0,60120,0.07912225
0,60130,0.07907524
0,60140,0.079028256
0,60150,0.078981295
0,60160,0.078934364
0,60170,0.07888746
0,60180,0.07884058
0,60190,0.07879374
0,60200,0.07874692
0,60210,0.07870013
0,60220,0.07865337
0,60230,0.078606635
0,60240,0.07855993
0,60250,0.07851325
0,60260,0.0784666
0,60270,0.07841998
0,60280,0.07837339
0,60290,0.07832682
0,60300,0.078280285
0,60310,0.07823377
0,60320,0.07818729
0,60330,0.07814083
0,60340,0.07809441
0,60350,0.07804801
0,60360,0.07800164
0,60370,0.0779553
0,60380,0.07790898
0,60390,0.077862695
0,60400,0.077816434
0,60410,0.0777702
0,60420,0.077723995
0,60430,0.077677816
0,60440,0.07763167
0,60450,0.07758555
0,60460,0.07753946
0,60470,0.07749339
0,60480,0.07744735
0,60490,0.07740134
0,60500,0.077355355
0,60510,0.0773094
0,60520,0.077263474
0,60530,0.07721757
0,60540,0.0771717
0,60550,0.077125855
0,60560,0.07708003
0,60570,0.07703424
0,60580,0.07698848
0,60590,0.07694275
0,60600,0.07689704
0,60610,0.07685136
0,60620,0.0768057
0,60630,0.076760076
0,60640,0.07671448
0,60650,0.07666891
0,60660,0.076623365
0,60670,0.07657785
0,60680,0.07653236
0,60690,0.07648689
0,60700,0.07644146
0,60710,0.07639605
0,60720,0.076350674
0,60730,0.076305315
0,60740,0.07625999
0,60750,0.07621469
0,60760,0.076169424
0,60770,0.07612418
0,60780,0.07607896
0,60790,0.07603377
0,60800,0.075988606
0,60810,0.07594347
0,60820,0.07589836
0,60830,0.07585328
0,60840,0.07580822
0,60850,0.075763196
0,60860,0.075718194
0,60870,0.075673215
0,60880,0.07562827
0,60890,0.07558335
0,60900,0.07553846
0,60910,0.07549359
0,60920,0.07544875
0,60930,0.075403936
0,60940,0.07535915
0,60950,0.075314395
0,60960,0.07526966
0,60970,0.07522496
0,60980,0.07518028
0,60990,0.075135626
0,61000,0.075091004
0,61010,0.075046405
0,61020,0.075001836
0,61030,0.07495729
0,61040,0.07491277
0,61050,0.07486828
0,61060,0.07482381
0,61070,0.07477938
0,61080,0.07473496
0,61090,0.07469058
0,61100,0.07464622
0,61110,0.07460189
0,61120,0.07455759
0,61130,0.07451331
0,61140,0.07446906
0,61150,0.07442483
0,61160,0.074380636
0,61170,0.07433646
0,61180,0.07429232
0,61190,0.074248195
0,61200,0.0742041
0,61210,0.07416004
0,61220,0.074116
0,61230,0.07407198
0,61240,0.07402799
0,61250,0.073984034
0,61260,0.0739401
0,61270,0.07389619
0,61280,0.07385231
0,61290,0.073808454
0,61300,0.07376463
0,61310,0.07372082
0,61320,0.07367705
0,61330,0.0736333
0,61340,0.07358957
0,61350,0.07354587
0,61360,0.073502205
0,61370,0.07345856
0,61380,0.07341494
0,61390,0.07337134
0,61400,0.07332778
0,61410,0.07328424
0,61420,0.07324072
0,61430,0.07319723
0,61440,0.07315377
0,61450,0.073110335
0,61460,0.07306692
0,61470,0.073023535
0,61480,0.07298018
0,61490,0.07293685
0,61500,0.07289354
0,61510,0.07285026
0,61520,0.07280701
0,61530,0.07276378
0,61540,0.07272057
0,61550,0.072677396
0,61560,0.07263424
0,61570,0.07259112
0,61580,0.07254802
0,61590,0.072504945
0,61600,0.072461896
0,61610,0.072418876
0,61620,0.07237588
0,61630,0.07233291
0,61640,0.072289966
0,61650,0.07224705
0,61660,0.07220416
0,61670,0.07216129
0,61680,0.072118446
0,61690,0.07207563
0,61700,0.07203284
0,61710,0.07199007
0,61720,0.071947336
0,61730,0.07190462
0,61740,0.07186194
0,61750,0.071819276
0,61760,0.071776636
0,61770,0.071734026
0,61780,0.07169144
0,61790,0.07164888
0,61800,0.071606345
0,61810,0.07156383
0,61820,0.07152135
0,61830,0.071478896
0,61840,0.071436465
0,61850,0.071394056
0,61860,0.07135167
0,61870,0.07130931
0,61880,0.07126699
0,61890,0.07122468
0,61900,0.0711824
0,61910,0.07114015
0,61920,0.07109792
0,61930,0.07105571
0,61940,0.07101353
0,61950,0.07097138
0,61960,0.07092925
0,61970,0.07088715
0,61980,0.07084507
0,61990,0.07080302
0,62000,0.07076099
0,62010,0.07071899
0,62020,0.07067701
0,62030,0.07063506
0,62040,0.07059313
0,62050,0.07055123
0,62060,0.07050935
0,62070,0.0704675
0,62080,0.070425674
0,62090,0.07038388
0,62100,0.0703421
0,62110,0.07030035
0,62120,0.070258625
0,62130,0.070216924
0,62140,0.070175245
0,62150,0.0701336
0,62160,0.07009197
0,62170,0.070050366
0,62180,0.07000879
0,62190,0.06996724
0,62200,0.06992571
0,62210,0.06988421
0,62220,0.06984273
0,62230,0.069801286
0,62240,0.06975985
0,62250,0.06971846
0,62260,0.06967708
0,62270,0.06963573
0,62280,0.0695944
0,62290,0.06955309
0,62300,0.069511816
0,62310,0.06947056
0,62320,0.06942934
0,62330,0.06938813
0,62340,0.06934695
0,62350,0.0693058
0,62360,0.069264665
0,62370,0.06922356
0,62380,0.06918248
0,62390,0.069141425
0,62400,0.069100395
0,62410,0.06905939
0,62420,0.06901841
0,62430,0.068977445
0,62440,0.06893651
0,62450,0.06889561
0,62460,0.06885472
0,62470,0.06881386
0,62480,0.06877303
0,62490,0.06873222
0,62500,0.06869143
0,62510,0.06865067
0,62520,0.06860993
0,62530,0.06856922
0,62540,0.06852853
0,62550,0.06848787
0,62560,0.06844723
0,62570,0.06840661
0,62580,0.06836602
0,62590,0.06832546
0,62600,0.068284914
0,62610,0.0682444
0,62620,0.068203904
0,62630,0.06816343
0,62640,0.06812299
0,62650,0.06808257
0,62660,0.068042174
0,62670,0.0680018
0,62680,0.067961454
0,62690,0.067921124
0,62700,0.067880824
0,62710,0.067840554
0,62720,0.0678003
0,62730,0.06776007
0,62740,0.06771987
0,62750,0.06767969
0,62760,0.06763954
0,62770,0.06759941
0,62780,0.067559294
0,62790,0.06751922
0,62800,0.067479156
0,62810,0.067439124
0,62820,0.06739911
0,62830,0.06735913
0,62840,0.06731916
0,62850,0.06727922
0,62860,0.06723931
0,62870,0.06719942
0,62880,0.06715955
0,62890,0.0671197
0,62900,0.06707989
0,62910,0.06704009
0,62920,0.06700032
0,62930,0.06696057
0,62940,0.06692085
0,62950,0.06688115
0,62960,0.06684147
0,62970,0.066801816
0,62980,0.06676219
0,62990,0.06672259
0,63000,0.066683
0,63010,0.06664345
0,63020,0.066603914
0,63030,0.0665644
0,63040,0.066524915
0,63050,0.06648545
0,63060,0.066446014
0,63070,0.0664066
0,63080,0.06636721
0,63090,0.06632784
0,63100,0.06628849
0,63110,0.06624917
0,63120,0.066209875
0,63130,0.0661706
0,63140,0.06613135
0,63150,0.066092126
0,63160,0.06605292
0,63170,0.06601374
0,63180,0.065974586
0,63190,0.06593545
0,63200,0.06589634
0,63210,0.065857254
0,63220,0.06581819
0,63230,0.06577916
0,63240,0.06574014
0,63250,0.06570114
0,63260,0.065662175
0,63270,0.06562323
0,63280,0.06558431
0,63290,0.06554541
0,63300,0.06550653
0,63310,0.065467685
0,63320,0.06542885
0,63330,0.06539005
0,63340,0.06535126
0,63350,0.065312505
0,63360,0.06527377
0,63370,0.065235056
0,63380,0.065196365
0,63390,0.065157704
0,63400,0.06511906
0,63410,0.065080434
0,63420,0.06504184
0,63430,0.06500327
0,63440,0.06496472
0,63450,0.064926185
0,63460,0.06488768
0,63470,0.064849205
0,63480,0.064810745
0,63490,0.06477231
0,63500,0.0647339
0,63510,0.06469551
0,63520,0.064657144
0,63530,0.064618796
0,63540,0.06458048
0,63550,0.06454218
0,63560,0.06450391
0,63570,0.06446566
0,63580,0.06442743
0,63590,0.06438922
0,63600,0.06435104
0,63610,0.064312875
0,63620,0.06427474
0,63630,0.064236626
0,63640,0.06419854
0,63650,0.064160466
0,63660,0.06412242
0,63670,0.0640844
0,63680,0.0640464
0,63690,0.06400842
0,63700,0.06397047
0,63710,0.06393254
0,63720,0.06389463
0,63730,0.06385674
0,63740,0.06381888
0,63750,0.06378104
0,63760,0.06374322
0,63770,0.06370542
0,63780,0.063667655
0,63790,0.0636299
0,63800,0.06359217
0,63810,0.06355447
0,63820,0.06351679
0,63830,0.063479125
0,63840,0.06344149
0,63850,0.063403875
0,63860,0.06336629
0,63870,0.06332871
0,63880,0.06329117
0,63890,0.06325364
0,63900,0.06321614
0,63910,0.06317866
0,63920,0.063141204
0,63930,0.06310377
0,63940,0.063066356
0,63950,0.06302897
0,63960,0.062991604
0,63970,0.062954254
0,63980,0.062916934
0,63990,0.06287964
0,64000,0.062842354
0,64010,0.0628051
0,64020,0.06276787
0,64030,0.062730655
0,64040,0.06269347
0,64050,0.062656306
0,64060,0.06261916
0,64070,0.06258204
0,64080,0.062544934
0,64090,0.06250786
0,64100,0.062470805
0,64110,0.06243377
0,64120,0.06239676
0,64130,0.062359773
0,64140,0.062322807
0,64150,0.062285863
0,64160,0.06224894
0,64170,0.062212043
0,64180,0.062175166
0,64190,0.062138308
0,64200,0.062101476
0,64210,0.062064666
0,64220,0.062027875
0,64230,0.061991107
0,64240,0.061954364
0,64250,0.06191764
0,64260,0.06188094
0,64270,0.06184426
0,64280,0.061807603
0,64290,0.06177097
0,64300,0.061734356
0,64310,0.061697762
0,64320,0.061661195
0,64330,0.061624646
0,64340,0.06158812
0,64350,0.061551616
0,64360,0.061515134
0,64370,0.061478674
0,64380,0.061442237
0,64390,0.061405823
0,64400,0.061369427
0,64410,0.061333053
0,64420,0.061296705
0,64430,0.061260376
0,64440,0.061224066
0,64450,0.06118778
0,64460,0.06115152
0,64470,0.061115276
0,64480,0.061079055
0,64490,0.061042856
0,64500,0.06100668
0,64510,0.060970526
0,64520,0.06093439
0,64530,0.06089828
0,64540,0.06086219
0,64550,0.060826123
0,64560,0.060790073
0,64570,0.06075405
0,64580,0.060718045
0,64590,0.060682062
0,64600,0.0606461
0,64610,0.060610164
0,64620,0.06057425
0,64630,0.06053835
0,64640,0.060502477
0,64650,0.060466625
0,64660,0.06043079
0,64670,0.060394984
0,64680,0.060359195
0,64690,0.060323425
0,64700,0.06028768
0,64710,0.060251955
0,64720,0.060216255
0,64730,0.06018057
0,64740,0.060144912
0,64750,0.060109273
0,64760,0.060073655
0,64770,0.06003806
0,64780,0.060002487
0,64790,0.059966933
0,64800,0.0599314
0,64810,0.05989589
0,64820,0.0598604
0,64830,0.059824932
0,64840,0.059789486
0,64850,0.05975406
0,64860,0.059718657
0,64870,0.059683274
0,64880,0.05964791
0,64890,0.05961257
0,64900,0.05957725
0,64910,0.059541952
0,64920,0.059506673
0,64930,0.059471417
0,64940,0.059436183
0,64950,0.05940097
0,64960,0.05936578
0,64970,0.059330605
0,64980,0.059295457
0,64990,0.059260327
0,65000,0.059225217
0,65010,0.059190128
0,65020,0.05915506
0,65030,0.059120018
0,65040,0.059084993
0,65050,0.05904999
0,65060,0.05901501
0,65070,0.058980048
0,65080,0.058945104
0,65090,0.058910187
0,65100,0.05887529
0,65110,0.05884041
0,65120,0.058805555
0,65130,0.058770716
0,65140,0.058735903
0,65150,0.05870111
0,65160,0.058666334
0,65170,0.058631584
0,65180,0.05859685
0,65190,0.05856214
0,65200,0.05852745
0,65210,0.05849278
0,65220,0.058458135
0,65230,0.058423504
0,65240,0.058388896
0,65250,0.05835431
0,65260,0.058319747
0,65270,0.058285203
0,65280,0.058250677
0,65290,0.058216173
0,65300,0.058181692
0,65310,0.05814723
0,65320,0.05811279
0,65330,0.058078367
0,65340,0.058043968
0,65350,0.058009587
0,65360,0.05797523
0,65370,0.057940893
0,65380,0.05790657
0,65390,0.057872277
0,65400,0.057838
0,65410,0.057803743
0,65420,0.057769507
0,65430,0.057735294
0,65440,0.0577011
0,65450,0.057666924
0,65460,0.05763277
0,65470,0.05759864
0,65480,0.057564527
0,65490,0.057530433
0,65500,0.05749636
0,65510,0.057462312
0,65520,0.05742828
0,65530,0.05739427
0,65540,0.05736028
0,65550,0.05732631
0,65560,0.05729236
0,65570,0.05725843
0,65580,0.057224523
0,65590,0.057190634
0,65600,0.057156768
0,65610,0.05712292
0,65620,0.05708909
0,65630,0.057055283
0,65640,0.0570215
0,65650,0.05698773
0,65660,0.056953985
0,65670,0.056920256
0,65680,0.05688655
0,65690,0.056852866
0,65700,0.0568192
0,65710,0.056785554
0,65720,0.05675193
0,65730,0.056718323
0,65740,0.05668474
0,65750,0.056651175
0,65760,0.05661763
0,65770,0.056584105
0,65780,0.0565506
0,65790,0.056517117
0,65800,0.056483652
0,65810,0.056450207
0,65820,0.056416783
0,65830,0.05638338
0,65840,0.056349996
0,65850,0.05631663
0,65860,0.056283288
0,65870,0.05624996
0,65880,0.056216657
0,65890,0.056183375
0,65900,0.05615011
0,65910,0.056116864
0,65920,0.056083642
0,65930,0.056050435
0,65940,0.05601725
0,65950,0.055984087
0,65960,0.05595094
0,65970,0.055917814
0,65980,0.05588471
0,65990,0.055851627
0,66000,0.05581856
0,66010,0.055785514
0,66020,0.05575249
0,66030,0.055719484
0,66040,0.055686496
0,66050,0.055653527
0,66060,0.05562058
0,66070,0.055587657
0,66080,0.055554748
0,66090,0.05552186
0,66100,0.055488992
0,66110,0.055456143
0,66120,0.055423316
0,66130,0.055390507
0,66140,0.055357717
0,66150,0.055324946
0,66160,0.055292197
0,66170,0.055259466
0,66180,0.055226758
0,66190,0.055194065
0,66200,0.055161394
0,66210,0.055128742
0,66220,0.05509611
0,66230,0.055063497
0,66240,0.055030905
0,66250,0.05499833
0,66260,0.054965775
0,66270,0.054933242
0,66280,0.054900724
0,66290,0.05486823
0,66300,0.054835755
0,66310,0.054803297
0,66320,0.05477086
0,66330,0.054738443
0,66340,0.054706044
0,66350,0.054673664
0,66360,0.054641303
0,66370,0.054608963
0,66380,0.054576643
0,66390,0.05454434
0,66400,0.05451206
0,66410,0.054479796
0,66420,0.054447554
0,66430,0.05441533
0,66440,0.054383125
0,66450,0.05435094
0,66460,0.05431877
0,66470,0.054286625
0,66480,0.0542545
0,66490,0.05422239
0,66500,0.0541903
0,66510,0.05415823
0,66520,0.05412618
0,66530,0.054094147
0,66540,0.054062136
0,66550,0.054030143
0,66560,0.05399817
0,66570,0.053966213
0,66580,0.053934276
0,66590,0.05390236
0,66600,0.053870462
0,66610,0.053838585
0,66620,0.053806726
0,66630,0.053774886
0,66640,0.053743064
0,66650,0.05371126
0,66660,0.05367948
0,66670,0.053647716
0,66680,0.053615972
0,66690,0.053584244
0,66700,0.05355254
0,66710,0.05352085
0,66720,0.053489182
0,66730,0.053457532
0,66740,0.0534259
0,66750,0.053394288
0,66760,0.053362697
0,66770,0.05333112
0,66780,0.05329957
0,66790,0.05326803
0,66800,0.053236514
0,66810,0.053205013
0,66820,0.053173535
0,66830,0.053142074
0,66840,0.053110633
0,66850,0.05307921
0,66860,0.053047806
0,66870,0.05301642
0,66880,0.052985054
0,66890,0.052953705
0,66900,0.052922376
0,66910,0.05289107
0,66920,0.052859776
0,66930,0.052828502
0,66940,0.05279725
0,66950,0.052766014
0,66960,0.052734796
0,66970,0.0527036
0,66980,0.05267242
0,66990,0.05264126
0,67000,0.052610118
0,67010,0.052578993
0,67020,0.05254789
0,67030,0.052516803
0,67040,0.052485738
0,67050,0.052454688
0,67060,0.05242366
0,67070,0.052392647
0,67080,0.052361656
0,67090,0.05233068
0,67100,0.052299727
0,67110,0.05226879
0,67120,0.05223787
0,67130,0.05220697
0,67140,0.052176088
0,67150,0.052145224
0,67160,0.05211438
0,67170,0.052083556
0,67180,0.052052747
0,67190,0.052021958
0,67200,0.051991187
0,67210,0.051960435
0,67220,0.0519297
0,67230,0.051898986
0,67240,0.05186829
0,67250,0.05183761
0,67260,0.05180695
0,67270,0.05177631
0,67280,0.051745683
0,67290,0.05171508
0,67300,0.05168449
0,67310,0.051653925
0,67320,0.051623374
0,67330,0.05159284
0,67340,0.051562328
0,67350,0.051531833
0,67360,0.051501356
0,67370,0.051470898
0,67380,0.05144046
0,67390,0.051410034
0,67400,0.051379632
0,67410,0.051349245
0,67420,0.051318876
0,67430,0.051288527
0,67440,0.0512582
0,67450,0.051227883
0,67460,0.05119759
0,67470,0.051167313
0,67480,0.051137052
0,67490,0.051106814
0,67500,0.05107659
0,67510,0.051046386
0,67520,0.0510162
0,67530,0.050986033
0,67540,0.050955884
0,67550,0.05092575
0,67560,0.05089564
0,67570,0.050865542
0,67580,0.050835464
0,67590,0.050805405
0,67600,0.050775364
0,67610,0.05074534
0,67620,0.050715335
0,67630,0.050685346
0,67640,0.050655376
0,67650,0.050625425
0,67660,0.05059549
0,67670,0.050565574
0,67680,0.050535675
0,67690,0.050505795
0,67700,0.050475933
0,67710,0.05044609
0,67720,0.050416265
0,67730,0.050386455
0,67740,0.050356664
0,67750,0.05032689
0,67760,0.050297137
0,67770,0.0502674
0,67780,0.050237678
0,67790,0.050207976
0,67800,0.050178293
0,67810,0.05014863
0,67820,0.05011898
0,67830,0.050089348
0,67840,0.050059736
0,67850,0.050030142
0,67860,0.050000563
0,67870,0.049971007
0,67880,0.049941465
0,67890,0.04991194
0,67900,0.049882434
0,67910,0.049852945
0,67920,0.049823474
0,67930,0.049794022
0,67940,0.049764585
0,67950,0.049735166
0,67960,0.049705766
0,67970,0.049676385
0,67980,0.04964702
0,67990,0.04961767
0,68000,0.04958834
0,68010,0.049559027
0,68020,0.04952973
0,68030,0.049500454
0,68040,0.049471196
0,68050,0.049441952
0,68060,0.049412727
0,68070,0.04938352
0,68080,0.049354333
0,68090,0.04932516
0,68100,0.049296003
0,68110,0.049266867
0,68120,0.049237747
0,68130,0.049208645
0,68140,0.04917956
0,68150,0.049150493
0,68160,0.049121443
0,68170,0.04909241
0,68180,0.049063396
0,68190,0.049034398
0,68200,0.049005415
0,68210,0.04897645
0,68220,0.048947506
0,68230,0.04891858
0,68240,0.048889667
0,68250,0.048860773
0,68260,0.048831895
0,68270,0.04880304
0,68280,0.048774194
0,68290,0.04874537
0,68300,0.048716564
0,68310,0.048687775
0,68320,0.048659
0,68330,0.048630245
0,68340,0.048601504
0,68350,0.048572786
0,68360,0.048544083
0,68370,0.048515394
0,68380,0.048486724
0,68390,0.048458073
0,68400,0.048429437
0,68410,0.04840082
0,68420,0.048372217
0,68430,0.048343632
0,68440,0.048315067
0,68450,0.048286516
0,68460,0.048257984
0,68470,0.04822947
0,68480,0.048200972
0,68490,0.04817249
0,68500,0.048144028
0,68510,0.048115578
0,68520,0.04808715
0,68530,0.048058737
0,68540,0.04803034
0,68550,0.04800196
0,68560,0.0479736
0,68570,0.047945254
0,68580,0.047916926
0,68590,0.047888614
0,68600,0.04786032
0,68610,0.047832042
0,68620,0.047803782
0,68630,0.04777554
0,68640,0.047747314
0,68650,0.047719102
0,68660,0.047690913
0,68670,0.047662735
0,68680,0.047634576
0,68690,0.047606435
0,68700,0.04757831
0,68710,0.0475502
0,68720,0.04752211
0,68730,0.047494035
0,68740,0.04746598
0,68750,0.047437936
0,68760,0.047409914
0,68770,0.047381908
0,68780,0.047353916
0,68790,0.047325943
0,68800,0.047297984
0,68810,0.047270045
0,68820,0.04724212
0,68830,0.047214214
0,68840,0.047186323
0,68850,0.04715845
0,68860,0.047130596
0,68870,0.047102753
0,68880,0.047074933
0,68890,0.047047123
0,68900,0.047019333
0,68910,0.04699156
0,68920,0.046963803
0,68930,0.046936065
0,68940,0.04690834
0,68950,0.046880633
0,68960,0.046852943
0,68970,0.04682527
0,68980,0.046797615
0,68990,0.046769973
0,69000,0.04674235
0,69010,0.04671474
0,69020,0.046687152
0,69030,0.046659578
0,69040,0.046632018
0,69050,0.046604477
0,69060,0.046576954
0,69070,0.046549443
0,69080,0.046521954
0,69090,0.046494476
0,69100,0.046467017
0,69110,0.046439577
0,69120,0.04641215
0,69130,0.04638474
0,69140,0.04635735
0,69150,0.04632997
0,69160,0.04630261
0,69170,0.046275266
0,69180,0.04624794
0,69190,0.046220627
0,69200,0.04619333
0,69210,0.046166055
0,69220,0.046138793
0,69230,0.046111546
0,69240,0.04608432
0,69250,0.046057105
0,69260,0.046029907
0,69270,0.046002727
0,69280,0.045975562
0,69290,0.045948416
0,69300,0.04592128
0,69310,0.04589417
0,69320,0.045867067
0,69330,0.045839984
0,69340,0.04581292
0,69350,0.045785867
0,69360,0.045758832
0,69370,0.045731816
0,69380,0.04570481
0,69390,0.045677826
0,69400,0.04565086
0,69410,0.045623902
0,69420,0.04559697
0,69430,0.045570046
0,69440,0.04554314
0,69450,0.045516253
0,69460,0.04548938
0,69470,0.045462523
0,69480,0.045435682
0,69490,0.045408856
0,69500,0.04538205
0,69510,0.045355257
0,69520,0.04532848
0,69530,0.04530172
0,69540,0.045274973
0,69550,0.045248248
0,69560,0.045221534
0,69570,0.04519484
0,69580,0.045168158
0,69590,0.045141492
0,69600,0.045114845
0,69610,0.045088213
0,69620,0.045061596
0,69630,0.045034997
0,69640,0.04500841
0,69650,0.04498184
0,69660,0.04495529
0,69670,0.044928752
0,69680,0.04490223
0,69690,0.044875726
0,69700,0.04484924
0,69710,0.044822764
0,69720,0.044796307
0,69730,0.044769865
0,69740,0.04474344
0,69750,0.04471703
0,69760,0.044690635
0,69770,0.044664256
0,69780,0.044637896
0,69790,0.044611547
0,69800,0.044585217
0,69810,0.0445589
0,69820,0.044532605
0,69830,0.04450632
0,69840,0.04448005
0,69850,0.0444538
0,69860,0.044427563
0,69870,0.044401344
0,69880,0.044375136
0,69890,0.044348948
0,69900,0.044322774
0,69910,0.04429662
0,69920,0.044270474
0,69930,0.04424435
0,69940,0.04421824
0,69950,0.044192143
0,69960,0.044166062
0,69970,0.04414
0,69980,0.04411395
0,69990,0.044087917
0,70000,0.0440619
0,70010,0.044035897
0,70020,0.044009913
0,70030,0.04398394
0,70040,0.043957986
0,70050,0.043932047
0,70060,0.043906122
0,70070,0.043880217
0,70080,0.043854322
0,70090,0.043828446
0,70100,0.04380258
0,70110,0.043776736
0,70120,0.043750905
0,70130,0.043725092
0,70140,0.04369929
0,70150,0.043673508
0,70160,0.043647736
0,70170,0.043621983
0,70180,0.043596245
0,70190,0.043570522
0,70200,0.043544818
0,70210,0.043519124
0,70220,0.043493446
0,70230,0.043467786
0,70240,0.04344214
0,70250,0.04341651
0,70260,0.043390896
0,70270,0.043365296
0,70280,0.04333971
0,70290,0.043314144
0,70300,0.04328859
0,70310,0.04326305
0,70320,0.043237526
0,70330,0.04321202
0,70340,0.043186527
0,70350,0.04316105
0,70360,0.043135587
0,70370,0.04311014
0,70380,0.04308471
0,70390,0.043059293
0,70400,0.04303389
0,70410,0.043008506
0,70420,0.042983137
0,70430,0.04295778
0,70440,0.04293244
0,70450,0.042907115
0,70460,0.042881805
0,70470,0.04285651
0,70480,0.04283123
0,70490,0.042805966
0,70500,0.042780716
0,70510,0.04275548
0,70520,0.042730264
0,70530,0.04270506
0,70540,0.042679872
0,70550,0.042654697
0,70560,0.042629536
0,70570,0.042604394
0,70580,0.042579267
0,70590,0.04255415
0,70600,0.042529054
0,70610,0.04250397
0,70620,0.0424789
0,70630,0.042453848
0,70640,0.04242881
0,70650,0.042403787
0,70660,0.04237878
0,70670,0.042353787
0,70680,0.042328805
0,70690,0.04230384
0,70700,0.042278893
0,70710,0.04225396
0,70720,0.04222904
0,70730,0.042204138
0,70740,0.04217925
0,70750,0.042154375
0,70760,0.042129517
0,70770,0.042104673
0,70780,0.042079844
0,70790,0.04205503
0,70800,0.04203023
0,70810,0.042005446
0,70820,0.041980676
0,70830,0.041955918
0,70840,0.04193118
0,70850,0.041906454
0,70860,0.041881744
0,70870,0.04185705
0,70880,0.04183237
0,70890,0.0418077
0,70900,0.04178305
0,70910,0.041758414
0,70920,0.04173379
0,70930,0.041709185
0,70940,0.04168459
0,70950,0.041660015
0,70960,0.04163545
0,70970,0.041610904
0,70980,0.04158637
0,70990,0.04156185
0,71000,0.041537344
0,71010,0.041512858
0,71020,0.041488383
0,71030,0.041463923
0,71040,0.041439477
0,71050,0.041415047
0,71060,0.041390628
0,71070,0.041366227
0,71080,0.04134184
0,71090,0.041317467
0,71100,0.04129311
0,71110,0.041268766
0,71120,0.04124444
0,71130,0.041220125
0,71140,0.041195825
0,71150,0.04117154
0,71160,0.04114727
0,71170,0.041123014
0,71180,0.041098773
0,71190,0.041074548
0,71200,0.041050334
0,71210,0.041026138
0,71220,0.041001953
0,71230,0.040977784
0,71240,0.04095363
0,71250,0.04092949
0,71260,0.040905364
0,71270,0.040881254
0,71280,0.04085716
0,71290,0.040833075
0,71300,0.04080901
0,71310,0.040784955
0,71320,0.040760916
0,71330,0.04073689
0,71340,0.04071288
0,71350,0.040688884
0,71360,0.040664904
0,71370,0.040640935
0,71380,0.040616985
0,71390,0.040593047
0,71400,0.040569123
0,71410,0.040545214
0,71420,0.040521316
0,71430,0.040497437
0,71440,0.04047357
0,71450,0.040449716
0,71460,0.040425878
0,71470,0.040402055
0,71480,0.040378246
0,71490,0.040354453
0,71500,0.04033067
0,71510,0.040306903
0,71520,0.04028315
0,71530,0.040259413
0,71540,0.040235687
0,71550,0.04021198
0,71560,0.040188283
0,71570,0.0401646
0,71580,0.040140934
0,71590,0.040117282
0,71600,0.04009364
0,71610,0.040070016
0,71620,0.040046405
0,71630,0.04002281
0,71640,0.039999228
0,71650,0.039975658
0,71660,0.039952107
0,71670,0.039928567
0,71680,0.03990504
0,71690,0.039881527
0,71700,0.03985803
0,71710,0.039834548
0,71720,0.03981108
0,71730,0.03978762
0,71740,0.03976418
0,71750,0.039740752
0,71760,0.03971734
0,71770,0.03969394
0,71780,0.039670553
0,71790,0.039647184
0,71800,0.039623827
0,71810,0.03960048
0,71820,0.039577153
0,71830,0.039553836
0,71840,0.039530534
0,71850,0.039507248
0,71860,0.039483976
0,71870,0.039460715
0,71880,0.03943747
0,71890,0.03941424
0,71900,0.03939102
0,71910,0.039367814
0,71920,0.039344624
0,71930,0.03932145
0,71940,0.039298285
0,71950,0.03927514
0,71960,0.039252
0,71970,0.039228883
0,71980,0.039205775
0,71990,0.03918268
0,72000,0.039159603
0,72010,0.039136536
0,72020,0.039113488
0,72030,0.039090447
0,72040,0.039067425
0,72050,0.039044414
0,72060,0.039021417
0,72070,0.038998436
0,72080,0.038975466
0,72090,0.03895251
0,72100,0.03892957
0,72110,0.03890664
0,72120,0.038883727
0,72130,0.038860828
0,72140,0.038837943
0,72150,0.03881507
0,72160,0.03879221
0,72170,0.038769364
0,72180,0.038746532
0,72190,0.038723715
0,72200,0.038700912
0,72210,0.03867812
0,72220,0.038655344
0,72230,0.03863258
0,72240,0.03860983
0,72250,0.038587093
0,72260,0.03856437
0,72270,0.038541663
0,72280,0.038518965
0,72290,0.038496286
0,72300,0.038473617
0,72310,0.038450964
0,72320,0.03842832
0,72330,0.038405694
0,72340,0.038383078
0,72350,0.03836048
0,72360,0.038337894
0,72370,0.03831532
0,72380,0.03829276
0,72390,0.038270213
0,72400,0.03824768
0,72410,0.03822516
0,72420,0.038202655
0,72430,0.03818016
0,72440,0.038157683
0,72450,0.03813522
0,72460,0.038112767
0,72470,0.03809033
0,72480,0.038067903
0,72490,0.038045492
0,72500,0.03802309
0,72510,0.038000707
0,72520,0.037978336
0,72530,0.037955977
0,72540,0.037933633
0,72550,0.037911303
0,72560,0.037888985
0,72570,0.03786668
0,72580,0.03784439
0,72590,0.037822112
0,72600,0.037799846
0,72610,0.037777595
0,72620,0.03775536
0,72630,0.037733134
0,72640,0.037710924
0,72650,0.037688725
0,72660,0.03766654
0,72670,0.037644368
0,72680,0.03762221
0,72690,0.037600067
0,72700,0.037577935
0,72710,0.037555818
0,72720,0.03753371
0,72730,0.03751162
0,72740,0.03748954
0,72750,0.037467476
0,72760,0.037445422
0,72770,0.037423383
0,72780,0.03740136
0,72790,0.037379347
0,72800,0.03735735
0,72810,0.037335362
0,72820,0.037313387
0,72830,0.03729143
0,72840,0.03726948
0,72850,0.03724755
0,72860,0.037225626
0,72870,0.03720372
0,72880,0.037181824
0,72890,0.037159946
0,72900,0.03713808
0,72910,0.037116222
0,72920,0.03709438
0,72930,0.03707255
0,72940,0.037050735
0,72950,0.037028935
0,72960,0.037007146
0,72970,0.036985368
0,72980,0.036963604
0,72990,0.036941852
0,73000,0.036920115
0,73010,0.036898393
0,73020,0.036876682
0,73030,0.036854982
0,73040,0.036833297
0,73050,0.036811624
0,73060,0.036789965
0,73070,0.03676832
0,73080,0.036746684
0,73090,0.036725067
0,73100,0.036703456
0,73110,0.036681864
0,73120,0.03666028
0,73130,0.036638714
0,73140,0.036617156
0,73150,0.036595613
0,73160,0.036574084
0,73170,0.036552567
0,73180,0.03653106
0,73190,0.03650957
0,73200,0.036488093
0,73210,0.03646663
0,73220,0.036445174
0,73230,0.036423735
0,73240,0.036402307
0,73250,0.036380894
0,73260,0.036359493
0,73270,0.036338102
0,73280,0.036316726
0,73290,0.036295366
0,73300,0.036274012
0,73310,0.036252677
0,73320,0.03623135
0,73330,0.036210038
0,73340,0.03618874
0,73350,0.036167454
0,73360,0.03614618
0,73370,0.03612492
0,73380,0.03610367
0,73390,0.036082435
0,73400,0.036061212
0,73410,0.036040004
0,73420,0.036018804
0,73430,0.03599762
0,73440,0.035976447
0,73450,0.03595529
0,73460,0.035934143
0,73470,0.03591301
0,73480,0.035891887
0,73490,0.03587078
0,73500,0.035849683
0,73510,0.035828598
0,73520,0.035807528
0,73530,0.035786472
0,73540,0.035765424
0,73550,0.03574439
0,73560,0.035723373
0,73570,0.035702363
0,73580,0.03568137
0,73590,0.035660386
0,73600,0.035639416
0,73610,0.035618458
0,73620,0.035597514
0,73630,0.035576582
0,73640,0.03555566
0,73650,0.035534754
0,73660,0.03551386
0,73670,0.035492975
0,73680,0.035472106
0,73690,0.03545125
0,73700,0.035430405
0,73710,0.035409573
0,73720,0.035388753
0,73730,0.035367947
0,73740,0.03534715
0,73750,0.03532637
0,73760,0.035305597
0,73770,0.03528484
0,73780,0.035264093
0,73790,0.035243362
0,73800,0.035222642
0,73810,0.035201933
0,73820,0.03518124
0,73830,0.035160556
0,73840,0.035139885
0,73850,0.035119224
0,73860,0.03509858
0,73870,0.035077944
0,73880,0.035057325
0,73890,0.035036717
0,73900,0.03501612
0,73910,0.034995534
0,73920,0.034974962
0,73930,0.034954403
0,73940,0.034933854
0,73950,0.03491332
0,73960,0.034892797
0,73970,0.034872286
0,73980,0.03485179
0,73990,0.034831304
0,74000,0.03481083
0,74010,0.034790367
0,74020,0.03476992
0,74030,0.03474948
0,74040,0.034729056
0,74050,0.034708645
0,74060,0.034688246
0,74070,0.034667857
0,74080,0.03464748
0,74090,0.034627117
0,74100,0.034606766
0,74110,0.034586426
0,74120,0.0345661
0,74130,0.034545783
0,74140,0.03452548
0,74150,0.034505192
0,74160,0.03448491
0,74170,0.034464646
0,74180,0.03444439
0,74190,0.03442415
0,74200,0.03440392
0,74210,0.034383703
0,74220,0.034363497
0,74230,0.034343302
0,74240,0.034323122
0,74250,0.034302954
0,74260,0.034282796
0,74270,0.03426265
0,74280,0.03424252
0,74290,0.034222394
0,74300,0.034202285
0,74310,0.03418219
0,74320,0.034162104
0,74330,0.034142032
0,74340,0.03412197
0,74350,0.034101922
0,74360,0.034081884
0,74370,0.03406186
0,74380,0.034041844
0,74390,0.034021843
0,74400,0.034001857
0,74410,0.03398188
0,74420,0.033961914
0,74430,0.03394196
0,74440,0.03392202
0,74450,0.03390209
0,74460,0.03388217
0,74470,0.033862267
0,74480,0.033842374
0,74490,0.03382249
0,74500,0.03380262
0,74510,0.033782765
0,74520,0.033762917
0,74530,0.033743083
0,74540,0.03372326
0,74550,0.03370345
0,74560,0.033683654
0,74570,0.033663865
0,74580,0.03364409
0,74590,0.03362433
0,74600,0.033604577
0,74610,0.03358484
0,74620,0.03356511
0,74630,0.033545397
0,74640,0.03352569
0,74650,0.033506
0,74660,0.033486318
0,74670,0.033466652
0,74680,0.033446994
0,74690,0.03342735
0,74700,0.033407718
0,74710,0.033388097
0,74720,0.033368487
0,74730,0.03334889
0,74740,0.0333293
0,74750,0.033309728
0,74760,0.033290163
0,74770,0.033270612
0,74780,0.033251073
0,74790,0.033231545
0,74800,0.03321203
0,74810,0.033192527
0,74820,0.033173032
0,74830,0.033153553
0,74840,0.033134084
0,74850,0.033114627
0,74860,0.03309518
0,74870,0.033075746
0,74880,0.033056322
0,74890,0.03303691
0,74900,0.033017512
0,74910,0.032998122
0,74920,0.032978747
0,74930,0.032959383
0,74940,0.03294003
0,74950,0.03292069
0,74960,0.032901358
0,74970,0.032882042
0,74980,0.032862734
0,74990,0.032843437
0,75000,0.032824155
0,75010,0.032804884
0,75020,0.032785624
0,75030,0.032766372
0,75040,0.032747135
0,75050,0.03272791
0,75060,0.032708697
0,75070,0.032689493
0,75080,0.0326703
0,75090,0.032651123
0,75100,0.032631952
0,75110,0.032612797
0,75120,0.03259365
0,75130,0.032574516
0,75140,0.032555394
0,75150,0.032536283
0,75160,0.032517184
0,75170,0.032498095
0,75180,0.032479018
0,75190,0.032459952
0,75200,0.032440897
0,75210,0.032421853
0,75220,0.032402825
0,75230,0.032383803
0,75240,0.032364797
0,75250,0.032345798
0,75260,0.032326814
0,75270,0.032307837
0,75280,0.032288875
0,75290,0.032269925
0,75300,0.03225098
0,75310,0.032232054
0,75320,0.032213137
0,75330,0.03219423
0,75340,0.032175336
0,75350,0.032156453
0,75360,0.03213758
0,75370,0.03211872
0,75380,0.03209987
0,75390,0.03208103
0,75400,0.032062203
0,75410,0.032043386
0,75420,0.03202458
0,75430,0.032005787
0,75440,0.031987008
0,75450,0.031968236
0,75460,0.031949475
0,75470,0.031930726
0,75480,0.031911988
0,75490,0.031893265
0,75500,0.03187455
0,75510,0.031855844
0,75520,0.03183715
0,75530,0.03181847
0,75540,0.0317998
0,75550,0.03178114
0,75560,0.031762496
0,75570,0.031743858
0,75580,0.03172523
0,75590,0.031706616
0,75600,0.031688016
0,75610,0.031669423
0,75620,0.03165084
0,75630,0.03163227
0,75640,0.031613715
0,75650,0.031595167
0,75660,0.03157663
0,75670,0.031558104
0,75680,0.03153959
0,75690,0.031521086
0,75700,0.031502593
0,75710,0.031484112
0,75720,0.031465642
0,75730,0.031447183
0,75740,0.031428736
0,75750,0.0314103
0,75760,0.031391874
0,75770,0.03137346
0,75780,0.031355057
0,75790,0.03133666
0,75800,0.03131828
0,75810,0.03129991
0,75820,0.03128155
0,75830,0.031263202
0,75840,0.031244865
0,75850,0.031226538
0,75860,0.031208223
0,75870,0.031189917
0,75880,0.031171624
0,75890,0.03115334
0,75900,0.03113507
0,75910,0.031116808
0,75920,0.031098558
0,75930,0.031080319
0,75940,0.031062089
0,75950,0.031043872
0,75960,0.031025667
0,75970,0.03100747
0,75980,0.030989286
0,75990,0.030971112
0,76000,0.03095295
0,76010,0.030934798
0,76020,0.030916655
0,76030,0.030898524
0,76040,0.030880406
0,76050,0.030862298
0,76060,0.030844199
0,76070,0.030826112
0,76080,0.030808037
0,76090,0.030789971
0,76100,0.030771917
0,76110,0.030753873
0,76120,0.03073584
0,76130,0.030717818
0,76140,0.030699806
0,76150,0.030681806
0,76160,0.030663816
0,76170,0.030645838
0,76180,0.03062787
0,76190,0.030609911
0,76200,0.030591965
0,76210,0.03057403
0,76220,0.030556103
0,76230,0.030538188
0,76240,0.030520285
0,76250,0.030502392
0,76260,0.030484509
0,76270,0.030466639
0,76280,0.030448778
0,76290,0.030430926
0,76300,0.030413087
0,76310,0.030395258
0,76320,0.03037744
0,76330,0.030359631
0,76340,0.030341836
0,76350,0.03032405
0,76360,0.030306274
0,76370,0.030288508
0,76380,0.030270753
0,76390,0.03025301
0,76400,0.030235277
0,76410,0.030217554
0,76420,0.030199843
0,76430,0.030182142
0,76440,0.03016445
0,76450,0.03014677
0,76460,0.030129101
0,76470,0.030111441
0,76480,0.030093793
0,76490,0.030076155
0,76500,0.030058527
0,76510,0.030040912
0,76520,0.030023305
0,76530,0.03000571
0,76540,0.029988125
0,76550,0.029970549
0,76560,0.029952986
0,76570,0.029935433
0,76580,0.029917888
0,76590,0.029900357
0,76600,0.029882835
0,76610,0.029865323
0,76620,0.029847821
0,76630,0.029830331
0,76640,0.02981285
0,76650,0.02979538
0,76660,0.029777922
0,76670,0.029760472
0,76680,0.029743034
0,76690,0.029725607
0,76700,0.02970819
0,76710,0.029690782
0,76720,0.029673386
0,76730,0.029655999
0,76740,0.029638624
0,76750,0.029621258
0,76760,0.029603902
0,76770,0.02958656
0,76780,0.029569224
0,76790,0.0295519
0,76800,0.029534586
0,76810,0.029517284
0,76820,0.02949999
0,76830,0.029482707
0,76840,0.029465435
0,76850,0.029448174
0,76860,0.029430922
0,76870,0.029413681
0,76880,0.02939645
0,76890,0.02937923
0,76900,0.02936202
0,76910,0.02934482
0,76920,0.029327631
0,76930,0.02931045
0,76940,0.029293282
0,76950,0.029276123
0,76960,0.029258974
0,76970,0.029241836
0,76980,0.029224709
0,76990,0.029207591
0,77000,0.029190483
0,77010,0.029173385
0,77020,0.0291563
0,77030,0.029139223
0,77040,0.029122155
0,77050,0.029105099
0,77060,0.029088052
0,77070,0.029071016
0,77080,0.029053992
0,77090,0.029036975
0,77100,0.02901997
0,77110,0.029002974
0,77120,0.02898599
0,77130,0.028969014
0,77140,0.02895205
0,77150,0.028935095
0,77160,0.02891815
0,77170,0.028901216
0,77180,0.028884292
0,77190,0.028867379
0,77200,0.028850473
0,77210,0.028833581
0,77220,0.028816696
0,77230,0.028799823
0,77240,0.02878296
0,77250,0.028766107
0,77260,0.028749263
0,77270,0.02873243
0,77280,0.028715607
0,77290,0.028698793
0,77300,0.02868199
0,77310,0.028665198
0,77320,0.028648414
0,77330,0.02863164
0,77340,0.028614879
0,77350,0.028598126
0,77360,0.028581383
0,77370,0.02856465
0,77380,0.028547928
0,77390,0.028531214
0,77400,0.028514512
0,77410,0.028497819
0,77420,0.028481137
0,77430,0.028464463
0,77440,0.028447801
0,77450,0.028431147
0,77460,0.028414505
0,77470,0.028397871
0,77480,0.028381249
0,77490,0.028364636
0,77500,0.028348032
0,77510,0.02833144
0,77520,0.028314857
0,77530,0.028298283
0,77540,0.02828172
0,77550,0.028265167
0,77560,0.028248623
0,77570,0.028232088
0,77580,0.028215565
0,77590,0.02819905
0,77600,0.028182548
0,77610,0.028166054
0,77620,0.02814957
0,77630,0.028133094
0,77640,0.02811663
0,77650,0.028100176
0,77660,0.02808373
0,77670,0.028067295
0,77680,0.02805087
0,77690,0.028034454
0,77700,0.02801805
0,77710,0.028001653
0,77720,0.027985267
0,77730,0.027968891
0,77740,0.027952526
0,77750,0.027936168
0,77760,0.027919821
0,77770,0.027903484
0,77780,0.027887158
0,77790,0.02787084
0,77800,0.027854532
0,77810,0.027838236
0,77820,0.027821947
0,77830,0.02780567
0,77840,0.027789399
0,77850,0.02777314
0,77860,0.027756892
0,77870,0.027740652
0,77880,0.027724423
0,77890,0.027708203
0,77900,0.027691992
0,77910,0.02767579
0,77920,0.0276596
0,77930,0.02764342
0,77940,0.027627248
0,77950,0.027611086
0,77960,0.027594933
0,77970,0.027578792
0,77980,0.027562657
0,77990,0.027546534
0,78000,0.02753042
0,78010,0.027514318
0,78020,0.027498223
0,78030,0.027482139
0,78040,0.027466062
0,78050,0.027449997
0,78060,0.027433941
0,78070,0.027417896
0,78080,0.027401859
0,78090,0.027385833
0,78100,0.027369814
0,78110,0.027353806
0,78120,0.027337808
0,78130,0.02732182
0,78140,0.02730584
0,78150,0.027289871
0,78160,0.02727391
0,78170,0.02725796
0,78180,0.02724202
0,78190,0.027226089
0,78200,0.027210167
0,78210,0.027194254
0,78220,0.02717835
0,78230,0.027162457
0,78240,0.027146574
0,78250,0.027130699
0,78260,0.027114835
0,78270,0.02709898
0,78280,0.027083134
0,78290,0.027067296
0,78300,0.02705147
0,78310,0.027035654
0,78320,0.027019845
0,78330,0.027004046
0,78340,0.026988257
0,78350,0.026972478
0,78360,0.026956707
0,78370,0.026940947
0,78380,0.026925195
0,78390,0.026909454
0,78400,0.026893722
0,78410,0.026877997
0,78420,0.026862284
0,78430,0.02684658
0,78440,0.026830886
0,78450,0.0268152
0,78460,0.026799524
0,78470,0.026783857
0,78480,0.0267682
0,78490,0.026752552
0,78500,0.026736913
0,78510,0.026721284
0,78520,0.026705664
0,78530,0.026690055
0,78540,0.026674453
0,78550,0.026658861
0,78560,0.026643278
0,78570,0.026627705
0,78580,0.026612142
0,78590,0.026596587
0,78600,0.026581042
0,78610,0.026565505
0,78620,0.026549978
0,78630,0.02653446
0,78640,0.026518954
0,78650,0.026503455
0,78660,0.026487965
0,78670,0.026472485
0,78680,0.026457014
0,78690,0.026441552
0,78700,0.0264261
0,78710,0.026410656
0,78720,0.026395222
0,78730,0.026379798
0,78740,0.026364382
0,78750,0.026348975
0,78760,0.026333578
0,78770,0.02631819
0,78780,0.02630281
0,78790,0.026287442
0,78800,0.02627208
0,78810,0.02625673
0,78820,0.026241388
0,78830,0.026226055
0,78840,0.026210733
0,78850,0.026195418
0,78860,0.026180113
0,78870,0.026164817
0,78880,0.02614953
0,78890,0.02613425
0,78900,0.026118983
0,78910,0.026103724
0,78920,0.026088472
0,78930,0.02607323
0,78940,0.026058
0,78950,0.026042776
0,78960,0.026027562
0,78970,0.026012357
0,78980,0.025997162
0,78990,0.025981974
0,79000,0.025966797
0,79010,0.025951628
0,79020,0.02593647
0,79030,0.025921319
0,79040,0.025906177
0,79050,0.025891045
0,79060,0.025875922
0,79070,0.025860807
0,79080,0.025845703
0,79090,0.025830606
0,79100,0.02581552
0,79110,0.025800442
0,79120,0.025785372
0,79130,0.025770312
0,79140,0.025755262
0,79150,0.02574022
0,79160,0.025725186
0,79170,0.025710162
0,79180,0.025695147
0,79190,0.025680142
0,79200,0.025665144
0,79210,0.025650157
0,79220,0.025635177
0,79230,0.025620207
0,79240,0.025605246
0,79250,0.025590293
0,79260,0.025575351
0,79270,0.025560416
0,79280,0.02554549
0,79290,0.025530575
0,79300,0.025515666
0,79310,0.025500767
0,79320,0.025485879
0,79330,0.025470996
0,79340,0.025456125
0,79350,0.025441263
0,79360,0.025426408
0,79370,0.025411563
0,79380,0.025396727
0,79390,0.025381899
0,79400,0.02536708
0,79410,0.025352271
0,79420,0.025337469
0,79430,0.025322678
0,79440,0.025307894
0,79450,0.02529312
0,79460,0.025278354
0,79470,0.025263598
0,79480,0.02524885
0,79490,0.02523411
0,79500,0.02521938
0,79510,0.025204659
0,79520,0.025189945
0,79530,0.025175242
0,79540,0.025160547
0,79550,0.02514586
0,79560,0.025131183
0,79570,0.025116514
0,79580,0.025101855
0,79590,0.025087204
0,79600,0.025072562
0,79610,0.025057929
0,79620,0.025043303
0,79630,0.025028687
0,79640,0.02501408
0,79650,0.02499948
0,79660,0.02498489
0,79670,0.02497031
0,79680,0.024955736
0,79690,0.024941174
0,79700,0.024926618
0,79710,0.024912072
0,79720,0.024897534
0,79730,0.024883006
0,79740,0.024868485
0,79750,0.024853973
0,79760,0.02483947
0,79770,0.024824977
0,79780,0.024810491
0,79790,0.024796015
0,79800,0.024781546
0,79810,0.024767086
0,79820,0.024752636
0,79830,0.024738193
0,79840,0.024723759
0,79850,0.024709335
0,79860,0.024694918
0,79870,0.02468051
0,79880,0.024666112
0,79890,0.024651721
0,79900,0.02463734
0,79910,0.024622966
0,79920,0.0246086
0,79930,0.024594245
0,79940,0.024579898
0,79950,0.024565559
0,79960,0.024551228
0,79970,0.024536906
0,79980,0.024522593
0,79990,0.024508288
0,80000,0.024493992
0,80010,0.024479704
0,80020,0.024465425
0,80030,0.024451155
0,80040,0.024436893
0,80050,0.02442264
0,80060,0.024408394
0,80070,0.024394158
0,80080,0.02437993
0,80090,0.02436571
0,80100,0.0243515
0,80110,0.024337297
0,80120,0.024323104
0,80130,0.024308918
0,80140,0.024294741
0,80150,0.024280572
0,80160,0.024266412
0,80170,0.024252262
0,80180,0.024238119
0,80190,0.024223983
0,80200,0.024209857
0,80210,0.02419574
0,80220,0.02418163
0,80230,0.02416753
0,80240,0.024153437
0,80250,0.024139354
0,80260,0.024125278
0,80270,0.024111211
0,80280,0.024097152
0,80290,0.024083102
0,80300,0.02406906
0,80310,0.024055026
0,80320,0.024041003
0,80330,0.024026986
0,80340,0.024012977
0,80350,0.023998978
0,80360,0.023984985
0,80370,0.023971003
0,80380,0.023957027
0,80390,0.023943061
0,80400,0.023929102
0,80410,0.023915153
0,80420,0.023901211
0,80430,0.023887279
0,80440,0.023873353
0,80450,0.023859438
0,80460,0.02384553
0,80470,0.02383163
0,80480,0.023817739
0,80490,0.023803854
0,80500,0.02378998
0,80510,0.023776114
0,80520,0.023762256
0,80530,0.023748405
0,80540,0.023734564
0,80550,0.02372073
0,80560,0.023706906
0,80570,0.023693088
0,80580,0.02367928
0,80590,0.02366548
0,80600,0.023651687
0,80610,0.023637904
0,80620,0.023624128
0,80630,0.02361036
0,80640,0.023596602
0,80650,0.02358285
0,80660,0.023569107
0,80670,0.023555374
0,80680,0.023541648
0,80690,0.02352793
0,80700,0.023514219
0,80710,0.023500517
0,80720,0.023486825
0,80730,0.023473138
0,80740,0.023459462
0,80750,0.023445792
0,80760,0.023432132
0,80770,0.023418479
0,80780,0.023404835
0,80790,0.023391198
0,80800,0.023377571
0,80810,0.023363952
0,80820,0.02335034
0,80830,0.023336735
0,80840,0.02332314
0,80850,0.023309553
0,80860,0.023295972
0,80870,0.023282401
0,80880,0.02326884
0,80890,0.023255285
0,80900,0.023241738
0,80910,0.023228198
0,80920,0.023214668
0,80930,0.023201145
0,80940,0.023187632
0,80950,0.023174124
0,80960,0.023160627
0,80970,0.023147136
0,80980,0.023133654
0,80990,0.02312018
0,81000,0.023106715
0,81010,0.023093255
0,81020,0.023079805
0,81030,0.023066364
0,81040,0.02305293
0,81050,0.023039505
0,81060,0.023026086
0,81070,0.023012677
0,81080,0.022999275
0,81090,0.022985881
0,81100,0.022972496
0,81110,0.022959119
0,81120,0.022945749
0,81130,0.022932386
0,81140,0.022919033
0,81150,0.022905687
0,81160,0.022892348
0,81170,0.02287902
0,81180,0.022865698
0,81190,0.022852384
0,81200,0.022839079
0,81210,0.02282578
0,81220,0.02281249
0,81230,0.022799209
0,81240,0.022785934
0,81250,0.022772668
0,81260,0.02275941
0,81270,0.022746159
0,81280,0.022732917
0,81290,0.022719683
0,81300,0.022706456
0,81310,0.022693237
0,81320,0.022680026
0,81330,0.022666823
0,81340,0.022653628
0,81350,0.02264044
0,81360,0.022627262
0,81370,0.022614092
0,81380,0.022600928
0,81390,0.022587772
0,81400,0.022574624
0,81410,0.022561485
0,81420,0.022548353
0,81430,0.02253523
0,81440,0.022522112
0,81450,0.022509003
0,81460,0.022495903
0,81470,0.02248281
0,81480,0.022469725
0,81490,0.022456648
0,81500,0.02244358
0,81510,0.022430517
0,81520,0.022417463
0,81530,0.022404417
0,81540,0.02239138
0,81550,0.02237835
0,81560,0.022365328
0,81570,0.022352312
0,81580,0.022339305
0,81590,0.022326307
0,81600,0.022313315
0,81610,0.02230033
0,81620,0.022287356
0,81630,0.022274388
0,81640,0.022261428
0,81650,0.022248475
0,81660,0.02223553
0,81670,0.022222593
0,81680,0.022209663
0,81690,0.022196742
0,81700,0.022183828
0,81710,0.022170922
0,81720,0.022158023
0,81730,0.022145133
0,81740,0.02213225
0,81750,0.022119375
0,81760,0.022106506
0,81770,0.022093646
0,81780,0.022080794
0,81790,0.02206795
0,81800,0.022055114
0,81810,0.022042284
0,81820,0.022029461
0,81830,0.022016648
0,81840,0.022003843
0,81850,0.021991044
0,81860,0.021978253
0,81870,0.02196547
0,81880,0.021952694
0,81890,0.021939926
0,81900,0.021927165
0,81910,0.021914413
0,81920,0.021901667
0,81930,0.02188893
0,81940,0.021876201
0,81950,0.021863477
0,81960,0.021850763
0,81970,0.021838056
0,81980,0.021825356
0,81990,0.021812664
0,82000,0.02179998
0,82010,0.021787304
0,82020,0.021774635
0,82030,0.021761972
0,82040,0.02174932
0,82050,0.021736672
0,82060,0.021724034
0,82070,0.021711404
0,82080,0.021698778
0,82090,0.021686163
0,82100,0.021673555
0,82110,0.021660954
0,82120,0.021648359
0,82130,0.021635773
0,82140,0.021623194
0,82150,0.021610623
0,82160,0.02159806
0,82170,0.021585504
0,82180,0.021572955
0,82190,0.021560416
0,82200,0.021547882
0,82210,0.021535356
0,82220,0.021522837
0,82230,0.021510325
0,82240,0.021497821
0,82250,0.021485327
0,82260,0.021472838
0,82270,0.021460356
0,82280,0.021447882
0,82290,0.021435417
0,82300,0.021422958
0,82310,0.021410506
0,82320,0.021398062
0,82330,0.021385627
0,82340,0.021373197
0,82350,0.021360775
0,82360,0.02134836
0,82370,0.021335956
0,82380,0.021323556
0,82390,0.021311164
0,82400,0.02129878
0,82410,0.021286402
0,82420,0.021274032
0,82430,0.02126167
0,82440,0.021249315
0,82450,0.021236967
0,82460,0.021224627
0,82470,0.021212295
0,82480,0.02119997
0,82490,0.021187652
0,82500,0.021175342
0,82510,0.021163037
0,82520,0.021150742
0,82530,0.021138454
0,82540,0.021126172
0,82550,0.021113899
0,82560,0.021101631
0,82570,0.021089371
0,82580,0.02107712
0,82590,0.021064876
0,82600,0.021052638
0,82610,0.021040408
0,82620,0.021028185
0,82630,0.02101597
0,82640,0.021003762
0,82650,0.020991562
0,82660,0.020979369
0,82670,0.020967182
0,82680,0.020955004
0,82690,0.020942831
0,82700,0.020930666
0,82710,0.02091851
0,82720,0.02090636
0,82730,0.020894218
0,82740,0.020882083
0,82750,0.020869955
0,82760,0.020857833
0,82770,0.02084572
0,82780,0.020833613
0,82790,0.020821515
0,82800,0.020809423
0,82810,0.020797338
0,82820,0.020785261
0,82830,0.020773191
0,82840,0.020761129
0,82850,0.020749073
0,82860,0.020737024
0,82870,0.020724982
0,82880,0.02071295
0,82890,0.020700922
0,82900,0.020688903
0,82910,0.02067689
0,82920,0.020664884
0,82930,0.020652886
0,82940,0.020640895
0,82950,0.02062891
0,82960,0.020616934
0,82970,0.020604964
0,82980,0.020593002
0,82990,0.020581048
0,83000,0.0205691
0,83010,0.020557158
0,83020,0.020545224
0,83030,0.020533297
0,83040,0.020521378
0,83050,0.020509467
0,83060,0.02049756
0,83070,0.020485662
0,83080,0.02047377
0,83090,0.020461887
0,83100,0.02045001
0,83110,0.02043814
0,83120,0.020426279
0,83130,0.020414423
0,83140,0.020402575
0,83150,0.020390732
0,83160,0.020378899
0,83170,0.020367071
0,83180,0.02035525
0,83190,0.020343438
0,83200,0.020331632
0,83210,0.020319832
0,83220,0.02030804
0,83230,0.020296255
0,83240,0.020284478
0,83250,0.020272708
0,83260,0.020260943
0,83270,0.020249186
0,83280,0.020237437
0,83290,0.020225694
0,83300,0.020213958
0,83310,0.02020223
0,83320,0.020190509
0,83330,0.020178793
0,83340,0.020167086
0,83350,0.020155385
0,83360,0.020143691
0,83370,0.020132005
0,83380,0.020120325
0,83390,0.020108653
0,83400,0.020096987
0,83410,0.020085327
0,83420,0.020073676
0,83430,0.020062031
0,83440,0.020050393
0,83450,0.020038763
0,83460,0.020027138
0,83470,0.020015521
0,83480,0.020003911
0,83490,0.019992309
0,83500,0.019980712
0,83510,0.019969122
0,83520,0.01995754
0,83530,0.019945964
0,83540,0.019934397
0,83550,0.019922836
0,83560,0.01991128
0,83570,0.019899732
0,83580,0.01988819
0,83590,0.019876657
0,83600,0.019865131
0,83610,0.01985361
0,83620,0.019842098
0,83630,0.01983059
0,83640,0.01981909
0,83650,0.019807598
0,83660,0.019796113
0,83670,0.019784633
0,83680,0.019773161
0,83690,0.019761696
0,83700,0.019750237
0,83710,0.019738786
0,83720,0.019727342
0,83730,0.019715903
0,83740,0.019704472
0,83750,0.019693049
0,83760,0.01968163
0,83770,0.01967022
0,83780,0.019658817
0,83790,0.01964742
0,83800,0.01963603
0,83810,0.019624647
0,83820,0.01961327
0,83830,0.0196019
0,83840,0.019590536
0,83850,0.019579181
0,83860,0.019567832
0,83870,0.019556489
0,83880,0.019545153
0,83890,0.019533824
0,83900,0.019522501
0,83910,0.019511187
0,83920,0.019499877
0,83930,0.019488577
0,83940,0.01947728
0,83950,0.019465992
0,83960,0.01945471
0,83970,0.019443436
0,83980,0.019432167
0,83990,0.019420905
0,84000,0.019409651
0,84010,0.019398402
0,84020,0.019387161
0,84030,0.019375928
0,84040,0.0193647
0,84050,0.019353477
0,84060,0.019342264
0,84070,0.019331057
0,84080,0.019319855
0,84090,0.01930866
0,84100,0.019297473
0,84110,0.019286292
0,84120,0.019275118
0,84130,0.01926395
0,84140,0.019252788
0,84150,0.019241635
0,84160,0.019230487
0,84170,0.019219346
0,84180,0.019208211
0,84190,0.019197084
0,84200,0.019185962
0,84210,0.019174848
0,84220,0.01916374
0,84230,0.01915264
0,84240,0.019141546
0,84250,0.019130457
0,84260,0.019119376
0,84270,0.019108301
0,84280,0.019097233
0,84290,0.019086173
0,84300,0.019075118
0,84310,0.019064069
0,84320,0.019053027
0,84330,0.019041993
0,84340,0.019030964
0,84350,0.019019943
0,84360,0.019008927
0,84370,0.018997919
0,84380,0.018986916
0,84390,0.018975921
0,84400,0.018964933
0,84410,0.018953951
0,84420,0.018942975
0,84430,0.018932005
0,84440,0.018921044
0,84450,0.018910088
0,84460,0.018899137
0,84470,0.018888194
0,84480,0.018877259
0,84490,0.018866329
0,84500,0.018855404
0,84510,0.018844487
0,84520,0.018833578
0,84530,0.018822674
0,84540,0.018811775
0,84550,0.018800884
0,84560,0.018790001
0,84570,0.018779123
0,84580,0.018768251
0,84590,0.018757386
0,84600,0.018746529
0,84610,0.018735677
0,84620,0.01872483
0,84630,0.018713992
0,84640,0.01870316
0,84650,0.018692335
0,84660,0.018681515
0,84670,0.018670702
0,84680,0.018659895
0,84690,0.018649096
0,84700,0.018638302
0,84710,0.018627515
0,84720,0.018616734
0,84730,0.01860596
0,84740,0.018595193
0,84750,0.01858443
0,84760,0.018573675
0,84770,0.018562926
0,84780,0.018552184
0,84790,0.01854145
0,84800,0.018530719
0,84810,0.018519998
0,84820,0.01850928
0,84830,0.01849857
0,84840,0.018487867
0,84850,0.01847717
0,84860,0.018466478
0,84870,0.018455794
0,84880,0.018445116
0,84890,0.018434444
0,84900,0.018423779
0,84910,0.018413119
0,84920,0.018402467
0,84930,0.018391822
0,84940,0.01838118
0,84950,0.018370546
0,84960,0.01835992
0,84970,0.0183493
0,84980,0.018338684
0,84990,0.018328076
0,85000,0.018317474
0,85010,0.01830688
0,85020,0.01829629
0,85030,0.018285707
0,85040,0.01827513
0,85050,0.01826456
0,85060,0.018253997
0,85070,0.01824344
0,85080,0.018232888
0,85090,0.018222343
0,85100,0.018211804
0,85110,0.018201271
0,85120,0.018190745
0,85130,0.018180225
0,85140,0.018169712
0,85150,0.018159205
0,85160,0.018148704
0,85170,0.01813821
0,85180,0.01812772
0,85190,0.01811724
0,85200,0.018106762
0,85210,0.018096294
0,85220,0.01808583
0,85230,0.018075373
0,85240,0.018064922
0,85250,0.018054478
0,85260,0.01804404
0,85270,0.018033607
0,85280,0.018023182
0,85290,0.018012762
0,85300,0.018002348
0,85310,0.017991941
0,85320,0.017981539
0,85330,0.017971145
0,85340,0.017960755
0,85350,0.017950373
0,85360,0.017939998
0,85370,0.017929627
0,85380,0.017919263
0,85390,0.017908907
0,85400,0.017898554
0,85410,0.017888209
0,85420,0.01787787
0,85430,0.017867537
0,85440,0.01785721
0,85450,0.01784689
0,85460,0.017836576
0,85470,0.017826267
0,85480,0.017815966
0,85490,0.01780567
0,85500,0.01779538
0,85510,0.017785097
0,85520,0.017774818
0,85530,0.017764548
0,85540,0.017754283
0,85550,0.017744023
0,85560,0.01773377
0,85570,0.017723523
0,85580,0.017713282
0,85590,0.017703047
0,85600,0.01769282
0,85610,0.017682597
0,85620,0.01767238
0,85630,0.017662171
0,85640,0.017651966
0,85650,0.017641768
0,85660,0.017631577
0,85670,0.01762139
0,85680,0.017611211
0,85690,0.017601037
0,85700,0.01759087
0,85710,0.017580708
0,85720,0.017570553
0,85730,0.017560404
0,85740,0.01755026
0,85750,0.017540123
0,85760,0.017529992
0,85770,0.017519867
0,85780,0.017509747
0,85790,0.017499635
0,85800,0.017489528
0,85810,0.017479427
0,85820,0.017469332
0,85830,0.017459244
0,85840,0.017449161
0,85850,0.017439084
0,85860,0.017429013
0,85870,0.017418947
0,85880,0.017408889
0,85890,0.017398836
0,85900,0.017388789
0,85910,0.01737875
0,85920,0.017368713
0,85930,0.017358685
0,85940,0.017348662
0,85950,0.017338645
0,85960,0.017328635
0,85970,0.01731863
0,85980,0.01730863
0,85990,0.017298639
0,86000,0.017288651
0,86010,0.01727867
0,86020,0.017268695
0,86030,0.017258726
0,86040,0.017248763
0,86050,0.017238805
0,86060,0.017228855
0,86070,0.01721891
0,86080,0.01720897
0,86090,0.017199036
0,86100,0.01718911
0,86110,0.017179187
0,86120,0.017169273
0,86130,0.017159361
0,86140,0.017149458
0,86150,0.017139561
0,86160,0.017129669
0,86170,0.017119782
0,86180,0.017109903
0,86190,0.017100029
0,86200,0.01709016
0,86210,0.017080298
0,86220,0.01707044
0,86230,0.01706059
0,86240,0.017050745
0,86250,0.017040906
0,86260,0.017031074
0,86270,0.017021246
0,86280,0.017011425
0,86290,0.01700161
0,86300,0.0169918
0,86310,0.016981997
0,86320,0.0169722
0,86330,0.016962407
0,86340,0.01695262
0,86350,0.01694284
0,86360,0.016933067
0,86370,0.016923297
0,86380,0.016913535
0,86390,0.016903777
0,86400,0.016894026
0,86410,0.01688428
0,86420,0.016874542
0,86430,0.016864808
0,86440,0.01685508
0,86450,0.016845359
0,86460,0.016835641
0,86470,0.016825931
0,86480,0.016816227
0,86490,0.016806528
0,86500,0.016796835
0,86510,0.016787147
0,86520,0.016777465
0,86530,0.01676779
0,86540,0.01675812
0,86550,0.016748456
0,86560,0.016738798
0,86570,0.016729144
0,86580,0.016719498
0,86590,0.016709857
0,86600,0.016700221
0,86610,0.016690593
0,86620,0.016680969
0,86630,0.01667135
0,86640,0.016661739
0,86650,0.016652131
0,86660,0.016642531
0,86670,0.016632935
0,86680,0.016623346
0,86690,0.016613763
0,86700,0.016604185
0,86710,0.016594613
0,86720,0.016585046
0,86730,0.016575485
0,86740,0.01656593
0,86750,0.01655638
0,86760,0.016546836
0,86770,0.0165373
0,86780,0.016527766
0,86790,0.016518239
0,86800,0.016508719
0,86810,0.016499205
0,86820,0.016489694
0,86830,0.01648019
0,86840,0.016470691
0,86850,0.0164612
0,86860,0.016451713
0,86870,0.016442232
0,86880,0.016432757
0,86890,0.016423287
0,86900,0.016413823
0,86910,0.016404362
0,86920,0.01639491
0,86930,0.016385464
0,86940,0.016376022
0,86950,0.016366586
0,86960,0.016357156
0,86970,0.01634773
0,86980,0.016338311
0,86990,0.016328897
0,87000,0.01631949
0,87010,0.016310088
0,87020,0.016300691
0,87030,0.0162913
0,87040,0.016281914
0,87050,0.016272536
0,87060,0.01626316
0,87070,0.016253792
0,87080,0.016244428
0,87090,0.016235072
0,87100,0.01622572
0,87110,0.016216373
0,87120,0.016207032
0,87130,0.016197698
0,87140,0.016188368
0,87150,0.016179044
0,87160,0.016169725
0,87170,0.016160414
0,87180,0.016151106
0,87190,0.016141804
0,87200,0.016132507
0,87210,0.016123217
0,87220,0.016113931
0,87230,0.016104652
0,87240,0.01609538
0,87250,0.01608611
0,87260,0.016076848
0,87270,0.01606759
0,87280,0.016058337
0,87290,0.01604909
0,87300,0.01603985
0,87310,0.016030615
0,87320,0.016021386
0,87330,0.016012162
0,87340,0.016002942
0,87350,0.01599373
0,87360,0.015984522
0,87370,0.015975319
0,87380,0.015966123
0,87390,0.01595693
0,87400,0.015947746
0,87410,0.015938565
0,87420,0.01592939
0,87430,0.015920222
0,87440,0.015911058
0,87450,0.015901899
0,87460,0.015892746
0,87470,0.015883598
0,87480,0.015874457
0,87490,0.01586532
0,87500,0.015856188
0,87510,0.015847063
0,87520,0.015837943
0,87530,0.015828827
0,87540,0.015819719
0,87550,0.015810614
0,87560,0.015801515
0,87570,0.015792424
0,87580,0.015783336
0,87590,0.015774254
0,87600,0.015765177
0,87610,0.015756106
0,87620,0.015747039
0,87630,0.015737979
0,87640,0.015728924
0,87650,0.015719874
0,87660,0.01571083
0,87670,0.015701791
0,87680,0.015692757
0,87690,0.01568373
0,87700,0.015674707
0,87710,0.01566569
0,87720,0.015656678
0,87730,0.01564767
0,87740,0.01563867
0,87750,0.015629673
0,87760,0.015620683
0,87770,0.015611699
0,87780,0.015602719
0,87790,0.015593745
0,87800,0.015584775
0,87810,0.015575812
0,87820,0.015566854
0,87830,0.015557901
0,87840,0.015548953
0,87850,0.015540011
0,87860,0.015531074
0,87870,0.015522142
0,87880,0.015513216
0,87890,0.015504295
0,87900,0.015495379
0,87910,0.0154864695
0,87920,0.015477564
0,87930,0.0154686645
0,87940,0.01545977
0,87950,0.015450881
0,87960,0.015441998
0,87970,0.01543312
0,87980,0.015424246
0,87990,0.015415378
0,88000,0.015406515
0,88010,0.015397659
0,88020,0.015388806
0,88030,0.01537996
0,88040,0.015371119
0,88050,0.015362282
0,88060,0.0153534515
0,88070,0.015344626
0,88080,0.015335806
0,88090,0.015326991
0,88100,0.015318181
0,88110,0.015309377
0,88120,0.0153005775
0,88130,0.015291783
0,88140,0.015282994
0,88150,0.015274211
0,88160,0.015265432
0,88170,0.01525666
0,88180,0.015247892
0,88190,0.015239129
0,88200,0.015230372
0,88210,0.01522162
0,88220,0.015212873
0,88230,0.015204132
0,88240,0.015195395
0,88250,0.015186664
0,88260,0.015177937
0,88270,0.015169217
0,88280,0.015160501
0,88290,0.015151791
0,88300,0.015143085
0,88310,0.015134386
0,88320,0.015125691
0,88330,0.015117001
0,88340,0.015108317
0,88350,0.015099637
0,88360,0.015090964
0,88370,0.015082294
0,88380,0.015073631
0,88390,0.015064972
0,88400,0.015056319
0,88410,0.01504767
0,88420,0.015039028
0,88430,0.01503039
0,88440,0.015021757
0,88450,0.015013129
0,88460,0.015004507
0,88470,0.01499589
0,88480,0.014987278
0,88490,0.0149786705
0,88500,0.014970069
0,88510,0.014961472
0,88520,0.01495288
0,88530,0.014944294
0,88540,0.014935712
0,88550,0.014927136
0,88560,0.014918565
0,88570,0.0149099985
0,88580,0.014901438
0,88590,0.014892883
0,88600,0.014884331
0,88610,0.014875786
0,88620,0.014867245
0,88630,0.01485871
0,88640,0.01485018
0,88650,0.014841654
0,88660,0.014833135
0,88670,0.0148246195
0,88680,0.014816109
0,88690,0.014807604
0,88700,0.014799105
0,88710,0.01479061
0,88720,0.0147821205
0,88730,0.014773636
0,88740,0.014765156
0,88750,0.014756681
0,88760,0.014748213
0,88770,0.014739748
0,88780,0.014731289
0,88790,0.014722834
0,88800,0.014714385
0,88810,0.014705941
0,88820,0.014697502
0,88830,0.014689068
0,88840,0.014680639
0,88850,0.014672215
0,88860,0.014663796
0,88870,0.014655381
0,88880,0.0146469725
0,88890,0.014638569
0,88900,0.01463017
0,88910,0.0146217765
0,88920,0.014613387
0,88930,0.014605003
0,88940,0.014596624
0,88950,0.014588251
0,88960,0.014579882
0,88970,0.014571518
0,88980,0.014563159
0,88990,0.014554805
0,89000,0.014546456
0,89010,0.014538112
0,89020,0.014529773
0,89030,0.014521439
0,89040,0.01451311
0,89050,0.014504786
0,89060,0.014496467
0,89070,0.014488152
0,89080,0.014479844
0,89090,0.014471539
0,89100,0.01446324
0,89110,0.014454946
0,89120,0.014446656
0,89130,0.014438372
0,89140,0.014430093
0,89150,0.014421818
0,89160,0.014413549
0,89170,0.014405284
0,89180,0.014397024
0,89190,0.014388769
0,89200,0.014380519
0,89210,0.014372274
0,89220,0.014364034
0,89230,0.014355799
0,89240,0.014347569
0,89250,0.014339344
0,89260,0.014331123
0,89270,0.014322908
0,89280,0.014314697
0,89290,0.014306491
0,89300,0.014298291
0,89310,0.014290094
0,89320,0.014281903
0,89330,0.014273718
0,89340,0.014265536
0,89350,0.01425736
0,89360,0.014249189
0,89370,0.014241022
0,89380,0.01423286
0,89390,0.014224703
0,89400,0.014216552
0,89410,0.014208404
0,89420,0.014200262
0,89430,0.014192125
0,89440,0.0141839925
0,89450,0.014175865
0,89460,0.014167742
0,89470,0.0141596235
0,89480,0.014151511
0,89490,0.014143402
0,89500,0.014135298
0,89510,0.0141272
0,89520,0.014119106
0,89530,0.014111017
0,89540,0.014102933
0,89550,0.014094854
0,89560,0.014086779
0,89570,0.014078709
0,89580,0.014070645
0,89590,0.014062584
0,89600,0.014054529
0,89610,0.014046479
0,89620,0.014038433
0,89630,0.014030392
0,89640,0.014022356
0,89650,0.014014325
0,89660,0.014006298
0,89670,0.013998277
0,89680,0.01399026
0,89690,0.013982248
0,89700,0.01397424
0,89710,0.013966238
0,89720,0.01395824
0,89730,0.013950247
0,89740,0.013942258
0,89750,0.013934275
0,89760,0.0139262965
0,89770,0.0139183225
0,89780,0.013910353
0,89790,0.0139023885
0,89800,0.013894429
0,89810,0.013886474
0,89820,0.013878524
0,89830,0.013870578
0,89840,0.013862638
0,89850,0.013854702
0,89860,0.013846771
0,89870,0.013838844
0,89880,0.013830923
0,89890,0.013823005
0,89900,0.013815093
0,89910,0.013807185
0,89920,0.013799282
0,89930,0.013791384
0,89940,0.01378349
0,89950,0.013775602
0,89960,0.013767717
0,89970,0.013759838
0,89980,0.013751964
0,89990,0.0137440935
0,90000,0.013736228
0,90010,0.013728368
0,90020,0.013720511
0,90030,0.01371266
0,90040,0.013704814
0,90050,0.013696972
0,90060,0.013689135
0,90070,0.013681303
0,90080,0.013673475
0,90090,0.013665652
0,90100,0.013657833
0,90110,0.01365002
0,90120,0.0136422105
0,90130,0.013634406
0,90140,0.013626606
0,90150,0.013618811
0,90160,0.0136110205
0,90170,0.013603234
0,90180,0.0135954525
0,90190,0.013587676
0,90200,0.013579904
0,90210,0.013572137
0,90220,0.013564374
0,90230,0.013556616
0,90240,0.013548863
0,90250,0.013541114
0,90260,0.01353337
0,90270,0.01352563
0,90280,0.013517895
0,90290,0.013510165
0,90300,0.0135024395
0,90310,0.013494718
0,90320,0.013487001
0,90330,0.01347929
0,90340,0.013471582
0,90350,0.013463879
0,90360,0.013456182
0,90370,0.013448488
0,90380,0.013440799
0,90390,0.013433115
0,90400,0.013425435
0,90410,0.013417759
0,90420,0.013410089
0,90430,0.013402423
0,90440,0.013394761
0,90450,0.0133871045
0,90460,0.013379452
0,90470,0.013371804
0,90480,0.01336416
0,90490,0.013356522
0,90500,0.013348888
0,90510,0.013341258
0,90520,0.013333634
0,90530,0.013326013
0,90540,0.013318397
0,90550,0.013310785
0,90560,0.013303179
0,90570,0.013295577
0,90580,0.013287979
0,90590,0.013280385
0,90600,0.013272797
0,90610,0.013265213
0,90620,0.013257633
0,90630,0.013250058
0,90640,0.013242487
0,90650,0.013234921
0,90660,0.013227359
0,90670,0.013219803
0,90680,0.01321225
0,90690,0.013204702
0,90700,0.013197158
0,90710,0.013189619
0,90720,0.013182085
0,90730,0.013174554
0,90740,0.013167029
0,90750,0.013159508
0,90760,0.013151991
0,90770,0.013144479
0,90780,0.013136972
0,90790,0.013129468
0,90800,0.013121969
0,90810,0.013114476
0,90820,0.013106985
0,90830,0.0130995
0,90840,0.01309202
0,90850,0.013084543
0,90860,0.013077071
0,90870,0.013069604
0,90880,0.013062141
0,90890,0.013054682
0,90900,0.013047228
0,90910,0.013039778
0,90920,0.013032333
0,90930,0.013024893
0,90940,0.013017456
0,90950,0.013010024
0,90960,0.013002597
0,90970,0.012995173
0,90980,0.012987755
0,90990,0.012980341
0,91000,0.01297293
0,91010,0.0129655255
0,91020,0.012958124
0,91030,0.012950728
0,91040,0.012943336
0,91050,0.012935949
0,91060,0.012928565
0,91070,0.012921186
0,91080,0.012913811
0,91090,0.012906441
0,91100,0.012899076
0,91110,0.012891714
0,91120,0.012884357
0,91130,0.012877005
0,91140,0.012869657
0,91150,0.012862313
0,91160,0.012854974
0,91170,0.012847639
0,91180,0.012840307
0,91190,0.0128329815
0,91200,0.0128256595
0,91210,0.012818342
0,91220,0.012811028
0,91230,0.01280372
0,91240,0.012796415
0,91250,0.012789115
0,91260,0.012781819
0,91270,0.012774528
0,91280,0.012767241
0,91290,0.012759958
0,91300,0.01275268
0,91310,0.012745406
0,91320,0.012738137
0,91330,0.012730871
0,91340,0.01272361
0,91350,0.012716353
0,91360,0.012709101
0,91370,0.012701852
0,91380,0.012694609
0,91390,0.012687369
0,91400,0.012680135
0,91410,0.012672904
0,91420,0.012665677
0,91430,0.012658455
0,91440,0.012651237
0,91450,0.012644024
0,91460,0.012636814
0,91470,0.01262961
0,91480,0.012622409
0,91490,0.012615212
0,91500,0.012608021
0,91510,0.012600833
0,91520,0.012593649
0,91530,0.01258647
0,91540,0.012579295
0,91550,0.012572124
0,91560,0.012564958
0,91570,0.012557795
0,91580,0.012550638
0,91590,0.012543485
0,91600,0.012536335
0,91610,0.01252919
0,91620,0.012522049
0,91630,0.0125149125
0,91640,0.01250778
0,91650,0.012500652
0,91660,0.012493528
0,91670,0.012486408
0,91680,0.012479293
0,91690,0.0124721825
0,91700,0.012465076
0,91710,0.012457973
0,91720,0.012450875
0,91730,0.012443781
0,91740,0.012436691
0,91750,0.012429605
0,91760,0.012422523
0,91770,0.012415446
0,91780,0.012408374
0,91790,0.012401304
0,91800,0.01239424
0,91810,0.01238718
0,91820,0.012380124
0,91830,0.012373072
0,91840,0.012366024
0,91850,0.01235898
0,91860,0.012351941
0,91870,0.012344906
0,91880,0.012337875
0,91890,0.012330848
0,91900,0.012323826
0,91910,0.012316807
0,91920,0.012309793
0,91930,0.012302783
0,91940,0.012295777
0,91950,0.012288775
0,91960,0.012281778
0,91970,0.012274785
0,91980,0.012267795
0,91990,0.0122608105
0,92000,0.01225383
0,92010,0.012246854
0,92020,0.012239881
0,92030,0.012232913
0,92040,0.012225948
0,92050,0.0122189885
0,92060,0.012212032
0,92070,0.01220508
0,92080,0.012198133
0,92090,0.012191189
0,92100,0.01218425
0,92110,0.012177315
0,92120,0.012170384
0,92130,0.012163457
0,92140,0.012156534
0,92150,0.012149615
0,92160,0.012142701
0,92170,0.012135791
0,92180,0.012128884
0,92190,0.012121982
0,92200,0.012115085
0,92210,0.01210819
0,92220,0.0121013
0,92230,0.012094415
0,92240,0.012087533
0,92250,0.012080655
0,92260,0.012073782
0,92270,0.012066913
0,92280,0.012060047
0,92290,0.012053186
0,92300,0.012046329
0,92310,0.012039476
0,92320,0.012032627
0,92330,0.012025783
0,92340,0.012018941
0,92350,0.012012105
0,92360,0.012005272
0,92370,0.011998444
0,92380,0.011991619
0,92390,0.011984799
0,92400,0.011977983
0,92410,0.011971171
0,92420,0.011964362
0,92430,0.011957559
0,92440,0.011950758
0,92450,0.011943962
0,92460,0.01193717
0,92470,0.011930383
0,92480,0.011923598
0,92490,0.011916819
0,92500,0.011910043
0,92510,0.011903271
0,92520,0.011896503
0,92530,0.01188974
0,92540,0.01188298
0,92550,0.011876225
0,92560,0.011869472
0,92570,0.011862725
0,92580,0.011855981
0,92590,0.011849242
0,92600,0.011842507
0,92610,0.011835775
0,92620,0.011829047
0,92630,0.011822324
0,92640,0.011815605
0,92650,0.011808889
0,92660,0.011802178
0,92670,0.0117954705
0,92680,0.011788767
0,92690,0.011782067
0,92700,0.011775372
0,92710,0.01176868
0,92720,0.011761993
0,92730,0.011755309
0,92740,0.01174863
0,92750,0.011741954
0,92760,0.011735283
0,92770,0.011728615
0,92780,0.011721951
0,92790,0.011715292
0,92800,0.011708636
0,92810,0.011701984
0,92820,0.011695337
0,92830,0.0116886925
0,92840,0.011682053
0,92850,0.0116754165
0,92860,0.0116687855
0,92870,0.011662157
0,92880,0.011655533
0,92890,0.011648913
0,92900,0.011642297
0,92910,0.011635684
0,92920,0.011629077
0,92930,0.011622472
0,92940,0.011615871
0,92950,0.011609275
0,92960,0.011602683
0,92970,0.011596094
0,92980,0.011589509
0,92990,0.011582929
0,93000,0.011576352
0,93010,0.011569778
0,93020,0.01156321
0,93030,0.011556645
0,93040,0.011550084
0,93050,0.011543526
0,93060,0.011536973
0,93070,0.011530424
0,93080,0.011523878
0,93090,0.011517337
0,93100,0.011510799
0,93110,0.011504265
0,93120,0.011497735
0,93130,0.011491208
0,93140,0.011484686
0,93150,0.011478168
0,93160,0.011471654
0,93170,0.011465143
0,93180,0.011458636
0,93190,0.011452134
0,93200,0.011445635
0,93210,0.01143914
0,93220,0.011432649
0,93230,0.011426162
0,93240,0.011419678
0,93250,0.011413199
0,93260,0.0114067225
0,93270,0.011400251
0,93280,0.011393783
0,93290,0.011387319
0,93300,0.011380859
0,93310,0.011374402
0,93320,0.01136795
0,93330,0.011361501
0,93340,0.0113550555
0,93350,0.0113486145
0,93360,0.011342178
0,93370,0.0113357445
0,93380,0.011329315
0,93390,0.011322889
0,93400,0.011316467
0,93410,0.011310049
0,93420,0.011303634
0,93430,0.011297224
0,93440,0.0112908175
0,93450,0.011284415
0,93460,0.011278016
0,93470,0.011271621
0,93480,0.011265229
0,93490,0.0112588415
0,93500,0.011252458
0,93510,0.011246079
0,93520,0.011239702
0,93530,0.01123333
0,93540,0.011226961
0,93550,0.011220597
0,93560,0.011214236
0,93570,0.011207879
0,93580,0.011201525
0,93590,0.011195175
0,93600,0.011188829
0,93610,0.011182487
0,93620,0.011176149
0,93630,0.0111698145
0,93640,0.011163484
0,93650,0.011157157
0,93660,0.011150834
0,93670,0.011144514
0,93680,0.011138199
0,93690,0.011131887
0,93700,0.011125579
0,93710,0.011119274
0,93720,0.011112974
0,93730,0.011106677
0,93740,0.0111003835
0,93750,0.011094094
0,93760,0.011087809
0,93770,0.011081527
0,93780,0.011075249
0,93790,0.011068975
0,93800,0.011062704
0,93810,0.011056437
0,93820,0.011050174
0,93830,0.011043915
0,93840,0.011037659
0,93850,0.011031407
0,93860,0.011025159
0,93870,0.011018914
0,93880,0.011012673
0,93890,0.011006436
0,93900,0.011000203
0,93910,0.010993973
0,93920,0.0109877465
0,93930,0.010981524
0,93940,0.010975306
0,93950,0.010969091
0,93960,0.01096288
0,93970,0.010956673
0,93980,0.0109504685
0,93990,0.010944269
0,94000,0.010938073
0,94010,0.01093188
0,94020,0.010925691
0,94030,0.010919506
0,94040,0.010913324
0,94050,0.010907146
0,94060,0.0109009715
0,94070,0.0108948015
0,94080,0.010888634
0,94090,0.010882471
0,94100,0.010876311
0,94110,0.010870156
0,94120,0.010864004
0,94130,0.010857855
0,94140,0.01085171
0,94150,0.010845569
0,94160,0.010839431
0,94170,0.010833297
0,94180,0.010827167
0,94190,0.01082104
0,94200,0.010814917
0,94210,0.010808798
0,94220,0.0108026825
0,94230,0.01079657
0,94240,0.010790462
0,94250,0.010784357
0,94260,0.010778256
0,94270,0.010772158
0,94280,0.010766065
0,94290,0.010759974
0,94300,0.010753888
0,94310,0.010747804
0,94320,0.010741726
0,94330,0.01073565
0,94340,0.010729577
0,94350,0.010723509
0,94360,0.010717444
0,94370,0.010711383
0,94380,0.010705325
0,94390,0.010699271
0,94400,0.01069322
0,94410,0.010687173
0,94420,0.010681131
0,94430,0.010675091
0,94440,0.010669054
0,94450,0.010663022
0,94460,0.010656994
0,94470,0.010650968
0,94480,0.010644946
0,94490,0.010638928
0,94500,0.010632914
0,94510,0.010626903
0,94520,0.010620896
0,94530,0.010614892
0,94540,0.010608892
0,94550,0.010602895
0,94560,0.010596902
0,94570,0.010590913
0,94580,0.010584926
0,94590,0.010578944
0,94600,0.010572965
0,94610,0.01056699
0,94620,0.010561018
0,94630,0.01055505
0,94640,0.010549085
0,94650,0.010543125
0,94660,0.010537167
0,94670,0.010531213
0,94680,0.010525263
0,94690,0.0105193155
0,94700,0.010513373
0,94710,0.010507433
0,94720,0.0105014965
0,94730,0.010495564
0,94740,0.010489635
0,94750,0.010483709
0,94760,0.010477787
0,94770,0.010471868
0,94780,0.0104659535
0,94790,0.010460041
0,94800,0.010454134
0,94810,0.0104482295
0,94820,0.010442329
0,94830,0.010436431
0,94840,0.010430537
0,94850,0.010424647
0,94860,0.01041876
0,94870,0.0104128765
0,94880,0.010406996
0,94890,0.0104011195
0,94900,0.010395247
0,94910,0.010389377
0,94920,0.010383512
0,94930,0.010377649
0,94940,0.01037179
0,94950,0.010365935
0,94960,0.010360083
0,94970,0.010354234
0,94980,0.010348389
0,94990,0.010342548
0,95000,0.010336709
0,95010,0.0103308745
0,95020,0.010325043
0,95030,0.010319216
0,95040,0.010313392
0,95050,0.010307571
0,95060,0.010301754
0,95070,0.010295941
0,95080,0.01029013
0,95090,0.010284323
0,95100,0.01027852
0,95110,0.01027272
0,95120,0.010266923
0,95130,0.0102611305
0,95140,0.0102553405
0,95150,0.010249554
0,95160,0.010243772
0,95170,0.010237993
0,95180,0.010232217
0,95190,0.010226444
0,95200,0.010220676
0,95210,0.01021491
0,95220,0.010209148
0,95230,0.010203389
0,95240,0.010197634
0,95250,0.010191882
0,95260,0.010186134
0,95270,0.010180389
0,95280,0.010174647
0,95290,0.010168909
0,95300,0.010163175
0,95310,0.010157444
0,95320,0.010151715
0,95330,0.010145991
0,95340,0.01014027
0,95350,0.010134553
0,95360,0.010128838
0,95370,0.010123127
0,95380,0.01011742
0,95390,0.010111716
0,95400,0.010106015
0,95410,0.010100318
0,95420,0.010094624
0,95430,0.010088934
0,95440,0.010083246
0,95450,0.010077563
0,95460,0.010071882
0,95470,0.010066206
0,95480,0.010060532
0,95490,0.010054862
0,95500,0.010049195
0,95510,0.010043532
0,95520,0.010037871
0,95530,0.010032214
0,95540,0.010026561
0,95550,0.010020912
0,95560,0.010015265
0,95570,0.010009621
0,95580,0.010003982
0,95590,0.009998345
0,95600,0.009992712
0,95610,0.009987082
0,95620,0.009981455
0,95630,0.009975833
0,95640,0.009970212
0,95650,0.0099645965
0,95660,0.009958983
0,95670,0.009953373
0,95680,0.0099477675
0,95690,0.009942164
0,95700,0.009936565
0,95710,0.009930968
0,95720,0.009925375
0,95730,0.009919785
0,95740,0.009914199
0,95750,0.009908616
0,95760,0.009903036
0,95770,0.009897459
0,95780,0.009891886
0,95790,0.009886317
0,95800,0.00988075
0,95810,0.009875187
0,95820,0.009869627
0,95830,0.00986407
0,95840,0.009858517
0,95850,0.009852967
0,95860,0.00984742
0,95870,0.009841877
0,95880,0.0098363375
0,95890,0.009830801
0,95900,0.009825267
0,95910,0.009819737
0,95920,0.00981421
0,95930,0.009808687
0,95940,0.009803166
0,95950,0.009797649
0,95960,0.009792135
0,95970,0.009786624
0,95980,0.009781118
0,95990,0.009775613
0,96000,0.009770113
0,96010,0.009764615
0,96020,0.009759122
0,96030,0.009753631
0,96040,0.009748143
0,96050,0.0097426595
0,96060,0.009737178
0,96070,0.009731701
0,96080,0.009726226
0,96090,0.009720755
0,96100,0.009715287
0,96110,0.009709822
0,96120,0.009704361
0,96130,0.009698902
0,96140,0.0096934475
0,96150,0.009687996
0,96160,0.009682547
0,96170,0.009677102
0,96180,0.00967166
0,96190,0.009666221
0,96200,0.009660786
0,96210,0.009655354
0,96220,0.009649924
0,96230,0.009644498
0,96240,0.009639076
0,96250,0.009633657
0,96260,0.00962824
0,96270,0.009622827
0,96280,0.009617418
0,96290,0.009612012
0,96300,0.009606608
0,96310,0.009601208
0,96320,0.009595811
0,96330,0.009590417
0,96340,0.009585027
0,96350,0.00957964
0,96360,0.009574256
0,96370,0.009568875
0,96380,0.009563497
0,96390,0.009558123
0,96400,0.009552752
0,96410,0.0095473835
0,96420,0.009542019
0,96430,0.0095366575
0,96440,0.009531299
0,96450,0.009525944
0,96460,0.009520591
0,96470,0.009515243
0,96480,0.009509897
0,96490,0.009504555
0,96500,0.0094992155
0,96510,0.009493879
0,96520,0.009488546
0,96530,0.009483216
0,96540,0.00947789
0,96550,0.009472566
0,96560,0.009467246
0,96570,0.009461929
0,96580,0.009456615
0,96590,0.009451304
0,96600,0.009445996
0,96610,0.009440692
0,96620,0.00943539
0,96630,0.009430092
0,96640,0.009424797
0,96650,0.0094195055
0,96660,0.0094142165
0,96670,0.009408931
0,96680,0.009403649
0,96690,0.009398369
0,96700,0.009393093
0,96710,0.00938782
0,96720,0.009382551
0,96730,0.009377283
0,96740,0.00937202
0,96750,0.009366759
0,96760,0.009361502
0,96770,0.009356248
0,96780,0.009350996
0,96790,0.009345748
0,96800,0.009340504
0,96810,0.009335262
0,96820,0.009330023
0,96830,0.009324788
0,96840,0.009319556
0,96850,0.009314327
0,96860,0.0093091
0,96870,0.009303877
0,96880,0.009298657
0,96890,0.00929344
0,96900,0.009288226
0,96910,0.0092830155
0,96920,0.0092778085
0,96930,0.009272604
0,96940,0.009267403
0,96950,0.009262204
0,96960,0.009257009
0,96970,0.009251817
0,96980,0.009246628
0,96990,0.009241442
0,97000,0.009236259
0,97010,0.009231079
0,97020,0.009225903
0,97030,0.00922073
0,97040,0.009215559
0,97050,0.009210391
0,97060,0.009205227
0,97070,0.009200065
0,97080,0.009194908
0,97090,0.009189752
0,97100,0.0091846
0,97110,0.0091794515
0,97120,0.009174305
0,97130,0.009169162
0,97140,0.009164022
0,97150,0.009158886
0,97160,0.009153752
0,97170,0.009148621
0,97180,0.009143494
0,97190,0.009138369
0,97200,0.009133248
0,97210,0.009128129
0,97220,0.009123014
0,97230,0.009117901
0,97240,0.009112792
0,97250,0.009107686
0,97260,0.009102583
0,97270,0.009097482
0,97280,0.009092385
0,97290,0.009087291
0,97300,0.0090822
0,97310,0.009077112
0,97320,0.009072026
0,97330,0.009066945
0,97340,0.0090618655
0,97350,0.00905679
0,97360,0.009051717
0,97370,0.009046647
0,97380,0.009041579
0,97390,0.009036516
0,97400,0.009031455
0,97410,0.009026397
0,97420,0.009021342
0,97430,0.00901629
0,97440,0.009011241
0,97450,0.009006195
0,97460,0.009001153
0,97470,0.008996112
0,97480,0.008991076
0,97490,0.008986042
0,97500,0.008981011
0,97510,0.008975983
0,97520,0.008970957
0,97530,0.008965936
0,97540,0.008960917
0,97550,0.008955901
0,97560,0.008950887
0,97570,0.008945878
0,97580,0.008940871
0,97590,0.008935867
0,97600,0.008930866
0,97610,0.008925867
0,97620,0.008920873
0,97630,0.00891588
0,97640,0.008910891
0,97650,0.008905904
0,97660,0.008900921
0,97670,0.008895941
0,97680,0.008890964
0,97690,0.008885989
0,97700,0.008881018
0,97710,0.008876049
0,97720,0.008871084
0,97730,0.008866121
0,97740,0.008861162
0,97750,0.008856205
0,97760,0.008851252
0,97770,0.008846301
0,97780,0.008841353
0,97790,0.008836408
0,97800,0.008831466
0,97810,0.008826527
0,97820,0.008821591
0,97830,0.008816658
0,97840,0.008811727
0,97850,0.0088068
0,97860,0.008801876
0,97870,0.0087969545
0,97880,0.008792035
0,97890,0.00878712
0,97900,0.008782207
0,97910,0.008777298
0,97920,0.008772391
0,97930,0.0087674875
0,97940,0.008762586
0,97950,0.008757688
0,97960,0.008752793
0,97970,0.008747901
0,97980,0.008743011
0,97990,0.008738125
0,98000,0.008733241
0,98010,0.008728361
0,98020,0.008723483
0,98030,0.008718608
0,98040,0.008713736
0,98050,0.008708867
0,98060,0.008704001
0,98070,0.008699138
0,98080,0.008694277
0,98090,0.00868942
0,98100,0.008684565
0,98110,0.008679714
0,98120,0.008674865
0,98130,0.008670019
0,98140,0.008665176
0,98150,0.008660336
0,98160,0.008655499
0,98170,0.008650664
0,98180,0.008645833
0,98190,0.008641004
0,98200,0.008636178
0,98210,0.008631355
0,98220,0.008626536
0,98230,0.008621718
0,98240,0.008616904
0,98250,0.008612093
0,98260,0.008607283
0,98270,0.008602478
0,98280,0.008597675
0,98290,0.008592875
0,98300,0.0085880775
0,98310,0.008583283
0,98320,0.008578492
0,98330,0.0085737035
0,98340,0.008568917
0,98350,0.008564135
0,98360,0.008559355
0,98370,0.008554577
0,98380,0.008549803
0,98390,0.008545031
0,98400,0.0085402625
0,98410,0.008535497
0,98420,0.008530733
0,98430,0.008525973
0,98440,0.008521216
0,98450,0.008516462
0,98460,0.00851171
0,98470,0.00850696
0,98480,0.008502214
0,98490,0.008497471
0,98500,0.008492731
0,98510,0.008487993
0,98520,0.008483258
0,98530,0.008478526
0,98540,0.008473797
0,98550,0.00846907
0,98560,0.008464347
0,98570,0.008459626
0,98580,0.008454909
0,98590,0.008450193
0,98600,0.008445481
0,98610,0.008440771
0,98620,0.008436064
0,98630,0.00843136
0,98640,0.008426659
0,98650,0.00842196
0,98660,0.0084172655
0,98670,0.008412573
0,98680,0.008407882
0,98690,0.008403195
0,98700,0.0083985105
0,98710,0.008393829
0,98720,0.00838915
0,98730,0.008384474
0,98740,0.0083798
0,98750,0.00837513
0,98760,0.008370463
0,98770,0.008365798
0,98780,0.008361135
0,98790,0.008356475
0,98800,0.008351819
0,98810,0.008347165
0,98820,0.008342514
0,98830,0.008337866
0,98840,0.00833322
0,98850,0.0083285775
0,98860,0.008323937
0,98870,0.0083193
0,98880,0.008314665
0,98890,0.008310033
0,98900,0.008305404
0,98910,0.0083007775
0,98920,0.008296154
0,98930,0.008291533
0,98940,0.008286915
0,98950,0.0082823
0,98960,0.008277687
0,98970,0.008273077
0,98980,0.00826847
0,98990,0.0082638655
0,99000,0.008259264
0,99010,0.008254665
0,99020,0.008250069
0,99030,0.008245476
0,99040,0.008240885
0,99050,0.008236297
0,99060,0.008231712
0,99070,0.0082271295
0,99080,0.008222549
0,99090,0.008217972
0,99100,0.008213398
0,99110,0.008208826
0,99120,0.008204257
0,99130,0.008199691
0,99140,0.008195127
0,99150,0.008190567
0,99160,0.008186009
0,99170,0.008181453
0,99180,0.0081769
0,99190,0.00817235
0,99200,0.008167803
0,99210,0.008163258
0,99220,0.008158716
0,99230,0.008154177
0,99240,0.008149641
0,99250,0.008145107
0,99260,0.008140576
0,99270,0.008136048
0,99280,0.008131522
0,99290,0.008126999
0,99300,0.008122479
0,99310,0.008117961
0,99320,0.008113446
0,99330,0.008108933
0,99340,0.008104424
0,99350,0.008099917
0,99360,0.008095413
0,99370,0.008090911
0,99380,0.008086412
0,99390,0.008081917
0,99400,0.008077423
0,99410,0.008072932
0,99420,0.008068443
0,99430,0.008063958
0,99440,0.008059476
0,99450,0.008054995
0,99460,0.008050517
0,99470,0.008046042
0,99480,0.00804157
0,99490,0.008037101
0,99500,0.008032634
0,99510,0.008028169
0,99520,0.008023708
0,99530,0.008019249
0,99540,0.008014793
0,99550,0.008010339
0,99560,0.008005888
0,99570,0.008001439
0,99580,0.007996994
0,99590,0.007992551
0,99600,0.00798811
0,99610,0.007983672
0,99620,0.0079792375
0,99630,0.007974804
0,99640,0.007970375
0,99650,0.0079659475
0,99660,0.007961523
0,99670,0.007957101
0,99680,0.007952681
0,99690,0.0079482645
0,99700,0.00794385
0,99710,0.007939438
0,99720,0.007935029
0,99730,0.007930623
0,99740,0.00792622
0,99750,0.007921819
0,99760,0.00791742
0,99770,0.007913024
0,99780,0.007908631
0,99790,0.007904241
0,99800,0.0078998525
0,99810,0.007895467
0,99820,0.007891084
0,99830,0.007886704
0,99840,0.007882327
0,99850,0.0078779515
0,99860,0.007873579
0,99870,0.007869209
0,99880,0.007864842
0,99890,0.007860477
0,99900,0.007856116
0,99910,0.007851756
0,99920,0.007847399
0,99930,0.007843045
0,99940,0.007838693
0,99950,0.007834344
0,99960,0.007829998
0,99970,0.007825654
0,99980,0.007821312
0,99990,0.007816973
0,100000,0.007812638
0,100010,0.007808304
0,100020,0.007803973
0,100030,0.0077996445
0,100040,0.0077953185
0,100050,0.007790995
0,100060,0.0077866744
0,100070,0.007782356
0,100080,0.0077780406
0,100090,0.007773727
0,100100,0.007769417
0,100110,0.0077651087
0,100120,0.0077608037
0,100130,0.0077565005
0,100140,0.0077522006
0,100150,0.0077479025
0,100160,0.0077436077
0,100170,0.007739315
0,100180,0.0077350247
0,100190,0.0077307373
0,100200,0.0077264523
0,100210,0.00772217
0,100220,0.00771789
0,100230,0.0077136126
0,100240,0.007709338
0,100250,0.0077050654
0,100260,0.007700796
0,100270,0.0076965285
0,100280,0.007692264
0,100290,0.0076880017
0,100300,0.0076837423
0,100310,0.0076794853
0,100320,0.0076752305
0,100330,0.0076709785
0,100340,0.007666729
0,100350,0.007662482
0,100360,0.0076582376
0,100370,0.0076539954
0,100380,0.007649756
0,100390,0.0076455195
0,100400,0.0076412847
0,100410,0.0076370533
0,100420,0.0076328237
0,100430,0.007628597
0,100440,0.0076243724
0,100450,0.0076201507
0,100460,0.0076159313
0,100470,0.007611715
0,100480,0.0076075
0,100490,0.0076032886
0,100500,0.007599079
0,100510,0.0075948723
0,100520,0.007590668
0,100530,0.007586466
0,100540,0.007582267
0,100550,0.00757807
0,100560,0.0075738756
0,100570,0.0075696837
0,100580,0.0075654946
0,100590,0.0075613074
0,100600,0.0075571234
0,100610,0.0075529413
0,100620,0.007548762
0,100630,0.007544585
0,100640,0.0075404104
0,100650,0.0075362385
0,100660,0.007532069
0,100670,0.007527902
0,100680,0.0075237374
0,100690,0.0075195753
0,100700,0.0075154155
0,100710,0.0075112586
0,100720,0.007507104
0,100730,0.0075029517
0,100740,0.0074988017
0,100750,0.0074946545
0,100760,0.0074905097
0,100770,0.0074863676
0,100780,0.0074822274
0,100790,0.00747809
0,100800,0.007473955
0,100810,0.0074698227
0,100820,0.0074656922
0,100830,0.0074615646
0,100840,0.00745744
0,100850,0.007453317
0,100860,0.0074491967
0,100870,0.007445079
0,100880,0.0074409633
0,100890,0.0074368506
0,100900,0.0074327397
0,100910,0.0074286317
0,100920,0.0074245264
0,100930,0.007420423
0,100940,0.0074163224
0,100950,0.007412224
0,100960,0.007408128
0,100970,0.0074040345
0,100980,0.0073999437
0,100990,0.007395855
0,101000,0.007391769
0,101010,0.007387685
0,101020,0.0073836036
0,101030,0.007379525
0,101040,0.0073754485
0,101050,0.0073713744
0,101060,0.0073673027
0,101070,0.0073632332
0,101080,0.0073591666
0,101090,0.007355102
0,101100,0.00735104
0,101110,0.0073469807
0,101120,0.0073429234
0,101130,0.0073388685
0,101140,0.0073348163
0,101150,0.0073307664
0,101160,0.007326719
0,101170,0.0073226737
0,101180,0.007318631
0,101190,0.0073145903
0,101200,0.0073105525
0,101210,0.007306517
0,101220,0.007302484
0,101230,0.007298453
0,101240,0.007294425
0,101250,0.0072903987
0,101260,0.007286375
0,101270,0.007282354
0,101280,0.007278335
0,101290,0.0072743185
0,101300,0.0072703045
0,101310,0.007266293
0,101320,0.0072622835
0,101330,0.0072582765
0,101340,0.0072542722
0,101350,0.00725027
0,101360,0.0072462703
0,101370,0.0072422726
0,101380,0.0072382777
0,101390,0.007234285
0,101400,0.007230295
0,101410,0.007226307
0,101420,0.0072223214
0,101430,0.007218338
0,101440,0.007214357
0,101450,0.0072103785
0,101460,0.0072064027
0,101470,0.0072024288
0,101480,0.0071984576
0,101490,0.0071944883
0,101500,0.007190522
0,101510,0.0071865576
0,101520,0.0071825953
0,101530,0.007178636
0,101540,0.0071746786
0,101550,0.0071707238
0,101560,0.007166771
0,101570,0.0071628205
0,101580,0.0071588727
0,101590,0.007154927
0,101600,0.007150984
0,101610,0.007147043
0,101620,0.0071431044
0,101630,0.0071391687
0,101640,0.007135235
0,101650,0.007131303
0,101660,0.007127374
0,101670,0.007123447
0,101680,0.0071195224
0,101690,0.0071156
0,101700,0.00711168
0,101710,0.0071077626
0,101720,0.007103848
0,101730,0.007099935
0,101740,0.007096024
0,101750,0.007092116
0,101760,0.00708821
0,101770,0.0070843063
0,101780,0.007080405
0,101790,0.007076506
0,101800,0.0070726094
0,101810,0.007068715
0,101820,0.0070648226
0,101830,0.007060933
0,101840,0.0070570456
0,101850,0.0070531606
0,101860,0.0070492774
0,101870,0.007045397
0,101880,0.0070415186
0,101890,0.007037643
0,101900,0.007033769
0,101910,0.007029898
0,101920,0.007026029
0,101930,0.007022162
0,101940,0.0070182974
0,101950,0.0070144353
0,101960,0.0070105754
0,101970,0.007006718
0,101980,0.0070028626
0,101990,0.0069990098
0,102000,0.006995159
0,102010,0.0069913105
0,102020,0.0069874646
0,102030,0.0069836206
0,102040,0.006979779
0,102050,0.0069759395
0,102060,0.0069721024
0,102070,0.0069682677
0,102080,0.0069644353
0,102090,0.0069606053
0,102100,0.006956777
0,102110,0.0069529517
0,102120,0.006949128
0,102130,0.006945307
0,102140,0.006941488
0,102150,0.0069376715
0,102160,0.006933857
0,102170,0.006930045
0,102180,0.0069262353
0,102190,0.0069224276
0,102200,0.006918622
0,102210,0.006914819
0,102220,0.0069110184
0,102230,0.00690722
0,102240,0.006903424
0,102250,0.0068996297
0,102260,0.006895838
0,102270,0.0068920483
0,102280,0.006888261
0,102290,0.006884476
0,102300,0.006880693
0,102310,0.006876913
0,102320,0.0068731345
0,102330,0.0068693585
0,102340,0.0068655848
0,102350,0.006861813
0,102360,0.0068580434
0,102370,0.0068542766
0,102380,0.0068505118
0,102390,0.0068467488
0,102400,0.0068429885
0,102410,0.00683923
0,102420,0.006835474
0,102430,0.0068317205
0,102440,0.006827969
0,102450,0.0068242196
0,102460,0.006820473
0,102470,0.006816728
0,102480,0.0068129855
0,102490,0.006809245
0,102500,0.0068055065
0,102510,0.0068017705
0,102520,0.006798037
0,102530,0.0067943055
0,102540,0.006790576
0,102550,0.006786849
0,102560,0.006783124
0,102570,0.0067794016
0,102580,0.006775681
0,102590,0.0067719626
0,102600,0.0067682466
0,102610,0.0067645325
0,102620,0.006760821
0,102630,0.0067571118
0,102640,0.006753404
0,102650,0.0067496994
0,102660,0.0067459964
0,102670,0.006742296
0,102680,0.006738597
0,102690,0.006734901
0,102700,0.006731207
0,102710,0.006727515
0,102720,0.0067238254
0,102730,0.006720138
0,102740,0.006716452
0,102750,0.006712769
0,102760,0.006709088
0,102770,0.0067054094
0,102780,0.0067017325
0,102790,0.0066980585
0,102800,0.006694386
0,102810,0.006690716
0,102820,0.006687048
0,102830,0.006683382
0,102840,0.006679719
0,102850,0.0066760574
0,102860,0.006672398
0,102870,0.006668741
0,102880,0.0066650864
0,102890,0.0066614333
0,102900,0.006657783
0,102910,0.0066541345
0,102920,0.0066504884
0,102930,0.006646844
0,102940,0.006643202
0,102950,0.0066395625
0,102960,0.006635925
0,102970,0.0066322894
0,102980,0.0066286563
0,102990,0.006625025
0,103000,0.006621396
0,103010,0.0066177696
0,103020,0.006614145
0,103030,0.006610522
0,103040,0.006606902
0,103050,0.006603284
0,103060,0.0065996675
0,103070,0.0065960535
0,103080,0.006592442
0,103090,0.006588832
0,103100,0.0065852245
0,103110,0.0065816194
0,103120,0.006578016
0,103130,0.006574415
0,103140,0.006570816
0,103150,0.0065672193
0,103160,0.0065636244
0,103170,0.006560032
0,103180,0.0065564415
0,103190,0.006552853
0,103200,0.006549267
0,103210,0.006545683
0,103220,0.006542101
0,103230,0.006538521
0,103240,0.0065349434
0,103250,0.006531368
0,103260,0.0065277945
0,103270,0.006524223
0,103280,0.0065206536
0,103290,0.0065170866
0,103300,0.0065135215
0,103310,0.0065099588
0,103320,0.0065063983
0,103330,0.0065028393
0,103340,0.006499283
0,103350,0.0064957286
0,103360,0.006492176
0,103370,0.006488626
0,103380,0.0064850776
0,103390,0.0064815315
0,103400,0.006477988
0,103410,0.006474446
0,103420,0.006470906
0,103430,0.0064673685
0,103440,0.006463833
0,103450,0.0064602997
0,103460,0.006456768
0,103470,0.006453239
0,103480,0.006449712
0,103490,0.006446187
0,103500,0.0064426637
0,103510,0.006439143
0,103520,0.0064356243
0,103530,0.0064321076
0,103540,0.006428593
0,103550,0.0064250804
0,103560,0.0064215697
0,103570,0.0064180614
0,103580,0.006414555
0,103590,0.006411051
0,103600,0.0064075487
0,103610,0.0064040488
0,103620,0.0064005507
0,103630,0.0063970545
0,103640,0.0063935607
0,103650,0.006390069
0,103660,0.0063865795
0,103670,0.0063830917
0,103680,0.006379606
0,103690,0.0063761226
0,103700,0.0063726413
0,103710,0.006369162
0,103720,0.0063656843
0,103730,0.006362209
0,103740,0.0063587357
0,103750,0.0063552647
0,103760,0.0063517955
0,103770,0.0063483287
0,103780,0.0063448637
0,103790,0.0063414006
0,103800,0.0063379398
0,103810,0.006334481
0,103820,0.006331024
0,103830,0.0063275695
0,103840,0.0063241166
0,103850,0.006320666
0,103860,0.0063172174
0,103870,0.006313771
0,103880,0.0063103265
0,103890,0.006306884
0,103900,0.0063034436
0,103910,0.006300005
0,103920,0.0062965686
0,103930,0.0062931343
0,103940,0.006289702
0,103950,0.006286272
0,103960,0.0062828436
0,103970,0.0062794173
0,103980,0.0062759933
0,103990,0.006272571
0,104000,0.006269151
0,104010,0.006265733
0,104020,0.006262317
0,104030,0.0062589026
0,104040,0.0062554907
0,104050,0.0062520807
0,104060,0.0062486725
0,104070,0.0062452666
0,104080,0.0062418627
0,104090,0.006238461
0,104100,0.0062350607
0,104110,0.0062316633
0,104120,0.006228267
0,104130,0.0062248735
0,104140,0.0062214816
0,104150,0.0062180916
0,104160,0.006214704
0,104170,0.006211318
0,104180,0.006207934
0,104190,0.006204552
0,104200,0.0062011722
0,104210,0.0061977943
0,104220,0.0061944188
0,104230,0.006191045
0,104240,0.006187673
0,104250,0.006184303
0,104260,0.0061809355
0,104270,0.0061775697
0,104280,0.006174206
0,104290,0.0061708437
0,104300,0.006167484
0,104310,0.006164126
0,104320,0.00616077
0,104330,0.0061574164
0,104340,0.0061540646
0,104350,0.0061507146
0,104360,0.0061473665
0,104370,0.0061440207
0,104380,0.006140677
0,104390,0.0061373347
0,104400,0.0061339946
0,104410,0.0061306567
0,104420,0.0061273207
0,104430,0.0061239866
0,104440,0.0061206543
0,104450,0.0061173243
0,104460,0.006113996
0,104470,0.00611067
0,104480,0.0061073457
0,104490,0.006104023
0,104500,0.006100703
0,104510,0.0060973847
0,104520,0.0060940683
0,104530,0.0060907537
0,104540,0.0060874415
0,104550,0.006084131
0,104560,0.0060808226
0,104570,0.006077516
0,104580,0.0060742116
0,104590,0.0060709086
0,104600,0.006067608
0,104610,0.0060643093
0,104620,0.0060610124
0,104630,0.006057718
0,104640,0.0060544247
0,104650,0.006051134
0,104660,0.006047845
0,104670,0.006044558
0,104680,0.006041273
0,104690,0.0060379896
0,104700,0.0060347086
0,104710,0.0060314294
0,104720,0.006028152
0,104730,0.0060248766
0,104740,0.006021603
0,104750,0.0060183317
0,104760,0.006015062
0,104770,0.0060117943
0,104780,0.0060085286
0,104790,0.006005265
0,104800,0.0060020033
0,104810,0.005998743
0,104820,0.0059954855
0,104830,0.005992229
0,104840,0.005988975
0,104850,0.005985723
0,104860,0.0059824726
0,104870,0.0059792246
0,104880,0.005975978
0,104890,0.0059727337
0,104900,0.005969491
0,104910,0.0059662503
0,104920,0.0059630116
0,104930,0.005959775
0,104940,0.00595654
0,104950,0.005953307
0,104960,0.005950076
0,104970,0.0059468467
0,104980,0.0059436196
0,104990,0.005940394
0,105000,0.0059371707
0,105010,0.0059339493
0,105020,0.0059307297
0,105030,0.005927512
0,105040,0.005924296
0,105050,0.005921082
0,105060,0.0059178704
0,105070,0.00591466
0,105080,0.005911452
0,105090,0.0059082457
0,105100,0.0059050415
0,105110,0.0059018387
0,105120,0.005898638
0,105130,0.0058954395
0,105140,0.005892243
0,105150,0.005889048
0,105160,0.005885855
0,105170,0.0058826637
0,105180,0.0058794743
0,105190,0.005876287
0,105200,0.0058731018
0,105210,0.005869918
0,105220,0.005866736
0,105230,0.0058635566
0,105240,0.0058603785
0,105250,0.0058572027
0,105260,0.0058540283
0,105270,0.005850856
0,105280,0.0058476855
0,105290,0.005844517
0,105300,0.00584135
0,105310,0.0058381855
0,105320,0.005835023
0,105330,0.0058318614
0,105340,0.0058287024
0,105350,0.005825545
0,105360,0.00582239
0,105370,0.005819236
0,105380,0.0058160843
0,105390,0.0058129346
0,105400,0.0058097867
0,105410,0.0058066403
0,105420,0.005803496
0,105430,0.005800354
0,105440,0.0057972134
0,105450,0.0057940744
0,105460,0.0057909377
0,105470,0.005787803
0,105480,0.0057846694
0,105490,0.0057815383
0,105500,0.005778409
0,105510,0.005775281
0,105520,0.0057721557
0,105530,0.005769032
0,105540,0.00576591
0,105550,0.00576279
0,105560,0.0057596713
0,105570,0.005756555
0,105580,0.0057534403
0,105590,0.0057503274
0,105600,0.0057472168
0,105610,0.0057441075
0,105620,0.005741
0,105630,0.0057378947
0,105640,0.005734791
0,105650,0.0057316897
0,105660,0.0057285894
0,105670,0.0057254913
0,105680,0.005722395
0,105690,0.005719301
0,105700,0.0057162084
0,105710,0.005713118
0,105720,0.0057100286
0,105730,0.0057069417
0,105740,0.0057038562
0,105750,0.0057007726
0,105760,0.0056976913
0,105770,0.0056946115
0,105780,0.0056915334
0,105790,0.0056884573
0,105800,0.005685383
0,105810,0.0056823106
0,105820,0.0056792395
0,105830,0.005676171
0,105840,0.005673104
0,105850,0.0056700385
0,105860,0.005666975
0,105870,0.0056639137
0,105880,0.005660854
0,105890,0.005657796
0,105900,0.0056547397
0,105910,0.005651685
0,105920,0.0056486325
0,105930,0.0056455815
0,105940,0.005642533
0,105950,0.0056394855
0,105960,0.00563644
0,105970,0.0056333966
0,105980,0.005630355
0,105990,0.005627315
0,106000,0.0056242766
0,106010,0.0056212405
0,106020,0.0056182058
0,106030,0.005615173
0,106040,0.005612142
0,106050,0.005609113
0,106060,0.0056060855
0,106070,0.0056030597
0,106080,0.005600036
0,106090,0.005597014
0,106100,0.0055939937
0,106110,0.0055909753
0,106120,0.0055879587
0,106130,0.0055849436
0,106140,0.0055819307
0,106150,0.0055789193
0,106160,0.0055759097
0,106170,0.005572902
0,106180,0.005569896
0,106190,0.0055668917
0,106200,0.0055638896
0,106210,0.005560889
0,106220,0.00555789
0,106230,0.0055548926
0,106240,0.0055518975
0,106250,0.0055489037
0,106260,0.0055459123
0,106270,0.0055429223
0,106280,0.0055399337
0,106290,0.0055369474
0,106300,0.0055339625
0,106310,0.0055309795
0,106320,0.0055279983
0,106330,0.005525019
0,106340,0.0055220416
0,106350,0.0055190655
0,106360,0.0055160914
0,106370,0.005513119
0,106380,0.005510148
0,106390,0.0055071795
0,106400,0.0055042123
0,106410,0.005501247
0,106420,0.0054982835
0,106430,0.0054953215
0,106440,0.0054923613
0,106450,0.005489403
0,106460,0.0054864464
0,106470,0.0054834913
0,106480,0.0054805386
0,106490,0.005477587
0,106500,0.0054746373
0,106510,0.0054716896
0,106520,0.0054687434
0,106530,0.005465799
0,106540,0.0054628565
0,106550,0.0054599154
0,106560,0.005456976
0,106570,0.0054540387
0,106580,0.005451103
0,106590,0.005448169
0,106600,0.005445237
0,106610,0.0054423064
0,106620,0.005439378
0,106630,0.0054364507
0,106640,0.0054335254
0,106650,0.005430602
0,106660,0.00542768
0,106670,0.00542476
0,106680,0.0054218415
0,106690,0.005418925
0,106700,0.00541601
0,106710,0.005413097
0,106720,0.005410185
0,106730,0.0054072756
0,106740,0.0054043676
0,106750,0.005401461
0,106760,0.0053985566
0,106770,0.0053956537
0,106780,0.0053927526
0,106790,0.005389853
0,106800,0.005386955
0,106810,0.005384059
0,106820,0.0053811646
0,106830,0.0053782724
0,106840,0.005375381
0,106850,0.005372492
0,106860,0.0053696046
0,106870,0.005366719
0,106880,0.0053638346
0,106890,0.005360952
0,106900,0.0053580715
0,106910,0.005355193
0,106920,0.0053523155
0,106930,0.00534944
0,106940,0.005346566
0,106950,0.005343694
0,106960,0.0053408234
0,106970,0.0053379545
0,106980,0.0053350874
0,106990,0.005332222
0,107000,0.0053293584
0,107010,0.0053264964
0,107020,0.0053236363
0,107030,0.0053207777
0,107040,0.005317921
0,107050,0.0053150654
0,107060,0.005312212
0,107070,0.00530936
0,107080,0.00530651
0,107090,0.0053036613
0,107100,0.0053008143
0,107110,0.0052979696
0,107120,0.005295126
0,107130,0.0052922843
0,107140,0.0052894442
0,107150,0.0052866056
0,107160,0.0052837688
0,107170,0.005280934
0,107180,0.0052781003
0,107190,0.0052752686
0,107200,0.0052724387
0,107210,0.0052696103
0,107220,0.0052667838
0,107230,0.0052639586
0,107240,0.0052611353
0,107250,0.005258314
0,107260,0.005255494
0,107270,0.005252675
0,107280,0.005249859
0,107290,0.0052470434
0,107300,0.0052442304
0,107310,0.0052414187
0,107320,0.0052386085
0,107330,0.0052358
0,107340,0.0052329935
0,107350,0.0052301884
0,107360,0.005227385
0,107370,0.005224583
0,107380,0.005221783
0,107390,0.0052189846
0,107400,0.005216188
0,107410,0.005213393
0,107420,0.0052105994
0,107430,0.0052078078
0,107440,0.0052050175
0,107450,0.0052022287
0,107460,0.005199442
0,107470,0.0051966566
0,107480,0.0051938733
0,107490,0.0051910914
0,107500,0.005188311
0,107510,0.0051855324
0,107520,0.005182755
0,107530,0.00517998
0,107540,0.0051772064
0,107550,0.0051744343
0,107560,0.0051716636
0,107570,0.005168895
0,107580,0.005166128
0,107590,0.0051633622
0,107600,0.005160598
0,107610,0.005157836
0,107620,0.0051550753
0,107630,0.0051523163
0,107640,0.0051495587
0,107650,0.005146803
0,107660,0.005144049
0,107670,0.0051412964
0,107680,0.0051385458
0,107690,0.0051357965
0,107700,0.0051330486
0,107710,0.0051303026
0,107720,0.0051275585
0,107730,0.0051248153
0,107740,0.0051220744
0,107750,0.005119335
0,107760,0.005116597
0,107770,0.0051138606
0,107780,0.0051111258
0,107790,0.005108393
0,107800,0.005105661
0,107810,0.0051029315
0,107820,0.005100203
0,107830,0.0050974768
0,107840,0.0050947517
0,107850,0.0050920285
0,107860,0.0050893067
0,107870,0.0050865863
0,107880,0.005083868
0,107890,0.005081151
0,107900,0.0050784354
0,107910,0.005075722
0,107920,0.0050730095
0,107930,0.005070299
0,107940,0.00506759
0,107950,0.005064883
0,107960,0.005062177
0,107970,0.0050594728
0,107980,0.0050567705
0,107990,0.005054069
0,108000,0.0050513702
0,108010,0.005048672
0,108020,0.005045976
0,108030,0.0050432817
0,108040,0.0050405883
0,108050,0.0050378973
0,108060,0.005035207
0,108070,0.005032519
0,108080,0.0050298325
0,108090,0.0050271475
0,108100,0.005024464
0,108110,0.005021782
0,108120,0.005019102
0,108130,0.005016423
0,108140,0.0050137457
0,108150,0.0050110705
0,108160,0.005008396
0,108170,0.005005724
0,108180,0.005003053
0,108190,0.005000384
0,108200,0.0049977163
0,108210,0.0049950504
0,108220,0.004992386
0,108230,0.0049897227
0,108240,0.0049870615
0,108250,0.0049844016
0,108260,0.004981743
0,108270,0.0049790866
0,108280,0.0049764314
0,108290,0.004973778
0,108300,0.004971126
0,108310,0.0049684756
0,108320,0.004965827
0,108330,0.0049631796
0,108340,0.0049605337
0,108350,0.0049578897
0,108360,0.004955247
0,108370,0.0049526063
0,108380,0.004949967
0,108390,0.004947329
0,108400,0.0049446924
0,108410,0.0049420577
0,108420,0.0049394243
0,108430,0.004936793
0,108440,0.004934163
0,108450,0.004931534
0,108460,0.004928907
0,108470,0.0049262815
0,108480,0.0049236575
0,108490,0.0049210354
0,108500,0.0049184146
0,108510,0.0049157953
0,108520,0.0049131773
0,108530,0.0049105613
0,108540,0.0049079466
0,108550,0.0049053337
0,108560,0.004902722
0,108570,0.0049001123
0,108580,0.0048975036
0,108590,0.004894897
0,108600,0.0048922915
0,108610,0.0048896875
0,108620,0.004887085
0,108630,0.004884484
0,108640,0.004881885
0,108650,0.0048792874
0,108660,0.0048766914
0,108670,0.0048740967
0,108680,0.0048715034
0,108690,0.004868912
0,108700,0.0048663216
0,108710,0.0048637334
0,108720,0.004861146
0,108730,0.004858561
0,108740,0.004855977
0,108750,0.0048533943
0,108760,0.0048508137
0,108770,0.0048482344
0,108780,0.0048456565
0,108790,0.00484308
0,108800,0.0048405053
0,108810,0.004837932
0,108820,0.00483536
0,108830,0.00483279
0,108840,0.004830221
0,108850,0.004827654
0,108860,0.004825088
0,108870,0.004822524
0,108880,0.0048199613
0,108890,0.0048174
0,108900,0.0048148404
0,108910,0.0048122825
0,108920,0.0048097256
0,108930,0.0048071705
0,108940,0.004804617
0,108950,0.004802065
0,108960,0.004799514
0,108970,0.004796965
0,108980,0.0047944174
0,108990,0.004791871
0,109000,0.004789327
0,109010,0.004786784
0,109020,0.0047842423
0,109030,0.004781702
0,109040,0.0047791633
0,109050,0.0047766264
0,109060,0.004774091
0,109070,0.0047715567
0,109080,0.004769024
0,109090,0.004766493
0,109100,0.004763963
0,109110,0.004761435
0,109120,0.0047589084
0,109130,0.004756383
0,109140,0.0047538597
0,109150,0.0047513377
0,109160,0.004748817
0,109170,0.004746298
0,109180,0.00474378
0,109190,0.0047412636
0,109200,0.004738749
0,109210,0.004736236
0,109220,0.004733724
0,109230,0.0047312137
0,109240,0.0047287047
0,109250,0.0047261976
0,109260,0.004723692
0,109270,0.0047211875
0,109280,0.0047186846
0,109290,0.004716183
0,109300,0.004713683
0,109310,0.0047111847
0,109320,0.004708688
0,109330,0.004706192
0,109340,0.004703698
0,109350,0.0047012055
0,109360,0.0046987142
0,109370,0.004696225
0,109380,0.0046937363
0,109390,0.0046912497
0,109400,0.0046887645
0,109410,0.0046862806
0,109420,0.0046837986
0,109430,0.0046813176
0,109440,0.0046788384
0,109450,0.00467636
0,109460,0.004673884
0,109470,0.004671409
0,109480,0.004668935
0,109490,0.0046664635
0,109500,0.0046639927
0,109510,0.0046615233
0,109520,0.0046590557
0,109530,0.0046565896
0,109540,0.004654125
0,109550,0.0046516615
0,109560,0.0046491995
0,109570,0.004646739
0,109580,0.00464428
0,109590,0.0046418225
0,109600,0.0046393666
0,109610,0.0046369117
0,109620,0.0046344586
0,109630,0.004632007
0,109640,0.0046295566
0,109650,0.0046271076
0,109660,0.00462466
0,109670,0.0046222145
0,109680,0.0046197698
0,109690,0.004617327
0,109700,0.004614885
0,109710,0.004612445
0,109720,0.004610006
0,109730,0.004607569
0,109740,0.004605133
0,109750,0.0046026986
0,109760,0.0046002655
0,109770,0.004597834
0,109780,0.0045954036
0,109790,0.004592975
0,109800,0.0045905476
0,109810,0.004588122
0,109820,0.0045856973
0,109830,0.0045832745
0,109840,0.0045808526
0,109850,0.0045784325
0,109860,0.004576014
0,109870,0.0045735966
0,109880,0.004571181
0,109890,0.0045687663
0,109900,0.0045663533
0,109910,0.0045639416
0,109920,0.0045615314
0,109930,0.004559123
0,109940,0.0045567155
0,109950,0.0045543094
0,109960,0.004551905
0,109970,0.004549502
0,109980,0.0045471005
0,109990,0.0045447
0,110000,0.0045423014
0,110010,0.0045399037
0,110020,0.004537508
0,110030,0.0045351135
0,110040,0.00453272
0,110050,0.0045303283
0,110060,0.004527938
0,110070,0.0045255492
0,110080,0.0045231613
0,110090,0.0045207753
0,110100,0.0045183906
0,110110,0.0045160074
0,110120,0.0045136255
0,110130,0.004511245
0,110140,0.004508866
0,110150,0.004506488
0,110160,0.0045041116
0,110170,0.0045017367
0,110180,0.0044993632
0,110190,0.004496991
0,110200,0.0044946205
0,110210,0.004492251
0,110220,0.0044898833
0,110230,0.004487517
0,110240,0.0044851517
0,110250,0.004482788
0,110260,0.0044804257
0,110270,0.004478065
0,110280,0.0044757053
0,110290,0.0044733468
0,110300,0.00447099
0,110310,0.0044686347
0,110320,0.004466281
0,110330,0.0044639283
0,110340,0.004461577
0,110350,0.004459227
0,110360,0.0044568786
0,110370,0.0044545317
0,110380,0.0044521857
0,110390,0.0044498416
0,110400,0.004447499
0,110410,0.004445157
0,110420,0.004442817
0,110430,0.004440478
0,110440,0.004438141
0,110450,0.0044358047
0,110460,0.0044334703
0,110470,0.004431137
0,110480,0.004428805
0,110490,0.004426474
0,110500,0.0044241454
0,110510,0.0044218176
0,110520,0.004419491
0,110530,0.004417166
0,110540,0.0044148425
0,110550,0.00441252
0,110560,0.004410199
0,110570,0.0044078794
0,110580,0.0044055614
0,110590,0.0044032447
0,110600,0.004400929
0,110610,0.004398615
0,110620,0.004396302
0,110630,0.0043939906
0,110640,0.004391681
0,110650,0.004389372
0,110660,0.004387065
0,110670,0.004384759
0,110680,0.0043824543
0,110690,0.004380151
0,110700,0.0043778494
0,110710,0.0043755486
0,110720,0.0043732496
0,110730,0.0043709516
0,110740,0.0043686554
0,110750,0.00436636
0,110760,0.0043640663
0,110770,0.0043617743
0,110780,0.0043594833
0,110790,0.0043571936
0,110800,0.004354905
0,110810,0.004352618
0,110820,0.0043503325
0,110830,0.004348048
0,110840,0.0043457653
0,110850,0.0043434836
0,110860,0.0043412033
0,110870,0.0043389243
0,110880,0.0043366468
0,110890,0.0043343706
0,110900,0.004332096
0,110910,0.004329822
0,110920,0.00432755
0,110930,0.004325279
0,110940,0.0043230094
0,110950,0.004320741
0,110960,0.0043184743
0,110970,0.004316209
0,110980,0.0043139444
0,110990,0.0043116817
0,111000,0.00430942
0,111010,0.00430716
0,111020,0.004304901
0,111030,0.0043026437
0,111040,0.004300387
0,111050,0.0042981324
0,111060,0.004295879
0,111070,0.0042936266
0,111080,0.0042913756
0,111090,0.004289126
0,111100,0.004286878
0,111110,0.004284631
0,111120,0.0042823856
0,111130,0.004280141
0,111140,0.004277898
0,111150,0.0042756563
0,111160,0.004273416
0,111170,0.004271177
0,111180,0.0042689396
0,111190,0.004266703
0,111200,0.004264468
0,111210,0.004262234
0,111220,0.0042600017
0,111230,0.0042577707
0,111240,0.004255541
0,111250,0.0042533125
0,111260,0.004251085
0,111270,0.0042488594
0,111280,0.004246635
0,111290,0.004244412
0,111300,0.0042421897
0,111310,0.004239969
0,111320,0.0042377496
0,111330,0.0042355317
0,111340,0.004233315
0,111350,0.0042310995
0,111360,0.0042288858
0,111370,0.004226673
0,111380,0.0042244615
0,111390,0.004222251
0,111400,0.0042200424
0,111410,0.0042178347
0,111420,0.0042156284
0,111430,0.0042134235
0,111440,0.00421122
0,111450,0.0042090174
0,111460,0.004206816
0,111470,0.0042046164
0,111480,0.004202418
0,111490,0.0042002206
0,111500,0.004198025
0,111510,0.0041958303
0,111520,0.004193637
0,111530,0.0041914447
0,111540,0.0041892543
0,111550,0.0041870647
0,111560,0.0041848766
0,111570,0.0041826894
0,111580,0.004180504
0,111590,0.0041783196
0,111600,0.0041761366
0,111610,0.004173955
0,111620,0.0041717743
0,111630,0.0041695954
0,111640,0.0041674175
0,111650,0.0041652406
0,111660,0.0041630655
0,111670,0.0041608913
0,111680,0.0041587185
0,111690,0.004156547
0,111700,0.004154377
0,111710,0.004152208
0,111720,0.0041500404
0,111730,0.0041478737
0,111740,0.004145709
0,111750,0.004143545
0,111760,0.0041413824
0,111770,0.0041392213
0,111780,0.004137061
0,111790,0.0041349023
0,111800,0.004132745
0,111810,0.004130589
0,111820,0.0041284338
0,111830,0.00412628
0,111840,0.004124128
0,111850,0.0041219764
0,111860,0.0041198265
0,111870,0.004117678
0,111880,0.0041155308
0,111890,0.0041133845
0,111900,0.0041112397
0,111910,0.0041090962
0,111920,0.004106954
0,111930,0.004104813
0,111940,0.0041026734
0,111950,0.0041005346
0,111960,0.0040983977
0,111970,0.004096261
0,111980,0.0040941266
0,111990,0.0040919934
0,112000,0.004089861
0,112010,0.00408773
0,112020,0.0040856004
0,112030,0.004083472
0,112040,0.0040813447
0,112050,0.0040792185
0,112060,0.004077094
0,112070,0.0040749703
0,112080,0.0040728482
0,112090,0.004070727
0,112100,0.0040686075
0,112110,0.004066489
0,112120,0.004064372
0,112130,0.004062256
0,112140,0.0040601413
0,112150,0.0040580276
0,112160,0.0040559154
0,112170,0.0040538046
0,112180,0.0040516946
0,112190,0.004049586
0,112200,0.004047479
0,112210,0.004045373
0,112220,0.004043268
0,112230,0.004041164
0,112240,0.004039062
0,112250,0.004036961
0,112260,0.004034861
0,112270,0.0040327627
0,112280,0.004030665
0,112290,0.004028569
0,112300,0.004026474
0,112310,0.0040243804
0,112320,0.0040222877
0,112330,0.004020197
0,112340,0.0040181065
0,112350,0.004016018
0,112360,0.0040139304
0,112370,0.004011844
0,112380,0.004009759
0,112390,0.004007675
0,112400,0.0040055923
0,112410,0.004003511
0,112420,0.0040014307
0,112430,0.003999352
0,112440,0.003997274
0,112450,0.003995198
0,112460,0.0039931224
0,112470,0.0039910483
0,112480,0.003988975
0,112490,0.003986904
0,112500,0.003984833
0,112510,0.003982764
0,112520,0.003980696
0,112530,0.003978629
0,112540,0.003976564
0,112550,0.0039744996
0,112560,0.0039724363
0,112570,0.0039703744
0,112580,0.003968314
0,112590,0.003966254
0,112600,0.003964196
0,112610,0.0039621387
0,112620,0.003960083
0,112630,0.0039580283
0,112640,0.0039559747
0,112650,0.0039539225
0,112660,0.003951872
0,112670,0.003949822
0,112680,0.003947773
0,112690,0.0039457255
0,112700,0.0039436794
0,112710,0.0039416347
0,112720,0.003939591
0,112730,0.003937548
0,112740,0.0039355066
0,112750,0.0039334665
0,112760,0.0039314274
0,112770,0.0039293896
0,112780,0.003927353
0,112790,0.0039253174
0,112800,0.0039232834
0,112810,0.0039212503
0,112820,0.0039192187
0,112830,0.003917188
0,112840,0.0039151586
0,112850,0.00391313
0,112860,0.003911103
0,112870,0.0039090775
0,112880,0.003907053
0,112890,0.0039050293
0,112900,0.003903007
0,112910,0.0039009857
0,112920,0.003898966
0,112930,0.0038969473
0,112940,0.0038949295
0,112950,0.0038929132
0,112960,0.003890898
0,112970,0.003888884
0,112980,0.0038868713
0,112990,0.0038848596
0,113000,0.0038828491
0,113010,0.00388084
0,113020,0.0038788319
0,113030,0.0038768249
0,113040,0.0038748193
0,113050,0.0038728148
0,113060,0.0038708113
0,113070,0.0038688092
0,113080,0.0038668083
0,113090,0.0038648082
0,113100,0.0038628096
0,113110,0.0038608122
0,113120,0.0038588159
0,113130,0.0038568208
0,113140,0.0038548268
0,113150,0.003852834
0,113160,0.0038508424
0,113170,0.003848852
0,113180,0.0038468626
0,113190,0.0038448744
0,113200,0.0038428877
0,113210,0.003840902
0,113220,0.0038389172
0,113230,0.0038369338
0,113240,0.0038349514
0,113250,0.0038329703
0,113260,0.0038309905
0,113270,0.0038290117
0,113280,0.003827034
0,113290,0.0038250575
0,113300,0.0038230822
0,113310,0.003821108
0,113320,0.003819135
0,113330,0.0038171632
0,113340,0.0038151927
0,113350,0.0038132232
0,113360,0.0038112549
0,113370,0.0038092877
0,113380,0.0038073214
0,113390,0.0038053566
0,113400,0.0038033929
0,113410,0.0038014303
0,113420,0.003799469
0,113430,0.0037975085
0,113440,0.0037955495
0,113450,0.0037935916
0,113460,0.0037916347
0,113470,0.0037896791
0,113480,0.0037877245
0,113490,0.003785771
0,113500,0.003783819
0,113510,0.003781868
0,113520,0.003779918
0,113530,0.0037779692
0,113540,0.0037760215
0,113550,0.003774075
0,113560,0.0037721298
0,113570,0.0037701854
0,113580,0.0037682424
0,113590,0.0037663004
0,113600,0.0037643597
0,113610,0.00376242
0,113620,0.0037604815
0,113630,0.003758544
0,113640,0.0037566079
0,113650,0.0037546728
0,113660,0.003752739
0,113670,0.003750806
0,113680,0.0037488744
0,113690,0.0037469438
0,113700,0.0037450143
0,113710,0.003743086
0,113720,0.0037411589
0,113730,0.003739233
0,113740,0.0037373079
0,113750,0.0037353842
0,113760,0.0037334615
0,113770,0.00373154
0,113780,0.0037296196
0,113790,0.0037277003
0,113800,0.0037257823
0,113810,0.0037238654
0,113820,0.0037219494
0,113830,0.0037200346
0,113840,0.003718121
0,113850,0.0037162085
0,113860,0.0037142972
0,113870,0.0037123868
0,113880,0.0037104778
0,113890,0.0037085698
0,113900,0.003706663
0,113910,0.0037047572
0,113920,0.0037028524
0,113930,0.003700949
0,113940,0.0036990466
0,113950,0.0036971453
0,113960,0.003695245
0,113970,0.003693346
0,113980,0.003691448
0,113990,0.003689551
0,114000,0.0036876553
0,114010,0.0036857608
0,114020,0.0036838674
0,114030,0.003681975
0,114040,0.0036800837
0,114050,0.0036781935
0,114060,0.0036763044
0,114070,0.0036744163
0,114080,0.0036725295
0,114090,0.0036706438
0,114100,0.0036687593
0,114110,0.0036668757
0,114120,0.0036649932
0,114130,0.003663112
0,114140,0.0036612318
0,114150,0.0036593527
0,114160,0.0036574746
0,114170,0.0036555978
0,114180,0.003653722
0,114190,0.0036518471
0,114200,0.0036499735
0,114210,0.0036481011
0,114220,0.0036462296
0,114230,0.0036443595
0,114240,0.0036424901
0,114250,0.0036406221
0,114260,0.003638755
0,114270,0.0036368892
0,114280,0.0036350244
0,114290,0.0036331606
0,114300,0.003631298
0,114310,0.0036294365
0,114320,0.003627576
0,114330,0.0036257168
0,114340,0.0036238583
0,114350,0.0036220013
0,114360,0.0036201451
0,114370,0.0036182902
0,114380,0.0036164362
0,114390,0.0036145835
0,114400,0.0036127316
0,114410,0.003610881
0,114420,0.0036090314
0,114430,0.003607183
0,114440,0.0036053357
0,114450,0.0036034894
0,114460,0.0036016442
0,114470,0.0035998
0,114480,0.0035979568
0,114490,0.003596115
0,114500,0.003594274
0,114510,0.003592434
0,114520,0.0035905954
0,114530,0.0035887577
0,114540,0.0035869211
0,114550,0.0035850857
0,114560,0.0035832513
0,114570,0.003581418
0,114580,0.0035795856
0,114590,0.0035777544
0,114600,0.0035759243
0,114610,0.0035740952
0,114620,0.0035722672
0,114630,0.0035704405
0,114640,0.0035686146
0,114650,0.0035667897
0,114660,0.0035649661
0,114670,0.0035631435
0,114680,0.0035613219
0,114690,0.0035595014
0,114700,0.003557682
0,114710,0.0035558636
0,114720,0.0035540464
0,114730,0.00355223
0,114740,0.003550415
0,114750,0.003548601
0,114760,0.003546788
0,114770,0.0035449758
0,114780,0.003543165
0,114790,0.003541355
0,114800,0.0035395464
0,114810,0.0035377387
0,114820,0.003535932
0,114830,0.0035341263
0,114840,0.003532322
0,114850,0.0035305184
0,114860,0.003528716
0,114870,0.0035269146
0,114880,0.0035251142
0,114890,0.003523315
0,114900,0.0035215167
0,114910,0.0035197197
0,114920,0.0035179236
0,114930,0.0035161285
0,114940,0.0035143346
0,114950,0.0035125415
0,114960,0.0035107497
0,114970,0.003508959
0,114980,0.0035071692
0,114990,0.0035053804
0,115000,0.0035035927
0,115010,0.003501806
0,115020,0.0035000204
0,115030,0.003498236
0,115040,0.0034964525
0,115050,0.00349467
0,115060,0.0034928885
0,115070,0.0034911083
0,115080,0.0034893288
0,115090,0.0034875507
0,115100,0.0034857735
0,115110,0.0034839972
0,115120,0.003482222
0,115130,0.003480448
0,115140,0.003478675
0,115150,0.0034769028
0,115160,0.003475132
0,115170,0.003473362
0,115180,0.003471593
0,115190,0.003469825
0,115200,0.0034680583
0,115210,0.0034662925
0,115220,0.0034645277
0,115230,0.003462764
0,115240,0.0034610012
0,115250,0.0034592396
0,115260,0.003457479
0,115270,0.0034557194
0,115280,0.0034539609
0,115290,0.0034522032
0,115300,0.0034504468
0,115310,0.0034486912
0,115320,0.0034469368
0,115330,0.0034451834
0,115340,0.0034434309
0,115350,0.0034416795
0,115360,0.0034399293
0,115370,0.0034381798
0,115380,0.0034364315
0,115390,0.0034346844
0,115400,0.0034329381
0,115410,0.0034311928
0,115420,0.0034294487
0,115430,0.0034277055
0,115440,0.0034259635
0,115450,0.003424222
0,115460,0.0034224822
0,115470,0.003420743
0,115480,0.0034190048
0,115490,0.003417268
0,115500,0.003415532
0,115510,0.003413797
0,115520,0.0034120628
0,115530,0.0034103298
0,115540,0.0034085978
0,115550,0.003406867
0,115560,0.003405137
0,115570,0.003403408
0,115580,0.0034016802
0,115590,0.0033999532
0,115600,0.0033982273
0,115610,0.0033965025
0,115620,0.0033947786
0,115630,0.0033930556
0,115640,0.0033913339
0,115650,0.003389613
0,115660,0.003387893
0,115670,0.0033861743
0,115680,0.0033844565
0,115690,0.0033827396
0,115700,0.0033810239
0,115710,0.003379309
0,115720,0.0033775952
0,115730,0.0033758825
0,115740,0.0033741707
0,115750,0.00337246
0,115760,0.00337075
0,115770,0.0033690413
0,115780,0.0033673334
0,115790,0.0033656268
0,115800,0.0033639208
0,115810,0.003362216
0,115820,0.0033605124
0,115830,0.0033588095
0,115840,0.0033571078
0,115850,0.003355407
0,115860,0.003353707
0,115870,0.0033520083
0,115880,0.0033503105
0,115890,0.0033486136
0,115900,0.003346918
0,115910,0.0033452231
0,115920,0.0033435293
0,115930,0.0033418364
0,115940,0.0033401444
0,115950,0.0033384536
0,115960,0.0033367637
0,115970,0.003335075
0,115980,0.003333387
0,115990,0.0033317
0,116000,0.0033300142
0,116010,0.0033283292
0,116020,0.0033266454
0,116030,0.0033249622
0,116040,0.0033232803
0,116050,0.0033215994
0,116060,0.0033199193
0,116070,0.0033182404
0,116080,0.0033165624
0,116090,0.0033148853
0,116100,0.0033132092
0,116110,0.0033115342
0,116120,0.00330986
0,116130,0.0033081868
0,116140,0.0033065146
0,116150,0.0033048436
0,116160,0.0033031732
0,116170,0.003301504
0,116180,0.0032998358
0,116190,0.0032981685
0,116200,0.0032965024
0,116210,0.003294837
0,116220,0.0032931727
0,116230,0.0032915093
0,116240,0.003289847
0,116250,0.0032881855
0,116260,0.0032865251
0,116270,0.0032848655
0,116280,0.003283207
0,116290,0.0032815496
0,116300,0.003279893
0,116310,0.0032782375
0,116320,0.0032765828
0,116330,0.0032749292
0,116340,0.0032732764
0,116350,0.0032716247
0,116360,0.003269974
0,116370,0.0032683243
0,116380,0.0032666754
0,116390,0.0032650277
0,116400,0.0032633806
0,116410,0.0032617347
0,116420,0.0032600898
0,116430,0.0032584458
0,116440,0.0032568027
0,116450,0.0032551608
0,116460,0.0032535195
0,116470,0.0032518795
0,116480,0.00325024
0,116490,0.003248602
0,116500,0.0032469647
0,116510,0.0032453283
0,116520,0.003243693
0,116530,0.0032420587
0,116540,0.0032404251
0,116550,0.0032387928
0,116560,0.003237161
0,116570,0.0032355306
0,116580,0.003233901
0,116590,0.0032322723
0,116600,0.0032306446
0,116610,0.0032290178
0,116620,0.003227392
0,116630,0.003225767
0,116640,0.0032241433
0,116650,0.0032225202
0,116660,0.003220898
0,116670,0.0032192771
0,116680,0.003217657
0,116690,0.0032160378
0,116700,0.0032144196
0,116710,0.0032128023
0,116720,0.003211186
0,116730,0.0032095707
0,116740,0.0032079562
0,116750,0.0032063427
0,116760,0.00320473
0,116770,0.0032031185
0,116780,0.003201508
0,116790,0.0031998982
0,116800,0.0031982893
0,116810,0.0031966816
0,116820,0.0031950746
0,116830,0.0031934688
0,116840,0.0031918637
0,116850,0.0031902597
0,116860,0.0031886564
0,116870,0.0031870543
0,116880,0.003185453
0,116890,0.0031838526
0,116900,0.0031822533
0,116910,0.0031806547
0,116920,0.0031790573
0,116930,0.0031774607
0,116940,0.003175865
0,116950,0.0031742703
0,116960,0.0031726765
0,116970,0.0031710838
0,116980,0.0031694917
0,116990,0.0031679007
0,117000,0.0031663107
0,117010,0.0031647214
0,117020,0.0031631333
0,117030,0.003161546
0,117040,0.0031599598
0,117050,0.0031583742
0,117060,0.0031567898
0,117070,0.0031552063
0,117080,0.0031536235
0,117090,0.003152042
0,117100,0.003150461
0,117110,0.0031488813
0,117120,0.0031473022
0,117130,0.0031457243
0,117140,0.003144147
0,117150,0.0031425708
0,117160,0.0031409957
0,117170,0.0031394213
0,117180,0.0031378479
0,117190,0.0031362756
0,117200,0.003134704
0,117210,0.0031331333
0,117220,0.0031315635
0,117230,0.0031299947
0,117240,0.0031284268
0,117250,0.00312686
0,117260,0.0031252936
0,117270,0.0031237286
0,117280,0.0031221644
0,117290,0.003120601
0,117300,0.0031190387
0,117310,0.003117477
0,117320,0.0031159166
0,117330,0.003114357
0,117340,0.003112798
0,117350,0.0031112402
0,117360,0.0031096833
0,117370,0.0031081273
0,117380,0.0031065722
0,117390,0.0031050178
0,117400,0.0031034646
0,117410,0.0031019123
0,117420,0.0031003607
0,117430,0.00309881
0,117440,0.0030972606
0,117450,0.0030957118
0,117460,0.003094164
0,117470,0.0030926168
0,117480,0.0030910708
0,117490,0.0030895257
0,117500,0.0030879814
0,117510,0.0030864382
0,117520,0.0030848957
0,117530,0.003083354
0,117540,0.0030818135
0,117550,0.0030802737
0,117560,0.003078735
0,117570,0.003077197
0,117580,0.00307566
0,117590,0.0030741238
0,117600,0.0030725885
0,117610,0.0030710541
0,117620,0.0030695207
0,117630,0.0030679882
0,117640,0.0030664564
0,117650,0.0030649258
0,117660,0.0030633959
0,117670,0.0030618669
0,117680,0.0030603388
0,117690,0.0030588116
0,117700,0.0030572852
0,117710,0.00305576
0,117720,0.0030542354
0,117730,0.0030527117
0,117740,0.003051189
0,117750,0.0030496672
0,117760,0.0030481461
0,117770,0.0030466262
0,117780,0.003045107
0,117790,0.0030435887
0,117800,0.0030420711
0,117810,0.0030405547
0,117820,0.003039039
0,117830,0.0030375244
0,117840,0.0030360105
0,117850,0.0030344974
0,117860,0.0030329854
0,117870,0.003031474
0,117880,0.003029964
0,117890,0.0030284543
0,117900,0.0030269457
0,117910,0.0030254382
0,117920,0.0030239313
0,117930,0.0030224253
0,117940,0.0030209203
0,117950,0.0030194162
0,117960,0.0030179129
0,117970,0.0030164104
0,117980,0.0030149089
0,117990,0.0030134083
0,118000,0.0030119084
0,118010,0.0030104097
0,118020,0.0030089116
0,118030,0.0030074145
0,118040,0.003005918
0,118050,0.0030044226
0,118060,0.003002928
0,118070,0.0030014345
0,118080,0.0029999418
0,118090,0.0029984498
0,118100,0.0029969588
0,118110,0.0029954687
0,118120,0.0029939793
0,118130,0.0029924908
0,118140,0.0029910032
0,118150,0.0029895166
0,118160,0.0029880307
0,118170,0.002986546
0,118180,0.0029850616
0,118190,0.0029835785
0,118200,0.002982096
0,118210,0.0029806145
0,118220,0.002979134
0,118230,0.002977654
0,118240,0.0029761754
0,118250,0.0029746972
0,118260,0.00297322
0,118270,0.0029717437
0,118280,0.0029702683
0,118290,0.0029687937
0,118300,0.00296732
0,118310,0.002965847
0,118320,0.002964375
0,118330,0.002962904
0,118340,0.0029614337
0,118350,0.0029599643
0,118360,0.0029584956
0,118370,0.0029570279
0,118380,0.002955561
0,118390,0.0029540951
0,118400,0.00295263
0,118410,0.0029511657
0,118420,0.002949702
0,118430,0.0029482397
0,118440,0.0029467777
0,118450,0.002945317
0,118460,0.0029438569
0,118470,0.0029423977
0,118480,0.0029409395
0,118490,0.002939482
0,118500,0.0029380254
0,118510,0.0029365695
0,118520,0.0029351145
0,118530,0.0029336605
0,118540,0.0029322074
0,118550,0.002930755
0,118560,0.0029293033
0,118570,0.0029278528
0,118580,0.002926403
0,118590,0.0029249538
0,118600,0.0029235058
0,118610,0.0029220583
0,118620,0.002920612
0,118630,0.0029191663
0,118640,0.0029177216
0,118650,0.0029162776
0,118660,0.0029148345
0,118670,0.0029133924
0,118680,0.002911951
0,118690,0.0029105104
0,118700,0.0029090706
0,118710,0.0029076317
0,118720,0.0029061937
0,118730,0.0029047565
0,118740,0.0029033201
0,118750,0.0029018847
0,118760,0.00290045
0,118770,0.002899016
0,118780,0.0028975832
0,118790,0.002896151
0,118800,0.0028947196
0,118810,0.002893289
0,118820,0.0028918595
0,118830,0.0028904306
0,118840,0.0028890024
0,118850,0.0028875754
0,118860,0.002886149
0,118870,0.0028847235
0,118880,0.0028832988
0,118890,0.002881875
0,118900,0.002880452
0,118910,0.0028790298
0,118920,0.0028776084
0,118930,0.002876188
0,118940,0.002874768
0,118950,0.0028733492
0,118960,0.0028719313
0,118970,0.002870514
0,118980,0.0028690977
0,118990,0.0028676821
0,119000,0.0028662675
0,119010,0.0028648535
0,119020,0.0028634404
0,119030,0.002862028
0,119040,0.0028606167
0,119050,0.002859206
0,119060,0.0028577961
0,119070,0.0028563873
0,119080,0.0028549791
0,119090,0.002853572
0,119100,0.0028521654
0,119110,0.0028507595
0,119120,0.0028493546
0,119130,0.0028479507
0,119140,0.0028465474
0,119150,0.002845145
0,119160,0.0028437434
0,119170,0.0028423427
0,119180,0.0028409427
0,119190,0.0028395436
0,119200,0.0028381452
0,119210,0.0028367476
0,119220,0.002835351
0,119230,0.002833955
0,119240,0.00283256
0,119250,0.0028311657
0,119260,0.0028297722
0,119270,0.0028283796
0,119280,0.0028269878
0,119290,0.0028255968
0,119300,0.0028242066
0,119310,0.0028228173
0,119320,0.0028214287
0,119330,0.0028200408
0,119340,0.0028186538
0,119350,0.0028172678
0,119360,0.0028158824
0,119370,0.0028144978
0,119380,0.002813114
0,119390,0.002811731
0,119400,0.002810349
0,119410,0.0028089678
0,119420,0.0028075872
0,119430,0.0028062074
0,119440,0.0028048286
0,119450,0.0028034505
0,119460,0.0028020733
0,119470,0.0028006968
0,119480,0.002799321
0,119490,0.002797946
0,119500,0.002796572
0,119510,0.0027951987
0,119520,0.0027938262
0,119530,0.0027924546
0,119540,0.0027910837
0,119550,0.0027897137
0,119560,0.0027883444
0,119570,0.0027869758
0,119580,0.0027856082
0,119590,0.0027842412
0,119600,0.0027828752
0,119610,0.00278151
0,119620,0.0027801453
0,119630,0.0027787816
0,119640,0.0027774186
0,119650,0.0027760565
0,119660,0.0027746952
0,119670,0.0027733347
0,119680,0.002771975
0,119690,0.002770616
0,119700,0.0027692579
0,119710,0.0027679005
0,119720,0.0027665438
0,119730,0.002765188
0,119740,0.002763833
0,119750,0.0027624788
0,119760,0.0027611253
0,119770,0.0027597728
0,119780,0.0027584208
0,119790,0.00275707
0,119800,0.0027557195
0,119810,0.00275437
0,119820,0.0027530214
0,119830,0.0027516733
0,119840,0.0027503262
0,119850,0.00274898
0,119860,0.0027476344
0,119870,0.0027462896
0,119880,0.0027449457
0,119890,0.0027436025
0,119900,0.00274226
0,119910,0.0027409182
0,119920,0.0027395773
0,119930,0.0027382374
0,119940,0.0027368981
0,119950,0.0027355596
0,119960,0.0027342218
0,119970,0.0027328848
0,119980,0.0027315486
0,119990,0.002730213
0,120000,0.0027288785
0,120010,0.0027275446
0,120020,0.0027262117
0,120030,0.0027248792
0,120040,0.0027235479
0,120050,0.002722217
0,120060,0.002720887
0,120070,0.0027195578
0,120080,0.0027182293
0,120090,0.0027169017
0,120100,0.0027155748
0,120110,0.0027142486
0,120120,0.0027129233
0,120130,0.0027115988
0,120140,0.0027102751
0,120150,0.002708952
0,120160,0.0027076297
0,120170,0.0027063082
0,120180,0.0027049875
0,120190,0.0027036676
0,120200,0.0027023484
0,120210,0.0027010299
0,120220,0.0026997123
0,120230,0.0026983954
0,120240,0.0026970792
0,120250,0.002695764
0,120260,0.0026944494
0,120270,0.0026931355
0,120280,0.0026918226
0,120290,0.0026905101
0,120300,0.0026891986
0,120310,0.002687888
0,120320,0.0026865778
0,120330,0.0026852686
0,120340,0.0026839601
0,120350,0.0026826526
0,120360,0.0026813454
0,120370,0.0026800393
0,120380,0.002678734
0,120390,0.0026774292
0,120400,0.0026761254
0,120410,0.0026748222
0,120420,0.0026735198
0,120430,0.0026722183
0,120440,0.0026709172
0,120450,0.002669617
0,120460,0.0026683179
0,120470,0.0026670191
0,120480,0.0026657213
0,120490,0.0026644242
0,120500,0.0026631278
0,120510,0.0026618324
0,120520,0.0026605374
0,120530,0.0026592433
0,120540,0.00265795
0,120550,0.0026566575
0,120560,0.0026553655
0,120570,0.0026540745
0,120580,0.002652784
0,120590,0.0026514947
0,120600,0.0026502057
0,120610,0.0026489177
0,120620,0.0026476304
0,120630,0.0026463438
0,120640,0.002645058
0,120650,0.0026437729
0,120660,0.0026424886
0,120670,0.002641205
0,120680,0.002639922
0,120690,0.00263864
0,120700,0.0026373586
0,120710,0.002636078
0,120720,0.0026347982
0,120730,0.0026335192
0,120740,0.0026322408
0,120750,0.0026309632
0,120760,0.0026296864
0,120770,0.0026284102
0,120780,0.0026271348
0,120790,0.00262586
0,120800,0.0026245862
0,120810,0.0026233129
0,120820,0.0026220405
0,120830,0.002620769
0,120840,0.002619498
0,120850,0.0026182276
0,120860,0.0026169582
0,120870,0.0026156895
0,120880,0.0026144215
0,120890,0.0026131542
0,120900,0.0026118876
0,120910,0.002610622
0,120920,0.0026093568
0,120930,0.0026080925
0,120940,0.002606829
0,120950,0.002605566
0,120960,0.0026043039
0,120970,0.0026030426
0,120980,0.0026017819
0,120990,0.002600522
0,121000,0.0025992629
0,121010,0.0025980044
0,121020,0.0025967467
0,121030,0.0025954896
0,121040,0.0025942335
0,121050,0.0025929778
0,121060,0.002591723
0,121070,0.002590469
0,121080,0.0025892158
0,121090,0.0025879631
0,121100,0.0025867112
0,121110,0.00258546
0,121120,0.0025842097
0,121130,0.0025829598
0,121140,0.002581711
0,121150,0.0025804627
0,121160,0.0025792152
0,121170,0.0025779684
0,121180,0.0025767223
0,121190,0.002575477
0,121200,0.0025742322
0,121210,0.0025729884
0,121220,0.002571745
0,121230,0.0025705027
0,121240,0.002569261
0,121250,0.00256802
0,121260,0.0025667797
0,121270,0.0025655401
0,121280,0.0025643012
0,121290,0.002563063
0,121300,0.0025618258
0,121310,0.002560589
0,121320,0.0025593531
0,121330,0.0025581177
0,121340,0.0025568833
0,121350,0.0025556495
0,121360,0.0025544162
0,121370,0.0025531838
0,121380,0.0025519521
0,121390,0.0025507212
0,121400,0.0025494911
0,121410,0.0025482615
0,121420,0.0025470327
0,121430,0.0025458045
0,121440,0.0025445772
0,121450,0.0025433504
0,121460,0.0025421246
0,121470,0.0025408992
0,121480,0.0025396748
0,121490,0.002538451
0,121500,0.002537228
0,121510,0.0025360053
0,121520,0.0025347837
0,121530,0.0025335627
0,121540,0.0025323424
0,121550,0.0025311229
0,121560,0.002529904
0,121570,0.0025286858
0,121580,0.0025274684
0,121590,0.0025262516
0,121600,0.0025250358
0,121610,0.0025238204
0,121620,0.0025226057
0,121630,0.0025213917
0,121640,0.0025201787
0,121650,0.002518966
0,121660,0.0025177542
0,121670,0.0025165433
0,121680,0.0025153328
0,121690,0.002514123
0,121700,0.0025129141
0,121710,0.0025117057
0,121720,0.0025104983
0,121730,0.0025092913
0,121740,0.0025080852
0,121750,0.0025068796
0,121760,0.002505675
0,121770,0.0025044708
0,121780,0.0025032675
0,121790,0.0025020647
0,121800,0.0025008628
0,121810,0.0024996614
0,121820,0.002498461
0,121830,0.002497261
0,121840,0.0024960618
0,121850,0.0024948632
0,121860,0.0024936656
0,121870,0.0024924683
0,121880,0.002491272
0,121890,0.0024900762
0,121900,0.0024888811
0,121910,0.002487687
0,121920,0.0024864932
0,121930,0.0024853002
0,121940,0.002484108
0,121950,0.0024829165
0,121960,0.0024817255
0,121970,0.0024805353
0,121980,0.002479346
0,121990,0.0024781572
0,122000,0.002476969
0,122010,0.0024757816
0,122020,0.0024745949
0,122030,0.0024734088
0,122040,0.0024722235
0,122050,0.0024710388
0,122060,0.002469855
0,122070,0.0024686714
0,122080,0.0024674889
0,122090,0.002466307
0,122100,0.0024651256
0,122110,0.0024639452
0,122120,0.0024627652
0,122130,0.0024615861
0,122140,0.0024604076
0,122150,0.00245923
0,122160,0.0024580527
0,122170,0.0024568762
0,122180,0.0024557004
0,122190,0.0024545253
0,122200,0.002453351
0,122210,0.0024521772
0,122220,0.0024510042
0,122230,0.002449832
0,122240,0.0024486603
0,122250,0.0024474892
0,122260,0.002446319
0,122270,0.0024451492
0,122280,0.0024439802
0,122290,0.002442812
0,122300,0.0024416444
0,122310,0.0024404775
0,122320,0.0024393112
0,122330,0.0024381457
0,122340,0.0024369808
0,122350,0.0024358165
0,122360,0.002434653
0,122370,0.00243349
0,122380,0.002432328
0,122390,0.0024311664
0,122400,0.0024300055
0,122410,0.0024288453
0,122420,0.0024276858
0,122430,0.002426527
0,122440,0.0024253689
0,122450,0.0024242115
0,122460,0.0024230545
0,122470,0.0024218985
0,122480,0.002420743
0,122490,0.0024195882
0,122500,0.002418434
0,122510,0.0024172806
0,122520,0.0024161278
0,122530,0.0024149755
0,122540,0.0024138242
0,122550,0.0024126733
0,122560,0.0024115231
0,122570,0.0024103737
0,122580,0.0024092249
0,122590,0.0024080768
0,122600,0.0024069294
0,122610,0.0024057825
0,122620,0.0024046365
0,122630,0.002403491
0,122640,0.002402346
0,122650,0.002401202
0,122660,0.0024000586
0,122670,0.0023989158
0,122680,0.0023977736
0,122690,0.002396632
0,122700,0.0023954913
0,122710,0.0023943512
0,122720,0.0023932117
0,122730,0.0023920727
0,122740,0.0023909346
0,122750,0.002389797
0,122760,0.00238866
0,122770,0.002387524
0,122780,0.0023863884
0,122790,0.0023852536
0,122800,0.0023841192
0,122810,0.0023829858
0,122820,0.0023818528
0,122830,0.0023807206
0,122840,0.002379589
0,122850,0.002378458
0,122860,0.0023773278
0,122870,0.002376198
0,122880,0.002375069
0,122890,0.0023739408
0,122900,0.002372813
0,122910,0.002371686
0,122920,0.0023705596
0,122930,0.0023694339
0,122940,0.0023683088
0,122950,0.0023671845
0,122960,0.0023660606
0,122970,0.0023649374
0,122980,0.002363815
0,122990,0.0023626932
0,123000,0.002361572
0,123010,0.0023604515
0,123020,0.0023593318
0,123030,0.0023582126
0,123040,0.0023570939
0,123050,0.002355976
0,123060,0.0023548587
0,123070,0.002353742
0,123080,0.002352626
0,123090,0.0023515108
0,123100,0.0023503962
0,123110,0.0023492821
0,123120,0.0023481688
0,123130,0.002347056
0,123140,0.0023459438
0,123150,0.0023448323
0,123160,0.0023437215
0,123170,0.0023426113
0,123180,0.0023415019
0,123190,0.002340393
0,123200,0.0023392846
0,123210,0.002338177
0,123220,0.0023370702
0,123230,0.0023359638
0,123240,0.002334858
0,123250,0.002333753
0,123260,0.0023326487
0,123270,0.0023315449
0,123280,0.0023304417
0,123290,0.0023293393
0,123300,0.0023282375
0,123310,0.0023271362
0,123320,0.0023260356
0,123330,0.0023249357
0,123340,0.0023238366
0,123350,0.0023227378
0,123360,0.0023216398
0,123370,0.0023205425
0,123380,0.0023194456
0,123390,0.0023183494
0,123400,0.002317254
0,123410,0.0023161592
0,123420,0.002315065
0,123430,0.0023139715
0,123440,0.0023128784
0,123450,0.0023117862
0,123460,0.0023106944
0,123470,0.0023096034
0,123480,0.002308513
0,123490,0.0023074232
0,123500,0.002306334
0,123510,0.0023052455
0,123520,0.0023041577
0,123530,0.0023030704
0,123540,0.0023019838
0,123550,0.0023008976
0,123560,0.0022998124
0,123570,0.0022987276
0,123580,0.0022976433
0,123590,0.00229656
0,123600,0.002295477
0,123610,0.002294395
0,123620,0.0022933132
0,123630,0.0022922321
0,123640,0.0022911518
0,123650,0.0022900722
0,123660,0.002288993
0,123670,0.0022879145
0,123680,0.0022868365
0,123690,0.0022857594
0,123700,0.0022846828
0,123710,0.0022836067
0,123720,0.0022825312
0,123730,0.0022814565
0,123740,0.0022803824
0,123750,0.0022793089
0,123760,0.002278236
0,123770,0.0022771638
0,123780,0.002276092
0,123790,0.002275021
0,123800,0.0022739507
0,123810,0.0022728809
0,123820,0.0022718117
0,123830,0.0022707433
0,123840,0.0022696753
0,123850,0.002268608
0,123860,0.0022675411
0,123870,0.0022664752
0,123880,0.0022654096
0,123890,0.0022643448
0,123900,0.0022632806
0,123910,0.002262217
0,123920,0.002261154
0,123930,0.0022600915
0,123940,0.0022590298
0,123950,0.0022579685
0,123960,0.002256908
0,123970,0.0022558481
0,123980,0.0022547888
0,123990,0.00225373
0,124000,0.002252672
0,124010,0.0022516146
0,124020,0.0022505575
0,124030,0.0022495014
0,124040,0.0022484458
0,124050,0.0022473906
0,124060,0.0022463363
0,124070,0.0022452825
0,124080,0.0022442292
0,124090,0.0022431766
0,124100,0.0022421246
0,124110,0.0022410732
0,124120,0.0022400224
0,124130,0.0022389723
0,124140,0.0022379227
0,124150,0.0022368736
0,124160,0.0022358254
0,124170,0.0022347777
0,124180,0.0022337304
0,124190,0.002232684
0,124200,0.002231638
0,124210,0.0022305928
0,124220,0.002229548
0,124230,0.0022285038
0,124240,0.0022274603
0,124250,0.0022264174
0,124260,0.002225375
0,124270,0.0022243334
0,124280,0.0022232924
0,124290,0.0022222518
0,124300,0.0022212118
0,124310,0.0022201727
0,124320,0.0022191338
0,124330,0.0022180958
0,124340,0.0022170583
0,124350,0.0022160213
0,124360,0.0022149852
0,124370,0.0022139493
0,124380,0.0022129142
0,124390,0.0022118797
0,124400,0.002210846
0,124410,0.0022098126
0,124420,0.0022087798
0,124430,0.0022077477
0,124440,0.0022067162
0,124450,0.0022056852
0,124460,0.002204655
0,124470,0.0022036252
0,124480,0.002202596
0,124490,0.0022015674
0,124500,0.0022005395
0,124510,0.0021995122
0,124520,0.0021984854
0,124530,0.0021974593
0,124540,0.0021964337
0,124550,0.0021954088
0,124560,0.0021943843
0,124570,0.0021933606
0,124580,0.0021923373
0,124590,0.0021913147
0,124600,0.0021902926
0,124610,0.0021892712
0,124620,0.0021882504
0,124630,0.0021872302
0,124640,0.0021862104
0,124650,0.0021851913
0,124660,0.0021841729
0,124670,0.002183155
0,124680,0.0021821377
0,124690,0.002181121
0,124700,0.0021801048
0,124710,0.0021790892
0,124720,0.0021780743
0,124730,0.0021770599
0,124740,0.0021760461
0,124750,0.0021750329
0,124760,0.0021740203
0,124770,0.0021730082
0,124780,0.0021719967
0,124790,0.0021709858
0,124800,0.0021699755
0,124810,0.0021689658
0,124820,0.0021679567
0,124830,0.0021669483
0,124840,0.0021659401
0,124850,0.002164933
0,124860,0.0021639261
0,124870,0.0021629198
0,124880,0.0021619142
0,124890,0.0021609091
0,124900,0.0021599047
0,124910,0.0021589007
0,124920,0.0021578975
0,124930,0.0021568947
0,124940,0.0021558926
0,124950,0.002154891
0,124960,0.00215389
0,124970,0.0021528895
0,124980,0.0021518897
0,124990,0.0021508904
0,125000,0.0021498918
0,125010,0.0021488937
0,125020,0.0021478962
0,125030,0.0021468992
0,125040,0.0021459027
0,125050,0.002144907
0,125060,0.0021439118
0,125070,0.0021429171
0,125080,0.002141923
0,125090,0.0021409295
0,125100,0.0021399364
0,125110,0.002138944
0,125120,0.0021379523
0,125130,0.002136961
0,125140,0.0021359704
0,125150,0.0021349804
0,125160,0.0021339909
0,125170,0.0021330018
0,125180,0.0021320134
0,125190,0.0021310258
0,125200,0.0021300386
0,125210,0.0021290518
0,125220,0.0021280658
0,125230,0.0021270802
0,125240,0.0021260954
0,125250,0.002125111
0,125260,0.002124127
0,125270,0.0021231438
0,125280,0.0021221612
0,125290,0.002121179
0,125300,0.0021201975
0,125310,0.0021192164
0,125320,0.0021182362
0,125330,0.0021172562
0,125340,0.0021162769
0,125350,0.0021152983
0,125360,0.00211432
0,125370,0.0021133425
0,125380,0.0021123653
0,125390,0.0021113888
0,125400,0.002110413
0,125410,0.0021094377
0,125420,0.0021084629
0,125430,0.0021074887
0,125440,0.002106515
0,125450,0.002105542
0,125460,0.0021045695
0,125470,0.0021035974
0,125480,0.002102626
0,125490,0.0021016551
0,125500,0.002100685
0,125510,0.0020997152
0,125520,0.002098746
0,125530,0.0020977773
0,125540,0.0020968092
0,125550,0.0020958418
0,125560,0.0020948749
0,125570,0.0020939084
0,125580,0.0020929426
0,125590,0.0020919773
0,125600,0.0020910127
0,125610,0.0020900485
0,125620,0.0020890848
0,125630,0.0020881218
0,125640,0.0020871593
0,125650,0.0020861975
0,125660,0.0020852361
0,125670,0.0020842752
0,125680,0.0020833148
0,125690,0.002082355
0,125700,0.002081396
0,125710,0.0020804375
0,125720,0.0020794794
0,125730,0.0020785218
0,125740,0.0020775648
0,125750,0.0020766084
0,125760,0.0020756526
0,125770,0.0020746973
0,125780,0.0020737424
0,125790,0.0020727883
0,125800,0.0020718346
0,125810,0.0020708817
0,125820,0.002069929
0,125830,0.002068977
0,125840,0.0020680255
0,125850,0.0020670746
0,125860,0.0020661242
0,125870,0.0020651745
0,125880,0.0020642253
0,125890,0.0020632765
0,125900,0.0020623282
0,125910,0.0020613805
0,125920,0.0020604336
0,125930,0.002059487
0,125940,0.002058541
0,125950,0.0020575956
0,125960,0.0020566506
0,125970,0.0020557062
0,125980,0.0020547626
0,125990,0.0020538191
0,126000,0.0020528764
0,126010,0.0020519344
0,126020,0.0020509926
0,126030,0.0020500515
0,126040,0.002049111
0,126050,0.002048171
0,126060,0.0020472314
0,126070,0.0020462926
0,126080,0.002045354
0,126090,0.0020444163
0,126100,0.002043479
0,126110,0.0020425422
0,126120,0.002041606
0,126130,0.0020406703
0,126140,0.0020397352
0,126150,0.0020388004
0,126160,0.0020378665
0,126170,0.0020369329
0,126180,0.002036
0,126190,0.0020350674
0,126200,0.0020341354
0,126210,0.002033204
0,126220,0.0020322732
0,126230,0.0020313428
0,126240,0.0020304131
0,126250,0.002029484
0,126260,0.0020285551
0,126270,0.0020276268
0,126280,0.0020266993
0,126290,0.0020257721
0,126300,0.0020248457
0,126310,0.0020239195
0,126320,0.002022994
0,126330,0.002022069
0,126340,0.0020211446
0,126350,0.0020202207
0,126360,0.0020192973
0,126370,0.0020183744
0,126380,0.0020174521
0,126390,0.0020165304
0,126400,0.002015609
0,126410,0.0020146882
0,126420,0.002013768
0,126430,0.0020128484
0,126440,0.0020119292
0,126450,0.0020110107
0,126460,0.0020100926
0,126470,0.002009175
0,126480,0.002008258
0,126490,0.0020073415
0,126500,0.0020064255
0,126510,0.00200551
0,126520,0.002004595
0,126530,0.0020036807
0,126540,0.0020027668
0,126550,0.0020018534
0,126560,0.0020009407
0,126570,0.0020000285
0,126580,0.0019991165
0,126590,0.0019982054
0,126600,0.0019972946
0,126610,0.0019963845
0,126620,0.0019954748
0,126630,0.0019945656
0,126640,0.001993657
0,126650,0.0019927488
0,126660,0.0019918412
0,126670,0.0019909341
0,126680,0.0019900277
0,126690,0.0019891218
0,126700,0.001988216
0,126710,0.0019873113
0,126720,0.0019864067
0,126730,0.001985503
0,126740,0.0019845993
0,126750,0.0019836966
0,126760,0.0019827941
0,126770,0.0019818922
0,126780,0.0019809909
0,126790,0.00198009
0,126800,0.0019791897
0,126810,0.00197829
0,126820,0.0019773906
0,126830,0.0019764919
0,126840,0.0019755936
0,126850,0.001974696
0,126860,0.0019737987
0,126870,0.001972902
0,126880,0.001972006
0,126890,0.0019711102
0,126900,0.0019702152
0,126910,0.0019693205
0,126920,0.0019684264
0,126930,0.0019675328
0,126940,0.0019666397
0,126950,0.0019657472
0,126960,0.001964855
0,126970,0.0019639635
0,126980,0.0019630725
0,126990,0.0019621819
0,127000,0.001961292
0,127010,0.0019604024
0,127020,0.0019595134
0,127030,0.001958625
0,127040,0.001957737
0,127050,0.0019568496
0,127060,0.0019559625
0,127070,0.0019550761
0,127080,0.0019541902
0,127090,0.0019533047
0,127100,0.0019524199
0,127110,0.0019515355
0,127120,0.0019506516
0,127130,0.0019497682
0,127140,0.0019488854
0,127150,0.001948003
0,127160,0.0019471211
0,127170,0.0019462397
0,127180,0.0019453589
0,127190,0.0019444785
0,127200,0.0019435987
0,127210,0.0019427193
0,127220,0.0019418405
0,127230,0.0019409622
0,127240,0.0019400844
0,127250,0.0019392071
0,127260,0.0019383302
0,127270,0.001937454
0,127280,0.0019365781
0,127290,0.0019357029
0,127300,0.001934828
0,127310,0.0019339537
0,127320,0.0019330799
0,127330,0.0019322067
0,127340,0.0019313338
0,127350,0.0019304615
0,127360,0.0019295898
0,127370,0.0019287184
0,127380,0.0019278476
0,127390,0.0019269774
0,127400,0.0019261076
0,127410,0.0019252383
0,127420,0.0019243695
0,127430,0.0019235013
0,127440,0.0019226334
0,127450,0.0019217661
0,127460,0.0019208993
0,127470,0.001920033
0,127480,0.0019191672
0,127490,0.0019183019
0,127500,0.0019174371
0,127510,0.0019165728
0,127520,0.001915709
0,127530,0.0019148457
0,127540,0.0019139828
0,127550,0.0019131205
0,127560,0.0019122587
0,127570,0.0019113973
0,127580,0.0019105364
0,127590,0.0019096761
0,127600,0.0019088163
0,127610,0.0019079569
0,127620,0.001907098
0,127630,0.0019062397
0,127640,0.0019053817
0,127650,0.0019045243
0,127660,0.0019036675
0,127670,0.001902811
0,127680,0.0019019551
0,127690,0.0019010997
0,127700,0.0019002447
0,127710,0.0018993902
0,127720,0.0018985363
0,127730,0.0018976829
0,127740,0.0018968299
0,127750,0.0018959774
0,127760,0.0018951254
0,127770,0.0018942739
0,127780,0.0018934228
0,127790,0.0018925723
0,127800,0.0018917223
0,127810,0.0018908727
0,127820,0.0018900236
0,127830,0.001889175
0,127840,0.001888327
0,127850,0.0018874793
0,127860,0.0018866322
0,127870,0.0018857856
0,127880,0.0018849394
0,127890,0.0018840937
0,127900,0.0018832486
0,127910,0.0018824039
0,127920,0.0018815596
0,127930,0.001880716
0,127940,0.0018798726
0,127950,0.0018790299
0,127960,0.0018781876
0,127970,0.0018773458
0,127980,0.0018765045
0,127990,0.0018756636
0,128000,0.0018748234
0,128010,0.0018739834
0,128020,0.0018731441
0,128030,0.0018723052
0,128040,0.0018714668
0,128050,0.0018706288
0,128060,0.0018697913
0,128070,0.0018689544
0,128080,0.0018681178
0,128090,0.0018672819
0,128100,0.0018664463
0,128110,0.0018656112
0,128120,0.0018647766
0,128130,0.0018639425
0,128140,0.001863109
0,128150,0.0018622758
0,128160,0.001861443
0,128170,0.0018606109
0,128180,0.0018597791
0,128190,0.0018589479
0,128200,0.0018581172
0,128210,0.0018572868
0,128220,0.001856457
0,128230,0.0018556276
0,128240,0.0018547989
0,128250,0.0018539705
0,128260,0.0018531425
0,128270,0.001852315
0,128280,0.0018514881
0,128290,0.0018506616
0,128300,0.0018498356
0,128310,0.00184901
0,128320,0.001848185
0,128330,0.0018473604
0,128340,0.0018465362
0,128350,0.0018457125
0,128360,0.0018448894
0,128370,0.0018440667
0,128380,0.0018432444
0,128390,0.0018424226
0,128400,0.0018416013
0,128410,0.0018407805
0,128420,0.0018399602
0,128430,0.0018391403
0,128440,0.0018383209
0,128450,0.0018375019
0,128460,0.0018366835
0,128470,0.0018358654
0,128480,0.0018350478
0,128490,0.0018342308
0,128500,0.0018334142
0,128510,0.001832598
0,128520,0.0018317824
0,128530,0.0018309671
0,128540,0.0018301525
0,128550,0.0018293381
0,128560,0.0018285244
0,128570,0.001827711
0,128580,0.0018268981
0,128590,0.0018260857
0,128600,0.0018252737
0,128610,0.0018244623
0,128620,0.0018236513
0,128630,0.0018228408
0,128640,0.0018220306
0,128650,0.001821221
0,128660,0.0018204119
0,128670,0.0018196031
0,128680,0.0018187949
0,128690,0.0018179872
0,128700,0.0018171798
0,128710,0.001816373
0,128720,0.0018155666
0,128730,0.0018147607
0,128740,0.0018139553
0,128750,0.0018131502
0,128760,0.0018123457
0,128770,0.0018115416
0,128780,0.001810738
0,128790,0.0018099349
0,128800,0.0018091322
0,128810,0.0018083298
0,128820,0.0018075281
0,128830,0.0018067268
0,128840,0.001805926
0,128850,0.0018051255
0,128860,0.0018043256
0,128870,0.0018035261
0,128880,0.001802727
0,128890,0.0018019285
0,128900,0.0018011304
0,128910,0.0018003327
0,128920,0.0017995355
0,128930,0.0017987387
0,128940,0.0017979424
0,128950,0.0017971466
0,128960,0.0017963512
0,128970,0.0017955563
0,128980,0.0017947619
0,128990,0.0017939678
0,129000,0.0017931742
0,129010,0.0017923812
0,129020,0.0017915885
0,129030,0.0017907963
0,129040,0.0017900045
0,129050,0.0017892132
0,129060,0.0017884223
0,129070,0.001787632
0,129080,0.001786842
0,129090,0.0017860525
0,129100,0.0017852635
0,129110,0.0017844749
0,129120,0.0017836868
0,129130,0.0017828991
0,129140,0.0017821118
0,129150,0.0017813251
0,129160,0.0017805387
0,129170,0.0017797529
0,129180,0.0017789674
0,129190,0.0017781825
0,129200,0.0017773979
0,129210,0.0017766138
0,129220,0.0017758302
0,129230,0.0017750469
0,129240,0.0017742643
0,129250,0.001773482
0,129260,0.0017727001
0,129270,0.0017719186
0,129280,0.0017711377
0,129290,0.0017703571
0,129300,0.0017695772
0,129310,0.0017687975
0,129320,0.0017680184
0,129330,0.0017672396
0,129340,0.0017664613
0,129350,0.0017656835
0,129360,0.0017649061
0,129370,0.0017641291
0,129380,0.0017633527
0,129390,0.0017625765
0,129400,0.001761801
0,129410,0.0017610257
0,129420,0.001760251
0,129430,0.0017594767
0,129440,0.0017587029
0,129450,0.0017579295
0,129460,0.0017571566
0,129470,0.001756384
0,129480,0.001755612
0,129490,0.0017548403
0,129500,0.0017540691
0,129510,0.0017532983
0,129520,0.001752528
0,129530,0.0017517582
0,129540,0.0017509887
0,129550,0.0017502197
0,129560,0.0017494512
0,129570,0.001748683
0,129580,0.0017479154
0,129590,0.0017471481
0,129600,0.0017463813
0,129610,0.0017456149
0,129620,0.001744849
0,129630,0.0017440835
0,129640,0.0017433185
0,129650,0.0017425538
0,129660,0.0017417896
0,129670,0.001741026
0,129680,0.0017402626
0,129690,0.0017394997
0,129700,0.0017387373
0,129710,0.0017379753
0,129720,0.0017372137
0,129730,0.0017364526
0,129740,0.0017356919
0,129750,0.0017349316
0,129760,0.0017341718
0,129770,0.0017334124
0,129780,0.0017326535
0,129790,0.0017318949
0,129800,0.0017311368
0,129810,0.0017303792
0,129820,0.0017296219
0,129830,0.0017288651
0,129840,0.0017281087
0,129850,0.0017273529
0,129860,0.0017265973
0,129870,0.0017258422
0,129880,0.0017250876
0,129890,0.0017243334
0,129900,0.0017235796
0,129910,0.0017228263
0,129920,0.0017220733
0,129930,0.0017213209
0,129940,0.0017205687
0,129950,0.0017198172
0,129960,0.001719066
0,129970,0.0017183152
0,129980,0.0017175649
0,129990,0.0017168149
0,130000,0.0017160655
0,130010,0.0017153164
0,130020,0.0017145678
0,130030,0.0017138196
0,130040,0.0017130717
0,130050,0.0017123244
0,130060,0.0017115775
0,130070,0.001710831
0,130080,0.0017100848
0,130090,0.0017093392
0,130100,0.001708594
0,130110,0.0017078492
0,130120,0.0017071048
0,130130,0.001706361
0,130140,0.0017056174
0,130150,0.0017048742
0,130160,0.0017041316
0,130170,0.0017033893
0,130180,0.0017026475
0,130190,0.0017019061
0,130200,0.0017011651
0,130210,0.0017004246
0,130220,0.0016996844
0,130230,0.0016989447
0,130240,0.0016982054
0,130250,0.0016974665
0,130260,0.001696728
0,130270,0.00169599
0,130280,0.0016952524
0,130290,0.0016945152
0,130300,0.0016937784
0,130310,0.0016930421
0,130320,0.0016923061
0,130330,0.0016915706
0,130340,0.0016908356
0,130350,0.0016901009
0,130360,0.0016893666
0,130370,0.0016886328
0,130380,0.0016878993
0,130390,0.0016871664
0,130400,0.0016864338
0,130410,0.0016857017
0,130420,0.0016849699
0,130430,0.0016842386
0,130440,0.0016835077
0,130450,0.0016827772
0,130460,0.001682047
0,130470,0.0016813175
0,130480,0.0016805881
0,130490,0.0016798594
0,130500,0.001679131
0,130510,0.0016784029
0,130520,0.0016776753
0,130530,0.0016769482
0,130540,0.0016762214
0,130550,0.0016754951
0,130560,0.0016747691
0,130570,0.0016740436
0,130580,0.0016733184
0,130590,0.0016725938
0,130600,0.0016718695
0,130610,0.0016711457
0,130620,0.0016704221
0,130630,0.0016696991
0,130640,0.0016689765
0,130650,0.0016682543
0,130660,0.0016675325
0,130670,0.0016668111
0,130680,0.0016660901
0,130690,0.0016653695
0,130700,0.0016646493
0,130710,0.0016639297
0,130720,0.0016632102
0,130730,0.0016624914
0,130740,0.0016617728
0,130750,0.0016610547
0,130760,0.001660337
0,130770,0.0016596197
0,130780,0.0016589029
0,130790,0.0016581863
0,130800,0.0016574702
0,130810,0.0016567545
0,130820,0.0016560393
0,130830,0.0016553245
0,130840,0.00165461
0,130850,0.001653896
0,130860,0.0016531823
0,130870,0.0016524692
0,130880,0.0016517563
0,130890,0.0016510439
0,130900,0.0016503319
0,130910,0.0016496202
0,130920,0.0016489091
0,130930,0.0016481983
0,130940,0.0016474879
0,130950,0.001646778
0,130960,0.0016460683
0,130970,0.0016453592
0,130980,0.0016446504
0,130990,0.001643942
0,131000,0.001643234
0,131010,0.0016425265
0,131020,0.0016418194
0,131030,0.0016411126
0,131040,0.0016404062
0,131050,0.0016397003
0,131060,0.0016389947
0,131070,0.0016382895
0,131080,0.0016375848
0,131090,0.0016368804
0,131100,0.0016361765
0,131110,0.001635473
0,131120,0.0016347698
0,131130,0.001634067
0,131140,0.0016333647
0,131150,0.0016326628
0,131160,0.0016319612
0,131170,0.00163126
0,131180,0.0016305593
0,131190,0.001629859
0,131200,0.001629159
0,131210,0.0016284594
0,131220,0.0016277604
0,131230,0.0016270615
0,131240,0.0016263631
0,131250,0.0016256652
0,131260,0.0016249677
0,131270,0.0016242705
0,131280,0.0016235737
0,131290,0.0016228773
0,131300,0.0016221814
0,131310,0.0016214858
0,131320,0.0016207906
0,131330,0.0016200958
0,131340,0.0016194014
0,131350,0.0016187073
0,131360,0.0016180137
0,131370,0.0016173205
0,131380,0.0016166277
0,131390,0.0016159352
0,131400,0.0016152433
0,131410,0.0016145515
0,131420,0.0016138604
0,131430,0.0016131694
0,131440,0.001612479
0,131450,0.001611789
0,131460,0.0016110992
0,131470,0.0016104099
0,131480,0.0016097211
0,131490,0.0016090325
0,131500,0.0016083445
0,131510,0.0016076567
0,131520,0.0016069694
0,131530,0.0016062824
0,131540,0.0016055959
0,131550,0.0016049098
0,131560,0.001604224
0,131570,0.0016035386
0,131580,0.0016028536
0,131590,0.001602169
0,131600,0.0016014847
0,131610,0.0016008009
0,131620,0.0016001175
0,131630,0.0015994344
0,131640,0.0015987518
0,131650,0.0015980696
0,131660,0.0015973876
0,131670,0.0015967061
0,131680,0.0015960251
0,131690,0.0015953443
0,131700,0.001594664
0,131710,0.001593984
0,131720,0.0015933044
0,131730,0.0015926253
0,131740,0.0015919465
0,131750,0.0015912681
0,131760,0.00159059
0,131770,0.0015899125
0,131780,0.0015892352
0,131790,0.0015885583
0,131800,0.0015878818
0,131810,0.0015872057
0,131820,0.00158653
0,131830,0.0015858547
0,131840,0.0015851797
0,131850,0.0015845052
0,131860,0.0015838309
0,131870,0.0015831571
0,131880,0.0015824838
0,131890,0.0015818106
0,131900,0.001581138
0,131910,0.0015804658
0,131920,0.0015797939
0,131930,0.0015791224
0,131940,0.0015784513
0,131950,0.0015777805
0,131960,0.0015771101
0,131970,0.0015764402
0,131980,0.0015757706
0,131990,0.0015751013
0,132000,0.0015744325
0,132010,0.001573764
0,132020,0.0015730959
0,132030,0.0015724283
0,132040,0.0015717609
0,132050,0.0015710939
0,132060,0.0015704273
0,132070,0.0015697612
0,132080,0.0015690954
0,132090,0.0015684299
0,132100,0.0015677649
0,132110,0.0015671002
0,132120,0.0015664359
0,132130,0.001565772
0,132140,0.0015651084
0,132150,0.0015644452
0,132160,0.0015637825
0,132170,0.0015631199
0,132180,0.001562458
0,132190,0.0015617963
0,132200,0.0015611349
0,132210,0.001560474
0,132220,0.0015598135
0,132230,0.0015591533
0,132240,0.0015584936
0,132250,0.0015578341
0,132260,0.0015571751
0,132270,0.0015565164
0,132280,0.0015558581
0,132290,0.0015552002
0,132300,0.0015545426
0,132310,0.0015538854
0,132320,0.0015532286
0,132330,0.0015525721
0,132340,0.0015519161
0,132350,0.0015512604
0,132360,0.001550605
0,132370,0.0015499501
0,132380,0.0015492955
0,132390,0.0015486414
0,132400,0.0015479875
0,132410,0.001547334
0,132420,0.0015466809
0,132430,0.0015460282
0,132440,0.0015453758
0,132450,0.0015447239
0,132460,0.0015440722
0,132470,0.001543421
0,132480,0.0015427701
0,132490,0.0015421195
0,132500,0.0015414695
0,132510,0.0015408196
0,132520,0.0015401703
0,132530,0.0015395213
0,132540,0.0015388726
0,132550,0.0015382243
0,132560,0.0015375763
0,132570,0.0015369287
0,132580,0.0015362815
0,132590,0.0015356347
0,132600,0.0015349883
0,132610,0.0015343422
0,132620,0.0015336964
0,132630,0.001533051
0,132640,0.0015324061
0,132650,0.0015317614
0,132660,0.0015311171
0,132670,0.0015304732
0,132680,0.0015298297
0,132690,0.0015291865
0,132700,0.0015285437
0,132710,0.0015279013
0,132720,0.0015272591
0,132730,0.0015266174
0,132740,0.001525976
0,132750,0.001525335
0,132760,0.0015246944
0,132770,0.0015240541
0,132780,0.0015234143
0,132790,0.0015227747
0,132800,0.0015221355
0,132810,0.0015214967
0,132820,0.0015208583
0,132830,0.0015202201
0,132840,0.0015195824
0,132850,0.001518945
0,132860,0.001518308
0,132870,0.0015176713
0,132880,0.0015170351
0,132890,0.0015163991
0,132900,0.0015157635
0,132910,0.0015151283
0,132920,0.0015144935
0,132930,0.0015138589
0,132940,0.0015132248
0,132950,0.001512591
0,132960,0.0015119576
0,132970,0.0015113245
0,132980,0.0015106918
0,132990,0.0015100595
0,133000,0.0015094276
0,133010,0.0015087959
0,133020,0.0015081646
0,133030,0.0015075337
0,133040,0.0015069031
0,133050,0.0015062729
0,133060,0.0015056431
0,133070,0.0015050136
0,133080,0.0015043844
0,133090,0.0015037557
0,133100,0.0015031273
0,133110,0.0015024992
0,133120,0.0015018715
0,133130,0.0015012441
0,133140,0.0015006171
0,133150,0.0014999905
0,133160,0.0014993642
0,133170,0.0014987382
0,133180,0.0014981127
0,133190,0.0014974874
0,133200,0.0014968625
0,133210,0.001496238
0,133220,0.0014956138
0,133230,0.0014949901
0,133240,0.0014943666
0,133250,0.0014937435
0,133260,0.0014931207
0,133270,0.0014924983
0,133280,0.0014918762
0,133290,0.0014912545
0,133300,0.0014906332
0,133310,0.0014900122
0,133320,0.0014893916
0,133330,0.0014887713
0,133340,0.0014881513
0,133350,0.0014875317
0,133360,0.0014869125
0,133370,0.0014862935
0,133380,0.001485675
0,133390,0.0014850568
0,133400,0.0014844389
0,133410,0.0014838214
0,133420,0.0014832043
0,133430,0.0014825875
0,133440,0.001481971
0,133450,0.0014813549
0,133460,0.0014807392
0,133470,0.0014801237
0,133480,0.0014795087
0,133490,0.001478894
0,133500,0.0014782796
0,133510,0.0014776656
0,133520,0.0014770519
0,133530,0.0014764386
0,133540,0.0014758257
0,133550,0.001475213
0,133560,0.0014746008
0,133570,0.0014739888
0,133580,0.0014733771
0,133590,0.0014727659
0,133600,0.001472155
0,133610,0.0014715445
0,133620,0.0014709343
0,133630,0.0014703244
0,133640,0.0014697148
0,133650,0.0014691056
0,133660,0.0014684969
0,133670,0.0014678884
0,133680,0.0014672802
0,133690,0.0014666724
0,133700,0.001466065
0,133710,0.0014654577
0,133720,0.001464851
0,133730,0.0014642446
0,133740,0.0014636385
0,133750,0.0014630327
0,133760,0.0014624273
0,133770,0.0014618222
0,133780,0.0014612175
0,133790,0.0014606131
0,133800,0.0014600091
0,133810,0.0014594054
0,133820,0.001458802
0,133830,0.001458199
0,133840,0.0014575963
0,133850,0.001456994
0,133860,0.001456392
0,133870,0.0014557904
0,133880,0.001455189
0,133890,0.001454588
0,133900,0.0014539873
0,133910,0.0014533871
0,133920,0.0014527871
0,133930,0.0014521874
0,133940,0.0014515882
0,133950,0.0014509893
0,133960,0.0014503907
0,133970,0.0014497923
0,133980,0.0014491944
0,133990,0.0014485968
0,134000,0.0014479995
0,134010,0.0014474026
0,134020,0.001446806
0,134030,0.0014462097
0,134040,0.0014456138
0,134050,0.0014450182
0,134060,0.001444423
0,134070,0.0014438281
0,134080,0.0014432336
0,134090,0.0014426393
0,134100,0.0014420454
0,134110,0.0014414518
0,134120,0.0014408586
0,134130,0.0014402657
0,134140,0.0014396731
0,134150,0.0014390809
0,134160,0.0014384891
0,134170,0.0014378974
0,134180,0.0014373063
0,134190,0.0014367154
0,134200,0.0014361248
0,134210,0.0014355346
0,134220,0.0014349447
0,134230,0.001434355
0,134240,0.0014337659
0,134250,0.0014331769
0,134260,0.0014325884
0,134270,0.0014320002
0,134280,0.0014314123
0,134290,0.0014308246
0,134300,0.0014302374
0,134310,0.0014296505
0,134320,0.001429064
0,134330,0.0014284777
0,134340,0.0014278918
0,134350,0.0014273062
0,134360,0.0014267209
0,134370,0.001426136
0,134380,0.0014255514
0,134390,0.0014249671
0,134400,0.0014243831
0,134410,0.0014237995
0,134420,0.0014232163
0,134430,0.0014226333
0,134440,0.0014220508
0,134450,0.0014214684
0,134460,0.0014208865
0,134470,0.0014203048
0,134480,0.0014197235
0,134490,0.0014191425
0,134500,0.0014185618
0,134510,0.0014179815
0,134520,0.0014174015
0,134530,0.0014168218
0,134540,0.0014162424
0,134550,0.0014156634
0,134560,0.0014150847
0,134570,0.0014145063
0,134580,0.0014139283
0,134590,0.0014133506
0,134600,0.0014127732
0,134610,0.0014121961
0,134620,0.0014116194
0,134630,0.001411043
0,134640,0.0014104669
0,134650,0.0014098911
0,134660,0.0014093156
0,134670,0.0014087405
0,134680,0.0014081657
0,134690,0.0014075912
0,134700,0.001407017
0,134710,0.0014064432
0,134720,0.0014058697
0,134730,0.0014052965
0,134740,0.0014047236
0,134750,0.0014041511
0,134760,0.0014035789
0,134770,0.001403007
0,134780,0.0014024354
0,134790,0.0014018641
0,134800,0.0014012932
0,134810,0.0014007227
0,134820,0.0014001523
0,134830,0.0013995824
0,134840,0.0013990127
0,134850,0.0013984434
0,134860,0.0013978743
0,134870,0.0013973056
0,134880,0.0013967373
0,134890,0.0013961693
0,134900,0.0013956015
0,134910,0.0013950341
0,134920,0.0013944671
0,134930,0.0013939003
0,134940,0.0013933338
0,134950,0.0013927676
0,134960,0.0013922019
0,134970,0.0013916363
0,134980,0.0013910711
0,134990,0.0013905063
0,135000,0.0013899418
0,135010,0.0013893775
0,135020,0.0013888136
0,135030,0.00138825
0,135040,0.0013876867
0,135050,0.0013871238
0,135060,0.0013865612
0,135070,0.0013859988
0,135080,0.0013854369
0,135090,0.0013848752
0,135100,0.0013843138
0,135110,0.0013837527
0,135120,0.0013831919
0,135130,0.0013826315
0,135140,0.0013820714
0,135150,0.0013815116
0,135160,0.0013809521
0,135170,0.0013803929
0,135180,0.001379834
0,135190,0.0013792755
0,135200,0.0013787173
0,135210,0.0013781594
0,135220,0.0013776018
0,135230,0.0013770445
0,135240,0.0013764875
0,135250,0.0013759308
0,135260,0.0013753745
0,135270,0.0013748184
0,135280,0.0013742627
0,135290,0.0013737073
0,135300,0.0013731522
0,135310,0.0013725974
0,135320,0.0013720429
0,135330,0.0013714888
0,135340,0.0013709349
0,135350,0.0013703813
0,135360,0.0013698281
0,135370,0.0013692752
0,135380,0.0013687225
0,135390,0.0013681703
0,135400,0.0013676183
0,135410,0.0013670666
0,135420,0.0013665152
0,135430,0.0013659642
0,135440,0.0013654134
0,135450,0.001364863
0,135460,0.0013643128
0,135470,0.001363763
0,135480,0.0013632135
0,135490,0.0013626643
0,135500,0.0013621154
0,135510,0.0013615668
0,135520,0.0013610185
0,135530,0.0013604705
0,135540,0.0013599228
0,135550,0.0013593755
0,135560,0.0013588284
0,135570,0.0013582817
0,135580,0.0013577353
0,135590,0.0013571891
0,135600,0.0013566433
0,135610,0.0013560978
0,135620,0.0013555526
0,135630,0.0013550076
0,135640,0.001354463
0,135650,0.0013539187
0,135660,0.0013533747
0,135670,0.001352831
0,135680,0.0013522877
0,135690,0.0013517446
0,135700,0.0013512018
0,135710,0.0013506593
0,135720,0.0013501171
0,135730,0.0013495754
0,135740,0.0013490338
0,135750,0.0013484925
0,135760,0.0013479516
0,135770,0.001347411
0,135780,0.0013468706
0,135790,0.0013463305
0,135800,0.0013457908
0,135810,0.0013452513
0,135820,0.0013447122
0,135830,0.0013441734
0,135840,0.0013436349
0,135850,0.0013430966
0,135860,0.0013425588
0,135870,0.0013420212
0,135880,0.0013414838
0,135890,0.0013409468
0,135900,0.0013404101
0,135910,0.0013398736
0,135920,0.0013393376
0,135930,0.0013388017
0,135940,0.0013382662
0,135950,0.001337731
0,135960,0.0013371961
0,135970,0.0013366614
0,135980,0.0013361272
0,135990,0.001335593
0,136000,0.0013350594
0,136010,0.001334526
0,136020,0.0013339928
0,136030,0.0013334601
0,136040,0.0013329275
0,136050,0.0013323952
0,136060,0.0013318633
0,136070,0.0013313318
0,136080,0.0013308005
0,136090,0.0013302694
0,136100,0.0013297386
0,136110,0.0013292083
0,136120,0.0013286781
0,136130,0.0013281482
0,136140,0.0013276187
0,136150,0.0013270894
0,136160,0.0013265605
0,136170,0.0013260319
0,136180,0.0013255035
0,136190,0.0013249754
0,136200,0.0013244477
0,136210,0.0013239202
0,136220,0.001323393
0,136230,0.0013228661
0,136240,0.0013223395
0,136250,0.0013218132
0,136260,0.0013212872
0,136270,0.0013207615
0,136280,0.0013202361
0,136290,0.001319711
0,136300,0.0013191862
0,136310,0.0013186616
0,136320,0.0013181374
0,136330,0.0013176135
0,136340,0.0013170899
0,136350,0.0013165665
0,136360,0.0013160434
0,136370,0.0013155206
0,136380,0.0013149981
0,136390,0.001314476
0,136400,0.0013139541
0,136410,0.0013134325
0,136420,0.0013129112
0,136430,0.0013123902
0,136440,0.0013118695
0,136450,0.001311349
0,136460,0.0013108288
0,136470,0.001310309
0,136480,0.0013097895
0,136490,0.0013092703
0,136500,0.0013087513
0,136510,0.0013082325
0,136520,0.0013077141
0,136530,0.0013071961
0,136540,0.0013066783
0,136550,0.0013061607
0,136560,0.0013056435
0,136570,0.0013051265
0,136580,0.0013046098
0,136590,0.0013040935
0,136600,0.0013035774
0,136610,0.0013030616
0,136620,0.0013025461
0,136630,0.0013020309
0,136640,0.001301516
0,136650,0.0013010013
0,136660,0.001300487
0,136670,0.0012999729
0,136680,0.0012994591
0,136690,0.0012989456
0,136700,0.0012984325
0,136710,0.0012979195
0,136720,0.0012974069
0,136730,0.0012968945
0,136740,0.0012963825
0,136750,0.0012958708
0,136760,0.0012953592
0,136770,0.001294848
0,136780,0.0012943371
0,136790,0.0012938265
0,136800,0.0012933161
0,136810,0.0012928061
0,136820,0.0012922963
0,136830,0.0012917869
0,136840,0.0012912776
0,136850,0.0012907687
0,136860,0.0012902601
0,136870,0.0012897517
0,136880,0.0012892437
0,136890,0.0012887359
0,136900,0.0012882284
0,136910,0.0012877212
0,136920,0.0012872142
0,136930,0.0012867076
0,136940,0.0012862013
0,136950,0.0012856951
0,136960,0.0012851894
0,136970,0.0012846838
0,136980,0.0012841786
0,136990,0.0012836737
0,137000,0.001283169
0,137010,0.0012826646
0,137020,0.0012821605
0,137030,0.0012816567
0,137040,0.0012811532
0,137050,0.0012806499
0,137060,0.0012801469
0,137070,0.0012796442
0,137080,0.0012791418
0,137090,0.0012786397
0,137100,0.0012781378
0,137110,0.0012776362
0,137120,0.0012771349
0,137130,0.0012766339
0,137140,0.0012761331
0,137150,0.0012756326
0,137160,0.0012751325
0,137170,0.0012746326
0,137180,0.001274133
0,137190,0.0012736337
0,137200,0.0012731346
0,137210,0.0012726358
0,137220,0.0012721373
0,137230,0.001271639
0,137240,0.0012711411
0,137250,0.0012706434
0,137260,0.001270146
0,137270,0.0012696489
0,137280,0.001269152
0,137290,0.0012686555
0,137300,0.0012681592
0,137310,0.0012676632
0,137320,0.0012671675
0,137330,0.001266672
0,137340,0.0012661768
0,137350,0.0012656819
0,137360,0.0012651873
0,137370,0.001264693
0,137380,0.0012641989
0,137390,0.0012637051
0,137400,0.0012632116
0,137410,0.0012627183
0,137420,0.0012622253
0,137430,0.0012617327
0,137440,0.0012612402
0,137450,0.001260748
0,137460,0.0012602562
0,137470,0.0012597645
0,137480,0.0012592733
0,137490,0.0012587822
0,137500,0.0012582914
0,137510,0.0012578008
0,137520,0.0012573106
0,137530,0.0012568207
0,137540,0.001256331
0,137550,0.0012558416
0,137560,0.0012553524
0,137570,0.0012548636
0,137580,0.001254375
0,137590,0.0012538866
0,137600,0.0012533986
0,137610,0.0012529108
0,137620,0.0012524233
0,137630,0.0012519361
0,137640,0.0012514491
0,137650,0.0012509624
0,137660,0.001250476
0,137670,0.0012499898
0,137680,0.0012495039
0,137690,0.0012490184
0,137700,0.001248533
0,137710,0.0012480479
0,137720,0.0012475632
0,137730,0.0012470786
0,137740,0.0012465944
0,137750,0.0012461104
0,137760,0.0012456266
0,137770,0.0012451432
0,137780,0.00124466
0,137790,0.0012441771
0,137800,0.0012436945
0,137810,0.0012432121
0,137820,0.00124273
0,137830,0.0012422481
0,137840,0.0012417666
0,137850,0.0012412852
0,137860,0.0012408042
0,137870,0.0012403235
0,137880,0.001239843
0,137890,0.0012393628
0,137900,0.0012388828
0,137910,0.001238403
0,137920,0.0012379236
0,137930,0.0012374445
0,137940,0.0012369656
0,137950,0.001236487
0,137960,0.0012360086
0,137970,0.0012355305
0,137980,0.0012350527
0,137990,0.0012345751
0,138000,0.0012340979
0,138010,0.0012336208
0,138020,0.001233144
0,138030,0.0012326675
0,138040,0.0012321912
0,138050,0.0012317153
0,138060,0.0012312396
0,138070,0.0012307642
0,138080,0.001230289
0,138090,0.001229814
0,138100,0.0012293394
0,138110,0.001228865
0,138120,0.0012283908
0,138130,0.001227917
0,138140,0.0012274435
0,138150,0.0012269701
0,138160,0.001226497
0,138170,0.0012260242
0,138180,0.0012255517
0,138190,0.0012250794
0,138200,0.0012246073
0,138210,0.0012241356
0,138220,0.0012236641
0,138230,0.0012231929
0,138240,0.001222722
0,138250,0.0012222512
0,138260,0.0012217808
0,138270,0.0012213106
0,138280,0.0012208407
0,138290,0.001220371
0,138300,0.0012199016
0,138310,0.0012194325
0,138320,0.0012189636
0,138330,0.001218495
0,138340,0.0012180266
0,138350,0.0012175585
0,138360,0.0012170908
0,138370,0.0012166231
0,138380,0.0012161558
0,138390,0.0012156888
0,138400,0.001215222
0,138410,0.0012147555
0,138420,0.0012142891
0,138430,0.0012138231
0,138440,0.0012133573
0,138450,0.0012128919
0,138460,0.0012124266
0,138470,0.0012119616
0,138480,0.0012114969
0,138490,0.0012110324
0,138500,0.0012105682
0,138510,0.0012101042
0,138520,0.0012096405
0,138530,0.0012091771
0,138540,0.001208714
0,138550,0.001208251
0,138560,0.0012077884
0,138570,0.001207326
0,138580,0.0012068638
0,138590,0.0012064019
0,138600,0.0012059403
0,138610,0.0012054789
0,138620,0.0012050177
0,138630,0.0012045569
0,138640,0.0012040962
0,138650,0.0012036358
0,138660,0.0012031758
0,138670,0.0012027159
0,138680,0.0012022563
0,138690,0.001201797
0,138700,0.0012013379
0,138710,0.0012008791
0,138720,0.0012004205
0,138730,0.0011999622
0,138740,0.0011995041
0,138750,0.0011990463
0,138760,0.0011985888
0,138770,0.0011981315
0,138780,0.0011976744
0,138790,0.0011972176
0,138800,0.001196761
0,138810,0.0011963048
0,138820,0.0011958487
0,138830,0.0011953929
0,138840,0.0011949374
0,138850,0.0011944821
0,138860,0.0011940271
0,138870,0.0011935723
0,138880,0.0011931178
0,138890,0.0011926636
0,138900,0.0011922095
0,138910,0.0011917558
0,138920,0.0011913022
0,138930,0.001190849
0,138940,0.0011903959
0,138950,0.0011899432
0,138960,0.0011894907
0,138970,0.0011890384
0,138980,0.0011885865
0,138990,0.0011881347
0,139000,0.0011876832
0,139010,0.0011872319
0,139020,0.0011867809
0,139030,0.0011863301
0,139040,0.0011858796
0,139050,0.0011854294
0,139060,0.0011849793
0,139070,0.0011845296
0,139080,0.00118408
0,139090,0.0011836308
0,139100,0.0011831818
0,139110,0.0011827331
0,139120,0.0011822846
0,139130,0.0011818362
0,139140,0.0011813883
0,139150,0.0011809404
0,139160,0.0011804929
0,139170,0.0011800457
0,139180,0.0011795986
0,139190,0.0011791519
0,139200,0.0011787054
0,139210,0.001178259
0,139220,0.001177813
0,139230,0.0011773673
0,139240,0.0011769217
0,139250,0.0011764764
0,139260,0.0011760313
0,139270,0.0011755866
0,139280,0.001175142
0,139290,0.0011746977
0,139300,0.0011742536
0,139310,0.0011738098
0,139320,0.0011733662
0,139330,0.0011729229
0,139340,0.0011724798
0,139350,0.001172037
0,139360,0.0011715944
0,139370,0.001171152
0,139380,0.00117071
0,139390,0.001170268
0,139400,0.0011698265
0,139410,0.0011693852
0,139420,0.0011689439
0,139430,0.0011685031
0,139440,0.0011680624
0,139450,0.001167622
0,139460,0.0011671819
0,139470,0.0011667421
0,139480,0.0011663024
0,139490,0.0011658629
0,139500,0.0011654238
0,139510,0.0011649849
0,139520,0.0011645461
0,139530,0.0011641077
0,139540,0.0011636695
0,139550,0.0011632316
0,139560,0.0011627938
0,139570,0.0011623563
0,139580,0.0011619191
0,139590,0.0011614821
0,139600,0.0011610454
0,139610,0.0011606088
0,139620,0.0011601726
0,139630,0.0011597365
0,139640,0.0011593008
0,139650,0.0011588652
0,139660,0.0011584299
0,139670,0.0011579948
0,139680,0.00115756
0,139690,0.0011571255
0,139700,0.0011566911
0,139710,0.001156257
0,139720,0.0011558231
0,139730,0.0011553895
0,139740,0.0011549561
0,139750,0.001154523
0,139760,0.00115409
0,139770,0.0011536574
0,139780,0.001153225
0,139790,0.0011527928
0,139800,0.0011523608
0,139810,0.0011519291
0,139820,0.0011514976
0,139830,0.0011510664
0,139840,0.0011506354
0,139850,0.0011502047
0,139860,0.0011497742
0,139870,0.0011493439
0,139880,0.0011489139
0,139890,0.001148484
0,139900,0.0011480545
0,139910,0.0011476252
0,139920,0.001147196
0,139930,0.0011467672
0,139940,0.0011463385
0,139950,0.0011459101
0,139960,0.001145482
0,139970,0.0011450541
0,139980,0.0011446264
0,139990,0.0011441989
0,140000,0.0011437718
0,140010,0.0011433448
0,140020,0.001142918
0,140030,0.0011424916
0,140040,0.0011420653
0,140050,0.0011416393
0,140060,0.0011412135
0,140070,0.001140788
0,140080,0.0011403626
0,140090,0.0011399376
0,140100,0.0011395126
0,140110,0.0011390881
0,140120,0.0011386637
0,140130,0.0011382395
0,140140,0.0011378156
0,140150,0.0011373919
0,140160,0.0011369685
0,140170,0.0011365453
0,140180,0.0011361223
0,140190,0.0011356996
0,140200,0.001135277
0,140210,0.0011348547
0,140220,0.0011344327
0,140230,0.0011340108
0,140240,0.0011335893
0,140250,0.001133168
0,140260,0.0011327468
0,140270,0.001132326
0,140280,0.0011319054
0,140290,0.0011314849
0,140300,0.0011310647
0,140310,0.0011306447
0,140320,0.001130225
0,140330,0.0011298055
0,140340,0.0011293862
0,140350,0.0011289673
0,140360,0.0011285484
0,140370,0.0011281299
0,140380,0.0011277115
0,140390,0.0011272934
0,140400,0.0011268755
0,140410,0.0011264578
0,140420,0.0011260405
0,140430,0.0011256232
0,140440,0.0011252064
0,140450,0.0011247896
0,140460,0.001124373
0,140470,0.0011239568
0,140480,0.0011235408
0,140490,0.001123125
0,140500,0.0011227094
0,140510,0.001122294
0,140520,0.0011218789
0,140530,0.001121464
0,140540,0.0011210493
0,140550,0.0011206348
0,140560,0.0011202206
0,140570,0.0011198067
0,140580,0.0011193929
0,140590,0.0011189794
0,140600,0.0011185661
0,140610,0.0011181531
0,140620,0.0011177402
0,140630,0.0011173276
0,140640,0.0011169153
0,140650,0.001116503
0,140660,0.0011160912
0,140670,0.0011156794
0,140680,0.0011152679
0,140690,0.0011148567
0,140700,0.0011144456
0,140710,0.0011140348
0,140720,0.0011136243
0,140730,0.001113214
0,140740,0.0011128038
0,140750,0.0011123939
0,140760,0.0011119843
0,140770,0.0011115747
0,140780,0.0011111655
0,140790,0.0011107565
0,140800,0.0011103478
0,140810,0.0011099392
0,140820,0.0011095309
0,140830,0.0011091228
0,140840,0.001108715
0,140850,0.0011083073
0,140860,0.0011078998
0,140870,0.0011074926
0,140880,0.0011070856
0,140890,0.0011066789
0,140900,0.0011062723
0,140910,0.001105866
0,140920,0.00110546
0,140930,0.0011050542
0,140940,0.0011046485
0,140950,0.0011042431
0,140960,0.0011038379
0,140970,0.001103433
0,140980,0.0011030282
0,140990,0.0011026236
0,141000,0.0011022193
0,141010,0.0011018153
0,141020,0.0011014114
0,141030,0.0011010078
0,141040,0.0011006044
0,141050,0.0011002012
0,141060,0.0010997982
0,141070,0.0010993954
0,141080,0.001098993
0,141090,0.0010985907
0,141100,0.0010981886
0,141110,0.0010977867
0,141120,0.0010973851
0,141130,0.0010969837
0,141140,0.0010965824
0,141150,0.0010961815
0,141160,0.0010957806
0,141170,0.0010953802
0,141180,0.0010949798
0,141190,0.0010945797
0,141200,0.0010941798
0,141210,0.0010937802
0,141220,0.0010933807
0,141230,0.0010929815
0,141240,0.0010925825
0,141250,0.0010921838
0,141260,0.0010917851
0,141270,0.0010913869
0,141280,0.0010909887
0,141290,0.0010905908
0,141300,0.001090193
0,141310,0.0010897956
0,141320,0.0010893984
0,141330,0.0010890013
0,141340,0.0010886046
0,141350,0.0010882079
0,141360,0.0010878115
0,141370,0.0010874154
0,141380,0.0010870195
0,141390,0.0010866238
0,141400,0.0010862282
0,141410,0.001085833
0,141420,0.0010854378
0,141430,0.001085043
0,141440,0.0010846483
0,141450,0.0010842539
0,141460,0.0010838597
0,141470,0.0010834656
0,141480,0.0010830719
0,141490,0.0010826783
0,141500,0.001082285
0,141510,0.0010818918
0,141520,0.0010814989
0,141530,0.0010811063
0,141540,0.0010807137
0,141550,0.0010803215
0,141560,0.0010799294
0,141570,0.0010795376
0,141580,0.0010791459
0,141590,0.0010787545
0,141600,0.0010783634
0,141610,0.0010779724
0,141620,0.0010775815
0,141630,0.0010771911
0,141640,0.0010768007
0,141650,0.0010764106
0,141660,0.0010760206
0,141670,0.001075631
0,141680,0.0010752415
0,141690,0.0010748522
0,141700,0.0010744631
0,141710,0.0010740743
0,141720,0.0010736857
0,141730,0.0010732972
0,141740,0.0010729091
0,141750,0.0010725211
0,141760,0.0010721333
0,141770,0.0010717458
0,141780,0.0010713583
0,141790,0.0010709713
0,141800,0.0010705843
0,141810,0.0010701976
0,141820,0.001069811
0,141830,0.0010694248
0,141840,0.0010690386
0,141850,0.0010686528
0,141860,0.0010682672
0,141870,0.0010678817
0,141880,0.0010674965
0,141890,0.0010671114
0,141900,0.0010667266
0,141910,0.001066342
0,141920,0.0010659576
0,141930,0.0010655734
0,141940,0.0010651895
0,141950,0.0010648057
0,141960,0.0010644222
0,141970,0.0010640388
0,141980,0.0010636557
0,141990,0.0010632727
0,142000,0.00106289
0,142010,0.0010625075
0,142020,0.0010621252
0,142030,0.0010617431
0,142040,0.0010613613
0,142050,0.0010609796
0,142060,0.0010605981
0,142070,0.0010602169
0,142080,0.0010598358
0,142090,0.001059455
0,142100,0.0010590743
0,142110,0.001058694
0,142120,0.0010583138
0,142130,0.0010579338
0,142140,0.0010575539
0,142150,0.0010571743
0,142160,0.001056795
0,142170,0.0010564158
0,142180,0.0010560368
0,142190,0.0010556581
0,142200,0.0010552795
0,142210,0.0010549012
0,142220,0.001054523
0,142230,0.0010541452
0,142240,0.0010537674
0,142250,0.0010533899
0,142260,0.0010530126
0,142270,0.0010526355
0,142280,0.0010522585
0,142290,0.0010518818
0,142300,0.0010515053
0,142310,0.0010511291
0,142320,0.001050753
0,142330,0.0010503771
0,142340,0.0010500015
0,142350,0.001049626
0,142360,0.0010492508
0,142370,0.0010488757
0,142380,0.0010485009
0,142390,0.0010481263
0,142400,0.0010477519
0,142410,0.0010473776
0,142420,0.0010470035
0,142430,0.0010466297
0,142440,0.0010462562
0,142450,0.0010458827
0,142460,0.0010455095
0,142470,0.0010451365
0,142480,0.0010447637
0,142490,0.0010443911
0,142500,0.0010440187
0,142510,0.0010436465
0,142520,0.0010432745
0,142530,0.0010429027
0,142540,0.0010425311
0,142550,0.0010421597
0,142560,0.0010417886
0,142570,0.0010414176
0,142580,0.0010410468
0,142590,0.0010406763
0,142600,0.001040306
0,142610,0.0010399357
0,142620,0.0010395658
0,142630,0.001039196
0,142640,0.0010388264
0,142650,0.0010384572
0,142660,0.001038088
0,142670,0.001037719
0,142680,0.0010373503
0,142690,0.0010369817
0,142700,0.0010366134
0,142710,0.0010362453
0,142720,0.0010358773
0,142730,0.0010355095
0,142740,0.001035142
0,142750,0.0010347746
0,142760,0.0010344075
0,142770,0.0010340405
0,142780,0.0010336738
0,142790,0.0010333073
0,142800,0.0010329409
0,142810,0.0010325747
0,142820,0.0010322088
0,142830,0.001031843
0,142840,0.0010314775
0,142850,0.0010311122
0,142860,0.001030747
0,142870,0.001030382
0,142880,0.0010300173
0,142890,0.0010296528
0,142900,0.0010292884
0,142910,0.0010289242
0,142920,0.0010285602
0,142930,0.0010281965
0,142940,0.001027833
0,142950,0.0010274696
0,142960,0.0010271064
0,142970,0.0010267434
0,142980,0.0010263807
0,142990,0.0010260182
0,143000,0.0010256558
0,143010,0.0010252936
0,143020,0.0010249316
0,143030,0.0010245699
0,143040,0.0010242083
0,143050,0.0010238468
0,143060,0.0010234857
0,143070,0.0010231247
0,143080,0.0010227639
0,143090,0.0010224032
0,143100,0.0010220428
0,143110,0.0010216826
0,143120,0.0010213226
0,143130,0.0010209628
0,143140,0.0010206032
0,143150,0.0010202437
0,143160,0.0010198845
0,143170,0.0010195255
0,143180,0.0010191667
0,143190,0.001018808
0,143200,0.0010184495
0,143210,0.0010180913
0,143220,0.0010177332
0,143230,0.0010173754
0,143240,0.0010170178
0,143250,0.0010166602
0,143260,0.001016303
0,143270,0.0010159459
0,143280,0.001015589
0,143290,0.0010152323
0,143300,0.0010148758
0,143310,0.0010145195
0,143320,0.0010141634
0,143330,0.0010138075
0,143340,0.0010134517
0,143350,0.0010130962
0,143360,0.0010127409
0,143370,0.0010123857
0,143380,0.0010120308
0,143390,0.0010116759
0,143400,0.0010113214
0,143410,0.0010109671
0,143420,0.0010106128
0,143430,0.0010102588
0,143440,0.001009905
0,143450,0.0010095515
0,143460,0.001009198
0,143470,0.0010088448
0,143480,0.0010084917
0,143490,0.001008139
0,143500,0.0010077863
0,143510,0.0010074339
0,143520,0.0010070816
0,143530,0.0010067296
0,143540,0.0010063776
0,143550,0.0010060259
0,143560,0.0010056745
0,143570,0.0010053231
0,143580,0.001004972
0,143590,0.0010046212
0,143600,0.0010042704
0,143610,0.0010039199
0,143620,0.0010035695
0,143630,0.0010032193
0,143640,0.0010028693
0,143650,0.0010025195
0,143660,0.0010021699
0,143670,0.0010018206
0,143680,0.0010014713
0,143690,0.0010011223
0,143700,0.0010007735
0,143710,0.0010004248
0,143720,0.0010000764
0,143730,0.0009997281
0,143740,0.00099938
0,143750,0.0009990322
0,143760,0.0009986844
0,143770,0.0009983369
0,143780,0.0009979896
0,143790,0.0009976425
0,143800,0.0009972955
0,143810,0.0009969488
0,143820,0.0009966022
0,143830,0.0009962558
0,143840,0.0009959096
0,143850,0.0009955636
0,143860,0.0009952178
0,143870,0.0009948722
0,143880,0.0009945267
0,143890,0.0009941815
0,143900,0.0009938364
0,143910,0.0009934915
0,143920,0.0009931468
0,143930,0.0009928023
0,143940,0.000992458
0,143950,0.0009921138
0,143960,0.00099177
0,143970,0.0009914262
0,143980,0.0009910825
0,143990,0.0009907392
0,144000,0.000990396
0,144010,0.0009900529
0,144020,0.0009897101
0,144030,0.0009893675
0,144040,0.000989025
0,144050,0.0009886827
0,144060,0.0009883407
0,144070,0.0009879988
0,144080,0.000987657
0,144090,0.0009873156
0,144100,0.0009869742
0,144110,0.000986633
0,144120,0.000986292
0,144130,0.0009859513
0,144140,0.0009856106
0,144150,0.0009852702
0,144160,0.00098493
0,144170,0.0009845899
0,144180,0.0009842501
0,144190,0.0009839104
0,144200,0.0009835708
0,144210,0.0009832316
0,144220,0.0009828924
0,144230,0.0009825535
0,144240,0.0009822147
0,144250,0.000981876
0,144260,0.0009815377
0,144270,0.0009811994
0,144280,0.0009808615
0,144290,0.0009805236
0,144300,0.0009801859
0,144310,0.0009798484
0,144320,0.0009795112
0,144330,0.000979174
0,144340,0.000978837
0,144350,0.0009785003
0,144360,0.0009781638
0,144370,0.0009778274
0,144380,0.0009774911
0,144390,0.0009771552
0,144400,0.0009768193
0,144410,0.0009764836
0,144420,0.0009761481
0,144430,0.00097581284
0,144440,0.0009754777
0,144450,0.00097514276
0,144460,0.000974808
0,144470,0.0009744734
0,144480,0.000974139
0,144490,0.00097380485
0,144500,0.0009734708
0,144510,0.0009731369
0,144520,0.0009728033
0,144530,0.0009724698
0,144540,0.00097213645
0,144550,0.0009718033
0,144560,0.0009714704
0,144570,0.0009711376
0,144580,0.000970805
0,144590,0.0009704726
0,144600,0.0009701404
0,144610,0.0009698083
0,144620,0.0009694765
0,144630,0.00096914475
0,144640,0.00096881326
0,144650,0.0009684819
0,144660,0.00096815074
0,144670,0.00096781977
0,144680,0.000967489
0,144690,0.00096715835
0,144700,0.0009668279
0,144710,0.00096649764
0,144720,0.00096616754
0,144730,0.0009658377
0,144740,0.00096550793
0,144750,0.00096517836
0,144760,0.000964849
0,144770,0.0009645198
0,144780,0.0009641908
0,144790,0.00096386194
0,144800,0.0009635333
0,144810,0.00096320483
0,144820,0.0009628765
0,144830,0.00096254837
0,144840,0.0009622204
0,144850,0.00096189266
0,144860,0.00096156506
0,144870,0.00096123765
0,144880,0.0009609104
0,144890,0.00096058333
0,144900,0.00096025644
0,144910,0.0009599297
0,144920,0.0009596032
0,144930,0.0009592768
0,144940,0.0009589506
0,144950,0.0009586246
0,144960,0.00095829874
0,144970,0.0009579731
0,144980,0.00095764763
0,144990,0.0009573223
0,145000,0.00095699716
0,145010,0.00095667224
0,145020,0.00095634745
0,145030,0.0009560228
0,145040,0.00095569843
0,145050,0.00095537415
0,145060,0.00095505005
0,145070,0.0009547262
0,145080,0.00095440244
0,145090,0.00095407886
0,145100,0.0009537555
0,145110,0.0009534323
0,145120,0.00095310924
0,145130,0.00095278636
0,145140,0.0009524637
0,145150,0.0009521412
0,145160,0.00095181883
0,145170,0.00095149665
0,145180,0.0009511747
0,145190,0.0009508529
0,145200,0.0009505312
0,145210,0.00095020974
0,145220,0.00094988843
0,145230,0.0009495673
0,145240,0.0009492464
0,145250,0.0009489256
0,145260,0.000948605
0,145270,0.0009482846
0,145280,0.0009479643
0,145290,0.0009476442
0,145300,0.00094732427
0,145310,0.00094700453
0,145320,0.000946685
0,145330,0.0009463656
0,145340,0.0009460463
0,145350,0.0009457273
0,145360,0.0009454084
0,145370,0.0009450897
0,145380,0.00094477116
0,145390,0.00094445277
0,145400,0.0009441346
0,145410,0.00094381656
0,145420,0.0009434987
0,145430,0.000943181
0,145440,0.00094286347
0,145450,0.0009425462
0,145460,0.000942229
0,145470,0.000941912
0,145480,0.0009415951
0,145490,0.0009412785
0,145500,0.000940962
0,145510,0.0009406457
0,145520,0.0009403295
0,145530,0.00094001356
0,145540,0.0009396977
0,145550,0.00093938207
0,145560,0.00093906664
0,145570,0.0009387513
0,145580,0.0009384362
0,145590,0.00093812123
0,145600,0.00093780644
0,145610,0.00093749183
0,145620,0.00093717733
0,145630,0.00093686307
0,145640,0.0009365489
0,145650,0.000936235
0,145660,0.0009359212
0,145670,0.0009356076
0,145680,0.0009352942
0,145690,0.0009349809
0,145700,0.00093466777
0,145710,0.00093435484
0,145720,0.0009340421
0,145730,0.00093372946
0,145740,0.00093341706
0,145750,0.0009331048
0,145760,0.00093279267
0,145770,0.0009324808
0,145780,0.00093216903
0,145790,0.0009318574
0,145800,0.000931546
0,145810,0.00093123474
0,145820,0.0009309236
0,145830,0.00093061273
0,145840,0.00093030196
0,145850,0.00092999137
0,145860,0.00092968094
0,145870,0.0009293707
0,145880,0.00092906057
0,145890,0.00092875067
0,145900,0.0009284409
0,145910,0.0009281313
0,145920,0.00092782185
0,145930,0.0009275126
0,145940,0.0009272035
0,145950,0.0009268946
0,145960,0.0009265858
0,145970,0.00092627725
0,145980,0.0009259688
0,145990,0.00092566054
0,146000,0.00092535245
0,146010,0.00092504453
0,146020,0.0009247367
0,146030,0.0009244291
0,146040,0.0009241217
0,146050,0.0009238144
0,146060,0.0009235073
0,146070,0.00092320034
0,146080,0.0009228936
0,146090,0.00092258694
0,146100,0.0009222805
0,146110,0.0009219742
0,146120,0.0009216681
0,146130,0.00092136214
0,146140,0.0009210563
0,146150,0.0009207507
0,146160,0.00092044525
0,146170,0.00092013995
0,146180,0.00091983477
0,146190,0.0009195298
0,146200,0.000919225
0,146210,0.0009189203
0,146220,0.00091861584
0,146230,0.00091831153
0,146240,0.0009180074
0,146250,0.0009177034
0,146260,0.00091739953
0,146270,0.00091709587
0,146280,0.00091679237
0,146290,0.000916489
0,146300,0.00091618585
0,146310,0.0009158828
0,146320,0.00091557996
0,146330,0.0009152773
0,146340,0.0009149747
0,146350,0.00091467233
0,146360,0.0009143701
0,146370,0.0009140681
0,146380,0.0009137662
0,146390,0.00091346446
0,146400,0.0009131629
0,146410,0.0009128615
0,146420,0.00091256027
0,146430,0.00091225916
0,146440,0.0009119583
0,146450,0.0009116575
0,146460,0.0009113569
0,146470,0.0009110565
0,146480,0.0009107562
0,146490,0.00091045606
0,146500,0.0009101561
0,146510,0.00090985635
0,146520,0.0009095567
0,146530,0.0009092572
0,146540,0.0009089579
0,146550,0.0009086587
0,146560,0.00090835977
0,146570,0.00090806093
0,146580,0.00090776227
0,146590,0.0009074637
0,146600,0.0009071654
0,146610,0.0009068672
0,146620,0.0009065691
0,146630,0.0009062713
0,146640,0.00090597355
0,146650,0.000905676
0,146660,0.0009053786
0,146670,0.00090508134
0,146680,0.0009047843
0,146690,0.00090448733
0,146700,0.0009041906
0,146710,0.000903894
0,146720,0.00090359757
0,146730,0.00090330123
0,146740,0.00090300513
0,146750,0.00090270914
0,146760,0.00090241333
0,146770,0.0009021177
0,146780,0.0009018222
0,146790,0.00090152683
0,146800,0.00090123166
0,146810,0.00090093666
0,146820,0.0009006418
0,146830,0.0009003471
0,146840,0.0009000525
0,146850,0.00089975813
0,146860,0.0008994639
0,146870,0.0008991698
0,146880,0.0008988759
0,146890,0.0008985821
0,146900,0.0008982885
0,146910,0.0008979951
0,146920,0.0008977018
0,146930,0.00089740864
0,146940,0.0008971156
0,146950,0.00089682284
0,146960,0.0008965301
0,146970,0.0008962376
0,146980,0.00089594524
0,146990,0.00089565304
0,147000,0.000895361
0,147010,0.0008950691
0,147020,0.0008947774
0,147030,0.0008944858
0,147040,0.0008941944
0,147050,0.00089390314
0,147060,0.000893612
0,147070,0.00089332106
0,147080,0.00089303026
0,147090,0.0008927396
0,147100,0.0008924491
0,147110,0.0008921588
0,147120,0.0008918686
0,147130,0.00089157856
0,147140,0.0008912887
0,147150,0.000890999
0,147160,0.0008907094
0,147170,0.00089042
0,147180,0.00089013076
0,147190,0.00088984164
0,147200,0.0008895527
0,147210,0.0008892639
0,147220,0.0008889753
0,147230,0.00088868674
0,147240,0.00088839844
0,147250,0.00088811025
0,147260,0.00088782224
0,147270,0.00088753435
0,147280,0.0008872466
0,147290,0.0008869591
0,147300,0.00088667165
0,147310,0.0008863844
0,147320,0.0008860973
0,147330,0.00088581035
0,147340,0.00088552356
0,147350,0.0008852369
0,147360,0.0008849504
0,147370,0.00088466407
0,147380,0.00088437786
0,147390,0.00088409183
0,147400,0.0008838059
0,147410,0.00088352023
0,147420,0.0008832346
0,147430,0.0008829492
0,147440,0.00088266394
0,147450,0.0008823788
0,147460,0.0008820938
0,147470,0.000881809
0,147480,0.00088152435
0,147490,0.00088123983
0,147500,0.0008809554
0,147510,0.0008806712
0,147520,0.00088038715
0,147530,0.00088010327
0,147540,0.0008798195
0,147550,0.00087953586
0,147560,0.0008792524
0,147570,0.0008789691
0,147580,0.0008786859
0,147590,0.0008784029
0,147600,0.0008781201
0,147610,0.00087783736
0,147620,0.0008775548
0,147630,0.0008772724
0,147640,0.00087699015
0,147650,0.000876708
0,147660,0.00087642606
0,147670,0.0008761443
0,147680,0.0008758626
0,147690,0.0008755811
0,147700,0.00087529974
0,147710,0.00087501854
0,147720,0.00087473745
0,147730,0.00087445654
0,147740,0.0008741758
0,147750,0.0008738952
0,147760,0.00087361474
0,147770,0.0008733344
0,147780,0.00087305426
0,147790,0.0008727742
0,147800,0.00087249436
0,147810,0.0008722146
0,147820,0.00087193504
0,147830,0.00087165565
0,147840,0.00087137637
0,147850,0.00087109726
0,147860,0.0008708183
0,147870,0.0008705394
0,147880,0.00087026076
0,147890,0.00086998224
0,147900,0.0008697038
0,147910,0.0008694256
0,147920,0.0008691475
0,147930,0.00086886954
0,147940,0.0008685918
0,147950,0.0008683141
0,147960,0.0008680366
0,147970,0.0008677592
0,147980,0.00086748204
0,147990,0.000867205
0,148000,0.0008669281
0,148010,0.0008666513
0,148020,0.0008663747
0,148030,0.0008660982
0,148040,0.0008658219
0,148050,0.0008655457
0,148060,0.0008652697
0,148070,0.0008649938
0,148080,0.00086471805
0,148090,0.00086444244
0,148100,0.000864167
0,148110,0.00086389174
0,148120,0.00086361653
0,148130,0.00086334156
0,148140,0.0008630667
0,148150,0.00086279196
0,148160,0.0008625174
0,148170,0.00086224295
0,148180,0.00086196867
0,148190,0.0008616945
0,148200,0.0008614205
0,148210,0.0008611467
0,148220,0.000860873
0,148230,0.00086059945
0,148240,0.00086032605
0,148250,0.00086005277
0,148260,0.00085977966
0,148270,0.00085950666
0,148280,0.00085923384
0,148290,0.00085896114
0,148300,0.0008586886
0,148310,0.0008584162
0,148320,0.00085814396
0,148330,0.00085787184
0,148340,0.00085759984
0,148350,0.00085732806
0,148360,0.00085705635
0,148370,0.0008567848
0,148380,0.00085651345
0,148390,0.0008562422
0,148400,0.00085597107
0,148410,0.0008557001
0,148420,0.0008554293
0,148430,0.0008551586
0,148440,0.0008548881
0,148450,0.0008546177
0,148460,0.0008543475
0,148470,0.00085407734
0,148480,0.0008538074
0,148490,0.0008535376
0,148500,0.0008532679
0,148510,0.00085299835
0,148520,0.00085272896
0,148530,0.00085245975
0,148540,0.00085219066
0,148550,0.0008519217
0,148560,0.0008516529
0,148570,0.0008513842
0,148580,0.0008511156
0,148590,0.0008508472
0,148600,0.000850579
0,148610,0.0008503109
0,148620,0.0008500429
0,148630,0.0008497751
0,148640,0.0008495074
0,148650,0.0008492399
0,148660,0.0008489725
0,148670,0.0008487052
0,148680,0.00084843807
0,148690,0.00084817107
0,148700,0.00084790424
0,148710,0.00084763754
0,148720,0.000847371
0,148730,0.0008471046
0,148740,0.0008468383
0,148750,0.00084657216
0,148760,0.0008463062
0,148770,0.0008460403
0,148780,0.0008457746
0,148790,0.00084550906
0,148800,0.00084524363
0,148810,0.0008449783
0,148820,0.0008447132
0,148830,0.00084444816
0,148840,0.00084418326
0,148850,0.00084391853
0,148860,0.000843654
0,148870,0.0008433895
0,148880,0.00084312516
0,148890,0.000842861
0,148900,0.000842597
0,148910,0.0008423331
0,148920,0.00084206933
0,148930,0.0008418057
0,148940,0.0008415422
0,148950,0.0008412789
0,148960,0.0008410157
0,148970,0.0008407526
0,148980,0.0008404897
0,148990,0.00084022695
0,149000,0.00083996425
0,149010,0.00083970174
0,149020,0.0008394394
0,149030,0.00083917717
0,149040,0.00083891506
0,149050,0.0008386531
0,149060,0.0008383913
0,149070,0.0008381296
0,149080,0.0008378681
0,149090,0.00083760667
0,149100,0.00083734543
0,149110,0.0008370843
0,149120,0.0008368233
0,149130,0.0008365624
0,149140,0.0008363017
0,149150,0.0008360412
0,149160,0.0008357807
0,149170,0.0008355204
0,149180,0.00083526026
0,149190,0.0008350002
0,149200,0.0008347403
0,149210,0.00083448057
0,149220,0.00083422096
0,149230,0.0008339615
0,149240,0.0008337021
0,149250,0.0008334429
0,149260,0.0008331838
0,149270,0.0008329249
0,149280,0.0008326661
0,149290,0.00083240744
0,149300,0.0008321489
0,149310,0.0008318905
0,149320,0.00083163223
0,149330,0.00083137414
0,149340,0.00083111617
0,149350,0.0008308583
0,149360,0.0008306006
0,149370,0.000830343
0,149380,0.0008300856
0,149390,0.00082982826
0,149400,0.0008295711
0,149410,0.00082931406
0,149420,0.0008290572
0,149430,0.0008288004
0,149440,0.00082854374
0,149450,0.0008282873
0,149460,0.0008280309
0,149470,0.0008277747
0,149480,0.0008275186
0,149490,0.00082726264
0,149500,0.0008270068
0,149510,0.0008267511
0,149520,0.0008264956
0,149530,0.00082624017
0,149540,0.00082598487
0,149550,0.0008257297
0,149560,0.0008254747
0,149570,0.0008252198
0,149580,0.0008249651
0,149590,0.00082471047
0,149600,0.000824456
0,149610,0.0008242016
0,149620,0.0008239474
0,149630,0.00082369335
0,149640,0.0008234394
0,149650,0.00082318555
0,149660,0.0008229319
0,149670,0.0008226783
0,149680,0.00082242495
0,149690,0.0008221716
0,149700,0.0008219185
0,149710,0.00082166545
0,149720,0.0008214126
0,149730,0.00082115986
0,149740,0.00082090724
0,149750,0.00082065474
0,149760,0.0008204024
0,149770,0.0008201502
0,149780,0.0008198981
0,149790,0.0008196461
0,149800,0.0008193943
0,149810,0.0008191426
0,149820,0.00081889104
0,149830,0.00081863964
0,149840,0.0008183883
0,149850,0.0008181372
0,149860,0.00081788615
0,149870,0.0008176352
0,149880,0.00081738445
0,149890,0.0008171338
0,149900,0.00081688334
0,149910,0.00081663294
0,149920,0.0008163827
0,149930,0.0008161326
0,149940,0.00081588264
0,149950,0.00081563275
0,149960,0.00081538304
0,149970,0.00081513345
0,149980,0.00081488397
0,149990,0.00081463467
0,150000,0.0008143855
0,150010,0.0008141364
0,150020,0.00081388745
0,150030,0.0008136387
0,150040,0.00081339
0,150050,0.00081314147
0,150060,0.00081289303
0,150070,0.0008126447
0,150080,0.0008123966
0,150090,0.00081214856
0,150100,0.00081190065
0,150110,0.0008116529
0,150120,0.0008114053
0,150130,0.00081115775
0,150140,0.0008109104
0,150150,0.00081066316
0,150160,0.000810416
0,150170,0.00081016903
0,150180,0.0008099222
0,150190,0.00080967543
0,150200,0.00080942886
0,150210,0.0008091824
0,150220,0.000808936
0,150230,0.0008086898
0,150240,0.00080844376
0,150250,0.0008081978
0,150260,0.00080795196
0,150270,0.00080770627
0,150280,0.0008074607
0,150290,0.0008072152
0,150300,0.00080696994
0,150310,0.00080672477
0,150320,0.0008064797
0,150330,0.0008062348
0,150340,0.00080598996
0,150350,0.0008057453
0,150360,0.0008055007
0,150370,0.0008052563
0,150380,0.00080501207
0,150390,0.0008047679
0,150400,0.0008045238
0,150410,0.00080427993
0,150420,0.00080403616
0,150430,0.0008037925
0,150440,0.00080354896
0,150450,0.0008033056
0,150460,0.0008030623
0,150470,0.00080281915
0,150480,0.00080257613
0,150490,0.0008023333
0,150500,0.0008020905
0,150510,0.00080184784
0,150520,0.00080160535
0,150530,0.00080136297
0,150540,0.0008011207
0,150550,0.00080087857
0,150560,0.0008006366
0,150570,0.0008003947
0,150580,0.00080015295
0,150590,0.00079991133
0,150600,0.0007996698
0,150610,0.00079942844
0,150620,0.0007991872
0,150630,0.0007989461
0,150640,0.0007987051
0,150650,0.0007984642
0,150660,0.0007982235
0,150670,0.00079798285
0,150680,0.0007977424
0,150690,0.000797502
0,150700,0.0007972618
0,150710,0.00079702167
0,150720,0.0007967817
0,150730,0.0007965418
0,150740,0.00079630205
0,150750,0.0007960624
0,150760,0.00079582294
0,150770,0.0007955836
0,150780,0.00079534436
0,150790,0.00079510524
0,150800,0.00079486624
0,150810,0.00079462735
0,150820,0.0007943886
0,150830,0.00079415
0,150840,0.0007939115
0,150850,0.00079367316
0,150860,0.00079343485
0,150870,0.0007931968
0,150880,0.0007929588
0,150890,0.0007927209
0,150900,0.00079248316
0,150910,0.0007922455
0,150920,0.000792008
0,150930,0.00079177064
0,150940,0.0007915334
0,150950,0.00079129625
0,150960,0.0007910592
0,150970,0.0007908223
0,150980,0.0007905856
0,150990,0.0007903489
0,151000,0.0007901124
0,151010,0.00078987604
0,151020,0.0007896398
0,151030,0.0007894036
0,151040,0.0007891676
0,151050,0.0007889317
0,151060,0.00078869594
0,151070,0.00078846025
0,151080,0.00078822474
0,151090,0.0007879893
0,151100,0.000787754
0,151110,0.00078751886
0,151120,0.0007872838
0,151130,0.0007870489
0,151140,0.0007868141
0,151150,0.00078657945
0,151160,0.00078634487
0,151170,0.0007861104
0,151180,0.0007858761
0,151190,0.00078564195
0,151200,0.00078540784
0,151210,0.0007851739
0,151220,0.0007849401
0,151230,0.0007847064
0,151240,0.0007844728
0,151250,0.0007842393
0,151260,0.000784006
0,151270,0.0007837728
0,151280,0.00078353967
0,151290,0.0007833067
0,151300,0.0007830739
0,151310,0.0007828411
0,151320,0.0007826085
0,151330,0.00078237604
0,151340,0.0007821437
0,151350,0.0007819114
0,151360,0.0007816793
0,151370,0.0007814473
0,151380,0.0007812154
0,151390,0.0007809836
0,151400,0.0007807519
0,151410,0.00078052044
0,151420,0.000780289
0,151430,0.00078005774
0,151440,0.00077982654
0,151450,0.0007795955
0,151460,0.0007793646
0,151470,0.00077913376
0,151480,0.0007789031
0,151490,0.0007786725
0,151500,0.0007784421
0,151510,0.00077821175
0,151520,0.00077798154
0,151530,0.00077775144
0,151540,0.00077752146
0,151550,0.0007772916
0,151560,0.00077706185
0,151570,0.0007768323
0,151580,0.00077660277
0,151590,0.0007763734
0,151600,0.00077614415
0,151610,0.000775915
0,151620,0.00077568594
0,151630,0.00077545707
0,151640,0.0007752283
0,151650,0.0007749996
0,151660,0.0007747711
0,151670,0.0007745426
0,151680,0.00077431434
0,151690,0.00077408616
0,151700,0.00077385805
0,151710,0.0007736301
0,151720,0.0007734023
0,151730,0.0007731746
0,151740,0.000772947
0,151750,0.0007727195
0,151760,0.0007724921
0,151770,0.00077226484
0,151780,0.0007720377
0,151790,0.0007718107
0,151800,0.0007715838
0,151810,0.00077135704
0,151820,0.0007711304
0,151830,0.00077090383
0,151840,0.0007706774
0,151850,0.0007704511
0,151860,0.0007702249
0,151870,0.0007699988
0,151880,0.0007697729
0,151890,0.00076954707
0,151900,0.00076932134
0,151910,0.0007690957
0,151920,0.00076887023
0,151930,0.00076864485
0,151940,0.0007684196
0,151950,0.00076819444
0,151960,0.0007679694
0,151970,0.0007677445
0,151980,0.00076751976
0,151990,0.0007672951
0,152000,0.0007670705
0,152010,0.00076684606
0,152020,0.0007666217
0,152030,0.0007663975
0,152040,0.0007661734
0,152050,0.00076594943
0,152060,0.00076572556
0,152070,0.0007655018
0,152080,0.0007652782
0,152090,0.00076505466
0,152100,0.00076483126
0,152110,0.000764608
0,152120,0.0007643848
0,152130,0.00076416176
0,152140,0.0007639388
0,152150,0.000763716
0,152160,0.0007634933
0,152170,0.00076327065
0,152180,0.0007630482
0,152190,0.00076282583
0,152200,0.0007626036
0,152210,0.0007623815
0,152220,0.0007621594
0,152230,0.0007619375
0,152240,0.0007617157
0,152250,0.00076149404
0,152260,0.0007612725
0,152270,0.000761051
0,152280,0.0007608297
0,152290,0.00076060847
0,152300,0.00076038734
0,152310,0.0007601664
0,152320,0.0007599455
0,152330,0.0007597247
0,152340,0.0007595041
0,152350,0.00075928355
0,152360,0.0007590631
0,152370,0.0007588428
0,152380,0.0007586226
0,152390,0.0007584025
0,152400,0.00075818255
0,152410,0.0007579627
0,152420,0.00075774296
0,152430,0.0007575233
0,152440,0.0007573038
0,152450,0.0007570844
0,152460,0.0007568651
0,152470,0.0007566459
0,152480,0.0007564269
0,152490,0.0007562079
0,152500,0.00075598905
0,152510,0.00075577036
0,152520,0.00075555174
0,152530,0.0007553332
0,152540,0.00075511483
0,152550,0.00075489655
0,152560,0.0007546784
0,152570,0.00075446034
0,152580,0.0007542424
0,152590,0.00075402454
0,152600,0.00075380685
0,152610,0.00075358927
0,152620,0.00075337174
0,152630,0.0007531544
0,152640,0.0007529371
0,152650,0.00075271993
0,152660,0.00075250294
0,152670,0.000752286
0,152680,0.0007520692
0,152690,0.00075185247
0,152700,0.0007516358
0,152710,0.00075141934
0,152720,0.000751203
0,152730,0.00075098674
0,152740,0.00075077056
0,152750,0.0007505545
0,152760,0.0007503386
0,152770,0.00075012277
0,152780,0.00074990705
0,152790,0.00074969145
0,152800,0.00074947596
0,152810,0.0007492606
0,152820,0.00074904534
0,152830,0.00074883015
0,152840,0.00074861513
0,152850,0.00074840017
0,152860,0.0007481854
0,152870,0.00074797065
0,152880,0.00074775604
0,152890,0.00074754155
0,152900,0.00074732717
0,152910,0.0007471129
0,152920,0.00074689876
0,152930,0.0007466847
0,152940,0.00074647076
0,152950,0.0007462569
0,152960,0.00074604317
0,152970,0.00074582954
0,152980,0.00074561604
0,152990,0.00074540265
0,153000,0.0007451894
0,153010,0.0007449762
0,153020,0.0007447631
0,153030,0.0007445502
0,153040,0.00074433733
0,153050,0.0007441246
0,153060,0.00074391195
0,153070,0.00074369943
0,153080,0.00074348703
0,153090,0.00074327475
0,153100,0.0007430625
0,153110,0.0007428504
0,153120,0.0007426385
0,153130,0.0007424266
0,153140,0.00074221485
0,153150,0.0007420032
0,153160,0.0007417916
0,153170,0.0007415802
0,153180,0.00074136886
0,153190,0.0007411577
0,153200,0.00074094656
0,153210,0.00074073556
0,153220,0.0007405247
0,153230,0.0007403139
0,153240,0.0007401032
0,153250,0.00073989265
0,153260,0.0007396822
0,153270,0.0007394718
0,153280,0.00073926157
0,153290,0.00073905144
0,153300,0.0007388414
0,153310,0.00073863147
0,153320,0.0007384217
0,153330,0.00073821197
0,153340,0.00073800236
0,153350,0.00073779287
0,153360,0.0007375835
0,153370,0.0007373742
0,153380,0.00073716504
0,153390,0.00073695596
0,153400,0.000736747
0,153410,0.00073653815
0,153420,0.0007363294
0,153430,0.00073612074
0,153440,0.00073591224
0,153450,0.0007357038
0,153460,0.0007354955
0,153470,0.00073528726
0,153480,0.0007350792
0,153490,0.0007348712
0,153500,0.0007346633
0,153510,0.0007344555
0,153520,0.0007342478
0,153530,0.0007340402
0,153540,0.00073383277
0,153550,0.00073362543
0,153560,0.00073341816
0,153570,0.000733211
0,153580,0.00073300395
0,153590,0.000732797
0,153600,0.0007325902
0,153610,0.00073238346
0,153620,0.0007321768
0,153630,0.0007319703
0,153640,0.0007317639
0,153650,0.0007315576
0,153660,0.00073135144
0,153670,0.0007311453
0,153680,0.0007309393
0,153690,0.00073073345
0,153700,0.0007305277
0,153710,0.000730322
0,153720,0.00073011644
0,153730,0.000729911
0,153740,0.0007297056
0,153750,0.0007295003
0,153760,0.0007292952
0,153770,0.0007290901
0,153780,0.00072888524
0,153790,0.00072868034
0,153800,0.0007284756
0,153810,0.000728271
0,153820,0.0007280665
0,153830,0.00072786206
0,153840,0.00072765775
0,153850,0.00072745356
0,153860,0.0007272494
0,153870,0.00072704547
0,153880,0.00072684156
0,153890,0.0007266377
0,153900,0.00072643405
0,153910,0.0007262305
0,153920,0.000726027
0,153930,0.00072582363
0,153940,0.0007256203
0,153950,0.00072541717
0,153960,0.0007252141
0,153970,0.0007250111
0,153980,0.00072480825
0,153990,0.0007246055
0,154000,0.00072440284
0,154010,0.00072420033
0,154020,0.0007239979
0,154030,0.0007237955
0,154040,0.0007235933
0,154050,0.00072339113
0,154060,0.0007231891
0,154070,0.00072298717
0,154080,0.0007227853
0,154090,0.0007225836
0,154100,0.000722382
0,154110,0.00072218047
0,154120,0.000721979
0,154130,0.00072177773
0,154140,0.0007215765
0,154150,0.0007213754
0,154160,0.00072117435
0,154170,0.0007209735
0,154180,0.00072077266
0,154190,0.00072057196
0,154200,0.0007203714
0,154210,0.00072017085
0,154220,0.00071997044
0,154230,0.00071977015
0,154240,0.00071957
0,154250,0.00071936985
0,154260,0.00071916985
0,154270,0.00071896997
0,154280,0.0007187702
0,154290,0.0007185705
0,154300,0.00071837095
0,154310,0.0007181714
0,154320,0.00071797206
0,154330,0.00071777275
0,154340,0.0007175736
0,154350,0.0007173745
0,154360,0.00071717554
0,154370,0.00071697665
0,154380,0.00071677787
0,154390,0.0007165792
0,154400,0.00071638066
0,154410,0.00071618217
0,154420,0.0007159838
0,154430,0.00071578554
0,154440,0.00071558735
0,154450,0.00071538927
0,154460,0.0007151913
0,154470,0.00071499345
0,154480,0.00071479566
0,154490,0.000714598
0,154500,0.00071440043
0,154510,0.000714203
0,154520,0.0007140056
0,154530,0.00071380835
0,154540,0.0007136112
0,154550,0.0007134141
0,154560,0.00071321713
0,154570,0.0007130203
0,154580,0.0007128235
0,154590,0.00071262685
0,154600,0.0007124303
0,154610,0.00071223377
0,154620,0.00071203744
0,154630,0.00071184116
0,154640,0.000711645
0,154650,0.0007114489
0,154660,0.0007112529
0,154670,0.00071105704
0,154680,0.0007108613
0,154690,0.0007106656
0,154700,0.00071047
0,154710,0.00071027456
0,154720,0.00071007916
0,154730,0.0007098839
0,154740,0.0007096887
0,154750,0.00070949364
0,154760,0.00070929865
0,154770,0.00070910377
0,154780,0.000708909
0,154790,0.0007087143
0,154800,0.0007085197
0,154810,0.00070832524
0,154820,0.0007081308
0,154830,0.00070793653
0,154840,0.00070774235
0,154850,0.0007075483
0,154860,0.0007073543
0,154870,0.0007071604
0,154880,0.00070696656
0,154890,0.00070677284
0,154900,0.00070657925
0,154910,0.00070638576
0,154920,0.00070619234
0,154930,0.00070599903
0,154940,0.0007058058
0,154950,0.0007056127
0,154960,0.0007054197
0,154970,0.00070522673
0,154980,0.00070503395
0,154990,0.0007048412
0,155000,0.00070464856
0,155010,0.00070445606
0,155020,0.0007042636
0,155030,0.00070407125
0,155040,0.00070387905
0,155050,0.0007036869
0,155060,0.0007034948
0,155070,0.0007033029
0,155080,0.00070311106
0,155090,0.00070291926
0,155100,0.00070272764
0,155110,0.0007025361
0,155120,0.0007023446
0,155130,0.00070215325
0,155140,0.000701962
0,155150,0.00070177077
0,155160,0.00070157973
0,155170,0.0007013887
0,155180,0.00070119783
0,155190,0.000701007
0,155200,0.00070081634
0,155210,0.00070062577
0,155220,0.00070043525
0,155230,0.00070024485
0,155240,0.0007000545
0,155250,0.00069986435
0,155260,0.0006996742
0,155270,0.0006994842
0,155280,0.00069929427
0,155290,0.00069910445
0,155300,0.0006989147
0,155310,0.00069872505
0,155320,0.0006985355
0,155330,0.00069834606
0,155340,0.0006981567
0,155350,0.0006979675
0,155360,0.0006977783
0,155370,0.00069758925
0,155380,0.00069740025
0,155390,0.00069721136
0,155400,0.0006970226
0,155410,0.00069683394
0,155420,0.00069664535
0,155430,0.0006964568
0,155440,0.00069626846
0,155450,0.00069608015
0,155460,0.0006958919
0,155470,0.0006957038
0,155480,0.0006955158
0,155490,0.0006953279
0,155500,0.00069514004
0,155510,0.00069495226
0,155520,0.00069476466
0,155530,0.0006945771
0,155540,0.00069438963
0,155550,0.00069420226
0,155560,0.000694015
0,155570,0.00069382787
0,155580,0.0006936408
0,155590,0.00069345377
0,155600,0.00069326686
0,155610,0.0006930801
0,155620,0.0006928934
0,155630,0.0006927068
0,155640,0.0006925203
0,155650,0.00069233385
0,155660,0.0006921475
0,155670,0.00069196126
0,155680,0.0006917752
0,155690,0.0006915891
0,155700,0.00069140317
0,155710,0.0006912173
0,155720,0.0006910315
0,155730,0.00069084583
0,155740,0.00069066026
0,155750,0.0006904748
0,155760,0.0006902894
0,155770,0.0006901041
0,155780,0.0006899189
0,155790,0.0006897338
0,155800,0.00068954873
0,155810,0.0006893638
0,155820,0.000689179
0,155830,0.00068899425
0,155840,0.0006888096
0,155850,0.00068862503
0,155860,0.0006884406
0,155870,0.00068825623
0,155880,0.00068807194
0,155890,0.0006878877
0,155900,0.00068770366
0,155910,0.00068751967
0,155920,0.00068733573
0,155930,0.0006871519
0,155940,0.0006869682
0,155950,0.00068678457
0,155960,0.00068660104
0,155970,0.00068641757
0,155980,0.0006862342
0,155990,0.000686051
0,156000,0.0006858678
0,156010,0.0006856847
0,156020,0.0006855017
0,156030,0.0006853188
0,156040,0.000685136
0,156050,0.0006849533
0,156060,0.00068477064
0,156070,0.0006845881
0,156080,0.0006844057
0,156090,0.0006842233
0,156100,0.00068404106
0,156110,0.00068385893
0,156120,0.00068367686
0,156130,0.00068349484
0,156140,0.00068331294
0,156150,0.00068313116
0,156160,0.00068294944
0,156170,0.00068276783
0,156180,0.0006825863
0,156190,0.00068240485
0,156200,0.00068222353
0,156210,0.0006820423
0,156220,0.0006818611
0,156230,0.00068168
0,156240,0.000681499
0,156250,0.0006813181
0,156260,0.0006811373
0,156270,0.0006809566
0,156280,0.00068077596
0,156290,0.00068059546
0,156300,0.000680415
0,156310,0.00068023463
0,156320,0.00068005436
0,156330,0.0006798742
0,156340,0.0006796941
0,156350,0.00067951414
0,156360,0.0006793342
0,156370,0.0006791544
0,156380,0.0006789747
0,156390,0.0006787951
0,156400,0.0006786155
0,156410,0.0006784361
0,156420,0.00067825674
0,156430,0.00067807746
0,156440,0.00067789824
0,156450,0.00067771913
0,156460,0.00067754014
0,156470,0.0006773612
0,156480,0.0006771824
0,156490,0.00067700364
0,156500,0.000676825
0,156510,0.0006766465
0,156520,0.00067646796
0,156530,0.0006762896
0,156540,0.0006761113
0,156550,0.0006759331
0,156560,0.00067575497
0,156570,0.000675577
0,156580,0.00067539903
0,156590,0.00067522115
0,156600,0.00067504344
0,156610,0.00067486573
0,156620,0.00067468814
0,156630,0.00067451067
0,156640,0.00067433325
0,156650,0.00067415595
0,156660,0.0006739787
0,156670,0.0006738016
0,156680,0.0006736245
0,156690,0.00067344756
0,156700,0.00067327067
0,156710,0.0006730939
0,156720,0.0006729172
0,156730,0.00067274057
0,156740,0.0006725641
0,156750,0.0006723876
0,156760,0.0006722113
0,156770,0.00067203504
0,156780,0.00067185884
0,156790,0.00067168276
0,156800,0.00067150674
0,156810,0.00067133084
0,156820,0.00067115505
0,156830,0.00067097927
0,156840,0.00067080365
0,156850,0.0006706281
0,156860,0.0006704526
0,156870,0.0006702772
0,156880,0.0006701019
0,156890,0.0006699267
0,156900,0.0006697516
0,156910,0.0006695766
0,156920,0.0006694016
0,156930,0.00066922675
0,156940,0.00066905195
0,156950,0.00066887727
0,156960,0.0006687027
0,156970,0.00066852814
0,156980,0.00066835375
0,156990,0.0006681794
0,157000,0.00066800514
0,157010,0.000667831
0,157020,0.0006676569
0,157030,0.0006674829
0,157040,0.000667309
0,157050,0.0006671352
0,157060,0.0006669614
0,157070,0.0006667878
0,157080,0.0006666142
0,157090,0.00066644076
0,157100,0.00066626735
0,157110,0.000666094
0,157120,0.0006659208
0,157130,0.0006657477
0,157140,0.0006655746
0,157150,0.0006654017
0,157160,0.0006652288
0,157170,0.000665056
0,157180,0.0006648833
0,157190,0.0006647107
0,157200,0.0006645381
0,157210,0.0006643657
0,157220,0.00066419336
0,157230,0.00066402106
0,157240,0.0006638489
0,157250,0.00066367676
0,157260,0.00066350476
0,157270,0.0006633328
0,157280,0.000663161
0,157290,0.0006629892
0,157300,0.0006628175
0,157310,0.0006626459
0,157320,0.0006624744
0,157330,0.000662303
0,157340,0.00066213164
0,157350,0.0006619604
0,157360,0.0006617892
0,157370,0.00066161813
0,157380,0.0006614471
0,157390,0.0006612762
0,157400,0.0006611054
0,157410,0.00066093466
0,157420,0.000660764
0,157430,0.0006605934
0,157440,0.0006604229
0,157450,0.0006602525
0,157460,0.00066008215
0,157470,0.00065991195
0,157480,0.00065974175
0,157490,0.0006595717
0,157500,0.0006594017
0,157510,0.0006592318
0,157520,0.000659062
0,157530,0.00065889227
0,157540,0.0006587226
0,157550,0.00065855304
0,157560,0.00065838353
0,157570,0.00065821415
0,157580,0.0006580448
0,157590,0.0006578756
0,157600,0.00065770646
0,157610,0.00065753737
0,157620,0.0006573684
0,157630,0.00065719953
0,157640,0.00065703073
0,157650,0.000656862
0,157660,0.0006566933
0,157670,0.00065652473
0,157680,0.0006563563
0,157690,0.0006561879
0,157700,0.00065601955
0,157710,0.0006558513
0,157720,0.00065568316
0,157730,0.0006555151
0,157740,0.00065534713
0,157750,0.00065517926
0,157760,0.0006550114
0,157770,0.0006548437
0,157780,0.00065467606
0,157790,0.0006545085
0,157800,0.00065434095
0,157810,0.00065417355
0,157820,0.00065400626
0,157830,0.00065383903
0,157840,0.00065367186
0,157850,0.0006535048
0,157860,0.0006533378
0,157870,0.00065317086
0,157880,0.00065300404
0,157890,0.00065283733
0,157900,0.0006526706
0,157910,0.0006525041
0,157920,0.00065233756
0,157930,0.00065217115
0,157940,0.00065200485
0,157950,0.00065183855
0,157960,0.0006516724
0,157970,0.0006515063
0,157980,0.0006513403
0,157990,0.0006511744
0,158000,0.00065100857
0,158010,0.0006508428
0,158020,0.0006506771
0,158030,0.00065051153
0,158040,0.000650346
0,158050,0.00065018056
0,158060,0.0006500152
0,158070,0.00064984994
0,158080,0.00064968475
0,158090,0.0006495196
0,158100,0.0006493546
0,158110,0.00064918963
0,158120,0.0006490248
0,158130,0.00064886
0,158140,0.0006486953
0,158150,0.00064853067
0,158160,0.0006483661
0,158170,0.0006482017
0,158180,0.0006480373
0,158190,0.000647873
0,158200,0.0006477088
0,158210,0.0006475446
0,158220,0.0006473806
0,158230,0.0006472166
0,158240,0.0006470527
0,158250,0.0006468889
0,158260,0.0006467252
0,158270,0.0006465615
0,158280,0.00064639794
0,158290,0.00064623443
0,158300,0.00064607104
0,158310,0.0006459077
0,158320,0.00064574444
0,158330,0.0006455813
0,158340,0.0006454182
0,158350,0.00064525515
0,158360,0.0006450922
0,158370,0.00064492936
0,158380,0.0006447666
0,158390,0.0006446039
0,158400,0.0006444413
0,158410,0.00064427877
0,158420,0.0006441163
0,158430,0.000643954
0,158440,0.00064379163
0,158450,0.00064362946
0,158460,0.0006434673
0,158470,0.00064330525
0,158480,0.00064314326
0,158490,0.0006429814
0,158500,0.00064281956
0,158510,0.0006426578
0,158520,0.00064249616
0,158530,0.0006423346
0,158540,0.0006421731
0,158550,0.00064201164
0,158560,0.00064185035
0,158570,0.00064168905
0,158580,0.0006415279
0,158590,0.00064136676
0,158600,0.00064120576
0,158610,0.0006410448
0,158620,0.0006408839
0,158630,0.00064072316
0,158640,0.00064056244
0,158650,0.0006404018
0,158660,0.00064024125
0,158670,0.0006400808
0,158680,0.00063992036
0,158690,0.00063976005
0,158700,0.0006395998
0,158710,0.0006394397
0,158720,0.0006392796
0,158730,0.0006391196
0,158740,0.00063895964
0,158750,0.0006387998
0,158760,0.00063864
0,158770,0.00063848036
0,158780,0.00063832075
0,158790,0.0006381612
0,158800,0.0006380017
0,158810,0.00063784234
0,158820,0.000637683
0,158830,0.00063752383
0,158840,0.0006373647
0,158850,0.0006372056
0,158860,0.00063704664
0,158870,0.00063688774
0,158880,0.0006367289
0,158890,0.0006365701
0,158900,0.0006364114
0,158910,0.00063625287
0,158920,0.0006360943
0,158930,0.00063593587
0,158940,0.0006357775
0,158950,0.0006356192
0,158960,0.000635461
0,158970,0.00063530286
0,158980,0.00063514477
0,158990,0.0006349868
0,159000,0.00063482893
0,159010,0.0006346711
0,159020,0.00063451333
0,159030,0.00063435565
0,159040,0.0006341981
0,159050,0.0006340405
0,159060,0.00063388306
0,159070,0.0006337257
0,159080,0.00063356844
0,159090,0.0006334112
0,159100,0.00063325407
0,159110,0.000633097
0,159120,0.00063294003
0,159130,0.0006327831
0,159140,0.0006326263
0,159150,0.00063246954
0,159160,0.00063231285
0,159170,0.00063215627
0,159180,0.0006319997
0,159190,0.0006318433
0,159200,0.0006316869
0,159210,0.0006315306
0,159220,0.00063137437
0,159230,0.00063121825
0,159240,0.00063106214
0,159250,0.00063090614
0,159260,0.00063075026
0,159270,0.0006305944
0,159280,0.0006304386
0,159290,0.000630283
0,159300,0.0006301273
0,159310,0.0006299718
0,159320,0.0006298163
0,159330,0.00062966096
0,159340,0.0006295056
0,159350,0.00062935037
0,159360,0.00062919524
0,159370,0.0006290402
0,159380,0.0006288851
0,159390,0.0006287302
0,159400,0.00062857533
0,159410,0.00062842056
0,159420,0.00062826584
0,159430,0.00062811124
0,159440,0.00062795664
0,159450,0.00062780216
0,159460,0.0006276478
0,159470,0.0006274934
0,159480,0.0006273392
0,159490,0.000627185
0,159500,0.0006270309
0,159510,0.00062687683
0,159520,0.0006267229
0,159530,0.00062656903
0,159540,0.0006264152
0,159550,0.00062626146
0,159560,0.0006261078
0,159570,0.00062595424
0,159580,0.0006258007
0,159590,0.00062564726
0,159600,0.00062549394
0,159610,0.0006253406
0,159620,0.0006251874
0,159630,0.00062503427
0,159640,0.0006248812
0,159650,0.0006247282
0,159660,0.0006245753
0,159670,0.00062442245
0,159680,0.0006242697
0,159690,0.000624117
0,159700,0.00062396436
0,159710,0.00062381185
0,159720,0.00062365935
0,159730,0.00062350696
0,159740,0.00062335463
0,159750,0.00062320236
0,159760,0.0006230502
0,159770,0.0006228981
0,159780,0.00062274607
0,159790,0.00062259415
0,159800,0.0006224422
0,159810,0.0006222904
0,159820,0.0006221387
0,159830,0.00062198704
0,159840,0.00062183547
0,159850,0.00062168395
0,159860,0.0006215325
0,159870,0.0006213811
0,159880,0.0006212298
0,159890,0.0006210786
0,159900,0.0006209274
0,159910,0.0006207764
0,159920,0.0006206254
0,159930,0.00062047446
0,159940,0.0006203236
0,159950,0.0006201728
0,159960,0.0006200221
0,159970,0.0006198715
0,159980,0.0006197209
0,159990,0.0006195704
0,160000,0.00061941997
0,160010,0.0006192696
0,160020,0.0006191194
0,160030,0.00061896915
0,160040,0.00061881903
0,160050,0.000618669
0,160060,0.00061851897
0,160070,0.0006183691
0,160080,0.00061821926
0,160090,0.0006180695
0,160100,0.0006179198
0,160110,0.0006177702
0,160120,0.0006176206
0,160130,0.0006174711
0,160140,0.00061732176
0,160150,0.0006171724
0,160160,0.00061702315
0,160170,0.00061687396
0,160180,0.00061672484
0,160190,0.00061657577
0,160200,0.0006164268
0,160210,0.0006162779
0,160220,0.0006161291
0,160230,0.0006159803
0,160240,0.00061583164
0,160250,0.00061568303
0,160260,0.0006155345
0,160270,0.000615386
0,160280,0.00061523763
0,160290,0.00061508926
0,160300,0.000614941
0,160310,0.0006147928
0,160320,0.0006146447
0,160330,0.0006144967
0,160340,0.0006143487
0,160350,0.0006142008
0,160360,0.000614053
0,160370,0.0006139052
0,160380,0.0006137575
0,160390,0.0006136099
0,160400,0.00061346235
0,160410,0.0006133149
0,160420,0.0006131675
0,160430,0.00061302015
0,160440,0.0006128729
0,160450,0.00061272574
0,160460,0.0006125786
0,160470,0.00061243156
0,160480,0.0006122846
0,160490,0.00061213766
0,160500,0.0006119908
0,160510,0.00061184407
0,160520,0.0006116974
0,160530,0.00061155076
0,160540,0.0006114042
0,160550,0.0006112577
0,160560,0.0006111113
0,160570,0.00061096495
0,160580,0.0006108187
0,160590,0.00061067246
0,160600,0.00061052636
0,160610,0.00061038026
0,160620,0.0006102343
0,160630,0.00061008835
0,160640,0.00060994254
0,160650,0.0006097967
0,160660,0.00060965103
0,160670,0.0006095054
0,160680,0.0006093598
0,160690,0.0006092143
0,160700,0.0006090689
0,160710,0.00060892355
0,160720,0.0006087782
0,160730,0.00060863304
0,160740,0.00060848787
0,160750,0.00060834276
0,160760,0.00060819776
0,160770,0.0006080528
0,160780,0.00060790795
0,160790,0.0006077631
0,160800,0.0006076184
0,160810,0.0006074737
0,160820,0.00060732913
0,160830,0.0006071846
0,160840,0.0006070402
0,160850,0.0006068958
0,160860,0.0006067515
0,160870,0.0006066072
0,160880,0.000606463
0,160890,0.00060631894
0,160900,0.0006061749
0,160910,0.00060603087
0,160920,0.000605887
0,160930,0.00060574315
0,160940,0.0006055994
0,160950,0.00060545566
0,160960,0.00060531206
0,160970,0.0006051685
0,160980,0.000605025
0,160990,0.00060488156
0,161000,0.00060473825
0,161010,0.00060459494
0,161020,0.0006044517
0,161030,0.00060430856
0,161040,0.0006041655
0,161050,0.00060402247
0,161060,0.0006038795
0,161070,0.00060373667
0,161080,0.0006035938
0,161090,0.0006034511
0,161100,0.00060330844
0,161110,0.0006031658
0,161120,0.0006030233
0,161130,0.00060288084
0,161140,0.00060273847
0,161150,0.0006025961
0,161160,0.00060245383
0,161170,0.00060231163
0,161180,0.00060216954
0,161190,0.00060202746
0,161200,0.0006018855
0,161210,0.0006017436
0,161220,0.0006016017
0,161230,0.00060145993
0,161240,0.0006013182
0,161250,0.0006011765
0,161260,0.00060103496
0,161270,0.00060089346
0,161280,0.000600752
0,161290,0.0006006106
0,161300,0.0006004693
0,161310,0.000600328
0,161320,0.0006001869
0,161330,0.0006000458
0,161340,0.0005999047
0,161350,0.00059976376
0,161360,0.00059962284
0,161370,0.000599482
0,161380,0.00059934123
0,161390,0.0005992005
0,161400,0.00059905986
0,161410,0.0005989193
0,161420,0.0005987788
0,161430,0.0005986383
0,161440,0.000598498
0,161450,0.00059835764
0,161460,0.0005982174
0,161470,0.00059807725
0,161480,0.00059793715
0,161490,0.0005977971
0,161500,0.0005976571
0,161510,0.0005975172
0,161520,0.00059737737
0,161530,0.0005972376
0,161540,0.0005970979
0,161550,0.00059695827
0,161560,0.0005968187
0,161570,0.00059667917
0,161580,0.0005965397
0,161590,0.00059640035
0,161600,0.00059626106
0,161610,0.00059612177
0,161620,0.0005959826
0,161630,0.00059584354
0,161640,0.0005957045
0,161650,0.0005955655
0,161660,0.0005954266
0,161670,0.0005952877
0,161680,0.00059514894
0,161690,0.00059501023
0,161700,0.0005948716
0,161710,0.000594733
0,161720,0.0005945945
0,161730,0.00059445604
0,161740,0.0005943177
0,161750,0.0005941793
0,161760,0.0005940411
0,161770,0.0005939029
0,161780,0.00059376477
0,161790,0.0005936267
0,161800,0.00059348874
0,161810,0.0005933508
0,161820,0.00059321296
0,161830,0.0005930751
0,161840,0.0005929374
0,161850,0.00059279974
0,161860,0.00059266214
0,161870,0.0005925246
0,161880,0.00059238716
0,161890,0.00059224974
0,161900,0.0005921124
0,161910,0.0005919751
0,161920,0.0005918379
0,161930,0.0005917008
0,161940,0.0005915637
0,161950,0.0005914267
0,161960,0.0005912897
0,161970,0.0005911529
0,161980,0.000591016
0,161990,0.0005908793
0,162000,0.0005907426
0,162010,0.00059060595
0,162020,0.0005904694
0,162030,0.0005903329
0,162040,0.0005901965
0,162050,0.00059006014
0,162060,0.0005899238
0,162070,0.0005897876
0,162080,0.0005896514
0,162090,0.0005895153
0,162100,0.0005893793
0,162110,0.0005892433
0,162120,0.0005891074
0,162130,0.00058897154
0,162140,0.00058883574
0,162150,0.0005887
0,162160,0.0005885644
0,162170,0.00058842875
0,162180,0.00058829325
0,162190,0.0005881578
0,162200,0.00058802235
0,162210,0.000587887
0,162220,0.00058775174
0,162230,0.0005876166
0,162240,0.0005874814
0,162250,0.0005873463
0,162260,0.0005872113
0,162270,0.00058707636
0,162280,0.0005869415
0,162290,0.0005868066
0,162300,0.0005866719
0,162310,0.0005865372
0,162320,0.00058640254
0,162330,0.00058626797
0,162340,0.00058613345
0,162350,0.000585999
0,162360,0.00058586465
0,162370,0.0005857303
0,162380,0.0005855961
0,162390,0.00058546185
0,162400,0.00058532774
0,162410,0.0005851937
0,162420,0.0005850597
0,162430,0.00058492576
0,162440,0.0005847919
0,162450,0.00058465806
0,162460,0.0005845243
0,162470,0.0005843906
0,162480,0.000584257
0,162490,0.0005841234
0,162500,0.00058398995
0,162510,0.0005838565
0,162520,0.00058372313
0,162530,0.00058358983
0,162540,0.00058345654
0,162550,0.00058332336
0,162560,0.00058319024
0,162570,0.0005830572
0,162580,0.0005829242
0,162590,0.0005827913
0,162600,0.0005826584
0,162610,0.00058252556
0,162620,0.00058239285
0,162630,0.00058226014
0,162640,0.00058212754
0,162650,0.000581995
0,162660,0.00058186246
0,162670,0.00058173004
0,162680,0.0005815977
0,162690,0.00058146537
0,162700,0.0005813331
0,162710,0.00058120093
0,162720,0.0005810688
0,162730,0.0005809368
0,162740,0.0005808048
0,162750,0.0005806728
0,162760,0.000580541
0,162770,0.00058040913
0,162780,0.0005802774
0,162790,0.0005801457
0,162800,0.0005800141
0,162810,0.00057988253
0,162820,0.000579751
0,162830,0.00057961955
0,162840,0.0005794882
0,162850,0.00057935686
0,162860,0.0005792256
0,162870,0.0005790944
0,162880,0.00057896326
0,162890,0.00057883223
0,162900,0.0005787012
0,162910,0.00057857024
0,162920,0.0005784394
0,162930,0.00057830854
0,162940,0.00057817774
0,162950,0.00057804707
0,162960,0.00057791645
0,162970,0.00057778583
0,162980,0.00057765533
0,162990,0.0005775249
0,163000,0.00057739444
0,163010,0.0005772641
0,163020,0.00057713385
0,163030,0.00057700364
0,163040,0.0005768735
0,163050,0.0005767434
0,163060,0.00057661335
0,163070,0.0005764834
0,163080,0.00057635346
0,163090,0.00057622365
0,163100,0.00057609385
0,163110,0.0005759641
0,163120,0.0005758345
0,163130,0.00057570485
0,163140,0.0005755753
0,163150,0.0005754458
0,163160,0.0005753164
0,163170,0.00057518703
0,163180,0.0005750577
0,163190,0.0005749285
0,163200,0.0005747993
0,163210,0.00057467015
0,163220,0.0005745411
0,163230,0.0005744121
0,163240,0.0005742832
0,163250,0.0005741543
0,163260,0.0005740255
0,163270,0.0005738967
0,163280,0.000573768
0,163290,0.00057363935
0,163300,0.00057351077
0,163310,0.00057338225
0,163320,0.0005732538
0,163330,0.00057312544
0,163340,0.0005729971
0,163350,0.0005728688
0,163360,0.00057274057
0,163370,0.0005726124
0,163380,0.00057248434
0,163390,0.0005723563
0,163400,0.0005722283
0,163410,0.00057210034
0,163420,0.0005719725
0,163430,0.0005718447
0,163440,0.000571717
0,163450,0.0005715893
0,163460,0.0005714616
0,163470,0.0005713341
0,163480,0.00057120656
0,163490,0.00057107914
0,163500,0.0005709517
0,163510,0.0005708244
0,163520,0.0005706972
0,163530,0.00057056994
0,163540,0.0005704428
0,163550,0.0005703157
0,163560,0.0005701887
0,163570,0.00057006173
0,163580,0.0005699348
0,163590,0.00056980795
0,163600,0.0005696812
0,163610,0.0005695544
0,163620,0.00056942774
0,163630,0.00056930113
0,163640,0.0005691746
0,163650,0.00056904805
0,163660,0.0005689216
0,163670,0.00056879525
0,163680,0.00056866894
0,163690,0.00056854263
0,163700,0.00056841644
0,163710,0.0005682903
0,163720,0.0005681642
0,163730,0.0005680382
0,163740,0.00056791224
0,163750,0.0005677863
0,163760,0.00056766043
0,163770,0.00056753465
0,163780,0.0005674089
0,163790,0.00056728325
0,163800,0.00056715764
0,163810,0.0005670321
0,163820,0.0005669065
0,163830,0.0005667811
0,163840,0.0005666557
0,163850,0.0005665304
0,163860,0.0005664051
0,163870,0.0005662799
0,163880,0.0005661548
0,163890,0.0005660297
0,163900,0.0005659046
0,163910,0.0005657796
0,163920,0.0005656547
0,163930,0.00056552986
0,163940,0.00056540506
0,163950,0.0005652803
0,163960,0.0005651556
0,163970,0.00056503096
0,163980,0.0005649064
0,163990,0.0005647819
0,164000,0.00056465744
0,164010,0.000564533
0,164020,0.00056440866
0,164030,0.0005642844
0,164040,0.0005641602
0,164050,0.00056403596
0,164060,0.00056391186
0,164070,0.0005637878
0,164080,0.00056366384
0,164090,0.00056353986
0,164100,0.000563416
0,164110,0.0005632922
0,164120,0.0005631684
0,164130,0.0005630447
0,164140,0.00056292105
0,164150,0.0005627974
0,164160,0.0005626739
0,164170,0.0005625504
0,164180,0.000562427
0,164190,0.0005623036
0,164200,0.0005621803
0,164210,0.000562057
0,164220,0.00056193385
0,164230,0.0005618107
0,164240,0.00056168763
0,164250,0.0005615646
0,164260,0.0005614416
0,164270,0.0005613187
0,164280,0.00056119583
0,164290,0.000561073
0,164300,0.0005609503
0,164310,0.0005608276
0,164320,0.00056070497
0,164330,0.0005605824
0,164340,0.00056045986
0,164350,0.00056033744
0,164360,0.00056021503
0,164370,0.0005600927
0,164380,0.0005599704
0,164390,0.00055984815
0,164400,0.000559726
0,164410,0.00055960385
0,164420,0.0005594818
0,164430,0.0005593598
0,164440,0.0005592378
0,164450,0.0005591159
0,164460,0.00055899407
0,164470,0.0005588723
0,164480,0.00055875053
0,164490,0.0005586289
0,164500,0.0005585073
0,164510,0.0005583857
0,164520,0.0005582642
0,164530,0.0005581427
0,164540,0.00055802136
0,164550,0.0005579
0,164560,0.00055777875
0,164570,0.0005576575
0,164580,0.0005575363
0,164590,0.00055741525
0,164600,0.0005572942
0,164610,0.00055717316
0,164620,0.0005570522
0,164630,0.0005569313
0,164640,0.00055681047
0,164650,0.0005566897
0,164660,0.00055656896
0,164670,0.0005564483
0,164680,0.0005563277
0,164690,0.00055620715
0,164700,0.00055608666
0,164710,0.0005559662
0,164720,0.0005558458
0,164730,0.0005557255
0,164740,0.00055560516
0,164750,0.00055548496
0,164760,0.00055536476
0,164770,0.0005552447
0,164780,0.0005551246
0,164790,0.00055500463
0,164800,0.00055488467
0,164810,0.00055476476
0,164820,0.0005546449
0,164830,0.0005545251
0,164840,0.0005544054
0,164850,0.0005542857
0,164860,0.0005541661
0,164870,0.00055404654
0,164880,0.00055392704
0,164890,0.0005538076
0,164900,0.00055368815
0,164910,0.0005535688
0,164920,0.00055344956
0,164930,0.0005533303
0,164940,0.00055321114
0,164950,0.000553092
0,164960,0.0005529729
0,164970,0.0005528539
0,164980,0.00055273494
0,164990,0.000552616
0,165000,0.00055249716
0,165010,0.00055237836
0,165020,0.0005522596
0,165030,0.00055214093
0,165040,0.0005520223
0,165050,0.00055190374
0,165060,0.00055178517
0,165070,0.0005516667
0,165080,0.00055154826
0,165090,0.0005514299
0,165100,0.0005513116
0,165110,0.00055119337
0,165120,0.00055107515
0,165130,0.000550957
0,165140,0.0005508389
0,165150,0.00055072084
0,165160,0.00055060285
0,165170,0.0005504849
0,165180,0.00055036705
0,165190,0.00055024924
0,165200,0.0005501315
0,165210,0.00055001373
0,165220,0.0005498961
0,165230,0.00054977846
0,165240,0.00054966094
0,165250,0.0005495434
0,165260,0.00054942595
0,165270,0.00054930855
0,165280,0.0005491912
0,165290,0.0005490739
0,165300,0.0005489567
0,165310,0.0005488395
0,165320,0.0005487224
0,165330,0.0005486053
0,165340,0.0005484883
0,165350,0.0005483713
0,165360,0.0005482544
0,165370,0.0005481375
0,165380,0.0005480207
0,165390,0.000547904
0,165400,0.0005477873
0,165410,0.00054767064
0,165420,0.00054755405
0,165430,0.00054743746
0,165440,0.000547321
0,165450,0.0005472046
0,165460,0.00054708816
0,165470,0.00054697186
0,165480,0.00054685556
0,165490,0.0005467393
0,165500,0.0005466232
0,165510,0.0005465071
0,165520,0.000546391
0,165530,0.000546275
0,165540,0.000546159
0,165550,0.0005460431
0,165560,0.00054592727
0,165570,0.00054581143
0,165580,0.0005456957
0,165590,0.00054558
0,165600,0.00054546434
0,165610,0.0005453488
0,165620,0.00054523326
0,165630,0.0005451178
0,165640,0.0005450023
0,165650,0.0005448869
0,165660,0.0005447716
0,165670,0.0005446563
0,165680,0.0005445411
0,165690,0.0005444259
0,165700,0.00054431084
0,165710,0.00054419576
0,165720,0.00054408074
0,165730,0.0005439658
0,165740,0.0005438509
0,165750,0.000543736
0,165760,0.0005436212
0,165770,0.00054350647
0,165780,0.00054339174
0,165790,0.00054327707
0,165800,0.0005431625
0,165810,0.00054304797
0,165820,0.00054293347
0,165830,0.00054281903
0,165840,0.0005427046
0,165850,0.0005425903
0,165860,0.000542476
0,165870,0.00054236175
0,165880,0.00054224755
0,165890,0.00054213346
0,165900,0.0005420194
0,165910,0.00054190535
0,165920,0.0005417914
0,165930,0.00054167747
0,165940,0.00054156355
0,165950,0.00054144976
0,165960,0.00054133596
0,165970,0.0005412223
0,165980,0.0005411086
0,165990,0.000540995
0,166000,0.0005408814
0,166010,0.0005407679
0,166020,0.0005406544
0,166030,0.000540541
0,166040,0.0005404277
0,166050,0.00054031436
0,166060,0.0005402011
0,166070,0.0005400879
0,166080,0.0005399748
0,166090,0.0005398616
0,166100,0.0005397486
0,166110,0.0005396356
0,166120,0.0005395226
0,166130,0.00053940975
0,166140,0.0005392969
0,166150,0.0005391841
0,166160,0.00053907133
0,166170,0.00053895864
0,166180,0.000538846
0,166190,0.00053873344
0,166200,0.00053862086
0,166210,0.0005385084
0,166220,0.00053839595
0,166230,0.00053828355
0,166240,0.0005381712
0,166250,0.0005380589
0,166260,0.0005379467
0,166270,0.00053783454
0,166280,0.0005377224
0,166290,0.0005376103
0,166300,0.0005374983
0,166310,0.0005373863
0,166320,0.00053727435
0,166330,0.0005371625
0,166340,0.0005370506
0,166350,0.00053693884
0,166360,0.00053682714
0,166370,0.00053671544
0,166380,0.0005366038
0,166390,0.0005364922
0,166400,0.0005363807
0,166410,0.0005362692
0,166420,0.00053615775
0,166430,0.0005360464
0,166440,0.00053593505
0,166450,0.0005358238
0,166460,0.0005357126
0,166470,0.0005356014
0,166480,0.0005354902
0,166490,0.00053537916
0,166500,0.00053526816
0,166510,0.00053515716
0,166520,0.0005350462
0,166530,0.00053493533
0,166540,0.0005348245
0,166550,0.00053471373
0,166560,0.000534603
0,166570,0.0005344923
0,166580,0.00053438166
0,166590,0.0005342711
0,166600,0.0005341606
0,166610,0.0005340501
0,166620,0.00053393963
0,166630,0.00053382927
0,166640,0.00053371897
0,166650,0.00053360866
0,166660,0.0005334984
0,166670,0.0005333882
0,166680,0.0005332781
0,166690,0.00053316803
0,166700,0.00053305796
0,166710,0.000532948
0,166720,0.00053283805
0,166730,0.00053272815
0,166740,0.0005326183
0,166750,0.00053250854
0,166760,0.0005323988
0,166770,0.0005322891
0,166780,0.0005321795
0,166790,0.0005320699
0,166800,0.00053196034
0,166810,0.00053185085
0,166820,0.00053174136
0,166830,0.000531632
0,166840,0.0005315226
0,166850,0.00053141336
0,166860,0.0005313041
0,166870,0.0005311949
0,166880,0.0005310857
0,166890,0.0005309766
0,166900,0.00053086755
0,166910,0.0005307586
0,166920,0.0005306496
0,166930,0.0005305407
0,166940,0.00053043186
0,166950,0.000530323
0,166960,0.0005302143
0,166970,0.00053010555
0,166980,0.0005299969
0,166990,0.00052988826
0,167000,0.0005297797
0,167010,0.0005296712
0,167020,0.0005295627
0,167030,0.0005294543
0,167040,0.00052934594
0,167050,0.0005292376
0,167060,0.0005291293
0,167070,0.0005290211
0,167080,0.00052891293
0,167090,0.0005288048
0,167100,0.0005286967
0,167110,0.00052858866
0,167120,0.0005284807
0,167130,0.0005283727
0,167140,0.00052826485
0,167150,0.000528157
0,167160,0.0005280492
0,167170,0.00052794145
0,167180,0.00052783376
0,167190,0.0005277261
0,167200,0.0005276185
0,167210,0.00052751094
0,167220,0.00052740343
0,167230,0.000527296
0,167240,0.0005271886
0,167250,0.0005270812
0,167260,0.0005269739
0,167270,0.00052686664
0,167280,0.0005267594
0,167290,0.0005266522
0,167300,0.0005265451
0,167310,0.000526438
0,167320,0.000526331
0,167330,0.00052622403
0,167340,0.0005261171
0,167350,0.0005260102
0,167360,0.00052590336
0,167370,0.00052579655
0,167380,0.0005256898
0,167390,0.0005255831
0,167400,0.00052547647
0,167410,0.0005253699
0,167420,0.0005252633
0,167430,0.00052515685
0,167440,0.0005250504
0,167450,0.0005249439
0,167460,0.0005248376
0,167470,0.0005247313
0,167480,0.000524625
0,167490,0.0005245188
0,167500,0.0005244126
0,167510,0.0005243065
0,167520,0.0005242004
0,167530,0.0005240944
0,167540,0.0005239884
0,167550,0.00052388245
0,167560,0.0005237765
0,167570,0.0005236707
0,167580,0.0005235649
0,167590,0.00052345917
0,167600,0.00052335346
0,167610,0.00052324776
0,167620,0.00052314217
0,167630,0.0005230366
0,167640,0.0005229311
0,167650,0.00052282563
0,167660,0.00052272016
0,167670,0.0005226148
0,167680,0.0005225095
0,167690,0.0005224042
0,167700,0.000522299
0,167710,0.0005221938
0,167720,0.0005220886
0,167730,0.00052198354
0,167740,0.0005218785
0,167750,0.0005217735
0,167760,0.0005216685
0,167770,0.0005215636
0,167780,0.00052145874
0,167790,0.0005213539
0,167800,0.00052124914
0,167810,0.0005211444
0,167820,0.00052103976
0,167830,0.0005209351
0,167840,0.0005208305
0,167850,0.00052072597
0,167860,0.0005206215
0,167870,0.00052051706
0,167880,0.00052041264
0,167890,0.00052030827
0,167900,0.00052020396
0,167910,0.0005200997
0,167920,0.00051999546
0,167930,0.0005198913
0,167940,0.0005197872
0,167950,0.0005196831
0,167960,0.00051957904
0,167970,0.0005194751
0,167980,0.0005193711
0,167990,0.0005192672
0,168000,0.0005191634
0,168010,0.0005190596
0,168020,0.0005189558
0,168030,0.00051885215
0,168040,0.0005187485
0,168050,0.0005186448
0,168060,0.00051854126
0,168070,0.0005184377
0,168080,0.0005183342
0,168090,0.0005182308
0,168100,0.0005181274
0,168110,0.0005180241
0,168120,0.00051792077
0,168130,0.0005178175
0,168140,0.0005177143
0,168150,0.0005176111
0,168160,0.000517508
0,168170,0.00051740493
0,168180,0.0005173019
0,168190,0.00051719893
0,168200,0.00051709596
0,168210,0.00051699305
0,168220,0.00051689026
0,168230,0.0005167874
0,168240,0.00051668467
0,168250,0.00051658193
0,168260,0.0005164793
0,168270,0.0005163767
0,168280,0.00051627407
0,168290,0.00051617157
0,168300,0.00051606906
0,168310,0.0005159666
0,168320,0.00051586423
0,168330,0.0005157619
0,168340,0.0005156596
0,168350,0.0005155573
0,168360,0.0005154551
0,168370,0.00051535293
0,168380,0.0005152508
0,168390,0.00051514874
0,168400,0.0005150467
0,168410,0.00051494467
0,168420,0.00051484274
0,168430,0.0005147408
0,168440,0.00051463896
0,168450,0.00051453715
0,168460,0.0005144354
0,168470,0.00051433366
0,168480,0.000514232
0,168490,0.00051413034
0,168500,0.00051402877
0,168510,0.0005139272
0,168520,0.0005138257
0,168530,0.0005137242
0,168540,0.0005136228
0,168550,0.0005135215
0,168560,0.00051342015
0,168570,0.00051331887
0,168580,0.00051321764
0,168590,0.0005131164
0,168600,0.0005130153
0,168610,0.0005129142
0,168620,0.00051281316
0,168630,0.0005127121
0,168640,0.0005126111
0,168650,0.00051251025
0,168660,0.0005124093
0,168670,0.0005123085
0,168680,0.0005122077
0,168690,0.000512107
0,168700,0.0005120063
0,168710,0.0005119056
0,168720,0.000511805
0,168730,0.0005117044
0,168740,0.0005116039
0,168750,0.0005115034
0,168760,0.00051140296
0,168770,0.00051130255
0,168780,0.0005112022
0,168790,0.0005111019
0,168800,0.0005110016
0,168810,0.0005109014
0,168820,0.0005108012
0,168830,0.0005107011
0,168840,0.000510601
0,168850,0.000510501
0,168860,0.0005104009
0,168870,0.000510301
0,168880,0.0005102011
0,168890,0.0005101012
0,168900,0.0005100014
0,168910,0.00050990155
0,168920,0.00050980184
0,168930,0.00050970213
0,168940,0.0005096025
0,168950,0.0005095029
0,168960,0.0005094033
0,168970,0.00050930376
0,168980,0.0005092043
0,168990,0.00050910487
0,169000,0.00050900545
0,169010,0.0005089061
0,169020,0.0005088068
0,169030,0.00050870754
0,169040,0.0005086083
0,169050,0.0005085091
0,169060,0.00050841
0,169070,0.0005083109
0,169080,0.00050821184
0,169090,0.00050811283
0,169100,0.0005080139
0,169110,0.000507915
0,169120,0.0005078161
0,169130,0.00050771725
0,169140,0.0005076185
0,169150,0.0005075197
0,169160,0.00050742103
0,169170,0.0005073224
0,169180,0.0005072237
0,169190,0.00050712517
0,169200,0.0005070266
0,169210,0.00050692813
0,169220,0.0005068297
0,169230,0.0005067313
0,169240,0.0005066329
0,169250,0.0005065346
0,169260,0.00050643634
0,169270,0.0005063381
0,169280,0.0005062399
0,169290,0.00050614175
0,169300,0.0005060436
0,169310,0.0005059456
0,169320,0.00050584757
0,169330,0.00050574954
0,169340,0.00050565164
0,169350,0.00050555373
0,169360,0.0005054559
0,169370,0.00050535804
0,169380,0.0005052603
0,169390,0.0005051626
0,169400,0.0005050649
0,169410,0.00050496723
0,169420,0.0005048697
0,169430,0.0005047721
0,169440,0.00050467456
0,169450,0.0005045771
0,169460,0.0005044797
0,169470,0.0005043823
0,169480,0.0005042849
0,169490,0.00050418766
0,169500,0.0005040904
0,169510,0.0005039932
0,169520,0.000503896
0,169530,0.00050379883
0,169540,0.00050370174
0,169550,0.0005036047
0,169560,0.0005035077
0,169570,0.00050341076
0,169580,0.0005033138
0,169590,0.0005032169
0,169600,0.00050312007
0,169610,0.0005030233
0,169620,0.00050292653
0,169630,0.0005028298
0,169640,0.00050273316
0,169650,0.0005026365
0,169660,0.0005025399
0,169670,0.00050244335
0,169680,0.00050234684
0,169690,0.0005022504
0,169700,0.00050215394
0,169710,0.0005020576
0,169720,0.0005019613
0,169730,0.00050186494
0,169740,0.00050176866
0,169750,0.00050167245
0,169760,0.0005015763
0,169770,0.0005014802
0,169780,0.0005013841
0,169790,0.00050128804
0,169800,0.000501192
0,169810,0.000501096
0,169820,0.0005010001
0,169830,0.0005009042
0,169840,0.0005008084
0,169850,0.0005007126
0,169860,0.0005006168
0,169870,0.0005005211
0,169880,0.0005004254
0,169890,0.00050032977
0,169900,0.0005002342
0,169910,0.0005001386
0,169920,0.0005000431
0,169930,0.00049994764
0,169940,0.00049985223
0,169950,0.00049975683
0,169960,0.0004996615
0,169970,0.00049956614
0,169980,0.0004994709
0,169990,0.0004993757
0,170000,0.00049928046
0,170010,0.00049918535
0,170020,0.00049909024
0,170030,0.0004989952
0,170040,0.00049890013
0,170050,0.00049880514
0,170060,0.0004987102
0,170070,0.0004986153
0,170080,0.00049852044
0,170090,0.0004984256
0,170100,0.00049833086
0,170110,0.0004982361
0,170120,0.0004981414
0,170130,0.00049804675
0,170140,0.00049795216
0,170150,0.0004978576
0,170160,0.00049776305
0,170170,0.0004976685
0,170180,0.0004975741
0,170190,0.0004974797
0,170200,0.0004973853
0,170210,0.000497291
0,170220,0.0004971967
0,170230,0.00049710245
0,170240,0.0004970082
0,170250,0.000496914
0,170260,0.0004968199
0,170270,0.0004967258
0,170280,0.0004966318
0,170290,0.0004965378
0,170300,0.00049644377
0,170310,0.0004963499
0,170320,0.000496256
0,170330,0.0004961621
0,170340,0.0004960683
0,170350,0.00049597456
0,170360,0.0004958808
0,170370,0.0004957871
0,170380,0.0004956935
0,170390,0.0004955999
0,170400,0.0004955063
0,170410,0.00049541274
0,170420,0.00049531925
0,170430,0.00049522583
0,170440,0.0004951324
0,170450,0.00049503904
0,170460,0.00049494574
0,170470,0.00049485243
0,170480,0.0004947592
0,170490,0.00049466593
0,170500,0.0004945728
0,170510,0.00049447967
0,170520,0.0004943866
0,170530,0.0004942935
0,170540,0.0004942005
0,170550,0.00049410755
0,170560,0.0004940146
0,170570,0.0004939217
0,170580,0.00049382885
0,170590,0.00049373606
0,170600,0.0004936433
0,170610,0.00049355056
0,170620,0.00049345783
0,170630,0.00049336517
0,170640,0.00049327256
0,170650,0.00049318
0,170660,0.00049308746
0,170670,0.00049299496
0,170680,0.0004929025
0,170690,0.0004928101
0,170700,0.00049271766
0,170710,0.00049262535
0,170720,0.000492533
0,170730,0.00049244077
0,170740,0.00049234857
0,170750,0.00049225637
0,170760,0.0004921642
0,170770,0.00049207214
0,170780,0.00049198006
0,170790,0.00049188803
0,170800,0.00049179606
0,170810,0.0004917041
0,170820,0.0004916122
0,170830,0.00049152033
0,170840,0.0004914285
0,170850,0.0004913367
0,170860,0.00049124495
0,170870,0.0004911532
0,170880,0.00049106154
0,170890,0.0004909699
0,170900,0.0004908783
0,170910,0.00049078674
0,170920,0.00049069524
0,170930,0.00049060374
0,170940,0.0004905123
0,170950,0.0004904209
0,170960,0.0004903295
0,170970,0.0004902382
0,170980,0.0004901469
0,170990,0.00049005565
0,171000,0.00048996444
0,171010,0.0004898733
0,171020,0.00048978213
0,171030,0.00048969104
0,171040,0.0004896
0,171050,0.00048950897
0,171060,0.000489418
0,171070,0.00048932707
0,171080,0.00048923615
0,171090,0.0004891453
0,171100,0.0004890545
0,171110,0.0004889637
0,171120,0.00048887293
0,171130,0.00048878224
0,171140,0.00048869156
0,171150,0.0004886009
0,171160,0.0004885103
0,171170,0.0004884198
0,171180,0.0004883292
0,171190,0.00048823876
0,171200,0.00048814833
0,171210,0.0004880579
0,171220,0.00048796754
0,171230,0.00048787723
0,171240,0.00048778692
0,171250,0.00048769667
0,171260,0.00048760648
0,171270,0.00048751628
0,171280,0.00048742615
0,171290,0.00048733604
0,171300,0.000487246
0,171310,0.00048715598
0,171320,0.000487066
0,171330,0.00048697603
0,171340,0.00048688613
0,171350,0.00048679626
0,171360,0.0004867064
0,171370,0.00048661663
0,171380,0.00048652687
0,171390,0.00048643714
0,171400,0.00048634745
0,171410,0.0004862578
0,171420,0.0004861682
0,171430,0.00048607864
0,171440,0.0004859891
0,171450,0.0004858996
0,171460,0.00048581016
0,171470,0.00048572072
0,171480,0.00048563135
0,171490,0.000485542
0,171500,0.0004854527
0,171510,0.00048536345
0,171520,0.0004852742
0,171530,0.000485185
0,171540,0.00048509586
0,171550,0.00048500672
0,171560,0.00048491766
0,171570,0.0004848286
0,171580,0.0004847396
0,171590,0.00048465063
0,171600,0.0004845617
0,171610,0.0004844728
0,171620,0.00048438396
0,171630,0.00048429513
0,171640,0.00048420634
0,171650,0.0004841176
0,171660,0.0004840289
0,171670,0.0004839402
0,171680,0.0004838516
0,171690,0.000483763
0,171700,0.00048367443
0,171710,0.0004835859
0,171720,0.00048349742
0,171730,0.00048340898
0,171740,0.00048332056
0,171750,0.0004832322
0,171760,0.00048314387
0,171770,0.00048305557
0,171780,0.0004829673
0,171790,0.00048287906
0,171800,0.00048279087
0,171810,0.00048270272
0,171820,0.00048261462
0,171830,0.00048252652
0,171840,0.00048243848
0,171850,0.0004823505
0,171860,0.00048226252
0,171870,0.0004821746
0,171880,0.0004820867
0,171890,0.00048199884
0,171900,0.000481911
0,171910,0.00048182323
0,171920,0.00048173548
0,171930,0.0004816478
0,171940,0.0004815601
0,171950,0.00048147247
0,171960,0.00048138486
0,171970,0.0004812973
0,171980,0.00048120978
0,171990,0.0004811223
0,172000,0.00048103483
0,172010,0.0004809474
0,172020,0.00048086004
0,172030,0.00048077267
0,172040,0.00048068538
0,172050,0.0004805981
0,172060,0.00048051088
0,172070,0.00048042365
0,172080,0.0004803365
0,172090,0.00048024938
0,172100,0.00048016227
0,172110,0.00048007522
0,172120,0.0004799882
0,172130,0.00047990124
0,172140,0.00047981428
0,172150,0.00047972737
0,172160,0.0004796405
0,172170,0.00047955365
0,172180,0.00047946686
0,172190,0.0004793801
0,172200,0.00047929338
0,172210,0.00047920668
0,172220,0.00047912003
0,172230,0.0004790334
0,172240,0.0004789468
0,172250,0.00047886028
0,172260,0.00047877376
0,172270,0.0004786873
0,172280,0.00047860085
0,172290,0.00047851444
0,172300,0.00047842806
0,172310,0.00047834174
0,172320,0.00047825545
0,172330,0.00047816918
0,172340,0.00047808295
0,172350,0.00047799677
0,172360,0.0004779106
0,172370,0.00047782448
0,172380,0.00047773842
0,172390,0.00047765236
0,172400,0.00047756635
0,172410,0.00047748038
0,172420,0.00047739444
0,172430,0.00047730852
0,172440,0.00047722267
0,172450,0.00047713684
0,172460,0.00047705104
0,172470,0.00047696527
0,172480,0.00047687956
0,172490,0.00047679385
0,172500,0.0004767082
0,172510,0.00047662258
0,172520,0.000476537
0,172530,0.00047645145
0,172540,0.00047636594
0,172550,0.00047628046
0,172560,0.000476195
0,172570,0.00047610962
0,172580,0.00047602423
0,172590,0.0004759389
0,172600,0.0004758536
0,172610,0.00047576835
0,172620,0.0004756831
0,172630,0.00047559792
0,172640,0.00047551276
0,172650,0.00047542763
0,172660,0.00047534253
0,172670,0.0004752575
0,172680,0.00047517248
0,172690,0.0004750875
0,172700,0.00047500254
0,172710,0.00047491762
0,172720,0.00047483275
0,172730,0.0004747479
0,172740,0.0004746631
0,172750,0.00047457832
0,172760,0.00047449357
0,172770,0.00047440888
0,172780,0.00047432422
0,172790,0.00047423958
0,172800,0.00047415498
0,172810,0.0004740704
0,172820,0.00047398589
0,172830,0.0004739014
0,172840,0.00047381694
0,172850,0.0004737325
0,172860,0.0004736481
0,172870,0.00047356376
0,172880,0.00047347945
0,172890,0.00047339516
0,172900,0.0004733109
0,172910,0.00047322668
0,172920,0.0004731425
0,172930,0.00047305835
0,172940,0.00047297424
0,172950,0.00047289018
0,172960,0.00047280613
0,172970,0.0004727221
0,172980,0.00047263814
0,172990,0.0004725542
0,173000,0.0004724703
0,173010,0.00047238643
0,173020,0.0004723026
0,173030,0.0004722188
0,173040,0.00047213503
0,173050,0.0004720513
0,173060,0.0004719676
0,173070,0.00047188392
0,173080,0.0004718003
0,173090,0.00047171672
0,173100,0.00047163316
0,173110,0.00047154963
0,173120,0.00047146613
0,173130,0.00047138266
0,173140,0.00047129925
0,173150,0.00047121587
0,173160,0.00047113252
0,173170,0.0004710492
0,173180,0.0004709659
0,173190,0.00047088263
0,173200,0.00047079942
0,173210,0.00047071624
0,173220,0.0004706331
0,173230,0.00047054997
0,173240,0.00047046688
0,173250,0.00047038385
0,173260,0.00047030082
0,173270,0.00047021784
0,173280,0.0004701349
0,173290,0.00047005198
0,173300,0.00046996912
0,173310,0.00046988626
0,173320,0.00046980346
0,173330,0.0004697207
0,173340,0.00046963795
0,173350,0.00046955523
0,173360,0.00046947255
0,173370,0.00046938992
0,173380,0.0004693073
0,173390,0.00046922473
0,173400,0.0004691422
0,173410,0.00046905968
0,173420,0.0004689772
0,173430,0.00046889478
0,173440,0.00046881236
0,173450,0.00046873
0,173460,0.00046864766
0,173470,0.00046856535
0,173480,0.00046848308
0,173490,0.00046840086
0,173500,0.00046831864
0,173510,0.00046823648
0,173520,0.00046815435
0,173530,0.00046807225
0,173540,0.00046799018
0,173550,0.00046790813
0,173560,0.00046782612
0,173570,0.00046774416
0,173580,0.00046766223
0,173590,0.00046758034
0,173600,0.00046749847
0,173610,0.00046741663
0,173620,0.00046733482
0,173630,0.00046725303
0,173640,0.0004671713
0,173650,0.00046708962
0,173660,0.00046700795
0,173670,0.0004669263
0,173680,0.0004668447
0,173690,0.00046676313
0,173700,0.00046668158
0,173710,0.0004666001
0,173720,0.00046651863
0,173730,0.0004664372
0,173740,0.0004663558
0,173750,0.00046627442
0,173760,0.00046619307
0,173770,0.00046611176
0,173780,0.0004660305
0,173790,0.00046594927
0,173800,0.00046586804
0,173810,0.00046578687
0,173820,0.00046570573
0,173830,0.00046562465
0,173840,0.00046554356
0,173850,0.0004654625
0,173860,0.0004653815
0,173870,0.00046530055
0,173880,0.0004652196
0,173890,0.0004651387
0,173900,0.00046505782
0,173910,0.00046497697
0,173920,0.00046489615
0,173930,0.00046481538
0,173940,0.00046473462
0,173950,0.00046465392
0,173960,0.00046457324
0,173970,0.0004644926
0,173980,0.00046441198
0,173990,0.0004643314
0,174000,0.00046425086
0,174010,0.00046417033
0,174020,0.00046408986
0,174030,0.00046400938
0,174040,0.00046392897
0,174050,0.00046384858
0,174060,0.00046376823
0,174070,0.0004636879
0,174080,0.00046360763
0,174090,0.00046352737
0,174100,0.00046344713
0,174110,0.00046336695
0,174120,0.0004632868
0,174130,0.00046320667
0,174140,0.00046312658
0,174150,0.0004630465
0,174160,0.00046296648
0,174170,0.00046288647
0,174180,0.00046280652
0,174190,0.00046272657
0,174200,0.00046264668
0,174210,0.00046256682
0,174220,0.00046248696
0,174230,0.00046240716
0,174240,0.00046232739
0,174250,0.00046224767
0,174260,0.00046216795
0,174270,0.00046208827
0,174280,0.00046200864
0,174290,0.000461929
0,174300,0.00046184944
0,174310,0.0004617699
0,174320,0.0004616904
0,174330,0.0004616109
0,174340,0.00046153145
0,174350,0.00046145203
0,174360,0.00046137263
0,174370,0.0004612933
0,174380,0.00046121396
0,174390,0.00046113468
0,174400,0.0004610554
0,174410,0.00046097618
0,174420,0.000460897
0,174430,0.00046081783
0,174440,0.0004607387
0,174450,0.0004606596
0,174460,0.00046058052
0,174470,0.0004605015
0,174480,0.00046042248
0,174490,0.00046034352
0,174500,0.00046026456
0,174510,0.00046018566
0,174520,0.0004601068
0,174530,0.00046002792
0,174540,0.0004599491
0,174550,0.00045987032
0,174560,0.0004597916
0,174570,0.00045971287
0,174580,0.00045963418
0,174590,0.0004595555
0,174600,0.0004594769
0,174610,0.0004593983
0,174620,0.00045931974
0,174630,0.00045924122
0,174640,0.00045916272
0,174650,0.00045908423
0,174660,0.0004590058
0,174670,0.0004589274
0,174680,0.00045884904
0,174690,0.0004587707
0,174700,0.00045869238
0,174710,0.0004586141
0,174720,0.00045853585
0,174730,0.00045845762
0,174740,0.00045837945
0,174750,0.0004583013
0,174760,0.00045822316
0,174770,0.00045814508
0,174780,0.00045806702
0,174790,0.000457989
0,174800,0.000457911
0,174810,0.00045783303
0,174820,0.0004577551
0,174830,0.00045767718
0,174840,0.00045759932
0,174850,0.00045752147
0,174860,0.00045744365
0,174870,0.00045736588
0,174880,0.00045728814
0,174890,0.0004572104
0,174900,0.00045713273
0,174910,0.00045705508
0,174920,0.00045697743
0,174930,0.00045689984
0,174940,0.00045682228
0,174950,0.00045674475
0,174960,0.00045666724
0,174970,0.0004565898
0,174980,0.00045651235
0,174990,0.00045643494
0,175000,0.00045635755
0,175010,0.00045628022
0,175020,0.0004562029
0,175030,0.00045612562
0,175040,0.00045604835
0,175050,0.00045597114
0,175060,0.00045589395
0,175070,0.00045581677
0,175080,0.00045573965
0,175090,0.00045566255
0,175100,0.00045558548
0,175110,0.00045550845
0,175120,0.00045543144
0,175130,0.00045535446
0,175140,0.0004552775
0,175150,0.00045520058
0,175160,0.0004551237
0,175170,0.00045504686
0,175180,0.00045497002
0,175190,0.00045489322
0,175200,0.00045481647
0,175210,0.00045473973
0,175220,0.00045466304
0,175230,0.00045458635
0,175240,0.00045450972
0,175250,0.0004544331
0,175260,0.00045435652
0,175270,0.00045427997
0,175280,0.00045420343
0,175290,0.00045412694
0,175300,0.0004540505
0,175310,0.00045397406
0,175320,0.00045389766
0,175330,0.0004538213
0,175340,0.00045374496
0,175350,0.00045366865
0,175360,0.00045359237
0,175370,0.0004535161
0,175380,0.0004534399
0,175390,0.00045336373
0,175400,0.00045328756
0,175410,0.00045321143
0,175420,0.00045313532
0,175430,0.00045305927
0,175440,0.00045298322
0,175450,0.00045290723
0,175460,0.00045283124
0,175470,0.00045275528
0,175480,0.00045267938
0,175490,0.0004526035
0,175500,0.00045252763
0,175510,0.00045245182
0,175520,0.000452376
0,175530,0.00045230024
0,175540,0.0004522245
0,175550,0.0004521488
0,175560,0.00045207312
0,175570,0.00045199748
0,175580,0.00045192186
0,175590,0.00045184628
0,175600,0.0004517707
0,175610,0.00045169517
0,175620,0.00045161968
0,175630,0.0004515442
0,175640,0.00045146878
0,175650,0.00045139337
0,175660,0.000451318
0,175670,0.00045124264
0,175680,0.00045116732
0,175690,0.00045109203
0,175700,0.00045101676
0,175710,0.00045094153
0,175720,0.00045086633
0,175730,0.00045079115
0,175740,0.00045071603
0,175750,0.00045064092
0,175760,0.00045056583
0,175770,0.00045049077
0,175780,0.00045041574
0,175790,0.00045034074
0,175800,0.0004502658
0,175810,0.00045019086
0,175820,0.00045011594
0,175830,0.00045004106
0,175840,0.00044996623
0,175850,0.0004498914
0,175860,0.0004498166
0,175870,0.00044974187
0,175880,0.00044966713
0,175890,0.00044959242
0,175900,0.00044951777
0,175910,0.00044944312
0,175920,0.0004493685
0,175930,0.00044929393
0,175940,0.00044921937
0,175950,0.00044914483
0,175960,0.00044907036
0,175970,0.00044899588
0,175980,0.00044892143
0,175990,0.00044884704
0,176000,0.00044877265
0,176010,0.0004486983
0,176020,0.000448624
0,176030,0.0004485497
0,176040,0.00044847545
0,176050,0.0004484012
0,176060,0.000448327
0,176070,0.00044825283
0,176080,0.00044817867
0,176090,0.00044810458
0,176100,0.00044803048
0,176110,0.0004479564
0,176120,0.0004478824
0,176130,0.0004478084
0,176140,0.0004477344
0,176150,0.00044766048
0,176160,0.00044758656
0,176170,0.00044751266
0,176180,0.00044743883
0,176190,0.000447365
0,176200,0.00044729118
0,176210,0.00044721743
0,176220,0.00044714368
0,176230,0.00044706996
0,176240,0.00044699627
0,176250,0.00044692264
0,176260,0.000446849
0,176270,0.0004467754
0,176280,0.00044670183
0,176290,0.0004466283
0,176300,0.0004465548
0,176310,0.0004464813
0,176320,0.00044640785
0,176330,0.00044633442
0,176340,0.00044626102
0,176350,0.00044618765
0,176360,0.0004461143
0,176370,0.00044604103
0,176380,0.00044596774
0,176390,0.0004458945
0,176400,0.00044582126
0,176410,0.00044574807
0,176420,0.0004456749
0,176430,0.00044560176
0,176440,0.00044552863
0,176450,0.00044545555
0,176460,0.0004453825
0,176470,0.00044530947
0,176480,0.00044523648
0,176490,0.00044516352
0,176500,0.00044509058
0,176510,0.00044501765
0,176520,0.00044494477
0,176530,0.00044487193
0,176540,0.00044479908
0,176550,0.0004447263
0,176560,0.00044465353
0,176570,0.00044458077
0,176580,0.00044450807
0,176590,0.00044443537
0,176600,0.00044436273
0,176610,0.00044429008
0,176620,0.0004442175
0,176630,0.0004441449
0,176640,0.0004440724
0,176650,0.00044399986
0,176660,0.00044392736
0,176670,0.0004438549
0,176680,0.00044378248
0,176690,0.00044371007
0,176700,0.0004436377
0,176710,0.00044356534
0,176720,0.00044349302
0,176730,0.00044342072
0,176740,0.00044334846
0,176750,0.00044327622
0,176760,0.00044320402
0,176770,0.00044313184
0,176780,0.0004430597
0,176790,0.00044298757
0,176800,0.00044291548
0,176810,0.0004428434
0,176820,0.00044277136
0,176830,0.00044269935
0,176840,0.00044262735
0,176850,0.0004425554
0,176860,0.00044248346
0,176870,0.00044241158
0,176880,0.0004423397
0,176890,0.00044226786
0,176900,0.00044219603
0,176910,0.00044212423
0,176920,0.00044205246
0,176930,0.00044198075
0,176940,0.00044190904
0,176950,0.00044183736
0,176960,0.0004417657
0,176970,0.00044169408
0,176980,0.00044162248
0,176990,0.00044155092
0,177000,0.00044147938
0,177010,0.00044140784
0,177020,0.00044133636
0,177030,0.0004412649
0,177040,0.00044119346
0,177050,0.00044112207
0,177060,0.00044105068
0,177070,0.00044097935
0,177080,0.000440908
0,177090,0.00044083674
0,177100,0.00044076546
0,177110,0.00044069422
0,177120,0.000440623
0,177130,0.0004405518
0,177140,0.00044048065
0,177150,0.00044040952
0,177160,0.00044033842
0,177170,0.00044026735
0,177180,0.0004401963
0,177190,0.0004401253
0,177200,0.00044005428
0,177210,0.00043998333
0,177220,0.0004399124
0,177230,0.00043984147
0,177240,0.00043977058
0,177250,0.00043969974
0,177260,0.0004396289
0,177270,0.0004395581
0,177280,0.00043948734
0,177290,0.0004394166
0,177300,0.00043934587
0,177310,0.00043927517
0,177320,0.0004392045
0,177330,0.00043913384
0,177340,0.00043906324
0,177350,0.00043899266
0,177360,0.00043892208
0,177370,0.00043885157
0,177380,0.00043878105
0,177390,0.0004387106
0,177400,0.00043864013
0,177410,0.0004385697
0,177420,0.00043849932
0,177430,0.00043842895
0,177440,0.0004383586
0,177450,0.0004382883
0,177460,0.00043821798
0,177470,0.00043814772
0,177480,0.0004380775
0,177490,0.0004380073
0,177500,0.0004379371
0,177510,0.00043786695
0,177520,0.0004377968
0,177530,0.0004377267
0,177540,0.00043765665
0,177550,0.0004375866
0,177560,0.00043751657
0,177570,0.00043744658
0,177580,0.0004373766
0,177590,0.00043730668
0,177600,0.00043723674
0,177610,0.00043716686
0,177620,0.000437097
0,177630,0.00043702716
0,177640,0.00043695737
0,177650,0.00043688758
0,177660,0.00043681782
0,177670,0.0004367481
0,177680,0.00043667838
0,177690,0.0004366087
0,177700,0.00043653906
0,177710,0.00043646945
0,177720,0.00043639986
0,177730,0.00043633027
0,177740,0.00043626074
0,177750,0.0004361912
0,177760,0.00043612174
0,177770,0.00043605227
0,177780,0.00043598283
0,177790,0.00043591342
0,177800,0.00043584403
0,177810,0.00043577468
0,177820,0.00043570535
0,177830,0.00043563606
0,177840,0.00043556676
0,177850,0.00043549752
0,177860,0.0004354283
0,177870,0.0004353591
0,177880,0.00043528993
0,177890,0.00043522078
0,177900,0.00043515165
0,177910,0.00043508256
0,177920,0.0004350135
0,177930,0.00043494444
0,177940,0.00043487543
0,177950,0.00043480645
0,177960,0.00043473748
0,177970,0.00043466853
0,177980,0.00043459964
0,177990,0.00043453075
0,178000,0.0004344619
0,178010,0.00043439306
0,178020,0.00043432423
0,178030,0.00043425546
0,178040,0.00043418672
0,178050,0.00043411797
0,178060,0.0004340493
0,178070,0.0004339806
0,178080,0.00043391195
0,178090,0.00043384332
0,178100,0.00043377472
0,178110,0.00043370615
0,178120,0.00043363762
0,178130,0.00043356908
0,178140,0.0004335006
0,178150,0.0004334321
0,178160,0.00043336366
0,178170,0.00043329527
0,178180,0.00043322687
0,178190,0.0004331585
0,178200,0.00043309017
0,178210,0.00043302184
0,178220,0.00043295356
0,178230,0.00043288528
0,178240,0.00043281706
0,178250,0.00043274884
0,178260,0.00043268065
0,178270,0.0004326125
0,178280,0.00043254436
0,178290,0.00043247626
0,178300,0.00043240818
0,178310,0.0004323401
0,178320,0.0004322721
0,178330,0.00043220408
0,178340,0.0004321361
0,178350,0.00043206813
0,178360,0.0004320002
0,178370,0.0004319323
0,178380,0.00043186444
0,178390,0.0004317966
0,178400,0.00043172875
0,178410,0.00043166094
0,178420,0.0004315932
0,178430,0.00043152543
0,178440,0.0004314577
0,178450,0.00043139
0,178460,0.00043132232
0,178470,0.00043125468
0,178480,0.00043118704
0,178490,0.00043111946
0,178500,0.00043105189
0,178510,0.00043098434
0,178520,0.0004309168
0,178530,0.00043084932
0,178540,0.00043078186
0,178550,0.0004307144
0,178560,0.000430647
0,178570,0.0004305796
0,178580,0.0004305122
0,178590,0.00043044487
0,178600,0.00043037755
0,178610,0.00043031026
0,178620,0.000430243
0,178630,0.00043017574
0,178640,0.0004301085
0,178650,0.00043004134
0,178660,0.00042997417
0,178670,0.00042990703
0,178680,0.0004298399
0,178690,0.0004297728
0,178700,0.00042970575
0,178710,0.0004296387
0,178720,0.0004295717
0,178730,0.0004295047
0,178740,0.00042943773
0,178750,0.0004293708
0,178760,0.00042930388
0,178770,0.00042923697
0,178780,0.00042917012
0,178790,0.00042910327
0,178800,0.00042903644
0,178810,0.00042896965
0,178820,0.0004289029
0,178830,0.00042883615
0,178840,0.00042876942
0,178850,0.00042870274
0,178860,0.00042863606
0,178870,0.00042856942
0,178880,0.0004285028
0,178890,0.0004284362
0,178900,0.00042836965
0,178910,0.0004283031
0,178920,0.00042823658
0,178930,0.00042817008
0,178940,0.0004281036
0,178950,0.00042803716
0,178960,0.00042797075
0,178970,0.00042790436
0,178980,0.00042783798
0,178990,0.00042777165
0,179000,0.00042770532
0,179010,0.00042763902
0,179020,0.00042757276
0,179030,0.00042750651
0,179040,0.00042744027
0,179050,0.0004273741
0,179060,0.0004273079
0,179070,0.00042724176
0,179080,0.00042717563
0,179090,0.00042710954
0,179100,0.00042704347
0,179110,0.0004269774
0,179120,0.0004269114
0,179130,0.0004268454
0,179140,0.0004267794
0,179150,0.00042671346
0,179160,0.00042664754
0,179170,0.00042658162
0,179180,0.00042651576
0,179190,0.0004264499
0,179200,0.00042638407
0,179210,0.00042631826
0,179220,0.0004262525
0,179230,0.0004261867
0,179240,0.000426121
0,179250,0.00042605528
0,179260,0.0004259896
0,179270,0.00042592394
0,179280,0.0004258583
0,179290,0.0004257927
0,179300,0.0004257271
0,179310,0.00042566156
0,179320,0.00042559602
0,179330,0.0004255305
0,179340,0.00042546503
0,179350,0.00042539954
0,179360,0.00042533412
0,179370,0.0004252687
0,179380,0.0004252033
0,179390,0.00042513793
0,179400,0.0004250726
0,179410,0.00042500725
0,179420,0.00042494197
0,179430,0.0004248767
0,179440,0.00042481144
0,179450,0.00042474622
0,179460,0.00042468103
0,179470,0.00042461586
0,179480,0.0004245507
0,179490,0.00042448557
0,179500,0.00042442046
0,179510,0.00042435538
0,179520,0.00042429034
0,179530,0.0004242253
0,179540,0.0004241603
0,179550,0.0004240953
0,179560,0.00042403035
0,179570,0.00042396542
0,179580,0.00042390052
0,179590,0.00042383562
0,179600,0.00042377075
0,179610,0.0004237059
0,179620,0.0004236411
0,179630,0.0004235763
0,179640,0.00042351155
0,179650,0.0004234468
0,179660,0.00042338207
0,179670,0.00042331737
0,179680,0.0004232527
0,179690,0.00042318806
0,179700,0.00042312342
0,179710,0.00042305884
0,179720,0.00042299426
0,179730,0.0004229297
0,179740,0.00042286515
0,179750,0.00042280066
0,179760,0.00042273616
0,179770,0.00042267173
0,179780,0.0004226073
0,179790,0.00042254286
0,179800,0.00042247848
0,179810,0.0004224141
0,179820,0.00042234978
0,179830,0.00042228546
0,179840,0.00042222117
0,179850,0.00042215688
0,179860,0.00042209265
0,179870,0.00042202842
0,179880,0.0004219642
0,179890,0.00042190004
0,179900,0.0004218359
0,179910,0.00042177175
0,179920,0.00042170766
0,179930,0.00042164358
0,179940,0.00042157952
0,179950,0.0004215155
0,179960,0.00042145146
0,179970,0.00042138746
0,179980,0.00042132352
0,179990,0.00042125958
0,180000,0.00042119564
0,180010,0.00042113176
0,180020,0.00042106787
0,180030,0.00042100405
0,180040,0.0004209402
0,180050,0.0004208764
0,180060,0.00042081263
0,180070,0.00042074887
0,180080,0.00042068513
0,180090,0.00042062142
0,180100,0.00042055774
0,180110,0.0004204941
0,180120,0.00042043044
0,180130,0.00042036682
0,180140,0.00042030323
0,180150,0.00042023967
0,180160,0.00042017613
0,180170,0.0004201126
0,180180,0.0004200491
0,180190,0.00041998562
0,180200,0.00041992217
0,180210,0.00041985873
0,180220,0.00041979534
0,180230,0.00041973195
0,180240,0.0004196686
0,180250,0.00041960523
0,180260,0.00041954193
0,180270,0.00041947863
0,180280,0.00041941536
0,180290,0.00041935212
0,180300,0.0004192889
0,180310,0.0004192257
0,180320,0.0004191625
0,180330,0.00041909935
0,180340,0.00041903622
0,180350,0.00041897313
0,180360,0.00041891003
0,180370,0.00041884696
0,180380,0.00041878392
0,180390,0.0004187209
0,180400,0.00041865793
0,180410,0.00041859495
0,180420,0.000418532
0,180430,0.00041846908
0,180440,0.00041840618
0,180450,0.0004183433
0,180460,0.00041828043
0,180470,0.0004182176
0,180480,0.00041815478
0,180490,0.000418092
0,180500,0.00041802923
0,180510,0.00041796648
0,180520,0.00041790376
0,180530,0.00041784107
0,180540,0.00041777838
0,180550,0.00041771575
0,180560,0.00041765312
0,180570,0.00041759052
0,180580,0.00041752792
0,180590,0.00041746537
0,180600,0.00041740283
0,180610,0.0004173403
0,180620,0.0004172778
0,180630,0.00041721534
0,180640,0.00041715289
0,180650,0.00041709046
0,180660,0.00041702806
0,180670,0.0004169657
0,180680,0.00041690332
0,180690,0.00041684098
0,180700,0.00041677867
0,180710,0.0004167164
0,180720,0.0004166541
0,180730,0.00041659185
0,180740,0.00041652963
0,180750,0.00041646743
0,180760,0.00041640527
0,180770,0.0004163431
0,180780,0.00041628096
0,180790,0.00041621886
0,180800,0.00041615678
0,180810,0.0004160947
0,180820,0.00041603265
0,180830,0.00041597063
0,180840,0.00041590864
0,180850,0.00041584665
0,180860,0.00041578469
0,180870,0.00041572275
0,180880,0.00041566085
0,180890,0.00041559897
0,180900,0.0004155371
0,180910,0.00041547525
0,180920,0.00041541344
0,180930,0.00041535162
0,180940,0.00041528986
0,180950,0.0004152281
0,180960,0.00041516635
0,180970,0.00041510465
0,180980,0.00041504294
0,180990,0.0004149813
0,181000,0.00041491966
0,181010,0.00041485802
0,181020,0.00041479644
0,181030,0.00041473485
0,181040,0.0004146733
0,181050,0.00041461174
0,181060,0.00041455025
0,181070,0.00041448875
0,181080,0.00041442728
0,181090,0.00041436584
0,181100,0.0004143044
0,181110,0.000414243
0,181120,0.00041418162
0,181130,0.00041412027
0,181140,0.00041405894
0,181150,0.00041399762
0,181160,0.00041393633
0,181170,0.00041387507
0,181180,0.0004138138
0,181190,0.00041375257
0,181200,0.00041369136
0,181210,0.0004136302
0,181220,0.00041356904
0,181230,0.0004135079
0,181240,0.00041344677
0,181250,0.0004133857
0,181260,0.0004133246
0,181270,0.00041326357
0,181280,0.00041320254
0,181290,0.0004131415
0,181300,0.00041308053
0,181310,0.00041301956
0,181320,0.00041295862
0,181330,0.0004128977
0,181340,0.0004128368
0,181350,0.00041277593
0,181360,0.00041271508
0,181370,0.00041265422
0,181380,0.00041259342
0,181390,0.00041253262
0,181400,0.00041247185
0,181410,0.00041241111
0,181420,0.00041235037
0,181430,0.00041228966
0,181440,0.00041222898
0,181450,0.00041216833
0,181460,0.00041210768
0,181470,0.00041204708
0,181480,0.0004119865
0,181490,0.0004119259
0,181500,0.00041186536
0,181510,0.00041180482
0,181520,0.00041174432
0,181530,0.0004116838
0,181540,0.00041162336
0,181550,0.0004115629
0,181560,0.00041150246
0,181570,0.00041144207
0,181580,0.00041138168
0,181590,0.00041132132
0,181600,0.000411261
0,181610,0.0004112007
0,181620,0.00041114038
0,181630,0.0004110801
0,181640,0.00041101984
0,181650,0.00041095962
0,181660,0.0004108994
0,181670,0.00041083922
0,181680,0.00041077906
0,181690,0.0004107189
0,181700,0.00041065877
0,181710,0.00041059867
0,181720,0.00041053857
0,181730,0.00041047853
0,181740,0.0004104185
0,181750,0.00041035845
0,181760,0.00041029847
0,181770,0.00041023848
0,181780,0.00041017853
0,181790,0.0004101186
0,181800,0.00041005868
0,181810,0.0004099988
0,181820,0.00040993892
0,181830,0.00040987908
0,181840,0.00040981924
0,181850,0.00040975944
0,181860,0.00040969966
0,181870,0.00040963988
0,181880,0.00040958013
0,181890,0.0004095204
0,181900,0.0004094607
0,181910,0.00040940102
0,181920,0.0004093414
0,181930,0.00040928173
0,181940,0.00040922212
0,181950,0.00040916252
0,181960,0.00040910294
0,181970,0.0004090434
0,181980,0.00040898385
0,181990,0.00040892433
0,182000,0.00040886484
0,182010,0.00040880538
0,182020,0.00040874592
0,182030,0.0004086865
0,182040,0.0004086271
0,182050,0.0004085677
0,182060,0.00040850835
0,182070,0.00040844898
0,182080,0.00040838966
0,182090,0.00040833035
0,182100,0.00040827107
0,182110,0.0004082118
0,182120,0.00040815258
0,182130,0.00040809336
0,182140,0.00040803416
0,182150,0.00040797496
0,182160,0.00040791582
0,182170,0.00040785669
0,182180,0.00040779755
0,182190,0.00040773847
0,182200,0.00040767938
0,182210,0.00040762033
0,182220,0.0004075613
0,182230,0.0004075023
0,182240,0.0004074433
0,182250,0.00040738433
0,182260,0.00040732537
0,182270,0.00040726643
0,182280,0.00040720752
0,182290,0.00040714865
0,182300,0.00040708977
0,182310,0.00040703092
0,182320,0.0004069721
0,182330,0.00040691328
0,182340,0.0004068545
0,182350,0.00040679573
0,182360,0.000406737
0,182370,0.00040667827
0,182380,0.00040661957
0,182390,0.00040656087
0,182400,0.00040650222
0,182410,0.00040644358
0,182420,0.00040638496
0,182430,0.00040632635
0,182440,0.00040626776
0,182450,0.0004062092
0,182460,0.00040615068
0,182470,0.00040609215
0,182480,0.00040603365
0,182490,0.00040597515
0,182500,0.0004059167
0,182510,0.00040585827
0,182520,0.00040579986
0,182530,0.00040574145
0,182540,0.00040568307
0,182550,0.0004056247
0,182560,0.0004055664
0,182570,0.00040550806
0,182580,0.00040544977
0,182590,0.0004053915
0,182600,0.00040533324
0,182610,0.000405275
0,182620,0.0004052168
0,182630,0.0004051586
0,182640,0.0004051004
0,182650,0.00040504226
0,182660,0.00040498414
0,182670,0.00040492602
0,182680,0.00040486793
0,182690,0.00040480983
0,182700,0.0004047518
0,182710,0.00040469377
0,182720,0.00040463574
0,182730,0.00040457776
0,182740,0.0004045198
0,182750,0.00040446184
0,182760,0.0004044039
0,182770,0.00040434598
0,182780,0.0004042881
0,182790,0.00040423023
0,182800,0.00040417237
0,182810,0.00040411454
0,182820,0.00040405671
0,182830,0.0004039989
0,182840,0.00040394114
0,182850,0.0004038834
0,182860,0.00040382566
0,182870,0.00040376795
0,182880,0.00040371026
0,182890,0.0004036526
0,182900,0.00040359495
0,182910,0.0004035373
0,182920,0.0004034797
0,182930,0.0004034221
0,182940,0.00040336454
0,182950,0.00040330697
0,182960,0.00040324943
0,182970,0.00040319192
0,182980,0.00040313444
0,182990,0.00040307696
0,183000,0.0004030195
0,183010,0.0004029621
0,183020,0.00040290467
0,183030,0.00040284728
0,183040,0.0004027899
0,183050,0.00040273255
0,183060,0.0004026752
0,183070,0.0004026179
0,183080,0.0004025606
0,183090,0.00040250333
0,183100,0.00040244608
0,183110,0.00040238883
0,183120,0.0004023316
0,183130,0.00040227443
0,183140,0.00040221724
0,183150,0.00040216008
0,183160,0.00040210295
0,183170,0.00040204584
0,183180,0.00040198874
0,183190,0.00040193167
0,183200,0.0004018746
0,183210,0.00040181755
0,183220,0.00040176054
0,183230,0.00040170352
0,183240,0.00040164657
0,183250,0.0004015896
0,183260,0.00040153266
0,183270,0.00040147573
0,183280,0.00040141883
0,183290,0.00040136196
0,183300,0.0004013051
0,183310,0.00040124825
0,183320,0.0004011914
0,183330,0.0004011346
0,183340,0.00040107782
0,183350,0.00040102107
0,183360,0.00040096432
0,183370,0.0004009076
0,183380,0.0004008509
0,183390,0.0004007942
0,183400,0.00040073754
0,183410,0.00040068087
0,183420,0.00040062424
0,183430,0.00040056763
0,183440,0.00040051105
0,183450,0.00040045448
0,183460,0.00040039793
0,183470,0.0004003414
0,183480,0.0004002849
0,183490,0.0004002284
0,183500,0.0004001719
0,183510,0.00040011544
0,183520,0.000400059
0,183530,0.0004000026
0,183540,0.0003999462
0,183550,0.00039988983
0,183560,0.00039983346
0,183570,0.00039977714
0,183580,0.0003997208
0,183590,0.0003996645
0,183600,0.00039960822
0,183610,0.00039955197
0,183620,0.0003994957
0,183630,0.00039943948
0,183640,0.00039938328
0,183650,0.0003993271
0,183660,0.00039927094
0,183670,0.0003992148
0,183680,0.00039915866
0,183690,0.00039910254
0,183700,0.00039904646
0,183710,0.00039899038
0,183720,0.00039893432
0,183730,0.0003988783
0,183740,0.00039882227
0,183750,0.00039876628
0,183760,0.0003987103
0,183770,0.00039865435
0,183780,0.0003985984
0,183790,0.0003985425
0,183800,0.0003984866
0,183810,0.0003984307
0,183820,0.00039837486
0,183830,0.000398319
0,183840,0.0003982632
0,183850,0.0003982074
0,183860,0.0003981516
0,183870,0.00039809584
0,183880,0.00039804008
0,183890,0.00039798435
0,183900,0.00039792864
0,183910,0.00039787294
0,183920,0.0003978173
0,183930,0.0003977616
0,183940,0.000397706
0,183950,0.00039765038
0,183960,0.00039759476
0,183970,0.0003975392
0,183980,0.00039748364
0,183990,0.00039742808
0,184000,0.00039737258
0,184010,0.00039731708
0,184020,0.00039726158
0,184030,0.0003972061
0,184040,0.00039715067
0,184050,0.00039709525
0,184060,0.00039703984
0,184070,0.00039698445
0,184080,0.00039692907
0,184090,0.00039687371
0,184100,0.0003968184
0,184110,0.00039676306
0,184120,0.00039670776
0,184130,0.0003966525
0,184140,0.00039659723
0,184150,0.000396542
0,184160,0.00039648678
0,184170,0.00039643157
0,184180,0.0003963764
0,184190,0.0003963212
0,184200,0.00039626606
0,184210,0.00039621093
0,184220,0.0003961558
0,184230,0.00039610072
0,184240,0.00039604565
0,184250,0.0003959906
0,184260,0.00039593555
0,184270,0.00039588055
0,184280,0.00039582554
0,184290,0.00039577056
0,184300,0.00039571562
0,184310,0.00039566067
0,184320,0.00039560572
0,184330,0.00039555083
0,184340,0.00039549594
0,184350,0.00039544108
0,184360,0.00039538622
0,184370,0.0003953314
0,184380,0.00039527655
0,184390,0.00039522178
0,184400,0.00039516698
0,184410,0.00039511223
0,184420,0.0003950575
0,184430,0.00039500277
0,184440,0.00039494806
0,184450,0.00039489337
0,184460,0.00039483872
0,184470,0.00039478406
0,184480,0.00039472943
0,184490,0.0003946748
0,184500,0.0003946202
0,184510,0.00039456564
0,184520,0.0003945111
0,184530,0.00039445655
0,184540,0.000394402
0,184550,0.00039434753
0,184560,0.00039429302
0,184570,0.00039423857
0,184580,0.0003941841
0,184590,0.0003941297
0,184600,0.00039407526
0,184610,0.00039402087
0,184620,0.0003939665
0,184630,0.00039391214
0,184640,0.0003938578
0,184650,0.0003938035
0,184660,0.0003937492
0,184670,0.0003936949
0,184680,0.00039364063
0,184690,0.00039358638
0,184700,0.00039353216
0,184710,0.00039347794
0,184720,0.00039342375
0,184730,0.00039336956
0,184740,0.0003933154
0,184750,0.00039326126
0,184760,0.00039320716
0,184770,0.00039315305
0,184780,0.00039309895
0,184790,0.00039304487
0,184800,0.00039299083
0,184810,0.0003929368
0,184820,0.0003928828
0,184830,0.00039282878
0,184840,0.00039277482
0,184850,0.00039272086
0,184860,0.0003926669
0,184870,0.00039261297
0,184880,0.00039255907
0,184890,0.0003925052
0,184900,0.00039245133
0,184910,0.00039239746
0,184920,0.00039234365
0,184930,0.0003922898
0,184940,0.00039223602
0,184950,0.00039218224
0,184960,0.00039212848
0,184970,0.00039207473
0,184980,0.000392021
0,184990,0.00039196727
0,185000,0.0003919136
0,185010,0.0003918599
0,185020,0.00039180627
0,185030,0.00039175263
0,185040,0.000391699
0,185050,0.00039164542
0,185060,0.0003915918
0,185070,0.00039153825
0,185080,0.0003914847
0,185090,0.00039143115
0,185100,0.00039137766
0,185110,0.00039132417
0,185120,0.00039127067
0,185130,0.0003912172
0,185140,0.00039116378
0,185150,0.00039111034
0,185160,0.00039105694
0,185170,0.00039100356
0,185180,0.00039095018
0,185190,0.0003908968
0,185200,0.0003908435
0,185210,0.00039079017
0,185220,0.00039073685
0,185230,0.00039068356
0,185240,0.0003906303
0,185250,0.00039057704
0,185260,0.0003905238
0,185270,0.0003904706
0,185280,0.0003904174
0,185290,0.00039036424
0,185300,0.00039031106
0,185310,0.00039025792
0,185320,0.0003902048
0,185330,0.0003901517
0,185340,0.0003900986
0,185350,0.00039004552
0,185360,0.00038999246
0,185370,0.00038993944
0,185380,0.0003898864
0,185390,0.0003898334
0,185400,0.0003897804
0,185410,0.00038972744
0,185420,0.00038967447
0,185430,0.00038962156
0,185440,0.00038956862
0,185450,0.00038951574
0,185460,0.00038946286
0,185470,0.00038940998
0,185480,0.00038935713
0,185490,0.0003893043
0,185500,0.0003892515
0,185510,0.00038919869
0,185520,0.00038914592
0,185530,0.00038909315
0,185540,0.00038904042
0,185550,0.00038898768
0,185560,0.00038893498
0,185570,0.0003888823
0,185580,0.00038882962
0,185590,0.00038877694
0,185600,0.00038872432
0,185610,0.0003886717
0,185620,0.00038861908
0,185630,0.0003885665
0,185640,0.00038851393
0,185650,0.00038846137
0,185660,0.00038840884
0,185670,0.0003883563
0,185680,0.0003883038
0,185690,0.00038825133
0,185700,0.00038819885
0,185710,0.0003881464
0,185720,0.00038809396
0,185730,0.00038804155
0,185740,0.00038798916
0,185750,0.00038793677
0,185760,0.0003878844
0,185770,0.00038783206
0,185780,0.00038777973
0,185790,0.00038772743
0,185800,0.00038767513
0,185810,0.00038762283
0,185820,0.0003875706
0,185830,0.00038751832
0,185840,0.0003874661
0,185850,0.0003874139
0,185860,0.00038736168
0,185870,0.00038730953
0,185880,0.00038725734
0,185890,0.00038720522
0,185900,0.0003871531
0,185910,0.00038710097
0,185920,0.00038704887
0,185930,0.0003869968
0,185940,0.00038694474
0,185950,0.0003868927
0,185960,0.00038684066
0,185970,0.00038678866
0,185980,0.00038673668
0,185990,0.0003866847
0,186000,0.00038663275
0,186010,0.0003865808
0,186020,0.00038652887
0,186030,0.00038647698
0,186040,0.0003864251
0,186050,0.0003863732
0,186060,0.00038632136
0,186070,0.0003862695
0,186080,0.0003862177
0,186090,0.0003861659
0,186100,0.0003861141
0,186110,0.0003860623
0,186120,0.00038601056
0,186130,0.00038595882
0,186140,0.0003859071
0,186150,0.0003858554
0,186160,0.00038580372
0,186170,0.00038575204
0,186180,0.00038570038
0,186190,0.00038564875
0,186200,0.00038559712
0,186210,0.0003855455
0,186220,0.00038549394
0,186230,0.00038544237
0,186240,0.0003853908
0,186250,0.00038533926
0,186260,0.00038528774
0,186270,0.00038523623
0,186280,0.00038518474
0,186290,0.0003851333
0,186300,0.00038508183
0,186310,0.00038503038
0,186320,0.00038497895
0,186330,0.00038492755
0,186340,0.00038487618
0,186350,0.0003848248
0,186360,0.00038477345
0,186370,0.0003847221
0,186380,0.00038467077
0,186390,0.0003846195
0,186400,0.00038456818
0,186410,0.00038451693
0,186420,0.00038446565
0,186430,0.00038441442
0,186440,0.0003843632
0,186450,0.00038431198
0,186460,0.00038426078
0,186470,0.00038420962
0,186480,0.00038415845
0,186490,0.00038410732
0,186500,0.0003840562
0,186510,0.00038400508
0,186520,0.000383954
0,186530,0.00038390292
0,186540,0.00038385188
0,186550,0.00038380083
0,186560,0.0003837498
0,186570,0.0003836988
0,186580,0.0003836478
0,186590,0.0003835968
0,186600,0.00038354585
0,186610,0.00038349492
0,186620,0.00038344398
0,186630,0.00038339308
0,186640,0.00038334218
0,186650,0.0003832913
0,186660,0.00038324043
0,186670,0.0003831896
0,186680,0.00038313877
0,186690,0.00038308796
0,186700,0.00038303714
0,186710,0.00038298636
0,186720,0.0003829356
0,186730,0.00038288484
0,186740,0.0003828341
0,186750,0.00038278342
0,186760,0.00038273272
0,186770,0.00038268202
0,186780,0.00038263135
0,186790,0.0003825807
0,186800,0.00038253007
0,186810,0.00038247945
0,186820,0.00038242884
0,186830,0.00038237826
0,186840,0.00038232768
0,186850,0.00038227713
0,186860,0.0003822266
0,186870,0.00038217608
0,186880,0.00038212558
0,186890,0.0003820751
0,186900,0.00038202462
0,186910,0.00038197415
0,186920,0.00038192372
0,186930,0.00038187328
0,186940,0.00038182287
0,186950,0.0003817725
0,186960,0.00038172211
0,186970,0.00038167174
0,186980,0.0003816214
0,186990,0.00038157107
0,187000,0.00038152075
0,187010,0.00038147045
0,187020,0.00038142016
0,187030,0.0003813699
0,187040,0.00038131967
0,187050,0.00038126943
0,187060,0.0003812192
0,187070,0.000381169
0,187080,0.00038111882
0,187090,0.00038106865
0,187100,0.0003810185
0,187110,0.00038096835
0,187120,0.00038091824
0,187130,0.00038086815
0,187140,0.00038081803
0,187150,0.00038076798
0,187160,0.00038071792
0,187170,0.00038066786
0,187180,0.00038061786
0,187190,0.00038056783
0,187200,0.00038051783
0,187210,0.00038046786
0,187220,0.00038041789
0,187230,0.00038036794
0,187240,0.00038031803
0,187250,0.00038026812
0,187260,0.0003802182
0,187270,0.00038016832
0,187280,0.00038011846
0,187290,0.0003800686
0,187300,0.00038001876
0,187310,0.00037996893
0,187320,0.00037991913
0,187330,0.00037986934
0,187340,0.00037981957
0,187350,0.00037976983
0,187360,0.00037972006
0,187370,0.00037967035
0,187380,0.00037962064
0,187390,0.00037957093
0,187400,0.00037952125
0,187410,0.0003794716
0,187420,0.00037942195
0,187430,0.00037937233
0,187440,0.0003793227
0,187450,0.00037927311
0,187460,0.00037922352
0,187470,0.00037917396
0,187480,0.0003791244
0,187490,0.00037907486
0,187500,0.00037902532
0,187510,0.00037897582
0,187520,0.00037892634
0,187530,0.00037887687
0,187540,0.0003788274
0,187550,0.00037877794
0,187560,0.00037872852
0,187570,0.0003786791
0,187580,0.00037862972
0,187590,0.00037858033
0,187600,0.00037853097
0,187610,0.0003784816
0,187620,0.00037843228
0,187630,0.00037838295
0,187640,0.00037833364
0,187650,0.00037828434
0,187660,0.00037823507
0,187670,0.00037818582
0,187680,0.00037813658
0,187690,0.00037808734
0,187700,0.00037803812
0,187710,0.00037798894
0,187720,0.00037793975
0,187730,0.0003778906
0,187740,0.00037784144
0,187750,0.0003777923
0,187760,0.00037774318
0,187770,0.0003776941
0,187780,0.000377645
0,187790,0.00037759592
0,187800,0.00037754685
0,187810,0.0003774978
0,187820,0.00037744877
0,187830,0.00037739976
0,187840,0.00037735078
0,187850,0.0003773018
0,187860,0.0003772528
0,187870,0.00037720386
0,187880,0.00037715494
0,187890,0.00037710601
0,187900,0.0003770571
0,187910,0.00037700823
0,187920,0.00037695933
0,187930,0.00037691047
0,187940,0.00037686163
0,187950,0.0003768128
0,187960,0.000376764
0,187970,0.00037671518
0,187980,0.0003766664
0,187990,0.00037661765
0,188000,0.00037656887
0,188010,0.00037652015
0,188020,0.00037647143
0,188030,0.00037642271
0,188040,0.00037637402
0,188050,0.00037632533
0,188060,0.00037627667
0,188070,0.00037622804
0,188080,0.0003761794
0,188090,0.00037613077
0,188100,0.00037608217
0,188110,0.0003760336
0,188120,0.00037598502
0,188130,0.00037593648
0,188140,0.00037588793
0,188150,0.0003758394
0,188160,0.0003757909
0,188170,0.00037574238
0,188180,0.0003756939
0,188190,0.00037564544
0,188200,0.00037559698
0,188210,0.00037554855
0,188220,0.00037550012
0,188230,0.00037545172
0,188240,0.00037540332
0,188250,0.00037535495
0,188260,0.0003753066
0,188270,0.00037525824
0,188280,0.00037520993
0,188290,0.00037516162
0,188300,0.0003751133
0,188310,0.00037506502
0,188320,0.00037501674
0,188330,0.00037496848
0,188340,0.00037492026
0,188350,0.00037487203
0,188360,0.0003748238
0,188370,0.0003747756
0,188380,0.00037472742
0,188390,0.00037467925
0,188400,0.0003746311
0,188410,0.00037458297
0,188420,0.00037453484
0,188430,0.00037448676
0,188440,0.00037443865
0,188450,0.00037439057
0,188460,0.00037434252
0,188470,0.00037429447
0,188480,0.00037424642
0,188490,0.0003741984
0,188500,0.0003741504
0,188510,0.0003741024
0,188520,0.00037405445
0,188530,0.0003740065
0,188540,0.00037395852
0,188550,0.00037391062
0,188560,0.00037386268
0,188570,0.00037381478
0,188580,0.0003737669
0,188590,0.00037371903
0,188600,0.00037367118
0,188610,0.00037362333
0,188620,0.00037357552
0,188630,0.0003735277
0,188640,0.0003734799
0,188650,0.00037343212
0,188660,0.00037338433
0,188670,0.0003733366
0,188680,0.00037328884
0,188690,0.00037324114
0,188700,0.0003731934
0,188710,0.0003731457
0,188720,0.00037309804
0,188730,0.00037305037
0,188740,0.00037300272
0,188750,0.00037295508
0,188760,0.00037290747
0,188770,0.00037285985
0,188780,0.00037281227
0,188790,0.00037276468
0,188800,0.00037271713
0,188810,0.00037266957
0,188820,0.00037262205
0,188830,0.00037257452
0,188840,0.00037252702
0,188850,0.00037247952
0,188860,0.00037243206
0,188870,0.0003723846
0,188880,0.00037233715
0,188890,0.0003722897
0,188900,0.0003722423
0,188910,0.0003721949
0,188920,0.0003721475
0,188930,0.00037210013
0,188940,0.00037205277
0,188950,0.00037200542
0,188960,0.00037195807
0,188970,0.00037191078
0,188980,0.00037186345
0,188990,0.0003718162
0,189000,0.0003717689
0,189010,0.00037172163
0,189020,0.0003716744
0,189030,0.00037162716
0,189040,0.00037157995
0,189050,0.00037153275
0,189060,0.00037148557
0,189070,0.0003714384
0,189080,0.00037139122
0,189090,0.0003713441
0,189100,0.00037129695
0,189110,0.00037124983
0,189120,0.00037120274
0,189130,0.00037115565
0,189140,0.0003711086
0,189150,0.00037106153
0,189160,0.00037101447
0,189170,0.00037096743
0,189180,0.00037092043
0,189190,0.00037087343
0,189200,0.00037082643
0,189210,0.00037077948
0,189220,0.0003707325
0,189230,0.00037068556
0,189240,0.00037063865
0,189250,0.0003705917
0,189260,0.00037054482
0,189270,0.00037049793
0,189280,0.00037045105
0,189290,0.0003704042
0,189300,0.00037035736
0,189310,0.00037031053
0,189320,0.0003702637
0,189330,0.0003702169
0,189340,0.0003701701
0,189350,0.00037012334
0,189360,0.00037007657
0,189370,0.00037002983
0,189380,0.0003699831
0,189390,0.00036993637
0,189400,0.0003698897
0,189410,0.00036984298
0,189420,0.00036979633
0,189430,0.00036974964
0,189440,0.00036970302
0,189450,0.00036965637
0,189460,0.00036960977
0,189470,0.00036956315
0,189480,0.00036951655
0,189490,0.00036946998
0,189500,0.00036942342
0,189510,0.00036937688
0,189520,0.00036933034
0,189530,0.0003692838
0,189540,0.0003692373
0,189550,0.00036919082
0,189560,0.00036914434
0,189570,0.0003690979
0,189580,0.0003690514
0,189590,0.000369005
0,189600,0.00036895857
0,189610,0.00036891215
0,189620,0.00036886576
0,189630,0.0003688194
0,189640,0.000368773
0,189650,0.00036872667
0,189660,0.00036868034
0,189670,0.000368634
0,189680,0.0003685877
0,189690,0.0003685414
0,189700,0.00036849512
0,189710,0.00036844885
0,189720,0.00036840257
0,189730,0.00036835636
0,189740,0.0003683101
0,189750,0.0003682639
0,189760,0.0003682177
0,189770,0.00036817152
0,189780,0.00036812533
0,189790,0.00036807917
0,189800,0.00036803304
0,189810,0.0003679869
0,189820,0.00036794078
0,189830,0.00036789468
0,189840,0.0003678486
0,189850,0.0003678025
0,189860,0.00036775647
0,189870,0.00036771043
0,189880,0.00036766438
0,189890,0.00036761837
0,189900,0.00036757236
0,189910,0.00036752637
0,189920,0.0003674804
0,189930,0.0003674344
0,189940,0.00036738845
0,189950,0.00036734252
0,189960,0.0003672966
0,189970,0.0003672507
0,189980,0.0003672048
0,189990,0.0003671589
0,190000,0.00036711304
0,190010,0.00036706717
0,190020,0.00036702133
0,190030,0.00036697552
0,190040,0.0003669297
0,190050,0.0003668839
0,190060,0.0003668381
0,190070,0.00036679234
0,190080,0.00036674656
0,190090,0.0003667008
0,190100,0.0003666551
0,190110,0.00036660937
0,190120,0.00036656368
0,190130,0.00036651798
0,190140,0.0003664723
0,190150,0.00036642663
0,190160,0.000366381
0,190170,0.00036633533
0,190180,0.00036628972
0,190190,0.00036624412
0,190200,0.0003661985
0,190210,0.00036615293
0,190220,0.00036610736
0,190230,0.0003660618
0,190240,0.00036601626
0,190250,0.0003659707
0,190260,0.0003659252
0,190270,0.0003658797
0,190280,0.00036583422
0,190290,0.00036578873
0,190300,0.00036574327
0,190310,0.00036569784
0,190320,0.0003656524
0,190330,0.00036560697
0,190340,0.00036556157
0,190350,0.00036551617
0,190360,0.0003654708
0,190370,0.00036542543
0,190380,0.00036538005
0,190390,0.0003653347
0,190400,0.0003652894
0,190410,0.00036524408
0,190420,0.00036519876
0,190430,0.00036515348
0,190440,0.00036510822
0,190450,0.00036506297
0,190460,0.0003650177
0,190470,0.00036497248
0,190480,0.00036492725
0,190490,0.00036488203
0,190500,0.00036483686
0,190510,0.00036479166
0,190520,0.0003647465
0,190530,0.00036470135
0,190540,0.0003646562
0,190550,0.00036461107
0,190560,0.00036456596
0,190570,0.00036452085
0,190580,0.00036447577
0,190590,0.00036443069
0,190600,0.00036438563
0,190610,0.00036434058
0,190620,0.00036429556
0,190630,0.00036425053
0,190640,0.0003642055
0,190650,0.0003641605
0,190660,0.00036411555
0,190670,0.00036407058
0,190680,0.00036402562
0,190690,0.00036398068
0,190700,0.00036393575
0,190710,0.00036389084
0,190720,0.00036384593
0,190730,0.00036380105
0,190740,0.00036375617
0,190750,0.0003637113
0,190760,0.00036366645
0,190770,0.0003636216
0,190780,0.00036357678
0,190790,0.000363532
0,190800,0.00036348717
0,190810,0.0003634424
0,190820,0.00036339762
0,190830,0.00036335285
0,190840,0.00036330812
0,190850,0.0003632634
0,190860,0.00036321866
0,190870,0.00036317395
0,190880,0.00036312928
0,190890,0.0003630846
0,190900,0.00036303993
0,190910,0.00036299528
0,190920,0.00036295064
0,190930,0.000362906
0,190940,0.00036286138
0,190950,0.0003628168
0,190960,0.0003627722
0,190970,0.00036272762
0,190980,0.00036268306
0,190990,0.0003626385
0,191000,0.00036259397
0,191010,0.00036254944
0,191020,0.00036250494
0,191030,0.00036246044
0,191040,0.00036241594
0,191050,0.00036237147
0,191060,0.00036232703
0,191070,0.0003622826
0,191080,0.00036223815
0,191090,0.00036219374
0,191100,0.00036214932
0,191110,0.00036210494
0,191120,0.00036206056
0,191130,0.00036201617
0,191140,0.00036197182
0,191150,0.0003619275
0,191160,0.00036188314
0,191170,0.00036183884
0,191180,0.00036179452
0,191190,0.00036175025
0,191200,0.00036170596
0,191210,0.0003616617
0,191220,0.00036161745
0,191230,0.0003615732
0,191240,0.00036152898
0,191250,0.00036148477
0,191260,0.00036144056
0,191270,0.00036139638
0,191280,0.0003613522
0,191290,0.00036130805
0,191300,0.0003612639
0,191310,0.00036121975
0,191320,0.00036117563
0,191330,0.0003611315
0,191340,0.0003610874
0,191350,0.00036104332
0,191360,0.00036099926
0,191370,0.0003609552
0,191380,0.00036091116
0,191390,0.00036086712
0,191400,0.0003608231
0,191410,0.0003607791
0,191420,0.00036073508
0,191430,0.0003606911
0,191440,0.00036064713
0,191450,0.00036060318
0,191460,0.00036055924
0,191470,0.0003605153
0,191480,0.00036047137
0,191490,0.00036042745
0,191500,0.00036038356
0,191510,0.00036033968
0,191520,0.00036029582
0,191530,0.00036025196
0,191540,0.0003602081
0,191550,0.00036016427
0,191560,0.00036012047
0,191570,0.00036007666
0,191580,0.00036003286
0,191590,0.0003599891
0,191600,0.00035994532
0,191610,0.00035990155
0,191620,0.0003598578
0,191630,0.0003598141
0,191640,0.00035977035
0,191650,0.00035972666
0,191660,0.00035968295
0,191670,0.00035963926
0,191680,0.0003595956
0,191690,0.00035955195
0,191700,0.0003595083
0,191710,0.00035946467
0,191720,0.00035942107
0,191730,0.00035937745
0,191740,0.00035933385
0,191750,0.00035929028
0,191760,0.0003592467
0,191770,0.00035920314
0,191780,0.0003591596
0,191790,0.0003591161
0,191800,0.00035907255
0,191810,0.00035902904
0,191820,0.00035898556
0,191830,0.00035894208
0,191840,0.0003588986
0,191850,0.00035885515
0,191860,0.00035881173
0,191870,0.00035876827
0,191880,0.00035872485
0,191890,0.00035868146
0,191900,0.00035863806
0,191910,0.00035859467
0,191920,0.0003585513
0,191930,0.00035850797
0,191940,0.0003584646
0,191950,0.00035842127
0,191960,0.00035837796
0,191970,0.00035833466
0,191980,0.00035829135
0,191990,0.00035824807
0,192000,0.0003582048
0,192010,0.00035816155
0,192020,0.0003581183
0,192030,0.00035807508
0,192040,0.00035803183
0,192050,0.00035798864
0,192060,0.00035794545
0,192070,0.00035790226
0,192080,0.00035785907
0,192090,0.00035781594
0,192100,0.00035777278
0,192110,0.00035772964
0,192120,0.0003576865
0,192130,0.0003576434
0,192140,0.0003576003
0,192150,0.00035755723
0,192160,0.00035751416
0,192170,0.0003574711
0,192180,0.00035742804
0,192190,0.000357385
0,192200,0.00035734198
0,192210,0.00035729897
0,192220,0.00035725595
0,192230,0.00035721296
0,192240,0.00035717
0,192250,0.00035712702
0,192260,0.0003570841
0,192270,0.00035704114
0,192280,0.0003569982
0,192290,0.0003569553
0,192300,0.0003569124
0,192310,0.0003568695
0,192320,0.00035682664
0,192330,0.00035678377
0,192340,0.0003567409
0,192350,0.00035669806
0,192360,0.00035665525
0,192370,0.0003566124
0,192380,0.00035656962
0,192390,0.0003565268
0,192400,0.00035648403
0,192410,0.00035644128
0,192420,0.0003563985
0,192430,0.00035635577
0,192440,0.00035631302
0,192450,0.0003562703
0,192460,0.0003562276
0,192470,0.0003561849
0,192480,0.0003561422
0,192490,0.00035609954
0,192500,0.00035605687
0,192510,0.00035601424
0,192520,0.0003559716
0,192530,0.00035592896
0,192540,0.00035588635
0,192550,0.00035584375
0,192560,0.00035580117
0,192570,0.0003557586
0,192580,0.000355716
0,192590,0.00035567346
0,192600,0.00035563094
0,192610,0.0003555884
0,192620,0.00035554587
0,192630,0.00035550338
0,192640,0.00035546088
0,192650,0.0003554184
0,192660,0.00035537593
0,192670,0.00035533347
0,192680,0.00035529103
0,192690,0.0003552486
0,192700,0.00035520617
0,192710,0.00035516376
0,192720,0.00035512136
0,192730,0.00035507898
0,192740,0.0003550366
0,192750,0.00035499423
0,192760,0.0003549519
0,192770,0.00035490954
0,192780,0.00035486722
0,192790,0.0003548249
0,192800,0.0003547826
0,192810,0.0003547403
0,192820,0.00035469804
0,192830,0.00035465576
0,192840,0.0003546135
0,192850,0.00035457127
0,192860,0.00035452904
0,192870,0.0003544868
0,192880,0.0003544446
0,192890,0.0003544024
0,192900,0.0003543602
0,192910,0.00035431804
0,192920,0.0003542759
0,192930,0.00035423375
0,192940,0.0003541916
0,192950,0.00035414947
0,192960,0.00035410735
0,192970,0.00035406527
0,192980,0.00035402316
0,192990,0.00035398107
0,193000,0.00035393902
0,193010,0.00035389696
0,193020,0.0003538549
0,193030,0.00035381288
0,193040,0.00035377085
0,193050,0.00035372886
0,193060,0.00035368686
0,193070,0.00035364486
0,193080,0.0003536029
0,193090,0.00035356093
0,193100,0.000353519
0,193110,0.00035347705
0,193120,0.0003534351
0,193130,0.0003533932
0,193140,0.0003533513
0,193150,0.0003533094
0,193160,0.00035326753
0,193170,0.00035322565
0,193180,0.0003531838
0,193190,0.00035314195
0,193200,0.00035310013
0,193210,0.0003530583
0,193220,0.00035301648
0,193230,0.0003529747
0,193240,0.0003529329
0,193250,0.00035289113
0,193260,0.00035284937
0,193270,0.0003528076
0,193280,0.00035276587
0,193290,0.00035272414
0,193300,0.0003526824
0,193310,0.0003526407
0,193320,0.00035259902
0,193330,0.00035255734
0,193340,0.00035251566
0,193350,0.000352474
0,193360,0.00035243234
0,193370,0.00035239072
0,193380,0.00035234907
0,193390,0.00035230746
0,193400,0.00035226587
0,193410,0.00035222428
0,193420,0.0003521827
0,193430,0.00035214113
0,193440,0.00035209957
0,193450,0.000352058
0,193460,0.00035201648
0,193470,0.00035197497
0,193480,0.00035193344
0,193490,0.00035189194
0,193500,0.00035185047
0,193510,0.000351809
0,193520,0.00035176752
0,193530,0.00035172608
0,193540,0.00035168463
0,193550,0.0003516432
0,193560,0.00035160178
0,193570,0.00035156036
0,193580,0.00035151897
0,193590,0.0003514776
0,193600,0.0003514362
0,193610,0.00035139485
0,193620,0.0003513535
0,193630,0.00035131213
0,193640,0.0003512708
0,193650,0.0003512295
0,193660,0.00035118818
0,193670,0.0003511469
0,193680,0.0003511056
0,193690,0.00035106434
0,193700,0.00035102307
0,193710,0.00035098183
0,193720,0.0003509406
0,193730,0.00035089935
0,193740,0.00035085814
0,193750,0.00035081693
0,193760,0.00035077575
0,193770,0.00035073457
0,193780,0.0003506934
0,193790,0.00035065223
0,193800,0.00035061108
0,193810,0.00035056996
0,193820,0.00035052883
0,193830,0.0003504877
0,193840,0.00035044661
0,193850,0.00035040552
0,193860,0.00035036443
0,193870,0.00035032336
0,193880,0.0003502823
0,193890,0.00035024126
0,193900,0.00035020022
0,193910,0.0003501592
0,193920,0.00035011818
0,193930,0.00035007717
0,193940,0.0003500362
0,193950,0.0003499952
0,193960,0.00034995424
0,193970,0.0003499133
0,193980,0.00034987234
0,193990,0.0003498314
0,194000,0.00034979047
0,194010,0.00034974958
0,194020,0.00034970866
0,194030,0.00034966777
0,194040,0.0003496269
0,194050,0.00034958601
0,194060,0.00034954515
0,194070,0.00034950432
0,194080,0.0003494635
0,194090,0.00034942265
0,194100,0.00034938185
0,194110,0.00034934105
0,194120,0.00034930024
0,194130,0.00034925947
0,194140,0.0003492187
0,194150,0.00034917795
0,194160,0.0003491372
0,194170,0.00034909646
0,194180,0.00034905574
0,194190,0.00034901503
0,194200,0.0003489743
0,194210,0.00034893362
0,194220,0.00034889297
0,194230,0.00034885228
0,194240,0.00034881162
0,194250,0.000348771
0,194260,0.00034873033
0,194270,0.0003486897
0,194280,0.0003486491
0,194290,0.0003486085
0,194300,0.0003485679
0,194310,0.00034852733
0,194320,0.00034848676
0,194330,0.0003484462
0,194340,0.00034840565
0,194350,0.0003483651
0,194360,0.00034832457
0,194370,0.00034828405
0,194380,0.00034824357
0,194390,0.00034820306
0,194400,0.00034816258
0,194410,0.00034812212
0,194420,0.00034808164
0,194430,0.0003480412
0,194440,0.00034800076
0,194450,0.00034796033
0,194460,0.0003479199
0,194470,0.0003478795
0,194480,0.00034783912
0,194490,0.00034779872
0,194500,0.00034775835
0,194510,0.00034771799
0,194520,0.00034767765
0,194530,0.0003476373
0,194540,0.00034759697
0,194550,0.00034755663
0,194560,0.00034751632
0,194570,0.00034747605
0,194580,0.00034743577
0,194590,0.0003473955
0,194600,0.0003473552
0,194610,0.00034731496
0,194620,0.0003472747
0,194630,0.00034723448
0,194640,0.00034719426
0,194650,0.00034715404
0,194660,0.00034711385
0,194670,0.00034707366
0,194680,0.00034703346
0,194690,0.0003469933
0,194700,0.00034695314
0,194710,0.000346913
0,194720,0.00034687287
0,194730,0.00034683273
0,194740,0.00034679263
0,194750,0.00034675252
0,194760,0.00034671242
0,194770,0.00034667234
0,194780,0.00034663227
0,194790,0.00034659222
0,194800,0.00034655217
0,194810,0.00034651213
0,194820,0.0003464721
0,194830,0.0003464321
0,194840,0.00034639207
0,194850,0.00034635208
0,194860,0.0003463121
0,194870,0.0003462721
0,194880,0.00034623215
0,194890,0.0003461922
0,194900,0.00034615226
0,194910,0.00034611233
0,194920,0.0003460724
0,194930,0.0003460325
0,194940,0.0003459926
0,194950,0.0003459527
0,194960,0.00034591282
0,194970,0.00034587295
0,194980,0.00034583308
0,194990,0.00034579323
0,195000,0.0003457534
0,195010,0.00034571358
0,195020,0.00034567376
0,195030,0.00034563395
0,195040,0.00034559416
0,195050,0.00034555438
0,195060,0.0003455146
0,195070,0.00034547484
0,195080,0.00034543508
0,195090,0.00034539532
0,195100,0.0003453556
0,195110,0.00034531587
0,195120,0.00034527617
0,195130,0.00034523648
0,195140,0.00034519678
0,195150,0.0003451571
0,195160,0.00034511744
0,195170,0.00034507777
0,195180,0.00034503813
0,195190,0.0003449985
0,195200,0.00034495888
0,195210,0.00034491924
0,195220,0.00034487963
0,195230,0.00034484005
0,195240,0.00034480047
0,195250,0.0003447609
0,195260,0.00034472134
0,195270,0.0003446818
0,195280,0.00034464223
0,195290,0.0003446027
0,195300,0.0003445632
0,195310,0.00034452367
0,195320,0.00034448417
0,195330,0.00034444468
0,195340,0.0003444052
0,195350,0.00034436572
0,195360,0.00034432628
0,195370,0.00034428682
0,195380,0.00034424738
0,195390,0.00034420795
0,195400,0.00034416854
0,195410,0.00034412913
0,195420,0.00034408973
0,195430,0.00034405035
0,195440,0.00034401097
0,195450,0.0003439716
0,195460,0.00034393225
0,195470,0.0003438929
0,195480,0.00034385358
0,195490,0.00034381426
0,195500,0.00034377494
0,195510,0.00034373562
0,195520,0.00034369633
0,195530,0.00034365704
0,195540,0.00034361778
0,195550,0.00034357852
0,195560,0.00034353926
0,195570,0.00034350003
0,195580,0.0003434608
0,195590,0.00034342156
0,195600,0.00034338236
0,195610,0.00034334316
0,195620,0.00034330398
0,195630,0.00034326478
0,195640,0.00034322563
0,195650,0.00034318646
0,195660,0.00034314732
0,195670,0.00034310817
0,195680,0.00034306906
0,195690,0.00034302994
0,195700,0.00034299082
0,195710,0.0003429517
0,195720,0.00034291262
0,195730,0.00034287357
0,195740,0.00034283448
0,195750,0.00034279542
0,195760,0.0003427564
0,195770,0.00034271734
0,195780,0.00034267834
0,195790,0.0003426393
0,195800,0.0003426003
0,195810,0.0003425613
0,195820,0.0003425223
0,195830,0.00034248334
0,195840,0.00034244437
0,195850,0.00034240543
0,195860,0.0003423665
0,195870,0.00034232755
0,195880,0.0003422886
0,195890,0.0003422497
0,195900,0.0003422108
0,195910,0.0003421719
0,195920,0.00034213302
0,195930,0.00034209414
0,195940,0.00034205528
0,195950,0.00034201643
0,195960,0.00034197757
0,195970,0.00034193875
0,195980,0.00034189993
0,195990,0.00034186113
0,196000,0.0003418223
0,196010,0.0003417835
0,196020,0.00034174474
0,196030,0.00034170598
0,196040,0.0003416672
0,196050,0.00034162845
0,196060,0.0003415897
0,196070,0.00034155097
0,196080,0.00034151226
0,196090,0.00034147353
0,196100,0.00034143485
0,196110,0.00034139614
0,196120,0.00034135746
0,196130,0.00034131878
0,196140,0.00034128013
0,196150,0.00034124148
0,196160,0.00034120283
0,196170,0.00034116418
0,196180,0.00034112556
0,196190,0.00034108697
0,196200,0.00034104835
0,196210,0.00034100976
0,196220,0.0003409712
0,196230,0.0003409326
0,196240,0.00034089404
0,196250,0.0003408555
0,196260,0.00034081694
0,196270,0.0003407784
0,196280,0.0003407399
0,196290,0.00034070137
0,196300,0.00034066287
0,196310,0.0003406244
0,196320,0.00034058592
0,196330,0.00034054744
0,196340,0.00034050897
0,196350,0.00034047052
0,196360,0.00034043207
0,196370,0.00034039363
0,196380,0.0003403552
0,196390,0.0003403168
0,196400,0.0003402784
0,196410,0.00034024
0,196420,0.00034020163
0,196430,0.00034016324
0,196440,0.00034012488
0,196450,0.00034008652
0,196460,0.00034004817
0,196470,0.00034000984
0,196480,0.0003399715
0,196490,0.0003399332
0,196500,0.0003398949
0,196510,0.0003398566
0,196520,0.00033981833
0,196530,0.00033978003
0,196540,0.0003397418
0,196550,0.00033970352
0,196560,0.00033966528
0,196570,0.00033962703
0,196580,0.00033958882
0,196590,0.0003395506
0,196600,0.0003395124
0,196610,0.00033947418
0,196620,0.000339436
0,196630,0.0003393978
0,196640,0.00033935966
0,196650,0.0003393215
0,196660,0.00033928335
0,196670,0.00033924522
0,196680,0.0003392071
0,196690,0.00033916897
0,196700,0.00033913084
0,196710,0.00033909274
0,196720,0.00033905468
0,196730,0.00033901658
0,196740,0.0003389785
0,196750,0.00033894044
0,196760,0.0003389024
0,196770,0.00033886437
0,196780,0.00033882633
0,196790,0.00033878832
0,196800,0.00033875028
0,196810,0.0003387123
0,196820,0.0003386743
0,196830,0.0003386363
0,196840,0.00033859833
0,196850,0.00033856038
0,196860,0.00033852243
0,196870,0.00033848447
0,196880,0.00033844655
0,196890,0.00033840863
0,196900,0.0003383707
0,196910,0.0003383328
0,196920,0.0003382949
0,196930,0.00033825703
0,196940,0.00033821914
0,196950,0.00033818127
0,196960,0.0003381434
0,196970,0.00033810557
0,196980,0.00033806774
0,196990,0.0003380299
0,197000,0.00033799207
0,197010,0.00033795426
0,197020,0.00033791646
0,197030,0.00033787868
0,197040,0.0003378409
0,197050,0.00033780313
0,197060,0.00033776535
0,197070,0.0003377276
0,197080,0.00033768985
0,197090,0.00033765213
0,197100,0.00033761442
0,197110,0.0003375767
0,197120,0.00033753898
0,197130,0.0003375013
0,197140,0.0003374636
0,197150,0.00033742594
0,197160,0.00033738828
0,197170,0.00033735062
0,197180,0.00033731296
0,197190,0.00033727533
0,197200,0.0003372377
0,197210,0.0003372001
0,197220,0.00033716246
0,197230,0.00033712486
0,197240,0.0003370873
0,197250,0.0003370497
0,197260,0.00033701214
0,197270,0.00033697457
0,197280,0.00033693702
0,197290,0.00033689948
0,197300,0.00033686194
0,197310,0.00033682442
0,197320,0.0003367869
0,197330,0.0003367494
0,197340,0.0003367119
0,197350,0.00033667442
0,197360,0.00033663693
0,197370,0.00033659948
0,197380,0.00033656202
0,197390,0.00033652456
0,197400,0.0003364871
0,197410,0.00033644968
0,197420,0.00033641228
0,197430,0.00033637485
0,197440,0.00033633746
0,197450,0.00033630006
0,197460,0.0003362627
0,197470,0.00033622532
0,197480,0.00033618795
0,197490,0.00033615058
0,197500,0.00033611324
0,197510,0.0003360759
0,197520,0.0003360386
0,197530,0.00033600128
0,197540,0.00033596397
0,197550,0.00033592666
0,197560,0.00033588937
0,197570,0.0003358521
0,197580,0.0003358148
0,197590,0.00033577756
0,197600,0.0003357403
0,197610,0.00033570308
0,197620,0.00033566583
0,197630,0.0003356286
0,197640,0.0003355914
0,197650,0.00033555418
0,197660,0.000335517
0,197670,0.0003354798
0,197680,0.00033544263
0,197690,0.00033540546
0,197700,0.0003353683
0,197710,0.00033533116
0,197720,0.00033529403
0,197730,0.0003352569
0,197740,0.00033521975
0,197750,0.00033518265
0,197760,0.00033514554
0,197770,0.00033510846
0,197780,0.00033507135
0,197790,0.0003350343
0,197800,0.00033499722
0,197810,0.00033496018
0,197820,0.00033492313
0,197830,0.00033488608
0,197840,0.00033484906
0,197850,0.00033481204
0,197860,0.00033477502
0,197870,0.00033473803
0,197880,0.00033470104
0,197890,0.00033466404
0,197900,0.00033462708
0,197910,0.0003345901
0,197920,0.00033455316
0,197930,0.0003345162
0,197940,0.00033447926
0,197950,0.00033444233
0,197960,0.00033440543
0,197970,0.0003343685
0,197980,0.0003343316
0,197990,0.00033429472
0,198000,0.00033425784
0,198010,0.00033422097
0,198020,0.0003341841
0,198030,0.00033414725
0,198040,0.0003341104
0,198050,0.00033407356
0,198060,0.00033403674
0,198070,0.0003339999
0,198080,0.0003339631
0,198090,0.0003339263
0,198100,0.0003338895
0,198110,0.00033385272
0,198120,0.00033381596
0,198130,0.0003337792
0,198140,0.00033374244
0,198150,0.00033370568
0,198160,0.00033366896
0,198170,0.00033363223
0,198180,0.0003335955
0,198190,0.0003335588
0,198200,0.0003335221
0,198210,0.0003334854
0,198220,0.00033344873
0,198230,0.00033341206
0,198240,0.00033337538
0,198250,0.0003333387
0,198260,0.00033330207
0,198270,0.00033326543
0,198280,0.00033322882
0,198290,0.0003331922
0,198300,0.0003331556
0,198310,0.00033311898
0,198320,0.0003330824
0,198330,0.0003330458
0,198340,0.00033300923
0,198350,0.00033297268
0,198360,0.00033293612
0,198370,0.00033289957
0,198380,0.000332863
0,198390,0.0003328265
0,198400,0.00033278996
0,198410,0.00033275347
0,198420,0.00033271697
0,198430,0.00033268047
0,198440,0.00033264398
0,198450,0.0003326075
0,198460,0.00033257104
0,198470,0.00033253458
0,198480,0.00033249814
0,198490,0.0003324617
0,198500,0.00033242526
0,198510,0.00033238885
0,198520,0.0003323524
0,198530,0.00033231603
0,198540,0.00033227963
0,198550,0.00033224325
0,198560,0.00033220687
0,198570,0.0003321705
0,198580,0.00033213414
0,198590,0.00033209778
0,198600,0.00033206143
0,198610,0.0003320251
0,198620,0.0003319888
0,198630,0.00033195247
0,198640,0.00033191615
0,198650,0.00033187986
0,198660,0.00033184356
0,198670,0.0003318073
0,198680,0.00033177104
0,198690,0.00033173477
0,198700,0.0003316985
0,198710,0.00033166228
0,198720,0.00033162604
0,198730,0.0003315898
0,198740,0.00033155357
0,198750,0.00033151737
0,198760,0.00033148116
0,198770,0.000331445
0,198780,0.0003314088
0,198790,0.00033137263
0,198800,0.00033133646
0,198810,0.0003313003
0,198820,0.00033126416
0,198830,0.00033122802
0,198840,0.0003311919
0,198850,0.00033115575
0,198860,0.00033111966
0,198870,0.00033108355
0,198880,0.00033104746
0,198890,0.00033101137
0,198900,0.00033097528
0,198910,0.00033093922
0,198920,0.00033090316
0,198930,0.0003308671
0,198940,0.00033083107
0,198950,0.00033079504
0,198960,0.000330759
0,198970,0.00033072298
0,198980,0.00033068698
0,198990,0.00033065098
0,199000,0.000330615
0,199010,0.000330579
0,199020,0.00033054303
0,199030,0.0003305071
0,199040,0.0003304711
0,199050,0.00033043517
0,199060,0.00033039923
0,199070,0.0003303633
0,199080,0.00033032737
0,199090,0.00033029148
0,199100,0.00033025557
0,199110,0.0003302197
0,199120,0.00033018377
0,199130,0.00033014792
0,199140,0.00033011203
0,199150,0.00033007617
0,199160,0.00033004032
0,199170,0.0003300045
0,199180,0.00032996867
0,199190,0.00032993284
0,199200,0.000329897
0,199210,0.0003298612
0,199220,0.0003298254
0,199230,0.00032978962
0,199240,0.00032975382
0,199250,0.00032971805
0,199260,0.00032968228
0,199270,0.00032964654
0,199280,0.00032961078
0,199290,0.00032957504
0,199300,0.00032953933
0,199310,0.0003295036
0,199320,0.00032946788
0,199330,0.00032943217
0,199340,0.00032939648
0,199350,0.00032936077
0,199360,0.0003293251
0,199370,0.00032928944
0,199380,0.00032925376
0,199390,0.0003292181
0,199400,0.00032918248
0,199410,0.00032914683
0,199420,0.0003291112
0,199430,0.00032907558
0,199440,0.00032904
0,199450,0.00032900437
0,199460,0.00032896877
0,199470,0.0003289332
0,199480,0.00032889761
0,199490,0.00032886205
0,199500,0.00032882649
0,199510,0.00032879095
0,199520,0.00032875538
0,199530,0.00032871985
0,199540,0.00032868434
0,199550,0.0003286488
0,199560,0.0003286133
0,199570,0.0003285778
0,199580,0.00032854232
0,199590,0.00032850684
0,199600,0.00032847136
0,199610,0.00032843588
0,199620,0.00032840043
0,199630,0.000328365
0,199640,0.00032832954
0,199650,0.00032829412
0,199660,0.00032825867
0,199670,0.00032822325
0,199680,0.00032818786
0,199690,0.00032815247
0,199700,0.00032811708
0,199710,0.0003280817
0,199720,0.0003280463
0,199730,0.00032801094
0,199740,0.00032797558
0,199750,0.00032794024
0,199760,0.00032790488
0,199770,0.00032786955
0,199780,0.00032783425
0,199790,0.00032779892
0,199800,0.0003277636
0,199810,0.0003277283
0,199820,0.00032769304
0,199830,0.00032765776
0,199840,0.0003276225
0,199850,0.00032758721
0,199860,0.00032755194
0,199870,0.0003275167
0,199880,0.00032748145
0,199890,0.00032744624
0,199900,0.00032741102
0,199910,0.0003273758
0,199920,0.0003273406
0,199930,0.0003273054
0,199940,0.0003272702
0,199950,0.00032723503
0,199960,0.00032719984
0,199970,0.0003271647
0,199980,0.00032712953
0,199990,0.00032709437
0,200000,0.00032705924
0,200010,0.0003270241
0,200020,0.000326989
0,200030,0.00032695386
0,200040,0.00032691876
0,200050,0.00032688366
0,200060,0.00032684856
0,200070,0.0003268135
0,200080,0.00032677842
0,200090,0.00032674335
0,200100,0.00032670828
0,200110,0.00032667324
0,200120,0.0003266382
0,200130,0.00032660316
0,200140,0.00032656814
0,200150,0.00032653313
0,200160,0.00032649812
0,200170,0.0003264631
0,200180,0.00032642813
0,200190,0.00032639314
0,200200,0.00032635816
0,200210,0.0003263232
0,200220,0.00032628825
0,200230,0.0003262533
0,200240,0.00032621835
0,200250,0.00032618342
0,200260,0.0003261485
0,200270,0.00032611357
0,200280,0.00032607868
0,200290,0.00032604378
0,200300,0.00032600889
0,200310,0.000325974
0,200320,0.00032593912
0,200330,0.00032590426
0,200340,0.0003258694
0,200350,0.00032583452
0,200360,0.0003257997
0,200370,0.00032576485
0,200380,0.00032573
0,200390,0.0003256952
0,200400,0.0003256604
0,200410,0.0003256256
0,200420,0.0003255908
0,200430,0.000325556
0,200440,0.00032552122
0,200450,0.00032548647
0,200460,0.0003254517
0,200470,0.00032541694
0,200480,0.0003253822
0,200490,0.00032534747
0,200500,0.00032531272
0,200510,0.000325278
0,200520,0.0003252433
0,200530,0.0003252086
0,200540,0.0003251739
0,200550,0.0003251392
0,200560,0.0003251045
0,200570,0.00032506985
0,200580,0.0003250352
0,200590,0.00032500052
0,200600,0.00032496586
0,200610,0.00032493123
0,200620,0.0003248966
0,200630,0.000324862
0,200640,0.00032482736
0,200650,0.00032479275
0,200660,0.00032475815
0,200670,0.00032472354
0,200680,0.00032468897
0,200690,0.0003246544
0,200700,0.00032461982
0,200710,0.00032458527
0,200720,0.00032455073
0,200730,0.00032451618
0,200740,0.00032448163
0,200750,0.00032444712
0,200760,0.00032441257
0,200770,0.00032437808
0,200780,0.00032434356
0,200790,0.00032430908
0,200800,0.0003242746
0,200810,0.0003242401
0,200820,0.00032420564
0,200830,0.00032417115
0,200840,0.0003241367
0,200850,0.00032410226
0,200860,0.0003240678
0,200870,0.00032403338
0,200880,0.00032399897
0,200890,0.00032396454
0,200900,0.00032393014
0,200910,0.00032389574
0,200920,0.00032386134
0,200930,0.00032382694
0,200940,0.00032379257
0,200950,0.0003237582
0,200960,0.00032372386
0,200970,0.00032368948
0,200980,0.00032365514
0,200990,0.0003236208
0,201000,0.0003235865
0,201010,0.00032355217
0,201020,0.00032351786
0,201030,0.00032348355
0,201040,0.00032344923
0,201050,0.00032341495
0,201060,0.00032338066
0,201070,0.0003233464
0,201080,0.00032331212
0,201090,0.00032327787
0,201100,0.0003232436
0,201110,0.0003232094
0,201120,0.00032317513
0,201130,0.0003231409
0,201140,0.0003231067
0,201150,0.00032307248
0,201160,0.0003230383
0,201170,0.0003230041
0,201180,0.0003229699
0,201190,0.00032293572
0,201200,0.00032290156
0,201210,0.0003228674
0,201220,0.00032283322
0,201230,0.00032279908
0,201240,0.00032276494
0,201250,0.0003227308
0,201260,0.0003226967
0,201270,0.00032266256
0,201280,0.00032262845
0,201290,0.00032259437
0,201300,0.00032256026
0,201310,0.00032252618
0,201320,0.0003224921
0,201330,0.000322458
0,201340,0.00032242396
0,201350,0.0003223899
0,201360,0.00032235586
0,201370,0.00032232184
0,201380,0.0003222878
0,201390,0.00032225376
0,201400,0.00032221974
0,201410,0.00032218575
0,201420,0.00032215175
0,201430,0.00032211776
0,201440,0.00032208377
0,201450,0.0003220498
0,201460,0.0003220158
0,201470,0.00032198185
0,201480,0.0003219479
0,201490,0.00032191395
0,201500,0.00032188
0,201510,0.00032184608
0,201520,0.00032181217
0,201530,0.00032177827
0,201540,0.00032174436
0,201550,0.00032171045
0,201560,0.00032167655
0,201570,0.00032164267
0,201580,0.0003216088
0,201590,0.00032157492
0,201600,0.00032154107
0,201610,0.00032150722
0,201620,0.00032147337
0,201630,0.00032143953
0,201640,0.0003214057
0,201650,0.00032137186
0,201660,0.00032133807
0,201670,0.00032130425
0,201680,0.00032127046
0,201690,0.00032123667
0,201700,0.00032120288
0,201710,0.0003211691
0,201720,0.00032113533
0,201730,0.00032110157
0,201740,0.0003210678
0,201750,0.00032103408
0,201760,0.00032100032
0,201770,0.0003209666
0,201780,0.0003209329
0,201790,0.00032089915
0,201800,0.00032086545
0,201810,0.00032083175
0,201820,0.00032079805
0,201830,0.00032076437
0,201840,0.0003207307
0,201850,0.00032069703
0,201860,0.00032066336
0,201870,0.0003206297
0,201880,0.00032059607
0,201890,0.00032056242
0,201900,0.00032052878
0,201910,0.00032049516
0,201920,0.00032046155
0,201930,0.00032042793
0,201940,0.00032039435
0,201950,0.00032036073
0,201960,0.00032032715
0,201970,0.00032029356
0,201980,0.00032026
0,201990,0.00032022645
0,202000,0.0003201929
0,202010,0.00032015934
0,202020,0.0003201258
0,202030,0.00032009225
0,202040,0.00032005872
0,202050,0.00032002522
0,202060,0.0003199917
0,202070,0.0003199582
0,202080,0.0003199247
0,202090,0.00031989123
0,202100,0.00031985773
0,202110,0.00031982426
0,202120,0.0003197908
0,202130,0.00031975732
0,202140,0.00031972388
0,202150,0.00031969044
0,202160,0.000319657
0,202170,0.0003196236
0,202180,0.00031959015
0,202190,0.00031955674
0,202200,0.00031952333
0,202210,0.00031948995
0,202220,0.00031945654
0,202230,0.00031942315
0,202240,0.0003193898
0,202250,0.00031935642
0,202260,0.00031932307
0,202270,0.0003192897
0,202280,0.00031925636
0,202290,0.00031922304
0,202300,0.00031918968
0,202310,0.00031915636
0,202320,0.00031912306
0,202330,0.00031908974
0,202340,0.00031905645
0,202350,0.00031902315
0,202360,0.00031898986
0,202370,0.0003189566
0,202380,0.0003189233
0,202390,0.00031889003
0,202400,0.0003188568
0,202410,0.00031882353
0,202420,0.0003187903
0,202430,0.00031875705
0,202440,0.00031872385
0,202450,0.0003186906
0,202460,0.0003186574
0,202470,0.0003186242
0,202480,0.000318591
0,202490,0.0003185578
0,202500,0.00031852463
0,202510,0.00031849145
0,202520,0.00031845827
0,202530,0.00031842513
0,202540,0.00031839198
0,202550,0.00031835883
0,202560,0.00031832568
0,202570,0.00031829256
0,202580,0.00031825944
0,202590,0.00031822632
0,202600,0.0003181932
0,202610,0.0003181601
0,202620,0.00031812701
0,202630,0.00031809392
0,202640,0.00031806083
0,202650,0.00031802777
0,202660,0.0003179947
0,202670,0.00031796165
0,202680,0.00031792858
0,202690,0.00031789555
0,202700,0.00031786252
0,202710,0.0003178295
0,202720,0.00031779645
0,202730,0.00031776345
0,202740,0.00031773045
0,202750,0.00031769744
0,202760,0.00031766444
0,202770,0.00031763146
0,202780,0.0003175985
0,202790,0.00031756551
0,202800,0.00031753254
0,202810,0.0003174996
0,202820,0.00031746665
0,202830,0.0003174337
0,202840,0.00031740076
0,202850,0.00031736784
0,202860,0.00031733493
0,202870,0.000317302
0,202880,0.0003172691
0,202890,0.0003172362
0,202900,0.00031720332
0,202910,0.00031717043
0,202920,0.00031713754
0,202930,0.00031710468
0,202940,0.00031707183
0,202950,0.00031703897
0,202960,0.0003170061
0,202970,0.00031697328
0,202980,0.00031694045
0,202990,0.00031690762
0,203000,0.0003168748
0,203010,0.000316842
0,203020,0.0003168092
0,203030,0.0003167764
0,203040,0.0003167436
0,203050,0.00031671082
0,203060,0.00031667805
0,203070,0.00031664528
0,203080,0.0003166125
0,203090,0.00031657977
0,203100,0.00031654703
0,203110,0.00031651428
0,203120,0.00031648154
0,203130,0.00031644883
0,203140,0.00031641612
0,203150,0.0003163834
0,203160,0.0003163507
0,203170,0.00031631798
0,203180,0.0003162853
0,203190,0.0003162526
0,203200,0.00031621996
0,203210,0.00031618727
0,203220,0.00031615462
0,203230,0.00031612196
0,203240,0.0003160893
0,203250,0.00031605668
0,203260,0.00031602406
0,203270,0.00031599143
0,203280,0.0003159588
0,203290,0.00031592618
0,203300,0.0003158936
0,203310,0.000315861
0,203320,0.0003158284
0,203330,0.00031579583
0,203340,0.00031576326
0,203350,0.0003157307
0,203360,0.00031569813
0,203370,0.00031566556
0,203380,0.00031563302
0,203390,0.00031560048
0,203400,0.00031556794
0,203410,0.0003155354
0,203420,0.0003155029
0,203430,0.0003154704
0,203440,0.00031543788
0,203450,0.0003154054
0,203460,0.0003153729
0,203470,0.0003153404
0,203480,0.00031530793
0,203490,0.00031527548
0,203500,0.000315243
0,203510,0.00031521055
0,203520,0.0003151781
0,203530,0.00031514568
0,203540,0.00031511323
0,203550,0.0003150808
0,203560,0.00031504838
0,203570,0.00031501596
0,203580,0.00031498357
0,203590,0.00031495118
0,203600,0.00031491878
0,203610,0.0003148864
0,203620,0.000314854
0,203630,0.00031482163
0,203640,0.00031478927
0,203650,0.0003147569
0,203660,0.00031472457
0,203670,0.00031469224
0,203680,0.0003146599
0,203690,0.00031462757
0,203700,0.00031459524
0,203710,0.00031456293
0,203720,0.00031453063
0,203730,0.00031449832
0,203740,0.00031446601
0,203750,0.00031443374
0,203760,0.00031440146
0,203770,0.0003143692
0,203780,0.0003143369
0,203790,0.00031430466
0,203800,0.00031427242
0,203810,0.00031424017
0,203820,0.00031420792
0,203830,0.0003141757
0,203840,0.00031414346
0,203850,0.00031411124
0,203860,0.00031407905
0,203870,0.00031404683
0,203880,0.00031401464
0,203890,0.00031398245
0,203900,0.00031395027
0,203910,0.00031391808
0,203920,0.00031388592
0,203930,0.00031385376
0,203940,0.0003138216
0,203950,0.00031378947
0,203960,0.0003137573
0,203970,0.00031372518
0,203980,0.00031369305
0,203990,0.00031366094
0,204000,0.0003136288
0,204010,0.0003135967
0,204020,0.0003135646
0,204030,0.0003135325
0,204040,0.00031350044
0,204050,0.00031346836
0,204060,0.0003134363
0,204070,0.00031340422
0,204080,0.00031337215
0,204090,0.0003133401
0,204100,0.00031330806
0,204110,0.00031327602
0,204120,0.00031324397
0,204130,0.00031321196
0,204140,0.00031317995
0,204150,0.00031314793
0,204160,0.00031311592
0,204170,0.00031308393
0,204180,0.00031305195
0,204190,0.00031301996
0,204200,0.00031298798
0,204210,0.00031295602
0,204220,0.00031292404
0,204230,0.00031289208
0,204240,0.00031286015
0,204250,0.0003128282
0,204260,0.00031279627
0,204270,0.00031276434
0,204280,0.00031273242
0,204290,0.0003127005
0,204300,0.0003126686
0,204310,0.0003126367
0,204320,0.0003126048
0,204330,0.0003125729
0,204340,0.00031254103
0,204350,0.00031250916
0,204360,0.0003124773
0,204370,0.00031244542
0,204380,0.00031241355
0,204390,0.00031238172
0,204400,0.00031234988
0,204410,0.00031231804
0,204420,0.00031228623
0,204430,0.0003122544
0,204440,0.00031222258
0,204450,0.00031219076
0,204460,0.00031215898
0,204470,0.00031212717
0,204480,0.0003120954
0,204490,0.0003120636
0,204500,0.00031203183
0,204510,0.00031200008
0,204520,0.00031196832
0,204530,0.00031193657
0,204540,0.00031190482
0,204550,0.00031187307
0,204560,0.00031184134
0,204570,0.00031180962
0,204580,0.0003117779
0,204590,0.00031174617
0,204600,0.00031171448
0,204610,0.0003116828
0,204620,0.0003116511
0,204630,0.0003116194
0,204640,0.0003115877
0,204650,0.00031155604
0,204660,0.00031152437
0,204670,0.0003114927
0,204680,0.00031146107
0,204690,0.0003114294
0,204700,0.00031139777
0,204710,0.00031136614
0,204720,0.00031133453
0,204730,0.0003113029
0,204740,0.0003112713
0,204750,0.00031123968
0,204760,0.00031120807
0,204770,0.0003111765
0,204780,0.00031114492
0,204790,0.0003111133
0,204800,0.00031108176
0,204810,0.0003110502
0,204820,0.00031101864
0,204830,0.00031098706
0,204840,0.00031095554
0,204850,0.000310924
0,204860,0.00031089244
0,204870,0.00031086092
0,204880,0.0003108294
0,204890,0.00031079788
0,204900,0.0003107664
0,204910,0.00031073487
0,204920,0.00031070338
0,204930,0.0003106719
0,204940,0.00031064043
0,204950,0.00031060894
0,204960,0.00031057748
0,204970,0.00031054602
0,204980,0.00031051456
0,204990,0.00031048313
0,205000,0.0003104517
0,205010,0.00031042026
0,205020,0.00031038883
0,205030,0.0003103574
0,205040,0.000310326
0,205050,0.0003102946
0,205060,0.0003102632
0,205070,0.0003102318
0,205080,0.00031020038
0,205090,0.000310169
0,205100,0.00031013764
0,205110,0.00031010626
0,205120,0.00031007492
0,205130,0.00031004354
0,205140,0.0003100122
0,205150,0.00030998085
0,205160,0.00030994954
0,205170,0.0003099182
0,205180,0.00030988688
0,205190,0.00030985556
0,205200,0.00030982425
0,205210,0.00030979296
0,205220,0.00030976164
0,205230,0.00030973036
0,205240,0.00030969907
0,205250,0.00030966778
0,205260,0.00030963653
0,205270,0.00030960527
0,205280,0.000309574
0,205290,0.00030954275
0,205300,0.0003095115
0,205310,0.00030948027
0,205320,0.00030944904
0,205330,0.0003094178
0,205340,0.00030938658
0,205350,0.00030935538
0,205360,0.00030932418
0,205370,0.00030929298
0,205380,0.00030926178
0,205390,0.00030923059
0,205400,0.00030919941
0,205410,0.00030916824
0,205420,0.00030913707
0,205430,0.0003091059
0,205440,0.00030907476
0,205450,0.00030904362
0,205460,0.00030901248
0,205470,0.00030898134
0,205480,0.0003089502
0,205490,0.0003089191
0,205500,0.00030888797
0,205510,0.00030885686
0,205520,0.00030882575
0,205530,0.00030879467
0,205540,0.00030876359
0,205550,0.0003087325
0,205560,0.00030870142
0,205570,0.00030867034
0,205580,0.00030863928
0,205590,0.00030860823
0,205600,0.00030857718
0,205610,0.00030854612
0,205620,0.0003085151
0,205630,0.00030848407
0,205640,0.00030845305
0,205650,0.00030842202
0,205660,0.000308391
0,205670,0.00030836
0,205680,0.000308329
0,205690,0.000308298
0,205700,0.00030826702
0,205710,0.00030823602
0,205720,0.00030820505
0,205730,0.0003081741
0,205740,0.00030814312
0,205750,0.00030811218
0,205760,0.00030808122
0,205770,0.00030805028
0,205780,0.00030801934
0,205790,0.0003079884
0,205800,0.0003079575
0,205810,0.0003079266
0,205820,0.00030789565
0,205830,0.00030786477
0,205840,0.00030783386
0,205850,0.00030780295
0,205860,0.00030777208
0,205870,0.0003077412
0,205880,0.00030771032
0,205890,0.00030767947
0,205900,0.00030764862
0,205910,0.00030761774
0,205920,0.0003075869
0,205930,0.00030755607
0,205940,0.00030752522
0,205950,0.0003074944
0,205960,0.00030746358
0,205970,0.00030743275
0,205980,0.00030740196
0,205990,0.00030737114
0,206000,0.00030734035
0,206010,0.00030730956
0,206020,0.00030727877
0,206030,0.000307248
0,206040,0.0003072172
0,206050,0.00030718645
0,206060,0.0003071557
0,206070,0.00030712495
0,206080,0.0003070942
0,206090,0.00030706346
0,206100,0.00030703272
0,206110,0.000307002
0,206120,0.00030697128
0,206130,0.00030694055
0,206140,0.00030690985
0,206150,0.00030687914
0,206160,0.00030684844
0,206170,0.00030681776
0,206180,0.00030678706
0,206190,0.00030675638
0,206200,0.0003067257
0,206210,0.00030669506
0,206220,0.00030666438
0,206230,0.00030663374
0,206240,0.0003066031
0,206250,0.00030657244
0,206260,0.00030654183
0,206270,0.00030651118
0,206280,0.00030648056
0,206290,0.00030644995
0,206300,0.00030641933
0,206310,0.00030638874
0,206320,0.00030635815
0,206330,0.00030632754
0,206340,0.00030629698
0,206350,0.0003062664
0,206360,0.0003062358
0,206370,0.00030620524
0,206380,0.00030617468
0,206390,0.00030614412
0,206400,0.0003061136
0,206410,0.00030608303
0,206420,0.0003060525
0,206430,0.00030602198
0,206440,0.00030599145
0,206450,0.00030596094
0,206460,0.0003059304
0,206470,0.0003058999
0,206480,0.0003058694
0,206490,0.00030583894
0,206500,0.00030580844
0,206510,0.00030577797
0,206520,0.0003057475
0,206530,0.00030571703
0,206540,0.00030568655
0,206550,0.0003056561
0,206560,0.00030562567
0,206570,0.00030559523
0,206580,0.00030556478
0,206590,0.00030553434
0,206600,0.00030550393
0,206610,0.0003054735
0,206620,0.0003054431
0,206630,0.0003054127
0,206640,0.00030538227
0,206650,0.0003053519
0,206660,0.0003053215
0,206670,0.00030529112
0,206680,0.00030526074
0,206690,0.00030523038
0,206700,0.00030520002
0,206710,0.00030516964
0,206720,0.0003051393
0,206730,0.00030510896
0,206740,0.0003050786
0,206750,0.00030504828
0,206760,0.00030501795
0,206770,0.00030498762
0,206780,0.00030495733
0,206790,0.000304927
0,206800,0.0003048967
0,206810,0.0003048664
0,206820,0.0003048361
0,206830,0.00030480584
0,206840,0.00030477555
0,206850,0.00030474528
0,206860,0.000304715
0,206870,0.00030468477
0,206880,0.0003046545
0,206890,0.00030462426
0,206900,0.00030459402
0,206910,0.0003045638
0,206920,0.00030453355
0,206930,0.00030450334
0,206940,0.0003044731
0,206950,0.0003044429
0,206960,0.00030441268
0,206970,0.0003043825
0,206980,0.0003043523
0,206990,0.0003043221
0,207000,0.00030429193
0,207010,0.00030426175
0,207020,0.00030423157
0,207030,0.0003042014
0,207040,0.00030417126
0,207050,0.0003041411
0,207060,0.00030411096
0,207070,0.0003040808
0,207080,0.00030405069
0,207090,0.00030402056
0,207100,0.00030399044
0,207110,0.00030396032
0,207120,0.0003039302
0,207130,0.0003039001
0,207140,0.00030387
0,207150,0.00030383992
0,207160,0.00030380982
0,207170,0.00030377976
0,207180,0.00030374966
0,207190,0.0003037196
0,207200,0.00030368954
0,207210,0.0003036595
0,207220,0.00030362944
0,207230,0.0003035994
0,207240,0.00030356937
0,207250,0.00030353933
0,207260,0.0003035093
0,207270,0.0003034793
0,207280,0.00030344925
0,207290,0.00030341925
0,207300,0.00030338924
0,207310,0.00030335927
0,207320,0.00030332926
0,207330,0.00030329928
0,207340,0.0003032693
0,207350,0.00030323933
0,207360,0.00030320935
0,207370,0.0003031794
0,207380,0.00030314946
0,207390,0.0003031195
0,207400,0.00030308956
0,207410,0.0003030596
0,207420,0.0003030297
0,207430,0.00030299975
0,207440,0.00030296983
0,207450,0.00030293994
0,207460,0.00030291002
0,207470,0.00030288013
0,207480,0.0003028502
0,207490,0.00030282032
0,207500,0.00030279046
0,207510,0.00030276057
0,207520,0.00030273068
0,207530,0.00030270082
0,207540,0.00030267096
0,207550,0.0003026411
0,207560,0.00030261127
0,207570,0.0003025814
0,207580,0.00030255158
0,207590,0.00030252174
0,207600,0.0003024919
0,207610,0.0003024621
0,207620,0.00030243228
0,207630,0.00030240248
0,207640,0.00030237267
0,207650,0.0003023429
0,207660,0.0003023131
0,207670,0.00030228333
0,207680,0.00030225352
0,207690,0.00030222375
0,207700,0.000302194
0,207710,0.00030216423
0,207720,0.0003021345
0,207730,0.00030210472
0,207740,0.00030207497
0,207750,0.00030204526
0,207760,0.0003020155
0,207770,0.0003019858
0,207780,0.00030195605
0,207790,0.00030192637
0,207800,0.00030189665
0,207810,0.00030186694
0,207820,0.00030183725
0,207830,0.00030180757
0,207840,0.00030177788
0,207850,0.0003017482
0,207860,0.0003017185
0,207870,0.00030168885
0,207880,0.0003016592
0,207890,0.00030162954
0,207900,0.00030159988
0,207910,0.00030157022
0,207920,0.0003015406
0,207930,0.00030151097
0,207940,0.00030148134
0,207950,0.0003014517
0,207960,0.0003014221
0,207970,0.0003013925
0,207980,0.0003013629
0,207990,0.0003013333
0,208000,0.0003013037
0,208010,0.0003012741
0,208020,0.00030124452
0,208030,0.00030121495
0,208040,0.00030118538
0,208050,0.00030115581
0,208060,0.00030112625
0,208070,0.0003010967
0,208080,0.00030106714
0,208090,0.0003010376
0,208100,0.00030100808
0,208110,0.00030097854
0,208120,0.00030094903
0,208130,0.0003009195
0,208140,0.00030088998
0,208150,0.00030086047
0,208160,0.000300831
0,208170,0.00030080148
0,208180,0.000300772
0,208190,0.0003007425
0,208200,0.00030071303
0,208210,0.00030068355
0,208220,0.0003006541
0,208230,0.00030062464
0,208240,0.0003005952
0,208250,0.00030056573
0,208260,0.00030053628
0,208270,0.00030050686
0,208280,0.0003004774
0,208290,0.00030044798
0,208300,0.00030041856
0,208310,0.00030038916
0,208320,0.00030035974
0,208330,0.00030033034
0,208340,0.00030030095
0,208350,0.00030027155
0,208360,0.00030024216
0,208370,0.00030021276
0,208380,0.0003001834
0,208390,0.00030015403
0,208400,0.00030012467
0,208410,0.0003000953
0,208420,0.00030006596
0,208430,0.0003000366
0,208440,0.00030000726
0,208450,0.00029997792
0,208460,0.0002999486
0,208470,0.00029991928
0,208480,0.00029988994
0,208490,0.00029986064
0,208500,0.00029983133
0,208510,0.00029980202
0,208520,0.00029977274
0,208530,0.00029974343
0,208540,0.00029971416
0,208550,0.00029968488
0,208560,0.0002996556
0,208570,0.00029962632
0,208580,0.00029959707
0,208590,0.00029956782
0,208600,0.00029953854
0,208610,0.00029950932
0,208620,0.00029948007
0,208630,0.00029945082
0,208640,0.0002994216
0,208650,0.00029939238
0,208660,0.00029936316
0,208670,0.00029933394
0,208680,0.00029930475
0,208690,0.00029927553
0,208700,0.00029924634
0,208710,0.00029921715
0,208720,0.00029918796
0,208730,0.0002991588
0,208740,0.00029912964
0,208750,0.00029910044
0,208760,0.00029907128
0,208770,0.00029904212
0,208780,0.000299013
0,208790,0.00029898382
0,208800,0.0002989547
0,208810,0.00029892556
0,208820,0.00029889643
0,208830,0.00029886732
0,208840,0.0002988382
0,208850,0.0002988091
0,208860,0.00029877998
0,208870,0.00029875088
0,208880,0.00029872177
0,208890,0.0002986927
0,208900,0.0002986636
0,208910,0.00029863452
0,208920,0.00029860545
0,208930,0.00029857637
0,208940,0.00029854733
0,208950,0.00029851825
0,208960,0.0002984892
0,208970,0.00029846016
0,208980,0.0002984311
0,208990,0.0002984021
0,209000,0.00029837305
0,209010,0.00029834404
0,209020,0.00029831502
0,209030,0.000298286
0,209040,0.00029825701
0,209050,0.000298228
0,209060,0.000298199
0,209070,0.00029817002
0,209080,0.00029814104
0,209090,0.00029811205
0,209100,0.00029808306
0,209110,0.0002980541
0,209120,0.00029802514
0,209130,0.0002979962
0,209140,0.00029796723
0,209150,0.0002979383
0,209160,0.00029790934
0,209170,0.0002978804
0,209180,0.00029785148
0,209190,0.00029782255
0,209200,0.00029779362
0,209210,0.00029776472
0,209220,0.00029773582
0,209230,0.00029770692
0,209240,0.00029767802
0,209250,0.00029764912
0,209260,0.00029762022
0,209270,0.00029759135
0,209280,0.00029756248
0,209290,0.0002975336
0,209300,0.00029750474
0,209310,0.0002974759
0,209320,0.00029744703
0,209330,0.00029741818
0,209340,0.00029738934
0,209350,0.0002973605
0,209360,0.00029733166
0,209370,0.00029730285
0,209380,0.00029727403
0,209390,0.00029724522
0,209400,0.0002972164
0,209410,0.0002971876
0,209420,0.00029715878
0,209430,0.00029713
0,209440,0.0002971012
0,209450,0.00029707243
0,209460,0.00029704365
0,209470,0.00029701486
0,209480,0.0002969861
0,209490,0.00029695735
0,209500,0.0002969286
0,209510,0.00029689985
0,209520,0.0002968711
0,209530,0.00029684237
0,209540,0.0002968136
0,209550,0.00029678488
0,209560,0.00029675616
0,209570,0.00029672746
0,209580,0.00029669874
0,209590,0.00029667004
0,209600,0.00029664132
0,209610,0.00029661262
0,209620,0.00029658395
0,209630,0.00029655526
0,209640,0.00029652656
0,209650,0.0002964979
0,209660,0.00029646922
0,209670,0.00029644056
0,209680,0.0002964119
0,209690,0.00029638325
0,209700,0.00029635458
0,209710,0.00029632595
0,209720,0.0002962973
0,209730,0.0002962687
0,209740,0.00029624006
0,209750,0.00029621142
0,209760,0.0002961828
0,209770,0.0002961542
0,209780,0.0002961256
0,209790,0.00029609702
0,209800,0.0002960684
0,209810,0.00029603983
0,209820,0.00029601125
0,209830,0.00029598267
0,209840,0.0002959541
0,209850,0.0002959255
0,209860,0.00029589696
0,209870,0.00029586838
0,209880,0.00029583983
0,209890,0.0002958113
0,209900,0.00029578275
0,209910,0.0002957542
0,209920,0.00029572568
0,209930,0.00029569716
0,209940,0.00029566864
0,209950,0.00029564011
0,209960,0.00029561162
0,209970,0.0002955831
0,209980,0.0002955546
0,209990,0.00029552612
0,210000,0.00029549762
0,210010,0.00029546913
0,210020,0.00029544067
0,210030,0.00029541217
0,210040,0.0002953837
0,210050,0.00029535525
0,210060,0.0002953268
0,210070,0.00029529835
0,210080,0.0002952699
0,210090,0.00029524145
0,210100,0.00029521302
0,210110,0.00029518458
0,210120,0.00029515618
0,210130,0.00029512774
0,210140,0.00029509934
0,210150,0.00029507093
0,210160,0.00029504253
0,210170,0.00029501412
0,210180,0.00029498572
0,210190,0.00029495734
0,210200,0.00029492896
0,210210,0.0002949006
0,210220,0.0002948722
0,210230,0.00029484383
0,210240,0.00029481546
0,210250,0.0002947871
0,210260,0.00029475876
0,210270,0.00029473042
0,210280,0.00029470207
0,210290,0.00029467372
0,210300,0.0002946454
0,210310,0.0002946171
0,210320,0.00029458877
0,210330,0.00029456045
0,210340,0.00029453213
0,210350,0.0002945038
0,210360,0.00029447553
0,210370,0.00029444724
0,210380,0.00029441895
0,210390,0.00029439066
0,210400,0.00029436237
0,210410,0.0002943341
0,210420,0.00029430582
0,210430,0.00029427756
0,210440,0.0002942493
0,210450,0.00029422107
0,210460,0.0002941928
0,210470,0.00029416458
0,210480,0.00029413632
0,210490,0.0002941081
0,210500,0.00029407986
0,210510,0.00029405166
0,210520,0.00029402343
0,210530,0.00029399522
0,210540,0.00029396702
0,210550,0.00029393882
0,210560,0.00029391062
0,210570,0.00029388242
0,210580,0.00029385425
0,210590,0.00029382607
0,210600,0.00029379787
0,210610,0.0002937697
0,210620,0.00029374156
0,210630,0.00029371338
0,210640,0.00029368524
0,210650,0.0002936571
0,210660,0.00029362892
0,210670,0.0002936008
0,210680,0.00029357267
0,210690,0.00029354452
0,210700,0.0002935164
0,210710,0.0002934883
0,210720,0.00029346018
0,210730,0.00029343207
0,210740,0.00029340398
0,210750,0.00029337587
0,210760,0.00029334778
0,210770,0.0002933197
0,210780,0.0002932916
0,210790,0.00029326353
0,210800,0.00029323544
0,210810,0.00029320738
0,210820,0.00029317933
0,210830,0.00029315127
0,210840,0.00029312322
0,210850,0.00029309516
0,210860,0.00029306713
0,210870,0.00029303908
0,210880,0.00029301105
0,210890,0.00029298302
0,210900,0.000292955
0,210910,0.000292927
0,210920,0.00029289897
0,210930,0.00029287097
0,210940,0.00029284297
0,210950,0.00029281498
0,210960,0.00029278698
0,210970,0.00029275898
0,210980,0.000292731
0,210990,0.00029270304
0,211000,0.00029267507
0,211010,0.0002926471
0,211020,0.00029261914
0,211030,0.0002925912
0,211040,0.00029256323
0,211050,0.0002925353
0,211060,0.00029250735
0,211070,0.0002924794
0,211080,0.00029245147
0,211090,0.00029242356
0,211100,0.00029239562
0,211110,0.0002923677
0,211120,0.0002923398
0,211130,0.00029231192
0,211140,0.000292284
0,211150,0.0002922561
0,211160,0.00029222821
0,211170,0.00029220033
0,211180,0.00029217245
0,211190,0.00029214457
0,211200,0.00029211672
0,211210,0.00029208884
0,211220,0.00029206098
0,211230,0.00029203313
0,211240,0.00029200528
0,211250,0.00029197743
0,211260,0.0002919496
0,211270,0.00029192175
0,211280,0.00029189393
0,211290,0.0002918661
0,211300,0.00029183828
0,211310,0.00029181046
0,211320,0.00029178266
0,211330,0.00029175484
0,211340,0.00029172705
0,211350,0.00029169925
0,211360,0.00029167146
0,211370,0.0002916437
0,211380,0.0002916159
0,211390,0.00029158813
0,211400,0.00029156037
0,211410,0.0002915326
0,211420,0.00029150484
0,211430,0.00029147707
0,211440,0.00029144934
0,211450,0.00029142157
0,211460,0.00029139384
0,211470,0.0002913661
0,211480,0.0002913384
0,211490,0.00029131066
0,211500,0.00029128295
0,211510,0.00029125522
0,211520,0.0002912275
0,211530,0.0002911998
0,211540,0.0002911721
0,211550,0.00029114442
0,211560,0.0002911167
0,211570,0.00029108903
0,211580,0.00029106135
0,211590,0.00029103368
0,211600,0.000291006
0,211610,0.00029097835
0,211620,0.00029095067
0,211630,0.00029092302
0,211640,0.00029089538
0,211650,0.00029086773
0,211660,0.00029084008
0,211670,0.00029081246
0,211680,0.0002907848
0,211690,0.0002907572
0,211700,0.00029072957
0,211710,0.00029070195
0,211720,0.00029067436
0,211730,0.00029064674
0,211740,0.00029061915
0,211750,0.00029059153
0,211760,0.00029056394
0,211770,0.00029053638
0,211780,0.0002905088
0,211790,0.0002904812
0,211800,0.00029045364
0,211810,0.00029042608
0,211820,0.00029039852
0,211830,0.00029037095
0,211840,0.0002903434
0,211850,0.00029031586
0,211860,0.0002902883
0,211870,0.00029026077
0,211880,0.00029023323
0,211890,0.0002902057
0,211900,0.0002901782
0,211910,0.00029015067
0,211920,0.00029012316
0,211930,0.00029009566
0,211940,0.00029006816
0,211950,0.00029004065
0,211960,0.00029001315
0,211970,0.00028998568
0,211980,0.00028995817
0,211990,0.0002899307
0,212000,0.00028990323
0,212010,0.00028987575
0,212020,0.00028984828
0,212030,0.00028982083
0,212040,0.0002897934
0,212050,0.0002897659
0,212060,0.00028973847
0,212070,0.00028971105
0,212080,0.0002896836
0,212090,0.00028965616
0,212100,0.00028962875
0,212110,0.00028960133
0,212120,0.00028957392
0,212130,0.0002895465
0,212140,0.00028951908
0,212150,0.0002894917
0,212160,0.0002894643
0,212170,0.0002894369
0,212180,0.0002894095
0,212190,0.00028938215
0,212200,0.00028935476
0,212210,0.00028932738
0,212220,0.00028930002
0,212230,0.00028927266
0,212240,0.0002892453
0,212250,0.00028921795
0,212260,0.0002891906
0,212270,0.00028916326
0,212280,0.0002891359
0,212290,0.00028910858
0,212300,0.00028908125
0,212310,0.00028905392
0,212320,0.00028902662
0,212330,0.0002889993
0,212340,0.000288972
0,212350,0.0002889447
0,212360,0.0002889174
0,212370,0.0002888901
0,212380,0.0002888628
0,212390,0.0002888355
0,212400,0.00028880822
0,212410,0.00028878095
0,212420,0.00028875368
0,212430,0.0002887264
0,212440,0.00028869914
0,212450,0.0002886719
0,212460,0.00028864463
0,212470,0.0002886174
0,212480,0.00028859015
0,212490,0.0002885629
0,212500,0.00028853567
0,212510,0.00028850845
0,212520,0.0002884812
0,212530,0.000288454
0,212540,0.0002884268
0,212550,0.00028839958
0,212560,0.00028837236
0,212570,0.00028834518
0,212580,0.00028831797
0,212590,0.0002882908
0,212600,0.0002882636
0,212610,0.00028823642
0,212620,0.00028820924
0,212630,0.00028818208
0,212640,0.0002881549
0,212650,0.00028812775
0,212660,0.0002881006
0,212670,0.00028807344
0,212680,0.00028804629
0,212690,0.00028801916
0,212700,0.000287992
0,212710,0.00028796488
0,212720,0.00028793776
0,212730,0.00028791063
0,212740,0.0002878835
0,212750,0.00028785638
0,212760,0.0002878293
0,212770,0.00028780216
0,212780,0.00028777507
0,212790,0.00028774797
0,212800,0.00028772088
0,212810,0.0002876938
0,212820,0.0002876667
0,212830,0.00028763965
0,212840,0.00028761258
0,212850,0.0002875855
0,212860,0.00028755845
0,212870,0.00028753138
0,212880,0.0002875043
0,212890,0.00028747728
0,212900,0.00028745024
0,212910,0.0002874232
0,212920,0.00028739616
0,212930,0.00028736913
0,212940,0.00028734212
0,212950,0.00028731508
0,212960,0.00028728807
0,212970,0.00028726106
0,212980,0.00028723406
0,212990,0.00028720705
0,213000,0.00028718004
0,213010,0.00028715306
0,213020,0.00028712608
0,213030,0.00028709907
0,213040,0.00028707212
0,213050,0.00028704514
0,213060,0.00028701816
0,213070,0.0002869912
0,213080,0.00028696423
0,213090,0.00028693728
0,213100,0.00028691033
0,213110,0.00028688338
0,213120,0.00028685643
0,213130,0.0002868295
0,213140,0.0002868026
0,213150,0.00028677564
0,213160,0.00028674872
0,213170,0.0002867218
0,213180,0.0002866949
0,213190,0.000286668
0,213200,0.0002866411
0,213210,0.00028661417
0,213220,0.00028658728
0,213230,0.0002865604
0,213240,0.0002865335
0,213250,0.00028650663
0,213260,0.00028647974
0,213270,0.00028645288
0,213280,0.00028642602
0,213290,0.00028639915
0,213300,0.0002863723
0,213310,0.00028634543
0,213320,0.0002863186
0,213330,0.00028629176
0,213340,0.0002862649
0,213350,0.00028623806
0,213360,0.00028621123
0,213370,0.00028618443
0,213380,0.0002861576
0,213390,0.0002861308
0,213400,0.00028610395
0,213410,0.00028607715
0,213420,0.00028605034
0,213430,0.00028602357
0,213440,0.00028599676
0,213450,0.00028597
0,213460,0.00028594318
0,213470,0.0002859164
0,213480,0.00028588963
0,213490,0.00028586286
0,213500,0.0002858361
0,213510,0.00028580934
0,213520,0.0002857826
0,213530,0.00028575584
0,213540,0.0002857291
0,213550,0.00028570235
0,213560,0.0002856756
0,213570,0.00028564886
0,213580,0.00028562214
0,213590,0.00028559542
0,213600,0.0002855687
0,213610,0.000285542
0,213620,0.00028551527
0,213630,0.00028548855
0,213640,0.00028546187
0,213650,0.00028543515
0,213660,0.00028540846
0,213670,0.00028538177
0,213680,0.00028535508
0,213690,0.00028532842
0,213700,0.00028530174
0,213710,0.00028527508
0,213720,0.00028524842
0,213730,0.00028522173
0,213740,0.0002851951
0,213750,0.00028516844
0,213760,0.00028514178
0,213770,0.00028511515
0,213780,0.0002850885
0,213790,0.00028506186
0,213800,0.00028503523
0,213810,0.00028500863
0,213820,0.000284982
0,213830,0.00028495537
0,213840,0.00028492877
0,213850,0.00028490217
0,213860,0.00028487557
0,213870,0.00028484897
0,213880,0.00028482237
0,213890,0.0002847958
0,213900,0.0002847692
0,213910,0.00028474262
0,213920,0.00028471605
0,213930,0.00028468948
0,213940,0.0002846629
0,213950,0.00028463633
0,213960,0.0002846098
0,213970,0.00028458322
0,213980,0.00028455668
0,213990,0.00028453014
0,214000,0.0002845036
0,214010,0.00028447708
0,214020,0.00028445054
0,214030,0.00028442402
0,214040,0.00028439748
0,214050,0.00028437097
0,214060,0.00028434445
0,214070,0.00028431794
0,214080,0.00028429145
0,214090,0.00028426494
0,214100,0.00028423846
0,214110,0.00028421197
0,214120,0.0002841855
0,214130,0.000284159
0,214140,0.00028413252
0,214150,0.00028410606
0,214160,0.00028407958
0,214170,0.00028405312
0,214180,0.00028402667
0,214190,0.0002840002
0,214200,0.00028397376
0,214210,0.0002839473
0,214220,0.00028392088
0,214230,0.00028389442
0,214240,0.000283868
0,214250,0.00028384157
0,214260,0.00028381514
0,214270,0.00028378874
0,214280,0.00028376232
0,214290,0.00028373592
0,214300,0.0002837095
0,214310,0.0002836831
0,214320,0.0002836567
0,214330,0.0002836303
0,214340,0.00028360393
0,214350,0.00028357754
0,214360,0.00028355117
0,214370,0.0002835248
0,214380,0.0002834984
0,214390,0.00028347207
0,214400,0.0002834457
0,214410,0.00028341933
0,214420,0.000283393
0,214430,0.00028336662
0,214440,0.00028334028
0,214450,0.00028331394
0,214460,0.0002832876
0,214470,0.0002832613
0,214480,0.00028323496
0,214490,0.00028320865
0,214500,0.0002831823
0,214510,0.000283156
0,214520,0.0002831297
0,214530,0.0002831034
0,214540,0.0002830771
0,214550,0.00028305082
0,214560,0.0002830245
0,214570,0.00028299823
0,214580,0.00028297195
0,214590,0.00028294566
0,214600,0.00028291938
0,214610,0.00028289313
0,214620,0.00028286685
0,214630,0.0002828406
0,214640,0.00028281435
0,214650,0.0002827881
0,214660,0.00028276184
0,214670,0.0002827356
0,214680,0.00028270937
0,214690,0.00028268312
0,214700,0.0002826569
0,214710,0.00028263067
0,214720,0.00028260445
0,214730,0.00028257823
0,214740,0.00028255204
0,214750,0.0002825258
0,214760,0.00028249962
0,214770,0.00028247343
0,214780,0.00028244723
0,214790,0.00028242104
0,214800,0.00028239485
0,214810,0.00028236868
0,214820,0.0002823425
0,214830,0.00028231632
0,214840,0.00028229016
0,214850,0.000282264
0,214860,0.00028223783
0,214870,0.00028221167
0,214880,0.00028218553
0,214890,0.00028215937
0,214900,0.00028213323
0,214910,0.0002821071
0,214920,0.00028208096
0,214930,0.00028205483
0,214940,0.0002820287
0,214950,0.00028200258
0,214960,0.00028197648
0,214970,0.00028195034
0,214980,0.00028192424
0,214990,0.00028189813
0,215000,0.00028187205
0,215010,0.00028184595
0,215020,0.00028181987
0,215030,0.00028179376
0,215040,0.0002817677
0,215050,0.0002817416
0,215060,0.00028171553
0,215070,0.00028168948
0,215080,0.0002816634
0,215090,0.00028163736
0,215100,0.00028161128
0,215110,0.00028158523
0,215120,0.0002815592
0,215130,0.00028153314
0,215140,0.00028150712
0,215150,0.00028148107
0,215160,0.00028145505
0,215170,0.000281429
0,215180,0.000281403
0,215190,0.00028137697
0,215200,0.00028135098
0,215210,0.00028132496
0,215220,0.00028129894
0,215230,0.00028127295
0,215240,0.00028124696
0,215250,0.00028122097
0,215260,0.00028119498
0,215270,0.000281169
0,215280,0.000281143
0,215290,0.00028111704
0,215300,0.00028109108
0,215310,0.0002810651
0,215320,0.00028103913
0,215330,0.0002810132
0,215340,0.00028098724
0,215350,0.00028096128
0,215360,0.00028093535
0,215370,0.0002809094
0,215380,0.00028088345
0,215390,0.00028085752
0,215400,0.0002808316
0,215410,0.0002808057
0,215420,0.00028077976
0,215430,0.00028075385
0,215440,0.00028072792
0,215450,0.00028070202
0,215460,0.00028067612
0,215470,0.00028065022
0,215480,0.00028062434
0,215490,0.00028059844
0,215500,0.00028057257
0,215510,0.00028054666
0,215520,0.0002805208
0,215530,0.00028049492
0,215540,0.00028046904
0,215550,0.0002804432
0,215560,0.00028041733
0,215570,0.00028039148
0,215580,0.00028036564
0,215590,0.00028033977
0,215600,0.00028031392
0,215610,0.0002802881
0,215620,0.00028026226
0,215630,0.00028023642
0,215640,0.0002802106
0,215650,0.0002801848
0,215660,0.00028015897
0,215670,0.00028013316
0,215680,0.00028010734
0,215690,0.00028008153
0,215700,0.00028005574
0,215710,0.00028002993
0,215720,0.00028000414
0,215730,0.00027997835
0,215740,0.00027995257
0,215750,0.00027992678
0,215760,0.00027990103
0,215770,0.00027987524
0,215780,0.00027984948
0,215790,0.00027982373
0,215800,0.00027979797
0,215810,0.0002797722
0,215820,0.00027974645
0,215830,0.0002797207
0,215840,0.00027969497
0,215850,0.0002796692
0,215860,0.0002796435
0,215870,0.00027961776
0,215880,0.00027959203
0,215890,0.0002795663
0,215900,0.0002795406
0,215910,0.00027951488
0,215920,0.00027948918
0,215930,0.00027946348
0,215940,0.00027943778
0,215950,0.00027941208
0,215960,0.00027938638
0,215970,0.00027936068
0,215980,0.000279335
0,215990,0.00027930932
0,216000,0.00027928365
0,216010,0.00027925798
0,216020,0.0002792323
0,216030,0.00027920664
0,216040,0.000279181
0,216050,0.00027915533
0,216060,0.0002791297
0,216070,0.00027910405
0,216080,0.0002790784
0,216090,0.00027905277
0,216100,0.00027902712
0,216110,0.00027900148
0,216120,0.00027897587
0,216130,0.00027895023
0,216140,0.00027892462
0,216150,0.000278899
0,216160,0.0002788734
0,216170,0.0002788478
0,216180,0.0002788222
0,216190,0.0002787966
0,216200,0.000278771
0,216210,0.00027874543
0,216220,0.00027871982
0,216230,0.00027869424
0,216240,0.00027866868
0,216250,0.0002786431
0,216260,0.00027861752
0,216270,0.00027859196
0,216280,0.0002785664
0,216290,0.00027854086
0,216300,0.0002785153
0,216310,0.00027848975
0,216320,0.0002784642
0,216330,0.00027843867
0,216340,0.00027841312
0,216350,0.0002783876
0,216360,0.00027836207
0,216370,0.00027833655
0,216380,0.00027831102
0,216390,0.00027828553
0,216400,0.00027826
0,216410,0.0002782345
0,216420,0.000278209
0,216430,0.0002781835
0,216440,0.000278158
0,216450,0.0002781325
0,216460,0.00027810704
0,216470,0.00027808154
0,216480,0.00027805608
0,216490,0.00027803058
0,216500,0.0002780051
0,216510,0.00027797965
0,216520,0.00027795418
0,216530,0.00027792875
0,216540,0.00027790328
0,216550,0.00027787784
0,216560,0.00027785238
0,216570,0.00027782694
0,216580,0.0002778015
0,216590,0.00027777607
0,216600,0.00027775063
0,216610,0.00027772522
0,216620,0.0002776998
0,216630,0.00027767438
0,216640,0.00027764897
0,216650,0.00027762356
0,216660,0.00027759816
0,216670,0.00027757275
0,216680,0.00027754734
0,216690,0.00027752196
0,216700,0.00027749658
0,216710,0.00027747118
0,216720,0.0002774458
0,216730,0.00027742042
0,216740,0.00027739507
0,216750,0.0002773697
0,216760,0.0002773443
0,216770,0.00027731896
0,216780,0.0002772936
0,216790,0.00027726826
0,216800,0.0002772429
0,216810,0.00027721756
0,216820,0.00027719222
0,216830,0.0002771669
0,216840,0.00027714155
0,216850,0.00027711623
0,216860,0.0002770909
0,216870,0.00027706558
0,216880,0.00027704026
0,216890,0.00027701494
0,216900,0.00027698965
0,216910,0.00027696433
0,216920,0.00027693904
0,216930,0.00027691375
0,216940,0.00027688846
0,216950,0.00027686317
0,216960,0.00027683788
0,216970,0.00027681259
0,216980,0.00027678732
0,216990,0.00027676203
0,217000,0.00027673677
0,217010,0.0002767115
0,217020,0.00027668625
0,217030,0.00027666098
0,217040,0.00027663575
0,217050,0.0002766105
0,217060,0.00027658526
0,217070,0.00027656002
0,217080,0.00027653476
0,217090,0.00027650953
0,217100,0.00027648432
0,217110,0.0002764591
0,217120,0.00027643386
0,217130,0.00027640865
0,217140,0.00027638345
0,217150,0.00027635822
0,217160,0.000276333
0,217170,0.0002763078
0,217180,0.00027628263
0,217190,0.00027625743
0,217200,0.00027623225
0,217210,0.00027620705
0,217220,0.00027618188
0,217230,0.0002761567
0,217240,0.00027613153
0,217250,0.00027610635
0,217260,0.0002760812
0,217270,0.00027605603
0,217280,0.00027603089
0,217290,0.0002760057
0,217300,0.00027598056
0,217310,0.00027595542
0,217320,0.0002759303
0,217330,0.00027590516
0,217340,0.00027588
0,217350,0.0002758549
0,217360,0.00027582975
0,217370,0.00027580463
0,217380,0.00027577952
0,217390,0.0002757544
0,217400,0.0002757293
0,217410,0.0002757042
0,217420,0.0002756791
0,217430,0.000275654
0,217440,0.0002756289
0,217450,0.00027560382
0,217460,0.00027557873
0,217470,0.00027555364
0,217480,0.00027552855
0,217490,0.0002755035
0,217500,0.0002754784
0,217510,0.00027545335
0,217520,0.0002754283
0,217530,0.00027540323
0,217540,0.00027537817
0,217550,0.00027535312
0,217560,0.0002753281
0,217570,0.00027530303
0,217580,0.000275278
0,217590,0.00027525297
0,217600,0.00027522794
0,217610,0.0002752029
0,217620,0.00027517788
0,217630,0.00027515285
0,217640,0.00027512785
0,217650,0.00027510282
0,217660,0.00027507782
0,217670,0.00027505282
0,217680,0.00027502782
0,217690,0.00027500282
0,217700,0.00027497782
0,217710,0.00027495285
0,217720,0.00027492785
0,217730,0.00027490288
0,217740,0.0002748779
0,217750,0.00027485294
0,217760,0.00027482797
0,217770,0.000274803
0,217780,0.00027477802
0,217790,0.00027475308
0,217800,0.00027472814
0,217810,0.00027470317
0,217820,0.00027467823
0,217830,0.00027465328
0,217840,0.00027462834
0,217850,0.00027460343
0,217860,0.0002745785
0,217870,0.00027455357
0,217880,0.00027452863
0,217890,0.00027450372
0,217900,0.0002744788
0,217910,0.0002744539
0,217920,0.00027442898
0,217930,0.0002744041
0,217940,0.00027437918
0,217950,0.0002743543
0,217960,0.0002743294
0,217970,0.0002743045
0,217980,0.00027427962
0,217990,0.00027425474
0,218000,0.00027422988
0,218010,0.000274205
0,218020,0.00027418014
0,218030,0.00027415526
0,218040,0.0002741304
0,218050,0.00027410555
0,218060,0.0002740807
0,218070,0.00027405584
0,218080,0.000274031
0,218090,0.00027400616
0,218100,0.00027398134
0,218110,0.00027395648
0,218120,0.00027393166
0,218130,0.00027390683
0,218140,0.000273882
0,218150,0.00027385718
0,218160,0.00027383238
0,218170,0.00027380756
0,218180,0.00027378276
0,218190,0.00027375796
0,218200,0.00027373317
0,218210,0.00027370837
0,218220,0.00027368357
0,218230,0.00027365878
0,218240,0.000273634
0,218250,0.0002736092
0,218260,0.00027358445
0,218270,0.00027355968
0,218280,0.0002735349
0,218290,0.00027351014
0,218300,0.00027348538
0,218310,0.0002734606
0,218320,0.00027343587
0,218330,0.0002734111
0,218340,0.00027338637
0,218350,0.00027336163
0,218360,0.0002733369
0,218370,0.00027331215
0,218380,0.0002732874
0,218390,0.0002732627
0,218400,0.00027323797
0,218410,0.00027321326
0,218420,0.00027318855
0,218430,0.0002731638
0,218440,0.00027313913
0,218450,0.00027311442
0,218460,0.0002730897
0,218470,0.000273065
0,218480,0.00027304032
0,218490,0.00027301564
0,218500,0.00027299096
0,218510,0.00027296625
0,218520,0.0002729416
0,218530,0.00027291692
0,218540,0.00027289224
0,218550,0.0002728676
0,218560,0.0002728429
0,218570,0.00027281826
0,218580,0.0002727936
0,218590,0.00027276896
0,218600,0.0002727443
0,218610,0.00027271966
0,218620,0.000272695
0,218630,0.00027267038
0,218640,0.00027264576
0,218650,0.0002726211
0,218660,0.0002725965
0,218670,0.00027257187
0,218680,0.00027254724
0,218690,0.00027252265
0,218700,0.00027249803
0,218710,0.00027247344
0,218720,0.00027244881
0,218730,0.00027242422
0,218740,0.00027239963
0,218750,0.00027237504
0,218760,0.00027235044
0,218770,0.00027232588
0,218780,0.0002723013
0,218790,0.00027227672
0,218800,0.00027225213
0,218810,0.00027222757
0,218820,0.000272203
0,218830,0.00027217844
0,218840,0.00027215388
0,218850,0.00027212934
0,218860,0.00027210478
0,218870,0.00027208024
0,218880,0.00027205568
0,218890,0.00027203115
0,218900,0.0002720066
0,218910,0.00027198208
0,218920,0.00027195757
0,218930,0.00027193304
0,218940,0.0002719085
0,218950,0.000271884
0,218960,0.0002718595
0,218970,0.000271835
0,218980,0.00027181048
0,218990,0.00027178598
0,219000,0.00027176147
0,219010,0.00027173696
0,219020,0.0002717125
0,219030,0.000271688
0,219040,0.0002716635
0,219050,0.00027163903
0,219060,0.00027161455
0,219070,0.00027159008
0,219080,0.00027156563
0,219090,0.00027154115
0,219100,0.0002715167
0,219110,0.00027149223
0,219120,0.00027146778
0,219130,0.00027144334
0,219140,0.0002714189
0,219150,0.00027139444
0,219160,0.00027137
0,219170,0.00027134558
0,219180,0.00027132113
0,219190,0.0002712967
0,219200,0.0002712723
0,219210,0.00027124787
0,219220,0.00027122346
0,219230,0.00027119904
0,219240,0.00027117462
0,219250,0.00027115023
0,219260,0.0002711258
0,219270,0.00027110142
0,219280,0.00027107703
0,219290,0.00027105265
0,219300,0.00027102826
0,219310,0.00027100387
0,219320,0.00027097948
0,219330,0.00027095512
0,219340,0.00027093073
0,219350,0.00027090637
0,219360,0.000270882
0,219370,0.00027085765
0,219380,0.0002708333
0,219390,0.00027080893
0,219400,0.00027078457
0,219410,0.00027076024
0,219420,0.00027073588
0,219430,0.00027071155
0,219440,0.00027068722
0,219450,0.0002706629
0,219460,0.00027063856
0,219470,0.00027061423
0,219480,0.0002705899
0,219490,0.0002705656
0,219500,0.00027054126
0,219510,0.00027051696
0,219520,0.00027049266
0,219530,0.00027046836
0,219540,0.00027044406
0,219550,0.00027041975
0,219560,0.00027039545
0,219570,0.00027037118
0,219580,0.00027034688
0,219590,0.0002703226
0,219600,0.00027029833
0,219610,0.00027027406
0,219620,0.0002702498
0,219630,0.00027022552
0,219640,0.00027020127
0,219650,0.000270177
0,219660,0.00027015276
0,219670,0.00027012848
0,219680,0.00027010424
0,219690,0.00027008
0,219700,0.00027005575
0,219710,0.0002700315
0,219720,0.0002700073
0,219730,0.00026998305
0,219740,0.00026995884
0,219750,0.0002699346
0,219760,0.00026991038
0,219770,0.00026988616
0,219780,0.00026986195
0,219790,0.00026983774
0,219800,0.00026981355
0,219810,0.00026978934
0,219820,0.00026976515
0,219830,0.00026974094
0,219840,0.00026971675
0,219850,0.00026969257
0,219860,0.00026966838
0,219870,0.0002696442
0,219880,0.00026962004
0,219890,0.00026959585
0,219900,0.0002695717
0,219910,0.0002695475
0,219920,0.00026952336
0,219930,0.0002694992
0,219940,0.00026947504
0,219950,0.0002694509
0,219960,0.00026942673
0,219970,0.0002694026
0,219980,0.00026937845
0,219990,0.00026935432
0,220000,0.0002693302
0,220010,0.00026930607
0,220020,0.00026928194
0,220030,0.0002692578
0,220040,0.0002692337
0,220050,0.0002692096
0,220060,0.00026918546
0,220070,0.00026916136
0,220080,0.00026913724
0,220090,0.00026911314
0,220100,0.00026908904
0,220110,0.00026906494
0,220120,0.00026904087
0,220130,0.00026901677
0,220140,0.0002689927
0,220150,0.0002689686
0,220160,0.00026894454
0,220170,0.00026892047
0,220180,0.0002688964
0,220190,0.00026887233
0,220200,0.00026884826
0,220210,0.0002688242
0,220220,0.00026880016
0,220230,0.00026877612
0,220240,0.00026875205
0,220250,0.000268728
0,220260,0.00026870397
0,220270,0.00026867993
0,220280,0.0002686559
0,220290,0.00026863188
0,220300,0.00026860784
0,220310,0.00026858383
0,220320,0.0002685598
0,220330,0.00026853578
0,220340,0.00026851177
0,220350,0.00026848775
0,220360,0.00026846374
0,220370,0.00026843976
0,220380,0.00026841575
0,220390,0.00026839177
0,220400,0.00026836776
0,220410,0.00026834378
0,220420,0.0002683198
0,220430,0.00026829581
0,220440,0.00026827183
0,220450,0.00026824785
0,220460,0.0002682239
0,220470,0.00026819992
0,220480,0.00026817597
0,220490,0.000268152
0,220500,0.00026812806
0,220510,0.0002681041
0,220520,0.00026808016
0,220530,0.0002680562
0,220540,0.00026803225
0,220550,0.00026800833
0,220560,0.00026798437
0,220570,0.00026796045
0,220580,0.00026793653
0,220590,0.0002679126
0,220600,0.00026788868
0,220610,0.00026786476
0,220620,0.00026784086
0,220630,0.00026781694
0,220640,0.00026779305
0,220650,0.00026776912
0,220660,0.00026774523
0,220670,0.00026772133
0,220680,0.00026769744
0,220690,0.00026767355
0,220700,0.00026764965
0,220710,0.0002676258
0,220720,0.0002676019
0,220730,0.00026757803
0,220740,0.00026755416
0,220750,0.0002675303
0,220760,0.00026750643
0,220770,0.00026748257
0,220780,0.0002674587
0,220790,0.00026743484
0,220800,0.000267411
0,220810,0.00026738716
0,220820,0.0002673633
0,220830,0.00026733946
0,220840,0.00026731563
0,220850,0.0002672918
0,220860,0.00026726795
0,220870,0.00026724415
0,220880,0.0002672203
0,220890,0.0002671965
0,220900,0.00026717267
0,220910,0.00026714886
0,220920,0.00026712505
0,220930,0.00026710125
0,220940,0.00026707744
0,220950,0.00026705363
0,220960,0.00026702986
0,220970,0.00026700605
0,220980,0.00026698227
0,220990,0.0002669585
0,221000,0.00026693472
0,221010,0.00026691094
0,221020,0.00026688716
0,221030,0.00026686338
0,221040,0.0002668396
0,221050,0.00026681586
0,221060,0.00026679208
0,221070,0.00026676833
0,221080,0.00026674458
0,221090,0.00026672083
0,221100,0.00026669708
0,221110,0.00026667333
0,221120,0.0002666496
0,221130,0.00026662587
0,221140,0.00026660212
0,221150,0.0002665784
0,221160,0.00026655468
0,221170,0.00026653093
0,221180,0.0002665072
0,221190,0.00026648352
0,221200,0.0002664598
0,221210,0.00026643608
0,221220,0.0002664124
0,221230,0.00026638867
0,221240,0.00026636498
0,221250,0.0002663413
0,221260,0.0002663176
0,221270,0.0002662939
0,221280,0.00026627022
0,221290,0.00026624653
0,221300,0.00026622287
0,221310,0.00026619917
0,221320,0.0002661755
0,221330,0.00026615185
0,221340,0.00026612816
0,221350,0.0002661045
0,221360,0.00026608087
0,221370,0.0002660572
0,221380,0.00026603354
0,221390,0.0002660099
0,221400,0.00026598625
0,221410,0.00026596262
0,221420,0.000265939
0,221430,0.00026591535
0,221440,0.00026589172
0,221450,0.0002658681
0,221460,0.00026584446
0,221470,0.00026582083
0,221480,0.00026579722
0,221490,0.00026577362
0,221500,0.00026575
0,221510,0.00026572638
0,221520,0.00026570278
0,221530,0.00026567918
0,221540,0.0002656556
0,221550,0.000265632
0,221560,0.0002656084
0,221570,0.00026558482
0,221580,0.00026556125
0,221590,0.00026553764
0,221600,0.00026551407
0,221610,0.0002654905
0,221620,0.00026546692
0,221630,0.00026544338
0,221640,0.0002654198
0,221650,0.00026539626
0,221660,0.00026537268
0,221670,0.00026534914
0,221680,0.0002653256
0,221690,0.00026530205
0,221700,0.0002652785
0,221710,0.00026525496
0,221720,0.0002652314
0,221730,0.0002652079
0,221740,0.00026518435
0,221750,0.00026516084
0,221760,0.00026513732
0,221770,0.0002651138
0,221780,0.0002650903
0,221790,0.00026506677
0,221800,0.00026504326
0,221810,0.00026501974
0,221820,0.00026499626
0,221830,0.00026497274
0,221840,0.00026494925
0,221850,0.00026492577
0,221860,0.00026490228
0,221870,0.0002648788
0,221880,0.0002648553
0,221890,0.00026483182
0,221900,0.00026480836
0,221910,0.00026478487
0,221920,0.00026476142
0,221930,0.00026473793
0,221940,0.00026471447
0,221950,0.000264691
0,221960,0.00026466756
0,221970,0.00026464413
0,221980,0.00026462067
0,221990,0.0002645972
0,222000,0.00026457378
0,222010,0.00026455033
0,222020,0.0002645269
0,222030,0.00026450347
0,222040,0.00026448004
0,222050,0.0002644566
0,222060,0.00026443318
0,222070,0.00026440978
0,222080,0.00026438636
0,222090,0.00026436296
0,222100,0.00026433953
0,222110,0.00026431613
0,222120,0.00026429273
0,222130,0.00026426933
0,222140,0.00026424593
0,222150,0.00026422256
0,222160,0.00026419916
0,222170,0.00026417576
0,222180,0.0002641524
0,222190,0.00026412902
0,222200,0.00026410565
0,222210,0.00026408225
0,222220,0.0002640589
0,222230,0.00026403554
0,222240,0.00026401217
0,222250,0.0002639888
0,222260,0.00026396546
0,222270,0.00026394209
0,222280,0.00026391874
0,222290,0.0002638954
0,222300,0.00026387206
0,222310,0.00026384872
0,222320,0.00026382538
0,222330,0.00026380207
0,222340,0.00026377873
0,222350,0.0002637554
0,222360,0.00026373207
0,222370,0.00026370876
0,222380,0.00026368545
0,222390,0.00026366214
0,222400,0.00026363882
0,222410,0.0002636155
0,222420,0.0002635922
0,222430,0.00026356892
0,222440,0.0002635456
0,222450,0.00026352232
0,222460,0.00026349904
0,222470,0.00026347575
0,222480,0.00026345247
0,222490,0.0002634292
0,222500,0.0002634059
0,222510,0.00026338262
0,222520,0.00026335937
0,222530,0.0002633361
0,222540,0.00026331283
0,222550,0.00026328958
0,222560,0.00026326632
0,222570,0.00026324307
0,222580,0.00026321982
0,222590,0.00026319656
0,222600,0.0002631733
0,222610,0.00026315008
0,222620,0.00026312683
0,222630,0.0002631036
0,222640,0.00026308038
0,222650,0.00026305715
0,222660,0.00026303393
0,222670,0.0002630107
0,222680,0.00026298748
0,222690,0.00026296428
0,222700,0.00026294106
0,222710,0.00026291786
0,222720,0.00026289464
0,222730,0.00026287144
0,222740,0.00026284825
0,222750,0.00026282505
0,222760,0.00026280186
0,222770,0.00026277866
0,222780,0.0002627555
0,222790,0.0002627323
0,222800,0.00026270913
0,222810,0.00026268596
0,222820,0.00026266277
0,222830,0.0002626396
0,222840,0.00026261644
0,222850,0.00026259327
0,222860,0.00026257013
0,222870,0.00026254696
0,222880,0.00026252383
0,222890,0.00026250066
0,222900,0.00026247752
0,222910,0.00026245438
0,222920,0.00026243125
0,222930,0.0002624081
0,222940,0.00026238497
0,222950,0.00026236183
0,222960,0.0002623387
0,222970,0.0002623156
0,222980,0.00026229245
0,222990,0.00026226934
0,223000,0.00026224623
0,223010,0.00026222313
0,223020,0.00026220002
0,223030,0.0002621769
0,223040,0.0002621538
0,223050,0.00026213072
0,223060,0.0002621076
0,223070,0.00026208453
0,223080,0.00026206143
0,223090,0.00026203835
0,223100,0.00026201527
0,223110,0.0002619922
0,223120,0.0002619691
0,223130,0.00026194606
0,223140,0.00026192298
0,223150,0.0002618999
0,223160,0.00026187685
0,223170,0.0002618538
0,223180,0.00026183072
0,223190,0.00026180767
0,223200,0.00026178462
0,223210,0.00026176157
0,223220,0.00026173855
0,223230,0.0002617155
0,223240,0.00026169248
0,223250,0.00026166943
0,223260,0.0002616464
0,223270,0.00026162338
0,223280,0.00026160033
0,223290,0.0002615773
0,223300,0.00026155432
0,223310,0.0002615313
0,223320,0.00026150828
0,223330,0.0002614853
0,223340,0.00026146226
0,223350,0.00026143927
0,223360,0.00026141628
0,223370,0.00026139326
0,223380,0.00026137027
0,223390,0.0002613473
0,223400,0.0002613243
0,223410,0.00026130132
0,223420,0.00026127836
0,223430,0.00026125537
0,223440,0.0002612324
0,223450,0.00026120944
0,223460,0.00026118645
0,223470,0.00026116348
0,223480,0.00026114052
0,223490,0.0002611176
0,223500,0.00026109462
0,223510,0.00026107166
0,223520,0.00026104873
0,223530,0.0002610258
0,223540,0.00026100283
0,223550,0.0002609799
0,223560,0.00026095696
0,223570,0.00026093403
0,223580,0.0002609111
0,223590,0.0002608882
0,223600,0.00026086526
0,223610,0.00026084235
0,223620,0.00026081942
0,223630,0.0002607965
0,223640,0.0002607736
0,223650,0.0002607507
0,223660,0.0002607278
0,223670,0.0002607049
0,223680,0.000260682
0,223690,0.0002606591
0,223700,0.0002606362
0,223710,0.00026061333
0,223720,0.00026059043
0,223730,0.00026056755
0,223740,0.00026054468
0,223750,0.0002605218
0,223760,0.00026049893
0,223770,0.00026047605
0,223780,0.0002604532
0,223790,0.00026043033
0,223800,0.00026040748
0,223810,0.0002603846
0,223820,0.00026036176
0,223830,0.00026033891
0,223840,0.00026031607
0,223850,0.00026029322
0,223860,0.00026027038
0,223870,0.00026024756
0,223880,0.0002602247
0,223890,0.0002602019
0,223900,0.00026017905
0,223910,0.00026015623
0,223920,0.0002601334
0,223930,0.0002601106
0,223940,0.00026008778
0,223950,0.00026006496
0,223960,0.00026004214
0,223970,0.00026001935
0,223980,0.00025999654
0,223990,0.00025997375
0,224000,0.00025995096
0,224010,0.00025992814
0,224020,0.00025990536
0,224030,0.00025988257
0,224040,0.00025985978
0,224050,0.00025983702
0,224060,0.00025981423
0,224070,0.00025979144
0,224080,0.00025976868
0,224090,0.00025974592
0,224100,0.00025972317
0,224110,0.00025970038
0,224120,0.00025967762
0,224130,0.0002596549
0,224140,0.00025963213
0,224150,0.00025960937
0,224160,0.0002595866
0,224170,0.00025956388
0,224180,0.00025954115
0,224190,0.0002595184
0,224200,0.00025949566
0,224210,0.00025947293
0,224220,0.0002594502
0,224230,0.00025942747
0,224240,0.00025940477
0,224250,0.00025938204
0,224260,0.00025935934
0,224270,0.0002593366
0,224280,0.0002593139
0,224290,0.0002592912
0,224300,0.0002592685
0,224310,0.0002592458
0,224320,0.0002592231
0,224330,0.0002592004
0,224340,0.0002591777
0,224350,0.00025915503
0,224360,0.00025913233
0,224370,0.00025910966
0,224380,0.00025908698
0,224390,0.0002590643
0,224400,0.00025904164
0,224410,0.00025901897
0,224420,0.0002589963
0,224430,0.00025897363
0,224440,0.00025895095
0,224450,0.0002589283
0,224460,0.00025890567
0,224470,0.000258883
0,224480,0.00025886035
0,224490,0.0002588377
0,224500,0.00025881507
0,224510,0.00025879242
0,224520,0.00025876978
0,224530,0.00025874717
0,224540,0.00025872453
0,224550,0.0002587019
0,224560,0.00025867927
0,224570,0.00025865666
0,224580,0.00025863404
0,224590,0.00025861143
0,224600,0.0002585888
0,224610,0.0002585662
0,224620,0.00025854362
0,224630,0.000258521
0,224640,0.00025849842
0,224650,0.0002584758
0,224660,0.00025845322
0,224670,0.00025843063
0,224680,0.00025840805
0,224690,0.00025838547
0,224700,0.00025836288
0,224710,0.0002583403
0,224720,0.0002583177
0,224730,0.00025829516
0,224740,0.00025827257
0,224750,0.00025825002
0,224760,0.00025822746
0,224770,0.0002582049
0,224780,0.00025818235
0,224790,0.0002581598
0,224800,0.00025813724
0,224810,0.00025811468
0,224820,0.00025809213
0,224830,0.0002580696
0,224840,0.00025804708
0,224850,0.00025802452
0,224860,0.000258002
0,224870,0.00025797947
0,224880,0.00025795694
0,224890,0.0002579344
0,224900,0.0002579119
0,224910,0.0002578894
0,224920,0.00025786686
0,224930,0.00025784437
0,224940,0.00025782184
0,224950,0.00025779934
0,224960,0.00025777685
0,224970,0.00025775435
0,224980,0.00025773185
0,224990,0.00025770935
0,225000,0.00025768686
0,225010,0.0002576644
0,225020,0.0002576419
0,225030,0.00025761942
0,225040,0.00025759693
0,225050,0.00025757446
0,225060,0.000257552
0,225070,0.00025752952
0,225080,0.00025750705
0,225090,0.0002574846
0,225100,0.00025746215
0,225110,0.00025743968
0,225120,0.0002574172
0,225130,0.00025739477
0,225140,0.00025737233
0,225150,0.0002573499
0,225160,0.00025732745
0,225170,0.00025730502
0,225180,0.00025728258
0,225190,0.00025726014
0,225200,0.0002572377
0,225210,0.0002572153
0,225220,0.00025719285
0,225230,0.00025717044
0,225240,0.00025714803
0,225250,0.0002571256
0,225260,0.00025710318
0,225270,0.00025708077
0,225280,0.0002570584
0,225290,0.00025703598
0,225300,0.00025701357
0,225310,0.0002569912
0,225320,0.00025696878
0,225330,0.0002569464
0,225340,0.00025692402
0,225350,0.00025690164
0,225360,0.00025687923
0,225370,0.00025685687
0,225380,0.0002568345
0,225390,0.0002568121
0,225400,0.00025678973
0,225410,0.00025676738
0,225420,0.000256745
0,225430,0.00025672265
0,225440,0.0002567003
0,225450,0.00025667794
0,225460,0.0002566556
0,225470,0.00025663324
0,225480,0.0002566109
0,225490,0.00025658854
0,225500,0.0002565662
0,225510,0.00025654386
0,225520,0.00025652154
0,225530,0.00025649922
0,225540,0.0002564769
0,225550,0.00025645454
0,225560,0.00025643222
0,225570,0.00025640993
0,225580,0.0002563876
0,225590,0.00025636528
0,225600,0.000256343
0,225610,0.00025632067
0,225620,0.00025629837
0,225630,0.00025627605
0,225640,0.00025625376
0,225650,0.00025623146
0,225660,0.00025620917
0,225670,0.00025618688
0,225680,0.0002561646
0,225690,0.00025614232
0,225700,0.00025612002
0,225710,0.00025609776
0,225720,0.0002560755
0,225730,0.0002560532
0,225740,0.00025603094
0,225750,0.00025600867
0,225760,0.0002559864
0,225770,0.00025596414
0,225780,0.0002559419
0,225790,0.00025591964
0,225800,0.00025589738
0,225810,0.00025587514
0,225820,0.0002558529
0,225830,0.00025583064
0,225840,0.0002558084
0,225850,0.00025578617
0,225860,0.00025576394
0,225870,0.0002557417
0,225880,0.0002557195
0,225890,0.00025569726
0,225900,0.00025567506
0,225910,0.00025565282
0,225920,0.0002556306
0,225930,0.0002556084
0,225940,0.00025558617
0,225950,0.00025556397
0,225960,0.00025554176
0,225970,0.00025551958
0,225980,0.00025549738
0,225990,0.00025547517
0,226000,0.000255453
0,226010,0.0002554308
0,226020,0.0002554086
0,226030,0.00025538643
0,226040,0.00025536426
0,226050,0.00025534208
0,226060,0.0002553199
0,226070,0.00025529772
0,226080,0.00025527555
0,226090,0.0002552534
0,226100,0.00025523122
0,226110,0.00025520907
0,226120,0.0002551869
0,226130,0.00025516475
0,226140,0.0002551426
0,226150,0.00025512045
0,226160,0.0002550983
0,226170,0.00025507616
0,226180,0.000255054
0,226190,0.0002550319
0,226200,0.00025500974
0,226210,0.00025498762
0,226220,0.0002549655
0,226230,0.00025494336
0,226240,0.00025492124
0,226250,0.00025489912
0,226260,0.000254877
0,226270,0.00025485488
0,226280,0.0002548328
0,226290,0.00025481067
0,226300,0.00025478855
0,226310,0.00025476646
0,226320,0.00025474437
0,226330,0.00025472228
0,226340,0.00025470016
0,226350,0.00025467807
0,226360,0.00025465598
0,226370,0.00025463392
0,226380,0.00025461183
0,226390,0.00025458974
0,226400,0.00025456768
0,226410,0.0002545456
0,226420,0.00025452353
0,226430,0.00025450147
0,226440,0.0002544794
0,226450,0.00025445735
0,226460,0.0002544353
0,226470,0.00025441323
0,226480,0.00025439117
0,226490,0.0002543691
0,226500,0.00025434708
0,226510,0.00025432502
0,226520,0.00025430298
0,226530,0.00025428095
0,226540,0.00025425892
0,226550,0.0002542369
0,226560,0.00025421486
0,226570,0.00025419283
0,226580,0.0002541708
0,226590,0.00025414876
0,226600,0.00025412676
0,226610,0.00025410473
0,226620,0.00025408273
0,226630,0.00025406072
0,226640,0.00025403872
0,226650,0.00025401672
0,226660,0.00025399472
0,226670,0.0002539727
0,226680,0.0002539507
0,226690,0.0002539287
0,226700,0.00025390674
0,226710,0.00025388473
0,226720,0.00025386276
0,226730,0.0002538408
0,226740,0.00025381878
0,226750,0.0002537968
0,226760,0.00025377484
0,226770,0.00025375286
0,226780,0.00025373092
0,226790,0.00025370895
0,226800,0.00025368697
0,226810,0.00025366503
0,226820,0.00025364308
0,226830,0.0002536211
0,226840,0.00025359917
0,226850,0.00025357722
0,226860,0.00025355528
0,226870,0.00025353333
0,226880,0.0002535114
0,226890,0.00025348947
0,226900,0.00025346753
0,226910,0.00025344559
0,226920,0.00025342367
0,226930,0.00025340175
0,226940,0.0002533798
0,226950,0.0002533579
0,226960,0.00025333598
0,226970,0.00025331407
0,226980,0.00025329218
0,226990,0.00025327026
0,227000,0.00025324835
0,227010,0.00025322646
0,227020,0.00025320455
0,227030,0.00025318266
0,227040,0.00025316078
0,227050,0.0002531389
0,227060,0.00025311697
0,227070,0.00025309512
0,227080,0.00025307323
0,227090,0.00025305134
0,227100,0.00025302946
0,227110,0.0002530076
0,227120,0.00025298572
0,227130,0.00025296386
0,227140,0.000252942
0,227150,0.00025292012
0,227160,0.00025289826
0,227170,0.0002528764
0,227180,0.00025285454
0,227190,0.00025283272
0,227200,0.00025281086
0,227210,0.000252789
0,227220,0.00025276717
0,227230,0.00025274532
0,227240,0.0002527235
0,227250,0.00025270166
0,227260,0.00025267983
0,227270,0.000252658
0,227280,0.00025263618
0,227290,0.00025261435
0,227300,0.00025259252
0,227310,0.00025257072
0,227320,0.0002525489
0,227330,0.0002525271
0,227340,0.00025250527
0,227350,0.00025248347
0,227360,0.00025246167
0,227370,0.00025243987
0,227380,0.00025241807
0,227390,0.00025239628
0,227400,0.00025237448
0,227410,0.0002523527
0,227420,0.0002523309
0,227430,0.00025230914
0,227440,0.00025228734
0,227450,0.00025226557
0,227460,0.0002522438
0,227470,0.00025222203
0,227480,0.00025220026
0,227490,0.0002521785
0,227500,0.00025215672
0,227510,0.00025213495
0,227520,0.0002521132
0,227530,0.00025209144
0,227540,0.0002520697
0,227550,0.00025204796
0,227560,0.0002520262
0,227570,0.00025200445
0,227580,0.0002519827
0,227590,0.00025196097
0,227600,0.00025193923
0,227610,0.00025191752
0,227620,0.00025189578
0,227630,0.00025187404
0,227640,0.00025185233
0,227650,0.0002518306
0,227660,0.00025180887
0,227670,0.00025178716
0,227680,0.00025176545
0,227690,0.00025174374
0,227700,0.00025172203
0,227710,0.00025170032
0,227720,0.00025167863
0,227730,0.00025165692
0,227740,0.00025163524
0,227750,0.00025161353
0,227760,0.00025159185
0,227770,0.00025157016
0,227780,0.00025154848
0,227790,0.00025152677
0,227800,0.00025150512
0,227810,0.00025148343
0,227820,0.00025146175
0,227830,0.00025144007
0,227840,0.00025141842
0,227850,0.00025139673
0,227860,0.00025137508
0,227870,0.00025135343
0,227880,0.00025133174
0,227890,0.0002513101
0,227900,0.00025128844
0,227910,0.0002512668
0,227920,0.00025124516
0,227930,0.0002512235
0,227940,0.00025120185
0,227950,0.00025118023
0,227960,0.00025115858
0,227970,0.00025113695
0,227980,0.00025111533
0,227990,0.0002510937
0,228000,0.00025107208
0,228010,0.00025105046
0,228020,0.00025102883
0,228030,0.0002510072
0,228040,0.0002509856
0,228050,0.000250964
0,228060,0.00025094236
0,228070,0.00025092077
0,228080,0.00025089917
0,228090,0.00025087758
0,228100,0.00025085598
0,228110,0.0002508344
0,228120,0.0002508128
0,228130,0.0002507912
0,228140,0.0002507696
0,228150,0.000250748
0,228160,0.00025072644
0,228170,0.00025070485
0,228180,0.00025068328
0,228190,0.00025066172
0,228200,0.00025064015
0,228210,0.00025061858
0,228220,0.00025059702
0,228230,0.00025057545
0,228240,0.0002505539
0,228250,0.00025053232
0,228260,0.00025051078
0,228270,0.00025048922
0,228280,0.00025046768
0,228290,0.00025044614
0,228300,0.00025042458
0,228310,0.00025040304
0,228320,0.0002503815
0,228330,0.00025035997
0,228340,0.00025033843
0,228350,0.00025031692
0,228360,0.0002502954
0,228370,0.00025027385
0,228380,0.00025025234
0,228390,0.00025023083
0,228400,0.0002502093
0,228410,0.0002501878
0,228420,0.00025016628
0,228430,0.00025014477
0,228440,0.00025012327
0,228450,0.00025010176
0,228460,0.00025008028
0,228470,0.00025005877
0,228480,0.00025003726
0,228490,0.0002500158
0,228500,0.0002499943
0,228510,0.0002499728
0,228520,0.00024995132
0,228530,0.00024992984
0,228540,0.00024990836
0,228550,0.00024988689
0,228560,0.0002498654
0,228570,0.00024984396
0,228580,0.00024982248
0,228590,0.00024980103
0,228600,0.00024977955
0,228610,0.0002497581
0,228620,0.00024973665
0,228630,0.00024971517
0,228640,0.00024969372
0,228650,0.00024967227
0,228660,0.00024965085
0,228670,0.0002496294
0,228680,0.00024960795
0,228690,0.0002495865
0,228700,0.00024956508
0,228710,0.00024954366
0,228720,0.0002495222
0,228730,0.0002495008
0,228740,0.00024947937
0,228750,0.00024945795
0,228760,0.00024943653
0,228770,0.0002494151
0,228780,0.0002493937
0,228790,0.0002493723
0,228800,0.00024935088
0,228810,0.0002493295
0,228820,0.00024930807
0,228830,0.00024928668
0,228840,0.0002492653
0,228850,0.0002492439
0,228860,0.0002492225
0,228870,0.0002492011
0,228880,0.00024917972
0,228890,0.00024915833
0,228900,0.00024913694
0,228910,0.00024911558
0,228920,0.00024909418
0,228930,0.00024907282
0,228940,0.00024905146
0,228950,0.0002490301
0,228960,0.0002490087
0,228970,0.00024898734
0,228980,0.00024896598
0,228990,0.00024894465
0,229000,0.0002489233
0,229010,0.00024890192
0,229020,0.0002488806
0,229030,0.00024885923
0,229040,0.0002488379
0,229050,0.00024881656
0,229060,0.0002487952
0,229070,0.00024877387
0,229080,0.00024875253
0,229090,0.0002487312
0,229100,0.0002487099
0,229110,0.00024868856
0,229120,0.00024866723
0,229130,0.00024864593
0,229140,0.0002486246
0,229150,0.0002486033
0,229160,0.000248582
0,229170,0.00024856065
0,229180,0.00024853935
0,229190,0.00024851804
0,229200,0.00024849674
0,229210,0.00024847547
0,229220,0.00024845416
0,229230,0.00024843286
0,229240,0.00024841158
0,229250,0.00024839028
0,229260,0.000248369
0,229270,0.00024834773
0,229280,0.00024832643
0,229290,0.00024830515
0,229300,0.00024828388
0,229310,0.0002482626
0,229320,0.00024824135
0,229330,0.00024822008
0,229340,0.0002481988
0,229350,0.00024817756
0,229360,0.00024815628
0,229370,0.00024813504
0,229380,0.0002481138
0,229390,0.00024809252
0,229400,0.00024807127
0,229410,0.00024805003
0,229420,0.00024802878
0,229430,0.00024800756
0,229440,0.00024798632
0,229450,0.00024796507
0,229460,0.00024794386
0,229470,0.0002479226
0,229480,0.0002479014
0,229490,0.00024788018
0,229500,0.00024785893
0,229510,0.0002478377
0,229520,0.0002478165
0,229530,0.00024779528
0,229540,0.0002477741
0,229550,0.00024775288
0,229560,0.00024773166
0,229570,0.00024771047
0,229580,0.00024768926
0,229590,0.00024766807
0,229600,0.00024764688
0,229610,0.00024762566
0,229620,0.00024760448
0,229630,0.0002475833
0,229640,0.0002475621
0,229650,0.00024754094
0,229660,0.00024751975
0,229670,0.00024749857
0,229680,0.0002474774
0,229690,0.00024745622
0,229700,0.00024743506
0,229710,0.00024741387
0,229720,0.00024739272
0,229730,0.00024737156
0,229740,0.0002473504
0,229750,0.00024732924
0,229760,0.00024730808
0,229770,0.00024728695
0,229780,0.0002472658
0,229790,0.00024724464
0,229800,0.0002472235
0,229810,0.00024720235
0,229820,0.00024718122
0,229830,0.0002471601
0,229840,0.00024713896
0,229850,0.00024711783
0,229860,0.0002470967
0,229870,0.00024707557
0,229880,0.00024705444
0,229890,0.0002470333
0,229900,0.0002470122
0,229910,0.00024699108
0,229920,0.00024696998
0,229930,0.00024694888
0,229940,0.00024692775
0,229950,0.00024690665
0,229960,0.00024688555
0,229970,0.00024686445
0,229980,0.00024684335
0,229990,0.00024682228
0,230000,0.00024680118
0,230010,0.00024678008
0,230020,0.000246759
0,230030,0.0002467379
0,230040,0.00024671684
0,230050,0.00024669577
0,230060,0.00024667467
0,230070,0.0002466536
0,230080,0.00024663252
0,230090,0.00024661148
0,230100,0.0002465904
0,230110,0.00024656934
0,230120,0.00024654827
0,230130,0.00024652723
0,230140,0.00024650616
0,230150,0.0002464851
0,230160,0.00024646407
0,230170,0.000246443
0,230180,0.00024642196
0,230190,0.00024640092
0,230200,0.00024637987
0,230210,0.00024635886
0,230220,0.00024633782
0,230230,0.00024631678
0,230240,0.00024629576
0,230250,0.00024627472
0,230260,0.0002462537
0,230270,0.00024623267
0,230280,0.00024621165
0,230290,0.00024619064
0,230300,0.00024616963
0,230310,0.00024614861
0,230320,0.0002461276
0,230330,0.0002461066
0,230340,0.0002460856
0,230350,0.0002460646
0,230360,0.0002460436
0,230370,0.0002460226
0,230380,0.0002460016
0,230390,0.00024598063
0,230400,0.0002459596
0,230410,0.00024593863
0,230420,0.00024591765
0,230430,0.0002458967
0,230440,0.0002458757
0,230450,0.00024585472
0,230460,0.00024583374
0,230470,0.0002458128
0,230480,0.0002457918
0,230490,0.00024577085
0,230500,0.0002457499
0,230510,0.00024572894
0,230520,0.00024570795
0,230530,0.000245687
0,230540,0.00024566604
0,230550,0.00024564512
0,230560,0.00024562416
0,230570,0.0002456032
0,230580,0.00024558228
0,230590,0.00024556133
0,230600,0.0002455404
0,230610,0.00024551945
0,230620,0.00024549852
0,230630,0.0002454776
0,230640,0.00024545667
0,230650,0.00024543575
0,230660,0.00024541482
0,230670,0.0002453939
0,230680,0.000245373
0,230690,0.00024535207
0,230700,0.00024533115
0,230710,0.00024531025
0,230720,0.00024528935
0,230730,0.00024526843
0,230740,0.00024524753
0,230750,0.00024522663
0,230760,0.00024520574
0,230770,0.00024518484
0,230780,0.00024516394
0,230790,0.00024514308
0,230800,0.00024512218
0,230810,0.00024510128
0,230820,0.00024508042
0,230830,0.00024505952
0,230840,0.00024503865
0,230850,0.00024501779
0,230860,0.00024499692
0,230870,0.00024497605
0,230880,0.00024495518
0,230890,0.00024493432
0,230900,0.00024491345
0,230910,0.00024489258
0,230920,0.00024487174
0,230930,0.00024485087
0,230940,0.00024483004
0,230950,0.00024480917
0,230960,0.00024478833
0,230970,0.0002447675
0,230980,0.00024474665
0,230990,0.00024472582
0,231000,0.00024470498
0,231010,0.00024468414
0,231020,0.0002446633
0,231030,0.0002446425
0,231040,0.00024462165
0,231050,0.00024460084
0,231060,0.00024458
0,231070,0.0002445592
0,231080,0.0002445384
0,231090,0.00024451755
0,231100,0.00024449674
0,231110,0.00024447593
0,231120,0.00024445515
0,231130,0.00024443434
0,231140,0.00024441353
0,231150,0.00024439272
0,231160,0.00024437194
0,231170,0.00024435113
0,231180,0.00024433035
0,231190,0.00024430957
0,231200,0.0002442888
0,231210,0.00024426798
0,231220,0.0002442472
0,231230,0.00024422642
0,231240,0.00024420567
0,231250,0.0002441849
0,231260,0.0002441641
0,231270,0.00024414336
0,231280,0.00024412258
0,231290,0.00024410182
0,231300,0.00024408106
0,231310,0.0002440603
0,231320,0.00024403955
0,231330,0.0002440188
0,231340,0.00024399805
0,231350,0.0002439773
0,231360,0.00024395654
0,231370,0.0002439358
0,231380,0.00024391506
0,231390,0.00024389432
0,231400,0.00024387358
0,231410,0.00024385285
0,231420,0.00024383212
0,231430,0.00024381139
0,231440,0.00024379067
0,231450,0.00024376994
0,231460,0.00024374922
0,231470,0.0002437285
0,231480,0.0002437078
0,231490,0.00024368707
0,231500,0.00024366636
0,231510,0.00024364566
0,231520,0.00024362495
0,231530,0.00024360424
0,231540,0.00024358353
0,231550,0.00024356284
0,231560,0.00024354215
0,231570,0.00024352146
0,231580,0.00024350076
0,231590,0.00024348007
0,231600,0.00024345939
0,231610,0.0002434387
0,231620,0.00024341802
0,231630,0.00024339734
0,231640,0.00024337666
0,231650,0.00024335599
0,231660,0.00024333532
0,231670,0.00024331464
0,231680,0.00024329398
0,231690,0.00024327332
0,231700,0.00024325265
0,231710,0.000243232
0,231720,0.00024321134
0,231730,0.00024319069
0,231740,0.00024317004
0,231750,0.00024314939
0,231760,0.00024312874
0,231770,0.0002431081
0,231780,0.00024308746
0,231790,0.00024306681
0,231800,0.00024304618
0,231810,0.00024302554
0,231820,0.0002430049
0,231830,0.00024298429
0,231840,0.00024296365
0,231850,0.00024294303
0,231860,0.00024292241
0,231870,0.00024290179
0,231880,0.00024288117
0,231890,0.00024286055
0,231900,0.00024283995
0,231910,0.00024281933
0,231920,0.00024279872
0,231930,0.00024277811
0,231940,0.00024275752
0,231950,0.00024273692
0,231960,0.00024271631
0,231970,0.00024269572
0,231980,0.00024267513
0,231990,0.00024265454
0,232000,0.00024263395
0,232010,0.00024261337
0,232020,0.00024259278
0,232030,0.0002425722
0,232040,0.00024255163
0,232050,0.00024253105
0,232060,0.00024251048
0,232070,0.0002424899
0,232080,0.00024246934
0,232090,0.00024244878
0,232100,0.00024242821
0,232110,0.00024240765
0,232120,0.00024238709
0,232130,0.00024236653
0,232140,0.00024234598
0,232150,0.00024232543
0,232160,0.00024230487
0,232170,0.00024228432
0,232180,0.00024226379
0,232190,0.00024224324
0,232200,0.00024222271
0,232210,0.00024220216
0,232220,0.00024218163
0,232230,0.0002421611
0,232240,0.00024214058
0,232250,0.00024212005
0,232260,0.00024209953
0,232270,0.000242079
0,232280,0.00024205848
0,232290,0.00024203796
0,232300,0.00024201746
0,232310,0.00024199694
0,232320,0.00024197642
0,232330,0.00024195592
0,232340,0.00024193541
0,232350,0.00024191491
0,232360,0.0002418944
0,232370,0.00024187392
0,232380,0.00024185341
0,232390,0.00024183292
0,232400,0.00024181243
0,232410,0.00024179195
0,232420,0.00024177146
0,232430,0.00024175098
0,232440,0.0002417305
0,232450,0.00024171002
0,232460,0.00024168954
0,232470,0.00024166907
0,232480,0.0002416486
0,232490,0.00024162813
0,232500,0.00024160766
0,232510,0.0002415872
0,232520,0.00024156674
0,232530,0.00024154628
0,232540,0.00024152582
0,232550,0.00024150536
0,232560,0.00024148492
0,232570,0.00024146447
0,232580,0.00024144402
0,232590,0.00024142358
0,232600,0.00024140313
0,232610,0.00024138269
0,232620,0.00024136226
0,232630,0.00024134183
0,232640,0.00024132138
0,232650,0.00024130096
0,232660,0.00024128053
0,232670,0.0002412601
0,232680,0.00024123969
0,232690,0.00024121926
0,232700,0.00024119884
0,232710,0.00024117842
0,232720,0.000241158
0,232730,0.0002411376
0,232740,0.00024111719
0,232750,0.00024109679
0,232760,0.00024107638
0,232770,0.00024105598
0,232780,0.00024103558
0,232790,0.00024101518
0,232800,0.00024099479
0,232810,0.0002409744
0,232820,0.00024095402
0,232830,0.00024093363
0,232840,0.00024091324
0,232850,0.00024089286
0,232860,0.00024087248
0,232870,0.0002408521
0,232880,0.00024083172
0,232890,0.00024081135
0,232900,0.00024079098
0,232910,0.00024077062
0,232920,0.00024075025
0,232930,0.00024072989
0,232940,0.00024070953
0,232950,0.00024068917
0,232960,0.00024066881
0,232970,0.00024064846
0,232980,0.0002406281
0,232990,0.00024060775
0,233000,0.00024058741
0,233010,0.00024056707
0,233020,0.00024054672
0,233030,0.00024052638
0,233040,0.00024050605
0,233050,0.00024048571
0,233060,0.00024046538
0,233070,0.00024044505
0,233080,0.00024042472
0,233090,0.0002404044
0,233100,0.00024038408
0,233110,0.00024036376
0,233120,0.00024034343
0,233130,0.00024032312
0,233140,0.0002403028
0,233150,0.0002402825
0,233160,0.00024026219
0,233170,0.00024024189
0,233180,0.00024022158
0,233190,0.00024020128
0,233200,0.00024018098
0,233210,0.00024016069
0,233220,0.00024014039
0,233230,0.00024012009
0,233240,0.0002400998
0,233250,0.00024007952
0,233260,0.00024005923
0,233270,0.00024003895
0,233280,0.00024001868
0,233290,0.0002399984
0,233300,0.00023997812
0,233310,0.00023995785
0,233320,0.00023993758
0,233330,0.00023991731
0,233340,0.00023989704
0,233350,0.00023987678
0,233360,0.00023985651
0,233370,0.00023983626
0,233380,0.000239816
0,233390,0.00023979574
0,233400,0.0002397755
0,233410,0.00023975525
0,233420,0.000239735
0,233430,0.00023971476
0,233440,0.00023969452
0,233450,0.00023967428
0,233460,0.00023965404
0,233470,0.00023963381
0,233480,0.00023961357
0,233490,0.00023959334
0,233500,0.00023957311
0,233510,0.00023955289
0,233520,0.00023953266
0,233530,0.00023951245
0,233540,0.00023949222
0,233550,0.000239472
0,233560,0.0002394518
0,233570,0.00023943158
0,233580,0.00023941137
0,233590,0.00023939116
0,233600,0.00023937096
0,233610,0.00023935076
0,233620,0.00023933056
0,233630,0.00023931036
0,233640,0.00023929017
0,233650,0.00023926997
0,233660,0.00023924978
0,233670,0.00023922959
0,233680,0.0002392094
0,233690,0.00023918922
0,233700,0.00023916904
0,233710,0.00023914887
0,233720,0.00023912868
0,233730,0.00023910851
0,233740,0.00023908835
0,233750,0.00023906818
0,233760,0.00023904801
0,233770,0.00023902784
0,233780,0.00023900767
0,233790,0.00023898752
0,233800,0.00023896736
0,233810,0.0002389472
0,233820,0.00023892705
0,233830,0.0002389069
0,233840,0.00023888674
0,233850,0.0002388666
0,233860,0.00023884646
0,233870,0.00023882631
0,233880,0.00023880618
0,233890,0.00023878604
0,233900,0.0002387659
0,233910,0.00023874578
0,233920,0.00023872564
0,233930,0.00023870551
0,233940,0.00023868539
0,233950,0.00023866526
0,233960,0.00023864515
0,233970,0.00023862503
0,233980,0.00023860492
0,233990,0.00023858479
0,234000,0.00023856468
0,234010,0.00023854458
0,234020,0.00023852447
0,234030,0.00023850436
0,234040,0.00023848427
0,234050,0.00023846417
0,234060,0.00023844407
0,234070,0.00023842398
0,234080,0.00023840388
0,234090,0.00023838379
0,234100,0.0002383637
0,234110,0.00023834361
0,234120,0.00023832353
0,234130,0.00023830344
0,234140,0.00023828338
0,234150,0.0002382633
0,234160,0.00023824321
0,234170,0.00023822315
0,234180,0.00023820308
0,234190,0.00023818301
0,234200,0.00023816295
0,234210,0.00023814288
0,234220,0.00023812283
0,234230,0.00023810276
0,234240,0.0002380827
0,234250,0.00023806265
0,234260,0.0002380426
0,234270,0.00023802255
0,234280,0.00023800251
0,234290,0.00023798246
0,234300,0.00023796242
0,234310,0.00023794238
0,234320,0.00023792234
0,234330,0.0002379023
0,234340,0.00023788227
0,234350,0.00023786224
0,234360,0.00023784222
0,234370,0.00023782218
0,234380,0.00023780216
0,234390,0.00023778215
0,234400,0.00023776213
0,234410,0.0002377421
0,234420,0.0002377221
0,234430,0.00023770209
0,234440,0.00023768208
0,234450,0.00023766207
0,234460,0.00023764206
0,234470,0.00023762205
0,234480,0.00023760206
0,234490,0.00023758206
0,234500,0.00023756205
0,234510,0.00023754206
0,234520,0.00023752208
0,234530,0.00023750208
0,234540,0.00023748209
0,234550,0.00023746211
0,234560,0.00023744213
0,234570,0.00023742215
0,234580,0.00023740217
0,234590,0.00023738219
0,234600,0.00023736223
0,234610,0.00023734225
0,234620,0.00023732228
0,234630,0.00023730232
0,234640,0.00023728235
0,234650,0.00023726239
0,234660,0.00023724244
0,234670,0.00023722247
0,234680,0.00023720252
0,234690,0.00023718257
0,234700,0.00023716262
0,234710,0.00023714267
0,234720,0.00023712272
0,234730,0.00023710278
0,234740,0.00023708283
0,234750,0.0002370629
0,234760,0.00023704296
0,234770,0.00023702302
0,234780,0.0002370031
0,234790,0.00023698316
0,234800,0.00023696323
0,234810,0.0002369433
0,234820,0.00023692338
0,234830,0.00023690346
0,234840,0.00023688354
0,234850,0.00023686363
0,234860,0.00023684371
0,234870,0.0002368238
0,234880,0.0002368039
0,234890,0.00023678399
0,234900,0.00023676408
0,234910,0.00023674418
0,234920,0.00023672427
0,234930,0.00023670438
0,234940,0.00023668449
0,234950,0.0002366646
0,234960,0.0002366447
0,234970,0.00023662481
0,234980,0.00023660492
0,234990,0.00023658504
0,235000,0.00023656516
0,235010,0.00023654527
0,235020,0.00023652539
0,235030,0.00023650553
0,235040,0.00023648565
0,235050,0.00023646577
0,235060,0.0002364459
0,235070,0.00023642604
0,235080,0.00023640618
0,235090,0.00023638632
0,235100,0.00023636645
0,235110,0.00023634659
0,235120,0.00023632674
0,235130,0.00023630689
0,235140,0.00023628703
0,235150,0.00023626718
0,235160,0.00023624735
0,235170,0.0002362275
0,235180,0.00023620765
0,235190,0.00023618781
0,235200,0.00023616798
0,235210,0.00023614815
0,235220,0.00023612831
0,235230,0.00023610848
0,235240,0.00023608864
0,235250,0.00023606882
0,235260,0.000236049
0,235270,0.00023602918
0,235280,0.00023600936
0,235290,0.00023598954
0,235300,0.00023596972
0,235310,0.00023594992
0,235320,0.0002359301
0,235330,0.0002359103
0,235340,0.00023589049
0,235350,0.00023587068
0,235360,0.00023585088
0,235370,0.00023583109
0,235380,0.00023581128
0,235390,0.0002357915
0,235400,0.0002357717
0,235410,0.00023575191
0,235420,0.00023573212
0,235430,0.00023571233
0,235440,0.00023569255
0,235450,0.00023567276
0,235460,0.00023565299
0,235470,0.00023563321
0,235480,0.00023561344
0,235490,0.00023559366
0,235500,0.0002355739
0,235510,0.00023555412
0,235520,0.00023553436
0,235530,0.0002355146
0,235540,0.00023549484
0,235550,0.00023547508
0,235560,0.00023545531
0,235570,0.00023543557
0,235580,0.00023541582
0,235590,0.00023539606
0,235600,0.00023537631
0,235610,0.00023535657
0,235620,0.00023533683
0,235630,0.00023531709
0,235640,0.00023529734
0,235650,0.0002352776
0,235660,0.00023525787
0,235670,0.00023523814
0,235680,0.00023521841
0,235690,0.00023519868
0,235700,0.00023517896
0,235710,0.00023515924
0,235720,0.00023513951
0,235730,0.00023511979
0,235740,0.00023510007
0,235750,0.00023508036
0,235760,0.00023506065
0,235770,0.00023504093
0,235780,0.00023502123
0,235790,0.00023500153
0,235800,0.00023498182
0,235810,0.00023496212
0,235820,0.00023494242
0,235830,0.00023492273
0,235840,0.00023490303
0,235850,0.00023488334
0,235860,0.00023486365
0,235870,0.00023484396
0,235880,0.00023482427
0,235890,0.00023480458
0,235900,0.00023478491
0,235910,0.00023476523
0,235920,0.00023474554
0,235930,0.00023472587
0,235940,0.0002347062
0,235950,0.00023468654
0,235960,0.00023466686
0,235970,0.0002346472
0,235980,0.00023462753
0,235990,0.00023460787
0,236000,0.00023458821
0,236010,0.00023456855
0,236020,0.0002345489
0,236030,0.00023452925
0,236040,0.0002345096
0,236050,0.00023448995
0,236060,0.0002344703
0,236070,0.00023445066
0,236080,0.00023443102
0,236090,0.00023441137
0,236100,0.00023439174
0,236110,0.0002343721
0,236120,0.00023435247
0,236130,0.00023433284
0,236140,0.00023431321
0,236150,0.00023429359
0,236160,0.00023427396
0,236170,0.00023425434
0,236180,0.00023423471
0,236190,0.0002342151
0,236200,0.00023419548
0,236210,0.00023417587
0,236220,0.00023415626
0,236230,0.00023413665
0,236240,0.00023411705
0,236250,0.00023409745
0,236260,0.00023407784
0,236270,0.00023405824
0,236280,0.00023403864
0,236290,0.00023401904
0,236300,0.00023399945
0,236310,0.00023397985
0,236320,0.00023396027
0,236330,0.00023394068
0,236340,0.00023392109
0,236350,0.00023390152
0,236360,0.00023388193
0,236370,0.00023386236
0,236380,0.00023384277
0,236390,0.0002338232
0,236400,0.00023380363
0,236410,0.00023378407
0,236420,0.0002337645
0,236430,0.00023374493
0,236440,0.00023372537
0,236450,0.00023370581
0,236460,0.00023368625
0,236470,0.0002336667
0,236480,0.00023364714
0,236490,0.00023362758
0,236500,0.00023360804
0,236510,0.0002335885
0,236520,0.00023356894
0,236530,0.00023354939
0,236540,0.00023352986
0,236550,0.00023351032
0,236560,0.00023349078
0,236570,0.00023347125
0,236580,0.00023345172
0,236590,0.00023343218
0,236600,0.00023341265
0,236610,0.00023339313
0,236620,0.0002333736
0,236630,0.00023335408
0,236640,0.00023333456
0,236650,0.00023331505
0,236660,0.00023329553
0,236670,0.00023327602
0,236680,0.0002332565
0,236690,0.00023323699
0,236700,0.00023321749
0,236710,0.00023319799
0,236720,0.00023317848
0,236730,0.00023315898
0,236740,0.00023313948
0,236750,0.00023312
0,236760,0.0002331005
0,236770,0.00023308101
0,236780,0.00023306151
0,236790,0.00023304202
0,236800,0.00023302254
0,236810,0.00023300305
0,236820,0.00023298358
0,236830,0.0002329641
0,236840,0.00023294463
0,236850,0.00023292514
0,236860,0.00023290567
0,236870,0.0002328862
0,236880,0.00023286675
0,236890,0.00023284728
0,236900,0.0002328278
0,236910,0.00023280835
0,236920,0.0002327889
0,236930,0.00023276944
0,236940,0.00023274998
0,236950,0.00023273053
0,236960,0.00023271107
0,236970,0.00023269163
0,236980,0.00023267217
0,236990,0.00023265273
0,237000,0.00023263329
0,237010,0.00023261385
0,237020,0.00023259442
0,237030,0.00023257498
0,237040,0.00023255555
0,237050,0.00023253611
0,237060,0.00023251669
0,237070,0.00023249726
0,237080,0.00023247783
0,237090,0.00023245842
0,237100,0.000232439
0,237110,0.00023241958
0,237120,0.00023240015
0,237130,0.00023238074
0,237140,0.00023236133
0,237150,0.00023234192
0,237160,0.00023232252
0,237170,0.00023230311
0,237180,0.00023228371
0,237190,0.0002322643
0,237200,0.0002322449
0,237210,0.0002322255
0,237220,0.00023220612
0,237230,0.00023218672
0,237240,0.00023216732
0,237250,0.00023214794
0,237260,0.00023212856
0,237270,0.00023210917
0,237280,0.00023208979
0,237290,0.00023207041
0,237300,0.00023205102
0,237310,0.00023203166
0,237320,0.00023201229
0,237330,0.0002319929
0,237340,0.00023197354
0,237350,0.00023195417
0,237360,0.00023193481
0,237370,0.00023191544
0,237380,0.00023189609
0,237390,0.00023187672
0,237400,0.00023185737
0,237410,0.00023183801
0,237420,0.00023181866
0,237430,0.00023179932
0,237440,0.00023177997
0,237450,0.00023176063
0,237460,0.00023174127
0,237470,0.00023172193
0,237480,0.0002317026
0,237490,0.00023168325
0,237500,0.00023166393
0,237510,0.00023164459
0,237520,0.00023162526
0,237530,0.00023160593
0,237540,0.0002315866
0,237550,0.00023156728
0,237560,0.00023154795
0,237570,0.00023152864
0,237580,0.00023150932
0,237590,0.00023149
0,237600,0.00023147068
0,237610,0.00023145137
0,237620,0.00023143206
0,237630,0.00023141276
0,237640,0.00023139345
0,237650,0.00023137414
0,237660,0.00023135485
0,237670,0.00023133555
0,237680,0.00023131625
0,237690,0.00023129696
0,237700,0.00023127766
0,237710,0.00023125837
0,237720,0.00023123909
0,237730,0.00023121979
0,237740,0.00023120051
0,237750,0.00023118123
0,237760,0.00023116195
0,237770,0.00023114267
0,237780,0.0002311234
0,237790,0.00023110412
0,237800,0.00023108485
0,237810,0.00023106558
0,237820,0.00023104632
0,237830,0.00023102705
0,237840,0.00023100778
0,237850,0.00023098852
0,237860,0.00023096926
0,237870,0.00023095001
0,237880,0.00023093075
0,237890,0.0002309115
0,237900,0.00023089224
0,237910,0.000230873
0,237920,0.00023085375
0,237930,0.00023083451
0,237940,0.00023081526
0,237950,0.00023079602
0,237960,0.00023077679
0,237970,0.00023075755
0,237980,0.00023073831
0,237990,0.00023071909
0,238000,0.00023069985
0,238010,0.00023068063
0,238020,0.0002306614
0,238030,0.00023064218
0,238040,0.00023062296
0,238050,0.00023060373
0,238060,0.00023058453
0,238070,0.0002305653
0,238080,0.0002305461
0,238090,0.00023052689
0,238100,0.00023050768
0,238110,0.00023048847
0,238120,0.00023046926
0,238130,0.00023045005
0,238140,0.00023043086
0,238150,0.00023041166
0,238160,0.00023039247
0,238170,0.00023037328
0,238180,0.00023035408
0,238190,0.00023033489
0,238200,0.0002303157
0,238210,0.00023029651
0,238220,0.00023027734
0,238230,0.00023025814
0,238240,0.00023023896
0,238250,0.0002302198
0,238260,0.00023020062
0,238270,0.00023018144
0,238280,0.00023016227
0,238290,0.00023014311
0,238300,0.00023012393
0,238310,0.00023010476
0,238320,0.00023008561
0,238330,0.00023006645
0,238340,0.00023004728
0,238350,0.00023002813
0,238360,0.00023000897
0,238370,0.00022998982
0,238380,0.00022997067
0,238390,0.00022995152
0,238400,0.00022993238
0,238410,0.00022991323
0,238420,0.0002298941
0,238430,0.00022987495
0,238440,0.00022985581
0,238450,0.00022983667
0,238460,0.00022981754
0,238470,0.00022979842
0,238480,0.00022977928
0,238490,0.00022976016
0,238500,0.00022974102
0,238510,0.0002297219
0,238520,0.00022970278
0,238530,0.00022968366
0,238540,0.00022966455
0,238550,0.00022964543
0,238560,0.00022962631
0,238570,0.0002296072
0,238580,0.0002295881
0,238590,0.00022956899
0,238600,0.00022954989
0,238610,0.00022953078
0,238620,0.00022951169
0,238630,0.00022949258
0,238640,0.00022947349
0,238650,0.0002294544
0,238660,0.0002294353
0,238670,0.00022941621
0,238680,0.00022939712
0,238690,0.00022937804
0,238700,0.00022935895
0,238710,0.00022933987
0,238720,0.0002293208
0,238730,0.00022930172
0,238740,0.00022928264
0,238750,0.00022926356
0,238760,0.00022924448
0,238770,0.00022922542
0,238780,0.00022920636
0,238790,0.00022918728
0,238800,0.00022916822
0,238810,0.00022914915
0,238820,0.0002291301
0,238830,0.00022911104
0,238840,0.000229092
0,238850,0.00022907293
0,238860,0.00022905388
0,238870,0.00022903483
0,238880,0.00022901579
0,238890,0.00022899674
0,238900,0.0002289777
0,238910,0.00022895866
0,238920,0.00022893962
0,238930,0.00022892059
0,238940,0.00022890155
0,238950,0.00022888252
0,238960,0.00022886349
0,238970,0.00022884445
0,238980,0.00022882543
0,238990,0.0002288064
0,239000,0.00022878738
0,239010,0.00022876836
0,239020,0.00022874934
0,239030,0.00022873032
0,239040,0.00022871132
0,239050,0.0002286923
0,239060,0.00022867329
0,239070,0.00022865427
0,239080,0.00022863527
0,239090,0.00022861626
0,239100,0.00022859727
0,239110,0.00022857827
0,239120,0.00022855926
0,239130,0.00022854027
0,239140,0.00022852128
0,239150,0.0002285023
0,239160,0.0002284833
0,239170,0.00022846431
0,239180,0.00022844532
0,239190,0.00022842633
0,239200,0.00022840736
0,239210,0.00022838838
0,239220,0.0002283694
0,239230,0.00022835043
0,239240,0.00022833145
0,239250,0.00022831248
0,239260,0.00022829352
0,239270,0.00022827454
0,239280,0.00022825558
0,239290,0.00022823662
0,239300,0.00022821766
0,239310,0.0002281987
0,239320,0.00022817974
0,239330,0.00022816077
0,239340,0.00022814183
0,239350,0.00022812288
0,239360,0.00022810392
0,239370,0.00022808497
0,239380,0.00022806603
0,239390,0.0002280471
0,239400,0.00022802815
0,239410,0.00022800922
0,239420,0.00022799027
0,239430,0.00022797134
0,239440,0.0002279524
0,239450,0.00022793347
0,239460,0.00022791454
0,239470,0.00022789562
0,239480,0.00022787669
0,239490,0.00022785777
0,239500,0.00022783886
0,239510,0.00022781992
0,239520,0.000227801
0,239530,0.0002277821
0,239540,0.00022776319
0,239550,0.00022774427
0,239560,0.00022772537
0,239570,0.00022770646
0,239580,0.00022768756
0,239590,0.00022766866
0,239600,0.00022764975
0,239610,0.00022763085
0,239620,0.00022761196
0,239630,0.00022759306
0,239640,0.00022757417
0,239650,0.00022755528
0,239660,0.0002275364
0,239670,0.0002275175
0,239680,0.00022749862
0,239690,0.00022747973
0,239700,0.00022746086
0,239710,0.00022744198
0,239720,0.00022742311
0,239730,0.00022740422
0,239740,0.00022738536
0,239750,0.00022736649
0,239760,0.00022734761
0,239770,0.00022732875
0,239780,0.00022730988
0,239790,0.00022729102
0,239800,0.00022727216
0,239810,0.0002272533
0,239820,0.00022723444
0,239830,0.0002272156
0,239840,0.00022719674
0,239850,0.0002271779
0,239860,0.00022715905
0,239870,0.00022714019
0,239880,0.00022712135
0,239890,0.00022710252
0,239900,0.00022708367
0,239910,0.00022706483
0,239920,0.000227046
0,239930,0.00022702717
0,239940,0.00022700834
0,239950,0.0002269895
0,239960,0.00022697067
0,239970,0.00022695184
0,239980,0.00022693301
0,239990,0.0002269142
0,240000,0.00022689538
0,240010,0.00022687655
0,240020,0.00022685774
0,240030,0.00022683892
0,240040,0.00022682012
0,240050,0.0002268013
0,240060,0.0002267825
0,240070,0.00022676369
0,240080,0.00022674489
0,240090,0.00022672609
0,240100,0.00022670729
0,240110,0.00022668848
0,240120,0.00022666968
0,240130,0.0002266509
0,240140,0.0002266321
0,240150,0.00022661331
0,240160,0.00022659452
0,240170,0.00022657574
0,240180,0.00022655695
0,240190,0.00022653818
0,240200,0.00022651939
0,240210,0.00022650062
0,240220,0.00022648183
0,240230,0.00022646306
0,240240,0.00022644429
0,240250,0.00022642552
0,240260,0.00022640674
0,240270,0.00022638799
0,240280,0.00022636921
0,240290,0.00022635046
0,240300,0.0002263317
0,240310,0.00022631294
0,240320,0.00022629419
0,240330,0.00022627543
0,240340,0.00022625667
0,240350,0.00022623793
0,240360,0.00022621917
0,240370,0.00022620043
0,240380,0.00022618168
0,240390,0.00022616294
0,240400,0.0002261442
0,240410,0.00022612546
0,240420,0.00022610673
0,240430,0.00022608798
0,240440,0.00022606926
0,240450,0.00022605053
0,240460,0.0002260318
0,240470,0.00022601307
0,240480,0.00022599434
0,240490,0.00022597563
0,240500,0.0002259569
0,240510,0.00022593819
0,240520,0.00022591947
0,240530,0.00022590076
0,240540,0.00022588205
0,240550,0.00022586333
0,240560,0.00022584462
0,240570,0.00022582592
0,240580,0.0002258072
0,240590,0.0002257885
0,240600,0.0002257698
0,240610,0.00022575111
0,240620,0.00022573241
0,240630,0.00022571371
0,240640,0.00022569502
0,240650,0.00022567633
0,240660,0.00022565764
0,240670,0.00022563896
0,240680,0.00022562027
0,240690,0.00022560159
0,240700,0.0002255829
0,240710,0.00022556422
0,240720,0.00022554555
0,240730,0.00022552686
0,240740,0.00022550819
0,240750,0.00022548952
0,240760,0.00022547085
0,240770,0.00022545218
0,240780,0.00022543353
0,240790,0.00022541486
0,240800,0.0002253962
0,240810,0.00022537753
0,240820,0.00022535888
0,240830,0.00022534022
0,240840,0.00022532156
0,240850,0.00022530292
0,240860,0.00022528427
0,240870,0.00022526561
0,240880,0.00022524697
0,240890,0.00022522833
0,240900,0.00022520969
0,240910,0.00022519105
0,240920,0.0002251724
0,240930,0.00022515377
0,240940,0.00022513514
0,240950,0.0002251165
0,240960,0.00022509787
0,240970,0.00022507925
0,240980,0.00022506062
0,240990,0.000225042
0,241000,0.00022502338
0,241010,0.00022500475
0,241020,0.00022498613
0,241030,0.00022496752
0,241040,0.0002249489
0,241050,0.00022493029
0,241060,0.00022491168
0,241070,0.00022489307
0,241080,0.00022487447
0,241090,0.00022485586
0,241100,0.00022483726
0,241110,0.00022481865
0,241120,0.00022480005
0,241130,0.00022478146
0,241140,0.00022476286
0,241150,0.00022474428
0,241160,0.00022472568
0,241170,0.0002247071
0,241180,0.0002246885
0,241190,0.00022466992
0,241200,0.00022465133
0,241210,0.00022463275
0,241220,0.00022461417
0,241230,0.0002245956
0,241240,0.00022457702
0,241250,0.00022455845
0,241260,0.00022453988
0,241270,0.00022452131
0,241280,0.00022450274
0,241290,0.00022448417
0,241300,0.0002244656
0,241310,0.00022444704
0,241320,0.00022442848
0,241330,0.00022440993
0,241340,0.00022439136
0,241350,0.00022437281
0,241360,0.00022435427
0,241370,0.00022433572
0,241380,0.00022431716
0,241390,0.00022429862
0,241400,0.00022428007
0,241410,0.00022426153
0,241420,0.00022424299
0,241430,0.00022422445
0,241440,0.00022420591
0,241450,0.00022418737
0,241460,0.00022416885
0,241470,0.00022415031
0,241480,0.00022413179
0,241490,0.00022411326
0,241500,0.00022409474
0,241510,0.00022407621
0,241520,0.00022405769
0,241530,0.00022403916
0,241540,0.00022402065
0,241550,0.00022400214
0,241560,0.00022398362
0,241570,0.00022396511
0,241580,0.0002239466
0,241590,0.00022392809
0,241600,0.00022390959
0,241610,0.00022389108
0,241620,0.00022387259
0,241630,0.00022385408
0,241640,0.00022383558
0,241650,0.00022381709
0,241660,0.00022379859
0,241670,0.0002237801
0,241680,0.00022376161
0,241690,0.00022374312
0,241700,0.00022372464
0,241710,0.00022370614
0,241720,0.00022368766
0,241730,0.00022366918
0,241740,0.0002236507
0,241750,0.00022363223
0,241760,0.00022361375
0,241770,0.00022359529
0,241780,0.0002235768
0,241790,0.00022355834
0,241800,0.00022353987
0,241810,0.0002235214
0,241820,0.00022350294
0,241830,0.00022348449
0,241840,0.00022346602
0,241850,0.00022344757
0,241860,0.0002234291
0,241870,0.00022341065
0,241880,0.0002233922
0,241890,0.00022337375
0,241900,0.00022335531
0,241910,0.00022333686
0,241920,0.0002233184
0,241930,0.00022329997
0,241940,0.00022328153
0,241950,0.0002232631
0,241960,0.00022324466
0,241970,0.00022322622
0,241980,0.00022320778
0,241990,0.00022318936
0,242000,0.00022317092
0,242010,0.0002231525
0,242020,0.00022313408
0,242030,0.00022311565
0,242040,0.00022309723
0,242050,0.00022307881
0,242060,0.00022306039
0,242070,0.00022304198
0,242080,0.00022302356
0,242090,0.00022300515
0,242100,0.00022298674
0,242110,0.00022296833
0,242120,0.00022294992
0,242130,0.00022293151
0,242140,0.00022291312
0,242150,0.00022289471
0,242160,0.00022287632
0,242170,0.00022285793
0,242180,0.00022283953
0,242190,0.00022282114
0,242200,0.00022280274
0,242210,0.00022278435
0,242220,0.00022276597
0,242230,0.00022274758
0,242240,0.0002227292
0,242250,0.00022271082
0,242260,0.00022269244
0,242270,0.00022267406
0,242280,0.00022265568
0,242290,0.00022263732
0,242300,0.00022261894
0,242310,0.00022260057
0,242320,0.0002225822
0,242330,0.00022256383
0,242340,0.00022254547
0,242350,0.0002225271
0,242360,0.00022250875
0,242370,0.00022249039
0,242380,0.00022247204
0,242390,0.00022245367
0,242400,0.00022243532
0,242410,0.00022241697
0,242420,0.00022239862
0,242430,0.00022238027
0,242440,0.00022236194
0,242450,0.00022234359
0,242460,0.00022232525
0,242470,0.0002223069
0,242480,0.00022228857
0,242490,0.00022227023
0,242500,0.0002222519
0,242510,0.00022223356
0,242520,0.00022221524
0,242530,0.0002221969
0,242540,0.00022217858
0,242550,0.00022216026
0,242560,0.00022214194
0,242570,0.00022212362
0,242580,0.0002221053
0,242590,0.00022208698
0,242600,0.00022206866
0,242610,0.00022205035
0,242620,0.00022203205
0,242630,0.00022201372
0,242640,0.00022199542
0,242650,0.00022197711
0,242660,0.0002219588
0,242670,0.00022194051
0,242680,0.00022192221
0,242690,0.00022190392
0,242700,0.00022188561
0,242710,0.00022186732
0,242720,0.00022184903
0,242730,0.00022183073
0,242740,0.00022181246
0,242750,0.00022179417
0,242760,0.00022177587
0,242770,0.0002217576
0,242780,0.00022173932
0,242790,0.00022172104
0,242800,0.00022170275
0,242810,0.00022168449
0,242820,0.00022166621
0,242830,0.00022164793
0,242840,0.00022162967
0,242850,0.0002216114
0,242860,0.00022159313
0,242870,0.00022157487
0,242880,0.0002215566
0,242890,0.00022153834
0,242900,0.00022152008
0,242910,0.00022150183
0,242920,0.00022148357
0,242930,0.00022146532
0,242940,0.00022144707
0,242950,0.00022142883
0,242960,0.00022141058
0,242970,0.00022139233
0,242980,0.00022137408
0,242990,0.00022135585
0,243000,0.0002213376
0,243010,0.00022131937
0,243020,0.00022130113
0,243030,0.0002212829
0,243040,0.00022126467
0,243050,0.00022124643
0,243060,0.0002212282
0,243070,0.00022120998
0,243080,0.00022119175
0,243090,0.00022117353
0,243100,0.00022115531
0,243110,0.00022113709
0,243120,0.00022111887
0,243130,0.00022110065
0,243140,0.00022108245
0,243150,0.00022106423
0,243160,0.00022104602
0,243170,0.00022102782
0,243180,0.0002210096
0,243190,0.0002209914
0,243200,0.0002209732
0,243210,0.000220955
0,243220,0.0002209368
0,243230,0.0002209186
0,243240,0.0002209004
0,243250,0.00022088221
0,243260,0.00022086402
0,243270,0.00022084583
0,243280,0.00022082764
0,243290,0.00022080945
0,243300,0.00022079128
0,243310,0.00022077309
0,243320,0.00022075491
0,243330,0.00022073674
0,243340,0.00022071856
0,243350,0.00022070039
0,243360,0.00022068221
0,243370,0.00022066403
0,243380,0.00022064587
0,243390,0.0002206277
0,243400,0.00022060954
0,243410,0.00022059138
0,243420,0.00022057322
0,243430,0.00022055506
0,243440,0.0002205369
0,243450,0.00022051873
0,243460,0.00022050059
0,243470,0.00022048243
0,243480,0.00022046428
0,243490,0.00022044613
0,243500,0.00022042799
0,243510,0.00022040984
0,243520,0.0002203917
0,243530,0.00022037356
0,243540,0.00022035542
0,243550,0.00022033729
0,243560,0.00022031914
0,243570,0.00022030101
0,243580,0.00022028288
0,243590,0.00022026474
0,243600,0.00022024663
0,243610,0.0002202285
0,243620,0.00022021036
0,243630,0.00022019225
0,243640,0.00022017413
0,243650,0.00022015601
0,243660,0.0002201379
0,243670,0.00022011978
0,243680,0.00022010166
0,243690,0.00022008354
0,243700,0.00022006544
0,243710,0.00022004732
0,243720,0.00022002922
0,243730,0.00022001112
0,243740,0.00021999302
0,243750,0.00021997491
0,243760,0.00021995681
0,243770,0.00021993872
0,243780,0.00021992062
0,243790,0.00021990253
0,243800,0.00021988444
0,243810,0.00021986636
0,243820,0.00021984827
0,243830,0.00021983018
0,243840,0.0002198121
0,243850,0.00021979402
0,243860,0.00021977593
0,243870,0.00021975786
0,243880,0.00021973977
0,243890,0.0002197217
0,243900,0.00021970362
0,243910,0.00021968556
0,243920,0.00021966749
0,243930,0.00021964942
0,243940,0.00021963136
0,243950,0.00021961328
0,243960,0.00021959523
0,243970,0.00021957717
0,243980,0.00021955911
0,243990,0.00021954105
0,244000,0.000219523
0,244010,0.00021950495
0,244020,0.0002194869
0,244030,0.00021946884
0,244040,0.0002194508
0,244050,0.00021943275
0,244060,0.00021941471
0,244070,0.00021939666
0,244080,0.00021937863
0,244090,0.00021936059
0,244100,0.00021934256
0,244110,0.00021932452
0,244120,0.00021930649
0,244130,0.00021928846
0,244140,0.00021927043
0,244150,0.0002192524
0,244160,0.00021923437
0,244170,0.00021921635
0,244180,0.00021919832
0,244190,0.0002191803
0,244200,0.00021916229
0,244210,0.00021914428
0,244220,0.00021912626
0,244230,0.00021910825
0,244240,0.00021909023
0,244250,0.00021907223
0,244260,0.00021905421
0,244270,0.00021903621
0,244280,0.00021901821
0,244290,0.00021900021
0,244300,0.00021898221
0,244310,0.00021896421
0,244320,0.00021894621
0,244330,0.00021892822
0,244340,0.00021891022
0,244350,0.00021889224
0,244360,0.00021887425
0,244370,0.00021885626
0,244380,0.00021883828
0,244390,0.00021882029
0,244400,0.0002188023
0,244410,0.00021878433
0,244420,0.00021876635
0,244430,0.00021874838
0,244440,0.0002187304
0,244450,0.00021871243
0,244460,0.00021869446
0,244470,0.00021867649
0,244480,0.00021865852
0,244490,0.00021864056
0,244500,0.00021862259
0,244510,0.00021860463
0,244520,0.00021858668
0,244530,0.00021856872
0,244540,0.00021855076
0,244550,0.0002185328
0,244560,0.00021851485
0,244570,0.0002184969
0,244580,0.00021847895
0,244590,0.000218461
0,244600,0.00021844306
0,244610,0.00021842512
0,244620,0.00021840718
0,244630,0.00021838924
0,244640,0.0002183713
0,244650,0.00021835337
0,244660,0.00021833542
0,244670,0.0002183175
0,244680,0.00021829957
0,244690,0.00021828164
0,244700,0.00021826371
0,244710,0.00021824578
0,244720,0.00021822785
0,244730,0.00021820993
0,244740,0.00021819201
0,244750,0.0002181741
0,244760,0.00021815617
0,244770,0.00021813826
0,244780,0.00021812035
0,244790,0.00021810245
0,244800,0.00021808453
0,244810,0.00021806662
0,244820,0.00021804872
0,244830,0.00021803081
0,244840,0.00021801291
0,244850,0.00021799501
0,244860,0.00021797711
0,244870,0.00021795921
0,244880,0.00021794133
0,244890,0.00021792343
0,244900,0.00021790554
0,244910,0.00021788765
0,244920,0.00021786976
0,244930,0.00021785188
0,244940,0.000217834
0,244950,0.00021781611
0,244960,0.00021779822
0,244970,0.00021778035
0,244980,0.00021776247
0,244990,0.0002177446
0,245000,0.00021772673
0,245010,0.00021770885
0,245020,0.00021769098
0,245030,0.00021767312
0,245040,0.00021765525
0,245050,0.00021763738
0,245060,0.00021761953
0,245070,0.00021760166
0,245080,0.0002175838
0,245090,0.00021756595
0,245100,0.00021754809
0,245110,0.00021753024
0,245120,0.00021751238
0,245130,0.00021749454
0,245140,0.00021747669
0,245150,0.00021745884
0,245160,0.00021744099
0,245170,0.00021742315
0,245180,0.00021740531
0,245190,0.00021738747
0,245200,0.00021736964
0,245210,0.0002173518
0,245220,0.00021733396
0,245230,0.00021731613
0,245240,0.00021729831
0,245250,0.00021728048
0,245260,0.00021726266
0,245270,0.00021724483
0,245280,0.000217227
0,245290,0.00021720918
0,245300,0.00021719137
0,245310,0.00021717354
0,245320,0.00021715573
0,245330,0.00021713792
0,245340,0.0002171201
0,245350,0.0002171023
0,245360,0.00021708448
0,245370,0.00021706667
0,245380,0.00021704887
0,245390,0.00021703106
0,245400,0.00021701326
0,245410,0.00021699547
0,245420,0.00021697767
0,245430,0.00021695987
0,245440,0.00021694208
0,245450,0.00021692428
0,245460,0.00021690648
0,245470,0.0002168887
0,245480,0.00021687092
0,245490,0.00021685312
0,245500,0.00021683534
0,245510,0.00021681756
0,245520,0.00021679977
0,245530,0.000216782
0,245540,0.00021676422
0,245550,0.00021674646
0,245560,0.00021672867
0,245570,0.0002167109
0,245580,0.00021669314
0,245590,0.00021667537
0,245600,0.0002166576
0,245610,0.00021663983
0,245620,0.00021662208
0,245630,0.00021660431
0,245640,0.00021658656
0,245650,0.00021656879
0,245660,0.00021655104
0,245670,0.00021653328
0,245680,0.00021651553
0,245690,0.00021649779
0,245700,0.00021648004
0,245710,0.00021646229
0,245720,0.00021644455
0,245730,0.00021642681
0,245740,0.00021640905
0,245750,0.00021639132
0,245760,0.00021637358
0,245770,0.00021635585
0,245780,0.00021633811
0,245790,0.00021632038
0,245800,0.00021630265
0,245810,0.00021628493
0,245820,0.00021626719
0,245830,0.00021624946
0,245840,0.00021623174
0,245850,0.00021621402
0,245860,0.0002161963
0,245870,0.00021617858
0,245880,0.00021616087
0,245890,0.00021614315
0,245900,0.00021612544
0,245910,0.00021610773
0,245920,0.00021609002
0,245930,0.00021607231
0,245940,0.0002160546
0,245950,0.0002160369
0,245960,0.0002160192
0,245970,0.0002160015
0,245980,0.0002159838
0,245990,0.0002159661
0,246000,0.0002159484
0,246010,0.0002159307
0,246020,0.00021591302
0,246030,0.00021589533
0,246040,0.00021587763
0,246050,0.00021585995
0,246060,0.00021584227
0,246070,0.00021582459
0,246080,0.00021580691
0,246090,0.00021578923
0,246100,0.00021577155
0,246110,0.00021575387
0,246120,0.00021573619
0,246130,0.00021571852
0,246140,0.00021570086
0,246150,0.00021568318
0,246160,0.00021566551
0,246170,0.00021564784
0,246180,0.00021563019
0,246190,0.00021561253
0,246200,0.00021559486
0,246210,0.00021557721
0,246220,0.00021555954
0,246230,0.00021554189
0,246240,0.00021552424
0,246250,0.00021550659
0,246260,0.00021548894
0,246270,0.00021547129
0,246280,0.00021545365
0,246290,0.000215436
0,246300,0.00021541836
0,246310,0.00021540071
0,246320,0.00021538307
0,246330,0.00021536543
0,246340,0.0002153478
0,246350,0.00021533016
0,246360,0.00021531254
0,246370,0.0002152949
0,246380,0.00021527728
0,246390,0.00021525964
0,246400,0.00021524202
0,246410,0.0002152244
0,246420,0.00021520678
0,246430,0.00021518915
0,246440,0.00021517155
0,246450,0.00021515392
0,246460,0.00021513632
0,246470,0.00021511869
0,246480,0.00021510108
0,246490,0.00021508348
0,246500,0.00021506587
0,246510,0.00021504826
0,246520,0.00021503065
0,246530,0.00021501305
0,246540,0.00021499545
0,246550,0.00021497786
0,246560,0.00021496025
0,246570,0.00021494266
0,246580,0.00021492506
0,246590,0.00021490747
0,246600,0.00021488988
0,246610,0.0002148723
0,246620,0.0002148547
0,246630,0.00021483713
0,246640,0.00021481953
0,246650,0.00021480196
0,246660,0.00021478438
0,246670,0.0002147668
0,246680,0.00021474922
0,246690,0.00021473164
0,246700,0.00021471408
0,246710,0.0002146965
0,246720,0.00021467893
0,246730,0.00021466137
0,246740,0.00021464379
0,246750,0.00021462623
0,246760,0.00021460868
0,246770,0.00021459111
0,246780,0.00021457355
0,246790,0.000214556
0,246800,0.00021453844
0,246810,0.00021452089
0,246820,0.00021450334
0,246830,0.00021448579
0,246840,0.00021446824
0,246850,0.00021445069
0,246860,0.00021443314
0,246870,0.00021441559
0,246880,0.00021439805
0,246890,0.00021438052
0,246900,0.00021436297
0,246910,0.00021434543
0,246920,0.0002143279
0,246930,0.00021431036
0,246940,0.00021429284
0,246950,0.00021427531
0,246960,0.00021425777
0,246970,0.00021424025
0,246980,0.00021422273
0,246990,0.00021420521
0,247000,0.00021418769
0,247010,0.00021417017
0,247020,0.00021415265
0,247030,0.00021413513
0,247040,0.00021411762
0,247050,0.0002141001
0,247060,0.0002140826
0,247070,0.00021406509
0,247080,0.00021404757
0,247090,0.00021403006
0,247100,0.00021401257
0,247110,0.00021399507
0,247120,0.00021397756
0,247130,0.00021396007
0,247140,0.00021394256
0,247150,0.00021392507
0,247160,0.00021390758
0,247170,0.00021389009
0,247180,0.0002138726
0,247190,0.0002138551
0,247200,0.00021383761
0,247210,0.00021382014
0,247220,0.00021380265
0,247230,0.00021378517
0,247240,0.0002137677
0,247250,0.00021375022
0,247260,0.00021373274
0,247270,0.00021371526
0,247280,0.00021369779
0,247290,0.00021368032
0,247300,0.00021366285
0,247310,0.00021364538
0,247320,0.0002136279
0,247330,0.00021361044
0,247340,0.00021359298
0,247350,0.00021357552
0,247360,0.00021355807
0,247370,0.00021354061
0,247380,0.00021352315
0,247390,0.0002135057
0,247400,0.00021348825
0,247410,0.00021347079
0,247420,0.00021345334
0,247430,0.0002134359
0,247440,0.00021341845
0,247450,0.00021340101
0,247460,0.00021338357
0,247470,0.00021336613
0,247480,0.00021334869
0,247490,0.00021333125
0,247500,0.00021331382
0,247510,0.00021329639
0,247520,0.00021327895
0,247530,0.00021326152
0,247540,0.00021324409
0,247550,0.00021322667
0,247560,0.00021320923
0,247570,0.00021319182
0,247580,0.0002131744
0,247590,0.00021315698
0,247600,0.00021313956
0,247610,0.00021312214
0,247620,0.00021310472
0,247630,0.00021308732
0,247640,0.0002130699
0,247650,0.0002130525
0,247660,0.00021303508
0,247670,0.00021301767
0,247680,0.00021300027
0,247690,0.00021298286
0,247700,0.00021296546
0,247710,0.00021294807
0,247720,0.00021293067
0,247730,0.00021291328
0,247740,0.00021289587
0,247750,0.00021287848
0,247760,0.0002128611
0,247770,0.0002128437
0,247780,0.00021282631
0,247790,0.00021280893
0,247800,0.00021279155
0,247810,0.00021277416
0,247820,0.00021275679
0,247830,0.00021273941
0,247840,0.00021272202
0,247850,0.00021270465
0,247860,0.00021268727
0,247870,0.00021266991
0,247880,0.00021265254
0,247890,0.00021263516
0,247900,0.0002126178
0,247910,0.00021260044
0,247920,0.00021258307
0,247930,0.0002125657
0,247940,0.00021254834
0,247950,0.00021253098
0,247960,0.00021251364
0,247970,0.00021249628
0,247980,0.00021247892
0,247990,0.00021246157
0,248000,0.00021244423
0,248010,0.00021242686
0,248020,0.00021240952
0,248030,0.00021239217
0,248040,0.00021237484
0,248050,0.0002123575
0,248060,0.00021234015
0,248070,0.00021232282
0,248080,0.00021230547
0,248090,0.00021228814
0,248100,0.00021227081
0,248110,0.00021225348
0,248120,0.00021223615
0,248130,0.00021221882
0,248140,0.0002122015
0,248150,0.00021218417
0,248160,0.00021216685
0,248170,0.00021214952
0,248180,0.0002121322
0,248190,0.00021211489
0,248200,0.00021209757
0,248210,0.00021208025
0,248220,0.00021206294
0,248230,0.00021204563
0,248240,0.00021202832
0,248250,0.00021201101
0,248260,0.00021199371
0,248270,0.0002119764
0,248280,0.0002119591
0,248290,0.00021194179
0,248300,0.0002119245
0,248310,0.0002119072
0,248320,0.0002118899
0,248330,0.00021187261
0,248340,0.00021185531
0,248350,0.00021183802
0,248360,0.00021182073
0,248370,0.00021180345
0,248380,0.00021178616
0,248390,0.00021176887
0,248400,0.0002117516
0,248410,0.00021173431
0,248420,0.00021171704
0,248430,0.00021169975
0,248440,0.00021168248
0,248450,0.0002116652
0,248460,0.00021164793
0,248470,0.00021163066
0,248480,0.00021161338
0,248490,0.00021159613
0,248500,0.00021157885
0,248510,0.0002115616
0,248520,0.00021154433
0,248530,0.00021152706
0,248540,0.0002115098
0,248550,0.00021149254
0,248560,0.0002114753
0,248570,0.00021145804
0,248580,0.00021144078
0,248590,0.00021142354
0,248600,0.0002114063
0,248610,0.00021138904
0,248620,0.0002113718
0,248630,0.00021135455
0,248640,0.0002113373
0,248650,0.00021132006
0,248660,0.00021130283
0,248670,0.00021128559
0,248680,0.00021126836
0,248690,0.00021125111
0,248700,0.00021123388
0,248710,0.00021121665
0,248720,0.00021119943
0,248730,0.0002111822
0,248740,0.00021116498
0,248750,0.00021114775
0,248760,0.00021113052
0,248770,0.0002111133
0,248780,0.00021109609
0,248790,0.00021107886
0,248800,0.00021106165
0,248810,0.00021104443
0,248820,0.00021102723
0,248830,0.00021101002
0,248840,0.0002109928
0,248850,0.0002109756
0,248860,0.00021095839
0,248870,0.00021094119
0,248880,0.00021092399
0,248890,0.00021090679
0,248900,0.00021088959
0,248910,0.00021087239
0,248920,0.0002108552
0,248930,0.000210838
0,248940,0.00021082081
0,248950,0.00021080361
0,248960,0.00021078643
0,248970,0.00021076924
0,248980,0.00021075206
0,248990,0.00021073487
0,249000,0.00021071768
0,249010,0.00021070051
0,249020,0.00021068333
0,249030,0.00021066616
0,249040,0.00021064897
0,249050,0.0002106318
0,249060,0.00021061463
0,249070,0.00021059746
0,249080,0.00021058029
0,249090,0.00021056311
0,249100,0.00021054596
0,249110,0.00021052879
0,249120,0.00021051163
0,249130,0.00021049446
0,249140,0.0002104773
0,249150,0.00021046014
0,249160,0.00021044299
0,249170,0.00021042583
0,249180,0.00021040869
0,249190,0.00021039153
0,249200,0.00021037439
0,249210,0.00021035723
0,249220,0.00021034009
0,249230,0.00021032295
0,249240,0.0002103058
0,249250,0.00021028866
0,249260,0.00021027152
0,249270,0.00021025438
0,249280,0.00021023725
0,249290,0.00021022011
0,249300,0.00021020298
0,249310,0.00021018586
0,249320,0.00021016871
0,249330,0.00021015159
0,249340,0.00021013447
0,249350,0.00021011734
0,249360,0.00021010022
0,249370,0.0002100831
0,249380,0.00021006598
0,249390,0.00021004886
0,249400,0.00021003175
0,249410,0.00021001462
0,249420,0.00020999751
0,249430,0.00020998041
0,249440,0.0002099633
0,249450,0.00020994619
0,249460,0.00020992909
0,249470,0.00020991197
0,249480,0.00020989488
0,249490,0.00020987778
0,249500,0.00020986066
0,249510,0.00020984357
0,249520,0.00020982648
0,249530,0.00020980938
0,249540,0.00020979228
0,249550,0.0002097752
0,249560,0.0002097581
0,249570,0.00020974102
0,249580,0.00020972393
0,249590,0.00020970685
0,249600,0.00020968977
0,249610,0.00020967268
0,249620,0.0002096556
0,249630,0.00020963853
0,249640,0.00020962144
0,249650,0.00020960438
0,249660,0.00020958729
0,249670,0.00020957022
0,249680,0.00020955315
0,249690,0.00020953608
0,249700,0.00020951901
0,249710,0.00020950196
0,249720,0.00020948489
0,249730,0.00020946783
0,249740,0.00020945077
0,249750,0.00020943371
0,249760,0.00020941666
0,249770,0.0002093996
0,249780,0.00020938255
0,249790,0.00020936549
0,249800,0.00020934844
0,249810,0.0002093314
0,249820,0.00020931434
0,249830,0.0002092973
0,249840,0.00020928025
0,249850,0.0002092632
0,249860,0.00020924617
0,249870,0.00020922913
0,249880,0.0002092121
0,249890,0.00020919506
0,249900,0.00020917802
0,249910,0.000209161
0,249920,0.00020914395
0,249930,0.00020912693
0,249940,0.0002091099
0,249950,0.00020909288
0,249960,0.00020907585
0,249970,0.00020905882
0,249980,0.00020904181
0,249990,0.00020902479
0,250000,0.00020900778
0,250010,0.00020899075
0,250020,0.00020897374
0,250030,0.00020895673
0,250040,0.00020893972
0,250050,0.0002089227
0,250060,0.0002089057
0,250070,0.0002088887
0,250080,0.00020887169
0,250090,0.00020885469
0,250100,0.00020883768
0,250110,0.00020882068
0,250120,0.00020880369
0,250130,0.00020878669
0,250140,0.00020876969
0,250150,0.0002087527
0,250160,0.00020873571
0,250170,0.00020871872
0,250180,0.00020870173
0,250190,0.00020868474
0,250200,0.00020866776
0,250210,0.00020865077
0,250220,0.00020863379
0,250230,0.00020861681
0,250240,0.00020859983
0,250250,0.00020858286
0,250260,0.00020856588
0,250270,0.00020854891
0,250280,0.00020853193
0,250290,0.00020851496
0,250300,0.000208498
0,250310,0.00020848103
0,250320,0.00020846406
0,250330,0.00020844709
0,250340,0.00020843014
0,250350,0.00020841317
0,250360,0.00020839622
0,250370,0.00020837925
0,250380,0.0002083623
0,250390,0.00020834534
0,250400,0.00020832839
0,250410,0.00020831144
0,250420,0.00020829448
0,250430,0.00020827755
0,250440,0.0002082606
0,250450,0.00020824365
0,250460,0.0002082267
0,250470,0.00020820976
0,250480,0.00020819283
0,250490,0.00020817589
0,250500,0.00020815895
0,250510,0.00020814201
0,250520,0.00020812509
0,250530,0.00020810815
0,250540,0.00020809122
0,250550,0.00020807429
0,250560,0.00020805736
0,250570,0.00020804044
0,250580,0.00020802351
0,250590,0.00020800659
0,250600,0.00020798967
0,250610,0.00020797276
0,250620,0.00020795583
0,250630,0.00020793892
0,250640,0.000207922
0,250650,0.00020790509
0,250660,0.00020788818
0,250670,0.00020787127
0,250680,0.00020785436
0,250690,0.00020783747
0,250700,0.00020782056
0,250710,0.00020780365
0,250720,0.00020778675
0,250730,0.00020776986
0,250740,0.00020775295
0,250750,0.00020773606
0,250760,0.00020771916
0,250770,0.00020770227
0,250780,0.00020768539
0,250790,0.00020766849
0,250800,0.0002076516
0,250810,0.00020763472
0,250820,0.00020761784
0,250830,0.00020760094
0,250840,0.00020758406
0,250850,0.00020756718
0,250860,0.0002075503
0,250870,0.00020753343
0,250880,0.00020751655
0,250890,0.00020749967
0,250900,0.00020748281
0,250910,0.00020746594
0,250920,0.00020744906
0,250930,0.0002074322
0,250940,0.00020741533
0,250950,0.00020739847
0,250960,0.0002073816
0,250970,0.00020736475
0,250980,0.00020734788
0,250990,0.00020733103
0,251000,0.00020731417
0,251010,0.00020729731
0,251020,0.00020728046
0,251030,0.00020726361
0,251040,0.00020724676
0,251050,0.00020722991
0,251060,0.00020721307
0,251070,0.00020719622
0,251080,0.00020717939
0,251090,0.00020716253
0,251100,0.0002071457
0,251110,0.00020712886
0,251120,0.00020711203
0,251130,0.00020709519
0,251140,0.00020707835
0,251150,0.00020706152
0,251160,0.0002070447
0,251170,0.00020702786
0,251180,0.00020701103
0,251190,0.00020699421
0,251200,0.00020697739
0,251210,0.00020696057
0,251220,0.00020694375
0,251230,0.00020692692
0,251240,0.0002069101
0,251250,0.00020689328
0,251260,0.00020687647
0,251270,0.00020685967
0,251280,0.00020684284
0,251290,0.00020682604
0,251300,0.00020680923
0,251310,0.00020679242
0,251320,0.00020677561
0,251330,0.00020675882
0,251340,0.00020674201
0,251350,0.00020672522
0,251360,0.00020670841
0,251370,0.00020669162
0,251380,0.00020667483
0,251390,0.00020665803
0,251400,0.00020664124
0,251410,0.00020662445
0,251420,0.00020660766
0,251430,0.00020659086
0,251440,0.00020657408
0,251450,0.00020655729
0,251460,0.00020654051
0,251470,0.00020652373
0,251480,0.00020650696
0,251490,0.00020649018
0,251500,0.0002064734
0,251510,0.00020645662
0,251520,0.00020643986
0,251530,0.00020642308
0,251540,0.00020640632
0,251550,0.00020638954
0,251560,0.00020637277
0,251570,0.00020635601
0,251580,0.00020633925
0,251590,0.00020632248
0,251600,0.00020630572
0,251610,0.00020628897
0,251620,0.0002062722
0,251630,0.00020625546
0,251640,0.00020623869
0,251650,0.00020622194
0,251660,0.0002062052
0,251670,0.00020618844
0,251680,0.0002061717
0,251690,0.00020615495
0,251700,0.00020613821
0,251710,0.00020612146
0,251720,0.00020610473
0,251730,0.00020608798
0,251740,0.00020607124
0,251750,0.00020605451
0,251760,0.00020603777
0,251770,0.00020602104
0,251780,0.0002060043
0,251790,0.00020598757
0,251800,0.00020597085
0,251810,0.00020595411
0,251820,0.0002059374
0,251830,0.00020592067
0,251840,0.00020590395
0,251850,0.00020588722
0,251860,0.00020587051
0,251870,0.0002058538
0,251880,0.00020583707
0,251890,0.00020582035
0,251900,0.00020580365
0,251910,0.00020578693
0,251920,0.00020577022
0,251930,0.00020575352
0,251940,0.00020573681
0,251950,0.0002057201
0,251960,0.0002057034
0,251970,0.0002056867
0,251980,0.00020567
0,251990,0.0002056533
0,252000,0.0002056366
0,252010,0.0002056199
0,252020,0.00020560321
0,252030,0.00020558652
0,252040,0.00020556983
0,252050,0.00020555314
0,252060,0.00020553645
0,252070,0.00020551977
0,252080,0.00020550308
0,252090,0.0002054864
0,252100,0.00020546971
0,252110,0.00020545303
0,252120,0.00020543636
0,252130,0.00020541968
0,252140,0.000205403
0,252150,0.00020538633
0,252160,0.00020536967
0,252170,0.00020535299
0,252180,0.00020533631
0,252190,0.00020531965
0,252200,0.00020530299
0,252210,0.00020528633
0,252220,0.00020526967
0,252230,0.000205253
0,252240,0.00020523634
0,252250,0.00020521968
0,252260,0.00020520302
0,252270,0.00020518637
0,252280,0.00020516972
0,252290,0.00020515306
0,252300,0.00020513641
0,252310,0.00020511977
0,252320,0.00020510312
0,252330,0.00020508647
0,252340,0.00020506982
0,252350,0.00020505319
0,252360,0.00020503654
0,252370,0.00020501991
0,252380,0.00020500326
0,252390,0.00020498663
0,252400,0.00020497
0,252410,0.00020495337
0,252420,0.00020493673
0,252430,0.0002049201
0,252440,0.00020490348
0,252450,0.00020488685
0,252460,0.00020487023
0,252470,0.0002048536
0,252480,0.00020483698
0,252490,0.00020482036
0,252500,0.00020480374
0,252510,0.00020478712
0,252520,0.0002047705
0,252530,0.00020475389
0,252540,0.00020473728
0,252550,0.00020472067
0,252560,0.00020470406
0,252570,0.00020468746
0,252580,0.00020467084
0,252590,0.00020465424
0,252600,0.00020463763
0,252610,0.00020462104
0,252620,0.00020460444
0,252630,0.00020458784
0,252640,0.00020457125
0,252650,0.00020455464
0,252660,0.00020453805
0,252670,0.00020452146
0,252680,0.00020450488
0,252690,0.00020448829
0,252700,0.0002044717
0,252710,0.00020445511
0,252720,0.00020443852
0,252730,0.00020442194
0,252740,0.00020440535
0,252750,0.00020438878
0,252760,0.0002043722
0,252770,0.00020435562
0,252780,0.00020433904
0,252790,0.00020432247
0,252800,0.0002043059
0,252810,0.00020428933
0,252820,0.00020427276
0,252830,0.0002042562
0,252840,0.00020423962
0,252850,0.00020422306
0,252860,0.0002042065
0,252870,0.00020418994
0,252880,0.00020417338
0,252890,0.00020415682
0,252900,0.00020414026
0,252910,0.0002041237
0,252920,0.00020410716
0,252930,0.00020409061
0,252940,0.00020407405
0,252950,0.0002040575
0,252960,0.00020404096
0,252970,0.00020402441
0,252980,0.00020400787
0,252990,0.00020399132
0,253000,0.00020397478
0,253010,0.00020395825
0,253020,0.0002039417
0,253030,0.00020392517
0,253040,0.00020390864
0,253050,0.00020389211
0,253060,0.00020387556
0,253070,0.00020385905
0,253080,0.00020384252
0,253090,0.00020382598
0,253100,0.00020380945
0,253110,0.00020379294
0,253120,0.0002037764
0,253130,0.00020375989
0,253140,0.00020374337
0,253150,0.00020372686
0,253160,0.00020371034
0,253170,0.00020369382
0,253180,0.00020367731
0,253190,0.00020366079
0,253200,0.00020364429
0,253210,0.00020362777
0,253220,0.00020361127
0,253230,0.00020359477
0,253240,0.00020357827
0,253250,0.00020356177
0,253260,0.00020354526
0,253270,0.00020352876
0,253280,0.00020351226
0,253290,0.00020349576
0,253300,0.00020347927
0,253310,0.00020346278
0,253320,0.00020344628
0,253330,0.0002034298
0,253340,0.0002034133
0,253350,0.00020339682
0,253360,0.00020338033
0,253370,0.00020336384
0,253380,0.00020334737
0,253390,0.00020333088
0,253400,0.00020331441
0,253410,0.00020329792
0,253420,0.00020328145
0,253430,0.00020326498
0,253440,0.0002032485
0,253450,0.00020323203
0,253460,0.00020321556
0,253470,0.00020319909
0,253480,0.00020318263
0,253490,0.00020316616
0,253500,0.0002031497
0,253510,0.00020313324
0,253520,0.00020311677
0,253530,0.00020310031
0,253540,0.00020308385
0,253550,0.00020306741
0,253560,0.00020305095
0,253570,0.00020303449
0,253580,0.00020301805
0,253590,0.00020300159
0,253600,0.00020298515
0,253610,0.0002029687
0,253620,0.00020295224
0,253630,0.0002029358
0,253640,0.00020291937
0,253650,0.00020290293
0,253660,0.00020288648
0,253670,0.00020287004
0,253680,0.00020285361
0,253690,0.00020283717
0,253700,0.00020282074
0,253710,0.00020280431
0,253720,0.00020278788
0,253730,0.00020277145
0,253740,0.00020275502
0,253750,0.00020273859
0,253760,0.00020272218
0,253770,0.00020270575
0,253780,0.00020268933
0,253790,0.0002026729
0,253800,0.00020265649
0,253810,0.00020264008
0,253820,0.00020262366
0,253830,0.00020260725
0,253840,0.00020259083
0,253850,0.00020257442
0,253860,0.00020255802
0,253870,0.0002025416
0,253880,0.0002025252
0,253890,0.0002025088
0,253900,0.00020249239
0,253910,0.00020247599
0,253920,0.00020245959
0,253930,0.0002024432
0,253940,0.0002024268
0,253950,0.0002024104
0,253960,0.00020239402
0,253970,0.00020237762
0,253980,0.00020236123
0,253990,0.00020234485
0,254000,0.00020232845
0,254010,0.00020231206
0,254020,0.00020229568
0,254030,0.0002022793
0,254040,0.00020226292
0,254050,0.00020224653
0,254060,0.00020223016
0,254070,0.00020221378
0,254080,0.0002021974
0,254090,0.00020218104
0,254100,0.00020216467
0,254110,0.0002021483
0,254120,0.00020213192
0,254130,0.00020211555
0,254140,0.00020209918
0,254150,0.00020208283
0,254160,0.00020206645
0,254170,0.0002020501
0,254180,0.00020203374
0,254190,0.00020201739
0,254200,0.00020200103
0,254210,0.00020198467
0,254220,0.00020196832
0,254230,0.00020195196
0,254240,0.0002019356
0,254250,0.00020191926
0,254260,0.0002019029
0,254270,0.00020188656
0,254280,0.00020187022
0,254290,0.00020185388
0,254300,0.00020183754
0,254310,0.0002018212
0,254320,0.00020180485
0,254330,0.00020178851
0,254340,0.00020177219
0,254350,0.00020175584
0,254360,0.00020173952
0,254370,0.00020172319
0,254380,0.00020170685
0,254390,0.00020169052
0,254400,0.0002016742
0,254410,0.00020165788
0,254420,0.00020164155
0,254430,0.00020162523
0,254440,0.00020160891
0,254450,0.00020159259
0,254460,0.00020157627
0,254470,0.00020155996
0,254480,0.00020154363
0,254490,0.00020152732
0,254500,0.00020151101
0,254510,0.00020149471
0,254520,0.0002014784
0,254530,0.00020146208
0,254540,0.00020144579
0,254550,0.00020142947
0,254560,0.00020141318
0,254570,0.00020139688
0,254580,0.00020138058
0,254590,0.00020136428
0,254600,0.00020134798
0,254610,0.00020133168
0,254620,0.00020131539
0,254630,0.0002012991
0,254640,0.0002012828
0,254650,0.00020126652
0,254660,0.00020125024
0,254670,0.00020123394
0,254680,0.00020121766
0,254690,0.00020120137
0,254700,0.0002011851
0,254710,0.00020116882
0,254720,0.00020115254
0,254730,0.00020113627
0,254740,0.00020111998
0,254750,0.00020110371
0,254760,0.00020108745
0,254770,0.00020107118
0,254780,0.00020105489
0,254790,0.00020103864
0,254800,0.00020102237
0,254810,0.0002010061
0,254820,0.00020098983
0,254830,0.00020097358
0,254840,0.0002009573
0,254850,0.00020094105
0,254860,0.0002009248
0,254870,0.00020090854
0,254880,0.00020089229
0,254890,0.00020087603
0,254900,0.00020085978
0,254910,0.00020084354
0,254920,0.00020082729
0,254930,0.00020081103
0,254940,0.00020079479
0,254950,0.00020077855
0,254960,0.00020076231
0,254970,0.00020074607
0,254980,0.00020072983
0,254990,0.00020071359
0,255000,0.00020069735
0,255010,0.00020068111
0,255020,0.00020066489
0,255030,0.00020064865
0,255040,0.00020063242
0,255050,0.0002006162
0,255060,0.00020059997
0,255070,0.00020058375
0,255080,0.00020056752
0,255090,0.0002005513
0,255100,0.00020053507
0,255110,0.00020051884
0,255120,0.00020050263
0,255130,0.0002004864
0,255140,0.0002004702
0,255150,0.00020045399
0,255160,0.00020043777
0,255170,0.00020042156
0,255180,0.00020040535
0,255190,0.00020038914
0,255200,0.00020037293
0,255210,0.00020035674
0,255220,0.00020034052
0,255230,0.00020032433
0,255240,0.00020030813
0,255250,0.00020029192
0,255260,0.00020027572
0,255270,0.00020025953
0,255280,0.00020024333
0,255290,0.00020022715
0,255300,0.00020021095
0,255310,0.00020019476
0,255320,0.00020017858
0,255330,0.0002001624
0,255340,0.0002001462
0,255350,0.00020013002
0,255360,0.00020011383
0,255370,0.00020009765
0,255380,0.00020008147
0,255390,0.0002000653
0,255400,0.00020004912
0,255410,0.00020003294
0,255420,0.00020001677
0,255430,0.0002000006
0,255440,0.00019998442
0,255450,0.00019996826
0,255460,0.00019995209
0,255470,0.00019993592
0,255480,0.00019991976
0,255490,0.0001999036
0,255500,0.00019988744
0,255510,0.00019987127
0,255520,0.00019985512
0,255530,0.00019983896
0,255540,0.0001998228
0,255550,0.00019980664
0,255560,0.00019979049
0,255570,0.00019977434
0,255580,0.0001997582
0,255590,0.00019974205
0,255600,0.0001997259
0,255610,0.00019970976
0,255620,0.0001996936
0,255630,0.00019967747
0,255640,0.00019966133
0,255650,0.00019964519
0,255660,0.00019962905
0,255670,0.00019961291
0,255680,0.00019959678
0,255690,0.00019958064
0,255700,0.00019956451
0,255710,0.00019954838
0,255720,0.00019953225
0,255730,0.00019951613
0,255740,0.00019949999
0,255750,0.00019948387
0,255760,0.00019946774
0,255770,0.00019945164
0,255780,0.00019943551
0,255790,0.00019941939
0,255800,0.00019940326
0,255810,0.00019938716
0,255820,0.00019937105
0,255830,0.00019935492
0,255840,0.00019933881
0,255850,0.0001993227
0,255860,0.0001993066
0,255870,0.00019929049
0,255880,0.0001992744
0,255890,0.00019925828
0,255900,0.00019924217
0,255910,0.00019922608
0,255920,0.00019920999
0,255930,0.00019919388
0,255940,0.00019917778
0,255950,0.00019916169
0,255960,0.0001991456
0,255970,0.0001991295
0,255980,0.00019911342
0,255990,0.00019909733
0,256000,0.00019908123
0,256010,0.00019906515
0,256020,0.00019904907
0,256030,0.00019903298
0,256040,0.0001990169
0,256050,0.00019900082
0,256060,0.00019898474
0,256070,0.00019896866
0,256080,0.00019895259
0,256090,0.00019893651
0,256100,0.00019892045
0,256110,0.00019890437
0,256120,0.0001988883
0,256130,0.00019887224
0,256140,0.00019885616
0,256150,0.00019884009
0,256160,0.00019882403
0,256170,0.00019880797
0,256180,0.00019879191
0,256190,0.00019877584
0,256200,0.0001987598
0,256210,0.00019874373
0,256220,0.00019872768
0,256230,0.00019871163
0,256240,0.00019869558
0,256250,0.00019867953
0,256260,0.00019866347
0,256270,0.00019864742
0,256280,0.00019863137
0,256290,0.00019861534
0,256300,0.00019859929
0,256310,0.00019858325
0,256320,0.0001985672
0,256330,0.00019855116
0,256340,0.00019853513
0,256350,0.00019851909
0,256360,0.00019850305
0,256370,0.00019848702
0,256380,0.000198471
0,256390,0.00019845496
0,256400,0.00019843894
0,256410,0.0001984229
0,256420,0.00019840688
0,256430,0.00019839086
0,256440,0.00019837484
0,256450,0.00019835882
0,256460,0.0001983428
0,256470,0.00019832677
0,256480,0.00019831075
0,256490,0.00019829474
0,256500,0.00019827872
0,256510,0.00019826271
0,256520,0.0001982467
0,256530,0.00019823069
0,256540,0.00019821468
0,256550,0.00019819867
0,256560,0.00019818266
0,256570,0.00019816666
0,256580,0.00019815066
0,256590,0.00019813466
0,256600,0.00019811867
0,256610,0.00019810266
0,256620,0.00019808667
0,256630,0.00019807067
0,256640,0.00019805468
0,256650,0.00019803869
0,256660,0.0001980227
0,256670,0.0001980067
0,256680,0.00019799071
0,256690,0.00019797473
0,256700,0.00019795874
0,256710,0.00019794276
0,256720,0.00019792678
0,256730,0.00019791079
0,256740,0.00019789481
0,256750,0.00019787884
0,256760,0.00019786287
0,256770,0.0001978469
0,256780,0.00019783092
0,256790,0.00019781494
0,256800,0.00019779897
0,256810,0.00019778301
0,256820,0.00019776703
0,256830,0.00019775107
0,256840,0.0001977351
0,256850,0.00019771914
0,256860,0.00019770318
0,256870,0.00019768722
0,256880,0.00019767127
0,256890,0.0001976553
0,256900,0.00019763935
0,256910,0.00019762339
0,256920,0.00019760744
0,256930,0.0001975915
0,256940,0.00019757554
0,256950,0.0001975596
0,256960,0.00019754365
0,256970,0.0001975277
0,256980,0.00019751175
0,256990,0.00019749581
0,257000,0.00019747987
0,257010,0.00019746393
0,257020,0.000197448
0,257030,0.00019743205
0,257040,0.00019741611
0,257050,0.00019740018
0,257060,0.00019738424
0,257070,0.00019736832
0,257080,0.00019735239
0,257090,0.00019733646
0,257100,0.00019732054
0,257110,0.00019730462
0,257120,0.00019728868
0,257130,0.00019727276
0,257140,0.00019725684
0,257150,0.00019724092
0,257160,0.000197225
0,257170,0.00019720908
0,257180,0.00019719318
0,257190,0.00019717726
0,257200,0.00019716134
0,257210,0.00019714543
0,257220,0.00019712953
0,257230,0.00019711362
0,257240,0.00019709772
0,257250,0.00019708181
0,257260,0.0001970659
0,257270,0.00019705
0,257280,0.0001970341
0,257290,0.0001970182
0,257300,0.0001970023
0,257310,0.00019698641
0,257320,0.0001969705
0,257330,0.00019695461
0,257340,0.00019693872
0,257350,0.00019692283
0,257360,0.00019690694
0,257370,0.00019689105
0,257380,0.00019687517
0,257390,0.00019685928
0,257400,0.0001968434
0,257410,0.00019682752
0,257420,0.00019681164
0,257430,0.00019679577
0,257440,0.00019677987
0,257450,0.000196764
0,257460,0.00019674814
0,257470,0.00019673226
0,257480,0.00019671638
0,257490,0.00019670051
0,257500,0.00019668465
0,257510,0.00019666877
0,257520,0.00019665291
0,257530,0.00019663705
0,257540,0.00019662119
0,257550,0.00019660532
0,257560,0.00019658946
0,257570,0.0001965736
0,257580,0.00019655774
0,257590,0.00019654189
0,257600,0.00019652603
0,257610,0.00019651018
0,257620,0.00019649432
0,257630,0.00019647848
0,257640,0.00019646263
0,257650,0.00019644678
0,257660,0.00019643093
0,257670,0.00019641509
0,257680,0.00019639925
0,257690,0.00019638341
0,257700,0.00019636756
0,257710,0.00019635173
0,257720,0.0001963359
0,257730,0.00019632005
0,257740,0.00019630422
0,257750,0.00019628838
0,257760,0.00019627255
0,257770,0.00019625672
0,257780,0.0001962409
0,257790,0.00019622507
0,257800,0.00019620924
0,257810,0.00019619342
0,257820,0.0001961776
0,257830,0.00019616177
0,257840,0.00019614595
0,257850,0.00019613013
0,257860,0.00019611431
0,257870,0.0001960985
0,257880,0.00019608269
0,257890,0.00019606687
0,257900,0.00019605106
0,257910,0.00019603525
0,257920,0.00019601943
0,257930,0.00019600363
0,257940,0.00019598783
0,257950,0.00019597202
0,257960,0.00019595622
0,257970,0.00019594042
0,257980,0.00019592461
0,257990,0.00019590883
0,258000,0.00019589302
0,258010,0.00019587723
0,258020,0.00019586143
0,258030,0.00019584564
0,258040,0.00019582985
0,258050,0.00019581406
0,258060,0.00019579827
0,258070,0.00019578249
0,258080,0.0001957667
0,258090,0.00019575091
0,258100,0.00019573513
0,258110,0.00019571935
0,258120,0.00019570357
0,258130,0.00019568778
0,258140,0.00019567201
0,258150,0.00019565623
0,258160,0.00019564046
0,258170,0.00019562469
0,258180,0.00019560891
0,258190,0.00019559315
0,258200,0.00019557738
0,258210,0.0001955616
0,258220,0.00019554584
0,258230,0.00019553008
0,258240,0.00019551432
0,258250,0.00019549855
0,258260,0.00019548279
0,258270,0.00019546703
0,258280,0.00019545128
0,258290,0.00019543552
0,258300,0.00019541977
0,258310,0.00019540402
0,258320,0.00019538826
0,258330,0.00019537252
0,258340,0.00019535677
0,258350,0.00019534101
0,258360,0.00019532526
0,258370,0.00019530952
0,258380,0.00019529379
0,258390,0.00019527804
0,258400,0.0001952623
0,258410,0.00019524657
0,258420,0.00019523082
0,258430,0.00019521509
0,258440,0.00019519935
0,258450,0.00019518362
0,258460,0.00019516789
0,258470,0.00019515216
0,258480,0.00019513642
0,258490,0.00019512071
0,258500,0.00019510498
0,258510,0.00019508925
0,258520,0.00019507353
0,258530,0.0001950578
0,258540,0.00019504208
0,258550,0.00019502637
0,258560,0.00019501065
0,258570,0.00019499494
0,258580,0.00019497922
0,258590,0.0001949635
0,258600,0.00019494779
0,258610,0.00019493209
0,258620,0.00019491637
0,258630,0.00019490067
0,258640,0.00019488497
0,258650,0.00019486925
0,258660,0.00019485355
0,258670,0.00019483785
0,258680,0.00019482215
0,258690,0.00019480645
0,258700,0.00019479076
0,258710,0.00019477506
0,258720,0.00019475936
0,258730,0.00019474367
0,258740,0.00019472798
0,258750,0.00019471228
0,258760,0.0001946966
0,258770,0.0001946809
0,258780,0.00019466522
0,258790,0.00019464953
0,258800,0.00019463386
0,258810,0.00019461817
0,258820,0.00019460249
0,258830,0.00019458681
0,258840,0.00019457113
0,258850,0.00019455545
0,258860,0.00019453978
0,258870,0.00019452411
0,258880,0.00019450844
0,258890,0.00019449276
0,258900,0.00019447709
0,258910,0.00019446143
0,258920,0.00019444576
0,258930,0.00019443009
0,258940,0.00019441443
0,258950,0.00019439877
0,258960,0.00019438312
0,258970,0.00019436744
0,258980,0.00019435179
0,258990,0.00019433613
0,259000,0.00019432048
0,259010,0.00019430483
0,259020,0.00019428917
0,259030,0.00019427353
0,259040,0.00019425787
0,259050,0.00019424222
0,259060,0.00019422658
0,259070,0.00019421094
0,259080,0.00019419528
0,259090,0.00019417965
0,259100,0.00019416401
0,259110,0.00019414836
0,259120,0.00019413272
0,259130,0.00019411709
0,259140,0.00019410145
0,259150,0.00019408582
0,259160,0.00019407019
0,259170,0.00019405455
0,259180,0.00019403892
0,259190,0.00019402329
0,259200,0.00019400766
0,259210,0.00019399205
0,259220,0.00019397642
0,259230,0.00019396079
0,259240,0.00019394518
0,259250,0.00019392955
0,259260,0.00019391393
0,259270,0.00019389832
0,259280,0.0001938827
0,259290,0.00019386709
0,259300,0.00019385148
0,259310,0.00019383586
0,259320,0.00019382025
0,259330,0.00019380465
0,259340,0.00019378903
0,259350,0.00019377343
0,259360,0.00019375782
0,259370,0.00019374222
0,259380,0.00019372662
0,259390,0.00019371102
0,259400,0.00019369542
0,259410,0.00019367982
0,259420,0.00019366422
0,259430,0.00019364862
0,259440,0.00019363304
0,259450,0.00019361744
0,259460,0.00019360185
0,259470,0.00019358627
0,259480,0.00019357067
0,259490,0.00019355508
0,259500,0.0001935395
0,259510,0.00019352391
0,259520,0.00019350834
0,259530,0.00019349276
0,259540,0.00019347717
0,259550,0.0001934616
0,259560,0.00019344602
0,259570,0.00019343045
0,259580,0.00019341487
0,259590,0.0001933993
0,259600,0.00019338373
0,259610,0.00019336816
0,259620,0.0001933526
0,259630,0.00019333702
0,259640,0.00019332145
0,259650,0.0001933059
0,259660,0.00019329033
0,259670,0.00019327477
0,259680,0.00019325921
0,259690,0.00019324366
0,259700,0.00019322809
0,259710,0.00019321253
0,259720,0.00019319699
0,259730,0.00019318143
0,259740,0.00019316588
0,259750,0.00019315032
0,259760,0.00019313478
0,259770,0.00019311924
0,259780,0.00019310368
0,259790,0.00019308814
0,259800,0.0001930726
0,259810,0.00019305706
0,259820,0.00019304152
0,259830,0.00019302598
0,259840,0.00019301043
0,259850,0.0001929949
0,259860,0.00019297937
0,259870,0.00019296384
0,259880,0.0001929483
0,259890,0.00019293277
0,259900,0.00019291724
0,259910,0.00019290172
0,259920,0.00019288619
0,259930,0.00019287066
0,259940,0.00019285514
0,259950,0.00019283961
0,259960,0.0001928241
0,259970,0.00019280857
0,259980,0.00019279306
0,259990,0.00019277754
0,260000,0.00019276202
0,260010,0.0001927465
0,260020,0.000192731
0,260030,0.00019271548
0,260040,0.00019269998
0,260050,0.00019268447
0,260060,0.00019266896
0,260070,0.00019265346
0,260080,0.00019263795
0,260090,0.00019262245
0,260100,0.00019260695
0,260110,0.00019259144
0,260120,0.00019257594
0,260130,0.00019256044
0,260140,0.00019254495
0,260150,0.00019252946
0,260160,0.00019251397
0,260170,0.00019249847
0,260180,0.00019248298
0,260190,0.00019246749
0,260200,0.000192452
0,260210,0.00019243652
0,260220,0.00019242104
0,260230,0.00019240555
0,260240,0.00019239007
0,260250,0.00019237459
0,260260,0.0001923591
0,260270,0.00019234364
0,260280,0.00019232815
0,260290,0.00019231268
0,260300,0.0001922972
0,260310,0.00019228173
0,260320,0.00019226626
0,260330,0.0001922508
0,260340,0.00019223533
0,260350,0.00019221986
0,260360,0.00019220439
0,260370,0.00019218892
0,260380,0.00019217347
0,260390,0.000192158
0,260400,0.00019214254
0,260410,0.00019212709
0,260420,0.00019211162
0,260430,0.00019209617
0,260440,0.00019208071
0,260450,0.00019206526
0,260460,0.0001920498
0,260470,0.00019203436
0,260480,0.00019201891
0,260490,0.00019200346
0,260500,0.00019198802
0,260510,0.00019197258
0,260520,0.00019195712
0,260530,0.00019194168
0,260540,0.00019192624
0,260550,0.0001919108
0,260560,0.00019189536
0,260570,0.00019187992
0,260580,0.0001918645
0,260590,0.00019184906
0,260600,0.00019183363
0,260610,0.0001918182
0,260620,0.00019180277
0,260630,0.00019178735
0,260640,0.0001917719
0,260650,0.00019175648
0,260660,0.00019174106
0,260670,0.00019172564
0,260680,0.00019171022
0,260690,0.0001916948
0,260700,0.00019167938
0,260710,0.00019166396
0,260720,0.00019164855
0,260730,0.00019163314
0,260740,0.00019161771
0,260750,0.0001916023
0,260760,0.00019158689
0,260770,0.00019157148
0,260780,0.00019155607
0,260790,0.00019154068
0,260800,0.00019152527
0,260810,0.00019150987
0,260820,0.00019149446
0,260830,0.00019147906
0,260840,0.00019146367
0,260850,0.00019144826
0,260860,0.00019143286
0,260870,0.00019141746
0,260880,0.00019140208
0,260890,0.00019138669
0,260900,0.00019137129
0,260910,0.0001913559
0,260920,0.00019134051
0,260930,0.00019132513
0,260940,0.00019130974
0,260950,0.00019129436
0,260960,0.00019127897
0,260970,0.00019126359
0,260980,0.00019124821
0,260990,0.00019123283
0,261000,0.00019121745
0,261010,0.00019120208
0,261020,0.0001911867
0,261030,0.00019117133
0,261040,0.00019115595
0,261050,0.00019114059
0,261060,0.00019112522
0,261070,0.00019110985
0,261080,0.00019109448
0,261090,0.00019107912
0,261100,0.00019106375
0,261110,0.00019104838
0,261120,0.00019103303
0,261130,0.00019101767
0,261140,0.00019100231
0,261150,0.00019098696
0,261160,0.0001909716
0,261170,0.00019095624
0,261180,0.00019094089
0,261190,0.00019092554
0,261200,0.00019091018
0,261210,0.00019089485
0,261220,0.0001908795
0,261230,0.00019086414
0,261240,0.0001908488
0,261250,0.00019083345
0,261260,0.00019081811
0,261270,0.00019080278
0,261280,0.00019078744
0,261290,0.0001907721
0,261300,0.00019075676
0,261310,0.00019074143
0,261320,0.00019072609
0,261330,0.00019071077
0,261340,0.00019069543
0,261350,0.0001906801
0,261360,0.00019066477
0,261370,0.00019064944
0,261380,0.00019063412
0,261390,0.0001906188
0,261400,0.00019060347
0,261410,0.00019058815
0,261420,0.00019057283
0,261430,0.0001905575
0,261440,0.0001905422
0,261450,0.00019052687
0,261460,0.00019051156
0,261470,0.00019049624
0,261480,0.00019048093
0,261490,0.00019046562
0,261500,0.00019045032
0,261510,0.000190435
0,261520,0.0001904197
0,261530,0.00019040439
0,261540,0.0001903891
0,261550,0.00019037379
0,261560,0.00019035849
0,261570,0.00019034318
0,261580,0.00019032789
0,261590,0.0001903126
0,261600,0.0001902973
0,261610,0.00019028201
0,261620,0.00019026671
0,261630,0.00019025142
0,261640,0.00019023613
0,261650,0.00019022083
0,261660,0.00019020555
0,261670,0.00019019026
0,261680,0.00019017498
0,261690,0.0001901597
0,261700,0.0001901444
0,261710,0.00019012913
0,261720,0.00019011385
0,261730,0.00019009857
0,261740,0.0001900833
0,261750,0.00019006802
0,261760,0.00019005274
0,261770,0.00019003748
0,261780,0.0001900222
0,261790,0.00019000693
0,261800,0.00018999167
0,261810,0.0001899764
0,261820,0.00018996112
0,261830,0.00018994586
0,261840,0.00018993061
0,261850,0.00018991534
0,261860,0.00018990008
0,261870,0.00018988483
0,261880,0.00018986956
0,261890,0.00018985431
0,261900,0.00018983905
0,261910,0.0001898238
0,261920,0.00018980855
0,261930,0.0001897933
0,261940,0.00018977805
0,261950,0.0001897628
0,261960,0.00018974754
0,261970,0.00018973231
0,261980,0.00018971706
0,261990,0.00018970181
0,262000,0.00018968657
0,262010,0.00018967134
0,262020,0.0001896561
0,262030,0.00018964085
0,262040,0.00018962561
0,262050,0.00018961038
0,262060,0.00018959516
0,262070,0.00018957992
0,262080,0.00018956469
0,262090,0.00018954946
0,262100,0.00018953423
0,262110,0.000189519
0,262120,0.00018950377
0,262130,0.00018948855
0,262140,0.00018947333
0,262150,0.00018945811
0,262160,0.00018944289
0,262170,0.00018942766
0,262180,0.00018941246
0,262190,0.00018939724
0,262200,0.00018938202
0,262210,0.00018936681
0,262220,0.0001893516
0,262230,0.00018933638
0,262240,0.00018932117
0,262250,0.00018930597
0,262260,0.00018929076
0,262270,0.00018927555
0,262280,0.00018926035
0,262290,0.00018924515
0,262300,0.00018922995
0,262310,0.00018921476
0,262320,0.00018919955
0,262330,0.00018918436
0,262340,0.00018916916
0,262350,0.00018915396
0,262360,0.00018913877
0,262370,0.00018912357
0,262380,0.00018910838
0,262390,0.0001890932
0,262400,0.00018907801
0,262410,0.00018906282
0,262420,0.00018904764
0,262430,0.00018903245
0,262440,0.00018901727
0,262450,0.0001890021
0,262460,0.00018898692
0,262470,0.00018897174
0,262480,0.00018895656
0,262490,0.00018894138
0,262500,0.0001889262
0,262510,0.00018891103
0,262520,0.00018889586
0,262530,0.00018888069
0,262540,0.00018886552
0,262550,0.00018885035
0,262560,0.00018883518
0,262570,0.00018882002
0,262580,0.00018880486
0,262590,0.0001887897
0,262600,0.00018877453
0,262610,0.00018875937
0,262620,0.00018874422
0,262630,0.00018872906
0,262640,0.00018871391
0,262650,0.00018869874
0,262660,0.0001886836
0,262670,0.00018866845
0,262680,0.0001886533
0,262690,0.00018863815
0,262700,0.000188623
0,262710,0.00018860785
0,262720,0.0001885927
0,262730,0.00018857756
0,262740,0.00018856242
0,262750,0.00018854727
0,262760,0.00018853214
0,262770,0.000188517
0,262780,0.00018850187
0,262790,0.00018848672
0,262800,0.00018847159
0,262810,0.00018845646
0,262820,0.00018844134
0,262830,0.0001884262
0,262840,0.00018841107
0,262850,0.00018839595
0,262860,0.00018838081
0,262870,0.0001883657
0,262880,0.00018835058
0,262890,0.00018833544
0,262900,0.00018832032
0,262910,0.0001883052
0,262920,0.00018829008
0,262930,0.00018827496
0,262940,0.00018825986
0,262950,0.00018824474
0,262960,0.00018822963
0,262970,0.00018821452
0,262980,0.00018819941
0,262990,0.00018818429
0,263000,0.00018816919
0,263010,0.00018815408
0,263020,0.00018813898
0,263030,0.00018812387
0,263040,0.00018810877
0,263050,0.00018809368
0,263060,0.00018807857
0,263070,0.00018806347
0,263080,0.00018804838
0,263090,0.00018803329
0,263100,0.00018801818
0,263110,0.00018800309
0,263120,0.000187988
0,263130,0.00018797291
0,263140,0.00018795782
0,263150,0.00018794273
0,263160,0.00018792765
0,263170,0.00018791256
0,263180,0.00018789747
0,263190,0.0001878824
0,263200,0.00018786732
0,263210,0.00018785223
0,263220,0.00018783715
0,263230,0.00018782208
0,263240,0.000187807
0,263250,0.00018779193
0,263260,0.00018777685
0,263270,0.00018776179
0,263280,0.00018774671
0,263290,0.00018773164
0,263300,0.00018771658
0,263310,0.00018770152
0,263320,0.00018768644
0,263330,0.00018767138
0,263340,0.00018765632
0,263350,0.00018764126
0,263360,0.0001876262
0,263370,0.00018761113
0,263380,0.00018759609
0,263390,0.00018758103
0,263400,0.00018756598
0,263410,0.00018755092
0,263420,0.00018753587
0,263430,0.00018752081
0,263440,0.00018750576
0,263450,0.00018749072
0,263460,0.00018747567
0,263470,0.00018746062
0,263480,0.00018744558
0,263490,0.00018743055
0,263500,0.0001874155
0,263510,0.00018740047
0,263520,0.00018738542
0,263530,0.00018737039
0,263540,0.00018735536
0,263550,0.00018734031
0,263560,0.00018732528
0,263570,0.00018731024
0,263580,0.00018729521
0,263590,0.0001872802
0,263600,0.00018726516
0,263610,0.00018725013
0,263620,0.00018723511
0,263630,0.00018722008
0,263640,0.00018720506
0,263650,0.00018719005
0,263660,0.00018717501
0,263670,0.00018716
0,263680,0.00018714498
0,263690,0.00018712996
0,263700,0.00018711496
0,263710,0.00018709994
0,263720,0.00018708492
0,263730,0.00018706992
0,263740,0.0001870549
0,263750,0.0001870399
0,263760,0.0001870249
0,263770,0.00018700988
0,263780,0.00018699488
0,263790,0.00018697987
0,263800,0.00018696487
0,263810,0.00018694988
0,263820,0.00018693488
0,263830,0.00018691987
0,263840,0.00018690489
0,263850,0.00018688988
0,263860,0.0001868749
0,263870,0.0001868599
0,263880,0.0001868449
0,263890,0.00018682992
0,263900,0.00018681493
0,263910,0.00018679994
0,263920,0.00018678496
0,263930,0.00018676998
0,263940,0.00018675499
0,263950,0.00018674001
0,263960,0.00018672502
0,263970,0.00018671005
0,263980,0.00018669508
0,263990,0.00018668009
0,264000,0.00018666511
0,264010,0.00018665014
0,264020,0.00018663517
0,264030,0.0001866202
0,264040,0.00018660523
0,264050,0.00018659026
0,264060,0.0001865753
0,264070,0.00018656033
0,264080,0.00018654537
0,264090,0.0001865304
0,264100,0.00018651543
0,264110,0.00018650047
0,264120,0.00018648551
0,264130,0.00018647056
0,264140,0.0001864556
0,264150,0.00018644065
0,264160,0.00018642569
0,264170,0.00018641073
0,264180,0.00018639579
0,264190,0.00018638083
0,264200,0.00018636588
0,264210,0.00018635094
0,264220,0.000186336
0,264230,0.00018632105
0,264240,0.0001863061
0,264250,0.00018629116
0,264260,0.00018627621
0,264270,0.00018626128
0,264280,0.00018624634
0,264290,0.0001862314
0,264300,0.00018621646
0,264310,0.00018620153
0,264320,0.0001861866
0,264330,0.00018617166
0,264340,0.00018615673
0,264350,0.0001861418
0,264360,0.00018612688
0,264370,0.00018611195
0,264380,0.00018609702
0,264390,0.0001860821
0,264400,0.00018606718
0,264410,0.00018605226
0,264420,0.00018603733
0,264430,0.00018602241
0,264440,0.0001860075
0,264450,0.00018599258
0,264460,0.00018597767
0,264470,0.00018596275
0,264480,0.00018594784
0,264490,0.00018593293
0,264500,0.00018591802
0,264510,0.0001859031
0,264520,0.0001858882
0,264530,0.0001858733
0,264540,0.00018585839
0,264550,0.00018584348
0,264560,0.00018582858
0,264570,0.00018581368
0,264580,0.00018579878
0,264590,0.0001857839
0,264600,0.000185769
0,264610,0.00018575409
0,264620,0.0001857392
0,264630,0.0001857243
0,264640,0.00018570942
0,264650,0.00018569453
0,264660,0.00018567963
0,264670,0.00018566474
0,264680,0.00018564986
0,264690,0.00018563497
0,264700,0.0001856201
0,264710,0.00018560521
0,264720,0.00018559032
0,264730,0.00018557545
0,264740,0.00018556057
0,264750,0.0001855457
0,264760,0.00018553082
0,264770,0.00018551594
0,264780,0.00018550106
0,264790,0.00018548619
0,264800,0.00018547132
0,264810,0.00018545646
0,264820,0.00018544159
0,264830,0.00018542672
0,264840,0.00018541186
0,264850,0.00018539699
0,264860,0.00018538213
0,264870,0.00018536727
0,264880,0.0001853524
0,264890,0.00018533754
0,264900,0.00018532269
0,264910,0.00018530783
0,264920,0.00018529297
0,264930,0.00018527813
0,264940,0.00018526327
0,264950,0.00018524841
0,264960,0.00018523357
0,264970,0.00018521871
0,264980,0.00018520387
0,264990,0.00018518903
0,265000,0.00018517418
0,265010,0.00018515934
0,265020,0.0001851445
0,265030,0.00018512965
0,265040,0.00018511481
0,265050,0.00018509997
0,265060,0.00018508514
0,265070,0.0001850703
0,265080,0.00018505547
0,265090,0.00018504064
0,265100,0.0001850258
0,265110,0.00018501097
0,265120,0.00018499614
0,265130,0.00018498131
0,265140,0.00018496648
0,265150,0.00018495166
0,265160,0.00018493684
0,265170,0.00018492201
0,265180,0.0001849072
0,265190,0.00018489237
0,265200,0.00018487756
0,265210,0.00018486274
0,265220,0.00018484792
0,265230,0.0001848331
0,265240,0.00018481829
0,265250,0.00018480347
0,265260,0.00018478867
0,265270,0.00018477386
0,265280,0.00018475905
0,265290,0.00018474425
0,265300,0.00018472943
0,265310,0.00018471463
0,265320,0.00018469982
0,265330,0.00018468502
0,265340,0.00018467022
0,265350,0.00018465542
0,265360,0.00018464062
0,265370,0.00018462582
0,265380,0.00018461104
0,265390,0.00018459624
0,265400,0.00018458144
0,265410,0.00018456666
0,265420,0.00018455186
0,265430,0.00018453707
0,265440,0.00018452229
0,265450,0.0001845075
0,265460,0.00018449272
0,265470,0.00018447793
0,265480,0.00018446315
0,265490,0.00018444836
0,265500,0.00018443358
0,265510,0.00018441881
0,265520,0.00018440402
0,265530,0.00018438925
0,265540,0.00018437447
0,265550,0.0001843597
0,265560,0.00018434493
0,265570,0.00018433016
0,265580,0.00018431539
0,265590,0.00018430062
0,265600,0.00018428585
0,265610,0.00018427109
0,265620,0.00018425632
0,265630,0.00018424155
0,265640,0.0001842268
0,265650,0.00018421204
0,265660,0.00018419727
0,265670,0.00018418251
0,265680,0.00018416776
0,265690,0.000184153
0,265700,0.00018413825
0,265710,0.00018412349
0,265720,0.00018410874
0,265730,0.000184094
0,265740,0.00018407924
0,265750,0.0001840645
0,265760,0.00018404974
0,265770,0.000184035
0,265780,0.00018402026
0,265790,0.00018400552
0,265800,0.00018399078
0,265810,0.00018397604
0,265820,0.0001839613
0,265830,0.00018394655
0,265840,0.00018393181
0,265850,0.00018391709
0,265860,0.00018390235
0,265870,0.00018388762
0,265880,0.00018387288
0,265890,0.00018385815
0,265900,0.00018384343
0,265910,0.0001838287
0,265920,0.00018381397
0,265930,0.00018379925
0,265940,0.00018378452
0,265950,0.0001837698
0,265960,0.00018375508
0,265970,0.00018374035
0,265980,0.00018372564
0,265990,0.00018371092
0,266000,0.0001836962
0,266010,0.00018368149
0,266020,0.00018366678
0,266030,0.00018365207
0,266040,0.00018363736
0,266050,0.00018362264
0,266060,0.00018360793
0,266070,0.00018359323
0,266080,0.00018357852
0,266090,0.00018356382
0,266100,0.00018354911
0,266110,0.00018353442
0,266120,0.00018351972
0,266130,0.000183505
0,266140,0.00018349031
0,266150,0.00018347561
0,266160,0.00018346093
0,266170,0.00018344623
0,266180,0.00018343153
0,266190,0.00018341684
0,266200,0.00018340215
0,266210,0.00018338746
0,266220,0.00018337277
0,266230,0.00018335809
0,266240,0.0001833434
0,266250,0.00018332872
0,266260,0.00018331404
0,266270,0.00018329936
0,266280,0.00018328468
0,266290,0.00018326999
0,266300,0.00018325531
0,266310,0.00018324064
0,266320,0.00018322596
0,266330,0.00018321129
0,266340,0.00018319662
0,266350,0.00018318194
0,266360,0.00018316727
0,266370,0.0001831526
0,266380,0.00018313793
0,266390,0.00018312327
0,266400,0.00018310861
0,266410,0.00018309394
0,266420,0.00018307928
0,266430,0.00018306462
0,266440,0.00018304995
0,266450,0.0001830353
0,266460,0.00018302065
0,266470,0.00018300599
0,266480,0.00018299134
0,266490,0.00018297668
0,266500,0.00018296203
0,266510,0.00018294738
0,266520,0.00018293272
0,266530,0.00018291808
0,266540,0.00018290343
0,266550,0.00018288879
0,266560,0.00018287414
0,266570,0.0001828595
0,266580,0.00018284486
0,266590,0.00018283022
0,266600,0.00018281557
0,266610,0.00018280094
0,266620,0.0001827863
0,266630,0.00018277166
0,266640,0.00018275702
0,266650,0.0001827424
0,266660,0.00018272776
0,266670,0.00018271313
0,266680,0.0001826985
0,266690,0.00018268387
0,266700,0.00018266925
0,266710,0.00018265462
0,266720,0.00018264
0,266730,0.00018262537
0,266740,0.00018261075
0,266750,0.00018259612
0,266760,0.00018258151
0,266770,0.00018256689
0,266780,0.00018255228
0,266790,0.00018253765
0,266800,0.00018252304
0,266810,0.00018250843
0,266820,0.00018249382
0,266830,0.00018247921
0,266840,0.0001824646
0,266850,0.00018244999
0,266860,0.00018243538
0,266870,0.00018242079
0,266880,0.00018240618
0,266890,0.00018239158
0,266900,0.00018237697
0,266910,0.00018236238
0,266920,0.00018234778
0,266930,0.00018233317
0,266940,0.00018231857
0,266950,0.00018230398
0,266960,0.00018228938
0,266970,0.0001822748
0,266980,0.0001822602
0,266990,0.00018224561
0,267000,0.00018223103
0,267010,0.00018221643
0,267020,0.00018220185
0,267030,0.00018218727
0,267040,0.00018217268
0,267050,0.0001821581
0,267060,0.00018214351
0,267070,0.00018212893
0,267080,0.00018211435
0,267090,0.00018209979
0,267100,0.0001820852
0,267110,0.00018207062
0,267120,0.00018205606
0,267130,0.00018204148
0,267140,0.00018202691
0,267150,0.00018201234
0,267160,0.00018199778
0,267170,0.00018198321
0,267180,0.00018196864
0,267190,0.00018195408
0,267200,0.00018193951
0,267210,0.00018192494
0,267220,0.00018191039
0,267230,0.00018189583
0,267240,0.00018188127
0,267250,0.00018186671
0,267260,0.00018185216
0,267270,0.0001818376
0,267280,0.00018182304
0,267290,0.00018180849
0,267300,0.00018179395
0,267310,0.0001817794
0,267320,0.00018176484
0,267330,0.00018175029
0,267340,0.00018173576
0,267350,0.0001817212
0,267360,0.00018170667
0,267370,0.00018169211
0,267380,0.00018167758
0,267390,0.00018166304
0,267400,0.0001816485
0,267410,0.00018163396
0,267420,0.00018161943
0,267430,0.00018160489
0,267440,0.00018159035
0,267450,0.00018157583
0,267460,0.00018156129
0,267470,0.00018154677
0,267480,0.00018153223
0,267490,0.00018151771
0,267500,0.00018150319
0,267510,0.00018148866
0,267520,0.00018147413
0,267530,0.0001814596
0,267540,0.0001814451
0,267550,0.00018143057
0,267560,0.00018141605
0,267570,0.00018140154
0,267580,0.00018138702
0,267590,0.00018137251
0,267600,0.00018135799
0,267610,0.00018134348
0,267620,0.00018132897
0,267630,0.00018131446
0,267640,0.00018129995
0,267650,0.00018128545
0,267660,0.00018127094
0,267670,0.00018125643
0,267680,0.00018124192
0,267690,0.00018122743
0,267700,0.00018121292
0,267710,0.00018119843
0,267720,0.00018118393
0,267730,0.00018116942
0,267740,0.00018115493
0,267750,0.00018114044
0,267760,0.00018112594
0,267770,0.00018111145
0,267780,0.00018109696
0,267790,0.00018108248
0,267800,0.00018106798
0,267810,0.00018105349
0,267820,0.00018103901
0,267830,0.00018102453
0,267840,0.00018101004
0,267850,0.00018099556
0,267860,0.00018098108
0,267870,0.0001809666
0,267880,0.00018095212
0,267890,0.00018093764
0,267900,0.00018092316
0,267910,0.0001809087
0,267920,0.00018089422
0,267930,0.00018087975
0,267940,0.00018086527
0,267950,0.00018085081
0,267960,0.00018083633
0,267970,0.00018082187
0,267980,0.0001808074
0,267990,0.00018079294
0,268000,0.00018077847
0,268010,0.00018076401
0,268020,0.00018074956
0,268030,0.0001807351
0,268040,0.00018072063
0,268050,0.00018070618
0,268060,0.00018069173
0,268070,0.00018067726
0,268080,0.00018066281
0,268090,0.00018064836
0,268100,0.00018063391
0,268110,0.00018061946
0,268120,0.00018060501
0,268130,0.00018059056
0,268140,0.00018057611
0,268150,0.00018056168
0,268160,0.00018054723
0,268170,0.00018053279
0,268180,0.00018051834
0,268190,0.0001805039
0,268200,0.00018048947
0,268210,0.00018047504
0,268220,0.0001804606
0,268230,0.00018044616
0,268240,0.00018043173
0,268250,0.0001804173
0,268260,0.00018040286
0,268270,0.00018038844
0,268280,0.000180374
0,268290,0.00018035958
0,268300,0.00018034515
0,268310,0.00018033072
0,268320,0.0001803163
0,268330,0.00018030188
0,268340,0.00018028746
0,268350,0.00018027304
0,268360,0.00018025862
0,268370,0.0001802442
0,268380,0.00018022979
0,268390,0.00018021537
0,268400,0.00018020096
0,268410,0.00018018654
0,268420,0.00018017214
0,268430,0.00018015773
0,268440,0.00018014331
0,268450,0.0001801289
0,268460,0.0001801145
0,268470,0.00018010009
0,268480,0.0001800857
0,268490,0.00018007129
0,268500,0.00018005689
0,268510,0.0001800425
0,268520,0.00018002809
0,268530,0.0001800137
0,268540,0.00017999929
0,268550,0.0001799849
0,268560,0.0001799705
0,268570,0.00017995611
0,268580,0.00017994172
0,268590,0.00017992733
0,268600,0.00017991294
0,268610,0.00017989856
0,268620,0.00017988417
0,268630,0.00017986978
0,268640,0.0001798554
0,268650,0.00017984102
0,268660,0.00017982663
0,268670,0.00017981225
0,268680,0.00017979788
0,268690,0.0001797835
0,268700,0.00017976912
0,268710,0.00017975474
0,268720,0.00017974037
0,268730,0.000179726
0,268740,0.00017971163
0,268750,0.00017969726
0,268760,0.00017968289
0,268770,0.00017966852
0,268780,0.00017965416
0,268790,0.00017963978
0,268800,0.00017962542
0,268810,0.00017961106
0,268820,0.0001795967
0,268830,0.00017958233
0,268840,0.00017956799
0,268850,0.00017955362
0,268860,0.00017953926
0,268870,0.00017952491
0,268880,0.00017951056
0,268890,0.0001794962
0,268900,0.00017948185
0,268910,0.0001794675
0,268920,0.00017945316
0,268930,0.00017943881
0,268940,0.00017942446
0,268950,0.00017941011
0,268960,0.00017939576
0,268970,0.00017938143
0,268980,0.00017936708
0,268990,0.00017935273
0,269000,0.0001793384
0,269010,0.00017932407
0,269020,0.00017930973
0,269030,0.00017929538
0,269040,0.00017928105
0,269050,0.00017926672
0,269060,0.00017925238
0,269070,0.00017923806
0,269080,0.00017922373
0,269090,0.0001792094
0,269100,0.00017919508
0,269110,0.00017918074
0,269120,0.00017916643
0,269130,0.0001791521
0,269140,0.00017913777
0,269150,0.00017912345
0,269160,0.00017910913
0,269170,0.00017909482
0,269180,0.0001790805
0,269190,0.00017906618
0,269200,0.00017905187
0,269210,0.00017903755
0,269220,0.00017902325
0,269230,0.00017900893
0,269240,0.00017899463
0,269250,0.0001789803
0,269260,0.000178966
0,269270,0.0001789517
0,269280,0.0001789374
0,269290,0.00017892309
0,269300,0.00017890878
0,269310,0.0001788945
0,269320,0.00017888019
0,269330,0.00017886588
0,269340,0.0001788516
0,269350,0.00017883729
0,269360,0.000178823
0,269370,0.00017880871
0,269380,0.0001787944
0,269390,0.00017878012
0,269400,0.00017876583
0,269410,0.00017875154
0,269420,0.00017873725
0,269430,0.00017872297
0,269440,0.00017870868
0,269450,0.00017869439
0,269460,0.00017868011
0,269470,0.00017866582
0,269480,0.00017865155
0,269490,0.00017863727
0,269500,0.000178623
0,269510,0.00017860872
0,269520,0.00017859445
0,269530,0.00017858017
0,269540,0.0001785659
0,269550,0.00017855162
0,269560,0.00017853735
0,269570,0.00017852309
0,269580,0.00017850881
0,269590,0.00017849455
0,269600,0.00017848027
0,269610,0.00017846601
0,269620,0.00017845175
0,269630,0.00017843749
0,269640,0.00017842323
0,269650,0.00017840897
0,269660,0.00017839471
0,269670,0.00017838045
0,269680,0.0001783662
0,269690,0.00017835194
0,269700,0.0001783377
0,269710,0.00017832343
0,269720,0.00017830919
0,269730,0.00017829494
0,269740,0.00017828068
0,269750,0.00017826643
0,269760,0.00017825219
0,269770,0.00017823794
0,269780,0.00017822371
0,269790,0.00017820946
0,269800,0.00017819522
0,269810,0.00017818098
0,269820,0.00017816674
0,269830,0.0001781525
0,269840,0.00017813826
0,269850,0.00017812403
0,269860,0.0001781098
0,269870,0.00017809556
0,269880,0.00017808133
0,269890,0.0001780671
0,269900,0.00017805287
0,269910,0.00017803864
0,269920,0.00017802442
0,269930,0.00017801019
0,269940,0.00017799597
0,269950,0.00017798174
0,269960,0.00017796752
0,269970,0.0001779533
0,269980,0.00017793909
0,269990,0.00017792487
0,270000,0.00017791065
0,270010,0.00017789644
0,270020,0.00017788222
0,270030,0.000177868
0,270040,0.00017785378
0,270050,0.00017783958
0,270060,0.00017782536
0,270070,0.00017781116
0,270080,0.00017779696
0,270090,0.00017778274
0,270100,0.00017776854
0,270110,0.00017775434
0,270120,0.00017774013
0,270130,0.00017772593
0,270140,0.00017771174
0,270150,0.00017769754
0,270160,0.00017768334
0,270170,0.00017766915
0,270180,0.00017765495
0,270190,0.00017764076
0,270200,0.00017762656
0,270210,0.00017761237
0,270220,0.00017759818
0,270230,0.00017758399
0,270240,0.0001775698
0,270250,0.00017755562
0,270260,0.00017754143
0,270270,0.00017752725
0,270280,0.00017751307
0,270290,0.00017749888
0,270300,0.0001774847
0,270310,0.00017747052
0,270320,0.00017745634
0,270330,0.00017744217
0,270340,0.000177428
0,270350,0.00017741382
0,270360,0.00017739965
0,270370,0.00017738547
0,270380,0.0001773713
0,270390,0.00017735713
0,270400,0.00017734297
0,270410,0.0001773288
0,270420,0.00017731464
0,270430,0.00017730046
0,270440,0.0001772863
0,270450,0.00017727214
0,270460,0.00017725797
0,270470,0.00017724381
0,270480,0.00017722965
0,270490,0.0001772155
0,270500,0.00017720135
0,270510,0.00017718719
0,270520,0.00017717303
0,270530,0.00017715889
0,270540,0.00017714473
0,270550,0.00017713058
0,270560,0.00017711644
0,270570,0.00017710228
0,270580,0.00017708814
0,270590,0.00017707399
0,270600,0.00017705985
0,270610,0.0001770457
0,270620,0.00017703156
0,270630,0.00017701743
0,270640,0.00017700328
0,270650,0.00017698914
0,270660,0.00017697501
0,270670,0.00017696086
0,270680,0.00017694673
0,270690,0.0001769326
0,270700,0.00017691847
0,270710,0.00017690434
0,270720,0.00017689021
0,270730,0.00017687608
0,270740,0.00017686195
0,270750,0.00017684783
0,270760,0.00017683371
0,270770,0.00017681958
0,270780,0.00017680545
0,270790,0.00017679133
0,270800,0.00017677722
0,270810,0.0001767631
0,270820,0.00017674897
0,270830,0.00017673486
0,270840,0.00017672074
0,270850,0.00017670663
0,270860,0.00017669253
0,270870,0.00017667841
0,270880,0.0001766643
0,270890,0.0001766502
0,270900,0.00017663608
0,270910,0.00017662198
0,270920,0.00017660786
0,270930,0.00017659376
0,270940,0.00017657966
0,270950,0.00017656556
0,270960,0.00017655146
0,270970,0.00017653736
0,270980,0.00017652326
0,270990,0.00017650916
0,271000,0.00017649507
0,271010,0.00017648097
0,271020,0.00017646689
0,271030,0.00017645278
0,271040,0.0001764387
0,271050,0.0001764246
0,271060,0.00017641051
0,271070,0.00017639642
0,271080,0.00017638234
0,271090,0.00017636825
0,271100,0.00017635417
0,271110,0.0001763401
0,271120,0.00017632601
0,271130,0.00017631192
0,271140,0.00017629785
0,271150,0.00017628376
0,271160,0.00017626969
0,271170,0.00017625562
0,271180,0.00017624155
0,271190,0.00017622748
0,271200,0.0001762134
0,271210,0.00017619933
0,271220,0.00017618526
0,271230,0.00017617119
0,271240,0.00017615712
0,271250,0.00017614306
0,271260,0.00017612899
0,271270,0.00017611493
0,271280,0.00017610086
0,271290,0.0001760868
0,271300,0.00017607275
0,271310,0.00017605869
0,271320,0.00017604463
0,271330,0.00017603057
0,271340,0.00017601652
0,271350,0.00017600246
0,271360,0.0001759884
0,271370,0.00017597436
0,271380,0.0001759603
0,271390,0.00017594626
0,271400,0.0001759322
0,271410,0.00017591816
0,271420,0.00017590412
0,271430,0.00017589008
0,271440,0.00017587603
0,271450,0.00017586199
0,271460,0.00017584795
0,271470,0.0001758339
0,271480,0.00017581986
0,271490,0.00017580584
0,271500,0.00017579179
0,271510,0.00017577776
0,271520,0.00017576372
0,271530,0.0001757497
0,271540,0.00017573567
0,271550,0.00017572164
0,271560,0.00017570761
0,271570,0.00017569358
0,271580,0.00017567955
0,271590,0.00017566553
0,271600,0.0001756515
0,271610,0.00017563748
0,271620,0.00017562346
0,271630,0.00017560943
0,271640,0.00017559541
0,271650,0.0001755814
0,271660,0.00017556739
0,271670,0.00017555336
0,271680,0.00017553935
0,271690,0.00017552533
0,271700,0.00017551132
0,271710,0.00017549732
0,271720,0.0001754833
0,271730,0.0001754693
0,271740,0.0001754553
0,271750,0.00017544128
0,271760,0.00017542728
0,271770,0.00017541327
0,271780,0.00017539927
0,271790,0.00017538527
0,271800,0.00017537127
0,271810,0.00017535727
0,271820,0.00017534327
0,271830,0.00017532927
0,271840,0.00017531528
0,271850,0.00017530129
0,271860,0.00017528729
0,271870,0.0001752733
0,271880,0.00017525931
0,271890,0.00017524532
0,271900,0.00017523133
0,271910,0.00017521734
0,271920,0.00017520336
0,271930,0.00017518937
0,271940,0.00017517539
0,271950,0.0001751614
0,271960,0.00017514742
0,271970,0.00017513345
0,271980,0.00017511946
0,271990,0.0001751055
0,272000,0.00017509151
0,272010,0.00017507754
0,272020,0.00017506357
0,272030,0.00017504959
0,272040,0.00017503562
0,272050,0.00017502165
0,272060,0.00017500768
0,272070,0.00017499371
0,272080,0.00017497974
0,272090,0.00017496578
0,272100,0.00017495181
0,272110,0.00017493786
0,272120,0.00017492389
0,272130,0.00017490993
0,272140,0.00017489596
0,272150,0.000174882
0,272160,0.00017486805
0,272170,0.0001748541
0,272180,0.00017484014
0,272190,0.00017482619
0,272200,0.00017481223
0,272210,0.00017479828
0,272220,0.00017478433
0,272230,0.00017477038
0,272240,0.00017475644
0,272250,0.00017474248
0,272260,0.00017472854
0,272270,0.0001747146
0,272280,0.00017470066
0,272290,0.00017468672
0,272300,0.00017467276
0,272310,0.00017465884
0,272320,0.0001746449
0,272330,0.00017463096
0,272340,0.00017461702
0,272350,0.00017460309
0,272360,0.00017458915
0,272370,0.00017457522
0,272380,0.00017456128
0,272390,0.00017454736
0,272400,0.00017453343
0,272410,0.0001745195
0,272420,0.00017450558
0,272430,0.00017449165
0,272440,0.00017447773
0,272450,0.0001744638
0,272460,0.00017444987
0,272470,0.00017443596
0,272480,0.00017442204
0,272490,0.00017440812
0,272500,0.0001743942
0,272510,0.00017438029
0,272520,0.00017436637
0,272530,0.00017435246
0,272540,0.00017433855
0,272550,0.00017432464
0,272560,0.00017431073
0,272570,0.00017429682
0,272580,0.0001742829
0,272590,0.00017426901
0,272600,0.0001742551
0,272610,0.0001742412
0,272620,0.00017422729
0,272630,0.00017421339
0,272640,0.0001741995
0,272650,0.00017418558
0,272660,0.00017417168
0,272670,0.00017415779
0,272680,0.00017414389
0,272690,0.00017413001
0,272700,0.00017411611
0,272710,0.00017410221
0,272720,0.00017408833
0,272730,0.00017407443
0,272740,0.00017406055
0,272750,0.00017404665
0,272760,0.00017403277
0,272770,0.00017401889
0,272780,0.000174005
0,272790,0.00017399112
0,272800,0.00017397724
0,272810,0.00017396336
0,272820,0.00017394948
0,272830,0.0001739356
0,272840,0.00017392173
0,272850,0.00017390784
0,272860,0.00017389398
0,272870,0.0001738801
0,272880,0.00017386622
0,272890,0.00017385236
0,272900,0.00017383849
0,272910,0.00017382462
0,272920,0.00017381075
0,272930,0.00017379689
0,272940,0.00017378302
0,272950,0.00017376915
0,272960,0.00017375528
0,272970,0.00017374143
0,272980,0.00017372756
0,272990,0.0001737137
0,273000,0.00017369985
0,273010,0.00017368598
0,273020,0.00017367213
0,273030,0.00017365828
0,273040,0.00017364442
0,273050,0.00017363057
0,273060,0.00017361672
0,273070,0.00017360288
0,273080,0.00017358903
0,273090,0.00017357517
0,273100,0.00017356133
0,273110,0.00017354748
0,273120,0.00017353364
0,273130,0.0001735198
0,273140,0.00017350596
0,273150,0.00017349211
0,273160,0.00017347827
0,273170,0.00017346443
0,273180,0.00017345061
0,273190,0.00017343677
0,273200,0.00017342293
0,273210,0.00017340909
0,273220,0.00017339527
0,273230,0.00017338143
0,273240,0.0001733676
0,273250,0.00017335378
0,273260,0.00017333994
0,273270,0.00017332612
0,273280,0.00017331229
0,273290,0.00017329847
0,273300,0.00017328464
0,273310,0.00017327082
0,273320,0.00017325701
0,273330,0.00017324318
0,273340,0.00017322936
0,273350,0.00017321555
0,273360,0.00017320173
0,273370,0.00017318792
0,273380,0.0001731741
0,273390,0.0001731603
0,273400,0.00017314649
0,273410,0.00017313266
0,273420,0.00017311887
0,273430,0.00017310506
0,273440,0.00017309125
0,273450,0.00017307744
0,273460,0.00017306364
0,273470,0.00017304983
0,273480,0.00017303604
0,273490,0.00017302223
0,273500,0.00017300843
0,273510,0.00017299464
0,273520,0.00017298083
0,273530,0.00017296703
0,273540,0.00017295324
0,273550,0.00017293944
0,273560,0.00017292566
0,273570,0.00017291187
0,273580,0.00017289807
0,273590,0.00017288429
0,273600,0.0001728705
0,273610,0.00017285671
0,273620,0.00017284292
0,273630,0.00017282914
0,273640,0.00017281536
0,273650,0.00017280158
0,273660,0.0001727878
0,273670,0.00017277402
0,273680,0.00017276024
0,273690,0.00017274646
0,273700,0.00017273269
0,273710,0.00017271891
0,273720,0.00017270513
0,273730,0.00017269136
0,273740,0.0001726776
0,273750,0.00017266381
0,273760,0.00017265005
0,273770,0.00017263628
0,273780,0.00017262252
0,273790,0.00017260875
0,273800,0.00017259498
0,273810,0.00017258122
0,273820,0.00017256745
0,273830,0.0001725537
0,273840,0.00017253993
0,273850,0.00017252618
0,273860,0.00017251242
0,273870,0.00017249867
0,273880,0.00017248491
0,273890,0.00017247115
0,273900,0.0001724574
0,273910,0.00017244364
0,273920,0.00017242989
0,273930,0.00017241614
0,273940,0.0001724024
0,273950,0.00017238865
0,273960,0.0001723749
0,273970,0.00017236116
0,273980,0.00017234741
0,273990,0.00017233368
0,274000,0.00017231994
0,274010,0.00017230619
0,274020,0.00017229245
0,274030,0.00017227871
0,274040,0.00017226498
0,274050,0.00017225124
0,274060,0.00017223752
0,274070,0.00017222378
0,274080,0.00017221004
0,274090,0.00017219632
0,274100,0.00017218258
0,274110,0.00017216886
0,274120,0.00017215512
0,274130,0.0001721414
0,274140,0.00017212768
0,274150,0.00017211396
0,274160,0.00017210023
0,274170,0.00017208651
0,274180,0.00017207279
0,274190,0.00017205907
0,274200,0.00017204534
0,274210,0.00017203164
0,274220,0.00017201791
0,274230,0.0001720042
0,274240,0.00017199048
0,274250,0.00017197678
0,274260,0.00017196307
0,274270,0.00017194936
0,274280,0.00017193565
0,274290,0.00017192194
0,274300,0.00017190824
0,274310,0.00017189453
0,274320,0.00017188082
0,274330,0.00017186711
0,274340,0.00017185342
0,274350,0.00017183971
0,274360,0.00017182602
0,274370,0.00017181232
0,274380,0.00017179862
0,274390,0.00017178492
0,274400,0.00017177123
0,274410,0.00017175754
0,274420,0.00017174384
0,274430,0.00017173015
0,274440,0.00017171646
0,274450,0.00017170278
0,274460,0.00017168908
0,274470,0.00017167539
0,274480,0.00017166171
0,274490,0.00017164802
0,274500,0.00017163434
0,274510,0.00017162066
0,274520,0.00017160698
0,274530,0.0001715933
0,274540,0.00017157962
0,274550,0.00017156595
0,274560,0.00017155227
0,274570,0.00017153859
0,274580,0.00017152491
0,274590,0.00017151124
0,274600,0.00017149757
0,274610,0.0001714839
0,274620,0.00017147022
0,274630,0.00017145656
0,274640,0.0001714429
0,274650,0.00017142923
0,274660,0.00017141557
0,274670,0.0001714019
0,274680,0.00017138824
0,274690,0.00017137457
0,274700,0.00017136091
0,274710,0.00017134726
0,274720,0.0001713336
0,274730,0.00017131995
0,274740,0.00017130628
0,274750,0.00017129263
0,274760,0.00017127898
0,274770,0.00017126532
0,274780,0.00017125167
0,274790,0.00017123802
0,274800,0.00017122437
0,274810,0.00017121072
0,274820,0.00017119708
0,274830,0.00017118343
0,274840,0.00017116978
0,274850,0.00017115615
0,274860,0.0001711425
0,274870,0.00017112886
0,274880,0.00017111523
0,274890,0.00017110158
0,274900,0.00017108794
0,274910,0.00017107431
0,274920,0.00017106067
0,274930,0.00017104704
0,274940,0.0001710334
0,274950,0.00017101978
0,274960,0.00017100615
0,274970,0.00017099251
0,274980,0.00017097889
0,274990,0.00017096526
0,275000,0.00017095164
0,275010,0.00017093802
0,275020,0.0001709244
0,275030,0.00017091076
0,275040,0.00017089714
0,275050,0.00017088352
0,275060,0.00017086991
0,275070,0.00017085629
0,275080,0.00017084267
0,275090,0.00017082905
0,275100,0.00017081545
0,275110,0.00017080182
0,275120,0.00017078822
0,275130,0.0001707746
0,275140,0.00017076099
0,275150,0.00017074739
0,275160,0.00017073378
0,275170,0.00017072017
0,275180,0.00017070657
0,275190,0.00017069296
0,275200,0.00017067936
0,275210,0.00017066576
0,275220,0.00017065216
0,275230,0.00017063855
0,275240,0.00017062496
0,275250,0.00017061137
0,275260,0.00017059776
0,275270,0.00017058417
0,275280,0.00017057058
0,275290,0.00017055699
0,275300,0.0001705434
0,275310,0.0001705298
0,275320,0.00017051621
0,275330,0.00017050262
0,275340,0.00017048905
0,275350,0.00017047545
0,275360,0.00017046186
0,275370,0.00017044829
0,275380,0.00017043471
0,275390,0.00017042112
0,275400,0.00017040754
0,275410,0.00017039396
0,275420,0.00017038039
0,275430,0.00017036681
0,275440,0.00017035323
0,275450,0.00017033966
0,275460,0.00017032608
0,275470,0.00017031252
0,275480,0.00017029894
0,275490,0.00017028538
0,275500,0.0001702718
0,275510,0.00017025824
0,275520,0.00017024468
0,275530,0.0001702311
0,275540,0.00017021754
0,275550,0.00017020397
0,275560,0.00017019041
0,275570,0.00017017685
0,275580,0.0001701633
0,275590,0.00017014974
0,275600,0.00017013618
0,275610,0.00017012263
0,275620,0.00017010907
0,275630,0.00017009552
0,275640,0.00017008197
0,275650,0.00017006841
0,275660,0.00017005486
0,275670,0.00017004131
0,275680,0.00017002776
0,275690,0.00017001422
0,275700,0.00017000067
0,275710,0.00016998712
0,275720,0.00016997359
0,275730,0.00016996004
0,275740,0.0001699465
0,275750,0.00016993296
0,275760,0.00016991943
0,275770,0.00016990588
0,275780,0.00016989234
0,275790,0.00016987881
0,275800,0.00016986528
0,275810,0.00016985174
0,275820,0.00016983821
0,275830,0.00016982468
0,275840,0.00016981114
0,275850,0.00016979763
0,275860,0.00016978409
0,275870,0.00016977057
0,275880,0.00016975704
0,275890,0.00016974352
0,275900,0.00016972999
0,275910,0.00016971647
0,275920,0.00016970295
0,275930,0.00016968943
0,275940,0.00016967591
0,275950,0.0001696624
0,275960,0.00016964888
0,275970,0.00016963537
0,275980,0.00016962185
0,275990,0.00016960833
0,276000,0.00016959483
0,276010,0.00016958131
0,276020,0.00016956781
0,276030,0.0001695543
0,276040,0.0001695408
0,276050,0.00016952728
0,276060,0.00016951378
0,276070,0.00016950027
0,276080,0.00016948678
0,276090,0.00016947328
0,276100,0.00016945977
0,276110,0.00016944627
0,276120,0.00016943278
0,276130,0.00016941928
0,276140,0.00016940579
0,276150,0.00016939228
0,276160,0.00016937879
0,276170,0.0001693653
0,276180,0.00016935181
0,276190,0.00016933832
0,276200,0.00016932483
0,276210,0.00016931134
0,276220,0.00016929785
0,276230,0.00016928438
0,276240,0.00016927089
0,276250,0.0001692574
0,276260,0.00016924393
0,276270,0.00016923044
0,276280,0.00016921696
0,276290,0.00016920349
0,276300,0.00016919001
0,276310,0.00016917654
0,276320,0.00016916306
0,276330,0.00016914959
0,276340,0.00016913611
0,276350,0.00016912264
0,276360,0.00016910916
0,276370,0.0001690957
0,276380,0.00016908222
0,276390,0.00016906876
0,276400,0.00016905529
0,276410,0.00016904183
0,276420,0.00016902837
0,276430,0.0001690149
0,276440,0.00016900143
0,276450,0.00016898797
0,276460,0.00016897451
0,276470,0.00016896107
0,276480,0.0001689476
0,276490,0.00016893414
0,276500,0.00016892068
0,276510,0.00016890724
0,276520,0.00016889378
0,276530,0.00016888033
0,276540,0.00016886689
0,276550,0.00016885344
0,276560,0.00016883998
0,276570,0.00016882653
0,276580,0.00016881309
0,276590,0.00016879964
0,276600,0.00016878621
0,276610,0.00016877276
0,276620,0.00016875932
0,276630,0.00016874587
0,276640,0.00016873244
0,276650,0.000168719
0,276660,0.00016870556
0,276670,0.00016869213
0,276680,0.0001686787
0,276690,0.00016866525
0,276700,0.00016865182
0,276710,0.00016863839
0,276720,0.00016862496
0,276730,0.00016861154
0,276740,0.00016859811
0,276750,0.00016858468
0,276760,0.00016857126
0,276770,0.00016855783
0,276780,0.00016854441
0,276790,0.00016853098
0,276800,0.00016851757
0,276810,0.00016850415
0,276820,0.00016849073
0,276830,0.00016847732
0,276840,0.0001684639
0,276850,0.00016845048
0,276860,0.00016843707
0,276870,0.00016842365
0,276880,0.00016841023
0,276890,0.00016839683
0,276900,0.00016838341
0,276910,0.00016837001
0,276920,0.0001683566
0,276930,0.00016834319
0,276940,0.00016832979
0,276950,0.00016831639
0,276960,0.00016830298
0,276970,0.00016828958
0,276980,0.00016827618
0,276990,0.00016826278
0,277000,0.00016824937
0,277010,0.00016823599
0,277020,0.00016822258
0,277030,0.0001682092
0,277040,0.0001681958
0,277050,0.0001681824
0,277060,0.000168169
0,277070,0.00016815562
0,277080,0.00016814223
0,277090,0.00016812884
0,277100,0.00016811545
0,277110,0.00016810207
0,277120,0.00016808868
0,277130,0.0001680753
0,277140,0.00016806192
0,277150,0.00016804853
0,277160,0.00016803516
0,277170,0.00016802177
0,277180,0.0001680084
0,277190,0.00016799502
0,277200,0.00016798165
0,277210,0.00016796826
0,277220,0.00016795489
0,277230,0.00016794151
0,277240,0.00016792814
0,277250,0.00016791478
0,277260,0.00016790141
0,277270,0.00016788804
0,277280,0.00016787468
0,277290,0.0001678613
0,277300,0.00016784795
0,277310,0.00016783457
0,277320,0.00016782121
0,277330,0.00016780786
0,277340,0.0001677945
0,277350,0.00016778114
0,277360,0.00016776778
0,277370,0.00016775442
0,277380,0.00016774106
0,277390,0.0001677277
0,277400,0.00016771436
0,277410,0.000167701
0,277420,0.00016768764
0,277430,0.0001676743
0,277440,0.00016766095
0,277450,0.0001676476
0,277460,0.00016763425
0,277470,0.0001676209
0,277480,0.00016760756
0,277490,0.00016759422
0,277500,0.00016758087
0,277510,0.00016756753
0,277520,0.0001675542
0,277530,0.00016754086
0,277540,0.00016752751
0,277550,0.00016751418
0,277560,0.00016750084
0,277570,0.00016748751
0,277580,0.00016747418
0,277590,0.00016746085
0,277600,0.0001674475
0,277610,0.00016743418
0,277620,0.00016742085
0,277630,0.00016740752
0,277640,0.0001673942
0,277650,0.00016738087
0,277660,0.00016736754
0,277670,0.00016735423
0,277680,0.0001673409
0,277690,0.00016732758
0,277700,0.00016731425
0,277710,0.00016730094
0,277720,0.00016728762
0,277730,0.00016727431
0,277740,0.000167261
0,277750,0.00016724768
0,277760,0.00016723436
0,277770,0.00016722105
0,277780,0.00016720773
0,277790,0.00016719442
0,277800,0.00016718112
0,277810,0.0001671678
0,277820,0.0001671545
0,277830,0.0001671412
0,277840,0.00016712789
0,277850,0.00016711459
0,277860,0.00016710129
0,277870,0.00016708799
0,277880,0.00016707469
0,277890,0.00016706139
0,277900,0.00016704809
0,277910,0.00016703478
0,277920,0.0001670215
0,277930,0.0001670082
0,277940,0.00016699491
0,277950,0.00016698161
0,277960,0.00016696833
0,277970,0.00016695503
0,277980,0.00016694174
0,277990,0.00016692845
0,278000,0.00016691517
0,278010,0.00016690188
0,278020,0.0001668886
0,278030,0.00016687531
0,278040,0.00016686202
0,278050,0.00016684875
0,278060,0.00016683547
0,278070,0.0001668222
0,278080,0.00016680891
0,278090,0.00016679564
0,278100,0.00016678237
0,278110,0.00016676908
0,278120,0.00016675581
0,278130,0.00016674254
0,278140,0.00016672927
0,278150,0.000166716
0,278160,0.00016670272
0,278170,0.00016668947
0,278180,0.0001666762
0,278190,0.00016666293
0,278200,0.00016664967
0,278210,0.0001666364
0,278220,0.00016662314
0,278230,0.00016660987
0,278240,0.00016659661
0,278250,0.00016658336
0,278260,0.0001665701
0,278270,0.00016655684
0,278280,0.00016654358
0,278290,0.00016653033
0,278300,0.00016651707
0,278310,0.00016650383
0,278320,0.00016649057
0,278330,0.00016647733
0,278340,0.00016646407
0,278350,0.00016645083
0,278360,0.00016643757
0,278370,0.00016642433
0,278380,0.00016641109
0,278390,0.00016639785
0,278400,0.0001663846
0,278410,0.00016637136
0,278420,0.00016635812
0,278430,0.00016634488
0,278440,0.00016633165
0,278450,0.00016631841
0,278460,0.00016630517
0,278470,0.00016629194
0,278480,0.0001662787
0,278490,0.00016626547
0,278500,0.00016625224
0,278510,0.00016623901
0,278520,0.00016622579
0,278530,0.00016621256
0,278540,0.00016619933
0,278550,0.0001661861
0,278560,0.00016617287
0,278570,0.00016615965
0,278580,0.00016614642
0,278590,0.0001661332
0,278600,0.00016611998
0,278610,0.00016610677
0,278620,0.00016609355
0,278630,0.00016608032
0,278640,0.00016606711
0,278650,0.0001660539
0,278660,0.00016604069
0,278670,0.00016602747
0,278680,0.00016601426
0,278690,0.00016600105
0,278700,0.00016598785
0,278710,0.00016597463
0,278720,0.00016596142
0,278730,0.00016594822
0,278740,0.00016593501
0,278750,0.00016592181
0,278760,0.00016590861
0,278770,0.00016589541
0,278780,0.0001658822
0,278790,0.000165869
0,278800,0.0001658558
0,278810,0.0001658426
0,278820,0.00016582942
0,278830,0.00016581622
0,278840,0.00016580302
0,278850,0.00016578984
0,278860,0.00016577664
0,278870,0.00016576346
0,278880,0.00016575026
0,278890,0.00016573707
0,278900,0.00016572389
0,278910,0.0001657107
0,278920,0.00016569751
0,278930,0.00016568432
0,278940,0.00016567115
0,278950,0.00016565797
0,278960,0.00016564479
0,278970,0.0001656316
0,278980,0.00016561843
0,278990,0.00016560525
0,279000,0.00016559208
0,279010,0.0001655789
0,279020,0.00016556573
0,279030,0.00016555256
0,279040,0.00016553937
0,279050,0.0001655262
0,279060,0.00016551303
0,279070,0.00016549986
0,279080,0.00016548671
0,279090,0.00016547354
0,279100,0.00016546037
0,279110,0.0001654472
0,279120,0.00016543404
0,279130,0.00016542088
0,279140,0.00016540772
0,279150,0.00016539457
0,279160,0.0001653814
0,279170,0.00016536824
0,279180,0.00016535509
0,279190,0.00016534193
0,279200,0.00016532878
0,279210,0.00016531562
0,279220,0.00016530247
0,279230,0.00016528933
0,279240,0.00016527617
0,279250,0.00016526302
0,279260,0.00016524988
0,279270,0.00016523672
0,279280,0.00016522358
0,279290,0.00016521044
0,279300,0.0001651973
0,279310,0.00016518416
0,279320,0.000165171
0,279330,0.00016515786
0,279340,0.00016514474
0,279350,0.0001651316
0,279360,0.00016511846
